0
1
2
3
10
11
12
13
14
15
26
27
28
29
30
31
36
37
38
39
40
41
62
63
64
65
66
67
72
73
74
75
36086
76
77
36088
100
101
36090
102
103
36092
104
105
36094
110
111
36096
112
113
36098
114
115
36100
152
153
36102
154
155
36104
156
157
36106
162
163
36108
164
165
36110
166
167
36112
208
209
36114
210
211
36116
212
213
36118
218
219
36120
220
221
36122
222
223
36124
258
259
36126
260
261
36128
262
263
36130
268
269
36132
270
271
36134
272
273
36136
324
325
36138
326
327
36140
328
329
36142
334
335
36144
336
337
36146
338
339
36148
374
375
36150
376
377
36152
378
379
36154
384
385
36156
386
387
36158
388
389
36160
442
443
36162
444
445
36164
446
447
36166
452
453
36168
454
455
36170
456
457
36172
492
493
36174
494
495
36176
496
497
36178
502
503
36180
504
505
36182
506
507
36184
564
565
36186
566
567
36188
568
569
36190
574
575
36192
576
577
36194
578
579
36196
614
615
36198
616
617
36200
618
619
36202
624
625
36204
626
627
36206
628
629
36208
690
691
36210
692
693
36212
694
695
36214
700
701
36216
702
703
36218
704
705
36220
740
741
36222
742
743
36224
744
745
36226
750
751
36228
752
753
36230
754
755
36232
810
811
36234
812
813
36236
814
815
36238
820
821
36240
822
823
36242
824
825
36244
860
861
36246
862
863
36248
864
865
36250
870
871
36252
872
873
36254
874
875
36256
956
957
36258
958
959
36260
960
961
36262
966
967
36264
968
969
36266
970
971
36268
1006
1007
36270
1008
1009
36272
1010
1011
36274
1016
1017
36276
1018
1019
36278
1020
1021
36280
1076
1077
36282
1078
1079
36284
1080
1081
36286
1086
1087
36288
1088
1089
36290
1090
1091
36292
4
5
20
21
6
7
16
17
8
9
24073
24074
24076
32
33
42
43
50
51
68
69
18
19
24078
24079
24080
24081
78
79
106
107
56
57
116
117
34
35
24086
24087
24088
24089
158
159
136
137
168
169
36294
214
215
44
45
24091
24092
24093
24094
224
225
36296
264
265
36298
274
275
94
95
70
71
24104
24105
24106
24107
330
331
36300
340
341
36302
380
381
146
147
80
36087
36089
81
24109
24110
24111
24112
22
23
36304
46
47
36306
82
83
108
36091
36093
36095
109
24123
24124
24125
24126
120
121
202
203
36308
172
173
36310
228
229
118
36097
36099
36101
119
24128
24129
24130
24131
390
391
36312
278
279
36314
344
345
160
36103
36105
36107
161
24149
24150
24151
24152
142
143
394
395
36316
52
53
36318
86
87
170
36109
36111
36113
36320
36295
171
24154
24155
24156
24157
124
125
36322
176
177
144
145
36324
232
233
216
36115
36117
36119
217
24177
24178
24179
24180
448
449
36326
282
283
36328
458
459
226
36121
36123
36125
36330
36297
227
24182
24183
24184
24185
192
193
462
463
36332
348
349
36334
398
399
266
36127
36129
36131
36336
36299
267
24202
24203
24204
24205
466
467
194
195
58
59
36338
90
91
36340
128
129
36342
36344
498
499
276
36133
36135
36137
277
24207
24208
24209
24210
180
181
508
509
36346
236
237
36348
36350
512
513
196
197
36352
516
517
332
36139
36141
36143
36354
36301
333
24235
24236
24237
24238
286
287
352
353
402
403
470
471
520
521
36356
36358
36360
36362
96
97
342
36145
36147
36149
36364
36303
343
24240
24241
24242
24243
132
133
248
249
36366
570
571
36368
36370
580
581
382
36151
36153
36155
383
24260
24261
24262
24263
584
585
36372
588
589
592
593
250
251
36374
36376
184
185
392
36157
36159
36378
36380
36382
36384
36386
36388
36390
36392
36394
36396
36161
393
24265
24266
24267
24268
240
241
36398
290
291
36400
356
357
450
36163
36165
36167
451
24294
24295
24296
24297
620
621
252
253
36402
630
631
36404
406
407
460
36169
36171
36173
461
24299
24300
24301
24302
634
635
36406
638
639
298
299
642
643
36408
36410
474
475
500
36175
36177
36179
501
24319
24320
24321
24322
524
525
36412
596
597
36414
646
647
510
36181
36183
36416
36418
36420
36422
36424
36426
36185
511
24324
24325
24326
24327
300
301
36428
36430
138
139
696
697
572
36187
36189
36191
36432
36371
573
24355
24356
24357
24358
706
707
36434
36436
188
189
302
303
582
36193
36195
36197
583
24360
24361
24362
24363
710
711
714
715
718
719
36438
722
723
622
36199
36201
36440
36442
36444
36446
36448
36203
623
24380
24381
24382
24383
364
365
36450
244
245
36452
294
295
632
36205
36207
36209
633
24385
24386
24387
24388
746
747
366
367
756
757
36454
360
361
698
36211
36213
36215
699
24418
24419
24420
24421
760
761
36456
764
765
368
369
708
36217
36219
36458
36460
36462
36464
36466
36468
36221
36437
709
24423
24424
24425
24426
768
769
36470
772
773
36472
36474
36476
410
411
748
36223
36225
36227
749
24443
24444
24445
24446
36478
478
479
414
415
816
817
758
36229
36231
36233
759
24448
24449
24450
24451
36480
528
529
826
827
416
417
818
36235
36237
36239
819
24478
24479
24480
24481
830
831
36482
834
835
838
839
36484
842
843
828
36241
36243
36486
36488
36490
36492
36494
36496
36245
829
24483
24484
24485
24486
36498
36500
600
601
418
419
36502
650
651
24
36305
25
24084
866
867
36504
726
727
482
483
868
36247
36249
36251
869
24503
24504
24505
24506
876
877
36506
880
881
884
885
878
36253
36255
36257
879
24508
24509
24510
24511
484
485
888
889
892
893
36508
36510
36512
36514
776
777
48
36307
49
24096
36516
846
847
486
487
36518
896
897
84
36351
85
24114
36520
148
149
36522
198
199
122
36309
123
24133
532
533
962
963
36524
254
255
964
36259
36261
36526
36528
36530
36532
36534
36536
36538
36540
36542
36544
36546
36548
36550
36263
965
24551
24552
24553
24554
534
535
972
973
36552
976
977
974
36265
36267
36554
36556
36558
36560
36562
36564
36566
36568
36269
975
24556
24557
24558
24559
980
981
984
985
36570
988
989
536
537
36572
36574
36576
992
993
174
36311
175
24159
36578
304
305
230
36313
231
24187
36580
370
371
604
605
1012
1013
280
36582
36315
281
24212
1022
1023
36584
36586
36588
36590
420
421
606
607
1026
1027
1014
36271
36273
36275
1015
24576
24577
24578
24579
1030
1031
1034
1035
1038
1039
1024
36277
36279
36281
1025
24581
24582
24583
24584
36592
1042
1043
608
609
36594
488
489
346
36397
36331
347
24245
36596
538
539
654
655
1082
1083
396
36395
36427
36598
36317
397
24270
1092
1093
36600
610
611
1084
36283
36285
36602
36604
36606
36608
36610
36612
36614
36616
36618
36287
1085
24611
24612
24613
24614
1096
1097
656
657
36620
1100
1101
1104
1105
36622
1108
1109
1094
36289
36291
36293
1095
24616
24617
24618
24619
36624
1112
1113
658
659
36626
660
661
464
36423
36425
36628
36333
465
24304
736
737
36630
786
787
514
36421
36449
36632
36353
515
24329
1126
1127
1132
1133
36634
36636
856
857
586
36445
36447
36638
36373
587
24365
906
907
36640
1002
1003
636
36642
36644
36646
36467
36648
36469
36650
36435
637
24390
1142
1143
1146
1147
712
36652
36465
36654
36497
36656
36591
713
24428
1150
1151
1154
1155
36658
36660
1158
1159
36662
36664
1162
1163
762
36666
36493
36668
36495
36670
36589
763
24453
36672
36674
1128
1129
1052
1053
832
36676
36491
36678
36569
36680
36587
833
24488
1122
1123
36682
1172
1173
882
36684
36565
36686
36567
36688
36585
883
24513
204
36690
36393
205
36692
308
309
978
36694
36563
36696
36577
979
24561
424
425
1028
1029
24586
542
543
36698
36700
36702
36704
36706
36708
36710
1130
1131
36712
1206
1207
1098
1099
24621
36714
664
665
36716
790
791
54
36559
36561
36319
55
24099
36718
910
911
88
36557
36321
89
24085
24116
1216
1217
126
36551
36323
127
24097
24135
1220
1221
36720
1224
1225
178
36325
179
24115
24161
1228
1229
1232
1233
234
36722
36327
235
24134
24189
36724
36726
1236
1237
284
36728
36329
285
24160
24214
36730
36732
36734
36736
36738
36740
36742
36744
36746
1136
1137
1056
1057
1134
1135
24636
24637
24638
24639
36748
1246
1247
36750
1176
1177
350
36335
351
24188
24247
400
36337
401
24213
24272
468
36345
469
24246
24306
518
36355
519
24271
24331
590
36377
591
24305
24367
640
36411
641
24330
24392
1138
1139
716
36515
717
24366
24430
766
36477
767
24391
24455
836
36501
837
24429
24490
886
36513
887
24454
24515
982
36575
983
24489
24563
1032
1033
24514
24588
1102
36637
1103
24562
24623
60
36547
36549
36339
61
24077
24082
24100
24102
1256
1257
1140
1141
92
36543
36545
36341
93
24090
24095
24117
24118
130
36539
36541
36343
131
24108
24113
24136
24137
182
36537
36347
183
24127
24132
24162
24163
238
36349
239
24153
24158
24190
24191
1200
1201
1144
36665
1145
24641
24642
24643
24644
1148
36657
1149
24646
1152
36661
1153
24587
24648
288
36745
36747
36369
289
24181
24186
24215
24216
354
36619
36711
36363
355
24206
24211
24248
24249
1202
1203
404
36615
36617
36361
405
24239
24244
24273
24274
472
36613
36709
36359
473
24264
24269
24307
24308
522
36679
36707
36357
523
24298
24303
24332
24333
594
36649
36677
36375
595
24323
24328
24368
24369
1204
1205
644
36647
36655
36409
645
24359
24364
24393
24394
720
36653
36669
36475
721
24384
24389
24431
24432
770
36667
36675
36471
771
24422
24427
24456
24457
840
36673
36687
36485
841
24447
24452
24491
24492
1210
1211
1266
1267
36752
1270
36743
1271
1274
36741
1275
1278
36739
1279
36754
36756
1282
36737
1283
36758
36760
1286
36735
1287
1208
1209
24673
24674
24675
24676
890
36685
36695
36511
891
24482
24487
24516
24517
986
36691
36705
36571
987
24507
24512
24564
24565
1036
36701
36703
36635
1037
24555
24560
24589
24590
1212
1213
1106
36699
36733
36623
1107
24580
24585
24624
24625
1156
36731
36659
1157
24615
24620
24649
24650
98
36365
99
24121
36762
1296
1297
36764
1300
1301
134
36367
135
24139
186
36405
187
24165
242
36399
243
24193
36766
36768
36770
36772
36774
36776
36778
36780
36782
36784
36786
36788
1214
1215
292
36401
293
24218
358
36403
359
24251
408
36407
409
24276
476
36431
477
24310
526
36413
527
24335
598
36415
599
24371
648
36429
649
24396
724
36451
725
24434
36790
36792
36794
36796
36798
36800
36802
36804
36806
36808
36810
36812
36814
1250
1251
1218
1219
24678
24679
24680
24681
1222
1223
24683
1226
36727
1227
24622
24685
1230
36725
1231
24640
24645
24686
24687
774
36473
775
24459
844
36499
845
24494
1252
1253
894
36509
895
24519
990
36573
991
24567
1040
36601
1041
24592
1110
36625
1111
24627
1160
36663
1161
24652
1234
36723
1235
24689
140
36433
141
24103
24142
1254
1255
190
36439
36787
36789
191
24119
24122
24167
246
36453
36783
36785
247
24138
24140
24195
296
36455
297
24164
24166
24220
362
36457
36815
363
24192
24194
24253
412
36479
36811
36813
413
24217
24219
24278
480
36481
36807
36809
481
24250
24252
24312
530
36483
36803
36805
531
24275
24277
24337
36816
602
36503
36799
36801
603
24309
24311
24373
36818
36820
36822
36824
36826
36828
1260
1261
1326
36781
1327
1258
1259
24698
24699
24700
24701
652
36505
36795
36797
653
24334
24336
24398
728
36507
36791
36793
729
24370
24372
24436
778
36517
779
24395
24397
24461
1336
1337
1340
36779
1341
1344
36777
1345
1348
36775
1349
36830
1352
36773
1353
36832
1356
36771
1357
848
36834
36519
849
24433
24435
24496
898
36521
899
24458
24460
24521
36836
36838
1262
1263
1366
36769
1367
994
36840
36579
995
24493
24495
24569
1044
36595
1045
24518
24520
24594
1114
36627
1115
24566
24568
24629
1376
1377
1164
36842
36671
1165
24591
24593
24654
1238
36729
1239
24626
24628
24691
200
36525
36387
36389
36391
201
24168
24169
24170
24171
24172
1386
1387
1390
1391
36844
1394
1395
36846
1398
1399
36848
1402
1403
36850
36852
1406
1407
256
36854
36553
36383
36385
36419
257
24196
24197
24198
24199
24200
1264
1265
306
36581
36417
36441
36443
307
24221
24222
24223
24224
24225
372
36583
36459
36461
36463
373
24254
24255
24256
24257
24258
422
36593
36487
36489
36535
423
24279
24280
24281
24282
24283
490
36597
36529
36531
36533
491
24313
24314
24315
24316
24317
1416
1417
36856
1420
36767
1421
540
36858
36599
36527
36555
36611
541
24338
24339
24340
24341
24342
612
36621
36605
36607
36609
613
24374
24375
24376
24377
24378
662
36629
36603
36643
36645
663
24399
24400
24401
24402
24403
1320
1321
1268
1269
24703
24704
24705
24706
1272
36829
36761
1273
24708
1276
36825
36827
36757
1277
24647
24710
1280
36823
36755
1281
24677
24682
24711
24712
1284
36819
36821
36759
1285
24714
1288
36763
1289
24651
24653
24716
1322
1323
150
36817
36523
36379
36381
151
24143
24144
24145
24147
206
36693
207
24175
310
36697
311
24227
426
36715
427
24285
1498
1499
544
36713
545
24344
666
36717
667
24405
36860
36862
1324
1325
36864
36866
36868
36870
36872
36874
36876
36878
36880
36882
36884
36886
36888
1330
1331
1508
1509
1512
1513
36890
1516
1517
36892
1520
1521
36894
1524
1525
36896
36898
1528
1529
1328
1329
24733
24734
24735
24736
1332
1333
1334
1335
1370
1371
36900
1538
1539
1338
1339
24738
24739
24740
24741
1342
1343
24743
1346
1347
24684
24745
1350
1351
24702
24707
24746
24747
1354
36833
1355
24749
1358
36835
1359
24688
24690
24751
1372
1373
1374
1375
1380
1381
1548
1549
1378
36843
1379
24758
24759
24760
24761
1382
1383
1384
1385
1492
1493
1558
1559
1562
1563
1566
1567
1570
1571
36902
1574
1575
36904
1578
1579
1388
36906
36853
1389
24763
24764
24765
24766
1392
36845
1393
24768
1396
36847
1397
24709
24770
1400
36849
1401
24737
24742
24771
24772
1404
36851
1405
24774
1408
36855
1409
24713
24715
24776
1494
1495
1496
1497
1502
1503
1588
1589
36908
1592
1593
1500
1501
24819
24820
24821
24822
1504
1505
1506
1507
1542
1543
1618
1619
1510
36910
36899
1511
24824
24825
24826
24827
1514
36891
1515
24829
1518
36893
1519
24744
24831
1522
36895
1523
24762
24767
24832
24833
1526
36897
1527
24835
1530
36901
1531
24748
24750
24837
1544
1545
1546
1547
36912
36914
36916
1552
1553
1628
1629
1632
1633
36918
1636
1637
36920
1640
1641
36922
1644
1645
36924
36926
1648
1649
1550
1551
24844
24845
24846
24847
1554
1555
1556
1557
1612
1613
36928
1658
1659
1560
1561
24849
24850
24851
24852
1564
1565
24854
1568
1569
24769
24856
1572
1573
24823
24828
24857
24858
1576
36905
1577
24860
1580
36907
1581
24773
24775
24862
1614
1615
1616
1617
1622
1623
1668
1669
1620
1621
24879
24880
24881
24882
1624
1625
1626
1627
1662
1663
1678
1679
1682
1683
1686
1687
1690
1691
36930
1694
1695
36932
1698
1699
1630
36934
36927
1631
24884
24885
24886
24887
1634
36919
1635
24889
1638
36921
1639
24830
24891
1642
36923
1643
24848
24853
24892
24893
1646
36925
1647
24895
1650
36929
1651
24834
24836
24897
1664
1665
1666
1667
36936
36938
1672
1673
1708
1709
36940
1712
1713
1670
1671
24904
24905
24906
24907
1674
1675
1676
1677
1736
1737
1742
1743
1680
1681
24909
24910
24911
24912
1684
1685
24914
1688
1689
24855
24916
1692
1693
24883
24888
24917
24918
1696
36933
1697
24920
1700
36935
1701
24859
24861
24922
1738
1739
1740
1741
1746
1747
1752
1753
1756
1757
1760
1761
1764
1765
36942
1768
1769
36944
1772
1773
1744
1745
24941
24942
24943
24944
1748
1749
1750
1751
1754
1755
24946
24947
24948
24949
730
731
1782
1783
1758
1759
24951
1786
1787
1762
1763
24890
24953
1766
1767
24908
24913
24954
24955
1770
36945
1771
24957
1774
1775
24894
24896
24959
1788
1789
1792
1793
1790
1791
36946
1796
1797
1794
1795
24966
24967
24968
24969
1798
1799
1802
1803
1806
1807
1810
1811
1814
1815
1818
1819
36948
1822
1823
1800
1801
1804
1805
24971
24972
24973
24974
732
733
1808
1809
24976
734
735
1812
1813
24915
24978
1816
1817
24945
24950
24979
24980
780
781
1820
1821
24982
1824
1825
24919
24921
24984
1832
1833
1836
1837
1856
1857
738
36631
739
24437
24438
24439
24440
24441
1858
1859
1862
1863
1860
1861
1866
1867
1864
1865
25001
25002
25003
25004
1868
1869
1872
1873
1876
1877
1880
1881
1884
1885
36950
1888
1889
36952
1892
1893
1870
1871
1874
1875
25006
25007
25008
25009
782
783
1878
1879
25011
784
785
1882
1883
24952
25013
1886
1887
24970
24975
25014
25015
850
851
1890
1891
25017
1894
1895
24956
24958
25019
1902
1903
1906
1907
788
36633
789
24462
24463
24464
24465
24466
792
36719
793
24468
36954
36956
36958
36960
36962
1908
1909
1912
1913
36964
1910
1911
36966
36968
1916
1917
1914
1915
25026
25027
25028
25029
1918
1919
1922
1923
1926
1927
1930
1931
1934
1935
1938
1939
36970
1942
1943
1920
1921
1924
1925
25031
25032
25033
25034
852
853
1928
1929
25036
854
855
1932
1933
24977
25038
1936
1937
25005
25010
25039
25040
900
901
1940
1941
25042
1944
1945
24981
24983
25044
1952
1953
1956
1957
1996
1997
858
36839
36639
859
24497
24498
24499
24500
24501
1998
1999
2002
2003
2000
2001
2006
2007
2004
2005
25071
25072
25073
25074
2008
2009
2012
2013
2016
2017
2020
2021
2024
2025
36972
2028
2029
36974
2032
2033
2010
2011
2014
2015
25076
25077
25078
25079
902
903
2018
2019
25081
904
905
2022
2023
25012
25083
2026
2027
25030
25035
25084
25085
996
997
2030
2031
25087
2034
2035
25016
25018
25089
2042
2043
2046
2047
908
36837
36641
909
24522
24523
24524
24525
24526
912
36721
913
24528
2048
2049
2052
2053
2050
2051
36976
36978
2056
2057
2054
2055
25096
25097
25098
25099
2058
2059
2062
2063
2066
2067
2070
2071
2074
2075
2078
2079
36980
2082
2083
2060
2061
2064
2065
25101
25102
25103
25104
998
999
2068
2069
25106
1000
1001
2072
2073
25037
25108
2076
2077
25075
25080
25109
25110
1046
1047
2080
2081
25112
2084
2085
25041
25043
25114
2092
2093
2096
2097
2116
2117
1004
36651
1005
24570
24571
24572
24573
24574
2118
2119
2122
2123
2120
2121
2126
2127
2124
2125
25131
25132
25133
25134
2128
2129
2132
2133
2136
2137
2140
2141
2144
2145
36982
2148
2149
36984
2152
2153
2130
2131
2134
2135
25136
25137
25138
25139
1048
1049
2138
2139
25141
1050
1051
2142
2143
25082
25143
2146
2147
25100
25105
25144
25145
1116
1117
2150
2151
25147
2154
2155
25086
25088
25149
2162
2163
2166
2167
1054
36681
1055
24595
24596
24597
24598
24599
1058
36749
1059
24601
2168
2169
2172
2173
2170
2171
36986
2176
2177
2174
2175
25156
25157
25158
25159
2178
2179
2182
2183
2186
2187
2190
2191
2194
2195
2198
2199
36988
2202
2203
2180
2181
2184
2185
25161
25162
25163
25164
1118
1119
2188
2189
25166
1120
1121
2192
2193
25107
25168
2196
2197
25135
25140
25169
25170
1166
1167
2200
2201
25172
2204
2205
25111
25113
25174
2212
2213
2216
2217
2240
2241
1124
36683
1125
24630
24631
24632
24633
24634
2242
2243
2246
2247
2244
2245
2250
2251
2248
2249
25193
25194
25195
25196
2252
2253
2256
2257
2260
2261
2264
2265
2268
2269
36990
2272
2273
36992
2276
2277
2254
2255
2258
2259
25198
25199
25200
25201
1168
1169
2262
2263
25203
1170
1171
2266
2267
25142
25205
2270
2271
25160
25165
25206
25207
1240
1241
2274
2275
25209
2278
2279
25146
25148
25211
2286
2287
2290
2291
1174
36969
36689
1175
24655
24656
24657
24658
24659
1178
36753
1179
24661
2292
2293
2296
2297
2294
2295
36994
36996
36998
2300
2301
2298
2299
25218
25219
25220
25221
2302
2303
2306
2307
2310
2311
2314
2315
2318
2319
2322
2323
37000
2326
2327
2304
2305
2308
2309
25223
25224
25225
25226
1242
1243
2312
2313
25228
1244
1245
2316
2317
25167
25230
2320
2321
25197
25202
25231
25232
1290
1291
2324
2325
25234
2328
2329
25171
25173
25236
2336
2337
2340
2341
2360
2361
1248
36967
36751
1249
24692
24693
24694
24695
24696
2362
2363
2366
2367
37002
37004
37006
37008
2364
2365
37010
2370
2371
2368
2369
25253
25254
25255
25256
2372
2373
2376
2377
2380
2381
2384
2385
2388
2389
37012
2392
2393
37014
2396
2397
2374
2375
2378
2379
25258
25259
25260
25261
1292
1293
2382
2383
25263
1294
1295
2386
2387
25204
25265
2390
2391
25222
25227
25266
25267
1360
1361
2394
2395
25269
2398
2399
25208
25210
25271
2406
2407
2410
2411
1298
36889
36765
1299
24717
24718
24719
24720
24721
1302
36831
1303
24723
2412
2413
2416
2417
2414
2415
2420
2421
2418
2419
25278
25279
25280
25281
2422
2423
2426
2427
2430
2431
2434
2435
2438
2439
2442
2443
37016
2446
2447
2424
2425
2428
2429
25283
25284
25285
25286
1362
1363
2432
2433
25288
1364
1365
2436
2437
25229
25290
2440
2441
25257
25262
25291
25292
1410
1411
2444
2445
25294
2448
2449
25233
25235
25296
2456
2457
2460
2461
1412
1413
1368
36917
36841
1369
24752
24753
24754
24755
24756
1414
1415
1532
1533
1418
36915
36857
1419
24777
24778
24779
24780
24781
1422
36859
1423
24783
1534
1535
1536
1537
1582
1583
1540
36913
36903
1541
24838
24839
24840
24841
24842
1584
1585
1586
1587
1652
1653
1590
36939
36909
1591
24863
24864
24865
24866
24867
1594
36911
1595
24869
1654
1655
1656
1657
1702
1703
1660
36937
36931
1661
24898
24899
24900
24901
24902
1704
1705
2608
2609
37018
2610
2611
37020
37022
37024
37026
37028
37030
37032
2612
2613
2614
2615
2616
2617
25377
25378
25379
25380
2618
2619
2620
2621
2622
2623
2624
2625
2626
2627
25382
25383
25384
25385
2628
2629
1706
1707
2630
2631
25387
2632
2633
1776
1777
2636
2637
2640
2641
37034
2644
2645
2634
2635
25264
25389
2638
2639
25282
25287
25390
25391
1778
1779
2642
2643
25393
2646
2647
25268
25270
25395
1780
1781
1710
36965
36941
1711
24923
24924
24925
24926
24927
1714
36943
1715
24929
2654
2655
2658
2659
1784
36947
36949
1785
24960
24961
24962
24963
24964
2660
2661
2664
2665
37036
37038
37040
37042
37044
37046
37048
2662
2663
37050
2668
2669
2666
2667
25402
25403
25404
25405
2670
2671
2674
2675
2678
2679
2682
2683
2686
2687
37052
2690
2691
37054
2694
2695
2672
2673
2676
2677
25407
25408
25409
25410
1826
1827
2680
2681
25412
1828
1829
2684
2685
25289
25414
2688
2689
25381
25386
25415
25416
1830
1831
2692
2693
25418
2696
2697
25293
25295
25420
2704
2705
2708
2709
2728
2729
1834
36963
36953
1835
24985
24986
24987
24988
24989
1838
36951
1839
24991
2730
2731
2734
2735
2732
2733
2738
2739
2736
2737
25437
25438
25439
25440
2740
2741
2744
2745
2748
2749
2752
2753
2756
2757
37056
2760
2761
37058
2764
2765
2742
2743
2746
2747
25442
25443
25444
25445
1896
1897
2750
2751
25447
1898
1899
2754
2755
25388
25449
2758
2759
25406
25411
25450
25451
1900
1901
2762
2763
25453
2766
2767
25392
25394
25455
2774
2775
2778
2779
1904
36961
36971
1905
25020
25021
25022
25023
25024
2780
2781
2784
2785
2782
2783
37060
37062
37064
37066
2788
2789
2786
2787
25462
25463
25464
25465
2790
2791
2794
2795
2798
2799
2802
2803
2806
2807
2810
2811
37068
2814
2815
2792
2793
2796
2797
25467
25468
25469
25470
1946
1947
2800
2801
25472
1948
1949
2804
2805
25413
25474
2808
2809
25441
25446
25475
25476
1950
1951
2812
2813
25478
2816
2817
25417
25419
25480
2824
2825
2828
2829
2852
2853
1954
36975
1955
25045
25046
25047
25048
25049
1958
36973
1959
25051
2854
2855
2858
2859
2856
2857
37070
37072
37074
37076
37078
2862
2863
2860
2861
25499
25500
25501
25502
2864
2865
2868
2869
2872
2873
2876
2877
2880
2881
37080
2884
2885
37082
2888
2889
2866
2867
2870
2871
25504
25505
25506
25507
2036
2037
2874
2875
25509
2038
2039
2878
2879
25448
25511
2882
2883
25466
25471
25512
25513
2040
2041
2886
2887
25515
2890
2891
25452
25454
25517
2898
2899
2902
2903
2044
36981
2045
25090
25091
25092
25093
25094
2904
2905
2908
2909
2906
2907
2912
2913
2910
2911
25524
25525
25526
25527
2914
2915
2918
2919
2922
2923
2926
2927
2930
2931
2934
2935
37084
2938
2939
2916
2917
2920
2921
25529
25530
25531
25532
2086
2087
2924
2925
25534
2088
2089
2928
2929
25473
25536
2932
2933
25503
25508
25537
25538
2090
2091
2936
2937
25540
2940
2941
25477
25479
25542
2948
2949
2952
2953
2972
2973
2094
36985
2095
25115
25116
25117
25118
25119
2098
36983
2099
25121
2974
2975
2978
2979
2976
2977
2982
2983
2980
2981
25559
25560
25561
25562
2984
2985
2988
2989
24075
2992
2993
24083
2996
2997
3000
3001
37086
3004
3005
37088
3008
3009
2986
2987
2990
2991
25564
25565
25566
25567
2156
2157
2994
2995
25569
2158
2159
2998
2999
25510
25571
3002
3003
25528
25533
25572
25573
2160
2161
3006
3007
25575
3010
3011
25514
25516
25577
3018
3019
3022
3023
24098
2206
2207
3026
3027
24101
3030
3031
3034
3035
3024
3025
25535
25570
25584
3028
3029
25563
25568
25585
25586
2208
2209
3032
3033
25588
3036
3037
25539
25541
25590
2210
2211
2164
36989
2165
25150
25151
25152
25153
25154
3044
3045
3048
3049
3088
3089
24120
3090
3091
25617
37090
3092
3093
3094
3095
25574
25576
25619
2280
2281
2214
37051
36993
2215
25175
25176
25177
25178
25179
2218
36991
2219
25181
2282
2283
3102
3103
37092
3106
3107
24141
3108
3109
25587
25589
25618
25626
2284
2285
2330
2331
2288
37011
37001
2289
25212
25213
25214
25215
25216
3114
3115
24146
37094
3118
3119
24174
2332
2333
2334
2335
2400
2401
2338
37009
37096
37015
2339
25237
25238
25239
25240
25241
2342
37013
2343
25243
2402
2403
2404
2405
2450
2451
2408
37049
37017
2409
25272
25273
25274
25275
25276
2452
2453
2454
2455
2648
2649
2458
37047
37055
2459
25297
25298
25299
25300
25301
2462
37035
2463
25303
2650
2651
2652
2653
2698
2699
2656
37045
37053
2657
25396
25397
25398
25399
25400
2700
2701
2702
2703
2768
2769
2706
37079
37059
2707
25421
25422
25423
25424
25425
2710
37057
2711
25427
2770
2771
2772
2773
2818
2819
2776
37067
37069
2777
25456
25457
25458
25459
25460
2820
2821
2822
2823
2892
2893
2826
37077
37083
2827
25481
25482
25483
25484
25485
2830
37081
2831
25487
2894
2895
2896
2897
2942
2943
2900
37085
2901
25518
25519
25520
25521
25522
2944
2945
2946
2947
3012
3013
2950
37089
2951
25543
25544
25545
25546
25547
2954
37087
2955
25549
3014
3015
3016
3017
3038
3039
3020
3021
25578
25579
25580
25581
25582
3040
3041
3042
3043
3096
3097
3046
3047
25591
25592
25593
25594
25595
3050
37091
3051
25597
3098
3099
3100
3101
3110
3111
3104
37093
3105
25620
25621
25622
25623
25624
3112
3113
312
313
3116
37095
3117
25627
25628
25629
25630
3120
37097
3121
25632
436
437
314
315
428
429
316
36885
36887
317
24230
546
547
430
36883
431
24176
24287
558
559
668
669
548
36881
549
24228
24346
794
795
670
36879
671
24286
24407
914
915
796
36959
797
24345
24470
318
319
1060
1061
916
37007
917
24406
24530
684
685
1180
1181
1062
37005
1063
24469
24603
1304
1305
1182
37003
1183
24529
24663
1424
1425
1306
37043
1307
24602
24725
934
935
1596
1597
1426
37033
1427
24662
24785
1716
1717
1598
37031
1599
24724
24871
940
941
1840
1841
1718
37041
1719
24784
24931
1960
1961
1842
37065
1843
24870
24993
2100
2101
1962
37075
1963
24930
25053
950
951
2102
2103
24992
25123
320
321
432
433
550
551
672
673
798
799
322
36875
36877
323
24148
24173
24231
24233
2220
2221
434
36871
36873
435
24201
24226
24288
24289
1466
1467
918
919
1064
1065
1184
1185
1308
1309
2222
2223
25052
25183
1428
1429
1600
1601
1720
1721
1844
1845
1964
1965
552
36867
36869
553
24259
24284
24347
24348
2104
2105
2224
2225
438
439
1472
1473
674
36863
36865
675
24318
24343
24408
24409
554
555
800
36861
36957
801
24379
24404
24471
24472
37098
676
677
920
36955
36979
921
24442
24467
24531
24532
1460
1461
37100
802
803
1066
36977
36999
1067
24502
24527
24604
24605
1186
36987
36997
1187
24575
24600
24664
24665
37102
2344
2345
1310
36995
37029
1311
24635
24660
24726
24727
2348
2349
37104
922
923
1486
1487
2346
2347
25122
25245
1068
1069
1430
37025
37027
1431
24697
24722
24786
24787
37106
2464
2465
1602
37021
37023
1603
24757
24782
24872
24873
2468
2469
37108
1188
1189
2466
2467
25182
25305
1312
1313
1722
37019
37039
1723
24843
24868
24932
24933
37110
1432
1433
1846
37037
37063
1847
24903
24928
24994
24995
1966
37061
37073
1967
24965
24990
25054
25055
37112
1604
1605
2106
37071
2107
25025
25050
25124
25125
37114
1724
1725
2226
2227
25095
25120
25184
25185
1848
1849
2350
2351
25155
25180
25246
25247
37116
1968
1969
2470
2471
25217
25242
25306
25307
37118
2108
2109
440
37120
37105
441
24292
2228
2229
556
37122
37099
557
24350
2352
2353
678
37124
37101
679
24411
2472
2473
804
37126
37103
805
24474
560
561
924
37128
37109
925
24534
680
681
1070
37130
37107
1071
24607
2524
2525
806
807
1190
1191
24667
2530
2531
926
927
1314
37132
37111
1315
24729
2536
2537
1072
1073
1434
37134
37113
1435
24789
2542
2543
2544
2545
1192
1193
1606
37136
37115
1607
24875
2550
2551
1316
1317
1726
1727
24935
2556
2557
2558
2559
1436
1437
1850
37138
37117
1851
24997
2564
2565
1608
1609
1970
37140
37119
1971
25057
2570
2571
1728
1729
2110
37142
37121
2111
25127
2576
2577
1852
1853
2230
37144
37123
2231
25187
2582
2583
1972
1973
2354
37146
37125
2355
25249
2588
2589
2112
2113
2474
37148
37127
2475
25309
2232
2233
562
37150
37129
563
24234
24353
2356
2357
682
37152
37131
683
24290
24293
24413
2602
2603
2476
2477
808
809
24349
24351
24476
2712
2713
928
37154
37133
929
24410
24412
24536
2716
2717
2720
2721
2714
2715
25244
25429
2724
2725
2718
2719
25277
25302
25430
25431
37156
2832
2833
2722
2723
25433
686
687
2834
2835
25304
25489
2836
2837
1074
37158
37135
1075
24473
24475
24609
2840
2841
2838
2839
25401
25426
25490
25491
2844
2845
2842
2843
25493
930
931
1194
37160
37137
1195
24533
24535
24669
2956
2957
1318
1319
24606
24608
24731
2960
2961
2964
2965
2958
2959
25428
25551
2968
2969
2962
2963
25461
25486
25552
25553
37162
3052
3053
2966
2967
25555
1196
1197
3054
3055
25488
25599
3056
3057
1440
1441
3058
3059
25523
25548
25600
25601
37164
3060
3061
1438
37166
37139
1439
24666
24668
24791
3064
3065
3062
3063
25603
1732
1733
1610
37168
37141
1611
24728
24730
24877
1976
1977
1730
37170
37143
1731
24788
24790
24937
2236
2237
1854
37172
37145
1855
24874
24876
24999
3122
3123
1974
37174
37147
1975
24934
24936
25059
2480
2481
3124
3125
25550
25634
3126
3127
3130
3131
3128
3129
25583
25596
25635
25636
2114
37176
37149
2115
24996
24998
25129
3138
3139
24229
3132
3133
25638
3142
3143
24232
3146
3147
3140
3141
25598
25633
25642
3134
3135
3144
3145
25625
25631
25643
25644
37178
3150
3151
3148
3149
25646
2848
2849
2234
37180
37151
2235
25056
25058
25189
3158
3159
24291
2358
37182
37153
2359
25126
25128
25251
3162
3163
3160
3161
25652
3166
3167
24352
2478
37184
37155
2479
25186
25188
25311
3068
3069
2726
37186
37157
2727
25248
25250
25435
3154
3155
2846
2847
25308
25310
25495
3170
3171
24415
2970
37188
37163
2971
25432
25434
25557
936
937
3066
37190
37175
3067
25492
25494
25605
942
943
3136
37192
37179
3137
25554
25556
25640
946
947
3152
37194
37183
3153
25602
25604
25648
1444
1445
3164
3165
25637
25639
25654
1448
1449
3168
37196
37185
3169
25645
25647
25653
25656
1452
1453
688
37198
37159
689
24416
1980
1981
932
37200
37161
933
24538
1984
1985
1198
37202
37167
1199
24671
1988
1989
1442
37204
37165
1443
24793
2484
2485
1734
37206
37169
1735
24939
2488
2489
1978
37208
37171
1979
25061
2492
2493
2238
37210
37173
2239
25191
3072
3073
3230
3231
2482
37212
37177
2483
25313
3174
3175
24540
3236
3237
2850
37214
37181
2851
25497
3242
3243
3076
3077
3070
37216
37187
3071
25607
3080
3081
3156
3157
25650
3248
3249
3178
3179
3172
37218
37189
3173
25658
3182
3183
24543
938
37220
37191
939
24541
3254
3255
952
953
944
37222
37193
945
24544
1456
1457
3268
3269
948
37224
37195
949
24546
1468
1469
1446
1447
24795
1478
1479
1450
37226
37197
1451
24797
1992
1993
1454
37228
37199
1455
24799
2496
2497
1982
37230
37201
1983
25063
2504
2505
1986
37232
37203
1987
25065
2512
2513
1990
37234
37205
1991
25067
3084
3085
3298
3299
2486
37236
37207
2487
25315
3304
3305
3186
3187
24548
3310
3311
2490
37238
37209
2491
25317
3194
3195
2494
37240
37211
2495
25319
3202
3203
24806
3074
37242
37213
3075
25609
1474
1475
3324
3325
3078
37244
37217
3079
25611
1482
1483
3082
3083
25613
2508
2509
3176
37246
37215
3177
25660
2516
2517
3180
37248
37219
3181
25662
3198
3199
3354
3355
3184
37250
37221
3185
25664
3206
3207
24809
3360
3361
954
37252
37223
955
24542
24549
3366
3367
1462
1463
37254
2500
2501
1458
37256
37225
1459
24796
24801
3190
3191
24803
3380
3381
37258
1488
1489
1994
1995
25064
25069
2520
2521
37260
3210
3211
24816
2498
37262
37231
2499
25316
25321
2532
2533
37264
2594
2595
3086
37266
37237
3087
25610
25615
3218
3219
25338
37268
2538
2539
3410
3411
3188
37270
37239
3189
25661
25666
2598
2599
3204
37272
37243
3205
25651
25659
25674
3222
3223
25341
3416
3417
3196
37274
37241
3197
25498
25608
25670
2526
2527
3422
3423
2514
37276
37235
2515
25192
25314
25329
3214
3215
2506
37278
37233
2507
24940
25062
25325
3274
3275
25335
1480
37280
37229
1481
24672
24794
24812
2546
2547
25345
2552
2553
25348
3436
3437
2560
2561
25352
2566
2567
25355
2578
2579
25361
1470
37227
1471
24417
24539
24807
2604
2605
3208
3209
25663
25665
25675
25676
3226
3227
37282
3278
3279
25374
3200
37284
37253
3201
25612
25614
25671
25672
3466
3467
3238
3239
3472
3473
37286
3260
3261
3478
3479
2518
37288
37251
2519
25318
25320
25330
25331
3286
3287
25691
37290
2584
2585
25364
3492
3493
2572
2573
25358
2590
2591
25367
2510
37292
37249
2511
25066
25068
25326
25327
3256
3257
37294
3264
3265
1484
37296
37247
1485
24798
24800
24813
24814
3290
3291
25700
3522
3523
3244
3245
25694
3528
3529
3250
3251
25697
3534
3535
37298
3232
3233
1476
37300
37245
1477
24545
24547
24808
24810
3282
3283
3548
3549
37302
3330
3331
25688
1464
37304
37255
1465
24804
3270
3271
2502
37306
37257
2503
25323
3294
3295
3192
37308
37259
3193
25668
3334
3335
25707
1490
1491
24805
24817
3306
3307
37310
3316
3317
3578
3579
2522
37312
37261
2523
25324
25333
3342
3343
25725
3212
37314
37263
3213
25669
25678
3312
3313
37316
3320
3321
3220
37318
37269
3221
25616
25667
25682
3346
3347
25728
2596
37320
37267
2597
25070
25322
25370
3300
3301
3584
3585
2534
37322
37265
2535
24550
24802
25339
3338
3339
3590
3591
3224
37324
37275
3225
25673
25677
25683
25684
3596
3597
3386
3387
25722
37326
3326
3327
2600
37328
37273
2601
25328
25332
25371
25372
3610
3611
3350
3351
3616
3617
37330
3390
3391
25735
3622
3623
2540
37332
37271
2541
24811
24815
25340
25342
3628
3629
3362
3363
37334
3372
3373
2548
2549
25344
25346
2562
2563
25351
25353
2554
2555
25349
37336
3398
3399
25753
3642
3643
2528
37338
37277
2529
25336
3648
3649
3368
3369
3654
3655
3216
37340
37279
3217
25680
3660
3661
3376
3377
3276
37342
37281
3277
25710
3402
3403
25756
3674
3675
2568
2569
25350
25356
2580
2581
25347
25362
2586
2587
25354
25363
25365
2574
2575
25359
3356
3357
3680
3681
2592
2593
25360
25368
2606
37344
37293
2607
25337
25375
3394
3395
37346
3442
3443
25750
3686
3687
3228
37348
37283
3229
25681
25686
3382
3383
37350
3406
3407
3692
3693
3280
37352
37285
3281
25369
25711
25712
3446
3447
25763
37354
3418
3419
3240
37356
37287
3241
25692
3428
3429
3262
37358
37289
3263
24818
25703
3454
3455
25781
3706
3707
3288
37360
37291
3289
25334
25679
25716
3712
3713
3424
3425
3718
3719
3246
3247
25357
25695
3252
3253
25366
25696
25698
3258
37362
37295
3259
25693
25701
3432
3433
37364
3458
3459
25784
3724
3725
3266
37366
37297
3267
25343
25704
25705
3412
3413
37368
3450
3451
3738
3739
3292
37370
37299
3293
25373
25685
25699
25717
25718
3744
3745
3498
3499
25778
3750
3751
37372
3438
3439
3756
3757
3234
37374
37301
3235
25689
3462
3463
3284
37376
37303
3285
25714
3502
3503
25791
3332
37378
37305
3333
25738
3474
3475
3770
3771
3272
37380
37307
3273
25690
25708
3776
3777
3484
3485
3782
3783
37382
3510
3511
25809
3788
3789
3296
37384
37309
3297
25715
25720
3480
3481
37386
3488
3489
3336
3337
25739
25740
3514
3515
25812
3308
37388
37311
3309
25726
3468
3469
3318
37390
37313
3319
25731
3506
3507
3344
37392
37315
3345
25744
3554
3555
25806
3314
37394
37317
3315
25727
25729
3802
3803
3494
3495
3808
3809
37396
3518
3519
3815
3816
3322
37398
37319
3323
25732
25733
3821
3822
3558
3559
25819
3827
3828
37400
3530
3531
3833
3834
3348
37402
37321
3349
25745
25746
3839
3840
3540
3541
3845
3846
37404
3566
3567
25837
3851
3852
3302
37406
37323
3303
25723
3536
3537
3857
3858
3340
37408
37325
3341
25742
3544
3545
3864
3865
3388
37410
37327
3389
25766
3570
3571
25840
3870
3871
3328
37412
37329
3329
25724
25736
3876
3877
3524
3525
3882
3883
37414
3562
3563
25834
3888
3889
3352
37416
37331
3353
25743
25748
3592
3593
37418
3602
3603
25868
3894
3895
3392
37420
37333
3393
25767
25768
3624
3625
37422
3634
3635
25884
3364
37424
37335
3365
25754
3656
3657
3374
37426
37337
3375
25709
25759
3666
3667
25900
3900
3901
3400
37428
37339
3401
25721
25741
25772
3550
3551
3906
3907
3370
37430
37341
3371
25755
25757
3913
3914
3574
3575
25847
3919
3920
37432
3688
3689
3925
3926
3378
37434
37343
3379
25730
25760
25761
3931
3932
3698
3699
25916
3937
3938
37436
3598
3599
3943
3944
3404
3405
25734
25747
25773
25774
3949
3950
3606
3607
25871
3955
3956
3358
37438
37345
3359
25751
3720
3721
3962
3963
3396
37440
37347
3397
25770
3730
3731
25932
3968
3969
3444
37442
37349
3445
25794
3630
3631
3974
3975
3384
37444
37351
3385
25752
25764
3980
3981
3638
3639
25887
3986
3987
37446
3752
3753
3992
3993
3408
37448
37353
3409
25771
25776
3762
3763
25948
37450
3662
3663
3998
3999
3448
37452
37355
3449
25795
25796
3670
3671
25903
37454
3784
3785
3420
37456
37357
3421
25782
3794
3795
25964
3430
37458
37359
3431
25787
3694
3695
4004
4005
3456
37460
37361
3457
25800
3702
3703
25919
4011
4012
3426
37462
37363
3427
25783
25785
4017
4018
3726
3727
37464
3734
3735
25935
3434
37466
37365
3435
25788
25789
4031
4032
3580
3581
25862
4037
4038
37468
3758
3759
4043
4044
3460
37470
37367
3461
25801
25802
3766
3767
25951
37472
3612
3613
25878
4057
4058
3414
37474
37369
3415
25779
3452
37371
3453
25798
3790
3791
3500
37476
37373
3501
25822
3798
3799
25967
3440
37478
37375
3441
25737
25780
25792
3644
3645
25894
37480
3676
3677
25910
3464
37482
37377
3465
25749
25799
25804
3708
3709
25926
3504
37484
37379
3505
25769
25823
25824
3740
3741
25942
37486
3772
3773
25958
3476
37488
37381
3477
25810
3486
37383
3487
25765
25815
3804
3805
25974
3512
37490
37385
3513
25777
25797
25828
4013
4014
3482
37492
37387
3483
25758
25811
25813
4023
4024
37494
4064
4065
26076
3490
3491
25762
25786
25816
25817
4019
4020
37496
4027
4028
4098
4099
3516
37498
37389
3517
25775
25790
25803
25829
25830
4104
4105
4039
4040
37500
4049
4050
3470
37502
37391
3471
25807
4068
4069
26079
3508
37504
37393
3509
25826
4076
4077
26089
3556
37506
37395
3557
25850
4045
4046
3496
37508
37397
3497
25808
25820
4053
4054
37510
4080
4081
26092
4129
4130
3520
37512
37399
3521
25827
25832
4033
4034
37514
4072
4073
3560
37516
37401
3561
25851
25852
4059
4060
3532
37518
37403
3533
25838
3817
3818
25980
3866
3867
26004
4084
4085
3542
37520
37405
3543
25793
25843
4089
4090
26086
3568
37522
37524
37526
37407
3569
25805
25825
25856
4093
4094
26099
3538
37528
37409
3539
25839
25841
4100
4101
37530
4111
4112
3546
37532
37411
3547
25814
25844
25845
4120
4121
26118
37534
4106
4107
3572
37536
37413
3573
25818
25831
25857
25858
4131
4132
37538
4135
4136
4133
4134
26133
4139
4140
4137
4138
26135
4143
4144
4145
4146
4141
4142
24537
26137
4149
4150
4147
4148
26140
4153
4154
4151
4152
24610
26142
4157
4158
4155
4156
26144
4161
4162
4165
4166
4159
4160
24670
26146
4167
4168
4163
4164
26148
4171
4172
4169
4170
26138
26151
4175
4176
4173
4174
24732
26153
4179
4180
4177
4178
26155
4183
4184
4181
4182
26143
26157
4187
4188
4185
4186
24792
26159
4191
4192
4195
4196
4189
4190
26161
4197
4198
4193
4194
26147
26149
26163
4201
4202
4199
4200
26166
4205
4206
4203
4204
24878
26168
4209
4210
4207
4208
26170
4213
4214
4211
4212
26154
26156
26172
4217
4218
4215
4216
26174
4221
4222
4219
4220
24938
26176
4225
4226
4223
4224
26178
4229
4230
4233
4234
4227
4228
26160
26162
26180
4235
4236
4239
4240
4231
4232
26182
4241
4242
4237
4238
26185
4245
4246
4243
4244
26188
4249
4250
4247
4248
26190
4253
4254
4255
4256
4251
4252
26164
26192
4259
4260
4257
4258
26186
26195
4263
4264
37540
4267
4268
4261
4262
25000
26197
4271
4272
4265
4266
26199
4275
4276
4269
4270
26169
26171
26201
4115
4116
4277
4278
25060
26205
4279
4280
4273
4274
26203
4283
4284
4281
4282
26207
4287
4288
4285
4286
26177
26179
26209
4291
4292
4289
4290
26211
4295
4296
4293
4294
26213
4299
4300
4297
4298
26173
26215
4307
4308
4301
4302
26181
26217
4311
4312
4309
4310
25130
26221
4315
4316
4313
4314
26223
4319
4320
4317
4318
26198
26200
26225
4323
4324
4321
4322
26227
4327
4328
4325
4326
25190
26229
4331
4332
4329
4330
26231
4335
4336
4333
4334
26206
26208
26233
4339
4340
4337
4338
26235
4343
4344
4341
4342
26237
4347
4348
4345
4346
26202
26239
4303
4304
4349
4350
26210
26241
4355
4356
4351
4352
4305
4306
26214
26219
4361
4362
4363
4364
4353
4354
26238
26243
4367
4368
4369
4370
37542
4373
4374
4365
4366
26249
4357
4358
4375
4376
26254
4377
4378
4371
4372
26250
26252
4381
4382
37544
4124
4125
26121
4383
4384
26258
4389
4390
4385
4386
4379
4380
26255
26256
4395
4396
4397
4398
37546
4391
4392
4401
4402
4387
4388
26259
26260
4407
4408
37548
4403
4404
4359
37550
37545
4360
26246
4411
4412
4399
4400
26266
4415
4416
4409
4410
26271
3823
3824
25983
4419
4420
4423
4424
4417
4418
26275
4425
4426
37552
37554
37556
4429
4430
4393
37558
37560
37549
4394
26247
26263
37562
4435
4436
4431
4432
37564
4437
4438
4405
37566
37551
4406
26267
26269
4441
4442
37568
4445
4446
4413
4414
26272
26273
4449
4450
4421
4422
26276
26277
4453
4454
4457
4458
37570
4459
4460
37572
4463
4464
4433
37574
37565
4434
26283
4465
4466
4443
37576
37569
4444
26288
3915
3916
26028
37578
37580
37582
37584
37586
37588
37590
37592
37594
37596
4469
4470
4471
4472
4451
4452
26292
4475
4476
4427
37598
37600
37561
4428
26264
26280
4479
4480
37602
4483
4484
4439
37604
37567
4440
26284
26286
4487
4488
37606
37608
37610
4491
4492
37612
4493
4494
37614
37616
37618
37620
37622
4497
4498
4447
4448
26289
26290
37624
37626
37628
37630
37632
37634
37636
37638
37640
37642
4503
4504
4499
4500
37644
4505
4506
4455
37646
37571
4456
26293
26294
4509
4510
3872
3873
26007
37648
37650
4513
4514
4467
37652
37577
4468
26300
4517
4518
4477
4478
26305
3964
3965
26052
4485
37605
4486
26309
4521
4522
37654
4525
4526
4461
37656
37658
37575
4462
26281
26297
37660
37662
4531
4532
4533
4534
37664
4527
4528
37666
37668
37670
37672
37674
37676
37678
37680
37682
37684
37686
37688
37690
37692
37694
37696
37698
37700
4537
4538
4473
37702
37601
4474
26301
26303
4543
4544
37704
4539
4540
4481
37706
37603
4482
26306
26307
4551
4552
37708
4547
4548
4489
37710
37613
4490
26310
26311
4555
4556
4559
4560
37712
4561
4562
37714
4565
4566
3526
37716
37415
3527
25835
4567
4568
3564
37718
37417
3565
25854
3921
3922
26031
37720
37722
4571
4572
4573
4574
4501
4502
26317
4577
4578
4511
37724
37726
37651
4512
26322
3829
3830
25986
4519
4520
26326
4581
4582
3594
37419
3595
25869
4585
4586
3604
37728
37730
37421
3605
25874
3970
3971
26055
4589
4590
4593
4594
3626
37732
37734
37423
3627
25885
4595
4596
3636
37736
37425
3637
25890
4599
4600
3658
37738
37427
3659
25901
3878
3879
26010
4603
4604
4601
4602
25252
26367
4607
4608
4605
4606
26369
4611
4612
4609
4610
26222
26224
26371
4615
4616
4613
4614
26373
4619
4620
4617
4618
25312
26375
4623
4624
4621
4622
26377
4627
4628
4625
4626
26230
26232
26379
4631
4632
4629
4630
26381
4635
4636
4633
4634
26383
4639
4640
4637
4638
26226
26385
4643
4644
4641
4642
26234
26387
4647
4648
4645
4646
26384
26389
4651
4652
3586
3587
25865
37740
37742
37744
4655
4656
4653
4654
26393
4659
4660
4657
4658
26394
26395
4663
4664
37746
4667
4668
4649
4650
26391
4671
4672
4665
4666
26399
4675
4676
4661
37748
37747
4662
26392
26397
4679
4680
37750
4683
4684
4669
4670
26400
26401
4687
4688
4677
4678
26405
3927
3928
26034
4691
4692
4673
37752
37754
37749
4674
26398
26403
4699
4700
37756
4695
4696
4681
37758
37751
4682
26406
26407
4703
4704
37760
4707
4708
4689
4690
26411
4711
4712
4685
4686
26404
26409
4715
4716
37762
4719
4720
4693
37764
37755
4694
26412
26413
4723
4724
3835
3836
25989
37766
37768
4727
4728
4701
37770
37757
4702
26417
4731
4732
3668
37772
37429
3669
25906
4735
4736
3552
37774
37431
3553
25836
25848
4739
4740
4737
37701
4738
25436
26435
4743
4744
4741
4742
26437
4747
4748
4745
4746
26368
26370
26439
4751
4752
4749
4750
26441
4755
4756
4753
37699
4754
25496
26443
4759
4760
4757
4758
26445
4763
4764
4761
4762
26376
26378
26447
4767
4768
4765
4766
26449
4771
4772
37776
37778
37780
37782
37784
4769
4770
26451
4775
4776
4773
4774
26372
26453
4779
4780
4777
4778
26380
26455
4783
4784
4781
4782
26452
26457
4787
4788
3618
37697
3619
25881
37786
37788
4791
4792
4789
4790
26461
4795
4796
4793
4794
26462
26463
4799
4800
37790
4803
4804
4785
4786
26244
26459
4807
4808
37792
4801
4802
26467
4811
4812
37794
4797
37796
37791
4798
26261
26460
26465
4815
4816
37798
4819
4820
4805
4806
26468
26469
4823
4824
3976
37695
3977
26058
37800
37802
4827
4828
4813
4814
26473
4831
4832
4809
37804
37797
4810
26278
26466
26471
4835
4836
37806
4839
4840
4817
37808
37799
4818
26474
26475
4843
4844
4825
4826
26479
4847
4848
4821
37810
37803
4822
26295
26472
26477
4851
4852
37812
4855
4856
4829
4830
26480
26481
4859
4860
3884
37693
3885
26013
37814
37816
4863
4864
4837
37818
37807
4838
26485
4867
4868
4871
4872
3576
37820
37433
37691
3577
25855
25860
4873
4874
4877
4878
4879
4880
4881
4882
26507
3650
37689
3651
25897
4885
4886
4887
4888
4495
37822
37824
37645
37826
37687
4496
26298
26314
4893
4894
4895
4896
4889
4890
26511
4901
4902
4903
4904
4897
4898
26515
4909
4910
4911
4912
4905
4906
26519
4917
4918
4919
4920
4913
4914
26523
4925
4926
4927
4928
4921
4922
26527
4933
4934
4929
4930
26531
4939
4940
4941
4942
4935
4936
26534
4947
4948
4943
4944
26538
4953
4954
4955
4956
4957
4958
26545
4507
37828
37830
37832
37834
37647
4508
26318
26320
4961
4962
4963
4964
4965
4966
26549
4969
4970
4971
4972
4973
4974
26553
4977
4978
4979
4980
4981
4982
26557
4985
4986
4987
4988
4989
4990
26561
4993
4994
4995
4996
4997
4998
26565
5001
5002
5003
5004
5005
5006
26569
5009
5010
5011
5012
26572
5015
5016
5017
5018
5019
5020
26576
5023
5024
4949
4950
26541
5029
5030
5031
5032
4515
37836
37838
37653
37721
37723
4516
26323
26324
5037
5038
5039
5040
5033
5034
26583
5041
5042
26587
5045
5046
5047
5048
5049
5050
26591
5053
5054
5055
5056
5057
5058
26595
5061
5062
5063
5064
5065
5066
26599
5069
5070
5071
5072
5073
5074
26603
5077
5078
5079
5080
5081
5082
26607
5085
5086
5087
5088
26610
5091
5092
5093
5094
5025
5026
26579
5099
5100
4523
37840
37842
37844
37846
37848
37850
37852
37854
37856
37858
37860
37862
37864
37866
37868
37870
37659
37715
4524
26327
26328
5095
5096
26614
5105
5106
5107
5108
5109
5110
26621
5101
5102
26617
5113
5114
5115
5116
5117
5118
26625
5121
5122
5123
5124
5125
5126
26629
5129
5130
5131
5132
5133
5134
26633
5137
5138
5139
5140
5141
5142
26637
5145
5146
5147
5148
5149
5150
26641
5153
5154
5155
5156
5157
5158
26645
5161
5162
4697
37872
37874
37876
37878
37759
4698
26410
26415
5167
5168
5169
5170
5163
5164
26648
5175
5176
5171
5172
26652
5181
5182
5183
5184
5185
5186
26659
5177
5178
26655
5189
5190
5191
5192
5193
5194
26663
5197
5198
5199
5200
5201
5202
26667
5205
5206
5207
5208
5209
5210
26671
5213
5214
5215
5216
5217
5218
26675
5221
5222
5223
5224
5225
5226
26679
5229
5230
5231
5232
4833
37880
37882
37884
37886
37888
37890
37892
37894
37896
37898
37900
37902
37805
4834
26312
26478
26483
5237
5238
5233
5234
26683
5243
5244
5245
5246
5239
5240
26686
5251
5252
5247
5248
26690
5257
5258
5259
5260
5261
5262
26697
5253
5254
26693
5265
5266
5267
5268
5269
5270
26701
5273
5274
5275
5276
5277
5278
26705
5281
5282
5283
5284
5285
5286
26709
5289
5290
5291
5292
5293
5294
26713
5297
5298
5299
5300
4705
37904
37906
37908
37910
37912
37914
37916
37918
37761
4706
26418
26419
5301
5302
26717
5305
5306
5307
5308
5309
5310
26721
5313
5314
5315
5316
26724
5319
5320
5321
5322
5323
5324
26728
5327
5328
5329
5330
26731
5333
5334
5335
5336
5337
5338
26735
3933
37685
3934
26037
5341
5342
5343
5344
5345
5346
26739
5349
5350
5351
5352
5353
5354
26743
5357
5358
5359
5360
4841
37920
37922
37924
37926
37928
37930
37932
37934
37936
37809
4842
26486
26487
5361
5362
26747
5365
5366
5367
5368
5369
5370
26751
5373
5374
5375
5376
5377
5378
26755
5381
5382
5383
5384
5385
5386
26759
5389
5390
5391
5392
26762
5395
5396
5397
5398
5399
5400
26766
5403
5404
5405
5406
26769
5409
5410
5411
5412
5413
5414
5415
5416
26774
3841
37683
3842
25992
5419
5420
5421
5422
3690
37938
37940
37942
37944
37946
37948
37950
37952
37954
37435
3691
25917
5423
5424
26778
5427
5428
5429
5430
5431
5432
26782
5435
5436
5437
5438
5439
5440
26786
5443
5444
5445
5446
3982
37681
3983
26061
3682
37679
3683
25913
5453
5454
3700
37956
37437
3701
25922
5447
5448
26790
3890
37677
3891
26016
3939
37675
3940
26040
3847
37673
3848
25995
3714
37671
3715
25929
3600
37958
37960
37962
37964
37966
37968
37541
3601
25870
25872
3988
37669
3989
26064
5461
5462
5455
5456
26794
3896
37667
3897
26019
3746
37663
3747
25945
3945
37655
3946
26043
3853
37643
3854
25998
5499
5500
5463
5464
26798
3994
37641
3995
26067
3902
37639
3903
26022
3778
37637
3779
25961
3608
37970
37972
37974
37976
37978
37980
37982
37984
37986
37988
37439
3609
25875
25876
3951
37635
3952
26046
3859
37633
3860
26001
5505
5506
5501
5502
26817
3810
37631
3811
25977
4000
37629
4001
26070
3908
37627
3909
26025
3957
37625
3958
26049
4006
37623
4007
26073
5561
5562
5507
5508
26820
3722
37990
37992
37994
37996
37998
38000
38002
38004
38006
38008
37441
3723
25933
5511
5512
5563
5564
26848
3732
37443
3733
25938
5567
5568
5513
5514
26823
3632
37445
3633
25886
25888
5517
5518
5569
5570
26851
3640
38010
37447
3641
25891
25892
5573
5574
5519
5520
26826
5523
5524
5575
5576
26854
3754
38012
38014
37449
3755
25949
5623
5624
5525
5526
26829
3764
38016
37451
3765
25954
5629
5630
5625
5626
26879
3664
38018
37453
3665
25902
25904
5579
5580
5631
5632
26882
3672
38020
37455
3673
25907
25908
5635
5636
5581
5582
26857
5451
5452
5637
5638
26885
38022
38024
38026
4535
38028
38030
37665
4536
26334
5467
5468
38032
4545
37705
4546
26339
5529
5530
5469
5470
26801
38034
38036
38038
4553
38040
37709
4554
26343
5585
5586
5531
5532
26832
38042
4713
38044
37789
4714
26423
5641
5642
5587
5588
26860
38046
4849
4850
26491
3786
37457
3787
25821
25965
5475
5476
5643
5644
26888
3796
37459
3797
25833
25853
25970
5685
5686
5477
5478
26805
3696
37461
3697
25918
25920
5691
5692
5687
5688
26910
5697
5698
5693
5694
26913
3704
37463
3705
25923
25924
5459
5460
5699
5700
26916
5535
5536
4883
4884
26506
26508
3728
37465
3729
25934
25936
5591
5592
5537
5538
26835
5647
5648
5593
5594
26863
3736
37467
3737
25939
25940
5703
5704
5649
5650
26891
4891
4892
26509
26510
26512
4959
4960
26544
26546
5481
5482
5705
5706
26919
3760
37471
3761
25950
25952
5747
5748
5483
5484
26808
3768
37473
3769
25955
25956
5753
5754
5749
5750
26941
5759
5760
5755
5756
26944
4967
4968
26547
26548
26550
4899
4900
26513
26514
26516
5473
5474
5761
5762
26947
5035
5036
26582
26584
3582
38048
38050
38052
38054
38056
38058
38060
38062
38064
38066
38068
37469
3583
25849
25861
25863
5543
5544
4529
37703
4530
26315
26331
5597
5598
5545
5546
26839
5653
5654
5599
5600
26866
4541
37707
4542
26335
26337
5709
5710
5655
5656
26894
4549
37711
4550
26340
26341
5765
5766
5711
5712
26922
5487
5488
5767
5768
26950
4557
37713
4558
26344
26345
5493
5494
5489
5490
26811
5549
5550
5495
5496
26814
4709
37775
4710
26416
26421
5809
5810
5551
5552
26842
4845
37811
4846
26329
26484
26489
5815
5816
5811
5812
26972
5821
5822
5817
5818
26975
4717
37763
4718
26424
26425
5605
5606
5823
5824
26978
5659
5660
5607
5608
26870
4853
37813
4854
26492
26493
5715
5716
5661
5662
26897
3792
38070
38072
37477
3793
25842
25966
25968
5771
5772
5717
5718
26925
5827
5828
5773
5774
26953
3800
38074
37479
3801
25846
25859
25971
25972
5871
5872
5829
5830
26981
5877
5878
5873
5874
27003
4975
4976
26551
26552
26554
5043
37871
5044
26585
26586
26588
3614
38076
38078
38080
38082
38084
38086
38088
38090
38092
38094
38096
38098
37475
3615
25873
25877
25879
5883
5884
5879
5880
27006
4907
37869
4908
26517
26518
26520
5541
5542
5885
5886
27009
5111
5112
26620
26622
4983
37867
4984
26555
26556
26558
5051
37865
5052
26589
26590
26592
5119
5120
26623
26624
26626
5555
5556
3646
37481
3647
25889
25893
25895
5611
5612
5557
5558
26845
4915
37863
4916
26521
26522
26524
5187
37903
5188
26658
26660
4991
37861
4992
26559
26560
26562
5667
5668
5613
5614
26873
5059
37859
5060
26593
26594
26596
5127
37901
5128
26627
26628
26630
5195
37899
5196
26661
26662
26664
3678
37483
3679
25905
25909
25911
5721
5722
5669
5670
26901
5777
5778
5723
5724
26928
4923
37857
4924
26525
26526
26528
5263
5264
26696
26698
4569
37719
4570
26175
26351
5833
5834
5779
5780
26956
4579
37745
4580
26183
26204
26356
5889
5890
5835
5836
26984
4587
37739
4588
26212
26228
26360
5603
5604
5891
5892
27012
4725
37769
4726
26236
26374
26429
5945
5946
4861
37835
4862
26382
26442
26497
4999
37855
5000
26563
26564
26566
5617
5618
5947
5948
27040
5067
37853
5068
26597
26598
26600
5135
37897
5136
26631
26632
26634
5203
37895
5204
26665
26666
26668
5951
5952
5619
5620
26876
5271
37919
5272
26699
26700
26702
3710
38100
38102
38104
38106
38108
38110
38112
37485
3711
25921
25925
25927
5673
5674
5953
5954
27043
4931
37833
4932
26529
26530
26532
5339
37937
5340
26734
26736
4937
37831
4938
26535
5729
5730
5675
5676
26904
5007
37851
5008
26567
26568
26570
5075
37849
5076
26601
26602
26604
5143
37893
5144
26635
26636
26638
5211
37891
5212
26669
26670
26672
5783
5784
5731
5732
26932
5279
37917
5280
26703
26704
26706
5347
37935
5348
26737
26738
26740
3742
38114
38116
37487
3743
25937
25941
25943
5839
5840
5785
5786
26959
4945
37829
4946
26533
26536
26537
26539
5895
5896
5841
5842
26987
5417
37955
5418
26773
26775
5013
37847
5014
26573
5021
37839
5022
26571
26574
26575
26577
5083
37845
5084
26605
26606
26608
5665
5666
5897
5898
27015
5151
37879
5152
26639
26640
26642
5219
37889
5220
26673
26674
26676
5287
37915
5288
26707
26708
26710
5679
5680
5355
37933
5356
26741
26742
26744
5425
5426
26776
26777
26779
3774
38118
38120
38122
37489
3775
25953
25957
25959
5957
5958
5681
5682
26907
4951
37837
4952
26542
5089
37843
5090
26611
5735
5736
5959
5960
27046
4575
37727
4576
26191
26352
26354
5791
5792
5737
5738
26935
4583
37731
4584
26193
26216
26357
26358
6005
6006
5793
5794
26963
5845
5846
6007
6008
27070
4591
37735
4592
26218
26240
26361
26362
5901
5902
5847
5848
26990
5727
5728
5903
5904
27018
4729
37771
4730
26242
26386
26430
26431
6011
6012
4865
37819
4866
26388
26454
26498
26499
5741
5742
6013
6014
27073
5963
5964
5743
5744
26938
4563
37717
4564
26332
26348
5797
5798
5965
5966
27049
5853
5854
5799
5800
26966
4721
38124
37765
4722
26422
26427
5907
5908
5855
5856
26994
4857
38126
37817
4858
26346
26490
26495
5789
5790
5909
5910
27021
6065
6066
5097
37877
5098
26609
26612
26613
26615
5159
37875
5160
26643
26644
26646
6017
6018
6067
6068
27100
5227
37887
5228
26677
26678
26680
5295
37913
5296
26711
26712
26714
5363
37953
5364
26745
26746
26748
5803
5804
6019
6020
27076
5433
5434
26780
26781
26783
5027
37841
5028
26543
26580
5503
38009
5504
26818
3806
38128
38130
38132
38134
38136
38138
38140
38142
38144
38146
38148
38150
38152
37491
3807
25969
25973
25975
5969
5970
5805
5806
26969
5165
37885
5166
26649
6071
6072
5971
5972
27052
5509
38007
5510
26819
26821
5173
37883
5174
26647
26650
26651
26653
5235
37911
5236
26681
26682
26684
5303
37931
5304
26715
26716
26718
5859
5860
6073
6074
27103
5371
37951
5372
26749
26750
26752
5441
38005
5442
26784
26785
26787
5103
37873
5104
26581
26618
5565
5566
26849
5915
5916
5861
5862
26997
5241
37909
5242
26687
5515
5516
26822
26824
5571
38011
5572
26850
26852
5249
37907
5250
26685
26688
26689
26691
5851
5852
5917
5918
27025
5311
37929
5312
26719
26720
26722
5379
37949
5380
26753
26754
26756
5449
37969
5450
26788
26789
26791
6023
6024
5179
37881
5180
26619
26656
5627
38019
5628
26880
5317
37927
5318
26725
5521
38015
5522
26825
26827
5865
5866
6025
6026
27079
5577
38013
5578
26853
26855
5633
38021
5634
26881
26883
5325
37925
5326
26723
26726
26727
26729
5387
37947
5388
26757
26758
26760
5975
5976
5867
5868
27000
5457
37989
5458
26792
26793
26795
5255
37905
5256
26657
26694
5689
5690
26911
5393
37945
5394
26763
6125
6126
5977
5978
27055
5527
38017
5528
26828
26830
5583
38031
5584
26856
26858
5639
38029
5640
26884
26886
5695
5696
26912
26914
6077
6078
6127
6128
27130
5401
37943
5402
26761
26764
26765
26767
5465
37987
5466
26796
26797
26799
5331
37923
5332
26695
26732
5751
5752
26942
5921
5922
6079
6080
27106
5471
38041
5472
26802
5533
38045
5534
26831
26833
5589
38069
5590
26859
26861
5645
38067
5646
26887
26889
5913
5914
5923
5924
27028
5701
38065
5702
26915
26917
5757
38063
5758
26943
26945
5479
38061
5480
26800
26803
26804
26806
6029
6030
5407
37941
5408
26733
26770
5813
5814
26973
5539
38059
5540
26834
26836
5595
38057
5596
26862
26864
6131
6132
6031
6032
27082
5651
38055
5652
26890
26892
5707
38053
5708
26918
26920
5763
38051
5764
26946
26948
5819
5820
26974
26976
5927
5928
6133
6134
27133
4597
38154
38156
38158
38160
38162
38164
38166
38168
38170
38172
37737
4598
26349
26365
5981
5982
5929
5930
27031
4733
37773
4734
26428
26433
6083
6084
5983
5984
27058
6035
6036
6085
6086
27109
4869
37821
4870
26363
26496
26501
6185
6186
6037
6038
27085
6137
6138
6187
6188
27160
5485
38049
5486
26771
26772
26809
5875
38099
5876
26540
27004
5547
38097
5548
26837
26838
26840
5881
5882
26578
27005
27007
5933
5934
6139
6140
27136
5601
38095
5602
26865
26867
5657
38093
5658
26893
26895
5713
38091
5714
26921
26923
5769
38089
5770
26949
26951
5987
5988
5935
5936
5825
38087
5826
26977
26979
5491
38085
5492
26810
26812
5609
38083
5610
26868
26869
26871
5887
5888
26616
27008
27010
6089
6090
5989
5990
27061
5553
38081
5554
26841
26843
5663
38073
5664
26896
26898
5719
38079
5720
26924
26926
5775
38075
5776
26952
26954
6191
6192
6091
6092
27112
5831
38077
5832
26980
26982
5497
38071
5498
26815
5559
5560
26816
26846
5671
5672
26899
26900
26902
6041
6042
6193
6194
27163
5893
38113
5894
26654
27011
27013
5615
38111
5616
26872
26874
5725
38109
5726
26927
26929
5781
38107
5782
26955
26957
6143
6144
6043
6044
27088
5837
38105
5838
26983
26985
5949
38103
5950
27041
5621
38101
5622
26847
26877
5955
5956
27042
27044
5939
5940
6145
6146
27139
5733
38117
5734
26930
26931
26933
5899
38123
5900
26692
27014
27016
5677
38115
5678
26903
26905
5787
38121
5788
26958
26960
5993
5994
5941
5942
5843
38119
5844
26986
26988
6009
38153
6010
27071
5683
38151
5684
26878
26908
5961
38149
5962
27045
27047
6095
6096
5995
5996
5795
38147
5796
26961
26962
26964
5905
38145
5906
26730
27017
27019
5739
38143
5740
26934
26936
5849
38141
5850
26989
26991
6245
6246
6097
6098
27115
6015
38139
6016
27072
27074
5745
38137
5746
26909
26939
5967
38135
5968
27048
27050
6197
6198
6247
6248
27190
5857
38127
5858
26992
26993
26995
5911
38133
5912
26768
27020
27022
5801
38125
5802
26965
26967
6069
38131
6070
27101
6021
38129
6022
27075
27077
6047
6048
6199
6200
27166
4875
38174
38176
38178
38180
38182
38184
38186
38188
38190
38192
38194
37825
4876
26504
6149
6150
6049
6050
27091
5807
5808
26940
26970
5973
5974
27051
27053
6075
6076
27102
27104
5919
38173
5920
26807
27023
27024
27026
5999
6000
6151
6152
27142
5863
38171
5864
26996
26998
6027
38169
6028
27078
27080
5869
38167
5870
26971
27001
5979
38165
5980
27054
27056
6251
6252
6001
6002
6129
38163
6130
27131
6081
38161
6082
27105
27107
5925
38159
5926
27027
27029
6033
38157
6034
27081
27083
6101
6102
6253
6254
27193
6135
38155
6136
27132
27134
5931
5932
27002
27032
5985
5986
27057
27059
6087
6088
27108
27110
6419
6420
6103
6104
27118
6039
6040
27084
27086
6189
6190
27161
6141
6142
27135
27137
5991
38195
5992
27060
27062
6203
6204
6421
6422
5937
38193
5938
27035
6093
38191
6094
27111
27113
6195
38189
6196
27162
27164
6053
6054
6045
38187
6046
27087
27089
6205
6206
27169
6147
38185
6148
27138
27140
5943
38183
5944
27038
5997
38181
5998
27065
6155
6156
6055
6056
6099
38179
6100
27114
27116
6249
38177
6250
27191
6201
38175
6202
27165
27167
6051
6052
27090
27092
6425
6426
6157
6158
27145
6153
6154
27141
27143
6003
6004
27039
27068
6423
6424
27278
6305
6306
6427
6428
6255
6256
27192
27194
6105
6106
27117
27119
6207
6208
27168
27170
6057
6058
27095
6257
6258
6307
6308
27220
6159
6160
27144
27146
6429
6430
27279
27281
6309
6310
27221
6107
6108
6259
6260
27196
4015
37493
37617
37619
37621
4016
26077
6261
6262
27195
27197
6209
6210
6109
6110
27121
6111
6112
27120
27122
4025
37495
4026
26082
6059
6060
6211
6212
27172
6213
6214
27171
27173
4066
37539
4067
26102
6521
6522
6061
6062
6063
6064
27069
27098
4021
37497
37609
37611
37615
4022
26078
26080
6311
6312
6523
6524
6161
6162
6313
6314
27223
6525
6526
27329
6315
6316
27222
27224
6359
6360
6163
6164
27148
4029
37499
4030
26083
26084
6263
6264
6361
6362
27247
6165
6166
27147
27149
6113
6114
6265
6266
27199
6363
6364
27248
6267
6268
27198
27200
4041
37501
4042
26090
6215
6216
6115
6116
6117
6118
27125
4051
37503
4052
25713
26095
6431
6432
6217
6218
27175
6219
6220
27174
27176
4070
37505
4071
26103
26104
6527
6528
6433
6434
6317
6318
6529
6530
6435
6436
27282
27284
6531
6532
27330
27332
6365
6366
6319
6320
27226
6321
6322
27225
27227
4078
37507
4079
25376
25687
26108
6167
6168
6367
6368
27250
6369
6370
27249
27251
4047
37509
4048
26091
26093
6461
6462
6169
6170
27151
6269
6270
6463
6464
27298
6171
6172
27150
27152
6465
6466
27299
4055
37511
4056
25719
26096
26097
6119
6120
6271
6272
27202
6221
6222
6121
6122
6273
6274
27201
27203
6123
6124
27099
27128
6323
6324
6223
6224
27178
6225
6226
27177
27179
4082
37513
4083
25702
25706
26109
26110
6623
6624
6325
6326
27229
6371
6372
6625
6626
6627
6628
27380
6327
6328
27228
27230
4035
37515
4036
26087
6467
6468
6373
6374
27253
6375
6376
27252
27254
4074
37517
4075
26106
6173
6174
6469
6470
27301
6471
6472
27300
27302
6275
6276
6175
6176
4091
37527
4092
26114
6437
6438
6277
6278
27205
6177
6178
27155
6279
6280
27204
27206
4102
37531
4103
26119
6533
6534
6439
6440
6441
6442
27285
27287
4113
37533
4114
26085
26124
6629
6630
6535
6536
6537
6538
27333
27335
6227
6228
6631
6632
6633
6634
27381
27383
4122
37535
4123
26081
26105
26128
6563
6564
6229
6230
27181
6231
6232
27180
27182
3819
37525
3820
25981
4061
37519
4062
26088
26100
6329
6330
6565
6566
27349
6377
6378
6331
6332
27232
6567
6568
27350
4063
26101
6333
6334
27231
27233
6473
6474
6379
6380
27256
3868
37523
3869
26005
6381
6382
27255
27257
4086
37521
4087
26107
26112
6179
6180
6475
6476
27304
6281
6282
6181
6182
6477
6478
27303
27305
4088
26113
6183
6184
27129
27158
3825
37559
3826
25982
25984
6725
6726
6283
6284
27208
6285
6286
27207
27209
3917
37599
3918
26029
4095
37529
4096
26115
26116
6569
6570
6727
6728
6233
6234
6571
6572
27352
6729
6730
27431
4097
26117
6573
6574
27351
27353
3874
37649
3875
26006
26008
6335
6336
6235
6236
3966
37657
3967
26053
6237
6238
27185
3923
37725
3924
26030
26032
4108
37537
4109
26120
26122
6383
6384
6337
6338
27235
6479
6480
6385
6386
27259
6339
6340
27234
27236
4110
26123
6387
6388
27258
27260
6443
6444
6481
6482
27307
3831
37729
3832
25985
25987
6483
6484
27306
27308
3972
37733
3973
26054
26056
3588
37743
3589
25864
25866
6539
6540
6445
6446
3880
37741
3881
26009
26011
6447
6448
27288
27290
4117
37543
4118
26098
26125
26126
6635
6636
6541
6542
6731
6732
6637
6638
6543
6544
27336
27338
4119
26127
6639
6640
27384
27386
6287
6288
6733
6734
6735
6736
27432
27434
3929
37753
3930
26033
26035
6665
6666
6289
6290
27211
3620
37787
3621
25867
25880
25882
6291
6292
27210
27212
4126
37547
4127
26094
26111
26129
26130
6575
6576
6667
6668
27400
6239
6240
6577
6578
27355
6669
6670
27401
4128
26131
6579
6580
27354
27356
3837
37767
3838
25988
25990
3978
37801
3979
26057
26059
6827
6828
6241
6242
3886
37815
3887
26012
26014
6243
6244
27159
27188
3652
37823
3653
25883
25896
25898
6341
6342
6829
6830
3935
37921
3936
26036
26038
6831
6832
27482
3843
37939
3844
25991
25993
3984
37967
3985
26060
26062
6389
6390
6343
6344
27238
3684
37957
3685
25899
25912
25914
6345
6346
27237
27239
3892
37965
3893
26015
26017
3941
37963
3942
26039
26041
6485
6486
6391
6392
27262
3716
37961
3717
25915
25930
6393
6394
27261
27263
3849
37959
3850
25994
25996
3990
37985
3991
25928
26063
26065
6671
6672
6487
6488
27310
3898
37983
3899
26018
26020
6489
6490
27309
27311
3748
37981
3749
25931
25946
3947
37979
3948
26042
26044
6293
6294
6673
6674
27403
3855
37977
3856
25997
25999
6675
6676
27402
27404
3996
37975
3997
25944
26066
26068
3780
37973
3781
25947
25962
6581
6582
6295
6296
3904
37971
3905
26021
26023
6297
6298
27215
3953
38003
3954
26045
26047
3812
38001
3813
25963
25978
6449
6450
6583
6584
27358
3861
37999
3862
26000
26002
3814
25979
6585
6586
27357
27359
3863
26003
4002
37997
4003
25960
26069
26071
3910
37995
3911
26024
26026
6545
6546
6451
6452
38196
38198
38200
6453
6454
27291
27293
3912
26027
3959
37993
3960
26048
26050
4008
37991
4009
25976
26072
26074
3961
26051
6641
6642
6547
6548
6549
6550
27339
27341
4010
26075
6737
6738
6643
6644
6645
6646
27387
27389
6833
6834
6739
6740
6741
6742
27435
27437
6347
6348
6835
6836
6837
6838
27483
27485
6395
6396
6349
6350
27241
6351
6352
27240
27242
6491
6492
6397
6398
27265
6399
6400
27264
27266
6767
6768
6493
6494
27313
6495
6496
27312
27314
6677
6678
6769
6770
27451
6771
6772
27452
6299
6300
6679
6680
27406
6681
6682
27405
27407
6929
6930
6301
6302
6303
6304
27189
27218
6587
6588
6931
6932
6933
6934
27533
6773
6774
6589
6590
27361
6591
6592
27360
27362
6353
6354
6775
6776
27454
6777
6778
27453
27455
6401
6402
6355
6356
6357
6358
26505
27245
6497
6498
6403
6404
27268
6405
6406
27267
27269
6683
6684
6499
6500
27316
6501
6502
27315
27317
6455
6456
6685
6686
27409
6687
6688
27408
27410
6551
6552
6457
6458
38202
38204
38206
38208
38210
38212
38214
38216
38218
38220
38222
38224
38226
38228
38230
38232
38234
38236
38238
38240
38242
38244
38246
38248
38250
38252
6459
6460
27294
27296
6647
6648
6553
6554
6555
6556
27342
27344
6743
6744
6649
6650
6651
6652
27390
27392
6839
6840
6745
6746
6747
6748
27438
27440
6935
6936
6841
6842
6843
6844
27486
27488
6593
6594
6937
6938
6939
6940
27534
27536
6869
6870
6595
6596
27364
6597
6598
27363
27365
6779
6780
6871
6872
27502
6873
6874
27503
6407
6408
6781
6782
27457
6783
6784
27456
27458
6503
6504
6409
6410
6411
6412
27219
27272
7033
7034
6505
6506
27319
6507
6508
27318
27320
6689
6690
7035
7036
7037
7038
27036
27585
6875
6876
6691
6692
27412
6693
6694
27411
27413
6599
6600
6877
6878
27505
6879
6880
27504
27506
6785
6786
6601
6602
27367
6603
6604
27366
27368
6509
6510
6787
6788
27460
6789
6790
27459
27461
6557
6558
6511
6512
6513
6514
27297
27323
6653
6654
6559
6560
6561
6562
27345
27347
6749
6750
6655
6656
6657
6658
27393
27395
6845
6846
6751
6752
6753
6754
27441
27443
6941
6942
6847
6848
6849
6850
27489
27491
7039
7040
6943
6944
6945
6946
27537
27539
6695
6696
7041
7042
7043
7044
27066
27586
27588
6971
6972
6697
6698
27415
6699
6700
27414
27416
6881
6882
6973
6974
27553
6975
6976
27554
6413
6414
6883
6884
27508
6885
6886
27507
27509
6605
6606
6415
6416
6417
6418
27275
6791
6792
6607
6608
27370
6609
6610
27369
27371
6977
6978
6793
6794
27463
6795
6796
27462
27464
6701
6702
6979
6980
27556
6981
6982
27555
27557
6887
6888
6703
6704
27418
6705
6706
27417
27419
6515
6516
6889
6890
27511
6891
6892
27510
27512
6611
6612
6517
6518
6519
6520
27276
27326
6659
6660
6613
6614
6615
6616
27348
27374
6755
6756
6661
6662
6663
6664
27396
27398
6851
6852
6757
6758
6759
6760
27444
27446
6947
6948
6853
6854
6855
6856
27492
27494
7045
7046
6949
6950
6951
6952
27540
27542
7141
7142
7047
7048
7049
7050
27096
27589
27591
6797
6798
7143
7144
7145
7146
27639
7075
7076
6799
6800
27466
6801
6802
27465
27467
6983
6984
7077
7078
27605
7079
7080
26813
27606
6707
6708
6985
6986
27559
6987
6988
27558
27560
6893
6894
6709
6710
27421
6711
6712
27420
27422
7147
7148
6895
6896
27514
6897
6898
27513
27515
7081
7082
7149
7150
38254
38256
38258
38260
38262
7151
7152
27640
27642
6803
6804
7083
7084
27608
7085
7086
26844
27607
27609
6989
6990
6805
6806
27469
6807
6808
27468
27470
6617
6618
6991
6992
27562
6993
6994
27561
27563
6713
6714
6619
6620
6621
6622
27327
27377
6761
6762
6715
6716
6717
6718
27399
27425
6857
6858
6763
6764
6765
6766
27447
27449
6953
6954
6859
6860
6861
6862
27495
27497
7051
7052
6955
6956
6957
6958
27543
27545
7197
7198
7053
7054
7055
7056
27126
27592
27594
6899
6900
7199
7200
7201
7202
27667
7087
7088
6901
6902
27517
6903
6904
27516
27518
6809
6810
7089
7090
27611
7091
7092
26875
27610
27612
6995
6996
6811
6812
27472
6813
6814
27471
27473
7153
7154
6997
6998
27565
6999
7000
27564
27566
7203
7204
7155
7156
7157
7158
27643
27645
6905
6906
7205
7206
7207
7208
27668
27670
7093
7094
6907
6908
27520
6909
6910
27519
27521
6719
6720
7095
7096
27614
7097
7098
26906
27613
27615
6815
6816
6721
6722
6723
6724
27378
27428
6863
6864
6817
6818
6819
6820
27450
27476
6959
6960
6865
6866
6867
6868
27498
27500
7057
7058
6961
6962
6963
6964
27546
27548
7253
7254
7059
7060
7061
7062
27156
27595
27597
7001
7002
7255
7256
7257
7258
27695
6911
6912
7003
7004
27568
7005
7006
27567
27569
7099
7100
6913
6914
27523
6915
6916
27522
27524
7159
7160
7101
7102
27617
7103
7104
26937
27616
27618
7209
7210
7161
7162
7163
7164
27646
27648
7259
7260
7211
7212
7213
7214
27671
27673
7007
7008
7261
7262
7263
7264
27696
27698
6821
6822
7009
7010
27571
7011
7012
27570
27572
6917
6918
6823
6824
6825
6826
27429
27479
6965
6966
6919
6920
6921
6922
27501
27527
7063
7064
6967
6968
6969
6970
27549
27551
7309
7310
7065
7066
7067
7068
27186
27598
27600
7105
7106
7311
7312
7313
7314
27723
7013
7014
7107
7108
27620
7109
7110
26968
27619
27621
7165
7166
7015
7016
27574
7017
7018
27573
27575
7215
7216
7167
7168
7169
7170
27649
27651
7265
7266
7217
7218
7219
7220
27674
27676
7315
7316
7267
7268
7269
7270
27699
27701
7111
7112
7317
7318
7319
7320
27724
27726
6923
6924
7113
7114
27623
7115
7116
26999
27622
27624
7019
7020
6925
6926
38264
38266
6927
6928
27480
27530
7069
7070
7021
7022
7023
7024
27552
27578
7533
7534
7365
7366
7535
37597
7536
25558
27834
7537
7538
7539
7540
27836
7541
7542
7117
7118
7543
7544
26436
26438
27838
7545
7546
7171
7172
7547
7548
27840
7549
7550
7221
7222
7551
37595
7552
25606
27842
7553
7554
7271
7272
7555
7556
27844
7557
7558
7321
7322
7559
7560
26444
26446
27846
7561
7562
7371
7372
7563
7564
27848
7565
37785
7566
7025
7026
7567
7568
27850
7569
7570
7571
7572
26440
27852
7573
7574
7123
7124
7575
7576
26448
27854
7577
7578
7421
7422
7579
7580
27851
27856
7581
7582
7031
7032
7585
7586
38268
7583
7584
26390
27858
7177
7178
7589
7590
38270
7587
7588
27860
7593
7594
7227
7228
7591
7592
27861
27862
7597
7598
7277
7278
7071
7072
7367
7368
7327
7328
7119
7120
27626
7173
7174
7599
7600
27866
7601
7602
7377
7378
38272
38274
38276
38278
7595
7596
26396
27859
27864
7605
38280
38282
38284
38286
38288
38290
38292
38294
38296
38298
37793
7606
7427
7428
7609
38300
38302
38304
38306
38308
38310
38312
37795
7610
7603
7604
27867
27868
7183
7184
7613
7614
38314
38316
38318
38320
38322
7617
7618
7129
7130
7611
7612
27872
7621
7622
7607
7608
26402
27865
27870
7477
7478
7625
7626
7185
7186
38324
7629
7630
7615
38326
38323
7616
27873
27874
7633
7634
7233
7234
7223
7224
7283
7284
7273
7274
7323
7324
7623
7624
27878
7373
7374
7637
7638
7333
7334
7619
7620
26408
27871
27876
7645
7646
7383
7384
38328
38330
38332
38334
38336
7641
7642
7627
38338
38325
7628
27879
27880
7433
7434
7649
38340
38342
38047
7650
7483
7484
38344
7653
38346
38043
7654
7635
7636
27884
7657
38348
38039
7658
7239
7240
7631
38350
38327
38035
38037
7632
26414
27877
27882
7661
38352
38354
38356
38358
38033
7662
7135
7136
38360
7665
38362
38027
7666
7639
7640
27885
27886
7191
7192
7669
38364
37827
7670
7241
7242
7673
7674
7647
38366
38368
38337
7648
27890
7677
7678
7681
7682
7685
7686
7689
7690
7693
7694
7289
7290
7643
38339
7644
26420
27883
27888
7697
7698
7701
7702
7705
7706
7709
7710
7713
7714
7339
7340
7717
7718
7721
7722
7725
7726
7729
7730
7651
38370
38372
38374
38376
38378
38380
38382
38384
38386
38345
7652
27891
27892
7741
7742
7745
7746
7389
7390
7749
7750
7753
7754
7757
7758
7761
7762
7765
7766
7439
7440
7733
7734
7769
7770
7659
7660
26450
27841
27896
7777
7778
7781
7782
7785
7786
7489
7490
7789
7790
7793
7794
7663
38388
38390
38392
38394
38396
38398
38400
38402
38404
38406
38408
38410
38361
7664
26456
27853
27897
27898
7797
7798
7801
7802
7737
7738
7813
7814
7295
7296
7817
7818
7821
7822
7825
7826
7829
7830
7833
7834
7655
38412
38414
38416
38418
38351
38251
38253
7656
26426
27889
27894
7773
7774
7805
7806
7849
38249
7850
7247
7248
7853
38247
7854
7857
38245
7858
7861
7862
7865
7866
7837
7838
7297
7298
7869
7870
7667
38241
38243
7668
26432
27895
27900
7809
7810
7841
7842
7885
38239
7886
7889
38237
7890
7893
7894
7345
7346
7897
7898
7901
7902
7873
7874
7905
7906
7671
38420
38422
38424
38426
38428
38430
38432
38434
38436
38438
38440
38442
38444
38446
38448
38450
38452
38454
38369
38233
38235
7672
27902
7027
7028
7395
7396
7125
7126
7423
7424
7179
7180
7229
7230
7675
38367
38231
7676
27904
7279
7280
7679
7680
27906
7445
7446
7329
7330
7845
7846
7683
38229
7684
27908
7379
7380
38456
38458
38460
38462
38464
38466
38468
38470
38472
38474
38476
38478
38480
38482
38484
38486
38488
38490
38492
38494
38496
38498
38500
38502
38504
38506
38508
38510
38512
38514
38516
38518
38520
38522
38524
38526
38528
38530
38532
38534
38536
38538
38540
38542
38544
38546
38548
7687
7688
27907
27910
7877
7878
7881
7882
7909
7910
7743
7744
27938
7495
7496
7913
7914
7691
38227
7692
27912
7917
7918
7921
38225
7922
38550
38552
38554
38556
38558
38560
38562
38564
38566
38568
38570
38572
38574
38576
38578
38580
38582
38584
38586
38588
38590
38592
38594
38596
38598
38600
38602
38604
38606
38608
7747
7748
27939
27940
7429
7430
7925
7926
7695
7696
27911
27914
7351
7352
7929
7930
7933
7934
7779
38411
7780
27956
7937
7938
7941
7942
7699
38387
38223
7700
27916
7945
7946
38610
38612
38614
38616
38618
38620
38622
38624
38626
7751
38409
7752
27941
27942
7949
7950
7959
7960
7953
7954
7783
38407
7784
27957
27958
7957
7958
7963
7964
7967
7968
7703
38628
38385
7704
27915
27918
7971
7972
38630
7975
7976
38632
7979
7980
7815
7816
27974
7983
7984
7707
38634
38383
38221
7708
27920
7987
7988
38636
38638
38640
7755
38642
38405
7756
27943
27944
7999
38263
8000
7303
7304
38644
8003
38261
8004
38646
8007
8008
7787
38648
38403
7788
27959
27960
8011
8012
38650
8015
8016
7819
7820
27975
27976
8019
8020
38652
8023
8024
8027
8028
38654
7131
7132
7711
38656
38381
7712
27919
27922
8037
8038
38658
8041
8042
7851
7852
27992
8045
8046
38660
8049
8050
7715
38662
38379
38219
7716
27924
8053
8054
38664
38666
38668
38670
38672
38674
38676
38678
38680
38682
38684
38686
38688
38690
38692
38694
7759
38696
38401
7760
27945
27946
8057
8058
38698
7479
7480
7353
7354
7791
38700
38399
7792
27961
27962
7991
7992
38702
7187
7188
38704
7235
7236
7823
7824
27977
27978
7285
7286
38706
8075
8076
8065
8066
7855
7856
27993
27994
8079
8080
38708
8083
8084
38710
8087
8088
7719
38712
38377
7720
27923
27926
8091
8092
38714
7335
7336
7887
38716
38455
7888
28010
7385
7386
38718
7435
7436
7723
38720
38375
38217
7724
27928
8113
8114
8103
8104
38722
38724
38726
38728
7763
38730
38397
7764
27947
27948
8117
8118
38732
8121
8122
7795
38734
38395
7796
27963
27964
8125
8126
38736
7485
7486
38738
8029
8030
7827
38740
38453
7828
27979
27980
8061
8062
38742
8095
8096
7859
38744
38451
7860
27995
27996
8151
8152
8141
8142
38746
8155
8156
38748
8159
8160
7891
38750
38449
7892
28011
28012
8129
8130
38752
8163
8164
7727
38754
38373
7728
27927
27930
8189
8190
38756
8193
8194
38758
8197
8198
7923
7924
28028
7137
7138
7731
38760
38371
38215
7732
27903
27932
7401
7402
7995
7996
38762
38764
38766
38768
38770
38772
7767
38774
38393
7768
27949
27950
7193
7194
38776
7243
7244
38778
8227
8228
7799
38780
38447
7800
27965
27966
8231
8232
7451
7452
38782
7291
7292
7831
38784
38419
7832
27981
27982
7341
7342
38786
7391
7392
38788
7441
7442
7863
38790
38445
7864
27997
27998
38792
38794
38796
38798
38800
38802
38804
38806
38808
38810
38812
38814
38816
38818
38820
38822
38824
38826
8265
8266
7501
7502
7895
38443
7896
28013
28014
7927
7928
28029
28030
7491
7492
8033
8034
8267
37593
8268
25641
28200
8269
8270
7407
7408
7735
38391
38259
7736
27931
27934
8067
8068
8099
8100
8133
8134
7961
7962
27905
28047
8167
8168
8179
8180
8271
8272
28202
8273
8274
38828
38830
38832
7965
7966
27909
28048
28049
8201
8202
38834
38836
38838
38840
38842
38844
38846
38848
38850
38852
38854
38856
38858
38860
8277
8278
8275
8276
27835
27837
28204
7359
7360
8235
8236
8281
8282
8279
8280
28206
7409
7410
8283
37591
8284
25649
28208
8285
8286
7457
7458
7771
38389
38257
7772
27951
27952
7249
7250
8289
8290
8287
8288
28210
7507
7508
7299
7300
8293
8294
8291
8292
27843
27845
28212
7463
7464
8297
8298
8295
8296
28214
8217
8218
8301
8302
8299
8300
28216
8305
8306
8303
8304
27839
28218
7415
7416
8309
8310
8307
8308
27847
28220
7465
7466
8313
8314
8311
8312
28217
28222
7513
7514
7347
7348
8317
8318
8315
8316
26458
28224
7519
7520
8321
8322
38862
38864
38866
38868
38870
38872
8319
8320
28226
8329
8330
8255
8256
8323
8324
28227
28228
8325
8326
38874
38876
38878
38880
38882
38884
38886
8333
8334
7471
7472
8331
8332
28232
8337
38888
38890
38313
8338
7521
7522
38892
8327
38309
38311
8328
26464
28225
28230
8341
8342
7527
7528
7397
7398
7447
7448
38894
38896
38898
8345
8346
8335
8336
28233
28234
8349
8350
38900
8353
8354
8343
8344
28238
7497
7498
8339
38899
8340
26470
28231
28236
8357
8358
38902
38904
8365
8366
8347
8348
28239
28240
8361
8362
38906
8369
8370
8355
8356
28244
8373
8374
8351
38908
38901
38627
8352
26476
28237
28242
8377
38910
38912
38343
8378
38914
8381
38916
38347
8382
8359
38918
38905
8360
28245
28246
8385
38349
8386
38920
8389
38922
38359
8390
38924
8367
8368
28250
8071
8072
8393
38926
38363
8394
38928
8363
38930
38932
38907
38355
38357
8364
26482
28243
28248
8397
38365
8398
38934
8401
38936
38609
8402
8371
8372
28251
28252
8405
38607
8406
8409
38605
8410
8413
38603
8414
8417
38601
8418
8421
38599
8422
8379
38915
8380
28256
8425
38597
8426
8429
38595
8430
8433
38593
8434
8437
38591
8438
8441
38589
8442
38938
38940
38942
38944
38946
38948
38950
38952
38954
38956
38958
8375
38960
38962
38964
38966
38968
38909
38585
38587
8376
26488
28249
28254
8445
38583
8446
8449
38581
8450
8453
38579
8454
8457
38577
8458
8461
38575
8462
8473
38573
8474
8477
38571
8478
8481
38569
8482
8485
38567
8486
8383
38970
38972
38974
38976
38978
38980
38982
38984
38986
38988
38919
8384
28257
28258
8489
38565
8490
8493
38549
8494
8497
38547
8498
8465
38545
8466
8501
38543
8502
8509
38541
8510
8513
38539
8514
8517
38537
8518
8521
38535
8522
8391
8392
27849
28207
28262
8525
38533
8526
8529
38531
8530
8533
38529
8534
8469
38527
8470
8395
38990
38992
38994
38996
38998
38933
8396
27855
28219
28263
28264
8545
38525
8546
8549
38523
8550
8553
38521
8554
8557
38519
8558
8561
38517
8562
8565
38515
8566
8505
38513
8506
8537
38511
8538
8569
38509
8570
8387
39000
39002
39004
39006
39008
39010
39012
39014
39016
38921
38505
38507
8388
26494
28255
28260
8581
38503
8582
8585
38501
8586
8589
38499
8590
8593
38497
8594
8597
38495
8598
8601
38493
8602
8541
38491
8542
8573
38489
8574
8605
38487
8606
8399
39018
39020
39022
39024
39026
39028
39030
38935
38483
38485
8400
26500
28261
28266
8617
38481
8618
8621
38479
8622
8625
38477
8626
8629
38475
8630
8633
38473
8634
8637
38471
8638
8577
38469
8578
8609
38563
8610
8641
38561
8642
8403
38465
38467
8404
26502
28268
8105
8106
8137
8138
8171
8172
8205
8206
8613
38559
8614
8407
38463
8408
28270
8239
8240
7305
7306
8411
8412
28272
7355
7356
8415
38461
8416
28274
7403
7404
8645
38557
8646
8419
8420
28273
28276
8653
38555
8654
8649
38553
8650
8475
38989
8476
28304
8657
38625
8658
8423
39032
38987
38551
8424
28278
8661
38623
8662
39034
8665
38621
8666
39036
39038
39040
39042
39044
39046
39048
39050
39052
39054
39056
39058
39060
39062
39064
39066
39068
39070
39072
39074
39076
39078
39080
39082
39084
39086
39088
39090
39092
39094
39096
39098
39100
39102
39104
39106
39108
39110
39112
39114
39116
39118
39120
39122
39124
39126
39128
39130
39132
39134
39136
39138
39140
39142
39144
39146
39148
39150
39152
39154
39156
39158
39160
39162
39164
39166
39168
39170
39172
8479
39174
38985
8480
28305
28306
8669
38619
8670
39176
8673
38617
8674
8427
39178
38969
8428
28277
28280
8677
38615
8678
39180
8681
8682
8689
8690
39182
8691
8692
8511
8512
28322
8685
8686
8431
39184
38967
38613
8432
28282
8695
8696
39186
8699
8700
39188
39190
39192
39194
39196
39198
39200
39202
39204
39206
39208
8483
39210
38983
8484
28307
28308
8703
8704
39212
8707
8708
8515
8516
28323
28324
8711
38695
8712
39214
8715
38693
8716
39216
8719
38641
8720
8435
39218
38965
8436
28281
28284
8723
8724
39220
8731
38691
8732
8547
8548
28340
8735
38689
8736
8439
39222
38963
38639
8440
28286
8739
38687
8740
39224
8743
38685
8744
8487
39226
38981
8488
28309
28310
8747
38683
8748
39228
8751
38681
8752
8519
8520
28325
28326
8755
38679
8756
8759
8760
39230
8761
8762
39232
8727
8728
39234
39236
39238
39240
8551
8552
28341
28342
8769
38677
8770
39242
8773
38675
8774
8443
39244
38961
8444
28285
28288
8777
38673
8778
39246
8781
38671
8782
39248
8785
38669
8786
8583
8584
28358
8789
8790
8797
8798
8447
39250
38979
38667
8448
28290
8793
8794
39252
39254
39256
39258
39260
39262
39264
39266
39268
39270
39272
39274
39276
39278
39280
39282
39284
39286
39288
39290
39292
39294
39296
8491
8492
28311
28312
8765
8766
39298
8807
8808
39300
8811
8812
8523
8524
28327
28328
8815
8816
39302
8819
8820
8555
8556
28343
28344
8823
8824
39304
8827
8828
39306
8799
8800
8835
8836
39308
8587
8588
28359
28360
8831
8832
39310
8803
8804
8451
39312
38977
8452
28289
28292
8845
38729
8846
39314
8849
8850
39316
8853
8854
8619
8620
28376
8857
8858
8455
39318
38975
38727
8456
28294
8861
8862
39320
39322
39324
39326
39328
39330
39332
39334
39336
39338
39340
8495
39342
39017
8496
28313
28314
8865
8866
8873
8874
39344
8837
8838
39346
8869
8870
8527
39348
39015
8528
28329
28330
8883
8884
39350
8887
8888
8559
39352
39013
8560
28345
28346
8891
8892
39354
8895
38773
8896
39356
8899
8900
8591
39358
39031
8592
28361
28362
8903
8904
39360
7453
7454
8911
8912
39362
8623
8624
28377
28378
7503
7504
39364
8109
8110
39366
8921
38771
8922
8459
39368
38973
8460
28293
28296
8925
38769
8926
39370
8929
38767
8930
8655
8656
28394
8933
8934
8463
39372
38971
38765
8464
28269
28298
8937
8938
39374
8143
8144
8949
8950
39376
39378
39380
39382
8499
39384
39011
8500
28315
28316
8175
8176
39386
8209
8210
8531
39388
38999
8532
28331
28332
8959
8960
39390
8963
8964
39392
8967
8968
8563
39394
39009
8564
28347
28348
8971
8972
39396
8243
8244
8595
39398
39029
8596
28363
28364
8841
8842
39400
8875
8876
8987
8988
39402
8907
8908
8627
8628
28379
28380
8941
8942
39404
39406
39408
39410
39412
39414
39416
39418
39420
39422
39424
39426
39428
39430
39432
39434
39436
39438
39440
8997
8998
39442
8975
8976
9003
9004
8659
8660
28395
28396
9005
9006
9009
9010
39444
9011
9012
9015
9016
8467
39446
38997
8468
28297
28300
7361
7362
39448
7411
7412
39450
7459
7460
8693
8694
28271
28413
7509
7510
8697
8698
28275
28414
28415
8147
8148
39452
8181
8182
39454
8213
8214
7803
39456
38417
7804
27967
27968
9017
9018
9021
9022
39458
8247
8248
9027
9028
7835
39460
38415
7836
27983
27984
8879
8880
9033
9034
39462
8913
8914
9039
9040
7867
39464
38441
7868
27999
28000
8945
8946
9045
9046
39466
8979
8980
39468
9051
9052
7899
39470
38439
7900
28015
28016
9055
9056
39472
9059
9060
7931
39474
38887
7932
28031
28032
9023
9024
39476
9063
9064
39478
7417
7418
8503
39480
38995
8504
28317
28318
7467
7468
39482
9083
9084
8535
39484
38993
8536
28333
28334
9087
9088
39486
9091
9092
39488
9095
9096
8567
39490
39007
8568
28349
28350
7515
7516
39492
8185
8186
8599
39494
39027
8600
28365
28366
8219
8220
39496
8251
8252
9115
9116
8631
8632
28381
28382
8917
8918
9121
9122
39498
8951
8952
9127
9128
39500
8983
8984
9133
9134
8663
8664
28397
28398
9029
9030
9139
9140
39502
9067
9068
9145
9146
7739
38833
39504
38413
7740
27936
9099
9100
9151
9152
39506
7473
7474
9157
9158
39508
39510
39512
39514
39516
39518
39520
39522
39524
39526
39528
39530
39532
39534
39536
39538
8471
39540
38991
8472
28302
7523
7524
9163
9164
39542
39544
39546
39548
7969
39550
38885
7970
27913
28050
28051
8223
8224
39552
8257
8258
39554
8955
8956
8701
8702
28279
28416
28417
8989
8990
39556
9123
9124
7775
39558
38437
7776
27937
27954
9169
9170
39560
39562
39564
39566
39568
39570
39572
39574
39576
39578
39580
39582
39584
39586
39588
39590
39592
39594
39596
39598
39600
39602
39604
39606
39608
39610
39612
39614
39616
8999
9000
7807
38435
38255
7808
27969
27970
7839
38433
7840
27985
27986
9129
9130
7871
38431
7872
28001
28002
9201
9202
9173
9174
9205
9206
7903
38429
7904
28017
28018
9035
9036
9071
9072
7935
38883
7936
28033
28034
9103
9104
7529
7530
8261
8262
39618
39620
39622
39624
9233
9234
8507
39005
8508
28303
28320
9239
9240
8993
8994
9245
9246
9135
9136
9251
9252
8539
39003
8540
28335
28336
9177
9178
9257
9258
9209
9210
9263
9264
8571
39001
8572
28351
28352
9041
9042
9269
9270
9075
9076
9275
9276
9107
9108
9281
9282
8603
39025
8604
28367
28368
39626
9117
9118
8635
8636
28383
28384
8667
8668
28399
28400
9141
9142
9181
9182
8001
38861
8002
28067
9213
9214
9047
9048
8733
8734
28433
9079
9080
39628
39630
39632
39634
8005
38859
8006
28068
28069
9111
9112
9147
9148
39636
9185
9186
8737
39617
8738
28434
28435
9217
9218
9241
9242
7973
38857
7974
27917
28052
28053
9287
9288
9319
9320
9247
9248
8705
39615
8706
28283
28418
28419
9291
9292
9323
9324
7811
38427
7812
27955
27972
9351
9352
9153
9154
9357
9358
39638
9189
9190
9363
9364
7843
39640
38425
38307
7844
27987
27988
9221
9222
9369
9370
39642
9253
9254
9375
9376
39644
9295
9296
9381
9382
7875
39646
38423
7876
28003
28004
9327
9328
9387
9388
39648
9159
9160
9393
9394
7907
39650
38421
7908
28019
28020
9193
9194
9399
9400
39652
9225
9226
39654
39656
39658
39660
39662
39664
39666
39668
39670
9235
9236
7939
39672
38855
7940
28035
28036
8543
39023
8544
28321
28338
9259
9260
8575
39021
8576
28353
28354
9299
9300
9331
9332
8607
39019
8608
28369
28370
9165
9166
9197
9198
8639
39613
8640
28385
28386
9229
9230
9265
9266
9303
9304
8671
39611
8672
28401
28402
9335
9336
39674
9359
9360
8039
39676
38853
8040
28086
9405
9406
39678
9437
9438
8771
39680
39609
8772
28452
9365
9366
39682
39684
39686
39688
39690
39692
39694
39696
39698
8009
39700
38851
8010
28070
28071
9409
9410
9469
9470
39702
9441
9442
9475
9476
39704
9271
9272
9481
9482
39706
39708
39710
39712
39714
8043
39716
38849
8044
28087
28088
9307
9308
9487
9488
39718
9339
9340
9493
9494
8741
39720
39607
8742
28436
28437
9371
9372
9499
9500
39722
9413
9414
9505
9506
8775
39724
39605
8776
28453
28454
9445
9446
9511
9512
39726
9277
9278
9517
9518
39728
9311
9312
7977
39730
38827
7978
27921
28054
28055
9343
9344
39732
39734
39736
39738
39740
39742
39744
39746
39748
9353
9354
8709
39750
39603
8710
28287
28420
28421
7847
38825
7848
27973
27990
9377
9378
7879
38823
38305
7880
28005
28006
9417
9418
9449
9450
9283
9284
7911
38821
7912
28021
28022
9315
9316
9347
9348
7943
38819
7944
28037
28038
9383
9384
9421
9422
9453
9454
8579
39752
39601
8580
28339
28356
9477
9478
39754
9523
9524
8611
39756
39599
8612
28371
28372
9555
9556
39758
39760
39762
39764
39766
39768
39770
9587
9588
39772
9483
9484
9593
9594
8643
39774
39597
8644
28387
28388
9527
9528
9599
9600
39776
9559
9560
39778
9389
9390
8675
39780
39595
8676
28403
28404
9425
9426
39782
9457
9458
8077
39784
38817
8078
28105
9605
9606
9489
9490
39786
9531
9532
8809
39788
39593
8810
28471
9563
9564
39790
39792
8013
39794
38815
8014
28072
28073
9395
9396
39796
9429
9430
39798
9461
9462
8047
39800
38813
8048
28089
28090
9611
9612
39802
39804
39806
39808
39810
39812
39814
39816
9471
9472
8081
39818
38811
8082
28106
28107
8745
39591
8746
28438
28439
9617
9618
9495
9496
9535
9536
8779
39247
8780
28455
28456
9567
9568
9401
9402
8813
39589
8814
28472
28473
9433
9434
9465
9466
39820
39822
39824
39826
9705
9706
9501
9502
7981
38809
7982
27925
28056
28057
9539
9540
9571
9572
8713
39828
39227
8714
28291
28422
28423
9595
9596
39830
9641
9642
39832
9673
9674
7883
39834
38807
7884
27991
28008
9601
9602
39836
9645
9646
7915
39838
38805
38303
7916
28023
28024
9677
9678
39840
39842
39844
39846
39848
39850
39852
39854
39856
9829
9830
7947
39858
38803
7948
28039
28040
9711
9712
8615
39225
8616
28357
28374
9507
9508
39860
9543
9544
9831
9832
25655
25657
28982
9833
9834
9717
9718
8647
39862
39223
8648
28389
28390
9575
9576
39864
9607
9608
9835
9836
28984
9837
9838
9623
9624
8679
39866
39215
8680
28405
28406
9649
9650
9723
9724
39868
9681
9682
8115
39870
38801
8116
28124
9513
9514
39872
9547
9548
9839
9840
28201
28203
28986
9845
9846
9629
9630
8847
39874
39587
8848
28490
9579
9580
8017
39876
38799
8018
28074
28075
39878
39880
39882
39884
39886
39888
39890
39892
39894
39896
39898
39900
39902
39904
39906
39908
39910
39912
9841
9842
9729
9730
8051
38797
8052
28091
28092
8085
38795
8086
28108
28109
39914
39916
39918
39920
39922
9589
9590
8119
38733
8120
28125
28126
9635
9636
8749
39229
8750
28440
28441
9613
9614
9653
9654
9685
9686
9843
9844
28988
9519
9520
9823
9824
9849
9850
9847
39924
39923
9848
28990
9853
9854
9851
9852
28209
28211
28992
9857
9858
9735
9736
8783
39249
8784
28457
28458
9551
9552
9855
9856
28994
9583
9584
9861
9862
9741
9742
8817
39585
8818
28474
28475
9619
9620
9657
9658
9863
9864
28205
28998
9747
9748
9689
9690
9713
9714
9865
9866
9859
9860
28996
9753
9754
9759
9760
9791
9792
9867
9868
28213
29000
9869
9870
9871
9872
28997
29002
9877
9878
39926
9873
9874
9879
9880
29006
9881
39928
38873
9882
39930
9875
38869
38871
9876
27857
29004
9885
9886
9883
9884
29007
29008
9889
9890
9719
9720
39932
39934
39936
39938
39940
39942
39944
39946
39948
39950
39952
39954
39956
9893
39958
39960
38891
9894
9891
9892
29012
9897
39962
39964
39966
39968
38893
9898
9887
39957
9888
27863
29005
29010
9901
9902
39970
9905
9906
9895
9896
29013
29014
9909
9910
39972
9913
9914
9903
9904
29018
9763
9764
9917
9918
9899
39974
39976
39971
9900
27869
29011
29016
9925
9926
39978
9921
9922
9907
9908
29019
29020
9929
39980
39982
39984
39297
9930
9915
9916
29024
9933
39986
39209
9934
9911
39988
39973
38911
38913
9912
27875
29017
29022
9937
38917
9938
39990
9941
39992
38927
9942
9919
39994
39977
9920
29025
29026
9945
39996
39998
40000
40002
40004
38923
9946
40006
9949
40008
38925
9950
9927
40010
39979
9928
29030
9795
9796
9953
40012
40014
38929
9954
9923
39171
39173
9924
27881
29023
29028
9957
40016
40018
40020
40022
40024
38937
9958
40026
40028
9961
40030
40032
38959
9962
9931
9932
29031
29032
9965
38957
9966
9969
38955
9970
9973
38953
9974
9977
38951
9978
9981
38949
9982
9985
38947
9986
9939
40034
39991
9940
29036
9989
38945
9990
9993
38943
9994
9997
38941
9998
10001
38939
10002
10005
39169
10006
9935
40036
40038
40040
40042
40044
39989
39165
39167
9936
27887
29029
29034
10009
39163
10010
10013
39161
10014
10017
39159
10018
10021
39157
10022
10033
39155
10034
10037
39153
10038
10041
39151
10042
10045
39149
10046
10049
39147
10050
9943
40046
40048
40050
40052
40054
40056
40058
40060
40062
40064
39995
9944
29037
29038
10053
39145
10054
10057
39143
10058
10025
39141
10026
10061
39139
10062
10069
39137
10070
10073
39135
10074
10077
39133
10078
10081
39131
10082
10085
39129
10086
9951
40066
40068
40070
40072
40074
40076
40078
40080
40082
40011
9952
28215
28989
29042
10089
39127
10090
10093
39125
10094
10029
39123
10030
10065
39121
10066
10105
39119
10106
9955
9956
28221
28999
29043
29044
10109
39117
10110
10113
39115
10114
10117
39113
10118
10121
39111
10122
10125
39109
10126
10097
39107
10098
10129
39105
10130
10141
39103
10142
10145
39101
10146
9947
40084
40086
40088
40090
40092
40094
40096
40098
40100
40102
40104
40106
40007
39097
39099
9948
27893
29035
29040
10149
39095
10150
10153
39093
10154
10157
39091
10158
10161
39089
10162
10101
39087
10102
10133
39085
10134
10165
39083
10166
10177
39081
10178
10181
39079
10182
9959
40108
40110
40112
40114
40116
40118
40120
40029
39075
39077
9960
27899
29041
29046
10185
39073
10186
10189
39071
10190
10193
39069
10194
10197
39067
10198
10137
39065
10138
10169
39063
10170
10201
39061
10202
10213
39059
10214
10217
39057
10218
9963
39053
39055
9964
27901
29048
9625
9626
9661
9662
9693
9694
9725
9726
10173
39051
10174
9967
39049
9968
29050
9767
9768
9971
9972
29052
9799
9800
9631
9632
9975
39047
9976
29054
9665
9666
40122
9979
9980
29053
29056
10205
39045
10206
10209
39043
10210
10221
39041
10222
10035
40065
10036
29084
10225
39039
10226
9983
40063
39037
9984
29058
10229
39207
10230
10233
39205
10234
40124
40126
10039
40061
10040
29085
29086
10237
39203
10238
10241
39201
10242
40128
40130
40132
40134
9987
40035
9988
29057
29060
10249
10250
10251
39199
10252
10245
39197
10246
10071
40136
40083
10072
29102
10255
39195
10256
40138
10259
39193
10260
40140
9991
40142
40045
39191
9992
29062
10263
39295
10264
40144
40146
40148
40150
40152
40154
40156
40158
40160
40162
40164
40166
40168
40170
40172
40174
40176
40178
10043
40180
40059
10044
29087
29088
10267
39293
10268
40182
10271
39291
10272
40184
10275
39289
10276
10075
40186
40081
10076
29103
29104
10279
39287
10280
40188
10283
39285
10284
9995
40190
40043
9996
29061
29064
10291
39283
10292
40192
10295
39281
10296
40194
10299
39279
10300
10107
10108
29120
10303
39277
10304
9999
40196
40041
39275
10000
29066
10307
39273
10308
40198
40200
40202
40204
40206
40208
40210
40212
40214
40216
40218
40220
40222
40224
40226
40228
40230
40232
40234
40236
40238
40240
40242
40244
40246
40248
40250
40252
40254
10047
40256
40057
10048
29089
29090
10311
39271
10312
40258
10315
39241
10316
10319
10320
40260
10321
39239
10322
10079
40262
40079
10080
29105
29106
10287
39237
10288
40264
10329
39269
10330
10111
10112
29121
29122
10333
39267
10334
40266
10337
39265
10338
40268
10341
39263
10342
40270
40272
40274
40276
10003
40278
40039
10004
29065
29068
10345
39261
10346
40280
10349
39259
10350
10357
10358
10143
40282
40107
10144
29138
10353
39257
10354
40284
10325
10326
10007
40286
40037
39255
10008
29070
10367
10368
40288
40290
40292
40294
40296
40298
40300
40302
40304
40306
40308
40310
40312
40314
40316
40318
40320
40322
10051
40324
40055
10052
29091
29092
10371
10372
40326
10375
39549
10376
40328
10083
40330
40077
10084
29107
29108
10379
39547
10380
40332
10383
39341
10384
40334
10387
39339
10388
10115
40336
40105
10116
29123
29124
10359
39337
10360
10395
10396
40338
10391
39335
10392
40340
40342
10147
40344
40103
10148
29139
29140
10363
39333
10364
40346
10405
39331
10406
40348
10409
39329
10410
10011
40350
40053
10012
29069
29072
10413
39327
10414
40352
10417
39325
10418
10179
10180
29156
10421
39323
10422
40354
10425
39545
10426
10433
10434
40356
10015
40358
40051
39321
10016
29074
10397
39543
10398
40360
40362
40364
40366
40368
40370
40372
40374
40376
40378
40380
40382
40384
40386
40388
40390
40392
40394
40396
40398
40400
40402
40404
40406
40408
40410
40412
40414
40416
40418
40420
40422
40424
40426
40428
40430
40432
40434
40436
40438
40440
40442
40444
40446
40448
40450
40452
40454
10055
40456
40075
10056
29093
29094
10429
39539
10430
40458
10443
39441
10444
10087
40460
40073
10088
29109
29110
10447
39439
10448
40462
10451
39437
10452
40464
10455
39435
10456
40466
40468
40470
10119
40472
40101
10120
29125
29126
10459
39433
10460
40474
10463
39431
10464
10151
10152
29141
29142
10401
39429
10402
10471
10472
40476
10435
39427
10436
40478
10467
39425
10468
10183
40480
40121
10184
29157
29158
10481
39423
10482
40482
10485
39421
10486
40484
40486
40488
10019
40490
40049
10020
29073
29076
10489
39419
10490
40492
10493
39417
10494
40494
10497
39383
10498
10215
10216
29174
10501
39415
10502
10509
10510
10023
40496
40047
39381
10024
29049
29078
10439
39537
10440
40498
40500
40502
40504
40506
40508
40510
40512
40514
40516
40518
40520
40522
40524
40526
40528
40530
40532
40534
40536
40538
40540
40542
40544
40546
40548
10059
40550
40071
10060
29095
29096
10473
39535
10474
40552
10519
39413
10520
40554
10523
39411
10524
10091
40556
40099
10092
29111
29112
10527
39409
10528
40558
10531
39407
10532
10123
40560
40097
10124
29127
29128
10535
39533
10536
40562
10505
39531
10506
40564
10539
39529
10540
10547
10548
40566
10155
40568
40119
10156
29143
29144
10477
39527
10478
40570
10511
39525
10512
10187
10188
29159
29160
10543
39523
10544
40572
10561
39521
10562
40574
10565
39519
10566
10219
10220
29175
29176
10569
39517
10570
40576
10573
39515
10574
10027
40578
40069
39513
10028
29077
29080
9697
9698
40580
40582
40584
40586
40588
40590
40592
40594
40596
40598
40600
40602
40604
40606
40608
40610
40612
40614
40616
40618
40620
40622
40624
40626
40628
9707
9708
10253
10254
29051
29193
10257
10258
29055
29194
29195
10063
40067
39511
10064
29097
29098
10515
10516
10549
10550
10553
10554
10095
40095
10096
29113
29114
40630
10557
40632
40634
40636
40638
40640
40642
40644
40646
40648
40650
40652
40654
40656
40658
40660
40662
40664
40666
40668
40670
39625
10558
10127
40093
10128
29129
29130
10159
40117
10160
29145
29146
10577
39509
10578
10581
39623
10582
10191
10192
29161
29162
10585
10586
10589
39715
10590
40672
40674
10593
40676
40678
40680
40682
39635
10594
10223
10224
29177
29178
10031
40091
10032
29082
10261
10262
29059
29196
29197
10597
39621
10598
10601
39619
10602
40684
40686
10067
40089
10068
29083
29100
10605
39633
10606
10609
39631
10610
10613
39713
10614
10099
40087
39629
10100
29115
29116
10617
39711
10618
10621
39709
10622
10131
40085
10132
29131
29132
40688
40690
40692
10629
40694
40696
40698
40700
40702
40704
40706
39699
10630
10163
40115
10164
29147
29148
10195
10196
29163
29164
10633
39697
10634
10637
39695
10638
10641
39693
10642
10227
10228
29179
29180
10645
39691
10646
10625
39689
10626
10293
40629
10294
29213
10649
39687
10650
40708
40710
40712
40714
10297
40627
10298
29214
29215
10653
10654
10657
10658
40716
40718
40720
10665
40722
40724
40726
40728
40730
40732
40734
39771
10666
10265
40625
10266
29063
29198
29199
10103
40113
10104
29101
29118
10669
39685
10670
10135
40111
39683
10136
29133
29134
10673
39707
10674
10677
39769
10678
10167
40109
10168
29149
29150
10681
39767
10682
10661
39765
10662
10685
39763
10686
10199
40736
40623
10200
29165
29166
10689
10690
10693
10694
10231
40621
10232
29181
29182
10705
39761
10706
10709
39793
10710
10713
39791
10714
10331
40619
10332
29232
40738
40740
40742
40744
40746
10701
40748
40750
40752
40754
40756
40758
40760
40762
40764
40766
39827
10702
40768
10301
40770
40617
10302
29216
29217
10335
40615
10336
29233
29234
10717
39825
10718
10269
40613
10270
29067
29200
29201
10697
39823
10698
10721
10722
10725
10726
10139
40611
10140
29119
29136
10741
10742
10745
10746
10171
40609
39759
10172
29151
29152
10749
10750
10729
10730
10203
40607
10204
29167
29168
40772
40774
40776
40778
40780
40782
40784
40786
10737
10738
10235
40788
40605
10236
29183
29184
10369
40603
10370
29251
10753
10754
10733
10734
10305
40601
10306
29218
29219
10757
10758
10761
10762
10339
40599
10340
29235
29236
10777
10778
10781
10782
10785
10786
10373
40597
10374
29252
29253
10765
10766
40790
40792
40794
40796
40798
40800
40802
40804
10773
10774
10273
40806
40595
10274
29071
29202
29203
10175
40593
10176
29137
29154
9731
9732
10207
40327
10208
29169
29170
9771
9772
9803
9804
40808
40810
40812
10813
10814
10239
40814
40325
10240
29185
29186
10407
40349
10408
29270
40816
8851
39821
39583
8852
28491
28492
10789
10790
40818
40820
40822
40824
40826
40828
40830
40832
40834
40836
40838
40840
40842
40844
40846
40848
10817
10818
10815
10816
28983
28985
28991
29474
10821
10822
10819
10820
29476
10825
10826
10823
10824
29478
10829
10830
10827
10828
29480
10833
10834
10831
10832
28987
29482
10837
10838
10835
10836
28993
29475
29484
10841
10842
10839
10840
29481
29486
10845
10846
9637
9638
10847
10848
29490
10849
10850
10843
10844
28223
29488
10857
10858
10851
10852
29491
29492
10853
10854
40850
40852
40854
40856
40858
40860
40862
40864
10861
10862
10859
10860
29496
10865
10866
40866
10855
10856
28229
29489
29494
10869
10870
40868
10873
10874
10863
10864
29497
29498
10877
10878
40870
10881
10882
10871
10872
29502
9669
9670
10885
10886
10867
40872
40874
40869
10868
28235
29495
29500
10893
10894
40876
10889
10890
10875
10876
29503
29504
10897
10898
40878
10901
10902
10883
10884
29508
10905
10906
40880
10879
40882
40871
10880
28241
29501
29506
10909
10910
10887
40884
40875
10888
29509
29510
10913
10914
40886
10917
10918
10895
40888
40877
10896
29514
9701
9702
10921
10922
10891
10892
28247
29507
29512
10925
40735
10926
40890
40892
10929
40894
40549
10930
10899
40896
40879
10900
29515
29516
10933
40547
10934
10937
40545
10938
10941
40543
10942
10945
40541
10946
10949
40539
10950
10953
40537
10954
10957
40535
10958
10907
10908
29520
10961
40533
10962
10965
40531
10966
10969
40529
10970
10973
40527
10974
10977
40455
10978
40898
10903
40883
40451
40453
10904
28253
29513
29518
10981
40449
10982
10985
40447
10986
10989
40445
10990
11001
40443
11002
11005
40441
11006
11009
40439
11010
11013
40437
11014
11017
40435
11018
11021
40433
11022
10911
40900
40902
40904
40906
40908
40910
40912
40914
40916
40918
40920
40922
40924
40926
40928
40885
10912
29521
29522
11025
40431
11026
10993
40429
10994
11029
40427
11030
11037
40425
11038
11041
40423
11042
11045
40421
11046
11049
40419
11050
11053
40417
11054
11057
40415
11058
10919
40930
40932
40934
40889
10920
28995
29477
29479
29526
11061
40413
11062
10997
40411
10998
11033
40409
11034
11073
40407
11074
11077
40405
11078
10923
10924
29001
29483
29485
29527
29528
11081
40403
11082
11085
40401
11086
11089
40399
11090
11093
40397
11094
11065
40395
11066
11097
40393
11098
11109
40391
11110
11113
40389
11114
11117
40323
11118
10915
40936
40938
40940
40942
40944
40946
40948
40950
40952
40954
40956
40958
40960
40962
40964
40887
40319
40321
10916
28259
29519
29524
11121
40317
11122
11125
40315
11126
11129
40313
11130
11069
40255
11070
11101
40253
11102
11133
40251
11134
11145
40249
11146
11149
40247
11150
11153
40245
11154
10927
40893
40241
40243
10928
28265
29525
29530
11157
40239
11158
11161
40237
11162
11165
40235
11166
11105
40233
11106
11137
40231
11138
11169
40229
11170
11181
40227
11182
11185
40225
11186
11189
40223
11190
10931
40966
40968
40970
40972
40974
40976
40978
40980
40982
40984
40986
40988
40990
40992
40994
40897
40179
40221
10932
28267
29532
10769
10770
9737
40177
9738
9775
9776
9807
9808
10935
40175
10936
29534
10793
10794
9743
40173
9744
10939
10940
29536
9779
9780
10943
40171
10944
29538
11141
40169
11142
9811
9812
40996
10947
10948
29537
29540
11173
40167
11174
11177
40165
11178
11003
11004
29568
11193
40163
11194
11197
40161
11198
10951
40159
10952
29542
11201
40157
11202
40998
11007
40929
11008
29569
29570
11205
40135
11206
11209
40133
11210
11213
40155
11214
11217
11218
10955
40927
10956
29541
29544
11219
40153
11220
11223
40151
11224
11039
11040
29586
11227
40149
11228
41000
10959
40925
40147
10960
29546
11231
40145
11232
11235
40219
11236
41002
11011
40923
11012
29571
29572
11239
40217
11240
11243
40215
11244
11043
11044
29587
29588
11247
40213
11248
11251
40211
11252
41004
11255
40311
11256
10963
41006
40921
10964
29545
29548
11259
40209
11260
41008
11263
40207
11264
11075
11076
29604
11267
40205
11268
41010
11271
40203
11272
41012
10967
41014
40919
40201
10968
29550
11275
40199
11276
41016
11015
41018
40917
11016
29573
29574
11279
40309
11280
11287
11288
41020
11283
40307
11284
41022
11289
40305
11290
11047
11048
29589
29590
11297
40303
11298
41024
11301
40277
11302
11079
11080
29605
29606
11305
40275
11306
41026
11309
40273
11310
10971
41028
40915
10972
29549
29552
11313
40301
11314
41030
11317
40299
11318
11325
11326
41032
11321
40297
11322
41034
11111
41036
40965
11112
29622
11293
40295
11294
41038
10975
41040
40913
40293
10976
29554
11335
40291
11336
41042
11339
40387
11340
41044
11019
41046
40911
11020
29575
29576
11343
40329
11344
41048
11347
40385
11348
11051
41050
40963
11052
29591
29592
11351
40383
11352
41052
11355
40381
11356
41054
11327
40379
11328
11363
11364
41056
11083
41058
40961
11084
29607
29608
11359
40343
11360
41060
11331
40377
11332
11115
41062
40959
11116
29623
29624
11373
40375
11374
41064
11377
40373
11378
41066
10979
41068
40909
10980
29553
29556
11381
40371
11382
41070
11385
40369
11386
41072
11389
40367
11390
11147
11148
29640
11393
40365
11394
11401
11402
41074
10983
41076
40907
40363
10984
29558
11365
40361
11366
41078
11397
40525
11398
41080
11023
41082
40905
11024
29577
29578
11411
40523
11412
41084
11415
40471
11416
11055
41086
40957
11056
29593
29594
11419
40469
11420
41088
11423
40467
11424
41090
11427
40521
11428
11087
41092
40955
11088
29609
29610
11431
40519
11432
41094
11369
40517
11370
11439
11440
41096
11119
41098
40953
11120
29625
29626
11403
40515
11404
41100
11435
40513
11436
11151
11152
29641
29642
11449
40489
11450
41102
11453
40487
11454
41104
11457
40511
11458
10987
41106
40903
10988
29557
29560
11461
40509
11462
41108
11465
40507
11466
11183
11184
29658
11469
40505
11470
11477
11478
41110
11407
40503
11408
41112
10991
41114
40901
40501
10992
29533
29562
11441
40671
11442
41116
41118
41120
41122
41124
41126
41128
41130
41132
41134
41136
41138
41140
41142
41144
41146
41148
41150
41152
41154
41156
11027
41158
40951
11028
29579
29580
11487
40669
11488
41160
11491
40667
11492
41162
11495
40665
11496
11059
41164
40935
11060
29595
29596
11499
40663
11500
41166
11503
40661
11504
11091
41168
40949
11092
29611
29612
11473
40659
11474
41170
11507
40657
11508
11515
11516
11123
41172
40995
11124
29627
29628
11445
40655
11446
41174
11479
40653
11480
41176
11511
40651
11512
41178
41180
41182
41184
41186
41188
41190
41192
41194
41196
11155
41198
40993
11156
29643
29644
11529
40649
11530
41200
11533
40647
11534
11187
41202
40991
11188
29659
29660
11537
40645
11538
41204
11541
40643
11542
41206
11545
40733
11546
10995
41208
40933
40641
10996
29561
29564
10797
10798
41210
9749
40131
9750
11221
11222
29535
29677
11483
40639
11484
11225
11226
29539
29678
29679
9783
9784
41212
11517
40637
11518
41214
11521
40635
11522
11031
41216
40931
40633
11032
29581
29582
41218
41220
41222
41224
41226
41228
41230
41232
41234
41236
41238
41240
41242
41244
41246
41248
41250
41252
41254
41256
41258
41260
41262
41264
41266
11525
41268
41270
41272
41274
41276
41278
41280
41282
41284
41286
41288
41290
41292
41294
41296
41298
41300
41302
41304
41306
41308
41310
41312
41314
41316
41318
41320
41322
41324
41326
41328
41330
41332
41334
41336
41338
41340
41342
41344
41346
41348
41350
41352
41354
41356
41358
40683
11526
41360
11063
40947
11064
29597
29598
11095
40945
11096
29613
29614
11549
40681
11550
11553
40679
11554
11127
40989
11128
29629
29630
41362
11561
40707
11562
41364
11159
40987
11160
29645
29646
11191
40985
11192
29661
29662
11565
40687
11566
11569
40685
11570
11573
40705
11574
10999
40943
11000
29566
11577
40703
11578
41366
41368
41370
41372
41374
41376
41378
41380
41382
41384
41386
41388
41390
41392
41394
41396
41398
41400
41402
41404
41406
41408
11229
11230
29543
29680
29681
11557
40677
11558
11581
40701
11582
11585
40699
11586
11035
40941
11036
29567
29584
11589
40697
11590
11601
40731
11602
11067
40939
40695
11068
29599
29600
11605
40729
11606
11609
40727
11610
41410
41412
41414
41416
41418
11597
40715
11598
11099
40937
11100
29615
29616
11131
40983
11132
29631
29632
11613
40713
11614
11163
40981
11164
29647
29648
11593
40711
11594
11617
40709
11618
11195
11196
29663
29664
11621
40725
11622
11625
40723
11626
11261
11262
29697
11637
11638
11641
11642
41420
41422
41424
41426
41428
41430
41432
41434
41436
41438
11265
11266
29698
29699
11645
11646
41440
41442
41444
41446
41448
11633
40767
11634
41450
41452
11233
11234
29547
29682
29683
11071
40979
11072
29585
29602
11649
40765
11650
11103
40977
40763
11104
29617
29618
11629
40761
11630
11653
40759
11654
11657
40757
11658
11135
40975
11136
29633
29634
11673
40755
11674
11677
40753
11678
11167
40973
11168
29649
29650
11681
40751
11682
11661
40749
11662
41454
41456
41458
41460
41462
11669
40769
11670
11199
11200
29665
29666
11299
41267
11300
29716
41464
41466
41468
41470
11269
41265
11270
29700
29701
11685
11686
11665
11666
11303
41263
11304
29717
29718
11689
11690
11693
11694
11709
11710
11237
41261
11238
29551
29684
29685
11713
11714
41472
11717
11718
11107
41474
40971
11108
29603
29620
11697
11698
41476
41478
41480
11705
11706
11139
40969
11140
29635
29636
11171
40967
11172
29651
29652
11721
11722
11203
41259
11204
29667
29668
11701
11702
41482
11725
11726
11745
11746
11337
41257
11338
29735
11749
11750
11273
41255
11274
29702
29703
11729
11730
11753
11754
11733
11734
11307
41253
11308
29719
29720
41484
41486
41488
41490
41492
41494
11741
11742
11341
41496
41251
11342
29736
29737
11241
41249
11242
29555
29686
29687
11757
11758
11737
11738
11143
41247
11144
29621
29638
11781
11782
11761
11762
41498
41500
41502
41504
41506
41508
11787
11788
41510
41512
41514
11789
11790
41516
41518
41520
41522
41524
41526
41528
41530
41532
11793
11794
11175
41534
41245
11176
29653
29654
11207
41243
11208
29669
29670
41536
41538
41540
41542
41544
41546
41548
41550
41552
41554
41556
41558
41560
41562
11795
11796
41564
41566
41568
41570
41572
41574
41576
41578
41580
41582
41584
41586
41588
41590
41592
41594
11799
11800
41596
41598
41600
41602
41604
41606
41608
41610
41612
41614
41616
41618
41620
41622
41624
41626
41628
41630
41632
41634
41636
41638
41640
41642
41644
41646
41648
41650
41652
11375
41241
11376
29754
41654
41656
41658
41660
41662
41664
41666
41668
41670
41672
41674
41676
41678
41680
41682
41684
41686
41688
41690
41692
41694
41696
10309
40269
10310
29220
29221
41698
11801
11802
41700
41702
41704
11805
11806
10343
40279
10344
29237
29238
10377
40331
10378
29254
29255
41706
11807
11808
11811
11812
41708
41710
41712
41714
10411
40351
10412
29271
29272
11277
41239
11278
29704
29705
41716
11813
11814
11817
11818
41718
41720
41722
41724
41726
41728
41730
41732
41734
41736
41738
41740
41742
41744
41746
41748
11311
41237
11312
29721
29722
11345
41235
11346
29738
29739
41750
11819
11820
41752
11823
11824
11379
41233
11380
29755
29756
7073
38299
38301
38321
7074
27216
27601
27603
11829
11830
41754
11825
11826
41756
41758
7985
41760
40127
40129
38731
7986
27929
28058
28059
8717
41762
41764
40123
40125
39217
8718
28295
28424
28425
41766
11835
11836
10277
40267
10278
29075
29204
29205
11245
41231
11246
29559
29688
29689
41768
11839
11840
7919
41770
40031
40033
38711
7920
28009
28026
7951
40023
40025
38663
38297
7952
28041
28042
41772
11843
11844
8651
41774
41776
40019
40021
39213
8652
28375
28392
8683
40015
40017
39211
8684
28407
28408
41778
11867
11868
10211
40257
10212
29155
29172
10243
40197
10244
29187
29188
41780
11871
11872
11179
41229
11180
29639
29656
11211
41069
11212
29671
29672
41782
11875
11876
7369
38295
38319
7370
27751
8153
40013
38747
8154
28143
8885
40009
39581
8886
28509
41784
11847
11848
41786
10445
40591
10446
29289
41788
11413
41227
11414
29773
7121
38317
38291
38293
7122
27030
27625
27627
41790
11879
11880
41792
7175
41794
38287
38289
38315
7176
27652
27654
7225
41796
41798
41800
41802
38283
38285
38335
7226
27677
27679
41804
11851
11852
7275
41806
41808
41810
38279
38281
38333
7276
27702
27704
7325
41812
41814
41816
38267
38277
38331
7326
27727
27729
41818
11883
11884
7375
38265
38329
7376
27752
27754
8021
41820
40005
38661
8022
28076
28077
41822
11855
11856
8055
41824
41826
41828
40001
40003
38697
8056
28093
28094
8089
41830
41832
41834
39997
39999
38713
8090
28110
28111
41836
11887
11888
41838
11899
11900
8123
41840
41842
41844
39987
39993
38735
8124
28127
28128
8157
39985
38749
8158
28144
28145
41846
11859
11860
11905
11906
41848
8753
41850
39983
39245
8754
28442
28443
8787
41852
39969
39981
39303
8788
28459
28460
41854
11907
11908
11911
11912
41856
41858
41860
8821
41862
41864
41866
39965
39967
39317
8822
28476
28477
8855
39963
39351
8856
28493
28494
41868
11913
11914
11917
11918
41870
41872
8889
39353
8890
28510
28511
10313
40259
10314
29222
29223
41874
11919
11920
11923
11924
41876
41878
10347
40281
10348
29239
29240
10381
40333
10382
29256
29257
41880
11925
11926
11929
11930
41882
10415
40353
10416
29273
29274
10449
40463
10450
29290
29291
41884
11931
11932
11935
11936
41886
11281
41065
11282
29706
29707
11315
41049
11316
29723
29724
41888
11891
11892
11941
11942
41890
11349
41051
11350
29740
29741
11383
41071
11384
29757
29758
41892
11937
11938
41894
11947
11948
11417
41087
11418
29774
29775
7127
38275
38659
7128
27246
27604
27630
41896
11953
11954
7989
38653
7990
27933
28060
28061
8721
39219
8722
28299
28426
28427
41898
11957
11958
10281
40195
10282
29079
29206
29207
11249
41047
11250
29563
29690
29691
41900
11961
11962
7029
38271
38273
38651
7030
27531
27581
7955
38649
7956
28027
28044
41902
11965
11966
8687
39187
8688
28393
28410
10247
40193
10248
29173
29190
41904
11985
11986
11215
41043
11216
29657
29674
7425
38647
7426
27779
41906
11989
11990
8191
38757
8192
28162
8923
39579
8924
28528
41908
10483
40589
10484
29308
41910
11451
41225
11452
29792
41912
11993
11994
41914
7181
38645
7182
27655
27657
7231
38643
7232
27680
27682
41916
11997
11998
7281
38635
7282
27705
27707
7331
38633
7332
27730
27732
41918
11969
11970
7381
38631
7382
27755
27757
7431
38629
7432
27780
27782
41920
12001
12002
8025
38655
8026
28078
28079
8059
38699
8060
28095
28096
41922
11973
11974
8093
38715
8094
28112
28113
8127
38737
8128
28129
28130
41924
12005
12006
41926
12017
12018
8161
38751
8162
28146
28147
8195
38759
8196
28163
28164
11765
11766
12023
12024
41928
12025
12026
41930
12029
12030
41932
8757
39231
8758
28444
28445
8791
41934
41936
41938
41867
39251
8792
28461
28462
41940
41942
12031
12032
12035
12036
41944
8825
41865
39305
8826
28478
28479
8859
41946
41948
41873
39319
8860
28495
28496
41950
12037
12038
12041
12042
41952
41954
8893
41871
39355
8894
28512
28513
8927
39371
8928
28529
28530
41956
12043
12044
12047
12048
41958
10317
41960
41962
41879
40261
10318
29224
29225
10351
41877
40283
10352
29241
29242
41964
12049
12050
41966
12053
12054
10385
40335
10386
29258
29259
10419
41883
40461
10420
29275
29276
9815
41863
9816
12059
12060
10801
10802
41968
12065
12066
41970
10453
40465
10454
29292
29293
11769
11770
41972
12071
12072
10487
41887
40491
10488
29309
29310
11285
41031
11286
29708
29709
41974
41976
41978
41980
12075
12076
11319
41033
11320
29725
29726
11353
41053
11354
29742
29743
41982
12079
12080
11387
41073
11388
29759
29760
11421
41089
11422
29776
29777
41984
12083
12084
11455
41105
11456
29793
29794
7133
38269
38657
7134
27582
27583
27633
41986
9825
41988
41990
39961
9826
7993
38637
38703
7994
28045
28046
28063
8725
39189
39221
8726
28411
28412
28429
41992
10809
10810
10285
40141
40191
10286
29191
29192
29209
7481
38701
7482
27273
27807
8229
38793
8230
27935
28181
9755
39959
9756
9787
9788
11253
41861
41029
11254
29675
29676
29693
9819
9820
10805
10806
8961
39577
8962
28301
28547
10521
40587
10522
29081
29327
7189
38341
38705
7190
27658
27659
27661
7487
38739
7488
27324
27808
27810
8031
38665
38741
8032
28080
28081
28082
8233
38783
8234
27953
28182
28183
8763
39235
39233
8764
28446
28447
28448
8965
39393
8966
28319
28548
28549
10323
40271
40263
10324
29226
29227
29228
11489
41223
11490
29565
29811
10525
40557
10526
29099
29328
29329
11291
41859
41027
11292
29710
29711
29712
11493
41163
11494
29583
29812
29813
7237
38709
7238
27683
27685
7287
38707
7288
27708
27710
7337
38717
7338
27733
27735
7387
38719
7388
27758
27760
7437
38721
7438
27783
27785
8063
38743
8064
28097
28098
8097
38745
8098
28114
28115
8131
38753
8132
28131
28132
8165
38755
8166
28148
28149
8199
38781
8200
28165
28166
8795
39301
8796
28463
28464
8829
41949
39307
8830
28480
28481
8863
41955
41947
39343
8864
28497
28498
8897
41963
41953
39357
8898
28514
28515
8931
41959
41961
39391
8932
28531
28532
10355
40285
10356
29243
29244
10389
40337
10390
29260
29261
10423
40355
10424
29277
29278
10457
40473
10458
29294
29295
10491
40493
10492
29311
29312
11323
41037
11324
29727
29728
11357
41055
11358
29744
29745
11391
41085
11392
29761
29762
11425
41091
11426
29778
29779
11459
41107
11460
29795
29796
7139
38761
7140
27636
7997
38775
7998
28065
41994
8729
39243
8730
28431
41996
41998
42000
10289
40265
10290
29211
42002
42004
11257
41025
11258
29695
7245
38353
38779
7246
27686
27687
27689
7493
38847
7494
27375
27811
27813
8069
38725
38845
8070
28099
28100
28101
8237
38881
8238
27971
28184
28185
8801
39253
39315
8802
28465
28466
28467
8969
39395
8970
28337
28550
28551
10361
40289
40339
10362
29245
29246
29247
10529
40559
10530
29117
29330
29331
11329
41857
41059
11330
29729
29730
29731
11497
41165
11498
29601
29814
29815
7195
38777
7196
27637
27664
7293
38785
7294
27711
27713
7343
38787
7344
27736
27738
7393
38789
7394
27761
27763
7443
38791
7444
27786
27788
8035
38843
8036
28066
28084
8101
38841
8102
28116
28117
8135
38839
8136
28133
28134
8169
38837
8170
28150
28151
8203
38835
8204
28167
28168
8767
39299
8768
28432
28450
8833
39311
8834
28482
28483
8867
39345
8868
28499
28500
8901
39359
8902
28516
28517
8935
39373
8936
28533
28534
10327
40287
10328
29212
29230
10393
40345
10394
29262
29263
10427
40359
10428
29279
29280
10461
40475
10462
29296
29297
10495
40495
10496
29313
29314
11295
41041
11296
29696
29714
11361
41061
11362
29746
29747
11395
41077
11396
29763
29764
11429
41093
11430
29780
29781
11463
41109
11464
29797
29798
7301
38459
38879
7302
27714
27715
27717
7499
38903
7500
27426
27814
27816
8107
38723
39185
8108
28118
28119
28120
11773
11774
42006
11777
11778
42008
11783
41853
11784
42010
11831
41851
11832
42012
11863
11864
42014
11895
11896
42016
11901
41849
11902
42018
11943
41895
11944
42020
11949
41945
11950
42022
11977
11978
42024
11981
11982
42026
12009
12010
42028
12013
12014
42030
12019
41939
12020
42032
12055
12056
42034
12061
42036
41969
12062
42038
12067
42040
41971
12068
42042
12087
42044
41967
12088
42046
42048
42050
42052
42054
42056
12091
12092
42058
12095
12096
42060
12099
12100
42062
12103
12104
42064
12107
42066
42005
12108
42068
12111
42070
42001
12112
42072
12115
42074
41991
12116
42076
12119
12120
42078
12123
12124
42080
12127
12128
42082
12131
12132
42084
12135
12136
42086
12137
12138
42088
12141
42090
41845
12142
12143
41841
41843
12144
29003
29487
30138
12145
42092
41835
12146
12147
41831
41833
12148
29009
29493
30139
30140
12149
42094
41829
12150
12151
41825
41827
12152
29015
29499
30141
30142
12153
42096
41817
12154
12155
41813
41815
12156
29021
29505
30143
30144
12157
42098
41811
12158
12159
41807
41809
12160
29027
29511
30145
30146
12161
42100
41803
12162
12163
41799
41801
12164
29033
29517
30147
30148
12165
42102
41777
12166
12167
41771
41775
12168
29039
29523
30149
30150
12169
42104
41765
12170
12171
41761
41763
12172
29045
29529
30151
30152
12173
42106
41759
12174
12175
41753
41757
12176
29047
30154
12177
41749
12178
12179
41747
12180
30156
12181
41745
12182
12183
12184
30158
12185
41743
12186
12187
41741
12188
30160
12189
41739
12190
12191
12192
30159
30162
12193
41737
12194
12195
41735
12196
30164
12197
41733
12198
42108
42110
42112
42114
42116
42118
42120
42122
42124
42126
42128
42130
12199
12200
30163
30166
12201
41731
12202
12203
41729
12204
30168
12205
41727
12206
12207
12208
30167
30170
12209
41725
12210
12211
41723
12212
30172
12213
41721
12214
42132
42134
42136
42138
42140
42142
42144
12215
12216
30171
30174
12217
41719
12218
12219
41715
12220
30176
12221
41713
12222
12223
12224
30175
30178
12225
41711
12226
12227
41709
12228
30180
12229
41705
12230
12231
12232
30179
30182
12233
41703
12234
12235
41701
12236
30155
30184
12237
41697
12238
12239
41695
12240
30183
30186
12241
41693
12242
12243
12244
30188
12245
41691
12246
12247
12248
30190
12249
41689
12250
42146
42148
42150
42152
42154
42156
42158
42160
42162
42164
42166
42168
42170
42172
12251
12252
30191
30192
12253
41687
12254
12255
12256
30193
30194
12257
41685
12258
12259
12260
30195
30196
12261
41683
12262
12263
12264
30197
30198
12265
41681
12266
12267
12268
30199
30200
12269
41679
12270
12271
12272
30201
30202
12273
41677
12274
12275
41675
12276
30203
30204
12277
41673
12278
12279
12280
30189
30206
12281
41671
12282
12283
12284
30208
12285
41669
12286
42174
42176
42178
42180
42182
42184
42186
42188
42190
42192
42194
12287
12288
30209
30210
12289
41667
12290
12291
12292
30211
30212
12293
41665
12294
12295
12296
30213
30214
12297
41663
12298
12299
12300
30215
30216
12301
41661
12302
12303
12304
30217
30218
12305
41659
12306
12307
12308
30219
30220
12309
41657
12310
12311
41655
12312
30221
30222
12313
41653
12314
12315
12316
30207
30224
12317
41651
12318
12319
12320
30226
12321
41649
12322
12323
12324
30227
30228
12325
41647
12326
12327
12328
30229
30230
12329
41645
12330
12331
12332
30231
30232
12333
41643
12334
12335
12336
30233
30234
12337
41641
12338
12339
12340
30235
30236
12341
41639
12342
12343
12344
30237
30238
12345
41637
12346
12347
41635
12348
30239
30240
12349
41633
12350
12351
12352
30225
30242
12353
41631
12354
12355
12356
30244
12357
41629
12358
42196
42198
42200
42202
42204
42206
42208
42210
42212
42214
42216
42218
42220
42222
42224
42226
42228
42230
42232
42234
42236
12359
12360
30245
30246
12361
41627
12362
12363
12364
30247
30248
12365
41625
12366
12367
12368
30249
30250
12369
41623
12370
12371
12372
30251
30252
12373
41621
12374
12375
12376
30253
30254
12377
41619
12378
12379
12380
30255
30256
12381
41617
12382
12383
41615
12384
30257
30258
12385
41613
12386
12387
12388
30243
30260
12389
41611
12390
12391
12392
30262
12393
41609
12394
42238
12395
12396
30263
30264
12397
41607
12398
12399
12400
30265
30266
12401
41605
12402
42240
12403
12404
30267
30268
12405
41603
12406
12407
12408
30269
30270
12409
41601
12410
42242
12411
12412
30271
30272
12413
41599
12414
12415
12416
30273
30274
12417
41409
12418
12419
41597
12420
30275
30276
12421
41407
12422
12423
12424
30261
30278
12425
41405
12426
12427
12428
30280
12429
41403
12430
42244
42246
42248
42250
42252
42254
42256
42258
42260
42262
42264
42266
42268
42270
42272
42274
42276
42278
12431
12432
30281
30282
12433
41401
12434
12435
12436
30283
30284
12437
41399
12438
12439
12440
30285
30286
12441
41397
12442
12443
12444
30287
30288
12445
41395
12446
12447
12448
30289
30290
12449
41393
12450
12451
12452
30291
30292
12453
41391
12454
12455
41797
12456
30293
30294
12457
41389
12458
12459
12460
30279
30296
12461
12462
12463
41387
12464
42280
42282
42284
42286
42288
42290
42292
42294
42296
42298
12465
12466
30157
30299
12467
41385
12468
42300
42302
12469
12470
30161
30300
30301
12471
41383
12472
12473
12474
30165
30302
30303
12475
41381
12476
12477
12478
30169
30304
30305
12479
41379
12480
12481
12482
30173
30306
30307
12483
41359
12484
12485
12486
30177
30308
30309
12487
41357
12488
12489
12490
30181
30310
30311
12491
41355
12492
12493
41937
12494
30185
30312
30313
12495
41353
12496
12497
12498
30297
30298
30315
12499
41351
12500
12501
12502
30317
12503
41349
12504
12505
12506
30319
12507
41347
12508
12509
12510
30320
30321
12511
41345
12512
12513
12514
30322
30323
12515
41343
12516
12517
12518
30324
30325
12519
41341
12520
12521
12522
30326
30327
12523
41339
12524
12525
12526
30328
30329
12527
41337
12528
12529
12530
30330
30331
12531
12532
12533
41335
12534
12535
12536
30332
30333
30334
12537
41333
12538
12539
12540
30318
30336
12541
41331
12542
12543
12544
30338
12545
41329
12546
12547
12548
30339
30340
12549
41327
12550
12551
12552
30341
30342
12553
41325
12554
12555
12556
30343
30344
12557
41323
12558
12559
12560
30345
30346
12561
41321
12562
12563
12564
30347
30348
12565
41319
12566
12567
12568
30349
30350
12569
12570
12571
41317
12572
12573
12574
30351
30352
30353
12575
41315
12576
8241
39183
8242
27989
28186
28187
8839
39309
39347
8840
28484
28485
28486
12579
41313
12580
12581
12582
30357
12583
41311
12584
12585
12586
30358
30359
12587
41309
12588
12589
12590
30360
30361
12591
41307
12592
12593
12594
30362
30363
12595
41305
12596
12597
12598
30364
30365
12599
41303
12600
12601
12602
30366
30367
12603
41301
12604
12605
12606
30368
30369
12607
12608
12609
41299
12610
8973
39397
8974
28355
28552
28553
10399
40341
40457
10400
29264
29265
29266
12613
41297
12614
12617
41295
12618
12619
12620
30376
12621
41293
12622
12623
12624
30377
30378
12625
41291
12626
12627
12628
30379
30380
12629
41289
12630
12631
12632
30381
30382
12633
41287
12634
12635
12636
30383
30384
12637
41157
12638
12639
12640
30385
30386
12641
41155
12642
10533
40561
10534
29135
29332
29333
11367
41153
41079
11368
29748
29749
29750
12645
12646
12647
41151
12648
12651
41149
12652
12655
41147
12656
12657
12658
30395
12659
41145
12660
42304
42306
42308
42310
42312
42314
42316
42318
42320
12661
12662
30396
30397
12663
41143
12664
12665
12666
30398
30399
12667
41141
12668
12669
12670
30400
30401
12671
41139
12672
12673
12674
30402
30403
12675
41137
12676
11501
41167
11502
29619
29816
29817
12611
12612
30370
30371
30372
12679
41135
12680
12683
12684
12685
41133
12686
12689
41285
12690
12693
41131
12694
12695
12696
30414
12697
41129
12698
42322
42324
42326
42328
42330
12699
12700
30415
30416
12701
41127
12702
12703
12704
30417
30418
12705
41125
12706
12707
12708
30419
30420
12709
41123
12710
7251
38877
7252
27665
27692
7349
38875
7350
27739
27741
7399
38897
7400
27764
27766
7449
38895
7450
27789
27791
8073
38931
8074
28085
28103
8139
39181
8140
28135
28136
8173
39179
8174
28152
28153
8207
39177
8208
28169
28170
8805
39313
8806
28451
28469
8871
39349
8872
28501
28502
8905
39361
8906
28518
28519
8939
39375
8940
28535
28536
10365
40347
10366
29231
29249
10431
40459
10432
29281
29282
10465
40483
10466
29298
29299
10499
40555
10500
29315
29316
11333
41063
11334
29715
29733
11399
41083
11400
29765
29766
11433
41095
11434
29782
29783
11467
41161
11468
29799
29800
12577
12578
30337
30355
12643
12644
30387
30388
12677
12678
30404
30405
12711
12712
30421
30422
12713
41121
12714
9007
41999
39575
9008
28570
42332
42334
42336
42338
42340
42342
42344
42346
42348
42350
42352
42354
42356
42358
9053
41995
39573
9054
28593
42360
42362
42364
42366
9085
41997
39571
9086
28609
42368
42370
42372
42374
42376
10563
42003
40585
10564
29348
42378
42380
42382
42384
42386
42388
42390
42392
42394
42396
42398
42400
42402
42404
42406
42408
42410
42412
42414
42416
42418
42420
42422
42424
11531
41201
11532
29832
42426
42428
42430
42432
9013
39569
9014
28571
28573
9057
39485
9058
28594
28595
9089
39487
9090
28610
28611
10567
40583
10568
29349
29350
11535
41203
11536
29833
29834
7357
38611
39175
7358
27742
27743
27745
12717
41197
12718
12721
12722
12723
41195
12724
12727
41283
12728
12731
41193
12732
12733
12734
30187
30433
12735
41191
12736
12737
12738
30205
30434
30435
12739
41189
12740
12741
12742
30223
30436
30437
12743
41187
12744
12745
12746
30241
30438
30439
12747
41185
12748
7505
39369
7506
27477
27817
27819
8145
38763
39385
8146
28137
28138
28139
12751
41183
12752
12755
41181
12756
12759
12760
12761
41281
12762
12765
41279
12766
42434
42436
42438
42440
42442
42444
42446
42448
42450
42452
42454
42456
42458
42460
42462
12769
41361
12770
12773
41277
12774
12775
12776
30454
12777
41275
12778
12779
12780
30455
30456
12781
41273
12782
8245
39399
8246
28007
28188
28189
8877
39379
39403
8878
28503
28504
28505
12785
41271
12786
12789
41269
12790
12793
41377
12794
12797
41375
12798
12801
41595
12802
42464
42466
12805
41365
12806
12809
41373
12810
8977
39447
8978
28373
28554
28555
10437
40357
40479
10438
29283
29284
29285
12813
41371
12814
12817
41369
12818
12821
41367
12822
12825
41593
12826
12829
41591
12830
12833
41589
12834
12837
41587
12838
42468
42470
42472
42474
12841
42476
42478
42480
42482
42484
42486
42488
42490
42492
41439
12842
12845
41437
12846
10537
40563
10538
29153
29334
29335
11405
41119
41101
11406
29767
29768
29769
12849
41435
12850
12853
41433
12854
12857
41431
12858
42494
12861
41429
12862
12865
41427
12866
12869
41425
12870
12873
41585
12874
42496
42498
42500
42502
12877
42504
42506
42508
42510
42512
42514
42516
42518
42520
41453
12878
42522
12881
41423
12882
11505
41169
11506
29637
29818
29819
12649
12650
30389
30390
30391
12885
41421
12886
12889
41451
12890
12893
41583
12894
12897
41581
12898
12901
41579
12902
12905
41577
12906
12909
41575
12910
42524
42526
42528
42530
42532
42534
42536
42538
12913
42540
42542
42544
42546
42548
42550
42552
42554
42556
41471
12914
12917
41469
12918
12749
12750
30259
30440
30441
7307
39035
7308
27693
27720
7405
39033
7406
27767
27769
7455
39365
7456
27792
27794
8111
39367
8112
28104
28122
8177
39387
8178
28154
28155
8211
39389
8212
28171
28172
8843
39401
8844
28470
28488
8909
39445
8910
28520
28521
8943
39443
8944
28537
28538
10403
40477
10404
29250
29268
10469
40481
10470
29300
29301
10503
40497
10504
29317
29318
11371
41099
11372
29734
29752
11437
41103
11438
29784
29785
11471
41111
11472
29801
29802
12615
12616
30356
30374
12681
12682
30406
30407
12715
12716
30423
30424
9019
39473
9020
28574
28576
9061
39475
9062
28596
28597
9093
39489
9094
28612
28613
10571
40577
10572
29351
29352
11539
41205
11540
29835
29836
12783
12784
30457
30458
7413
38831
39451
7414
27770
27771
27773
12921
41467
12922
12925
41465
12926
12929
41573
12930
12933
41571
12934
12937
41569
12938
42558
12941
41567
12942
42560
12945
41565
12946
42562
42564
12949
41533
12950
12953
41531
12954
7511
42566
39471
7512
27528
27820
27822
8183
38829
39459
8184
28156
28157
28158
12957
41529
12958
12961
41527
12962
12965
41525
12966
12969
41523
12970
12973
41521
12974
12977
41519
12978
12981
41517
12982
42568
42570
42572
42574
42576
42578
42580
12985
41509
12986
42582
12989
41507
12990
8249
39461
8250
28025
28190
28191
8915
39363
39465
8916
28522
28523
28524
12993
41505
12994
12997
41503
12998
13001
41501
13002
13005
41499
13006
13009
41935
13010
13013
41989
13014
13017
13018
42584
42586
42588
42590
42592
42594
42596
42598
13021
13022
42600
13025
42602
42604
42606
42608
42610
42612
42614
42616
42618
42620
42303
13026
42622
13029
42624
41795
13030
42626
42628
42630
42632
42634
42636
42638
42640
42642
42644
13033
42646
41789
13034
42648
13037
42650
41787
13038
42652
13041
42654
41793
13042
42656
13045
42658
41821
13046
42660
13049
42662
41839
13050
42664
13053
42666
41891
13054
42668
13057
42670
42299
13058
42672
13061
42674
42279
13062
42676
13065
42678
41911
13066
42680
13069
42682
41909
13070
42684
13073
42686
41915
13074
42688
13077
42690
41933
13078
42692
13081
42694
41931
13082
42696
13085
42698
41927
13086
42700
13089
42702
42045
13090
42704
13093
42706
42041
13094
42708
13097
42710
42037
13098
42712
13101
42714
42067
13102
42716
13105
42718
42071
13106
42720
13109
42722
42075
13110
42724
13113
42726
42237
13114
42728
13117
42730
42195
13118
42732
13121
42734
42173
13122
42736
13125
42738
42145
13126
42740
13129
42742
42085
13130
42744
13133
42746
42091
13134
42748
13137
42750
42131
13138
13139
42127
42129
13140
29531
30153
30636
13141
42125
13142
13143
42123
13144
30638
13145
42121
13146
13147
13148
30640
13149
42119
13150
13151
42117
13152
30642
13153
42115
13154
13155
13156
30641
30644
13157
42113
13158
13159
42111
13160
30646
13161
42109
13162
13163
13164
30645
30648
13165
42143
13166
13167
42141
13168
30650
13169
42139
13170
13171
13172
30649
30652
13173
42137
13174
13175
42135
13176
30654
13177
42133
13178
13179
13180
30653
30656
13181
42171
13182
13183
42169
13184
30658
13185
42167
13186
13187
13188
30657
30660
13189
42165
13190
13191
42163
13192
30662
13193
42161
13194
13195
13196
30661
30664
13197
42159
13198
13199
42157
13200
30637
30666
13201
42155
13202
13203
42153
13204
30665
30668
13205
42151
13206
13207
13208
30670
13209
42149
13210
42752
42754
42756
42758
42760
42762
42764
42766
42768
42770
42772
42774
42776
42778
42780
42782
42784
42786
42788
42790
42792
42794
42796
42798
42800
42802
42804
42806
13211
13212
30672
13213
42147
13214
42808
42810
42812
42814
42816
42818
42820
13215
13216
30673
30674
13217
42193
13218
13219
13220
30675
30676
13221
42191
13222
13223
13224
30677
30678
13225
42189
13226
13227
13228
30679
30680
13229
42187
13230
13231
13232
30681
30682
13233
42185
13234
13235
13236
30683
30684
13237
42183
13238
13239
42181
13240
30685
30686
13241
42179
13242
13243
13244
30671
30688
13245
42177
13246
13247
13248
30690
13249
42175
13250
42822
42824
42826
42828
42830
42832
42834
42836
42838
42840
42842
42844
42846
13251
13252
30691
30692
13253
42235
13254
13255
13256
30693
30694
13257
42233
13258
13259
13260
30695
30696
13261
42231
13262
13263
13264
30697
30698
13265
42229
13266
13267
13268
30699
30700
13269
42227
13270
13271
13272
30701
30702
13273
42225
13274
13275
42223
13276
30703
30704
13277
42221
13278
13279
13280
30689
30706
13281
42219
13282
13283
13284
30708
13285
42217
13286
13287
13288
30709
30710
13289
42215
13290
13291
13292
30711
30712
13293
42213
13294
13295
13296
30713
30714
13297
42211
13298
13299
13300
30715
30716
13301
42209
13302
13303
13304
30717
30718
13305
42207
13306
13307
13308
30719
30720
13309
42205
13310
13311
42203
13312
30721
30722
13313
42201
13314
13315
13316
30707
30724
13317
42199
13318
13319
13320
30726
13321
42197
13322
13323
13324
30727
30728
13325
42277
13326
13327
13328
30729
30730
13329
42275
13330
13331
13332
30731
30732
13333
42273
13334
13335
13336
30733
30734
13337
42271
13338
13339
13340
30735
30736
13341
42269
13342
13343
13344
30737
30738
13345
42267
13346
13347
42265
13348
30739
30740
13349
42263
13350
13351
13352
30725
30742
13353
42261
13354
13355
13356
30744
13357
42239
13358
42848
42850
42852
42854
42856
42858
42860
42862
42864
42866
42868
42870
42872
42874
42876
42878
42880
42882
42884
42886
42888
42890
42892
42894
42896
42898
42900
42902
42904
42906
42908
42910
42912
42914
42916
13359
13360
30745
30746
13361
42259
13362
13363
13364
30747
30748
13365
42241
13366
13367
13368
30749
30750
13369
42257
13370
13371
13372
30751
30752
13373
42243
13374
13375
13376
30753
30754
13377
42255
13378
13379
13380
30755
30756
13381
42253
13382
13383
42251
13384
30757
30758
13385
42249
13386
13387
13388
30743
30760
13389
42247
13390
13391
13392
30762
13393
42245
13394
42918
42920
42922
42924
42926
42928
42930
42932
42934
42936
42938
42940
42942
42944
13395
13396
30763
30764
13397
42297
13398
13399
13400
30765
30766
13401
42295
13402
13403
13404
30767
30768
13405
42293
13406
13407
13408
30769
30770
13409
42291
13410
13411
13412
30771
30772
13413
42289
13414
13415
13416
30773
30774
13417
42287
13418
13419
42285
13420
30775
30776
13421
42283
13422
13423
13424
30761
30778
13425
13426
13427
42281
13428
13429
13430
30639
30781
13431
42301
13432
13433
13434
30643
30782
30783
13435
13436
13437
13438
30647
30784
30785
13439
42433
13440
13441
13442
30651
30786
30787
13443
42431
13444
13445
13446
30655
30788
30789
13447
42429
13448
13449
13450
30659
30790
30791
13451
42425
13452
13453
13454
30663
30792
30793
13455
42423
13456
13457
42421
13458
30667
30794
30795
13459
42419
13460
13461
13462
30779
30780
30797
13463
42417
13464
13465
13466
30799
13467
42415
13468
13469
13470
30801
13471
42413
13472
13473
13474
30802
30803
13475
42411
13476
13477
13478
30804
30805
13479
42409
13480
13481
13482
30806
30807
13483
42407
13484
13485
13486
30808
30809
13487
42405
13488
13489
13490
30810
30811
13491
42403
13492
13493
13494
30812
30813
13495
13496
13497
42401
13498
13499
13500
30814
30815
30816
13501
42399
13502
13503
13504
30800
30818
13505
42397
13506
13507
13508
30820
13509
42395
13510
13511
13512
30821
30822
13513
42393
13514
13515
13516
30823
30824
13517
42391
13518
13519
13520
30825
30826
13521
42389
13522
13523
13524
30827
30828
13525
42387
13526
13527
13528
30829
30830
13529
42385
13530
13531
13532
30831
30832
13533
13534
13535
42383
13536
13537
13538
30833
30834
30835
13539
42381
13540
13541
13542
30819
30837
13543
42377
13544
13545
13546
30839
13547
42375
13548
13549
13550
30840
30841
13551
42373
13552
13553
13554
30842
30843
13555
42371
13556
13557
13558
30844
30845
13559
42367
13560
13561
13562
30846
30847
13563
42365
13564
13565
13566
30848
30849
13567
42363
13568
13569
13570
30850
30851
13571
13572
13573
42359
13574
13575
13576
30852
30853
30854
13577
42357
13578
13579
13580
30838
30856
13581
42355
13582
13583
13584
30858
13585
42353
13586
42946
42948
42950
42952
42954
42956
42958
42960
42962
42964
42966
42968
42970
42972
42974
13587
13588
30859
30860
13589
42321
13590
13591
13592
30861
30862
13593
42319
13594
42976
13595
13596
30863
30864
13597
42317
13598
13599
13600
30865
30866
13601
42315
13602
42978
13603
13604
30867
30868
13605
42313
13606
13607
13608
30869
30870
13609
13610
13611
42311
13612
13613
13614
30871
30872
30873
13615
42309
13616
8981
39469
8982
28391
28556
28557
10475
40485
40553
10476
29302
29303
29304
13619
42307
13620
13621
13622
30877
13623
42305
13624
13625
13626
30878
30879
13627
42351
13628
13629
13630
30880
30881
13631
42349
13632
13633
13634
30882
30883
13635
42347
13636
13637
13638
30884
30885
13639
42345
13640
42980
13641
13642
30886
30887
13643
42343
13644
13645
13646
30888
30889
13647
13648
13649
42331
13650
42982
42984
42986
42988
42990
42992
42994
42996
42998
43000
43002
43004
43006
43008
10541
40569
10542
29171
29336
29337
11443
41117
41159
11444
29786
29787
29788
13653
42329
13654
13657
42327
13658
13659
13660
30896
13661
42325
13662
43010
43012
43014
43016
43018
43020
43022
43024
43026
43028
43030
43032
43034
43036
43038
43040
43042
43044
43046
43048
43050
13663
13664
30897
30898
13665
42341
13666
13667
13668
30899
30900
13669
42339
13670
13671
13672
30901
30902
13673
42337
13674
13675
13676
30903
30904
13677
42335
13678
13679
13680
30905
30906
13681
13682
11509
41173
11510
29655
29820
29821
12687
42323
12688
30408
30409
30410
13685
13686
13687
13688
13691
13692
13695
13696
13697
13698
30669
30915
13699
13700
13701
13702
30687
30916
30917
13703
13704
13705
13706
30705
30918
30919
13707
13708
13709
13710
30723
30920
30921
13711
13712
13713
13714
30741
30922
30923
13715
13716
12753
12754
30277
30442
30443
13651
13652
30890
30891
30892
13719
13720
13723
13724
13725
13726
13729
13730
43052
43054
43056
43058
43060
43062
43064
43066
43068
43070
43072
43074
43076
43078
43080
43082
13733
13734
13737
13738
13739
13740
30936
13741
13742
13743
13744
30937
30938
13745
13746
13747
13748
30939
30940
13749
13750
13717
13718
30759
30924
30925
7363
39449
7364
27721
27748
7461
39455
7462
27795
27797
8149
39453
8150
28123
28141
8215
39457
8216
28173
28174
8881
39463
8882
28489
28507
8947
39467
8948
28539
28540
10441
40551
10442
29269
29287
10507
40565
10508
29319
29320
11409
41115
11410
29753
29771
11475
41171
11476
29803
29804
12653
12654
30375
30393
12719
12720
30425
30426
13617
13618
30857
30875
13683
13684
30907
30908
9025
39477
9026
28577
28579
9065
39479
9066
28598
28599
9097
39491
9098
28614
28615
10575
40579
10576
29353
29354
11543
41207
11544
29837
29838
12787
43083
12788
30459
30460
13751
13752
30941
30942
13753
13754
7469
38867
39483
7470
27798
27799
27801
13757
13758
13761
13762
13765
13766
13769
13770
13773
13774
7517
39493
7518
27579
27823
27825
8221
38865
39497
8222
28175
28176
28177
13777
13778
13781
13782
13785
13786
13789
13790
13793
13794
13797
13798
13801
13802
43084
43086
43088
43090
13805
42521
13806
13809
42519
13810
8253
39567
8254
28043
28192
28193
8953
39377
39501
8954
28541
28542
28543
13813
42517
13814
13817
42515
13818
13821
42513
13822
13825
42511
13826
43092
13829
42509
13830
13833
42507
13834
13837
42505
13838
43094
43096
43098
13841
42557
13842
43100
13845
42555
13846
8985
39565
8986
28409
28558
28559
10513
40499
40575
10514
29321
29322
29323
13849
42553
13850
13853
42551
13854
13857
42549
13858
13861
42547
13862
13865
42545
13866
13869
42543
13870
13873
42541
13874
43102
43104
43106
43108
43110
43112
43114
43116
13877
13878
43118
13881
13882
10545
40573
10546
29189
29338
29339
11481
41113
41177
11482
29805
29806
29807
13885
13886
13889
13890
13893
13894
13897
13898
13901
13902
13905
13906
13909
13910
43120
43122
43124
43126
43128
43130
43132
43134
13913
43136
43138
43140
42945
13914
43142
13917
42943
13918
11513
41199
11514
29673
29822
29823
12725
42493
42463
12726
30427
30428
30429
13921
42941
13922
13925
42939
13926
13929
42917
13930
13933
42915
13934
13937
42913
13938
13941
42911
13942
13945
42909
13946
43144
43146
43148
43150
43152
43154
43156
43158
13949
42847
13950
43160
13953
42845
13954
12757
42461
12758
30295
30444
30445
13689
43081
13690
30909
30910
30911
13957
42843
13958
13961
42821
13962
13965
42819
13966
13969
42817
13970
13973
42815
13974
13977
42813
13978
13981
42811
13982
43162
43164
43166
43168
43170
43172
43174
43176
13985
43178
43180
43182
43184
43186
43188
43190
43192
43194
43196
43198
43200
43202
43204
43206
43208
43210
43212
43214
43216
43218
43220
43222
43224
43226
43228
43230
43232
43234
43236
43238
43240
43242
43244
43246
43248
43250
43252
43254
43256
43258
43260
43262
43264
43266
43268
43270
43272
43274
43276
43278
43280
43282
43284
43286
42621
13986
43288
13989
43290
43292
43294
43296
43298
43300
43302
43304
42625
13990
43306
13993
43308
43310
42647
13994
43312
43314
43316
43318
43320
13997
43322
43324
43326
42651
13998
43328
14001
43330
43332
43334
43336
43338
42655
14002
43340
14005
43342
42659
14006
43344
14009
43346
42663
14010
43348
14013
43350
43352
43354
43356
43358
43360
43362
43364
42667
14014
43366
14017
43368
42671
14018
43370
14021
43372
43374
43376
43378
42675
14022
43380
14025
43382
43384
43386
42679
14026
43388
14029
43390
42683
14030
43392
14033
43394
43396
42687
14034
43398
14037
43400
43402
42691
14038
43404
14041
43406
43408
43410
43412
43414
43416
42695
14042
43418
14045
43420
42699
14046
43422
14049
43424
42703
14050
43426
14053
43428
42707
14054
43430
14057
43432
42711
14058
43434
14061
43436
42715
14062
43438
14065
43440
42719
14066
43442
14069
43444
42723
14070
43446
14073
43448
42727
14074
43450
14077
43452
42731
14078
43454
14081
43456
42735
14082
43458
14085
43460
42739
14086
43462
14089
43464
42743
14090
43466
14093
43468
42747
14094
43470
14097
43472
42751
14098
43474
14101
14102
43476
14103
14104
43478
14107
14108
43480
14109
14110
43482
14113
14114
43484
14115
14116
43486
43488
43490
14119
14120
43492
14121
14122
43494
14125
14126
43496
14127
14128
43498
14131
14132
43500
14135
14136
43502
14139
14140
43504
14143
14144
43506
14147
14148
43508
14151
14152
43510
14155
14156
43512
14159
14160
43514
14163
14164
43516
14165
14166
43518
14169
14170
43520
14171
14172
43522
14175
14176
43524
14177
14178
43526
14181
14182
43528
14183
14184
43530
14187
14188
43532
14189
14190
43534
14193
14194
43536
14197
14198
43538
14201
14202
43540
14205
14206
43542
14209
14210
43544
14213
14214
43546
14217
14218
43548
14221
14222
43550
14225
14226
43552
14227
14228
43554
14231
14232
43556
14233
14234
43558
14237
14238
43560
14239
14240
43562
14243
14244
43564
14245
14246
43566
14249
14250
43568
14251
14252
43570
14255
14256
43572
14259
14260
43574
14263
14264
43576
14267
14268
43578
14271
14272
43580
14275
14276
43582
14279
14280
43584
14283
14284
43586
14287
14288
43588
14289
14290
43590
14293
14294
43592
43594
43596
43598
14297
14298
43600
14301
14302
43602
14305
14306
43604
14309
14310
43606
14313
14314
43608
14317
14318
13721
43079
13722
30777
30926
30927
7419
42619
39481
7420
27749
27776
43610
14321
14322
8187
42617
39495
8188
28142
28160
8919
42615
39499
8920
28508
28526
43612
14325
14326
10479
40571
10480
29288
29306
11447
41175
11448
29772
29790
43614
14329
14330
12691
42459
12692
30394
30412
13655
43077
13656
30876
30894
43616
14333
14334
9031
39503
9032
28580
28582
9069
39505
9070
28600
28601
43618
14337
14338
9101
39507
9102
28616
28617
10579
40865
10580
29355
29356
43620
14341
14342
11547
41209
11548
29839
29840
12791
43075
12792
30461
30462
43622
14345
14346
13755
13756
30943
30944
7525
38863
39551
7526
27631
27826
27827
27829
43624
14349
14350
8259
38889
39555
8260
28062
28194
28195
28196
8991
39405
39563
8992
28428
28560
28561
28562
43626
14365
14366
10551
40567
40863
10552
29208
29340
29341
29342
11519
41179
41221
11520
29692
29824
29825
29826
43628
14369
14370
12763
43491
43495
42491
42457
12764
30314
30446
30447
30448
13727
43487
43489
43073
13728
30796
30928
30929
30930
43630
14373
43483
14374
7475
43417
39541
7476
27777
27804
8225
43415
39553
8226
28161
28179
43632
14377
43421
14378
8957
43413
39557
8958
28527
28545
10517
43411
40861
10518
29307
29325
43634
14381
43425
14382
11485
43409
41219
11486
29791
29809
12729
43407
42455
12730
30413
30431
43636
14401
43445
14402
13693
43403
43071
13694
30895
30913
9125
42333
39559
9126
28629
43638
14405
43449
14406
9171
42361
39561
9172
28652
9203
42369
39921
9204
28668
10599
42379
40859
10600
29366
43640
11567
42427
42453
11568
29850
43642
14409
43644
43453
14410
43646
12811
42489
43069
12812
30472
43648
13775
43401
13776
30954
43650
9131
42487
39919
9132
28630
28632
43652
14413
43654
43457
14414
9175
42485
39917
9176
28653
28654
9207
42483
39915
9208
28669
28670
43656
14353
43658
43397
14354
10603
42481
40857
10604
29367
29368
11571
42479
42451
11572
29851
29852
43660
14385
43429
14386
43662
12815
42477
43067
12816
30473
30474
13779
43395
13780
30955
30956
43664
14417
43461
14418
43666
9037
39913
9038
28583
28585
9073
39911
9074
28602
28603
43668
14357
43670
43387
14358
9105
39909
9106
28618
28619
10583
40855
10584
29357
29358
43672
14389
43433
14390
43674
11551
42449
11552
29841
29842
12795
43065
12796
30463
30464
43676
14421
43465
14422
43678
13759
13760
30945
30946
7531
39907
7532
27805
27832
43680
14361
43682
43391
14362
8263
39905
8264
28180
28198
43684
14393
43686
43437
14394
8995
39903
8996
28546
28564
10555
40853
10556
29326
29344
43688
14425
43690
43469
14426
11523
41217
11524
29810
29828
12767
42447
12768
30432
30450
13731
43063
13732
30914
30932
9137
42613
39901
9138
28633
28635
9179
42611
39899
9180
28655
28656
9211
42609
39897
9212
28671
28672
10607
42607
40849
10608
29369
29370
11575
42605
42445
11576
29853
29854
12819
42603
43061
12820
30475
30476
13783
43385
13784
30957
30958
9043
39895
9044
28586
28588
9077
39893
9078
28604
28605
9109
39891
9110
28620
28621
10587
40847
10588
29359
29360
11555
42443
11556
29843
29844
12799
43059
12800
30465
30466
13763
13764
30947
30948
9001
43692
39627
9002
28567
10559
40675
10560
29346
11527
41363
11528
29830
43694
12771
42467
12772
30452
43696
13735
13736
30934
43698
9143
43383
39889
9144
28636
28638
9183
43379
39887
9184
28657
28658
9215
43377
39885
9216
28673
28674
10611
43375
40845
10612
29371
29372
11579
43373
42441
11580
29855
29856
12823
43369
43057
12824
30477
30478
13787
43365
13788
30959
30960
9049
39883
9050
28589
28591
14295
43599
14296
31214
9081
39881
9082
28606
28607
9113
39879
9114
28622
28623
10591
40673
10592
29361
29362
11559
42439
11560
29845
29846
12803
42465
12804
30467
30468
13767
43597
13768
30949
30950
9149
39859
9150
28639
28641
9187
39671
9188
28659
28660
9219
39669
9220
28675
28676
10615
40843
10616
29373
29374
11583
42437
11584
29857
29858
12827
43055
12828
30479
30480
13791
43595
13792
30961
30962
9243
39667
9244
28688
9289
39665
9290
28711
9321
39663
9322
28727
10635
40841
10636
29384
11603
42435
11604
29868
12847
43053
12848
30490
43700
13811
43593
13812
30972
43702
9119
39637
9120
28568
28626
10595
40693
10596
29347
29364
14397
43704
43441
14398
11563
41419
11564
29831
29848
14429
43706
43473
14430
14433
43708
43475
14434
43710
14437
43712
43479
14438
43714
14441
43716
43531
14442
43718
14445
43720
43527
14446
43722
14449
43724
43523
14450
43726
14453
43728
43515
14454
43730
14457
43732
43519
14458
43734
14461
43736
43567
14462
43738
14465
43740
43563
14466
43742
14469
43744
43559
14470
43746
14473
43748
43551
14474
43750
14477
43752
43754
43555
14478
43756
14481
14482
43758
14485
14486
43760
14489
14490
43762
14493
43764
43766
43768
43770
43772
43774
43776
43778
43780
43782
43784
43786
43788
43790
43792
43794
43796
43587
14494
43798
14497
14498
43800
14501
14502
43802
14505
14506
43804
14509
14510
43806
14513
14514
43808
14517
14518
43810
14521
14522
43812
14525
14526
43814
14529
14530
43816
14533
14534
43818
14537
14538
43820
14541
14542
43822
14545
14546
43824
14549
14550
43826
14553
14554
12807
43828
42475
12808
30453
30470
14561
14562
13771
43830
43091
13772
30935
30952
14565
14566
43832
14569
14570
14299
43834
43601
14300
31215
31216
14581
14582
14557
14558
14587
14588
43836
14589
14590
43838
14593
14594
11791
43840
41563
11792
29962
14595
14596
43842
14599
14600
43844
11837
43846
41769
11838
29985
14573
14574
43848
14605
14606
43850
11869
43852
41781
11870
30001
14601
14602
43854
13031
43856
42645
13032
30582
14611
14612
43858
13995
43860
43321
13996
31064
14615
14616
43862
14331
43864
43617
14332
31232
14619
14620
43866
9249
39661
9250
28689
28691
43868
14577
14578
9293
39659
9294
28712
28713
9325
39657
9326
28728
28729
43870
14627
14628
10639
40839
10640
29385
29386
11607
41417
11608
29869
29870
43872
14631
14632
12851
42643
12852
30491
30492
13815
43319
13816
30973
30974
43874
14635
14636
9155
39639
9156
28642
28644
9191
39641
9192
28661
28662
43876
14607
14608
14643
14644
9223
39643
9224
28677
28678
10619
40691
10620
29375
29376
43878
14623
14624
43880
14649
14650
11587
41415
11588
29859
29860
12831
42473
12832
30481
30482
43882
14651
14652
43884
14655
14656
13795
43089
13796
30963
30964
9255
39645
9256
28692
28694
43886
14657
14658
43888
14661
14662
9297
39647
9298
28714
28715
9329
39649
9330
28730
28731
43890
14639
14640
43892
14667
14668
10643
40837
10644
29387
29388
11611
41413
11612
29871
29872
43894
14663
14664
12855
42641
12856
30493
30494
13819
43317
13820
30975
30976
43896
14673
14674
9161
39651
9162
28645
28647
9195
39653
9196
28663
28664
43898
14677
14678
9227
39655
9228
28679
28680
10623
40689
10624
29377
29378
43900
14681
14682
11591
41411
11592
29861
29862
12835
42471
12836
30483
30484
43902
14583
14584
13799
43087
13800
30965
30966
11797
43904
41699
11798
29963
29965
14689
14690
43906
14693
14694
11841
43908
41773
11842
29986
29987
43910
14705
14706
14697
14698
43912
14711
14712
43914
14713
14714
43916
14717
14718
11873
43918
41783
11874
30002
30003
14723
14724
14719
14720
43920
43922
43924
43926
43928
43930
43932
43934
43936
14729
14730
43938
14645
14646
13035
43940
42649
13036
30583
30584
14735
14736
43942
14739
14740
13999
43944
43329
14000
31065
31066
14751
14752
43946
14755
14756
14335
43948
43619
14336
31233
31234
14669
14670
14767
14768
43950
14685
14686
9261
39749
9262
28695
28697
9301
39747
9302
28716
28717
43952
14773
14774
9333
39745
9334
28732
28733
10647
40835
10648
29389
29390
43954
14777
14778
11615
41561
11616
29873
29874
12859
42639
12860
30495
30496
43956
14781
14782
13823
43315
13824
30977
30978
9167
39743
9168
28648
28650
43958
14785
14786
9199
39741
9200
28665
28666
9231
39739
9232
28681
28682
43960
14793
14794
10627
40833
10628
29379
29380
11595
43797
41559
11596
29863
29864
43962
14701
14702
12839
43795
42469
12840
30485
30486
13803
43793
43085
13804
30967
30968
43964
14725
14726
9267
43791
39737
9268
28698
28700
9305
43789
39735
9306
28718
28719
43966
14743
14744
9337
43787
39675
9338
28734
28735
10651
43785
40831
10652
29391
29392
43968
14759
14760
11619
43783
41557
11620
29875
29876
12863
43781
42503
12864
30497
30498
43970
14707
14708
13827
43779
43313
13828
30979
30980
9361
43777
39677
9362
28747
43972
14789
14790
9407
43775
39679
9408
28770
9439
43773
39681
9440
28786
10671
43771
40829
10672
29402
43974
14797
14798
11639
43769
41555
11640
29886
43976
12883
43767
42539
12884
30508
43978
13847
43765
43117
13848
30990
43980
14801
14802
43982
9237
43984
39673
43986
43755
9238
28627
28685
14805
14806
10631
43988
40721
43990
43753
10632
29365
29382
14813
14814
43992
14817
14818
11599
43994
41449
43996
43749
11600
29849
29866
14821
14822
43998
14833
14834
12843
44000
42495
12844
30471
30488
14837
14838
44002
14809
14810
13807
44004
43093
13808
30953
30970
14853
14854
44006
14825
14826
14303
44008
43603
14304
31217
31218
14841
14842
14869
14870
44010
14857
14858
44012
14875
14876
44014
11909
44016
41869
11910
30021
14877
14878
44018
14881
14882
44020
11955
44022
41899
11956
30044
14883
14884
44024
14887
14888
44026
11987
44028
41907
11988
30060
14731
14732
44030
14893
14894
44032
13067
44034
42681
13068
30600
14747
14748
44036
14031
44038
43393
14032
31082
14899
14900
44040
14367
44042
43629
14368
31250
14903
14904
44044
9367
39701
9368
28748
28750
9411
39703
9412
28771
28772
44046
14763
14764
9443
39705
9444
28787
28788
10675
40827
10676
29403
29404
44048
14829
14830
11643
41447
11644
29887
29888
12887
42537
12888
30509
30510
44050
14915
14916
13851
43115
13852
30991
30992
9273
39717
9274
28701
28703
44052
14919
14920
9309
39719
9310
28720
28721
9341
39721
9342
28736
28737
44054
14845
14846
10655
40719
10656
29393
29394
11623
41445
11624
29877
29878
44056
14861
14862
14931
14932
44058
12867
42501
12868
30499
30500
13831
43099
13832
30981
30982
44060
14889
14890
14937
14938
44062
9373
39723
9374
28751
28753
9415
39725
9416
28773
28774
44064
14939
14940
44066
14943
14944
9447
39727
9448
28789
28790
10679
40825
10680
29405
29406
44068
14907
14908
44070
14949
14950
11647
41443
11648
29889
29890
12891
42535
12892
30511
30512
44072
14923
14924
44074
14955
14956
13855
43113
13856
30993
30994
44076
14945
14946
9279
39729
9280
28704
28706
9313
39731
9314
28722
28723
44078
14961
14962
9345
39733
9346
28738
28739
10659
40717
10660
29395
29396
44080
14965
14966
11627
43937
41441
11628
29879
29880
12871
43935
42499
12872
30501
30502
44082
14769
14770
13835
43933
43097
13836
30983
30984
11803
44084
41707
44086
44088
44090
44092
44094
44096
44098
44100
43931
11804
29966
29968
14977
14978
44102
14981
14982
11845
44104
41779
44106
43929
11846
29988
29989
14849
14850
14993
14994
44108
14865
14866
44110
14999
15000
44112
11877
44114
41785
44116
43927
11878
30004
30005
15005
15006
15001
15002
44118
44120
15011
15012
44122
14895
14896
44124
44126
44128
44130
44132
44134
44136
44138
44140
44142
44144
44146
44148
44150
44152
44154
44156
15017
15018
44158
44160
44162
44164
44166
44168
44170
44172
44174
11915
44176
41875
43921
43923
43925
11916
30022
30024
14911
14912
44178
15023
15024
11959
44180
41901
11960
30045
30046
14927
14928
11991
44182
41913
11992
30061
30062
14951
14952
44184
14969
14970
13039
44186
42653
13040
30585
30586
15039
15040
44188
14985
14986
13071
44190
42685
13072
30601
30602
15007
15008
15055
15056
44192
15027
15028
44194
14003
44196
43341
14004
31067
31068
15043
15044
44198
14871
14872
14035
44200
43399
14036
31083
31084
15061
15062
44202
15077
15078
44204
14933
14934
44206
44208
44210
44212
15083
15084
14339
44214
43621
14340
31235
31236
15089
15090
14957
14958
15095
15096
44216
14973
14974
44218
44220
44222
44224
44226
15101
15102
14371
44228
43631
14372
31251
31252
14989
14990
44230
15013
15014
9379
39817
9380
28754
28756
9419
39815
9420
28775
28776
44232
15031
15032
9451
39813
9452
28791
28792
10683
40823
10684
29407
29408
44234
15047
15048
11651
41553
11652
29891
29892
12895
42533
12896
30513
30514
44236
15065
15066
15123
15124
13859
43111
13860
30995
30996
9285
39811
9286
28707
28709
15129
15130
44238
15085
15086
44240
44242
44244
44246
44248
15135
15136
9317
39809
9318
28724
28725
15141
15142
9349
39807
9350
28740
28741
44250
15107
15108
10663
40821
10664
29397
29398
11631
41551
11632
29881
29882
44252
15091
15092
12875
42497
12876
30503
30504
13839
43095
13840
30985
30986
44254
15111
15112
9385
39805
9386
28757
28759
9423
39803
9424
28777
28778
44256
14995
14996
9455
39753
9456
28793
28794
10687
40815
10688
29409
29410
44258
15019
15020
11655
41549
11656
29893
29894
12899
42531
12900
30515
30516
44260
15035
15036
13863
43109
13864
30997
30998
9479
39755
9480
28806
44262
15051
15052
9525
39757
9526
28829
9557
39773
9558
28845
10707
40747
10708
29420
44264
15069
15070
15147
15148
11675
41547
11676
29904
12919
42637
12920
30526
13883
43135
13884
31008
44266
15131
15132
44268
44270
44272
9355
44274
39751
9356
28686
28744
15153
15154
10667
44276
40737
10668
29383
29400
15097
15098
15169
15170
44278
15115
15116
44280
15175
15176
44282
11635
44284
41463
11636
29867
29884
44286
44288
44290
44292
44294
44296
44298
44300
44302
44304
44306
15181
15182
15137
15138
44308
44310
44312
44314
44316
44318
15187
15188
44320
15157
15158
44322
44324
44326
44328
15193
15194
12879
44330
42523
12880
30489
30506
15057
15058
44332
15073
15074
13843
44334
43101
13844
30971
30988
15177
15178
44336
15215
15216
44338
15199
15200
15221
15222
14307
44340
43605
14308
31219
31220
44342
44344
44346
44348
44350
15227
15228
15103
15104
44352
15233
15234
44354
15119
15120
44356
15239
15240
12027
44358
41943
12028
30080
15143
15144
44360
15245
15246
12073
44362
41981
12074
30103
15161
15162
15251
15252
12105
44364
42065
44175
12106
28565
30119
15183
15184
44366
15257
15258
13103
44368
42717
44173
13104
29345
30618
15203
15204
44370
15263
15264
44372
14067
44374
43443
44171
14068
29829
31100
15079
15080
44376
15269
15270
14403
44378
43639
14404
30451
30933
31268
15229
15230
44380
15275
15276
44382
44384
9485
44169
39775
9486
28807
28809
9529
44167
39777
9530
28830
28831
44386
15259
15260
15281
15282
9561
44165
39779
9562
28846
28847
10711
44163
40745
10712
29421
29422
44388
15125
15126
44390
44392
44394
44396
44398
44400
15287
15288
11679
44161
41461
11680
29905
29906
12923
44159
42635
12924
30527
30528
44402
15149
15150
44404
44406
44408
15293
15294
13887
44157
43133
13888
31009
31010
9391
44155
39781
9392
28760
28762
44410
15165
15166
15299
15300
44412
44414
44416
9427
44153
39783
9428
28779
28780
9459
44151
39785
9460
28795
28796
44418
15189
15190
44420
44422
44424
15305
15306
10691
44149
40743
10692
29411
29412
11659
44147
41459
11660
29895
29896
44426
15207
15208
15311
15312
12903
44145
42529
12904
30517
30518
13867
44143
43107
13868
30999
31000
44428
15235
15236
9491
44141
39787
9492
28810
28812
9533
44139
39789
9534
28832
28833
44430
15318
44432
44434
44436
44438
44440
44442
44444
44446
39931
15319
9565
44137
39795
9566
28848
28849
10715
44135
40741
10716
29423
29424
44448
15289
15290
15320
37587
37589
15321
31726
15322
15323
26132
11683
44133
41457
11684
29907
29908
12927
44131
42633
12928
30529
30530
44450
15326
39929
15327
15324
37585
15325
24354
24414
24477
31728
15330
15331
15328
37583
15329
31730
15334
44452
44454
44456
44458
44460
40817
15335
15332
37581
15333
31732
15338
15339
15336
37579
15337
26134
31734
15342
44462
44464
41097
15343
15340
37573
15341
26136
26141
26145
31736
15346
15347
15344
37557
15345
31738
15350
44466
44468
41081
15351
15348
37555
15349
31740
15354
44470
41075
15355
44472
15352
38213
15353
31742
15358
15359
15356
15357
31744
15362
44474
41067
15363
15360
15361
26152
26158
31746
15366
44476
42093
15367
15364
38211
15365
31743
31748
15370
44478
41057
15371
44480
15265
15266
15372
15373
31752
15374
44482
41045
15375
44484
15368
37553
37783
15369
26220
31750
15382
44486
44488
44490
44492
44494
41039
15383
15376
15377
31753
31754
15378
44496
42095
15379
44498
15386
44500
40867
15387
15384
15385
31758
15390
44502
42097
15391
44504
15380
37563
37781
15381
26257
31751
31756
15394
41035
15395
44506
15398
44508
44510
44512
41017
15399
15388
15389
31759
31760
15402
42099
15403
44514
15406
44516
41013
15407
44518
15396
15397
31764
15295
15296
44520
15392
44522
44507
37607
37779
15393
26274
31757
31762
15410
44524
44526
44528
41003
15411
15400
15401
31765
31766
15418
41001
15419
44530
15414
42101
15415
44532
15408
15409
31770
15422
44534
40999
15423
44536
15404
44538
44515
37661
37777
15405
26291
31763
31768
15430
40881
15431
44540
15426
44542
44544
44546
42103
15427
15412
15413
31771
31772
15434
40997
15435
44548
15438
44550
42105
15439
44552
15420
44554
44531
15421
31776
15442
44556
40899
15443
44558
15416
38023
38025
15417
26308
31769
31774
15446
44560
44562
44564
40895
15447
44566
15450
44568
42107
15451
15424
44570
44539
15425
31777
31778
15454
42807
15455
15458
42805
15459
15462
42803
15463
15432
44572
44574
44576
44541
15433
31782
15466
42801
15467
15470
42799
15471
15474
42797
15475
15478
42795
15479
15482
42793
15483
44578
44580
44582
44584
44586
44588
44590
44592
15428
38207
38209
15429
26325
31775
31780
15486
42791
15487
15490
42789
15491
15494
42787
15495
15498
42785
15499
15502
42783
15503
15506
42781
15507
15510
42779
15511
15514
42777
15515
15518
42775
15519
15436
44549
15437
31783
31784
15526
42773
15527
15530
42809
15531
15534
42841
15535
15538
42839
15539
15542
42837
15543
15546
42835
15547
15550
42833
15551
15554
42831
15555
15522
42771
15523
15444
15445
26167
31741
31788
15562
42829
15563
15566
42827
15567
15570
42907
15571
15574
42905
15575
15578
42903
15579
15448
44594
44596
44598
44600
44602
44604
44606
44608
44610
44612
44614
44616
44618
44620
44622
44624
44626
44628
44567
15449
26189
31747
31789
31790
15582
42901
15583
15586
42899
15587
15558
42825
15559
15598
42897
15599
15602
42895
15603
15606
42893
15607
15610
42891
15611
15614
42889
15615
15618
42887
15619
15440
44555
38203
38205
15441
26342
31781
31786
15590
42885
15591
15622
42883
15623
15594
42881
15595
15634
42879
15635
15638
42877
15639
15642
42875
15643
15646
42873
15647
15650
42871
15651
15654
42869
15655
15452
44630
44632
44634
44636
44638
44640
44571
38199
38201
15453
26359
31787
31792
15626
42867
15627
15658
42865
15659
15630
42863
15631
15670
42861
15671
15674
42859
15675
15678
42937
15679
15682
42935
15683
15686
42933
15687
15690
42931
15691
15456
44642
44644
44646
44648
44650
44652
44654
44656
44658
44660
44662
44664
44666
44577
38197
38457
15457
26434
31794
15171
15172
15460
44575
42769
15461
31796
44668
15195
15196
15464
44573
15465
31798
44670
44672
44674
44676
44678
44680
44682
44684
15468
42767
15469
31800
44686
44688
44690
44692
44694
44696
44698
15472
15473
31799
31802
44700
15211
15212
15528
15529
31830
44702
44704
44706
44708
44710
44712
44714
44716
44718
15476
42765
15477
31804
44720
44722
44724
44726
44728
44730
44732
44734
44736
44738
44740
44742
44744
44746
44748
44750
44752
44754
44756
44758
44760
44762
44764
44766
44768
44770
44772
44774
44776
44778
44780
44782
44784
44786
44788
44790
44792
44794
15532
15533
31831
31832
44796
15241
15242
15480
15481
31803
31806
15564
15565
31848
44798
15271
15272
15484
42763
15485
31808
44800
44802
15536
15537
31833
31834
44804
15301
15302
15568
15569
31849
31850
15488
44629
15489
31807
31810
15662
42857
15663
15600
15601
31866
15666
42855
15667
15492
44627
42761
15493
31812
15694
42929
15695
15698
42927
15699
44806
44808
44810
44812
15540
44625
15541
31835
31836
15702
42925
15703
15706
42923
15707
15572
44623
15573
31851
31852
44814
15217
15218
15604
15605
31867
31868
15496
44621
15497
31811
31814
15710
42921
15711
15714
43363
15715
15636
15637
31884
15718
43361
15719
15722
43359
15723
15500
44619
42759
15501
31816
15726
43357
15727
44816
44818
44820
44822
44824
44826
44828
15544
44617
15545
31837
31838
15730
43355
15731
15734
43353
15735
15742
15743
15744
43351
15745
15576
44615
15577
31853
31854
15738
43347
15739
15748
43343
15749
15608
15609
31869
31870
15752
43339
15753
15756
43337
15757
15760
43335
15761
15640
15641
31885
31886
15764
43333
15765
44830
15768
43051
15769
15504
44613
15505
31815
31818
15772
43049
15773
15776
43047
15777
15672
15673
31902
15784
43045
15785
15788
43043
15789
15508
44611
42757
15509
31820
15792
43041
15793
44832
44834
44836
44838
44840
44842
44844
44846
44848
44850
44852
44854
44856
44858
44860
44862
44864
15548
44609
15549
31839
31840
15796
43039
15797
15800
43037
15801
15804
43035
15805
15580
44607
15581
31855
31856
15808
43033
15809
15812
15813
44866
15814
43031
15815
44868
44870
44872
44874
44876
44878
44880
15612
15613
31871
31872
15780
43029
15781
44882
15822
43027
15823
44884
15826
43025
15827
15644
15645
31887
31888
15830
43023
15831
44886
15834
43021
15835
15676
44888
44667
15677
31903
31904
15838
43019
15839
44890
15842
43017
15843
15512
44892
44605
15513
31819
31822
15850
15851
15846
43009
15847
44894
15818
43007
15819
44896
15860
42975
15861
44898
44900
44902
44904
44906
44908
44910
44912
44914
44916
44918
44920
44922
15708
15709
31920
15864
42973
15865
15516
44924
44603
42755
15517
31795
31824
15868
42971
15869
44926
15872
42969
15873
44928
44930
44932
44934
44936
15552
44938
44601
15553
31841
31842
15876
42967
15877
44940
15880
42965
15881
15584
44942
44665
15585
31857
31858
15852
42963
15853
15888
15889
44944
15884
42961
15885
44946
15856
42959
15857
44948
44950
44952
44954
44956
44958
44960
44962
15616
44964
44663
15617
31873
31874
15898
42957
15899
44966
15902
42955
15903
15648
44968
44661
15649
31889
31890
15906
43005
15907
44970
15910
42977
15911
15680
44972
44659
15681
31905
31906
15914
43003
15915
44974
15918
42979
15919
44976
15890
42953
15891
15926
15927
15712
15713
31921
31922
15922
43001
15923
44978
15894
42951
15895
15520
44980
44599
42753
15521
31823
31826
44982
44984
44986
44988
44990
44992
44994
44996
44998
45000
45002
45004
45006
45008
45010
45012
45014
45016
45018
45020
45022
45024
45026
45028
45030
45032
15247
15248
15746
15747
31797
31939
15750
15751
31801
31940
31941
45034
15277
15278
15556
44597
42823
15557
31843
31844
15588
44657
15589
31859
31860
15928
42999
15929
15936
42997
15937
15620
44655
15621
31875
31876
15932
42995
15933
15940
42993
15941
15652
44641
15653
31891
31892
15944
42991
15945
15948
42989
15949
15952
42987
15953
15684
44653
15685
31907
31908
15956
42981
15957
15960
42985
15961
15964
15965
15716
15717
31923
31924
15966
42983
15967
15970
43015
15971
15974
43013
15975
15524
44595
15525
31828
45036
15307
15308
45038
45040
45042
45044
45046
15754
15755
31805
31942
31943
15560
44639
15561
31829
31846
15978
43011
15979
15592
44637
42853
15593
31861
31862
15982
43331
15983
15986
43327
15987
15624
44635
15625
31877
31878
15990
43325
15991
15994
43323
15995
16002
16003
15998
43311
15999
15656
44633
15657
31893
31894
16004
43309
16005
16012
43305
16013
15688
44651
15689
31909
31910
16008
43303
16009
16016
43301
16017
45048
16020
43299
16021
15720
15721
31925
31926
16024
43297
16025
16028
43295
16029
15786
45033
15787
31959
16032
43293
16033
16036
43291
16037
16040
16041
45050
45052
45054
45056
45058
45060
45062
45064
45066
45068
45070
45072
45074
45076
45078
45080
45082
45084
45086
45088
45090
45092
45094
45096
45098
45100
45102
45104
45106
45108
45110
45112
45114
45116
45118
45120
15790
45031
15791
31960
31961
16042
43287
16043
16046
43285
16047
15758
45029
15759
31809
31944
31945
45122
45124
45126
45128
45130
45132
45134
45136
45138
45140
45142
45144
45146
45148
45150
45152
45154
16050
45156
45158
45160
43745
16051
15596
44631
15597
31847
31864
15628
44649
42851
15629
31879
31880
16054
43283
16055
16058
43281
16059
15660
44647
15661
31895
31896
16062
43279
16063
16066
43277
16067
16070
43275
16071
15692
44645
15693
31911
31912
16074
43273
16075
16078
43271
16079
15724
45027
15725
31927
31928
45162
16086
43741
16087
15824
45025
15825
31978
45164
45166
15794
45023
15795
31962
31963
16090
43269
16091
16094
43267
16095
15828
45021
15829
31979
31980
16098
43265
16099
16102
43263
16103
15762
45168
45019
15763
31813
31946
31947
16082
43261
16083
16106
43259
16107
16110
43257
16111
15632
44643
15633
31865
31882
16114
43255
16115
16126
43253
16127
15664
45017
42849
15665
31897
31898
16130
43251
16131
16134
43249
16135
15696
45015
15697
31913
31914
45170
45172
45174
45176
45178
45180
45182
16122
45184
45186
45188
45190
45192
45194
45196
45198
45200
45202
45204
45206
45208
45210
43737
16123
15728
45212
45013
15729
31929
31930
16138
43247
16139
15862
45011
15863
31997
16118
43245
16119
45214
45216
45218
15798
45009
15799
31964
31965
16142
43243
16143
16146
43241
16147
15832
45007
15833
31981
31982
16150
43239
16151
16162
43237
16163
16166
43235
16167
15866
45005
15867
31998
31999
16170
43233
16171
45220
45222
45224
45226
45228
45230
45232
45234
16158
45236
45238
45240
45242
45244
45246
45248
45250
45252
45254
45256
45258
43733
16159
15766
45260
45003
15767
31817
31948
31949
15668
45001
15669
31883
31900
16174
43231
16175
15700
44999
42919
15701
31915
31916
16154
43229
16155
16178
43227
16179
16182
43225
16183
15732
44997
15733
31931
31932
16198
43223
16199
16202
43221
16203
15900
44995
15901
32016
16206
43219
16207
16186
43217
16187
15802
44993
15803
31966
31967
45262
45264
45266
45268
45270
45272
45274
45276
16194
43729
16195
45278
45280
15836
45282
44991
15837
31983
31984
15870
44989
15871
32000
32001
16210
43215
16211
16190
43213
16191
15904
44987
15905
32017
32018
16214
43211
16215
16218
43141
16219
15770
44985
15771
31821
31950
31951
16234
43209
16235
16238
43207
16239
16242
43205
16243
15704
44969
15705
31901
31918
16222
43139
16223
45284
45286
45288
45290
45292
45294
45296
45298
16230
45300
45302
45304
45306
45308
45310
45312
45314
43725
16231
15736
45316
44967
42949
15737
31933
31934
15938
15939
32035
15806
44927
15807
31968
31969
16246
43203
16247
16226
43137
16227
16250
43201
16251
15840
44925
15841
31985
31986
16270
43199
16271
16274
43197
16275
15874
44939
15875
32002
32003
16254
43195
16255
16278
43193
16279
16258
43191
16259
15908
44971
15909
32019
32020
45318
45320
45322
45324
45326
45328
45330
45332
16266
43721
16267
45334
45336
15942
15943
32036
32037
15774
44891
42947
15775
31825
31952
31953
16282
43189
16283
16262
43187
16263
15740
45338
44889
15741
31919
31936
16286
43185
16287
45340
16310
45342
45344
45346
45348
45350
45352
45354
45356
45358
45360
45362
45364
45366
43717
16311
15976
15977
32054
45368
15810
44887
15811
31970
31971
45370
45372
45374
16314
45376
45378
45380
45382
45384
45386
45388
45390
45392
43713
16315
15844
44893
15845
31987
31988
15878
44941
15879
32004
32005
45394
16318
43707
16319
15912
44973
15913
32021
32022
15946
15947
32038
32039
45396
16322
43705
16323
45398
15980
15981
32055
32056
15778
44867
15779
31937
31938
31955
15223
15224
16014
16015
31827
32073
15253
15254
15816
44885
15817
31972
31973
31974
16290
43183
16291
16294
43181
16295
45400
45402
45404
45406
45408
16302
43703
16303
45410
16018
16019
31845
32074
32075
15848
44895
15849
31989
31990
16298
43179
16299
15882
44943
15883
32006
32007
45412
16326
45414
45416
45418
45420
43701
16327
15916
44975
15917
32023
32024
15950
15951
32040
32041
45422
45424
16330
43699
16331
15984
15985
32057
32058
15782
44883
15783
31957
45426
16334
45428
43697
16335
15854
44945
15855
31991
31992
31993
16022
16023
31863
32076
32077
45430
16338
43687
16339
15820
44897
15821
31958
31976
15886
44947
15887
32008
32009
45432
16346
45434
43683
16347
15920
44977
15921
32025
32026
15954
15955
32042
32043
45436
16350
45438
43671
16351
15988
15989
32059
32060
15892
44983
15893
32010
32011
32012
45440
16354
43655
16355
16026
45155
16027
31881
32078
32079
15858
44965
15859
31977
31995
45442
16358
43651
16359
15924
44979
15925
32027
32028
15958
45153
15959
32044
32045
45444
16362
45446
43649
16363
15992
45151
15993
32061
32062
16056
16057
32094
45448
16366
45450
43663
16367
45452
16060
16061
32095
32096
15930
45149
15931
32029
32030
32031
16370
45454
43675
16371
16030
45147
16031
31899
32080
32081
15896
44981
15897
31996
32014
45456
16382
43645
16383
15962
45145
15963
32046
32047
15996
45143
15997
32063
32064
45458
16386
45460
43641
16387
16064
16065
32097
32098
15968
45141
15969
32048
32049
32050
45462
16390
43647
16391
16034
45139
16035
31917
32082
32083
15934
45137
15935
32015
32033
45464
16394
45466
43659
16395
16000
45135
16001
32065
32066
16068
16069
32099
32100
45468
16398
45470
43667
16399
16006
45133
16007
32067
32068
32069
16038
45131
16039
31935
32084
32085
45472
16402
43679
16403
15972
45129
15973
32034
32052
16072
16073
32101
32102
45474
16306
45476
43917
16307
16044
45127
16045
31954
32086
32087
32088
16010
45125
16011
32053
32071
45478
16342
43913
16343
16092
16093
32112
16096
16097
32113
32114
16076
16077
32103
32104
45480
16374
45482
43691
16375
16048
45123
16049
32072
32090
45484
16406
45486
43695
16407
16100
16101
32115
32116
16080
16081
32105
32106
45488
16422
43911
16423
16052
45490
45163
16053
32092
16426
45492
43893
16427
45494
16104
16105
32117
32118
16084
45183
16085
32107
32108
45496
16378
45498
43889
16379
16108
45181
16109
32119
32120
16128
45179
16129
32130
16088
45500
45169
16089
32093
32110
16410
45502
43709
16411
45504
16442
45506
43885
16443
16312
45508
45375
16313
32222
16430
45510
43881
16431
45512
16132
45177
16133
32131
32132
45514
16446
45516
43867
16447
16112
45175
16113
32121
32122
16136
45173
16137
32133
32134
45518
16414
43863
16415
45520
16116
45171
16117
32123
32124
16316
45522
45395
16317
32223
32224
16462
45524
43859
16463
45526
16434
45528
43855
16435
16140
45235
16141
32135
32136
45530
16450
45532
43851
16451
16120
45233
16121
32125
32126
16144
45231
16145
32137
32138
45534
16466
43845
16467
16164
45229
16165
32148
45536
16124
45538
45213
44127
44129
16125
32111
32128
16418
45540
44045
16419
45542
16438
45544
44041
16439
16348
45546
45437
16349
32240
16454
45548
43843
16455
45550
16168
45227
16169
32149
32150
16148
45225
16149
32139
32140
45552
16470
45554
43839
16471
16172
45223
16173
32151
32152
16152
45221
16153
32141
32142
45556
16486
45558
44037
16487
16320
45560
45397
16321
32225
32226
16490
45562
43987
16491
45564
16458
45566
43979
16459
16352
45568
45441
16353
32241
32242
16474
45570
45572
43849
16475
45574
16506
45576
44033
16507
16176
45277
16177
32153
32154
16156
45275
16157
32143
32144
45578
16494
43983
16495
16180
45273
16181
32155
32156
16200
45271
16201
32166
16160
45580
45261
16161
32129
32146
16510
43997
16511
45582
16478
45584
45586
43977
16479
16384
16385
28199
32258
16526
44031
16527
45588
16204
45269
16205
32167
32168
16498
45590
43991
16499
45592
45594
45596
16184
45267
16185
32157
32158
13891
44101
43131
13892
31011
31012
45598
16514
45600
45602
45604
44027
16515
9397
44099
39797
9398
28763
28765
9431
44097
39799
9432
28781
28782
45606
16530
45608
45610
45612
44025
16531
9463
44095
39801
9464
28797
28798
10695
44093
40739
10696
29413
29414
45614
16482
45616
45618
45620
45622
45624
45626
44021
16483
11663
44091
41455
11664
29897
29898
12907
44089
42527
12908
30519
30520
45628
16502
44019
16503
13871
44087
43105
13872
31001
31002
11809
45630
41717
44125
11810
29969
29971
16518
45632
44015
16519
45634
16534
45636
45638
45640
45642
44013
16535
11849
45644
41791
45646
44117
11850
29990
29991
16550
45648
45650
45652
44071
16551
45654
16554
45656
44067
16555
11881
45658
41805
44121
11882
30006
30007
16522
45660
45662
45664
44063
16523
45666
16538
45668
44059
16539
11921
45670
41881
44119
11922
30025
30027
16570
44113
16571
45672
16558
45674
45676
44075
16559
11963
45678
41903
11964
30047
30048
16574
44107
16575
45680
16542
45682
45684
44111
16543
11995
45686
41917
11996
30063
30064
16590
16591
45688
16562
16563
12033
45690
41951
12034
30081
30083
16578
16579
45692
16594
45694
45696
45698
45700
44227
16595
12077
45702
41983
44225
12078
30104
30105
16546
45704
45706
44213
16547
45708
16566
16567
12109
45710
42069
44211
12110
28624
30120
30121
16582
16583
13107
45712
42721
13108
29363
30619
30620
16598
16599
45714
16614
16615
14071
45716
43447
14072
29847
31101
31102
16618
16619
45718
16586
16587
14407
45720
43643
14408
30469
30951
31269
31270
16602
44425
16603
45722
16634
44385
16635
13043
45724
42657
44209
44383
13044
30587
30588
16622
45726
45728
45730
45732
45734
45736
44373
16623
45738
16638
45740
44361
16639
13075
45742
42689
44195
44223
13076
30603
30604
16606
45744
45746
45748
44353
16607
45750
16654
45752
44351
16655
14007
45754
43345
44207
44349
14008
31069
31070
16626
45756
45758
45760
44357
16627
45762
16642
45764
44367
16643
14039
45766
43405
44203
44221
14040
31085
31086
16658
45768
45770
45772
44371
16659
45774
16610
45776
44377
16611
14343
45778
43623
44219
14344
31237
31238
16678
45780
45782
45784
44381
16679
45786
16698
45788
44409
16699
14375
45790
43633
44347
14376
31253
31254
16630
45792
45794
45796
45798
44401
16631
16208
45265
16209
32169
32170
45800
16646
44417
16647
16188
45263
16189
32159
32160
9497
44329
39857
9498
28813
28815
45802
16662
16663
9537
44327
39855
9538
28834
28835
9569
44325
39853
9570
28850
28851
45804
16682
44447
16683
10719
44249
40787
10720
29425
29426
11687
44247
41545
11688
29909
29910
45806
16718
16719
12931
44245
42631
12932
30531
30532
13895
44243
43129
13896
31013
31014
45808
16702
44963
16703
16388
45810
45463
16389
28608
32259
32260
16739
44495
16740
26139
45812
16722
44529
16723
16741
44461
44473
16742
32436
16743
44465
16744
45814
16324
45816
45409
16325
32227
32228
16747
16748
26150
45818
16751
44469
16752
16749
44463
44467
16750
31729
31733
32440
16755
16756
16745
16746
31727
31731
32437
32438
16759
44471
16760
16753
44493
16754
32442
16763
45820
45822
45824
45826
45828
45830
45832
45834
45836
45838
45840
45842
44475
16764
16757
44491
16758
32444
16767
16768
16761
44961
16762
32446
16771
45844
44477
16772
16769
16770
31737
32450
16779
45846
44483
16780
16765
16766
31735
32448
16775
45848
44479
16776
16773
44959
16774
32447
32452
16783
45850
44485
16784
45852
16787
45854
44501
16788
16781
16782
32456
16791
45856
44497
16792
16785
16786
32457
32458
16795
45858
44503
16796
45860
16799
45862
44505
16800
16777
45864
45853
44487
44489
16778
26196
32454
16803
45866
44513
16804
45868
16793
16794
32462
16650
45870
45872
45874
45876
45878
44937
16651
16789
44509
44511
16790
26253
32455
32460
16807
45880
45882
45884
44521
16808
16797
45886
45861
16798
32463
32464
16815
44519
16816
45888
16811
45890
44517
16812
45892
16805
16806
32468
16819
45894
44565
16820
45896
16801
45898
45865
44525
44527
16802
26270
32461
32466
16827
45900
45902
45904
44535
16828
45906
16823
45908
44533
16824
16809
16810
32469
32470
16831
44537
16832
45910
16835
45912
44557
16836
16817
45914
45889
16818
32474
16839
45916
44547
16840
16813
44543
44545
16814
26287
32467
32472
16843
44551
16844
45918
16847
45920
44553
16848
16821
45922
45899
16822
32475
32476
16851
45924
44559
16852
45926
16666
45928
44923
16667
16829
45930
45907
16830
32480
16855
45932
44569
16856
45934
16825
44561
44563
16826
26304
32473
32478
16859
45936
45938
45940
45942
45944
44795
16860
45946
16863
45948
44593
16864
16833
45950
45911
16834
32481
32482
16867
44591
16868
16871
44589
16872
16875
44587
16876
16879
44585
16880
16883
44583
16884
16887
44581
16888
16841
16842
32486
16891
44579
16892
16895
44793
16896
16899
44791
16900
16903
44789
16904
16907
44787
16908
45952
45954
45956
16837
45915
44783
44785
16838
26321
32479
32484
16911
44781
16912
16915
44779
16916
16919
44777
16920
16923
44775
16924
16935
44773
16936
16939
44771
16940
16943
44769
16944
16947
44767
16948
16951
44765
16952
16845
45958
45960
45962
45964
45966
45968
45970
45972
45974
45976
45978
45980
45982
45919
16846
32487
32488
16955
44763
16956
16959
44761
16960
16927
44759
16928
16963
44757
16964
16971
44755
16972
16975
44753
16976
16979
44751
16980
16983
44749
16984
16987
44747
16988
16853
45984
45986
45988
45990
45992
45994
45927
16854
31739
32445
32492
16991
44745
16992
16995
44743
16996
16931
44741
16932
16967
44739
16968
17007
44737
17008
16857
16858
31745
32451
32493
32494
17011
44735
17012
17015
44733
17016
17019
44731
17020
17023
44729
17024
17027
44727
17028
16999
44725
17000
17031
44723
17032
17043
44719
17044
17047
44717
17048
16849
45996
45998
46000
46002
46004
46006
46008
46010
46012
46014
45923
44713
44715
16850
26338
32485
32490
17051
44711
17052
17055
44709
17056
17059
44707
17060
17063
44705
17064
17003
44703
17004
17035
44699
17036
17067
44697
17068
17079
44695
17080
17083
44693
17084
16861
45947
44689
44691
16862
26355
32491
32496
17087
44685
17088
17091
44683
17092
17095
44681
17096
17099
44679
17100
17039
44677
17040
17071
44921
17072
17103
44919
17104
17115
44881
17116
17119
44879
17120
16865
46016
46018
46020
46022
46024
46026
46028
46030
46032
46034
46036
46038
46040
46042
46044
45951
44673
46046
46048
44675
16866
26366
32498
16686
46050
46052
46054
46056
46058
46060
46062
46064
46066
46068
46070
46072
46074
46076
46078
46080
46082
46084
46086
46088
46090
46092
46094
46096
46098
46100
46102
46104
46106
46108
46110
46112
46114
46116
46118
46120
46122
46124
46126
46128
46130
46132
46134
46136
46138
46140
46142
46144
46146
46148
46150
46152
46154
46156
44865
16687
16869
44671
16870
32500
46158
16706
46160
46162
46164
46166
46168
46170
46172
46174
46176
46178
46180
46182
44803
16707
16873
16874
32502
16877
44687
16878
32504
16881
16882
32503
32506
46184
16726
46186
46188
46190
46192
44813
16727
16937
16938
32534
16885
44721
16886
32508
16941
16942
32535
32536
46194
16670
46196
46198
44829
16671
16889
45983
16890
32507
32510
16973
16974
32552
46200
16690
46202
45161
16691
16893
45981
44801
16894
32512
46204
46206
16945
45979
16946
32537
32538
16977
16978
32553
32554
17075
44811
17076
46208
16710
46210
46212
45121
16711
16897
45977
16898
32511
32514
17009
17010
32570
17107
44809
17108
16901
45975
44807
16902
32516
17111
44827
17112
46214
46216
46218
46220
16949
45973
16950
32539
32540
17123
44825
17124
17127
44823
17128
17131
44821
17132
16981
16982
32555
32556
17135
44819
17136
17139
44863
17140
17013
17014
32571
32572
17143
44861
17144
17147
44859
17148
17151
17152
17153
44857
17154
46222
46224
46226
46228
46230
46232
46234
46236
46238
16905
45971
16906
32515
32518
17157
44855
17158
17161
44853
17162
17045
17046
32588
17165
44851
17166
17169
44849
17170
16909
45969
44817
16910
32520
17173
44847
17174
46240
46242
46244
46246
46248
46250
46252
16953
45967
16954
32541
32542
17177
44845
17178
17181
44843
17182
16985
45995
16986
32557
32558
17185
44841
17186
46254
17189
44917
17190
17193
44839
17194
17017
17018
32573
32574
17197
44837
17198
17201
44835
17202
17049
46015
17050
32589
32590
17205
44877
17206
17209
44875
17210
17213
44873
17214
16913
45965
16914
32519
32522
17221
17222
17217
44871
17218
17223
44869
17224
17081
17082
32606
17231
44915
17232
17235
44913
17236
46256
46258
46260
46262
46264
46266
46268
46270
46272
46274
46276
46278
46280
46282
46284
16917
46286
45963
44833
16918
32524
17239
44911
17240
46288
46290
46292
16957
46294
45993
16958
32543
32544
17243
44909
17244
46296
17247
44907
17248
16989
46298
45991
16990
32559
32560
17251
44905
17252
46300
17255
44903
17256
17259
17260
46302
17227
44901
17228
17021
46304
46013
17022
32575
32576
17261
44957
17262
46306
17269
44899
17270
17053
17054
32591
32592
17273
44935
17274
46308
17277
44933
17278
46310
17281
44931
17282
17085
17086
32607
32608
17285
44955
17286
46312
17289
44953
17290
16921
46314
45961
16922
32523
32526
17297
17298
17293
44951
17294
46316
17265
44949
17266
46318
17307
45119
17308
46320
46322
46324
46326
46328
46330
46332
46334
46336
46338
46340
46342
46344
46346
46348
46350
17117
46352
46045
17118
32624
17311
45117
17312
46354
46356
16925
46358
45959
44929
16926
32499
32528
17315
45115
17316
46360
46362
46364
16961
46366
45989
16962
32545
32546
17319
45113
17320
46368
17323
45111
17324
46370
17327
45109
17328
16993
46372
46011
16994
32561
32562
17299
45107
17300
17335
17336
46374
17331
45105
17332
17025
46376
46009
17026
32577
32578
17303
45103
17304
46378
17345
45101
17346
46380
17349
45099
17350
17057
46382
46043
17058
32593
32594
17353
45097
17354
46384
17357
45095
17358
17089
46386
46041
17090
32609
32610
17361
45093
17362
46388
17365
45091
17366
46390
17337
45089
17338
17373
17374
17121
46392
46039
17122
32625
32626
17369
45087
17370
46394
17341
45085
17342
16929
46396
45987
45083
16930
32527
32530
46398
46400
46402
46404
46406
46408
46410
46412
46414
46416
46418
46420
46422
46424
46426
46428
46430
46432
46434
16730
46436
46438
45047
16731
17155
17156
32501
32643
46440
46442
46444
46446
46448
46450
46452
46454
46456
46458
46460
46462
46464
46466
46468
17159
17160
32505
32644
32645
16674
16675
16965
45985
45045
16966
32547
32548
17375
45043
17376
17379
45041
17380
17383
45039
17384
16997
46007
16998
32563
32564
16694
16695
17387
45081
17388
17029
46005
17030
32579
32580
17391
45079
17392
17395
45077
17396
17399
45075
17400
17061
46037
17062
32595
32596
17403
45073
17404
17407
45071
17408
17411
17412
17093
46035
17094
32611
32612
17413
45069
17414
17417
45067
17418
46470
17421
45065
17422
17125
17126
32627
32628
15283
44399
15284
46472
17425
45063
17426
16933
46474
46003
16934
32532
17429
45061
17430
46476
46478
46480
46482
46484
46486
46488
46490
46492
46494
46496
46498
46500
46502
46504
46506
46508
46510
17163
17164
32509
32646
32647
17433
45059
17434
46512
17437
45057
17438
17441
45055
17442
16969
46001
16970
32533
32550
17449
17450
17445
45053
17446
17451
45159
17452
17001
45999
45051
17002
32565
32566
46514
46516
46518
46520
46522
46524
46526
46528
46530
46532
17459
45259
17460
46534
17033
45997
17034
32581
32582
17065
46033
17066
32597
32598
17463
45257
17464
17467
45255
17468
17471
45253
17472
17097
46031
17098
32613
32614
17475
45251
17476
17479
45249
17480
17129
17130
32629
32630
17483
45211
17484
17455
45157
17456
46536
17487
45209
17488
17195
17196
32663
46538
17495
46540
46542
46544
46546
46548
46550
46552
46554
46556
46558
46560
46562
46564
46566
46568
45167
17496
46570
17199
17200
32664
32665
17167
17168
32513
32648
32649
17499
45207
17500
17005
46029
17006
32551
32568
17503
45205
17504
17507
45203
17508
17037
46572
46027
45165
17038
32583
32584
17511
45201
17512
17491
45199
17492
17515
45197
17516
17069
46025
17070
32599
32600
17519
45195
17520
17523
45193
17524
17101
46023
17102
32615
32616
17535
45191
17536
17539
45189
17540
17543
45187
17544
17133
17134
32631
32632
46574
46576
46578
46580
46582
46584
46586
46588
17531
45219
17532
17233
17234
32682
46590
46592
46594
46596
46598
17203
17204
32666
32667
17547
45217
17548
17237
17238
32683
32684
17527
45215
17528
17551
45247
17552
17555
45245
17556
17171
46600
46435
17172
32517
32650
32651
17559
45243
17560
46602
17571
45241
17572
17041
46604
46021
17042
32569
32586
17575
45239
17576
17579
45237
17580
17073
46019
45185
17074
32601
32602
46606
46608
17567
46610
46612
46614
46616
46618
46620
46622
46624
46626
46628
46630
45393
17568
17105
46632
46017
17106
32617
32618
17583
45391
17584
17137
46433
17138
32633
32634
17563
45389
17564
17587
45387
17588
17271
46431
17272
32701
17591
45385
17592
46634
46636
46638
46640
17207
46429
17208
32668
32669
17607
45383
17608
17611
45381
17612
17615
45379
17616
17241
46427
17242
32685
32686
17595
45377
17596
46642
46644
46646
46648
46650
46652
46654
46656
17603
46658
46660
46662
46664
46666
46668
46670
45281
17604
46672
17275
46674
46425
17276
32702
32703
17175
46423
17176
32521
32652
32653
17619
45315
17620
17077
46421
17078
32587
32604
17599
45313
17600
17623
45311
17624
17643
45309
17644
17109
46419
45279
17110
32619
32620
17647
45307
17648
17627
45305
17628
17141
46417
17142
32635
32636
17651
45303
17652
17631
45301
17632
46676
46678
46680
46682
46684
46686
46688
46690
17639
46692
46694
46696
46698
46700
46702
46704
46706
46708
46710
46712
45367
17640
17309
46714
46415
17310
32720
46716
17211
46413
17212
32670
32671
17245
46411
17246
32687
32688
17655
45365
17656
17635
45363
17636
17279
46409
17280
32704
32705
17659
45361
17660
17679
45359
17680
17313
46407
17314
32721
32722
17683
45357
17684
17663
45355
17664
17687
45353
17688
17179
46405
17180
32525
32654
32655
17667
45351
17668
46718
46720
46722
46724
46726
46728
46730
46732
17675
45337
17676
46734
17113
46736
46403
17114
32605
32622
17145
46401
45335
17146
32637
32638
17691
45349
17692
17347
46399
17348
32739
17671
45347
17672
17695
45345
17696
17215
46381
17216
32672
32673
46738
46740
46742
17719
45369
17720
46744
46746
17249
46748
46359
17250
32689
32690
17283
46353
17284
32706
32707
46750
46752
46754
46756
17723
17724
17317
46367
17318
32723
32724
17351
46383
17352
32740
32741
46758
17727
46760
45421
17728
17183
46311
45343
17184
32529
32656
32657
17149
46309
17150
32623
32640
46762
17731
45399
17732
17385
17386
32758
46764
46766
17219
46299
17220
32674
32675
46768
17735
17736
17253
46301
17254
32691
32692
17287
46313
17288
32708
32709
46770
17739
46772
45429
17740
17321
46369
17322
32725
32726
17355
46385
17356
32742
32743
46774
17743
17744
17389
17390
32759
32760
17187
46297
17188
32641
32642
32659
16714
16715
17699
45419
17700
17423
17424
32531
32777
17703
45417
17704
17225
46295
17226
32676
32677
32678
46776
46778
17711
45411
17712
17427
17428
32549
32778
32779
17257
46303
17258
32693
32694
17707
45415
17708
46780
17747
45435
17748
17291
46315
17292
32710
32711
17325
46371
17326
32727
32728
46782
17715
17716
17359
46387
17360
32744
32745
17393
17394
32761
32762
46784
17755
45439
17756
17191
46287
17192
32661
17263
46307
17264
32695
32696
32697
46786
46788
46790
46792
17759
17760
17431
17432
32567
32780
32781
17229
46305
17230
32662
32680
46794
17763
46796
45455
17764
17295
46317
17296
32712
32713
17329
46373
17330
32729
32730
46798
17767
46800
45447
17768
17363
46389
17364
32746
32747
17397
17398
32763
32764
46802
17771
45451
17772
17301
46375
17302
32714
32715
32716
17435
17436
32585
32782
32783
46804
17775
45453
17776
46806
17267
46319
17268
32681
32699
17333
46377
17334
32731
32732
46808
17779
17780
17367
46391
17368
32748
32749
17401
17402
32765
32766
46810
17791
46812
45461
17792
17465
17466
32798
46814
17469
17470
32799
32800
17339
46393
17340
32733
32734
32735
46816
17795
46818
45555
17796
17439
46533
17440
32603
32784
32785
17305
46379
17306
32700
32718
46820
17799
45467
17800
17371
46395
17372
32750
32751
17405
46531
17406
32767
32768
46822
17803
46824
45471
17804
17473
17474
32801
32802
46826
17807
45517
17808
17377
46529
17378
32752
32753
32754
17443
46527
17444
32621
32786
32787
46828
17811
46830
45477
17812
17343
46397
17344
32719
32737
17409
46525
17410
32769
32770
46832
17751
46834
45483
17752
17477
17478
32803
32804
17415
46523
17416
32771
32772
32773
46836
17783
45487
17784
17447
46521
17448
32639
32788
32789
17381
46519
17382
32738
32756
46838
17815
45499
17816
17481
17482
32805
32806
17453
46517
17454
32658
32790
32791
32792
17831
46840
45493
17832
17419
46515
17420
32757
32775
17501
17502
32816
17505
17506
32817
32818
46842
17835
46844
45495
17836
17485
17486
32807
32808
17457
17458
32776
32794
46846
17787
46848
45503
17788
17509
17510
32819
32820
17489
46539
17490
32809
32810
17819
46850
45507
17820
17461
46852
46537
17462
32796
17851
46854
45511
17852
17513
46589
17514
32821
32822
17493
46587
17494
32811
32812
46856
17839
46858
45513
17840
17517
46585
17518
32823
32824
17537
46583
17538
32834
46860
17855
46862
45525
17856
17497
46864
46573
17498
32797
32814
17823
46866
45521
17824
46868
17871
46870
45529
17872
17721
46872
46757
17722
32926
17843
46874
45533
17844
17541
46581
17542
32835
32836
17521
46579
17522
32825
32826
46876
17859
46878
45541
17860
17545
46577
17546
32837
32838
17525
46575
17526
32827
32828
46880
17875
46882
45537
17876
17725
46884
46759
17726
32927
32928
17827
46886
45545
17828
46888
17847
46890
45549
17848
17549
46755
17550
32839
32840
17529
46753
17530
32829
32830
46892
17863
46894
45551
17864
17553
46751
17554
32841
32842
17573
46749
17574
32852
17533
46896
46605
17534
32815
32832
17879
46898
45559
17880
46900
17895
46902
45563
17896
17757
46904
46793
17758
32944
17899
46906
45567
17900
17577
46609
17578
32853
32854
46908
17867
46910
45573
17868
17557
46601
17558
32843
32844
17581
46607
17582
32855
32856
46912
17883
46914
45577
17884
17561
46603
17562
32845
32846
17729
46916
46763
17730
32929
32930
17915
17916
46918
17903
17904
17761
46920
46795
17762
32945
32946
17919
17920
46922
17887
17888
17585
46657
17586
32857
32858
46924
17935
46926
45605
17936
17565
46655
17566
32847
32848
17589
46653
17590
32859
32860
46928
17907
46930
45597
17908
17609
46651
17610
32870
17569
46932
46633
17570
32833
32850
17923
17924
46934
17939
46936
45627
17940
17793
46938
46817
17794
27833
32962
17891
17892
46940
17613
46649
17614
32871
32872
17593
46647
17594
32861
32862
46942
17911
17912
16356
46944
45443
46946
46948
46950
45571
16357
32243
32244
17927
17928
46952
17943
45653
17944
46954
17617
46645
17618
32873
32874
9403
45625
44241
39851
9404
28766
28768
46956
17959
45657
17960
9435
46958
46960
46962
46964
45613
44323
39849
9436
28783
28784
9467
45623
44319
39847
9468
28799
28800
46966
17963
45665
17964
10699
46968
46970
46972
45621
44317
40785
10700
29415
29416
11667
45651
44315
41543
11668
29899
29900
46974
17931
45669
17932
12911
46976
46978
46980
45647
44313
42525
12912
30521
30522
13875
45643
44311
43103
13876
31003
31004
46982
17947
17948
17597
46643
17598
32863
32864
16212
45595
45299
16213
32171
32172
46984
17967
17968
17797
46986
46821
17798
28592
32963
32964
17951
17952
46988
17979
46990
46992
46994
46996
46998
47000
45677
17980
17733
47002
46769
17734
32931
32932
17983
47004
47006
47008
45685
17984
47010
17971
17972
17765
47012
46799
17766
32947
32948
17987
17988
16192
45593
45297
16193
32161
32162
47014
17955
17956
9503
44309
39845
9504
28816
28818
9541
44307
39843
9542
28836
28837
47016
17999
45701
18000
9573
44305
39829
9574
28852
28853
10723
44303
40783
10724
29427
29428
47018
18003
45707
18004
11691
44301
41541
11692
29911
29912
12935
44299
42629
12936
30533
30534
47020
17975
17976
13899
44297
43127
13900
31015
31016
9597
44295
39831
9598
28865
47022
17991
17992
47024
47026
47028
47030
47032
47034
47036
47038
47040
47042
9643
44293
39833
9644
28888
47044
47046
47048
9675
44291
39835
9676
28904
47050
47052
10743
44289
40781
10744
29438
47054
18007
18008
47056
47058
11711
44273
41539
11712
29922
47060
47062
12955
44271
42627
12956
30544
47064
47066
13919
44269
43159
13920
31026
47068
17995
17996
47070
47072
17621
46691
17622
32875
32876
9473
47074
39819
47076
47078
44283
9474
28745
28803
18023
18024
47080
18027
18028
10703
47082
40771
47084
44281
10704
29401
29418
18011
18012
47086
18043
46569
18044
47088
11671
47090
41481
47092
44287
11672
29885
29902
18031
45741
18032
47094
18047
47096
45749
18048
47098
12915
47100
42565
47102
44345
12916
30507
30524
18015
45753
18016
47104
18063
47106
45761
18064
47108
13879
47110
43119
47112
44337
13880
30989
31006
18035
45765
18036
47114
18051
47116
45773
18052
47118
14311
47120
43607
47122
44343
14312
31221
31222
18067
45777
18068
17601
46689
17602
32865
32866
47124
18019
46511
18020
47126
47128
16216
45589
45295
16217
32173
32174
9603
44397
39837
9604
28866
28868
47130
18087
47132
47134
47136
47138
47140
45789
18088
9647
44395
39839
9648
28889
28890
9679
44393
39841
9680
28905
28906
47142
18039
46365
18040
47144
47146
47148
10747
44391
40779
10748
29439
29440
11715
44407
41479
11716
29923
29924
47150
18055
46357
18056
47152
47154
47156
12959
44405
42581
12960
30545
30546
47158
18071
47160
47162
46351
18072
13923
44415
43157
13924
31027
31028
16236
45587
45293
16237
32184
47164
47166
47168
16196
47170
45283
47172
45585
16197
32147
32164
18107
45799
18108
47174
18091
47176
46293
18092
47178
9509
44413
39861
9510
28819
28821
47180
18111
46285
18112
47182
47184
9545
44423
39863
9546
28838
28839
9577
44421
39865
9578
28854
28855
47186
18059
47188
47190
47192
46253
18060
10727
44445
40777
10728
29429
29430
11695
44443
41473
11696
29913
29914
47194
18127
47196
47198
47200
45905
18128
12939
44441
42559
12940
30535
30536
13903
44439
43125
13904
31017
31018
47202
18131
47204
47206
47208
45885
18132
17625
46687
17626
32877
32878
16240
45591
45291
16241
32185
32186
47210
18075
46239
18076
47212
47214
47216
17645
46685
17646
32888
47218
47220
17605
47222
46675
17606
32851
32868
18095
46213
18096
47224
18148
47226
45879
18149
26165
16220
45603
45289
16221
32175
32176
9609
44437
39867
9610
28869
28871
47228
18115
47230
47232
47234
46193
18116
18150
45875
45877
18151
33140
18152
47236
45843
18153
26184
9651
44435
39869
9652
28891
28892
9683
44459
39871
9684
28907
28908
47238
18156
45845
18157
26187
18154
47240
47242
47244
46191
18155
33142
18160
47246
45847
18161
26194
18158
18159
32439
32441
33144
18164
45851
18165
18162
46189
18163
33143
33146
18168
45849
18169
26248
47248
18135
46199
18136
47250
18170
18171
33150
18172
47252
45855
18173
26251
18166
45871
45873
18167
31749
33148
18180
47254
47256
47258
45859
18181
26265
18174
18175
33151
33152
18184
45863
18185
26268
47260
18176
45857
18177
18182
18183
33156
18188
47262
45867
18189
47264
18178
45881
45883
18179
31755
33149
33154
18192
45869
18193
26282
47266
18196
45895
18197
26285
18186
18187
33157
33158
18200
45893
18201
47268
18204
45891
18205
26299
18194
18195
33162
18079
47270
46203
18080
47272
18190
47274
47267
45901
45903
18191
31761
33155
33160
18208
45897
18209
26302
18198
18199
33163
33164
18216
45909
18217
26316
47276
18212
45945
18213
18206
18207
33168
18220
47278
47280
47282
45913
18221
26319
18202
47284
47269
45941
45943
18203
31767
33161
33166
18228
45933
18229
26333
47286
18224
45917
18225
18210
18211
33169
33170
18232
45921
18233
26336
47288
18236
45925
18237
47290
47292
47294
18218
47296
47277
18219
33174
18240
47298
45929
18241
26350
18214
45937
45939
18215
31773
33167
33172
18244
45935
18245
26353
47300
18248
45949
18249
18222
47302
47285
18223
33175
33176
18252
46183
18253
18256
46181
18257
18260
46179
18261
47304
47306
47308
47310
47312
18230
47314
47316
47318
47287
18231
33180
18264
46177
18265
18268
46175
18269
18272
46173
18273
18276
46171
18277
18280
46169
18281
47320
47322
47324
47326
47328
47330
18226
46165
46167
18227
31779
33173
33178
18284
46163
18285
18288
45957
18289
18292
45955
18293
18296
45953
18297
18300
46157
18301
18304
46155
18305
18308
46153
18309
18312
46151
18313
18316
46149
18317
18234
47289
18235
33181
33182
18324
46147
18325
18328
46145
18329
18332
46143
18333
18336
46141
18337
18340
46139
18341
18344
46137
18345
18348
46135
18349
18352
46133
18353
18320
46131
18321
47332
47334
47336
47338
47340
47342
47344
47346
47348
18242
18243
32443
33141
33186
18360
46129
18361
18364
46127
18365
18368
46125
18369
18372
46123
18373
18376
46121
18377
18246
47350
47352
47354
47356
47358
47360
47362
47364
47366
47368
47370
47372
47374
47376
47378
47380
47382
47384
47301
18247
32449
33145
33187
33188
18380
46119
18381
18384
46117
18385
18356
46115
18357
18396
46113
18397
18400
46111
18401
18404
46109
18405
18408
46107
18409
18412
46105
18413
18416
46103
18417
18238
47297
46099
46101
18239
31785
33179
33184
18388
46097
18389
18420
46095
18421
18392
46093
18393
18432
46091
18433
18436
46089
18437
18440
46087
18441
18444
46085
18445
18448
46083
18449
18452
46081
18453
18250
47386
47388
47390
47392
47394
47396
47398
47400
47402
47404
47406
47408
47410
47412
47303
46077
46079
18251
31791
33185
33190
18424
46075
18425
18456
46073
18457
18428
46071
18429
18468
46069
18469
18472
46067
18473
18476
46065
18477
18480
46063
18481
18484
46061
18485
18488
46059
18489
18254
47319
46055
46057
18255
31793
33192
18099
46207
18100
18258
47414
47317
46161
18259
33194
18119
47416
47418
47420
47422
47424
47426
47428
47430
47432
47434
47436
47438
47440
47442
47444
47446
47448
47450
47452
47454
47456
47458
47460
47462
47464
46221
18120
18262
47466
47315
18263
33196
18266
46187
18267
33198
47468
18270
18271
33197
33200
18139
47470
47472
47474
47476
47478
47480
47482
47484
47486
47488
47490
47492
47494
47496
47498
47500
47502
47504
47506
47508
47510
47512
47514
47516
46469
18140
18326
18327
33228
18274
46197
18275
33202
47518
18330
18331
33229
33230
18083
46509
18084
18103
46507
18104
18278
18279
33201
33204
15313
44433
15314
18460
46053
18461
18464
46211
18465
18362
18363
33246
18123
18124
18282
46205
18283
33206
18492
46051
18493
18496
46219
18497
47520
47522
47524
47526
47528
47530
47532
47534
47536
47538
47540
47542
47544
47546
47548
18334
18335
33231
33232
18500
46217
18501
47550
18504
46049
18505
18366
18367
33247
33248
16734
16735
47552
18508
46047
18509
47554
18512
46237
18513
18286
47556
47385
18287
33205
33208
18516
46235
18517
47558
18520
46233
18521
18398
18399
33264
18524
46231
18525
47560
18528
46229
18529
47562
47564
47566
47568
47570
47572
47574
47576
47578
18290
47383
46215
18291
33210
18532
46227
18533
47580
18540
18541
47582
47584
47586
18338
47381
18339
33233
33234
18542
46225
18543
18536
46223
18537
18370
47379
18371
33249
33250
18546
46251
18547
18550
46249
18551
18554
46247
18555
18402
18403
33265
33266
18558
46245
18559
18562
46243
18563
18294
47377
18295
33209
33212
18566
46283
18567
47588
18570
46281
18571
47590
18574
46279
18575
18434
18435
33282
18582
46277
18583
47592
47594
47596
47598
47600
47602
47604
47606
47608
47610
47612
47614
18298
47616
47375
46241
18299
33214
18586
46275
18587
47618
18590
46273
18591
47620
47622
47624
47626
47628
47630
47632
18342
47634
47373
18343
33235
33236
18594
46271
18595
47636
18598
46269
18599
18374
47638
47371
18375
33251
33252
18602
46267
18603
47640
18606
46265
18607
18610
18611
18406
18407
33267
33268
18612
46263
18613
47642
18578
46261
18579
47644
18620
46259
18621
18438
47646
47413
18439
33283
33284
18624
46257
18625
47648
18628
46291
18629
18302
47650
47369
18303
33213
33216
18632
46349
18633
47652
18636
46347
18637
47654
18640
46345
18641
18648
18649
47656
47658
47660
47662
47664
47666
47668
47670
47672
47674
47676
47678
47680
18470
18471
33300
18644
46343
18645
18306
47682
47367
46289
18307
33218
18616
46341
18617
47684
18658
46339
18659
47686
47688
47690
47692
47694
18346
47696
47365
18347
33237
33238
18662
46337
18663
47698
18666
46335
18667
18378
47700
47363
18379
33253
33254
18670
46333
18671
47702
18674
46331
18675
18410
47704
47411
18411
33269
33270
18678
46329
18679
47706
18650
46327
18651
18686
18687
47708
18682
46325
18683
18442
47710
47409
18443
33285
33286
18654
46323
18655
47712
18696
46321
18697
18474
18475
33301
33302
18700
46355
18701
47714
18704
46363
18705
47716
18708
46467
18709
18310
47718
47361
18311
33217
33220
18712
46465
18713
47720
18716
46463
18717
18724
18725
47722
47724
47726
47728
47730
47732
47734
47736
47738
47740
47742
47744
47746
47748
47750
47752
47754
18506
18507
33318
18688
46461
18689
47756
18720
46459
18721
18314
47758
47359
46361
18315
33193
33222
18734
46457
18735
47760
47762
47764
47766
47768
18350
47770
47357
18351
33239
33240
18738
46455
18739
47772
18742
46453
18743
18382
47774
47407
18383
33255
33256
18746
46451
18747
47776
18750
46449
18751
47778
18754
46447
18755
18414
47780
47405
18415
33271
33272
18692
46445
18693
18762
18763
47782
18726
46443
18727
47784
47786
47788
47790
47792
47794
47796
47798
18446
47800
47403
18447
33287
33288
18758
46441
18759
47802
18772
46505
18773
47804
18776
46503
18777
18478
18479
33303
33304
18780
46501
18781
47806
18784
46499
18785
18510
18511
33319
33320
18788
46497
18789
47808
18792
46495
18793
18318
47810
47355
46439
18319
33221
33224
18143
18144
47812
18730
46437
18731
18544
18545
33195
33337
18548
18549
33199
33338
33339
18354
47353
46493
18355
33241
33242
18764
46491
18765
18768
46489
18769
18386
47814
47401
18387
33257
33258
18418
47399
18419
33273
33274
18450
47397
18451
33289
33290
18482
18483
33305
33306
18514
18515
33321
33322
18322
47351
18323
33226
18552
18553
33203
33340
33341
18358
47395
18359
33227
33244
18796
46487
18797
18800
18801
18802
46485
18803
18806
46483
18807
18810
46481
18811
18390
47816
47393
46567
18391
33259
33260
18422
47391
18423
33275
33276
18454
47389
18455
33291
33292
18486
18487
33307
33308
18518
18519
33323
33324
18584
18585
33357
47818
47820
47822
47824
47826
47828
47830
47832
47834
47836
47838
47840
47842
47844
47846
47848
47850
47852
47854
18588
18589
33358
33359
18556
18557
33207
33342
33343
18394
47387
18395
33245
33262
18814
46479
18815
18818
46477
18819
18822
46565
18823
18826
46563
18827
18830
46561
18831
18834
46559
18835
18838
18839
47856
18840
46557
18841
47858
18844
46555
18845
47860
47862
47864
47866
47868
47870
47872
47874
47876
47878
47880
47882
47884
47886
47888
47890
47892
47894
47896
47898
47900
47902
47904
47906
47908
47910
47912
18848
47914
47916
47918
47920
47922
47924
47926
47928
47930
46535
18849
18852
46553
18853
18856
46551
18857
18860
46549
18861
18864
46547
18865
18868
46545
18869
18872
46543
18873
18876
46541
18877
18880
18881
47932
47934
18884
47936
47938
47940
47942
47944
47946
47948
47950
47952
46571
18885
18888
18889
18892
46713
18893
18896
46711
18897
18900
46671
18901
18904
46669
18905
18908
46631
18909
18912
46629
18913
18916
46627
18917
47954
47956
47958
47960
18920
47962
47964
47966
47968
47970
47972
47974
47976
47978
46599
18921
18924
46597
18925
18928
46595
18929
18426
46593
18427
33277
33278
18932
46591
18933
18936
46625
18937
18458
18459
33293
33294
18940
46623
18941
18944
46621
18945
18948
46619
18949
18490
18491
33309
33310
18952
46667
18953
47980
47982
47984
47986
18956
46641
18957
18522
18523
33325
33326
18622
18623
33376
18592
47913
18593
33360
33361
18960
46617
18961
18964
46615
18965
18968
46613
18969
18626
47911
18627
33377
33378
18972
46639
18973
18976
46637
18977
18560
47909
18561
33211
33344
33345
18980
46635
18981
47988
18984
46665
18985
47990
18988
46709
18989
18430
47992
47907
18431
33263
33280
18996
46663
18997
47994
19000
46661
19001
18462
47905
46611
18463
33295
33296
19004
46659
19005
47996
47998
18992
48000
48002
48004
48006
48008
48010
48012
48014
48016
48018
48020
48022
46673
18993
18494
48024
47903
18495
33311
33312
18526
47901
18527
33327
33328
19008
46707
19009
18660
47899
18661
33395
19012
46705
19013
19016
46703
19017
48026
48028
48030
18596
47897
18597
33362
33363
19020
46701
19021
48032
48034
48036
48038
19028
48040
48042
46717
19029
18630
48044
47895
18631
33379
33380
18664
47893
18665
33396
33397
19032
46699
19033
18564
47891
18565
33215
33346
33347
19036
46697
19037
19040
46695
19041
19044
19045
18466
47699
18467
33281
33298
19024
19025
19048
19049
18498
47651
46693
18499
33313
33314
19052
19053
19056
19057
19068
19069
18530
48046
47649
18531
33329
33330
19072
19073
48048
19076
19077
18698
48050
47889
18699
33414
48052
48054
48056
48058
48060
48062
48064
48066
19064
48068
48070
48072
48074
48076
48078
48080
48082
48084
48086
48088
48090
46735
19065
48092
18600
48094
47639
18601
33364
33365
18634
47653
18635
33381
33382
19080
19081
19060
19061
18668
47701
18669
33398
33399
19084
19085
19088
19089
18702
47715
18703
33415
33416
19092
19093
48096
48098
48100
48102
48104
19100
19101
18568
48106
47637
18569
33219
33348
33349
18502
47635
18503
33299
33316
19108
48108
46747
19109
18534
48110
47619
46745
18535
33331
33332
18736
47887
18737
33433
48112
48114
48116
48118
48120
48122
48124
48126
48128
48130
19112
48132
46761
19113
18604
47641
18605
33366
33367
18638
47655
18639
33383
33384
48134
19116
19117
18672
47703
18673
33400
33401
18706
47717
18707
33417
33418
48136
19120
48138
46767
19121
18740
47773
18741
33434
33435
18572
47591
46765
18573
33223
33350
33351
48140
19124
46773
19125
18538
47589
18539
33317
33334
18774
47805
18775
33452
18608
47647
18609
33368
33369
48142
19128
19129
18642
47697
18643
33385
33386
18676
47705
18677
33402
33403
48144
19132
19133
18710
47719
18711
33419
33420
18744
47775
18745
33436
33437
48146
19144
19145
18778
47885
18779
33453
33454
18576
47617
18577
33335
33336
33353
18812
47883
18813
33225
33471
18614
47643
18615
33370
33371
33372
18816
47881
18817
33243
33472
33473
18646
47683
18647
33387
33388
18680
47707
18681
33404
33405
18714
47721
18715
33421
33422
18748
47777
18749
33438
33439
18782
47807
18783
33455
33456
18580
47645
18581
33355
18652
47709
18653
33389
33390
33391
18820
47879
18821
33261
33474
33475
18618
47685
18619
33356
33374
18684
47711
18685
33406
33407
18718
47771
18719
33423
33424
18752
47779
18753
33440
33441
18786
47877
18787
33457
33458
18690
47757
18691
33408
33409
33410
19096
19097
48148
48150
19104
19105
48152
19136
19137
48154
19140
19141
48156
19148
46797
19149
48158
19152
48160
46801
19153
48162
19156
19157
48164
19160
48166
46819
19161
48168
19164
48170
46807
19165
48172
19168
48174
46813
19169
18824
47875
18825
33279
33476
33477
18656
47713
18657
33375
33393
48176
19172
19173
18722
47759
18723
33425
33426
18756
47781
18757
33442
33443
48178
19176
19177
18790
47809
18791
33459
33460
18854
18855
33492
48180
19180
46815
19181
18858
18859
33493
33494
18728
47801
18729
33427
33428
33429
48182
19184
19185
18828
47873
18829
33297
33478
33479
18694
47783
18695
33394
33412
48184
19188
46825
19189
18760
47803
18761
33444
33445
18794
47811
18795
33461
33462
48186
19192
48188
46851
19193
18862
18863
33495
33496
18766
47871
18767
33446
33447
33448
48190
19196
48192
46831
19197
18832
47869
18833
33315
33480
33481
18732
47867
18733
33413
33431
48194
19200
46835
19201
18798
47865
18799
33463
33464
18866
18867
33497
33498
48196
19204
48198
46841
19205
18804
47863
18805
33465
33466
33467
18836
47857
18837
33333
33482
33483
48200
19220
46845
19221
18770
47815
18771
33432
33450
18870
18871
33499
33500
19224
46849
19225
18842
47859
18843
33352
33484
33485
33486
18808
47817
18809
33451
33469
48202
19208
48204
46855
19209
18890
18891
33510
18894
18895
33511
33512
48206
19228
48208
46863
19229
18874
18875
33501
33502
18846
47861
18847
33470
33488
48210
19212
48212
46871
19213
18898
18899
33513
33514
18878
18879
33503
33504
48214
19232
48216
46879
19233
18850
48218
47935
18851
33490
19240
48220
46859
19241
18902
18903
33515
33516
18882
47933
18883
33505
33506
48222
19244
48224
46867
19245
18906
18907
33517
33518
18926
18927
33528
19248
48226
46883
19249
18886
48228
47961
18887
33491
33508
19216
48230
46891
19217
19110
48232
48131
19111
33620
19260
48234
46875
19261
48236
18930
48129
18931
33529
33530
48238
19264
48240
46887
19265
18910
47959
18911
33519
33520
18934
48127
18935
33531
33532
48242
19236
46895
19237
48244
18914
47957
18915
33521
33522
19114
48246
48135
19115
33621
33622
19252
48248
46899
19253
48250
19268
48252
46903
19269
18938
48125
18939
33533
33534
48254
19284
48256
46907
19285
18918
47955
18919
33523
33524
18942
48123
18943
33535
33536
48258
19256
46915
19257
18962
48121
18963
33546
48260
18922
48262
47987
18923
33509
33526
19288
48264
46911
19289
48266
19272
19273
19146
48268
48151
19147
33638
19292
19293
48270
18966
48119
18967
33547
33548
48272
19304
19305
18946
47985
18947
33537
33538
18970
48117
18971
33549
33550
48274
19308
19309
18950
47983
18951
33539
33540
19118
48276
48137
19119
33623
33624
19276
48278
46927
19277
48280
19296
19297
19150
48282
48159
19151
33639
33640
19324
48284
46931
19325
48286
19312
48288
46937
19313
18974
48115
18975
33551
33552
18954
47981
18955
33541
33542
48290
19328
19329
18978
48113
18979
33553
33554
18998
48111
18999
33564
48292
19280
48294
46941
19281
18958
48296
47995
18959
33527
33544
19300
46951
19301
48298
19316
19317
48300
19182
48302
48183
19183
32091
33656
19332
19333
48304
19002
47999
19003
33565
33566
18982
47989
18983
33555
33556
48306
19348
46965
19349
48308
48310
48312
19006
47997
19007
33567
33568
18986
47991
18987
33557
33558
48314
19352
48316
48318
48320
46973
19353
19186
48322
48185
19187
32109
33657
33658
19320
46981
19321
19122
48324
48141
19123
33625
33626
19336
19337
48326
19368
19369
19154
48328
48163
19155
33641
33642
19356
47009
19357
48330
19372
19373
48332
19010
48039
19011
33569
33570
48334
19340
47001
19341
18990
47993
18991
33559
33560
10751
44457
40775
10752
29441
29442
48336
19360
19361
11719
44455
41475
11720
29925
29926
12963
44453
42579
12964
30547
30548
48338
19388
19389
13927
45601
43155
13928
31029
31030
19014
48037
19015
33571
33572
48340
19376
47079
19377
48342
48344
48346
48348
48350
48352
48354
48356
17649
46949
46683
17650
32889
32890
19034
48067
19035
33582
48358
19392
48360
48362
48364
48366
48368
48370
48372
47067
19393
9515
45611
39873
9516
28822
28824
9549
45609
39875
9550
28840
28841
48374
19344
48376
48378
48380
48382
47063
19345
9581
47931
45619
39877
9582
28856
28857
10731
48384
48386
47855
45617
40773
10732
29431
29432
48388
19364
48390
48392
48394
47053
19365
11699
47799
45641
41477
11700
29915
29916
12943
48396
48398
47769
45639
42561
12944
30537
30538
48400
19380
48402
48404
48406
47049
19381
13907
47755
45637
43123
13908
31019
31020
18994
48408
48025
47751
47753
18995
33545
33562
19396
48410
48412
48414
48416
48418
48420
47059
19397
48422
19412
48424
47695
19413
17629
47681
46947
46681
17630
32879
32880
48426
19416
48428
48430
48432
47633
19417
11815
48434
41751
45633
47627
47629
47631
11816
29972
29974
19384
48436
48438
48440
47073
19385
11853
48442
41819
45649
47615
11854
29992
29993
19400
48444
48446
48448
47587
19401
48450
19432
48452
47093
19433
11885
48454
41823
45663
47585
11886
30008
30009
19420
48456
48458
48460
47103
19421
48462
19436
48464
47099
19437
11927
48466
41885
45675
47007
45841
45661
11928
30028
30030
19404
48468
48470
47113
19405
48472
19452
48474
47109
19453
11967
48476
41905
45683
45737
11968
30049
30050
19424
48478
48480
47123
19425
48482
19440
48484
47119
19441
11999
48486
41919
45699
45759
12000
30065
30066
19456
48488
48490
48492
47173
19457
48494
19408
48496
47141
19409
12039
48498
41957
45695
47047
46963
45697
12040
30084
30086
19476
48500
48502
47163
19477
48504
19428
48506
47149
19429
12081
48508
41985
45705
45747
12082
30106
30107
19444
48510
48512
47157
19445
48514
19496
48516
47193
19497
12113
48518
42073
45735
45771
12114
28683
30122
30123
19460
48520
48522
47169
19461
48524
19480
48526
47179
19481
13111
48528
42725
45733
45797
13112
29381
30621
30622
19500
48530
48532
47185
19501
14075
48534
43451
45731
45795
14076
29865
31103
31104
19448
48536
48538
47201
19449
48540
19516
48542
47209
19517
14411
48544
43653
45729
14412
30487
30969
31271
31272
19520
48546
48548
47579
19521
48550
19464
48552
47221
19465
13047
48554
42661
45727
47139
13048
30589
30590
19484
48556
48558
48560
47549
19485
48562
19537
48564
47259
19538
26245
13079
48566
42693
45745
45785
13080
30605
30606
19504
47253
19505
48568
19541
48570
48572
48574
47263
19542
26262
19539
47255
47257
19540
32453
33147
33834
19545
47265
19546
26279
19543
47545
47547
19544
32459
33153
33835
33836
19549
47271
19550
26296
48576
19553
47283
19554
26313
19547
47279
47281
19548
32465
33159
33837
33838
19557
47299
19558
26330
48578
19561
47295
19562
26347
19551
47291
47293
19552
32471
33165
33839
33840
19565
47331
19566
26364
48580
19569
47313
19570
19555
47309
47311
19556
32477
33171
33841
33842
19573
47307
19574
19577
47305
19578
19581
47329
19582
19585
47327
19586
19589
47325
19590
19593
47323
19594
19559
48582
48579
47541
47543
19560
32483
33177
33843
33844
19597
47321
19598
19601
47539
19602
19605
47517
19606
19609
47515
19610
19613
47513
19614
19617
47511
19618
19621
47509
19622
19625
47507
19626
19629
47505
19630
19563
47501
47503
19564
32489
33183
33845
33846
19633
47499
19634
19637
47349
19638
19641
47347
19642
19645
47345
19646
19649
47343
19650
19653
47341
19654
19657
47339
19658
19661
47337
19662
19665
47335
19666
19567
48584
48586
48588
48590
48592
48594
48596
48598
48600
48602
48604
48606
48608
48610
48612
48614
48581
47495
47497
19568
32495
33189
33847
33848
19669
47333
19670
19673
47493
19674
19677
47491
19678
19681
47489
19682
19685
47487
19686
19689
47485
19690
19693
47483
19694
19697
47481
19698
19701
47479
19702
19571
47475
47477
19572
32497
33850
19524
48616
48618
48620
48622
48624
48626
48628
48630
48632
48634
48636
48638
48640
48642
48644
48646
48648
48650
48652
48654
48656
48658
48660
48662
48664
48666
48668
48670
48672
48674
48676
48678
48680
48682
48684
48686
47251
19525
19575
47473
19576
33852
48688
19468
48690
48692
47273
19469
19579
19580
33854
19583
47471
19584
33856
19587
19588
33855
33858
48694
19488
48696
48698
47465
19489
19591
47537
19592
33860
19595
48583
19596
33859
33862
48700
19508
48702
48704
47469
19509
19643
19644
33886
48706
19647
19648
33887
33888
19599
48615
47535
19600
33864
48708
19528
48710
48712
48714
48716
48718
48720
47519
19529
19679
19680
33904
48722
19651
48613
19652
33889
33890
19683
19684
33905
33906
19472
47533
19473
19705
47463
19706
19709
47461
19710
19603
48611
19604
33863
33866
19713
47459
19714
19717
47457
19718
19715
19716
33922
19721
47455
19722
19725
47453
19726
19607
48609
47583
19608
33868
19729
47451
19730
48724
48726
48728
48730
48732
48734
48736
48738
48740
48742
19655
48607
19656
33891
33892
19733
47449
19734
19737
47447
19738
19741
47445
19742
19687
19688
33907
33908
19745
47443
19746
19749
47441
19750
19719
19720
33923
33924
19492
47531
19493
19753
47439
19754
19611
48605
19612
33867
33870
19757
47437
19758
19761
47435
19762
19765
47433
19766
19751
19752
33940
19769
47431
19770
19615
48603
47625
19616
33872
19773
47429
19774
48744
19777
47529
19778
48746
48748
48750
48752
48754
48756
48758
48760
48762
48764
48766
48768
48770
48772
48774
19659
48776
48601
19660
33893
33894
19785
47427
19786
48778
19781
47527
19782
19691
19692
33909
33910
19789
47425
19790
19793
47423
19794
19797
47421
19798
19723
19724
33925
33926
19801
47419
19802
19805
47417
19806
19755
19756
33941
33942
19809
47525
19810
19813
47523
19814
19619
48599
19620
33871
33874
19821
47577
19822
19817
47575
19818
19825
47573
19826
19787
19788
33958
19829
47571
19830
19623
48597
47693
19624
33876
19833
47569
19834
48780
19837
47567
19838
48782
48784
48786
48788
48790
48792
48794
48796
48798
48800
48802
48804
48806
48808
48810
48812
48814
19663
48816
48595
19664
33895
33896
19841
47565
19842
48818
19845
47563
19846
19695
19696
33911
33912
19849
47581
19850
48820
19853
47613
19854
19857
19858
48822
19859
47611
19860
48824
48826
48828
48830
48832
48834
48836
48838
19727
19728
33927
33928
19512
47521
19513
48840
19863
47609
19864
19759
19760
33943
33944
19867
47607
19868
48842
19871
47605
19872
19791
19792
33959
33960
19875
47603
19876
48844
19879
47601
19880
48846
19883
47599
19884
19627
48848
48593
19628
33875
33878
19887
47597
19888
48850
19891
47595
19892
19823
19824
33976
19899
47593
19900
48852
19903
47623
19904
19631
48854
48591
47767
19632
33851
33880
19907
47621
19908
48856
48858
48860
48862
48864
48866
48868
48870
48872
48874
48876
48878
48880
48882
19667
48884
48589
19668
33897
33898
19911
47679
19912
48886
19915
47677
19916
48888
19919
47675
19920
19699
19700
33913
33914
19923
47673
19924
19927
19928
48890
19929
47671
19930
19731
19732
33929
33930
19895
47669
19896
48892
19937
47667
19938
19763
19764
33945
33946
19941
47665
19942
48894
19945
47663
19946
48896
19949
47661
19950
19795
19796
33961
33962
19953
47659
19954
48898
19957
47657
19958
19827
19828
33977
33978
19961
47691
19962
19965
19966
48900
19933
47689
19934
48902
19967
47749
19968
19635
48904
48587
47853
19636
33879
33882
19532
47851
19533
48906
19971
47747
19972
19861
19862
33853
33995
19975
47687
19976
19865
19866
33857
33996
33997
19671
47849
19672
33899
33900
19979
47745
19980
19983
47743
19984
48908
19987
47741
19988
48910
19991
47739
19992
48912
19995
47737
19996
19703
19704
33915
33916
19999
47735
20000
20003
20004
48914
20005
47765
20006
48916
20009
47797
20010
48918
48920
48922
48924
48926
19735
19736
33931
33932
20013
47733
20014
19767
19768
33947
33948
19799
19800
33963
33964
19831
19832
33979
33980
19639
48585
19640
33884
48928
48930
48932
48934
48936
48938
48940
48942
48944
48946
48948
48950
48952
48954
48956
48958
48960
19869
19870
33861
33998
33999
19675
19676
33885
33902
20017
47731
20018
20021
47729
20022
20025
47727
20026
20029
47725
20030
20033
47723
20034
48962
20037
47763
20038
20041
20042
48964
20043
47795
20044
48966
20047
47847
20048
48968
20051
47761
20052
19707
47845
19708
33917
33918
19739
19740
33933
33934
19771
19772
33949
33950
19803
19804
33965
33966
19835
19836
33981
33982
19901
19902
34015
19905
19906
34016
34017
19873
19874
33865
34000
34001
19711
19712
33903
33920
20055
47793
20056
20059
47791
20060
20063
47789
20064
20067
47787
20068
20071
47785
20072
20075
47843
20076
20079
20080
20081
47841
20082
20085
47839
20086
20089
47837
20090
19743
19744
33935
33936
19775
19776
33951
33952
19807
19808
33967
33968
19839
19840
33983
33984
19939
19940
34034
48970
48972
48974
48976
48978
48980
48982
48984
48986
48988
48990
48992
48994
48996
48998
49000
49002
49004
49006
49008
49010
49012
49014
49016
49018
49020
49022
49024
19909
19910
34018
34019
19943
19944
34035
34036
19877
19878
33869
34002
34003
19747
19748
33921
33938
20093
47835
20094
20097
47833
20098
20101
47831
20102
20105
47829
20106
20109
47827
20110
20113
47825
20114
20117
20118
20119
47823
20120
20123
47821
20124
20127
47819
20128
19779
49026
48885
19780
33953
33954
19811
48855
19812
33969
33970
19843
48845
19844
33985
33986
19977
19978
34053
49028
49030
49032
49034
49036
49038
49040
49042
49044
49046
49048
19913
48887
19914
34020
34021
19947
19948
34037
34038
19981
19982
34054
34055
19881
48847
19882
33873
34004
34005
19783
48819
19784
33939
33956
20131
47929
20132
20135
47927
20136
20139
47925
20140
20143
47923
20144
49050
20147
47921
20148
49052
20151
47919
20152
20155
20156
49054
20157
47917
20158
49056
20161
47915
20162
49058
49060
49062
49064
49066
49068
49070
49072
49074
49076
49078
49080
49082
49084
49086
49088
49090
49092
49094
49096
49098
49100
49102
49104
49106
49108
49110
49112
20165
47953
20166
20169
47951
20170
20173
47949
20174
20177
47947
20178
20181
47945
20182
20185
47943
20186
20189
47941
20190
20193
47939
20194
20197
47937
20198
49114
49116
20201
49118
49120
49122
49124
49126
49128
49130
49132
49134
47979
20202
20205
47977
20206
20209
47975
20210
20213
47973
20214
20217
47971
20218
20221
47969
20222
20225
47967
20226
20229
47965
20230
20233
47963
20234
49136
49138
49140
49142
20237
20238
20241
20242
20245
20246
20249
20250
20253
20254
20257
20258
20261
20262
20265
20266
49144
20269
20270
49146
49148
49150
20273
49152
49154
49156
49158
49160
49162
49164
49166
49168
48023
20274
19815
48817
19816
33971
33972
20277
48021
20278
19847
48843
19848
33987
33988
20281
48019
20282
49170
20285
48017
20286
20289
48015
20290
20015
20016
34072
20293
48013
20294
49172
49174
49176
49178
49180
49182
19917
48889
19918
34022
34023
20297
48011
20298
20301
48009
20302
20305
48007
20306
19951
19952
34039
34040
49184
49186
49188
49190
49192
49194
20309
49196
49198
49200
49202
49204
49206
49208
49210
49212
49214
49216
49218
48043
20310
19985
19986
34056
34057
20019
20020
34073
34074
20313
48005
20314
20317
48003
20318
19885
48849
19886
33877
34006
34007
20321
48001
20322
20325
48031
20326
49220
20329
48029
20330
19819
48781
19820
33957
33974
20333
48027
20334
20337
48041
20338
19851
48821
19852
33989
33990
49222
49224
49226
20345
48091
20346
20053
49228
49113
20054
34091
49230
19921
48897
19922
34024
34025
20349
48089
20350
19955
48899
19956
34041
34042
20353
48087
20354
20357
48085
20358
20361
48083
20362
19989
49111
19990
34058
34059
20341
48081
20342
20365
48079
20366
20023
49109
20024
34075
34076
20369
48077
20370
20373
48075
20374
49232
49234
49236
49238
49240
49242
49244
49246
20381
49248
49250
49252
49254
49256
49258
49260
49262
49264
49266
49268
49270
49272
49274
49276
49278
48093
20382
20057
49280
49107
20058
34092
34093
19889
48851
19890
33881
34008
34009
20385
48073
20386
19855
48823
19856
33975
33992
20389
48071
20390
20393
48069
20394
20091
49105
20092
34110
20397
20398
20377
20378
19925
48891
19926
34026
34027
20401
20402
20405
20406
19959
48911
19960
34043
34044
20409
20410
49282
49284
49286
49288
49290
49292
49294
49296
20417
48109
20418
49298
19993
49300
48913
19994
34060
34061
20027
49103
20028
34077
34078
20425
49302
49304
49306
49308
49310
49312
49314
49316
48133
20426
20061
49318
49101
20062
34094
34095
20095
49099
20096
34111
34112
49320
49322
49324
49326
49328
49330
49332
49334
49336
49338
20429
20430
19893
48853
19894
33993
33994
34011
20129
49097
20130
33883
34129
19931
48895
19932
34028
34029
34030
20133
49095
20134
33901
34130
34131
19963
48901
19964
34045
34046
19997
49093
19998
34062
34063
20031
49091
20032
34079
34080
20065
49089
20066
34096
34097
20099
49087
20100
34113
34114
19897
48893
19898
34013
19969
48905
19970
34047
34048
34049
20137
49085
20138
33919
34132
34133
19935
48903
19936
34014
34032
20001
48915
20002
34064
34065
20035
49083
20036
34081
34082
20069
49081
20070
34098
34099
20103
49079
20104
34115
34116
20007
48917
20008
34066
34067
34068
20141
49077
20142
33937
34134
34135
19973
48909
19974
34033
34051
20039
48965
20040
34083
34084
20073
49075
20074
34100
34101
20107
49073
20108
34117
34118
20171
20172
34150
20175
20176
34151
34152
20045
48967
20046
34085
34086
34087
20145
49071
20146
33955
34136
34137
20011
48963
20012
34052
34070
20077
49069
20078
34102
34103
20111
49067
20112
34119
34120
20179
20180
34153
34154
20083
49065
20084
34104
34105
34106
20413
20414
49340
49342
20421
20422
49344
20433
48139
20434
49346
20437
20438
49348
20441
20442
49350
20445
20446
49352
20449
20450
49354
20453
20454
49356
20457
20458
49358
20461
20462
49360
20465
48161
20466
49362
20469
20470
49364
20473
48167
20474
49366
20477
48171
20478
49368
20481
49370
48175
20482
49372
20485
20486
20149
49063
20150
33973
34138
34139
49374
20489
20490
20049
48969
20050
34071
34089
20115
49061
20116
34121
34122
49376
20493
20494
20183
20184
34155
34156
20121
49053
20122
34123
34124
34125
49378
20497
20498
20153
49055
20154
33991
34140
34141
20087
49051
20088
34090
34108
49380
20501
20502
20187
20188
34157
34158
20159
49057
20160
34010
34142
34143
34144
49382
20505
48189
20506
20125
49027
20126
34109
34127
20207
20208
34168
20211
20212
34169
34170
49384
20509
49386
48193
20510
20191
20192
34159
34160
49388
20513
20514
20163
49059
20164
34128
34146
20215
20216
34171
34172
20195
20196
34161
34162
20167
49117
20168
34148
20517
48199
20518
49390
20521
20522
20219
20220
34173
34174
49392
20525
49394
48241
20526
20199
49115
20200
34163
34164
20223
20224
34175
34176
49396
20529
49398
48217
20530
20243
20244
34186
20203
49143
20204
34149
34166
20537
49400
48209
20538
49402
20541
49404
48205
20542
20427
49406
49339
20428
34278
20545
49408
48213
20546
49410
20247
49337
20248
34187
34188
20227
49141
20228
34177
34178
49412
20549
49414
48221
20550
20251
49335
20252
34189
34190
20231
49139
20232
34179
34180
49416
20533
49418
48235
20534
20431
49420
49343
20432
34279
34280
20557
49422
48225
20558
49424
20561
49426
48227
20562
20255
49333
20256
34191
34192
20235
49137
20236
34181
34182
49428
20565
48231
20566
20259
49331
20260
34193
34194
20279
49329
20280
34204
49430
20239
49432
49151
20240
34167
34184
20553
49434
48249
20554
49436
20577
49438
48237
20578
20463
49440
49361
20464
34296
20581
49442
48245
20582
49444
20283
49327
20284
34205
34206
49446
20569
49448
48253
20570
20263
49149
20264
34195
34196
20287
49195
20288
34207
34208
49450
20585
49452
48257
20586
20267
49145
20268
34197
34198
20435
49454
49347
20436
34281
34282
20573
49456
48265
20574
49458
20601
49460
48261
20602
20467
49462
49363
20468
34297
34298
20605
20606
49464
20589
20590
20291
49193
20292
34209
34210
49466
20609
49468
48271
20610
20271
49147
20272
34199
34200
20295
49191
20296
34211
34212
49470
20593
20594
20315
49325
20316
34222
20275
49472
49171
20276
34185
34202
20621
20622
49474
20625
48279
20626
20499
49476
49381
20500
32795
34314
20613
49478
48285
20614
49480
20319
49323
20320
34223
34224
20299
49189
20300
34213
34214
49482
20629
20630
20323
49321
20324
34225
34226
20303
49187
20304
34215
34216
49484
20597
20598
20503
49486
49383
20504
32813
34315
34316
20641
49488
49490
49492
49494
48289
20642
49496
20645
49498
48295
20646
20439
49500
49349
20440
34283
34284
20617
49502
49504
48321
20618
49506
20633
49508
48301
20634
20471
49510
49365
20472
34299
34300
20649
48305
20650
49512
20665
49514
49516
48313
20666
20327
49319
20328
34227
34228
20307
49185
20308
34217
34218
49518
20637
20638
14011
49520
43349
45757
47137
14012
31071
31072
20669
20670
14043
49522
43419
45769
45783
14044
31087
31088
20653
20654
49524
20673
20674
14347
49526
43625
45781
14348
31239
31240
20685
20686
49528
20689
20690
14379
49530
43635
49532
45793
14380
31255
31256
20657
20658
49534
20677
49049
20678
49536
16244
49538
47217
45839
45287
16245
32187
32188
49540
20705
49542
49544
49546
49548
49550
49552
49554
49556
49558
49560
49025
20706
20331
49227
20332
34229
34230
19038
48883
48311
48065
19039
33583
33584
49562
20693
49564
49566
49568
48839
20694
20351
49247
20352
34240
49570
49572
16224
49574
47237
45837
45285
16225
32177
32178
20311
49576
49221
48835
48837
20312
34203
34220
20709
49578
48815
20710
49580
20661
49582
49584
48775
20662
9615
49586
47235
45835
39955
9616
28872
28874
49588
20681
49590
48743
20682
49592
9655
49594
47247
45833
39953
9656
28893
28894
9687
49596
49598
47245
45831
39951
9688
28909
28910
49600
20697
49602
48721
20698
49604
10755
49606
48421
45829
40805
10756
29443
29444
11723
49608
49610
48419
45827
41537
11724
29927
29928
49612
20713
48425
20714
12967
49614
49616
48407
45825
42577
12968
30549
30550
13931
49618
49620
48395
45823
43153
13932
31031
31032
49622
20729
48433
20730
49624
49626
19018
49628
48373
48309
48035
19019
33573
33574
16392
49630
45465
49632
45815
48717
48719
48371
16393
28667
32261
32262
20733
49634
48441
20734
49636
20701
49638
48449
20702
49640
16328
49642
45425
45821
48439
48447
48417
16329
32229
32230
20717
49644
48453
20718
49646
20749
49648
49650
48461
20750
49652
16360
49654
45445
46955
48713
48715
48369
16361
32245
32246
20737
49656
48465
20738
49658
20753
49660
49662
48471
20754
49664
17653
48367
46961
46679
17654
32891
32892
49666
20721
49668
49670
48475
20722
9521
48383
46959
39949
9522
28825
28827
9553
48381
46971
39947
9554
28842
28843
49672
20769
49674
49676
49678
48481
20770
9585
48387
46969
39945
9586
28858
28859
10735
48393
46979
40803
10736
29433
29434
49680
20741
49682
49684
49686
48485
20742
11703
48399
46977
41535
11704
29917
29918
12947
48405
46999
42563
12948
30539
30540
49688
20757
49690
49692
49694
48493
20758
13911
48415
46997
43121
13912
31021
31022
20355
49245
20356
34241
34242
49696
20725
49698
49700
49702
48503
20726
17633
49704
48431
46995
46677
17634
32881
32882
16248
46993
45333
16249
32189
32190
49706
20745
49708
49710
49712
48513
20746
20335
49225
20336
34231
34232
17801
49714
46823
49716
49718
46991
17802
28651
32965
32966
20773
48497
20774
49720
20761
49722
48517
20762
49724
17737
49726
46771
49728
47005
17738
32933
32934
20777
48527
20778
49730
20765
49732
48543
20766
49734
49736
17769
49738
46803
49740
47043
17770
32949
32950
20793
48507
20794
49742
20797
49744
48533
20798
49746
49748
19042
48319
48063
19043
33585
33586
16228
47041
45331
16229
32179
32180
49750
20781
49752
49754
49756
48561
20782
9621
47039
39943
9622
28875
28877
9659
47037
39941
9660
28895
28896
49758
20801
48565
20802
9691
47035
39939
9692
28911
28912
10759
47033
40801
10760
29445
29446
49760
20785
49762
49764
49766
49768
49770
48699
20786
11727
47031
41495
11728
29929
29930
12971
47029
42575
12972
30551
30552
49772
20805
49774
49776
49778
48705
20806
13935
47027
43151
13936
31033
31034
19022
48317
48033
19023
33575
33576
49780
20813
48523
20814
49782
49784
49786
9715
47025
39937
9716
27634
28924
49788
9761
47045
39935
9762
28064
28947
49790
20817
49792
48539
20818
49794
9793
47051
39927
9794
28430
28963
49796
10779
47057
40799
10780
29210
29456
49798
11747
47061
41493
11748
29694
29940
49800
12991
47065
42599
12992
30316
30562
49802
20821
49804
49806
49808
48575
20822
13955
47071
43177
13956
30798
31044
17657
47077
46733
17658
32893
32894
49810
20825
49812
49814
48707
20826
9591
49816
39925
49818
47085
9592
28804
28862
20833
48549
20834
49820
10739
49822
40789
49824
47089
10740
29419
29436
20837
48553
20838
49826
20841
49828
49830
48693
20842
11707
49832
41483
49834
47097
11708
29903
29920
20854
48687
20855
26503
49836
20845
48723
20846
20856
48683
48685
20857
33191
33849
34492
20858
48681
20859
27034
20862
48679
20863
27037
20866
48677
20867
27064
20789
48741
20790
20860
48691
20861
27033
34494
20870
48675
20871
27067
20868
48697
20869
27063
34498
20874
48673
20875
27094
20878
48671
20879
27097
49838
20864
20865
34496
20882
48669
20883
27124
49840
49842
49844
20872
20873
34497
34500
20886
48667
20887
27127
20890
48665
20891
27154
20809
48773
20810
20876
48703
20877
27093
34502
20894
48663
20895
27157
20880
20881
34501
34504
20898
48661
20899
27184
20902
48659
20903
27187
20906
48657
20907
27214
20884
48711
20885
27123
34506
20829
48881
20830
20888
20889
34505
34508
20910
48655
20911
27217
20914
48653
20915
27244
20918
48651
20919
27271
20892
48739
20893
27153
34510
20922
48649
20923
27274
20896
20897
34509
34512
20926
48647
20927
27277
20930
48645
20931
27280
20928
20929
34528
20934
48643
20935
27283
20938
48641
20939
27286
49846
49848
49850
20932
20933
34529
34530
20942
48639
20943
27289
20946
48637
20947
27292
20936
20937
34531
34532
20950
48635
20951
27295
49852
20954
48633
20955
27322
49854
20958
48631
20959
27325
20940
20941
34533
34534
20962
48629
20963
27328
49856
20849
49023
20850
20964
20965
34546
20966
48627
20967
27331
49858
20970
48625
20971
27334
49860
49862
20968
20969
34547
34548
20974
48623
20975
27337
49864
20978
48621
20979
27340
20972
20973
34549
34550
20982
48619
20983
27343
20986
48617
20987
27346
20900
48771
20901
27183
34514
20990
48737
20991
27373
20994
48735
20995
27376
49866
20944
20945
34535
34536
20998
48733
20999
27379
21000
21001
34564
21002
48731
21003
27382
49868
49870
49872
49874
21004
21005
34565
34566
21006
48729
21007
27385
20976
20977
34551
34552
21008
21009
34567
34568
21010
48727
21011
27388
20904
20905
34513
34516
21014
48725
21015
27391
21018
48769
21019
27394
21022
48767
21023
27397
21026
48765
21027
27424
21030
48763
21031
27427
21034
48761
21035
27430
21036
21037
34582
21038
48759
21039
27433
49876
21040
21041
34583
34584
21042
48757
21043
27436
20908
48813
20909
27213
34518
20948
20949
34537
34538
20980
20981
34553
34554
21012
21013
34569
34570
21044
21045
34585
34586
21046
48755
21047
27439
20912
20913
34517
34520
21050
48753
21051
27442
21054
48751
21055
27445
21058
48749
21059
27448
21062
48747
21063
27475
21066
48811
21067
27478
21070
48809
21071
27481
21072
21073
34600
21074
48807
21075
27484
49878
21076
21077
34601
34602
21078
48805
21079
27487
20916
48879
20917
27243
34493
34522
20952
20953
34539
34540
20984
20985
34555
34556
21016
21017
34571
34572
21048
21049
34587
34588
21080
21081
34603
34604
21082
48803
21083
27490
20920
49021
20921
27270
34521
34524
20956
49019
20957
27321
34541
34542
21086
48801
21087
27493
21090
48799
21091
27496
21094
48797
21095
27499
21098
48795
21099
27526
21102
48793
21103
27529
21106
48791
21107
27532
21108
21109
34618
21110
48789
21111
27535
49880
21112
21113
34619
34620
21114
48787
21115
27538
20988
20989
34557
34558
21020
21021
34573
34574
21052
21053
34589
34590
21084
21085
34605
34606
21116
21117
34621
34622
21118
48785
21119
27541
20924
20925
34526
20992
49017
20993
27372
34559
34560
21122
48783
21123
27544
21126
48833
21127
27547
21130
48831
21131
27550
21134
48829
21135
27577
21138
48827
21139
27580
21142
21143
21144
48825
21145
27584
49882
21146
21147
34495
34637
21148
48877
21149
27587
49884
21150
21151
34499
34638
34639
21152
48875
21153
27590
21154
21155
34503
34640
34641
21156
48873
21157
27593
20960
20961
34527
34544
21024
21025
34575
34576
21056
21057
34591
34592
21088
21089
34607
34608
21120
21121
34623
34624
21158
21159
34507
34642
34643
21160
48871
21161
27596
21028
49015
21029
27423
34577
34578
21164
48869
21165
27599
21168
48867
21169
27602
21172
48865
21173
27629
21176
48863
21177
27632
21180
49013
21181
27635
21184
48861
21185
27638
21186
21187
34657
21188
48859
21189
27641
21190
21191
34658
34659
21192
48857
21193
27644
20996
20997
34545
34562
21060
21061
34593
34594
21092
21093
34609
34610
21124
21125
34625
34626
21194
21195
34660
34661
21196
49011
21197
27647
21162
21163
34511
34644
34645
21064
49047
21065
27474
34595
34596
21200
49009
21201
27650
21204
49007
21205
27653
21208
48961
21209
27656
21212
21213
21214
48959
21215
27660
21218
48957
21219
27663
21222
48955
21223
27666
21224
21225
34676
21226
48953
21227
27669
21228
21229
34677
34678
21230
48951
21231
27672
21032
21033
34563
34580
21096
21097
34611
34612
21128
21129
34627
34628
21198
21199
34662
34663
21232
21233
34679
34680
21234
48949
21235
27675
21166
21167
34515
34646
34647
21100
21101
27525
34613
34614
21238
48947
21239
27678
21242
48945
21243
27681
21246
48943
21247
27684
21250
21251
21252
48941
21253
27688
21256
48939
21257
27691
21260
48937
21261
27694
21262
21263
34695
21264
48935
21265
27697
49886
21266
21267
34696
34697
21268
48933
21269
27700
21068
21069
34581
34598
21132
21133
34629
34630
21202
21203
34664
34665
21236
21237
34681
34682
21270
21271
34698
34699
21272
48931
21273
27703
21170
21171
34519
34648
34649
21136
21137
27576
34631
34632
21276
48927
21277
27706
21280
48925
21281
27709
21284
48923
21285
27712
21288
21289
21290
48921
21291
27716
21294
48919
21295
27719
21298
48929
21299
27722
21300
21301
34714
21302
49005
21303
27725
21304
21305
34715
34716
21306
49003
21307
27728
21104
21105
34599
34616
21206
21207
34666
34667
21240
21241
34683
34684
21274
21275
34700
34701
21308
21309
34717
34718
21310
49001
21311
27731
21174
21175
27628
34523
34650
34651
21314
48999
21315
27734
21318
48997
21319
27737
21322
48995
21323
27740
21326
21327
21328
48993
21329
27744
21332
48991
21333
27747
21336
48989
21337
27750
21338
21339
34733
21340
48987
21341
27753
21342
21343
34734
34735
21344
48985
21345
27756
21140
21141
34617
34634
21210
21211
34668
34669
21244
21245
34685
34686
21278
21279
34702
34703
21312
21313
34719
34720
21346
21347
34736
34737
21348
48983
21349
27759
21178
21179
34635
34636
34653
21216
21217
34670
34671
34672
21352
48981
21353
27762
21356
48979
21357
27765
21360
48977
21361
27768
21364
21365
21366
48975
21367
27772
21370
48973
21371
27775
21374
48971
21375
27778
21376
21377
34752
21378
49045
21379
27781
21380
21381
34753
34754
21382
49043
21383
27784
21248
21249
34687
34688
21282
21283
34704
34705
21316
21317
34721
34722
21350
21351
34738
34739
21384
21385
34755
34756
21386
49041
21387
27787
21182
21183
34655
21254
21255
34689
34690
34691
21390
49039
21391
27790
21394
49037
21395
27793
21398
49035
21399
27796
21402
21403
21404
49033
21405
27800
21408
49031
21409
27803
21412
49029
21413
27806
21414
21415
34525
34771
21416
21417
27809
21418
21419
34543
34772
34773
21420
21421
27812
21422
21423
34561
34774
34775
21424
21425
27815
21220
21221
34656
34674
21286
21287
34706
34707
21320
21321
34723
34724
21354
21355
34740
34741
21388
21389
34757
34758
21292
21293
34708
34709
34710
21428
21429
27818
21432
21433
27821
21436
21437
27824
21440
21441
21442
21443
27828
21446
21447
27831
49888
21450
49135
21451
21454
49133
21455
28569
21426
21427
34579
34776
34777
21258
21259
34675
34693
21324
21325
34725
34726
21358
21359
34742
34743
21392
21393
34759
34760
21456
21457
34792
21458
49131
21459
28572
21460
21461
34793
34794
21462
49129
21463
28575
21330
21331
34727
34728
34729
21466
49127
21467
28578
21470
49125
21471
28581
21474
49123
21475
28584
21478
49121
21479
28587
21482
49119
21483
28590
49890
49892
21486
49894
49219
21487
21490
49217
21491
28628
21430
21431
34597
34778
34779
21296
21297
34694
34712
21362
21363
34744
34745
21396
21397
34761
34762
21464
21465
34795
34796
21368
21369
34746
34747
34748
21494
49215
21495
28631
21498
49213
21499
28634
21502
49211
21503
28637
21506
49209
21507
28640
21510
49207
21511
28643
21514
49205
21515
28646
21518
49203
21519
28649
49896
49898
49900
49902
21522
49169
21523
21526
49167
21527
28687
21434
21435
34615
34780
34781
21334
21335
34713
34731
21400
21401
34763
34764
21468
21469
34797
34798
21406
21407
34765
34766
34767
21530
49165
21531
28690
21534
49163
21535
28693
21538
49161
21539
28696
21542
49159
21543
28699
21546
49157
21547
28702
21550
49155
21551
28705
21554
49153
21555
28708
49904
49906
49908
49910
21558
49183
21559
21562
49181
21563
28746
21438
21439
34633
34782
34783
21372
21373
34732
34750
21472
21473
34799
34800
21444
21445
34652
34784
34785
34786
21566
49179
21567
28749
21570
49177
21571
28752
21574
49175
21575
28755
21578
49173
21579
28758
21582
49201
21583
28761
21586
49199
21587
28764
21590
49197
21591
28767
49912
49914
49916
49918
21594
49279
21595
21598
49277
21599
28805
21410
21411
34751
34769
21492
21493
34810
21496
21497
34811
34812
21476
21477
34801
34802
21448
21449
34770
34788
21500
21501
34813
34814
21480
21481
34803
34804
21452
49920
49893
21453
34790
21602
49275
21603
28808
21606
49273
21607
28811
21610
49271
21611
28814
21614
49269
21615
28817
21618
49267
21619
28820
21622
49265
21623
28823
21626
49263
21627
28826
21630
49231
21631
21634
49261
21635
28864
21504
21505
34815
34816
21484
49891
21485
34805
34806
21508
21509
34817
34818
21528
21529
34828
21488
49922
49903
21489
34791
34808
21638
49259
21639
28867
21642
49257
21643
28870
21646
49255
21647
28873
21650
49253
21651
28876
21654
49251
21655
28879
21658
49249
21659
28882
21662
21663
28885
49924
49926
21666
49928
49317
21667
49930
21670
49315
21671
28923
21532
21533
34829
34830
21512
49901
21513
34819
34820
21536
21537
34831
34832
21516
49899
21517
34821
34822
21540
21541
34833
34834
21520
49897
21521
34823
34824
21544
21545
34835
34836
21564
21565
34846
21524
49932
49934
49911
21525
34809
34826
21674
49313
21675
28926
21678
49311
21679
28929
21682
49309
21683
28932
21686
49307
21687
28935
21690
49305
21691
28938
21694
49303
21695
28941
21698
21699
28944
49936
21702
49299
21703
49938
21706
21707
49940
21710
21711
21712
21713
34920
21714
21715
21716
21717
34921
34922
21718
21719
21568
21569
34847
34848
21548
49909
21549
34837
34838
21572
21573
34849
34850
21552
49907
21553
34839
34840
21720
21721
34923
34924
21722
21723
49942
49944
49946
49948
49950
49952
49954
49956
49958
49960
49962
49964
49966
49968
49970
49972
21726
21727
49974
21730
21731
49976
21734
21735
49978
21738
21739
49980
21742
21743
49982
21746
21747
21748
21749
34938
21750
21751
21752
21753
34939
34940
21754
21755
21576
21577
34851
34852
21556
49905
21557
34841
34842
21580
21581
34853
34854
21600
21601
34864
49984
21560
49919
21561
34827
34844
21604
21605
34865
34866
21584
49917
21585
34855
34856
21608
21609
34867
34868
21588
49915
21589
34857
34858
21724
21725
34925
34926
21758
21759
21762
49986
49371
21763
49988
21766
21767
49990
21770
21771
49992
21774
21775
49994
21778
21779
49996
21782
21783
21784
21785
33489
34956
21786
21787
21788
21789
33507
34957
34958
21790
49998
49387
21791
21756
21757
34941
34942
21612
49973
21613
34869
34870
21592
49913
21593
34859
34860
21616
49971
21617
34871
34872
21636
49969
21637
34882
21596
49921
21597
34845
34862
21640
49967
21641
34883
34884
12951
42567
50000
50002
47107
12952
30525
30542
21794
21795
50004
21798
49449
21799
50006
21802
50008
49415
21803
50010
21806
50012
50014
50016
50018
50020
49395
21807
50022
21810
50024
49399
21811
50026
21814
50028
49401
21815
50030
21818
50032
49423
21819
50034
21822
50036
49405
21823
50038
21826
50040
49409
21827
50042
21830
50044
49411
21831
50046
21834
50048
49419
21835
50050
21838
50052
49439
21839
50054
21842
50056
49427
21843
50058
21846
50060
49435
21847
50062
21850
50064
49431
21851
50066
21854
50068
49453
21855
50070
21858
50072
49461
21859
50074
21862
50076
49443
21863
50078
21866
50080
49445
21867
50082
21870
50084
49457
21871
50086
21874
21875
50088
21878
21879
50090
21882
21883
50092
21886
21887
50094
21890
50096
49469
21891
50098
21894
21895
50100
21898
21899
50102
21902
50104
49509
21903
50106
21906
50108
49481
21907
50110
21910
50112
49479
21911
50114
21914
50116
49495
21915
50118
21918
21919
50120
21922
21923
50122
21926
50124
49499
21927
50126
21930
50128
49505
21931
50130
21934
50132
49517
21935
50134
21938
50136
49671
21939
50138
21942
50140
49629
21943
50142
21946
50144
49621
21947
50146
21950
50148
49611
21951
13915
50150
43143
50152
47117
13916
31007
31024
21954
49607
21955
50154
21958
50156
50158
49599
21959
14315
50160
43609
50162
47129
14316
31223
31224
21970
49595
21971
50164
21620
49965
21621
34873
34874
50166
21974
49587
21975
50168
19190
50170
48187
50172
48365
19191
32127
33659
33660
21962
49575
21963
50174
21978
50176
49573
21979
50178
19126
50180
48143
50182
48357
19127
33627
33628
21990
49569
21991
50184
21994
50186
49585
21995
50188
50190
19158
50192
48165
50194
48333
19159
33643
33644
21966
49593
21967
50196
21982
50198
49605
21983
50200
20359
49493
49243
20360
34243
34244
17637
47127
46731
17638
32883
32884
50202
21998
49617
21999
16252
50204
50206
50208
49713
47135
45329
16253
32191
32192
20339
49491
49223
20340
34233
34234
50210
21986
50212
50214
50216
50218
49641
21987
9721
47133
39933
9722
27662
28925
28927
9765
49887
47147
39975
9766
28083
28948
28949
50220
22002
50222
49651
22003
9797
50224
49885
47145
40027
9798
28449
28964
28965
10783
50226
49883
47155
40797
10784
29229
29457
29458
50228
22014
49627
22015
50230
11751
50232
50234
49881
47153
41491
11752
29713
29941
29942
12995
50236
50238
49879
47161
42597
12996
30335
30563
30564
50240
22018
49639
22019
50242
13959
50244
49877
47167
43175
13960
30817
31045
31046
16272
47165
45327
16273
31956
32202
50246
22022
50248
49663
22023
50250
19046
50252
49875
48355
48061
19047
33587
33588
16232
50254
45317
50256
50258
47177
49869
49871
49873
16233
32165
32182
22006
50260
49679
22007
50262
22034
50264
49653
22035
20507
50266
49385
50268
49489
20508
32831
34317
34318
22038
49665
22039
50270
22026
50272
49695
22027
50274
20443
50276
49351
50278
49503
20444
34285
34286
22042
49703
22043
50280
22054
50282
49687
22055
50284
50286
20475
50288
49367
50290
49515
20476
34301
34302
22058
49729
22059
50292
22010
50294
49705
22011
50296
9627
50298
50300
49867
47183
40189
9628
28878
28880
9663
50302
50304
49863
47191
40187
9664
28897
28898
50306
22030
50308
49719
22031
50310
9695
50312
49809
47189
40185
9696
28913
28914
10763
50314
50316
50318
50320
49807
47199
40795
10764
29447
29448
50322
22046
50324
49725
22047
50326
11731
50328
49805
47197
41489
11732
29931
29932
12975
50330
50332
49801
47207
42573
12976
30553
30554
50334
22062
49741
22063
50336
50338
13939
50340
49799
47205
43149
13940
31035
31036
21644
49963
21645
34885
34886
50342
22078
49757
22079
19026
50344
50346
50348
49797
48353
48059
19027
33577
33578
17661
50350
50352
49851
47215
46729
17662
32895
32896
50354
22050
49737
22051
50356
50358
21624
49961
21625
34875
34876
16276
47213
45325
16277
31975
32203
32204
50360
22082
49749
22083
50362
50364
17681
47219
46727
17682
32660
32906
50366
20363
49561
49241
20364
34245
34246
17641
50368
46715
50370
50372
47227
17642
32869
32886
22066
50374
49793
22067
50376
22086
50378
49771
22087
21792
21793
33525
34959
34960
22098
49789
22099
50380
22102
50382
50384
49795
22103
21728
50386
49975
21729
34927
34928
22106
50388
50390
50392
49815
22107
50394
22070
50396
49779
22071
21760
21761
34943
34944
22118
49825
22119
50398
22122
50400
50402
49831
22123
16256
47233
45323
16257
32193
32194
50404
22126
50406
50408
49835
22127
20343
49559
49239
20344
34235
34236
9727
47231
40183
9728
27690
28928
28930
50410
22090
49787
22091
9769
47243
40181
9770
28102
28950
28951
9801
47241
40143
9802
28468
28966
28967
50412
22110
49819
22111
10787
48351
40793
10788
29248
29459
29460
11755
48349
41487
11756
29732
29943
29944
50414
22130
50416
50418
49845
22131
12999
48347
42595
13000
30354
30565
30566
13963
48345
43173
13964
30836
31047
31048
50420
22139
49895
22140
28566
19050
48343
48057
19051
33589
33590
17685
48363
46725
17686
32679
32907
32908
22074
49843
22075
22141
22142
35134
22143
22144
28625
19070
48361
48055
19071
33354
33600
50422
50424
22147
22148
28684
22145
22146
35135
35136
22151
22152
28743
50426
22155
22156
28802
22149
22150
35137
35138
22159
49929
22160
28861
22153
22154
35139
35140
22163
22164
28920
50428
22167
22168
28979
22157
22158
35141
35142
22175
22176
29961
50430
22171
22172
22177
22178
35152
22179
22180
29964
9633
48379
40139
9634
28881
28883
50432
22183
22184
29967
22181
22182
35153
35154
22187
22188
29970
50434
22191
22192
29973
22185
22186
35155
35156
22195
22196
29976
50436
22199
22200
29979
22189
22190
35157
35158
22203
22204
29982
9667
48377
40137
9668
28899
28900
50438
22207
22208
9699
48385
40581
9700
28915
28916
10767
48391
40791
10768
29449
29450
50440
22211
22212
30020
11735
48397
41485
11736
29933
29934
12979
48403
42571
12980
30555
30556
22094
49849
22095
50442
50444
22215
22216
30023
22213
22214
35170
22219
49985
22220
30026
22217
22218
35171
35172
22223
49987
22224
30029
50446
22227
22228
30032
22221
22222
35173
35174
22231
22232
30035
50448
22235
22236
30038
13943
48413
43147
13944
31037
31038
21648
49959
21649
34887
34888
50450
22239
22240
30041
19030
50452
48045
48411
19031
33563
33580
22247
50353
22248
30079
22193
22194
35159
35160
22251
50341
22252
30082
50454
22255
50333
22256
30085
22249
22250
34147
34789
35188
22259
50329
22260
30088
22253
22254
34165
34807
35189
35190
22263
50321
22264
30091
50456
22267
50021
22268
30094
22257
22258
34183
34825
35191
35192
22271
50025
22272
30097
50458
22275
50029
22276
30100
22225
50460
50447
22226
35175
35176
22243
49999
22244
50462
22279
50033
22280
17665
48429
46723
17666
32897
32898
11821
50464
41755
48437
50319
49841
11822
29975
29977
22287
50041
22288
50466
22291
50045
22292
11857
50468
41837
48445
50019
11858
29994
29995
22295
50049
22296
50470
22307
50061
22308
11889
50472
41847
48459
50317
11890
30010
30011
22311
50065
22312
50474
22299
50053
22300
11933
50476
41889
48469
49735
49649
48457
11934
30031
30033
22315
50069
22316
50478
22327
50480
50081
22328
11971
50482
41921
48479
48559
11972
30051
30052
22331
50484
50486
50488
50490
50085
22332
50492
22283
50494
50037
22284
12003
50496
41923
48491
49557
12004
30067
30068
22303
50498
50500
50502
50057
22304
50504
22319
50506
50073
22320
12045
50508
41965
50510
48501
49747
49661
48489
12046
30087
30089
22335
50512
50313
22336
50514
22351
50516
50518
50305
22352
50520
12085
50522
41987
50524
48511
48573
12086
30108
30109
22355
50526
50259
22356
50528
22323
50530
50532
50534
50536
50538
50540
50542
50544
50546
50077
22324
12117
50548
42077
50550
50552
50554
50556
50558
48521
49555
12118
28742
30124
30125
22339
50560
50562
50253
22340
13115
50564
42729
48531
49553
13116
29399
30623
30624
22359
50566
50568
50249
22360
50570
22371
50572
50245
22372
14079
50574
43455
48537
49551
14080
29883
31105
31106
22375
50576
50117
22376
50578
22343
50580
50113
22344
14415
50582
43657
50584
48547
14416
30505
30987
31273
31274
22363
50105
22364
50586
22379
50588
50590
50239
22380
13051
50592
42665
50594
48557
50237
13052
30591
30592
22391
50596
50598
50600
50235
22392
50602
22395
50604
50133
22396
13083
50606
42697
48571
49549
13084
30607
30608
22347
50608
50610
50612
50097
22348
50614
22367
50616
50109
22368
14015
50618
43367
49547
50233
14016
31073
31074
22383
50620
50622
50129
22384
50624
22399
50626
50137
22400
14047
50628
43423
49539
49545
14048
31089
31090
22415
50630
50632
50634
50153
22416
50636
22419
50638
50159
22420
14351
50640
43627
49533
14352
31241
31242
22387
50642
50644
50646
50125
22388
50648
22403
50650
50141
22404
14383
50652
43637
50654
49537
14384
31257
31258
22435
50227
22436
21628
50017
49957
21629
34877
34878
50656
22423
50163
22424
50658
50660
16280
50662
50664
50666
50367
49543
45321
16281
31994
32205
32206
20367
50668
50373
49567
49237
20368
34247
34248
50670
22439
50672
50173
22440
50674
19074
49565
48053
19075
33373
33601
33602
50676
22407
50145
22408
50678
20387
49571
49297
20388
34012
34258
50680
16260
49583
45319
16261
32195
32196
20347
50682
49229
50684
50686
49579
20348
34221
34238
22427
50183
22428
50688
22455
50690
50195
22456
50692
9733
49591
40813
9734
27718
28931
28933
50694
22443
50179
22444
50696
9773
49597
40811
9774
28121
28952
28953
9805
49603
40809
9806
28487
28968
28969
50698
22459
50700
50191
22460
10791
49609
40819
10792
29267
29461
29462
11759
49615
41515
11760
29751
29945
29946
50702
22411
50149
22412
50704
13003
49619
42593
13004
30373
30567
30568
13967
49625
43171
13968
30855
31049
31050
50706
22431
50708
50219
22432
19054
49633
48049
19055
33591
33592
16396
50710
45469
50712
50714
49635
50217
16397
28726
32263
32264
22447
50716
50718
50720
50201
22448
50722
22463
50724
50209
22464
16332
50726
45427
49645
16333
32231
32232
22479
50728
50730
50231
22480
50732
22483
50734
50243
22484
16364
50736
45449
49657
50189
16365
32247
32248
22451
50738
50740
50742
50223
22452
50744
22467
50746
50225
22468
17689
49669
46721
17690
32698
32909
32910
9639
49677
40851
9640
28884
28886
50748
22499
50269
22500
9671
49675
40873
9672
28901
28902
9703
49685
40891
9704
28917
28918
50750
22487
50251
22488
10771
49683
41023
10772
29451
29452
11739
49693
41513
11740
29935
29936
50752
22503
50279
22504
12983
49691
42569
12984
30557
30558
13947
49701
43145
13948
31039
31040
50754
22471
50265
22472
21652
50015
49955
21653
34889
34890
20391
49699
49295
20392
34031
34259
34260
50756
22491
50275
22492
21672
50013
49935
21673
34654
34900
17669
49711
46719
17670
32899
32900
50758
22475
50301
22476
21632
50760
49923
50762
50764
50766
50768
50770
50772
50774
50776
50778
50780
50003
21633
34863
34880
22507
50291
22508
50782
22495
50784
50786
50311
22496
16284
49709
45373
16285
32013
32207
32208
20371
49717
49235
20372
34249
34250
50788
22519
50287
22520
50790
50792
17805
50794
46827
50796
49723
50299
17806
28710
32967
32968
22523
50798
50297
22524
50800
22511
50802
50327
22512
17741
50804
46775
50806
49733
17742
32935
32936
22527
50339
22528
50808
17773
50810
46805
50812
49745
50285
17774
32951
32952
22515
50814
50816
50818
50359
22516
50820
22543
50822
50349
22544
19078
49755
48051
19079
33392
33603
33604
50824
22547
50826
50365
22548
16264
49753
45371
16265
32197
32198
9739
49769
41021
9740
27746
28934
28936
50828
22531
50830
50832
50379
22532
9777
49767
41019
9778
28140
28954
28955
9809
49765
41015
9810
28506
28970
28971
50834
22551
22552
10795
49763
41011
10796
29286
29463
29464
11763
49777
41511
11764
29770
29947
29948
50836
22535
22536
13007
49775
42591
13008
30392
30569
30570
13971
49785
43169
13972
30874
31051
31052
50838
22555
22556
21676
50001
49953
21677
34673
34901
34902
19058
49783
48047
19059
33593
33594
50840
22563
50385
22564
22161
50842
50435
22162
35143
35144
22567
50844
50393
22568
50846
22571
50848
50397
22572
17693
49813
46743
17694
32717
32911
32912
9709
50850
40631
49821
9710
28863
28921
22583
22584
50852
22587
50854
50856
50409
22588
10775
50858
40807
49829
10776
29437
29454
22591
22592
50860
22575
50862
50419
22576
11743
50864
41497
50866
49839
11744
29921
29938
22604
22605
29958
50868
22608
22609
30017
12987
50870
42583
50009
12988
30543
30560
22612
22613
30076
50872
22624
22625
31121
13951
50874
43161
50157
13952
31025
31042
22628
22629
31124
50876
22632
22633
31127
14319
50878
43611
50165
14320
31225
31226
22644
22645
31152
50880
22648
22649
31155
21656
50169
49933
21657
34891
34892
19194
50882
48191
50177
50403
19195
32145
33661
33662
22616
22617
30135
50884
22636
22637
31130
19130
50886
48145
50187
19131
33629
33630
22664
22665
31183
50888
22652
22653
31158
19162
50890
48169
50199
50391
19163
33645
33646
22668
22669
31186
50892
22620
22621
20395
50207
49293
20396
34050
34261
34262
17673
50205
46741
17674
32901
32902
50894
22656
22657
31161
16288
50215
45341
16289
32032
32209
32210
20375
50213
49233
20376
34251
34252
50896
22672
22673
31189
19082
50257
48105
19083
33411
33605
33606
16268
50898
45339
50261
16269
32183
32200
22640
22641
50900
22688
50721
22689
20511
50902
49389
50273
50719
20512
32849
34319
34320
22692
50563
22693
50904
22676
50569
22677
31192
20447
50906
49353
50283
20448
34287
34288
22660
50559
22661
50908
22708
50910
50912
50601
22709
20479
50914
49369
50295
50557
20480
34303
34304
22696
50916
50918
50573
22697
50920
22712
50922
50924
50926
50581
22713
9745
50303
41009
9746
27774
28937
28939
9781
50309
41007
9782
28159
28956
28957
50928
22680
50585
22681
9813
50315
41005
9814
28525
28972
28973
10799
50325
41211
10800
29305
29465
29466
50930
22728
50605
22729
11767
50331
41941
11768
29789
29949
29950
13011
50337
42589
13012
30411
30571
30572
50932
22700
50591
22701
50934
13975
50347
43167
13976
30893
31053
31054
21680
50345
49951
21681
34692
34903
34904
50936
22716
50595
22717
19062
50351
48103
19063
33595
33596
17697
50357
46739
17698
32736
32913
32914
50938
22732
50940
50942
50613
22733
21660
50363
49927
21661
34893
34894
20399
50371
49291
20400
34069
34263
34264
50944
22684
50617
22685
50946
50948
50950
17677
50952
46737
50954
50375
17678
32887
32904
22704
50687
22705
50956
22720
50958
50960
50962
50964
50966
50968
50970
50972
50627
22721
21796
50974
50005
50383
50555
21797
33543
34961
34962
22736
50976
50978
50635
22737
50980
22752
50982
50639
22753
21732
50984
49977
50389
21733
34929
34930
22756
50986
50988
50990
50681
22757
50992
22724
50994
50651
22725
21764
50996
49989
50401
50553
21765
34945
34946
22740
50998
51000
50655
22741
51002
22772
51004
50669
22773
16292
50407
45407
16293
32051
32211
32212
20379
50417
49289
20380
34253
34254
51006
22760
50667
22761
19086
50551
48101
19087
33430
33607
33608
9751
50547
41215
9752
27802
28940
28942
51008
22776
50675
22777
9785
50545
41213
9786
28178
28958
28959
9817
50543
41979
9818
28544
28974
28975
51010
22744
50679
22745
10803
50541
41977
10804
29324
29467
29468
11771
50539
41975
11772
29808
29951
29952
51012
22792
51014
51016
50701
22793
13015
50537
42587
13016
30430
30573
30574
13979
50535
43165
13980
30912
31055
31056
51018
22764
50693
22765
21684
50533
49949
21685
34711
34905
34906
19066
51020
48095
51022
50531
19067
33581
33598
22780
50697
22781
51024
22796
51026
50709
22797
51028
22261
51030
50525
22262
34201
34843
35193
35194
22748
50705
22749
51032
22768
50715
22769
51034
22197
51036
50437
51038
50521
22198
35161
35162
22784
50725
22785
51040
22800
22801
51042
22229
51044
50455
51046
51048
51050
50519
22230
35177
35178
22816
50735
22817
51052
22820
51054
50743
22821
51056
51058
51060
17701
50517
46791
17702
32755
32915
32916
11827
51062
41767
51064
50511
11828
29978
29980
22788
50747
22789
51066
22804
22805
51068
11861
51070
41855
51072
50507
11862
29996
29997
22836
22837
51074
22824
22825
11893
51076
41893
51078
50503
11894
30012
30013
22840
22841
51080
22808
22809
11939
51082
41897
51084
51086
50491
50731
50495
11940
30034
30036
22856
51088
50819
22857
51090
22828
51092
50797
22829
11975
51094
41925
51096
50489
50599
11976
30053
30054
22844
51098
51100
50787
22845
51102
22860
51104
50803
22861
12007
51106
41929
50501
50623
12008
30069
30070
22812
51108
51110
51112
50781
22813
51114
22880
51116
50827
22881
12051
51118
41973
50513
50817
50741
50499
12052
30090
30092
22900
22901
12089
51120
42057
51122
50527
50611
12090
30110
30111
22832
50793
22833
51124
22848
51126
51128
51130
50807
22849
12121
51132
42079
50561
50633
12122
28801
30126
30127
22864
51134
51136
50813
22865
51138
22884
51140
50833
22885
13119
51142
42733
50567
50665
13120
29417
30625
30626
22920
22921
51144
22904
22905
14083
51146
43459
51148
50577
50663
14084
29901
31107
31108
22924
22925
51150
22852
51152
50823
22853
14419
51154
43669
51156
50589
14420
30523
31005
31275
31276
22868
22869
51158
22941
22942
31118
13055
51160
42669
50597
13056
30593
30594
22945
22946
31149
51162
22949
22950
31180
13087
51164
42701
50609
50647
13088
30609
30610
22953
22954
31211
51166
22961
22962
31361
14019
51168
43371
50621
14020
31075
31076
22965
22966
31364
51170
22969
22970
31367
14051
51172
43427
50631
50645
14052
31091
31092
22973
22974
31370
14355
51174
43661
50643
14356
31243
31244
22981
22982
31392
51176
22985
22986
31395
14387
51178
43665
50661
14388
31259
31260
22989
22990
31398
51180
22957
22958
21664
50659
49925
21665
34895
34896
51182
22977
22978
20403
50673
49287
20404
34088
34265
34266
16296
50685
45405
16297
32070
32213
32214
51184
22993
22994
31401
20383
51186
49281
50691
20384
34239
34256
23001
23002
31423
51188
23005
23006
31426
19090
50713
48099
19091
33449
33609
33610
16400
51190
45473
50717
16401
28785
32265
32266
23009
23010
31429
51192
23013
23014
31432
16336
51194
45431
50729
16337
32233
32234
22997
51005
22998
51196
23025
50991
23026
16368
51198
45459
50739
50983
16369
32249
32250
23029
50995
23030
51200
23033
23034
9757
50779
42055
9758
27830
28943
28945
9789
50777
42053
9790
28197
28960
28961
51202
23045
23046
9821
50775
42051
9822
28563
28976
28977
10807
50773
42049
10808
29343
29469
29470
51204
23017
23018
11775
50771
42047
11776
29827
29953
29954
13019
50769
42585
13020
30449
30575
30576
51206
23021
23022
13983
50767
43163
13984
30931
31057
31058
21688
50765
49947
21689
34730
34907
34908
51208
22888
50979
22889
17705
50763
46789
17706
32774
32917
32918
21668
51210
49931
50785
21669
34881
34898
22908
50973
22909
51212
23037
23038
20407
50791
49285
20408
34107
34267
34268
51214
23041
51039
23042
17809
51216
46829
50799
50971
17810
28769
32969
32970
23049
51218
51220
51017
23050
51222
23053
51224
51031
23054
17745
51226
46779
50809
17746
32937
32938
23057
23058
17777
51228
46809
50815
50969
17778
32953
32954
23065
51230
51232
51234
51023
23066
51236
23069
51238
51029
23070
16300
50831
45423
16301
32089
32215
32216
51240
23061
23062
19094
50967
48097
19095
33468
33611
33612
22165
51242
50429
50857
22166
35145
35146
23073
51051
23074
51244
23077
51073
23078
9827
51246
41993
51248
50855
9828
28922
28980
23089
51250
51252
51065
23090
51254
23093
51256
51258
51260
51262
51061
23094
10811
51264
42007
50965
10812
29455
29472
23097
23098
51266
23081
23082
11779
51268
42009
50963
11780
29939
29956
23085
23086
51270
23101
51272
51274
51276
51278
51117
23102
13023
51280
42601
50961
13024
30561
30578
22928
51282
51284
50863
22929
51286
22872
51288
50849
22873
13987
51290
43289
50955
13988
31043
31060
22892
51292
51294
50845
22893
51296
22912
51298
50867
22913
14323
51300
43613
50951
14324
31227
31228
22539
50487
22540
22559
50485
22560
22595
51302
51304
50481
22596
21692
50949
49945
21693
34749
34909
34910
22114
49847
22115
19198
51306
51308
51310
51312
48195
50943
51001
19199
32163
33663
33664
22876
22877
22896
22897
22579
22580
22932
22933
22134
49861
22135
51314
51316
51318
51320
51322
23105
23106
19134
51324
48147
50935
19135
33631
33632
23109
51101
23110
19166
51326
48173
51328
50927
50989
19167
33647
33648
23113
51330
51332
51334
51336
51338
51097
23114
51340
23117
51342
51105
23118
17709
50925
46787
17710
32793
32919
32920
51344
23121
51346
51137
23122
20411
50923
49283
20412
34126
34269
34270
16304
51348
45413
50919
16305
32201
32218
22599
22600
22916
22917
22936
22937
23125
23126
51350
51352
51354
51356
23129
51358
51360
51093
23130
20515
51362
49889
50913
51059
20516
32867
34321
34322
23133
51364
51366
51113
23134
20451
51368
49355
50911
20452
34289
34290
23137
51370
51372
51374
51141
23138
51376
23141
23142
20483
51378
49373
50917
51049
20484
34305
34306
23145
23146
51380
23153
51382
51384
51386
51131
23154
19098
50941
48149
19099
33487
33613
33614
23149
23150
51388
51390
23157
23158
21696
50947
49943
21697
34768
34911
34912
17713
51392
46781
50959
17714
32905
32922
21800
50007
50977
51057
21801
33561
34963
34964
21736
49979
50987
21737
34931
34932
21768
49991
51394
51396
50999
51047
21769
34947
34948
20415
51015
49341
20416
34145
34271
34272
19102
48107
51027
19103
33599
33616
11833
42013
51069
11834
29981
29983
11865
42015
51079
11866
29998
29999
11897
42017
51087
11898
30014
30015
22201
50445
51043
22202
35163
35164
22233
50449
51398
51055
22234
35179
35180
11945
42021
51400
51402
51404
51406
51089
51085
11946
30037
30039
11979
42025
51408
51099
11980
30055
30056
12011
42029
51410
51111
12012
30071
30072
12057
42035
51412
51414
51129
51109
12058
30093
30095
12093
42059
51416
51127
12094
30112
30113
12125
42081
51418
51135
12126
28860
30128
30129
13123
42737
13124
29435
30627
30628
14087
43463
14088
29919
31109
31110
14423
43681
14424
30541
31023
31277
31278
13059
42673
13060
30595
30596
22265
50457
51035
22266
34219
34861
35195
35196
13091
42705
13092
30611
30612
14023
43381
14024
31077
31078
23161
23162
51420
23165
23166
23169
23170
51422
51424
23173
51123
23174
51426
23177
51157
23178
51428
23181
23182
51430
23185
23186
23189
23190
51432
51434
23193
51436
51438
51149
23194
51440
23197
51442
51153
23198
51444
23201
23202
51446
23205
23206
23209
23210
51448
51450
23214
23215
31358
51452
23218
23219
31389
51454
23222
23223
31420
51456
23226
23227
31451
51458
23230
23231
51460
23234
23235
31505
51462
23238
23239
31508
51464
23242
23243
31511
51466
23246
23247
31514
51468
23250
23251
51470
23254
23255
31536
51472
23258
23259
31539
51474
23262
23263
31542
51476
23266
23267
31545
51478
23270
23271
51480
23274
23275
31567
51482
23278
23279
31570
51484
23282
23283
31573
51486
23286
23287
31576
51488
23290
51305
23291
51490
23294
51299
23295
51492
23298
51295
23299
51494
23302
51289
23303
51496
23306
51279
23307
51498
23310
51285
23311
51500
23314
23315
51502
23318
51339
23319
51504
23322
51343
23323
51506
23326
51347
23327
51508
23330
23331
51510
23334
51361
23335
51512
23338
51367
23339
51514
23342
51375
23343
14055
51516
43431
51263
51277
14056
31093
31094
23346
23347
51518
23350
23351
14359
51520
43673
51261
14360
31245
31246
23354
51387
23355
51522
23362
23363
14391
51524
43677
51259
14392
31261
31262
23366
23367
51526
23370
23371
21700
51257
49937
21701
34787
34913
34914
20419
51528
49301
51253
20420
34257
34274
16404
45475
51239
51337
16405
28844
32267
32268
16340
45433
51235
16341
32235
32236
16372
45457
51225
51335
16373
32251
32252
21704
49939
51221
21705
34899
34916
17813
46833
51219
51385
17814
28828
32971
32972
17749
46783
51233
17750
32939
32940
17781
46811
51231
51373
17782
32955
32956
11785
42011
51251
51273
51275
11786
29959
13027
42623
51283
13028
30580
51530
13991
43307
51293
13992
31062
51532
14327
43615
51303
14328
31230
51534
14503
44481
14504
31318
51536
19202
48197
51538
51333
19203
32181
33665
33666
19138
48155
51329
19139
33633
33634
19170
48177
51540
51331
19171
33649
33650
16308
45479
51359
16309
32220
51542
20519
49391
51544
51365
20520
32885
34323
34324
20455
49357
51371
20456
34291
34292
22169
50431
51249
22170
35147
35148
20487
49375
51546
51548
51383
20488
34307
34308
17717
46785
17718
32924
51550
21804
50011
21805
33579
34965
34966
21740
49981
51397
21741
34933
34934
21772
49993
21773
34949
34950
19106
48153
19107
33618
22205
50439
22206
35165
35166
22237
50451
51552
51407
22238
35181
35182
11903
42019
51401
51403
51405
11904
29960
30018
22269
22270
34237
34879
35197
35198
11951
42023
51409
51399
11952
30040
30042
11983
42027
51554
51411
11984
30057
30058
12015
42031
51415
12016
30073
30074
12063
42039
51556
51558
51560
51562
51417
51413
12064
30096
30098
12097
42061
51564
51419
12098
30114
30115
12129
42083
12130
28919
30130
30131
13127
42741
13128
29453
30629
30630
14091
43467
14092
29937
31111
31112
14427
43693
14428
30559
31041
31279
31280
13063
42677
13064
30581
30598
13095
42709
13096
30613
30614
14027
43389
14028
31063
31080
14059
43435
14060
31095
31096
14363
43685
14364
31231
31248
14395
43689
14396
31263
31264
14507
44449
14508
31319
31320
14111
43485
14112
31122
14133
43501
14134
31133
51566
14149
43509
14150
31141
51568
51570
14443
43805
14444
31288
51572
51574
14523
43813
14524
31328
51576
51578
51580
20423
49345
20424
34276
51582
16408
45489
16409
28903
32269
32270
16344
45481
16345
32221
32238
16376
45485
16377
32253
32254
16424
45491
16425
32278
51584
21708
49941
21709
34918
51586
17817
47249
17818
28887
32973
32974
17753
46837
17754
32925
32942
17785
46839
17786
32957
32958
17833
46843
17834
32982
51588
22173
50433
22174
35150
51590
19206
48201
19207
32199
33667
33668
19142
48157
19143
33619
33636
23358
51395
23359
23374
23375
23378
23379
23382
23383
51592
51594
51596
23386
23387
51598
23390
23391
51600
23394
51602
51604
51439
23395
23398
51437
23399
51606
51608
23402
51610
51612
51614
51616
51618
51620
51622
51624
51443
23403
51626
23406
23407
51628
23410
23411
51630
23414
23415
23418
23419
51632
51634
23423
23424
31502
51636
23427
23428
31533
51638
23431
23432
31564
51640
23435
23436
31595
51642
23439
23440
51644
23443
23444
31609
51646
23447
23448
31612
51648
23451
23452
31615
51650
23455
23456
31618
51652
23459
23460
51654
23463
23464
31632
51656
23467
23468
31635
51658
23471
23472
31638
51660
23475
23476
31641
51662
23479
23480
51664
23483
23484
31655
51666
23487
51545
23488
31658
51668
23491
51541
23492
31661
51670
23495
51539
23496
31664
51672
23499
51537
23500
23503
23504
51674
51676
23507
51535
23508
51678
23511
51533
23512
51680
23515
51531
23516
51682
23519
23520
23523
23524
51684
51686
23527
23528
51688
23531
23532
51690
23535
23536
51692
23539
23540
23543
23544
51694
51696
23547
23548
51698
23551
23552
51700
23555
23556
51702
23559
23560
23563
23564
51704
51706
23568
23569
31606
51708
23572
23573
31629
51710
23576
23577
31652
51712
23580
23581
31675
23584
23585
31678
51714
51716
23588
23589
31681
51718
23592
23593
31684
51720
23596
23597
31687
51722
23600
23601
31690
23604
23605
31693
51724
51726
23608
23609
31696
51728
23612
23613
31699
51730
23616
23617
31702
51732
23620
23621
31705
23624
23625
31708
51734
51736
23628
23629
31711
51738
23632
23633
31714
51740
23636
23637
31717
51742
23640
23641
31720
23644
23645
31723
23649
23650
23651
23652
23655
23656
23657
23658
23661
23662
23663
23664
23667
23668
23669
23670
51744
23674
23675
51746
23678
23679
51748
23682
23683
51750
23686
23687
51752
23691
23692
51754
23695
23696
51756
23699
23700
51758
23703
23704
51760
23708
23709
51762
23712
23713
51764
23716
23717
51766
23720
23721
51768
23725
23726
51770
23729
23730
51772
23733
23734
51774
23737
23738
51776
23742
23743
51778
23746
23747
51780
23750
23751
51782
23754
23755
51784
23759
23760
51786
23763
23764
51788
23767
23768
51790
23771
23772
51792
23776
23777
51794
23780
23781
51796
23784
23785
51798
23788
23789
51800
23793
23794
51802
23797
23798
51804
23801
23802
51806
23805
23806
51808
23810
23811
51810
23814
23815
51812
23818
23819
51814
23822
23823
51816
23827
23828
51818
23831
23832
51820
23835
23836
51822
23839
23840
51824
23844
23845
35886
51826
23848
23849
35889
51828
23852
23853
35892
51830
23856
23857
35895
23861
23862
51832
23863
23864
23867
23868
51834
23869
23870
23873
23874
51836
23875
23876
23879
23880
51838
23881
23882
51840
23886
23887
51842
23890
23891
51844
23894
23895
51846
23898
23899
51848
23903
23904
51850
23907
23908
51852
23911
23912
51854
23915
23916
51856
23920
23921
51858
23924
23925
51860
23928
23929
51862
23932
23933
51864
23937
23938
51866
23941
23942
51868
23945
23946
51870
23949
23950
51872
23954
23955
51874
23958
23959
51876
23962
23963
51878
23966
23967
51880
23971
23972
51882
23975
23976
51884
23979
23980
51886
23983
23984
51888
23988
23989
51890
23992
23993
51892
23996
23997
51894
24000
24001
51896
24005
24006
51898
24009
24010
51900
24013
24014
51902
24017
24018
51904
24022
24023
51906
24026
24027
51908
24030
24031
51910
24034
24035
51912
24039
24040
51914
24043
24044
51916
24047
24048
51918
24051
24052
51920
24056
24057
35986
51922
24060
24061
35989
51924
24064
24065
35992
51926
24068
24069
35995
19174
51928
51930
51932
51934
51936
51938
48179
51543
19175
33651
33652
19222
48577
19223
33676
14117
43493
14118
31123
31125
14137
43503
14138
31134
31135
14153
43511
14154
31142
31143
14447
43803
14448
31289
31290
14527
43815
14528
31329
31330
22606
50869
22607
35366
20523
49393
51549
20524
32903
34325
34326
20459
49359
51547
20460
34277
34294
20491
49377
51551
20492
34309
34310
20539
49837
20540
34334
16428
45497
16429
32279
32280
21808
50023
21809
33597
34967
34968
21744
49983
21745
34919
34936
21776
49995
21777
34951
34952
21824
50039
21825
34976
17837
46847
17838
32983
32984
22273
50459
22274
34255
34897
35199
35200
22209
50441
51553
22210
35151
35168
22241
50453
22242
35183
35184
22289
50467
22290
35208
12021
42033
51555
51559
51561
51563
12022
30019
30077
12069
42043
51565
51557
12070
30099
30101
12101
42063
12102
30116
30117
12133
42087
12134
28978
30132
30133
13131
42745
13132
29471
30631
30632
14095
43471
51625
14096
29955
31113
31114
14431
43723
51623
14432
30577
31059
31281
31282
13099
42713
51619
51621
13100
30599
30616
14063
43439
51581
51583
14064
31081
31098
14399
43719
51571
51575
14400
31249
31266
14511
43807
51567
14512
31321
31322
14173
43525
51615
51617
51569
14174
31153
14195
43537
51573
14196
31164
14211
43545
51579
14212
31172
14463
43739
51577
14464
31298
14543
43823
14544
31338
19226
48203
19227
33677
33678
22610
50871
22611
35367
35368
22626
50875
22627
35376
16412
45505
51613
16413
28962
32271
32272
16380
45501
51585
51587
16381
32239
32256
16444
45509
16445
32288
20543
49407
20544
34335
34336
17821
47229
51611
17822
28946
32975
32976
17789
46853
51589
51591
17790
32943
32960
17853
46857
17854
32992
21828
50043
21829
34977
34978
19210
48207
51605
19211
32217
33669
33670
19178
48181
51603
19179
33637
33654
19242
48223
19243
33686
22293
50469
22294
35209
35210
14123
43497
14124
31126
31128
14141
43505
14142
31136
31137
14157
43513
14158
31144
31145
14179
43529
14180
31154
31156
14199
43539
14200
31165
31166
14215
43547
14216
31173
31174
14451
43727
14452
31291
31292
14467
43743
14468
31299
31300
14531
43817
14532
31331
31332
14547
43825
14548
31339
31340
20527
49397
20528
32921
34327
34328
20495
49379
20496
34295
34312
20559
49425
20560
34344
22630
50877
22631
35377
35378
16432
45515
16433
32281
32282
16448
45519
16449
32289
32290
21812
50027
21813
33615
34969
34970
21780
49997
21781
34937
34954
21844
50059
21845
34986
17841
46861
17842
32985
32986
17857
46865
17858
32993
32994
22277
50461
22278
34273
34915
35201
35202
22245
50463
22246
35169
35186
22309
50473
22310
35218
12139
42089
12140
30078
30136
13135
42749
13136
30617
30634
14099
43477
14100
31099
31116
14435
43711
14436
31267
31284
14515
43809
14516
31323
31324
14235
43561
14236
31184
14257
43573
14258
31195
14273
43581
14274
31203
14483
43759
14484
31308
14563
43831
14564
31348
19230
48211
19231
33679
33680
19246
48567
19247
33687
33688
22614
50873
22615
35369
35370
22646
50881
22647
35386
16416
45523
16417
32257
32274
16464
45527
16465
32298
20547
49413
20548
34337
34338
20563
49429
20564
34345
34346
17825
46869
17826
32961
32978
17873
46873
17874
33002
21832
50047
21833
34979
34980
21848
50063
21849
34987
34988
19214
48215
19215
33655
33672
19262
48239
19263
33696
22297
50471
22298
35211
35212
22313
50475
22314
35219
35220
14129
43499
14130
31129
31131
14145
43507
14146
31138
31139
14161
43517
14162
31146
31147
14185
43533
14186
31157
31159
14203
43541
14204
31167
31168
14219
43549
14220
31175
31176
14241
43565
14242
31185
31187
14261
43575
14262
31196
31197
14277
43583
14278
31204
31205
14455
43731
14456
31293
31294
14471
43747
14472
31301
31302
14487
43761
14488
31309
31310
14535
43819
14536
31333
31334
14551
43827
14552
31341
31342
14567
43833
14568
31349
31350
20531
49403
20532
34313
34330
20579
49441
20580
34354
22634
50879
22635
35379
35380
16436
45531
16437
32283
32284
22650
50883
22651
35387
35388
16452
45535
16453
32291
32292
16468
45539
16469
32299
32300
21816
50031
21817
34955
34972
21864
50079
21865
34996
17845
46877
17846
32987
32988
17861
46881
17862
32995
32996
17877
46885
17878
33003
33004
22281
50465
22282
35187
35204
22329
50483
22330
35228
14105
43481
14106
31119
14439
43715
14440
31286
14519
43811
14520
31326
14775
43955
14776
31454
19234
48219
19235
33681
33682
19250
48229
19251
33689
33690
19266
48243
19267
33697
33698
16420
45543
16421
32276
20551
49417
20552
34339
34340
20567
49433
20568
34347
34348
20583
49447
20584
34355
34356
17829
46889
17830
32980
21836
50051
21837
34981
34982
22618
50885
22619
35371
35372
21852
50067
21853
34989
34990
21868
50083
21869
34997
34998
19218
48233
19219
33674
22301
50477
22302
35213
35214
22317
50479
22318
35221
35222
22333
50493
22334
35229
35230
14167
43521
14168
31120
31150
14191
43535
14192
31160
31162
22666
50889
22667
35396
14207
43543
14208
31169
31170
14223
43553
14224
31177
31178
14247
43569
14248
31188
31190
14265
43577
14266
31198
31199
14281
43585
14282
31206
31207
14459
43735
14460
31287
31296
14475
43751
14476
31303
31304
14491
43763
14492
31311
31312
14539
43821
14540
31327
31336
14555
43829
14556
31343
31344
14571
43835
14572
31351
31352
14779
43957
14780
31455
31456
14591
43841
14592
31362
14613
43861
14614
31373
14629
43873
14630
31381
14795
43963
14796
31464
20535
49421
20536
34332
22638
50887
22639
35381
35382
22654
50891
22655
35389
35390
22670
50893
22671
35397
35398
16440
45547
16441
32277
32286
16456
45553
16457
32293
32294
16472
45557
16473
32301
32302
16488
45561
16489
32310
21820
50035
21821
34974
17849
46893
17850
32981
32990
17865
46897
17866
32997
32998
17881
46901
17882
33005
33006
17897
46905
17898
33014
22285
50497
22286
35206
19238
48247
19239
33675
33684
19254
48251
19255
33691
33692
19270
48255
19271
33699
33700
19286
48259
19287
33708
14597
43847
14598
31363
31365
14617
43865
14618
31374
31375
14633
43875
14634
31382
31383
14799
43981
14800
31465
31466
22622
50895
22623
35374
20555
49437
20556
34333
34342
20571
49451
20572
34349
34350
20587
49455
20588
34357
34358
20603
49463
20604
34366
51940
16492
45565
16493
32311
32312
22943
22944
35534
51942
21840
50055
21841
34975
34984
21856
50071
21857
34991
34992
21872
50087
21873
34999
35000
21888
50095
21889
35008
17901
46909
17902
33015
33016
22305
50505
22306
35207
35216
22321
50509
22322
35223
35224
22337
50515
22338
35231
35232
22353
50523
22354
35240
14229
43557
14230
31151
31181
14253
43571
14254
31191
31193
14269
43579
14270
31200
31201
14285
43589
14286
31208
31209
14479
43757
14480
31297
31306
14495
43799
14496
31313
31314
14559
43837
14560
31337
31346
14575
43853
14576
31353
31354
14783
43959
14784
31457
31458
14653
43887
14654
31393
14675
43899
14676
31404
14691
43907
14692
31412
14815
43993
14816
31474
19290
48267
19291
33709
33710
22642
50901
22643
35375
35384
22658
50897
22659
35391
35392
22674
50899
22675
35399
35400
22690
50903
22691
35408
16460
45569
16461
32287
32296
16476
45575
16477
32303
32304
16508
45579
16509
32320
51944
51946
51948
51950
51952
51954
51956
20607
49465
20608
34367
34368
22947
51163
22948
35535
35536
22963
51169
22964
35544
51958
51960
51962
51964
51966
51968
51970
17869
46913
17870
32991
33000
17885
46917
17886
33007
33008
17917
46919
17918
33024
21892
50099
21893
35009
35010
19258
48263
19259
33685
33694
19274
48269
19275
33701
33702
19306
48275
19307
33718
22357
50529
22358
35241
35242
14603
43857
14604
31366
31368
14621
43869
14622
31376
31377
14637
43877
14638
31384
31385
14659
43891
14660
31394
31396
14679
43901
14680
31405
31406
14695
43909
14696
31413
31414
14803
43985
14804
31467
31468
14819
43995
14820
31475
31476
20575
49459
20576
34343
34352
20591
49467
20592
34359
34360
20623
49475
20624
34376
22694
50905
22695
35409
35410
16496
45581
16497
32313
32314
16512
45583
16513
32321
32322
21860
50075
21861
34985
34994
21876
50089
21877
35001
35002
21908
50111
21909
35018
22967
51171
22968
35545
35546
17905
46921
17906
33017
33018
17921
46923
17922
33025
33026
22325
50549
22326
35217
35226
22341
50565
22342
35233
35234
22373
50575
22374
35250
14291
43591
14292
29957
31182
31212
14499
43801
14500
30579
31307
31316
14579
43871
14580
31061
31347
31356
14787
43961
14788
31229
31459
31460
14715
43919
14716
31424
14737
43943
14738
31435
14753
43947
14754
31117
31443
14835
44001
14836
31285
31325
31484
19294
48273
19295
33711
33712
19310
48277
19311
33719
33720
22662
50909
22663
35385
35394
22678
50907
22679
35401
35402
22710
50915
22711
35418
16480
45819
16481
29473
32297
32306
16528
45813
16529
30635
32330
51972
51974
51976
51978
51980
20611
49471
20612
34369
34370
20627
49477
20628
34377
34378
22951
51165
22952
35537
35538
22983
51177
22984
35554
17889
46925
17890
28981
33001
33010
17937
46929
17938
30137
33034
21896
50101
21897
35011
35012
21912
50115
21913
35019
35020
19278
48281
19279
32219
33695
33704
19326
48287
19327
32275
33728
22361
50571
22362
35243
35244
22377
50579
22378
35251
35252
14609
43879
14610
30016
31369
31371
14625
43883
14626
30597
31378
31379
14641
43895
14642
31079
31386
31387
14807
43989
14808
31247
31469
31470
14665
43897
14666
31397
31399
14683
43903
14684
31407
31408
14699
43915
14700
31415
31416
14721
43939
14722
31425
31427
14741
43945
14742
31436
31437
14757
43949
14758
31148
31444
31445
14839
44003
14840
31295
31335
31485
31486
14823
43999
14824
31477
31478
20595
49473
20596
32923
34353
34362
20643
49497
20644
32979
34386
22698
50921
22699
35411
35412
22714
50929
22715
35419
35420
16500
45599
16501
30000
32315
32316
16532
45615
16533
31140
32331
32332
16516
45607
16517
32323
32324
21880
50091
21881
33617
34995
35004
21928
50127
21929
33673
35028
22971
51173
22972
35547
35548
17909
46933
17910
29984
33019
33020
22987
51179
22988
35555
35556
17941
46939
17942
31132
33035
33036
17925
46935
17926
33027
33028
22345
50583
22346
34275
35227
35236
22393
50603
22394
34331
35260
14585
43905
14586
31359
14791
43975
14792
31462
14855
44007
14856
31494
19298
48283
19299
32237
33713
33714
19330
48293
19331
32285
33729
33730
19314
48291
19315
33721
33722
22682
50931
22683
34917
35395
35404
22730
50933
22731
34973
35428
16484
45629
16485
32308
20615
49483
20616
32941
34371
34372
20647
49501
20648
32989
34387
34388
20631
49485
20632
34379
34380
17893
46943
17894
33012
21900
50103
21901
33635
35013
35014
21932
50131
21933
33683
35029
35030
21916
50119
21917
35021
35022
19282
48297
19283
33706
22365
50587
22366
34293
35245
35246
22955
51167
22956
35149
35539
35540
22397
50607
22398
34341
35261
35262
22381
50593
22382
35253
35254
14671
43951
14672
30075
31400
31402
14687
43953
14688
30615
31409
31410
14703
43965
14704
31097
31417
31418
23003
51189
23004
35205
35373
35564
14827
44009
51971
14828
31265
31479
31480
14647
43941
14648
31360
31390
14727
43967
14728
31428
31430
14745
43969
14746
31438
31439
14761
43971
14762
31179
31446
31447
14843
44011
14844
31305
31345
31487
31488
14811
44005
14812
31463
31472
14859
44017
14860
31495
31496
14879
44023
14880
31506
14901
44043
14902
31517
14917
44053
14918
31525
20599
49487
20600
34364
22702
50937
51969
22703
34935
35413
35414
22734
50945
22735
34983
35429
35430
22718
50939
22719
35421
35422
16520
45635
51967
16521
30059
32325
32326
16536
45645
16537
31171
32333
32334
16504
45631
16505
32309
32318
16552
45655
16553
32342
21884
50093
21885
35006
23007
51191
23008
35215
35383
35565
35566
22975
51175
51965
22976
35167
35549
35550
22991
51181
22992
35557
35558
17929
46953
51963
17930
30043
33029
33030
17945
46957
17946
31163
33037
33038
17913
46945
17914
33013
33022
17961
46967
17962
33046
22349
50615
22350
35238
19318
48303
51943
19319
32255
33723
33724
19334
48307
19335
32295
33731
33732
19302
48299
19303
33707
33716
19350
48315
19351
33740
14885
44029
14886
31507
31509
14905
44047
14906
31518
31519
14921
44055
14922
31526
31527
22686
50953
22687
35406
20635
49511
51941
20636
32959
34381
34382
20651
49513
20652
32999
34389
34390
20619
49507
20620
34365
34374
20667
49519
20668
34398
16556
45659
16557
32343
32344
22959
51183
22960
35542
21920
50121
51961
21921
33653
35023
35024
21936
50135
21937
33693
35031
35032
21904
50107
21905
35007
35016
21952
50151
21953
35040
17965
46975
17966
33047
33048
23216
51453
23217
35670
22385
50625
51959
22386
34311
35255
35256
22401
50629
22402
34351
35263
35264
22369
50619
22370
35239
35248
22417
50637
22418
35272
14733
44035
51957
14734
30134
31431
31433
14749
44039
51955
14750
30633
31440
31441
14765
44049
51953
14766
31115
31210
31448
31449
14847
44057
51951
14848
31283
31315
31355
31489
31490
14709
43973
14710
31391
31421
14831
44051
14832
31473
31482
14863
44061
14864
31497
31498
14941
44069
14942
31537
14963
44081
14964
31548
14979
44103
14980
31556
19354
48323
19355
33741
33742
22722
50975
51949
22723
34953
35423
35424
22738
50981
22739
34993
35431
35432
22706
50957
22707
35407
35416
22754
50985
22755
35440
16540
45671
51947
16541
30118
31202
32335
32336
16524
45667
16525
32319
32328
16572
45673
16573
32352
20671
49523
20672
34399
34400
23011
51193
23012
35225
35393
35567
35568
22995
51187
51945
22996
35185
35559
35560
22979
51185
22980
35543
35552
23027
51199
23028
35576
17949
46985
17950
30102
31194
33039
33040
17933
46983
17934
33023
33032
17981
47003
17982
33056
21956
50155
21957
35041
35042
23220
51455
23221
35671
35672
23236
51463
23237
35680
19338
48327
19339
32273
32305
33733
33734
19322
48325
19323
33717
33726
19370
48329
19371
33750
22421
50641
22422
35273
35274
14891
44065
14892
31510
31512
14909
44073
14910
31520
31521
14925
44077
14926
31528
31529
14947
44079
14948
31538
31540
14967
44083
14968
31549
31550
14983
44105
14984
31557
31558
20655
49525
51981
20656
32977
33009
34391
34392
20639
49521
20640
34375
34384
20687
49529
20688
34408
22758
50993
22759
35441
35442
16560
45679
16561
32345
32346
16576
45681
16577
32353
32354
21940
50139
51979
21941
33671
33703
35033
35034
21924
50123
21925
35017
35026
21972
50167
21973
35050
23031
51201
23032
35577
35578
17969
46987
17970
33049
33050
17985
47011
17986
33057
33058
22405
50653
51977
22406
34329
34361
35265
35266
22389
50649
22390
35249
35258
22437
50657
22438
35282
14771
44085
14772
31422
31452
14851
44109
14852
31483
31492
14867
44115
14868
31499
31500
23240
51465
23241
35681
35682
15003
44123
15004
31568
15025
44181
15026
31579
15041
44189
15042
31357
31461
31587
19358
48331
19359
33743
33744
19374
48335
19375
33751
33752
22742
51003
51975
22743
34971
35003
35433
35434
22726
50997
22727
35417
35426
22774
51007
22775
35450
16544
45687
16545
32329
32338
16592
45689
16593
31317
32362
20675
49527
20676
34401
34402
20691
49531
20692
34409
34410
23015
51195
51973
23016
35203
35235
35403
35569
35570
22999
51197
23000
35553
35562
23047
51205
23048
35586
17953
46989
17954
33033
33042
18001
47019
18002
31213
33066
21960
50161
21961
35043
35044
21976
50171
21977
35051
35052
23224
51457
23225
35673
35674
23256
51473
23257
35690
19342
48337
19343
33727
33736
19390
48341
19391
32307
33760
22425
50671
22426
35275
35276
22441
50677
22442
35283
35284
14897
44177
14898
31513
31515
14913
44179
14914
31522
31523
14929
44183
14930
31530
31531
14953
44185
14954
31541
31543
14971
44187
14972
31551
31552
14987
44191
14988
31559
31560
15009
44193
15010
31569
31571
15029
44197
15030
31580
31581
15045
44199
15046
31388
31471
31588
31589
20659
49535
20660
34385
34394
20707
49563
20708
33011
34418
22762
51009
22763
35443
35444
22778
51011
22779
35451
35452
16596
45703
16597
31380
32363
32364
16564
45691
16565
32347
32348
16580
45693
16581
32355
32356
21944
50143
21945
35027
35036
21992
50185
21993
33705
35060
23035
51203
23036
35579
35580
23051
51223
23052
35587
35588
18005
47021
18006
31372
33067
33068
17973
47013
17974
33051
33052
17989
47015
17990
33059
33060
22409
50683
22410
35259
35268
22457
50695
22458
34363
35292
23244
51467
23245
35683
35684
14873
44201
14874
31503
15063
44205
15064
31598
19394
48375
19395
32317
33761
33762
19362
48339
19363
33745
33746
23260
51475
23261
35691
35692
19378
48359
19379
33753
33754
22746
51013
22747
35427
35436
22794
51019
22795
35005
35460
16548
45709
16549
32340
20711
49581
20712
33021
34419
34420
20679
49541
20680
34403
34404
20695
49577
20696
34411
34412
23019
51207
23020
35563
35572
23067
51237
23068
35237
35596
17957
47017
17958
33044
21996
50193
21997
33715
35061
35062
21964
50175
21965
35045
35046
21980
50181
21981
35053
35054
19346
48389
19347
33738
22461
50703
22462
34373
35293
35294
22429
50689
22430
35277
35278
22445
50699
22446
35285
35286
14935
44215
14936
31504
31534
23228
51459
23229
35675
35676
14959
44217
14960
31544
31546
14975
44229
14976
31553
31554
14991
44231
14992
31561
31562
15015
44233
15016
31572
31574
15033
44235
15034
31582
31583
15049
44237
15050
31419
31481
31590
31591
15067
44239
15068
31599
31600
15087
44251
15088
31610
15109
44253
15110
31621
20663
49589
20664
34396
22798
51161
22799
35015
35461
35462
22766
51021
22767
35445
35446
23276
51483
23277
35405
35541
35700
22782
51025
22783
35453
35454
16600
45715
16601
31411
32365
32366
16568
45711
16569
32341
32350
16584
45713
16585
32357
32358
16616
45717
16617
32374
21948
50147
21949
35038
23071
51241
23072
35247
35597
35598
23039
51215
23040
35581
35582
23055
51227
23056
35589
35590
18009
47069
18010
31403
33069
33070
17977
47023
17978
33045
33054
17993
47055
17994
33061
33062
18025
47081
18026
33078
22413
50707
22414
35270
23280
51485
23281
35415
35551
35701
35702
23248
51469
23249
35685
35686
23264
51477
23265
35693
35694
19398
48423
19399
32327
33763
33764
19366
48401
19367
33739
33748
19382
48409
19383
33755
33756
19414
48427
19415
33772
15093
44255
15094
31611
31613
15113
44257
15114
31622
31623
22750
51033
22751
35438
20715
49623
20716
33031
34421
34422
20683
49601
20684
34397
34406
20699
49613
20700
34413
34414
20731
49631
20732
34430
16620
45719
16621
32375
32376
23023
51209
23024
35574
22000
50211
22001
33725
35063
35064
21968
50197
21969
35039
35048
21984
50203
21985
35055
35056
22016
50241
22017
35072
18029
47083
18030
33079
33080
23232
51461
23233
35678
22465
50727
22466
34383
35295
35296
22433
50711
22434
35271
35280
22449
50723
22450
35287
35288
22481
50733
22482
35304
14997
44259
14998
31535
31565
15021
44261
15022
31575
31577
15037
44263
15038
31584
31585
15053
44265
15054
31450
31491
31592
31593
15071
44267
15072
31601
31602
15133
44275
15134
31633
15155
44277
15156
31644
19418
48435
19419
33773
33774
23425
23426
35774
22802
51045
22803
35025
35463
35464
22770
51037
22771
35439
35448
22786
51041
22787
35455
35456
22818
51053
22819
35472
16604
45723
16605
31442
32367
32368
16588
45721
16589
32351
32360
16636
45725
16637
32384
20735
49637
20736
34431
34432
23075
51245
23076
35257
35599
35600
23043
51217
23044
35575
35584
23059
51229
23060
35591
35592
23091
51255
23092
35608
18013
47087
18014
31434
33071
33072
17997
47075
17998
33055
33064
18045
47091
18046
33088
22020
50247
22021
35073
35074
23284
51487
23285
35425
35561
35703
35704
23252
51471
23253
35679
35688
23268
51479
23269
35695
35696
23300
51495
23301
35712
19402
48451
19403
32337
33765
33766
19386
48443
19387
33749
33758
19434
48455
19435
33782
22485
50737
22486
35305
35306
15099
44279
15100
31614
31616
15117
44285
15118
31624
31625
15139
44321
15140
31634
31636
15159
44331
15160
31645
31646
23429
51639
23430
35775
35776
23445
51647
23446
35784
20719
49647
20720
33041
34423
34424
20703
49643
20704
34407
34416
20751
49655
20752
34440
22822
51063
22823
35473
35474
16624
45739
16625
32377
32378
16640
45743
16641
32385
32386
22004
50229
22005
33735
35065
35066
21988
50221
21989
35049
35058
22036
50267
22037
35082
23095
51265
23096
35609
35610
18033
47095
18034
33081
33082
18049
47101
18050
33089
33090
22469
50749
22470
34393
35297
35298
22453
50745
22454
35281
35290
22501
50751
22502
35314
15059
44333
15060
31566
31596
15075
44335
15076
31603
31604
23304
51497
23305
35713
35714
15179
44339
15180
31656
15201
44341
15202
31501
31667
19422
48463
19423
33775
33776
19438
48467
19439
33783
33784
22806
51071
22807
35035
35465
35466
22790
51067
22791
35449
35458
22838
51075
22839
35482
16608
45751
16609
32361
32370
23449
51649
23450
35785
35786
16656
45755
16657
31493
32394
20739
49659
20740
34433
34434
20755
49667
20756
34441
34442
23079
51247
23080
35267
35601
35602
23063
51243
23064
35585
35594
23111
51327
23112
35618
18017
47105
18018
33065
33074
18065
47111
18066
31453
33098
22024
50255
22025
35075
35076
22040
50271
22041
35083
35084
23288
51489
23289
35435
35571
35705
35706
23272
51481
23273
35689
35698
23320
51505
23321
35722
19406
48473
19407
33759
33768
19454
48477
19455
32339
33792
22489
50753
22490
35307
35308
22505
50755
22506
35315
35316
15105
44355
15106
31617
31619
15121
44359
15122
31626
31627
15145
44363
15146
31637
31639
15163
44365
15164
31647
31648
15185
44369
15186
31657
31659
15205
44375
15206
31532
31668
31669
23433
51641
23434
35777
35778
23465
51657
23466
35794
20723
49673
20724
34417
34426
20771
49681
20772
33043
34450
22826
51077
22827
35475
35476
22842
51081
22843
35483
35484
16660
45775
16661
31524
32395
32396
16628
45763
16629
32379
32380
16644
45767
16645
32387
32388
22008
50263
22009
35059
35068
22056
50289
22057
33737
35092
23099
51267
23100
35611
35612
23115
51341
23116
35619
35620
18069
47125
18070
31516
33099
33100
18037
47115
18038
33083
33084
18053
47121
18054
33091
33092
22473
50757
22474
35291
35300
22521
50795
22522
34395
35324
23308
51499
23309
35715
35716
23324
51507
23325
35723
35724
15081
44379
15082
31607
19458
48495
19459
32349
33793
33794
19426
48483
19427
33777
33778
19442
48487
19443
33785
33786
22810
51083
22811
35459
35468
22858
51091
22859
35037
35492
23453
51651
23454
35787
35788
15231
44387
15232
31682
16612
45779
16613
32372
20775
49721
20776
33053
34451
34452
20743
49689
20744
34435
34436
23469
51659
23470
35795
35796
20759
49697
20760
34443
34444
23083
51269
23084
35595
35604
23131
51363
23132
35269
35628
16680
45787
16681
32406
18021
47131
18022
33076
22060
50293
22061
33747
35093
35094
22028
50277
22029
35077
35078
22044
50281
22045
35085
35086
15261
44389
15262
31697
23292
51491
23293
35699
35708
23340
51515
23341
35437
35732
18089
47143
18090
33110
19410
48499
19411
33770
22525
50801
22526
34405
35325
35326
22493
50759
22494
35309
35310
22509
50783
22510
35317
35318
15127
44403
15128
31608
31630
15151
44411
15152
31640
31642
15167
44419
15168
31649
31650
15191
44427
15192
31660
31662
15209
44429
15210
31563
31670
31671
16700
45791
16701
32416
23437
51643
23438
35779
35780
19478
48505
19479
33804
20727
49707
20728
34428
22862
51107
22863
35047
35493
35494
22830
51095
22831
35477
35478
22846
51103
22847
35485
35486
16664
45805
16665
31555
32397
32398
15237
44431
15238
31683
31685
16632
45801
16633
32373
32382
16648
45803
16649
32389
32390
15291
44451
15292
31712
18109
47175
18110
33120
20795
49743
20796
34462
22012
50307
22013
35070
23135
51369
23136
35279
35629
35630
23103
51281
23104
35613
35614
23485
51667
23486
35573
35677
35804
23119
51345
23120
35621
35622
18073
47171
18074
31547
33101
33102
16684
45807
16685
32407
32408
18041
47151
18042
33077
33086
18057
47159
18058
33093
33094
16720
45809
16721
31605
32426
19498
48519
19499
33814
15267
44499
15268
31698
31700
22080
50355
22081
35104
22477
50761
22478
35302
23344
51517
23345
35447
35733
35734
23312
51501
23313
35717
35718
23328
51509
23329
35725
35726
19462
48525
19463
32359
33795
33796
18093
47181
18094
33111
33112
19430
48509
19431
33771
33780
19446
48515
19447
33787
33788
18129
47203
18130
31597
33130
20815
49791
20816
34472
16704
45811
16705
32417
32418
22545
50825
22546
35336
22814
51115
22815
35470
23489
51669
23490
35583
35687
35805
35806
23457
51653
23458
35789
35790
23473
51661
23474
35797
35798
20779
49731
20780
33063
34453
34454
19482
48529
19483
33805
33806
20747
49715
20748
34429
34438
20763
49727
20764
34445
34446
19518
48545
19519
32371
33824
15297
44523
15298
31713
31715
22100
50427
22101
35114
18113
47187
18114
33121
33122
22882
51119
22883
35504
51982
23087
51271
23088
35606
51984
22064
50343
22065
33757
35095
35096
20799
49751
20800
34463
34464
22032
50323
22033
35071
35080
22048
50335
22049
35087
35088
20835
49823
20836
33075
34482
51986
16724
45817
16725
31628
32427
32428
22565
50843
22566
35346
51988
19502
48535
19503
33815
33816
23155
51391
23156
35640
51990
23296
51493
23297
35710
51992
22529
50811
22530
34415
35327
35328
22084
50369
22085
35105
35106
22497
50789
22498
35303
35312
22513
50805
22514
35319
35320
22120
50425
22121
33769
35124
15173
44669
15174
31631
31653
15197
44701
15198
31663
31665
15213
44797
15214
31594
31672
31673
18133
47211
18134
31620
33131
33132
22902
51121
22903
35514
20819
49803
20820
34473
34474
23364
51525
23365
35744
23441
51645
23442
35782
51994
22866
51139
22867
35057
35495
35496
22549
50829
22550
35337
35338
22834
51125
22835
35471
35480
22850
51133
22851
35487
35488
22585
50853
22586
34427
35356
16668
45931
16669
31586
32399
32400
15243
44799
15244
31686
31688
16652
45887
16653
32383
32392
19522
48551
19523
32381
33825
33826
23175
51427
23176
35650
22104
50387
22105
35115
35116
23509
51679
23510
35816
23570
51709
23571
35846
51996
23139
51377
23140
35289
35631
35632
22886
51143
22887
35505
35506
23107
51325
23108
35607
35616
23123
51349
23124
35623
35624
22922
51145
22923
35069
35524
18077
47223
18078
31578
33103
33104
16688
46159
16689
32409
32410
18061
47195
18062
33087
33096
20839
49827
20840
33085
34483
34484
23384
51637
23385
35754
22569
50847
22570
35347
35348
15273
44805
15274
31701
31703
23590
51719
23591
35856
23348
51519
23349
35457
35735
35736
23159
51393
23160
35641
35642
23316
51503
23317
35711
35720
23332
51511
23333
35727
35728
23195
51441
23196
35301
35660
19466
48555
19467
32369
33797
33798
18097
47225
18098
33113
33114
19450
48541
19451
33781
33790
22124
50405
22125
33779
35125
35126
23529
51689
23530
35826
22906
51147
22907
35515
35516
16708
46185
16709
32419
32420
23493
51671
23494
35593
35697
35807
35808
23368
51527
23369
35745
35746
23461
51655
23462
35783
35792
23477
51663
23478
35799
35800
23404
51627
23405
35469
35764
20783
49759
20784
33073
34455
34456
19486
48563
19487
33807
33808
20767
49739
20768
34439
34448
22589
50859
22590
34437
35357
35358
15303
44815
51985
15304
31716
31718
23610
51729
23611
35866
23179
51429
23180
35651
35652
18117
47239
51983
18118
33123
33124
23513
51681
23514
35817
35818
23574
51711
23575
35847
35848
23549
51699
23550
35605
35836
22068
50377
22069
33767
35097
35098
20803
49761
20804
34465
34466
22052
50361
51987
51993
22053
35081
35090
22926
51151
22927
35079
35525
35526
16728
46195
51989
16729
31651
32429
32430
23388
51599
23389
35755
35756
19506
48569
51998
51991
19507
33817
33818
23594
51721
23595
35857
35858
23630
51739
23631
35709
35781
35876
22533
50835
22534
34425
35329
35330
22088
50381
22089
35107
35108
22517
50821
22518
35313
35322
15219
44831
15220
31654
31676
23199
51445
23200
35311
35661
35662
18137
47261
18138
31643
33133
33134
23533
51691
23534
35827
35828
20823
49811
51995
20824
34475
34476
22870
51159
22871
35067
35497
35498
22553
50837
22554
35339
35340
22854
51155
22855
35481
35490
15249
45035
15250
31689
31691
16672
46201
16673
32393
32402
23408
51629
23409
35479
35765
35766
19526
48689
19527
32391
33827
33828
23614
51731
23615
35867
35868
22108
50395
51997
22109
35117
35118
23143
51379
23144
35299
35633
35634
22890
51211
22891
35507
35508
23127
51357
23128
35617
35626
16692
46209
16693
32411
32412
18081
47275
18082
33097
33106
23553
51701
23554
35615
35837
35838
20843
49833
20844
33095
34485
34486
22573
50851
22574
35349
35350
15279
45037
15280
31704
31706
23352
51521
23353
35467
35737
35738
23163
51421
23164
35643
35644
23336
51513
23337
35721
35730
18101
47415
18102
33115
33116
19470
48695
19471
33791
33800
23634
51741
23635
35719
35791
35877
35878
22128
50411
22129
33789
35127
35128
22910
51213
22911
35517
35518
16712
46255
16713
32421
32422
23497
51673
23498
35603
35707
35809
35810
23372
51529
23373
35747
35748
23481
51665
23482
35793
35802
19490
48701
19491
33809
33810
20787
49773
20788
34449
34458
22593
50861
22594
34447
35359
35360
15309
45049
15310
31719
31721
23183
51431
23184
35653
35654
18121
47467
18122
33125
33126
23517
51683
23518
35819
35820
23578
51713
23579
35849
35850
20807
49781
20808
34467
34468
22072
50399
22073
35091
35100
22930
51287
22931
35089
35527
35528
16732
46513
16733
31674
32431
32432
23392
51601
51999
23393
35757
35758
19510
48709
19511
33819
33820
23598
51723
23599
35859
35860
22092
50413
22093
35109
35110
22537
50839
22538
35323
35332
15225
45403
15226
31679
23203
51447
23204
35321
35663
35664
18141
47561
18142
31666
33135
33136
23537
51693
23538
35829
35830
20827
49817
20828
34477
34478
22557
50841
22558
35341
35342
22874
51291
22875
35491
35500
15255
45401
15256
31680
31694
16676
46475
16677
32404
23412
51631
23413
35489
35767
35768
19530
48779
19531
32401
33829
33830
23618
51733
23619
35869
35870
22112
50415
22113
35119
35120
22894
51297
22895
35509
35510
23147
51381
23148
35627
35636
16696
46471
16697
32405
32414
18085
47559
18086
33108
23557
51703
23558
35625
35839
35840
20847
49865
20848
33105
34487
34488
22577
50865
22578
35351
35352
15285
46473
15286
31695
31709
23167
51425
23168
35645
35646
23356
51523
23357
35731
35740
18105
47557
18106
33109
33118
19474
48777
19475
33802
23638
51743
23639
35729
35801
35879
35880
22132
50421
22133
33799
35129
35130
22914
51301
22915
35519
35520
16716
46777
16717
32415
32424
23376
51597
23377
35749
35750
23501
51677
23502
35803
35812
19494
48745
19495
33803
33812
20791
49857
20792
34460
22597
51313
22598
34457
35361
35362
15315
47555
15316
31710
31724
23187
51435
23188
35655
35656
15317
31725
18125
47551
18126
33119
33128
23521
51687
23522
35821
35822
23582
51717
23583
35851
35852
20811
49855
20812
34461
34470
22076
50423
22077
35102
22934
51323
22935
35099
35529
35530
16736
47553
16737
32425
32434
23396
51609
23397
35759
35760
16738
32435
19514
48841
19515
33813
33822
23602
51727
23603
35861
35862
22096
50443
22097
35103
35112
22541
51311
22542
35334
23207
51451
23208
35331
35665
35666
18145
47813
18146
33129
33138
23541
51697
23542
35831
35832
18147
33139
20831
49853
20832
34471
34480
22561
51309
22562
35335
35344
22878
51321
22879
35502
23416
51635
23417
35499
35769
35770
19534
48907
19535
33823
33832
23622
51737
23623
35871
35872
19536
33833
22116
51307
22117
35113
35122
22898
51319
22899
35503
35512
23151
51389
23152
35638
23561
51707
23562
35635
35841
35842
20851
49859
20852
34481
34490
22581
51317
22582
35345
35354
20853
34491
23171
51423
23172
35639
35648
23360
51595
23361
35742
23642
51939
23643
35739
35811
35881
35882
22136
51315
22137
35123
35132
22918
51355
22919
35513
35522
22138
35133
23380
51593
23381
35743
35752
23505
51675
23506
35814
22601
51353
22602
35355
35364
23191
51433
23192
35649
35658
22603
35365
23525
51685
23526
35815
35824
23586
51715
23587
35854
22938
51351
22939
35523
35532
23400
51607
23401
35753
35762
22940
35533
23606
51725
23607
35855
35864
23653
51937
23654
35887
23211
51449
23212
35659
35668
23545
51695
23546
35825
35834
23213
35669
23659
51935
23660
35888
35890
23676
51933
23677
35898
23420
51633
23421
35763
35772
23626
51735
23627
35865
35874
23422
35773
23680
51931
23681
35899
35900
23693
51755
23694
35906
23565
51705
23566
35835
35844
23665
51749
23666
35891
35893
23567
35845
23697
51757
23698
35907
35908
23710
51763
23711
35914
23646
51747
23647
35875
35884
23684
51751
23685
35901
35902
23648
35885
23714
51765
23715
35915
35916
23727
51771
23728
35922
23671
51745
23672
35894
35896
23701
51759
23702
35909
35910
23673
35897
23731
51773
23732
35923
35924
23744
51779
23745
35930
23688
51753
23689
35903
35904
23718
51767
23719
35917
35918
23690
35905
23748
51781
23749
35931
35932
23761
51787
23762
35938
23705
51761
23706
35911
35912
23735
51775
23736
35925
35926
23707
35913
23765
51789
23766
35939
35940
23778
51795
23779
35946
23722
51769
23723
35919
35920
23752
51783
23753
35933
35934
23724
35921
23782
51797
23783
35947
35948
23795
51803
23796
35954
23739
51777
23740
35927
35928
23769
51791
23770
35941
35942
23741
35929
23799
51805
23800
35955
35956
23812
51811
23813
35962
23756
51785
23757
35935
35936
23786
51799
23787
35949
35950
23758
35937
23816
51813
23817
35963
35964
23829
51819
23830
35970
23773
51793
23774
35943
35944
23803
51807
23804
35957
35958
23775
35945
23833
51821
23834
35971
35972
23846
51827
23847
35978
23790
51801
23791
35951
35952
23820
51815
23821
35965
35966
23792
35953
23850
51829
23851
35979
35980
23865
51835
23866
31677
35987
23807
51809
23808
35959
35960
23837
51823
23838
35973
35974
23809
35961
23871
51837
23872
31692
35988
35990
23888
51843
23889
32403
35998
23824
51817
23825
35967
35968
23854
51831
23855
35981
35982
23826
35969
23892
51845
23893
32413
35999
36000
23905
51851
23906
33107
36006
23841
51825
23842
35975
35976
23877
51839
23878
31707
35991
35993
23843
35977
23909
51853
23910
33117
36007
36008
23922
51859
23923
33801
36014
23858
51833
23859
35983
35984
23896
51847
23897
32423
36001
36002
23860
35985
23926
51861
23927
33811
36015
36016
23939
51867
23940
34459
36022
23883
51841
23884
31722
35994
35996
23913
51855
23914
33127
36009
36010
23885
35997
23943
51869
23944
34469
36023
36024
23956
51875
23957
35101
36030
23900
51849
23901
32433
36003
36004
23930
51863
23931
33821
36017
36018
23902
36005
23960
51877
23961
35111
36031
36032
23973
51883
23974
35333
36038
23917
51857
23918
33137
36011
36012
23947
51871
23948
34479
36025
36026
23919
36013
23977
51885
23978
35343
36039
36040
23990
51891
23991
35501
36046
23934
51865
23935
33831
36019
36020
23964
51879
23965
35121
36033
36034
23936
36021
23994
51893
23995
35511
36047
36048
24007
51899
24008
35637
36054
23951
51873
23952
34489
36027
36028
23981
51887
23982
35353
36041
36042
23953
36029
24011
51901
24012
35647
36055
36056
24024
51907
24025
35741
36062
23968
51881
23969
35131
36035
36036
23998
51895
23999
35521
36049
36050
23970
36037
24028
51909
24029
35751
36063
36064
24041
51915
24042
35813
36070
23985
51889
23986
35363
36043
36044
24015
51903
24016
35657
36057
36058
23987
36045
24045
51917
24046
35823
36071
36072
24058
51923
24059
35853
36078
24002
51897
24003
35531
36051
36052
24032
51911
24033
35761
36065
36066
24004
36053
24062
51925
24063
35863
36079
36080
24019
51905
24020
35667
36059
36060
24049
51919
24050
35833
36073
36074
24021
36061
24036
51913
24037
35771
36067
36068
24066
51927
24067
35873
36081
36082
24038
36069
24053
51921
24054
35843
36075
36076
24070
51929
24071
35883
36083
36084
24055
36077
24072
36085
