1
2
10
11
19
20
5
6
0
28
29
14
15
37
38
46
47
55
56
64
65
73
74
82
83
91
92
100
101
109
110
118
119
137
127
128
136
146
3
4
7
12
8
9
22019
23
22020
24
13
16
21
17
18
22023
32
22024
33
22
25
30
26
27
22027
41
22028
42
31
34
39
35
36
22031
50
22032
51
40
43
48
44
45
22035
59
22036
60
49
52
57
53
54
22039
68
22040
69
58
61
66
62
63
22043
77
22044
78
67
70
75
71
72
22047
86
22048
87
76
79
84
80
81
22051
95
22052
96
85
88
93
89
90
22055
104
22056
105
94
97
102
98
99
22059
113
22060
114
103
106
111
107
108
22063
122
22064
123
112
115
120
116
117
22067
131
22068
132
121
124
139
125
126
22072
141
22071
140
129
143
30976
147
130
133
148
134
135
22076
150
22075
149
138
152
30978
154
155
142
144
22080
157
22079
156
145
22016
260
159
30980
161
162
151
153
22084
164
22083
163
166
30982
168
169
158
160
22087
171
22086
170
173
30984
175
176
165
167
22090
178
22089
177
180
30986
182
183
172
174
22093
185
22092
184
187
30988
189
190
179
181
22096
192
22095
191
194
30990
196
197
186
188
22099
199
22098
198
201
30992
203
204
193
195
22102
206
22101
205
208
30994
210
211
200
202
22105
213
22104
212
215
30996
217
218
207
209
22108
220
22107
219
222
30998
224
225
214
216
22111
227
22110
226
229
31000
231
232
221
223
22114
234
22113
233
236
31002
238
239
228
230
22117
241
22116
240
243
31004
245
246
235
237
22120
248
22119
247
250
31006
252
253
242
244
22123
255
22122
254
257
31008
261
262
249
251
22126
264
22125
263
266
31010
268
269
256
258
22129
271
22128
270
259
22081
374
273
31012
275
276
265
267
22133
278
22132
277
280
31014
282
283
272
274
22136
285
22135
284
287
31016
289
290
279
281
22139
292
22138
291
294
31018
296
297
286
288
22142
299
22141
298
301
31020
303
304
293
295
22145
306
22144
305
308
31022
310
311
300
302
22148
313
22147
312
315
31024
317
318
307
309
22151
320
22150
319
322
31026
324
325
314
316
22154
327
22153
326
329
31028
331
332
321
323
22157
334
22156
333
336
31030
338
339
328
330
22160
341
22159
340
343
31032
345
346
335
337
22163
348
22162
347
350
31034
352
353
342
344
22166
355
22165
354
357
31036
359
360
349
351
22169
362
22168
361
364
31038
366
367
356
358
22172
369
22171
368
371
31040
375
376
363
365
22175
378
22174
377
380
31042
382
383
370
372
22178
385
22177
384
373
22130
488
387
31044
389
390
379
381
22182
392
22181
391
394
31046
396
397
386
388
22185
399
22184
398
401
31048
403
404
393
395
22188
406
22187
405
408
31050
410
411
400
402
22191
413
22190
412
415
31052
417
418
407
409
22194
420
22193
419
422
31054
424
425
414
416
22197
427
22196
426
429
31056
431
432
421
423
22200
434
22199
433
436
31058
438
439
428
430
22203
441
22202
440
443
31060
445
446
435
437
22206
448
22205
447
450
31062
452
453
442
444
22209
455
22208
454
457
31064
459
460
449
451
22212
462
22211
461
464
31066
466
467
456
458
22215
469
22214
468
471
31068
473
474
463
465
22218
476
22217
475
478
31070
480
481
470
472
22221
483
22220
482
485
31072
489
490
477
479
22224
492
22223
491
494
31074
496
497
484
486
22227
499
22226
498
487
22179
602
501
31076
503
504
493
495
22231
506
22230
505
508
31078
510
511
500
502
22234
513
22233
512
515
31080
517
518
507
509
22237
520
22236
519
522
31082
524
525
514
516
22240
527
22239
526
529
31084
531
532
521
523
22243
534
22242
533
536
31086
538
539
528
530
22246
541
22245
540
543
31088
545
546
535
537
22249
548
22248
547
550
31090
552
553
542
544
22252
555
22251
554
557
31092
559
560
549
551
22255
562
22254
561
564
31094
566
567
556
558
22258
569
22257
568
571
31096
573
574
563
565
22261
576
22260
575
578
31098
580
581
570
572
22264
583
22263
582
585
31100
587
588
577
579
22267
590
22266
589
592
31102
594
595
584
586
22270
597
22269
596
599
31104
603
604
591
593
22273
606
22272
605
608
31106
610
611
598
600
22276
613
22275
612
601
22228
716
615
31108
617
618
607
609
22280
620
22279
619
622
31110
624
625
614
616
22283
627
22282
626
629
31112
631
632
621
623
22286
634
22285
633
636
31114
638
639
628
630
22289
641
22288
640
643
31116
645
646
635
637
22292
648
22291
647
650
31118
652
653
642
644
22295
655
22294
654
657
31120
659
660
649
651
22298
662
22297
661
664
31122
666
667
656
658
22301
669
22300
668
671
31124
673
674
663
665
22304
676
22303
675
678
31126
680
681
670
672
22307
683
22306
682
685
31128
687
688
677
679
22310
690
22309
689
692
31130
694
695
684
686
22313
697
22312
696
699
31132
701
702
691
693
22316
704
22315
703
706
31134
708
709
698
700
22319
711
22318
710
713
31136
717
718
705
707
22322
720
22321
719
722
31138
724
725
712
714
22325
727
22324
726
715
22277
830
729
31140
731
732
721
723
22329
734
22328
733
736
31142
738
739
728
730
22332
741
22331
740
743
31144
745
746
735
737
22335
748
22334
747
750
31146
752
753
742
744
22338
755
22337
754
757
31148
759
760
749
751
22341
762
22340
761
764
31150
766
767
756
758
22344
769
22343
768
771
31152
773
774
763
765
22347
776
22346
775
778
31154
780
781
770
772
22350
783
22349
782
785
31156
787
788
777
779
22353
790
22352
789
792
31158
794
795
784
786
22356
797
22355
796
799
31160
801
802
791
793
22359
804
22358
803
806
31162
808
809
798
800
22362
811
22361
810
813
31164
815
816
805
807
22365
818
22364
817
820
31166
822
823
812
814
22368
825
22367
824
827
31168
831
832
819
821
22371
834
22370
833
836
31170
838
839
826
828
22374
841
22373
840
829
22326
944
843
31172
845
846
835
837
22378
848
22377
847
850
31174
852
853
842
844
22381
855
22380
854
857
31176
859
860
849
851
22384
862
22383
861
864
31178
866
867
856
858
22387
869
22386
868
871
31180
873
874
863
865
22390
876
22389
875
878
31182
880
881
870
872
22393
883
22392
882
885
31184
887
888
877
879
22396
890
22395
889
892
31186
894
895
884
886
22399
897
22398
896
899
31188
901
902
891
893
22402
904
22401
903
906
31190
908
909
898
900
22405
911
22404
910
913
31192
915
916
905
907
22408
918
22407
917
920
31194
922
923
912
914
22411
925
22410
924
927
31196
929
930
919
921
22414
932
22413
931
934
31198
936
937
926
928
22417
939
22416
938
941
31200
945
946
933
935
22420
948
22419
947
950
31202
952
953
940
942
22423
955
22422
954
943
22375
1058
957
31204
959
960
949
951
22427
962
22426
961
964
31206
966
967
956
958
22430
969
22429
968
971
31208
973
974
963
965
22433
976
22432
975
978
31210
980
981
970
972
22436
983
22435
982
985
31212
987
988
977
979
22439
990
22438
989
992
31214
994
995
984
986
22442
997
22441
996
999
31216
1001
1002
991
993
22445
1004
22444
1003
1006
31218
1008
1009
998
1000
22448
1011
22447
1010
1013
31220
1015
1016
1005
1007
22451
1018
22450
1017
1020
31222
1022
1023
1012
1014
22454
1025
22453
1024
1027
31224
1029
1030
1019
1021
22457
1032
22456
1031
1034
31226
1036
1037
1026
1028
22460
1039
22459
1038
1041
31228
1043
1044
1033
1035
22463
1046
22462
1045
1048
31230
1050
1051
1040
1042
22466
1053
22465
1052
1055
31232
1059
1060
1047
1049
22469
1062
22468
1061
1064
31234
1066
1067
1054
1056
22472
1069
22471
1068
1057
22424
1172
1071
31236
1073
1074
1063
1065
22476
1076
22475
1075
1078
31238
1080
1081
1070
1072
22479
1083
22478
1082
1085
31240
1087
1088
1077
1079
22482
1090
22481
1089
1092
31242
1094
1095
1084
1086
22485
1097
22484
1096
1099
31244
1101
1102
1091
1093
22488
1104
22487
1103
1106
31246
1108
1109
1098
1100
22491
1111
22490
1110
1113
31248
1115
1116
1105
1107
22494
1118
22493
1117
1120
31250
1122
1123
1112
1114
22497
1125
22496
1124
1127
31252
1129
1130
1119
1121
22500
1132
22499
1131
1134
31254
1136
1137
1126
1128
22503
1139
22502
1138
1141
31256
1143
1144
1133
1135
22506
1146
22505
1145
1148
31258
1150
1151
1140
1142
22509
1153
22508
1152
1155
31260
1157
1158
1147
1149
22512
1160
22511
1159
1162
31262
1164
1165
1154
1156
22515
1167
22514
1166
1169
31264
1173
1174
1161
1163
22518
1176
22517
1175
1178
31266
1180
1181
1168
1170
22521
1183
22520
1182
1171
22473
1286
1185
31268
1187
1188
1177
1179
22525
1190
22524
1189
1192
31270
1194
1195
1184
1186
22528
1197
22527
1196
1199
31272
1201
1202
1191
1193
22531
1204
22530
1203
1206
31274
1208
1209
1198
1200
22534
1211
22533
1210
1213
31276
1215
1216
1205
1207
22537
1218
22536
1217
1220
31278
1222
1223
1212
1214
22540
1225
22539
1224
1227
31280
1229
1230
1219
1221
22543
1232
22542
1231
1234
31282
1236
1237
1226
1228
22546
1239
22545
1238
1241
31284
1243
1244
1233
1235
22549
1246
22548
1245
1248
31286
1250
1251
1240
1242
22552
1253
22551
1252
1255
31288
1257
1258
1247
1249
22555
1260
22554
1259
1262
31290
1264
1265
1254
1256
22558
1267
22557
1266
1269
31292
1271
1272
1261
1263
22561
1274
22560
1273
1276
31294
1278
1279
1268
1270
22564
1281
22563
1280
1283
31296
1287
1288
1275
1277
22567
1290
22566
1289
1292
31298
1294
1295
1282
1284
22570
1297
22569
1296
1285
22522
1400
1299
31300
1301
1302
1291
1293
22574
1304
22573
1303
1306
31302
1308
1309
1298
1300
22577
1311
22576
1310
1313
31304
1315
1316
1305
1307
22580
1318
22579
1317
1320
31306
1322
1323
1312
1314
22583
1325
22582
1324
1327
31308
1329
1330
1319
1321
22586
1332
22585
1331
1334
31310
1336
1337
1326
1328
22589
1339
22588
1338
1341
31312
1343
1344
1333
1335
22592
1346
22591
1345
1348
31314
1350
1351
1340
1342
22595
1353
22594
1352
1355
31316
1357
1358
1347
1349
22598
1360
22597
1359
1362
31318
1364
1365
1354
1356
22601
1367
22600
1366
1369
31320
1371
1372
1361
1363
22604
1374
22603
1373
1376
31322
1378
1379
1368
1370
22607
1381
22606
1380
1383
31324
1385
1386
1375
1377
22610
1388
22609
1387
1390
31326
1392
1393
1382
1384
22613
1395
22612
1394
1397
31328
1401
1402
1389
1391
22616
1404
22615
1403
1406
31330
1408
1409
1396
1398
22619
1411
22618
1410
1399
22571
1514
1413
31332
1415
1416
1405
1407
22623
1418
22622
1417
1420
31334
1422
1423
1412
1414
22626
1425
22625
1424
1427
31336
1429
1430
1419
1421
22629
1432
22628
1431
1434
31338
1436
1437
1426
1428
22632
1439
22631
1438
1441
31340
1443
1444
1433
1435
22635
1446
22634
1445
1448
31342
1450
1451
1440
1442
22638
1453
22637
1452
1455
31344
1457
1458
1447
1449
22641
1460
22640
1459
1462
31346
1464
1465
1454
1456
22644
1467
22643
1466
1469
31348
1471
1472
1461
1463
22647
1474
22646
1473
1476
31350
1478
1479
1468
1470
22650
1481
22649
1480
1483
31352
1485
1486
1475
1477
22653
1488
22652
1487
1490
31354
1492
1493
1482
1484
22656
1495
22655
1494
1497
31356
1499
1500
1489
1491
22659
1502
22658
1501
1504
31358
1506
1507
1496
1498
22662
1509
22661
1508
1511
31360
1515
1516
1503
1505
22665
1518
22664
1517
1520
31362
1522
1523
1510
1512
22668
1525
22667
1524
1513
22620
1628
1527
31364
1529
1530
1519
1521
22672
1532
22671
1531
1534
31366
1536
1537
1526
1528
22675
1539
22674
1538
1541
31368
1543
1544
1533
1535
22678
1546
22677
1545
1548
31370
1550
1551
1540
1542
22681
1553
22680
1552
1555
31372
1557
1558
1547
1549
22684
1560
22683
1559
1562
31374
1564
1565
1554
1556
22687
1567
22686
1566
1569
31376
1571
1572
1561
1563
22690
1574
22689
1573
1576
31378
1578
1579
1568
1570
22693
1581
22692
1580
1583
31380
1585
1586
1575
1577
22696
1588
22695
1587
1590
31382
1592
1593
1582
1584
22699
1595
22698
1594
1597
31384
1599
1600
1589
1591
22702
1602
22701
1601
1604
31386
1606
1607
1596
1598
22705
1609
22704
1608
1611
31388
1613
1614
1603
1605
22708
1616
22707
1615
1618
31390
1620
1621
1610
1612
22711
1623
22710
1622
1625
31392
1629
1630
1617
1619
22714
1632
22713
1631
1634
31394
1636
1637
1624
1626
22717
1639
22716
1638
1627
22669
1742
1641
31396
1643
1644
1633
1635
22721
1646
22720
1645
1648
31398
1650
1651
1640
1642
22724
1653
22723
1652
1655
31400
1657
1658
1647
1649
22727
1660
22726
1659
1662
31402
1664
1665
1654
1656
22730
1667
22729
1666
1669
31404
1671
1672
1661
1663
22733
1674
22732
1673
1676
31406
1678
1679
1668
1670
22736
1681
22735
1680
1683
31408
1685
1686
1675
1677
22739
1688
22738
1687
1690
31410
1692
1693
1682
1684
22742
1695
22741
1694
1697
31412
1699
1700
1689
1691
22745
1702
22744
1701
1704
31414
1706
1707
1696
1698
22748
1709
22747
1708
1711
31416
1713
1714
1703
1705
22751
1716
22750
1715
1718
31418
1720
1721
1710
1712
22754
1723
22753
1722
1725
31420
1727
1728
1717
1719
22757
1730
22756
1729
1732
31422
1734
1735
1724
1726
22759
1736
22760
1737
1731
1733
22762
1745
22763
1746
1738
1739
1740
22765
1752
22766
1753
1747
22017
1743
1744
1754
22021
1750
1741
22718
1856
1751
1748
1749
22769
1759
22770
1760
1755
1756
22772
1766
22773
1767
1761
22025
1757
1758
1768
22029
1764
1765
1762
1763
22775
1773
22776
1774
1769
1770
22778
1780
22779
1781
1775
22033
1771
1772
1782
22037
1778
1779
1776
1777
22781
1787
22782
1788
1783
1784
22784
1794
22785
1795
1789
22041
1785
1786
1796
22045
1792
1793
1790
1791
22787
1801
22788
1802
1797
1798
22790
1808
22791
1809
1803
22049
1799
1800
1810
22053
1806
1807
1804
1805
22793
1815
22794
1816
1811
1812
22796
1822
22797
1823
1817
22057
1813
1814
1824
22061
1820
1821
1818
1819
22799
1829
22800
1830
1825
1826
22802
1836
22803
1837
1831
22065
1827
1828
1838
22069
1834
1835
1832
1833
22805
1843
22806
1844
1839
1840
22808
1850
22809
1851
1845
22073
1841
1842
1852
22077
1848
1849
1846
1847
22812
1860
22811
1859
31456
1853
30977
31424
1857
1862
1854
22815
1867
22814
1866
31426
1864
1869
1855
22767
1970
31428
1871
1858
1865
1861
1863
22819
1874
22818
1873
1872
1868
1870
22822
1881
22821
1880
1876
31430
1878
1883
31432
1885
1879
1875
1877
22825
1888
22824
1887
1886
1882
1884
22828
1895
22827
1894
1890
31434
1892
1893
1889
1891
22831
1902
22830
1901
1897
31436
1899
1904
31438
1906
1900
1896
1898
22834
1909
22833
1908
1907
1903
1905
22837
1916
22836
1915
1911
31440
1913
1914
1910
1912
22840
1923
22839
1922
1918
31442
1920
1925
31444
1927
1921
1917
1919
22843
1930
22842
1929
1928
1924
1926
22846
1937
22845
1936
1932
31446
1934
1935
1931
1933
22849
1944
22848
1943
1939
31448
1941
1946
31450
1948
1942
1938
1940
22851
1950
22852
1951
1949
1945
1947
22854
1957
22855
1958
1952
1953
1954
22858
1965
22857
1964
31452
1955
1956
1967
31458
30979
1959
1960
1961
22861
1972
22860
1971
31454
1962
1963
1974
31460
30981
1966
1968
22864
1977
22863
1976
1969
22816
2052
1979
31462
30983
1973
1975
22867
1982
22866
1981
1984
31464
30985
1978
1980
22869
1987
22868
1986
1989
31466
30987
1983
1985
22871
1992
22870
1991
1994
31468
30989
1988
1990
22873
1997
22872
1996
1999
31470
30991
1993
1995
22875
2002
22874
2001
2004
31472
30993
1998
2000
22877
2007
22876
2006
2009
31474
30995
2003
2005
22879
2012
22878
2011
2014
31476
30997
2008
2010
22881
2017
22880
2016
2019
31478
30999
2013
2015
22883
2022
22882
2021
2024
31480
31001
2018
2020
22885
2027
22884
2026
2029
31482
31003
2023
2025
22887
2032
22886
2031
2034
31484
31005
2028
2030
22889
2037
22888
2036
2039
31486
31007
2033
2035
22891
2042
22890
2041
2044
31488
31009
2038
2040
22893
2047
22892
2046
2049
31490
31011
2043
2045
22895
2054
22894
2053
2056
31492
31013
2048
2050
22897
2059
22896
2058
2051
22865
2134
2061
31494
31015
2055
2057
22900
2064
22899
2063
2066
31496
31017
2060
2062
22902
2069
22901
2068
2071
31498
31019
2065
2067
22904
2074
22903
2073
2076
31500
31021
2070
2072
22906
2079
22905
2078
2081
31502
31023
2075
2077
22908
2084
22907
2083
2086
31504
31025
2080
2082
22910
2089
22909
2088
2091
31506
31027
2085
2087
22912
2094
22911
2093
2096
31508
31029
2090
2092
22914
2099
22913
2098
2101
31510
31031
2095
2097
22916
2104
22915
2103
2106
31512
31033
2100
2102
22918
2109
22917
2108
2111
31514
31035
2105
2107
22920
2114
22919
2113
2116
31516
31037
2110
2112
22922
2119
22921
2118
2121
31518
31039
2115
2117
22924
2124
22923
2123
2126
31520
31041
2120
2122
22926
2129
22925
2128
2131
31522
31043
2125
2127
22928
2136
22927
2135
2138
31524
31045
2130
2132
22930
2141
22929
2140
2133
22898
2216
2143
31526
31047
2137
2139
22933
2146
22932
2145
2148
31528
31049
2142
2144
22935
2151
22934
2150
2153
31530
31051
2147
2149
22937
2156
22936
2155
2158
31532
31053
2152
2154
22939
2161
22938
2160
2163
31534
31055
2157
2159
22941
2166
22940
2165
2168
31536
31057
2162
2164
22943
2171
22942
2170
2173
31538
31059
2167
2169
22945
2176
22944
2175
2178
31540
31061
2172
2174
22947
2181
22946
2180
2183
31542
31063
2177
2179
22949
2186
22948
2185
2188
31544
31065
2182
2184
22951
2191
22950
2190
2193
31546
31067
2187
2189
22953
2196
22952
2195
2198
31548
31069
2192
2194
22955
2201
22954
2200
2203
31550
31071
2197
2199
22957
2206
22956
2205
2208
31552
31073
2202
2204
22959
2211
22958
2210
2213
31554
31075
2207
2209
22961
2218
22960
2217
2220
31556
31077
2212
2214
22963
2223
22962
2222
2215
22931
2298
2225
31558
31079
2219
2221
22966
2228
22965
2227
2230
31560
31081
2224
2226
22968
2233
22967
2232
2235
31562
31083
2229
2231
22970
2238
22969
2237
2240
31564
31085
2234
2236
22972
2243
22971
2242
2245
31566
31087
2239
2241
22974
2248
22973
2247
2250
31568
31089
2244
2246
22976
2253
22975
2252
2255
31570
31091
2249
2251
22978
2258
22977
2257
2260
31572
31093
2254
2256
22980
2263
22979
2262
2265
31574
31095
2259
2261
22982
2268
22981
2267
2270
31576
31097
2264
2266
22984
2273
22983
2272
2275
31578
31099
2269
2271
22986
2278
22985
2277
2280
31580
31101
2274
2276
22988
2283
22987
2282
2285
31582
31103
2279
2281
22990
2288
22989
2287
2290
31584
31105
2284
2286
22992
2293
22991
2292
2295
31586
31107
2289
2291
22994
2300
22993
2299
2302
31588
31109
2294
2296
22996
2305
22995
2304
2297
22964
2380
2307
31590
31111
2301
2303
22999
2310
22998
2309
2312
31592
31113
2306
2308
23001
2315
23000
2314
2317
31594
31115
2311
2313
23003
2320
23002
2319
2322
31596
31117
2316
2318
23005
2325
23004
2324
2327
31598
31119
2321
2323
23007
2330
23006
2329
2332
31600
31121
2326
2328
23009
2335
23008
2334
2337
31602
31123
2331
2333
23011
2340
23010
2339
2342
31604
31125
2336
2338
23013
2345
23012
2344
2347
31606
31127
2341
2343
23015
2350
23014
2349
2352
31608
31129
2346
2348
23017
2355
23016
2354
2357
31610
31131
2351
2353
23019
2360
23018
2359
2362
31612
31133
2356
2358
23021
2365
23020
2364
2367
31614
31135
2361
2363
23023
2370
23022
2369
2372
31616
31137
2366
2368
23025
2375
23024
2374
2377
31618
31139
2371
2373
23027
2382
23026
2381
2384
31620
31141
2376
2378
23029
2387
23028
2386
2379
22997
2462
2389
31622
31143
2383
2385
23032
2392
23031
2391
2394
31624
31145
2388
2390
23034
2397
23033
2396
2399
31626
31147
2393
2395
23036
2402
23035
2401
2404
31628
31149
2398
2400
23038
2407
23037
2406
2409
31630
31151
2403
2405
23040
2412
23039
2411
2414
31632
31153
2408
2410
23042
2417
23041
2416
2419
31634
31155
2413
2415
23044
2422
23043
2421
2424
31636
31157
2418
2420
23046
2427
23045
2426
2429
31638
31159
2423
2425
23048
2432
23047
2431
2434
31640
31161
2428
2430
23050
2437
23049
2436
2439
31642
31163
2433
2435
23052
2442
23051
2441
2444
31644
31165
2438
2440
23054
2447
23053
2446
2449
31646
31167
2443
2445
23056
2452
23055
2451
2454
31648
31169
2448
2450
23058
2457
23057
2456
2459
31650
31171
2453
2455
23060
2464
23059
2463
2466
31652
31173
2458
2460
23062
2469
23061
2468
2461
23030
2544
2471
31654
31175
2465
2467
23065
2474
23064
2473
2476
31656
31177
2470
2472
23067
2479
23066
2478
2481
31658
31179
2475
2477
23069
2484
23068
2483
2486
31660
31181
2480
2482
23071
2489
23070
2488
2491
31662
31183
2485
2487
23073
2494
23072
2493
2496
31664
31185
2490
2492
23075
2499
23074
2498
2501
31666
31187
2495
2497
23077
2504
23076
2503
2506
31668
31189
2500
2502
23079
2509
23078
2508
2511
31670
31191
2505
2507
23081
2514
23080
2513
2516
31672
31193
2510
2512
23083
2519
23082
2518
2521
31674
31195
2515
2517
23085
2524
23084
2523
2526
31676
31197
2520
2522
23087
2529
23086
2528
2531
31678
31199
2525
2527
23089
2534
23088
2533
2536
31680
31201
2530
2532
23091
2539
23090
2538
2541
31682
31203
2535
2537
23093
2546
23092
2545
2548
31684
31205
2540
2542
23095
2551
23094
2550
2543
23063
2626
2553
31686
31207
2547
2549
23098
2556
23097
2555
2558
31688
31209
2552
2554
23100
2561
23099
2560
2563
31690
31211
2557
2559
23102
2566
23101
2565
2568
31692
31213
2562
2564
23104
2571
23103
2570
2573
31694
31215
2567
2569
23106
2576
23105
2575
2578
31696
31217
2572
2574
23108
2581
23107
2580
2583
31698
31219
2577
2579
23110
2586
23109
2585
2588
31700
31221
2582
2584
23112
2591
23111
2590
2593
31702
31223
2587
2589
23114
2596
23113
2595
2598
31704
31225
2592
2594
23116
2601
23115
2600
2603
31706
31227
2597
2599
23118
2606
23117
2605
2608
31708
31229
2602
2604
23120
2611
23119
2610
2613
31710
31231
2607
2609
23122
2616
23121
2615
2618
31712
31233
2612
2614
23124
2621
23123
2620
2623
31714
31235
2617
2619
23126
2628
23125
2627
2630
31716
31237
2622
2624
23128
2633
23127
2632
2625
23096
2708
2635
31718
31239
2629
2631
23131
2638
23130
2637
2640
31720
31241
2634
2636
23133
2643
23132
2642
2645
31722
31243
2639
2641
23135
2648
23134
2647
2650
31724
31245
2644
2646
23137
2653
23136
2652
2655
31726
31247
2649
2651
23139
2658
23138
2657
2660
31728
31249
2654
2656
23141
2663
23140
2662
2665
31730
31251
2659
2661
23143
2668
23142
2667
2670
31732
31253
2664
2666
23145
2673
23144
2672
2675
31734
31255
2669
2671
23147
2678
23146
2677
2680
31736
31257
2674
2676
23149
2683
23148
2682
2685
31738
31259
2679
2681
23151
2688
23150
2687
2690
31740
31261
2684
2686
23153
2693
23152
2692
2695
31742
31263
2689
2691
23155
2698
23154
2697
2700
31744
31265
2694
2696
23157
2703
23156
2702
2705
31746
31267
2699
2701
23159
2710
23158
2709
2712
31748
31269
2704
2706
23161
2715
23160
2714
2707
23129
2790
2717
31750
31271
2711
2713
23164
2720
23163
2719
2722
31752
31273
2716
2718
23166
2725
23165
2724
2727
31754
31275
2721
2723
23168
2730
23167
2729
2732
31756
31277
2726
2728
23170
2735
23169
2734
2737
31758
31279
2731
2733
23172
2740
23171
2739
2742
31760
31281
2736
2738
23174
2745
23173
2744
2747
31762
31283
2741
2743
23176
2750
23175
2749
2752
31764
31285
2746
2748
23178
2755
23177
2754
2757
31766
31287
2751
2753
23180
2760
23179
2759
2762
31768
31289
2756
2758
23182
2765
23181
2764
2767
31770
31291
2761
2763
23184
2770
23183
2769
2772
31772
31293
2766
2768
23186
2775
23185
2774
2777
31774
31295
2771
2773
23188
2780
23187
2779
2782
31776
31297
2776
2778
23190
2785
23189
2784
2787
31778
31299
2781
2783
23192
2792
23191
2791
2794
31780
31301
2786
2788
23194
2797
23193
2796
2789
23162
2872
2799
31782
31303
2793
2795
23197
2802
23196
2801
2804
31784
31305
2798
2800
23199
2807
23198
2806
2809
31786
31307
2803
2805
23201
2812
23200
2811
2814
31788
31309
2808
2810
23203
2817
23202
2816
2819
31790
31311
2813
2815
23205
2822
23204
2821
2824
31792
31313
2818
2820
23207
2827
23206
2826
2829
31794
31315
2823
2825
23209
2832
23208
2831
2834
31796
31317
2828
2830
23211
2837
23210
2836
2839
31798
31319
2833
2835
23213
2842
23212
2841
2844
31800
31321
2838
2840
23215
2847
23214
2846
2849
31802
31323
2843
2845
23217
2852
23216
2851
2854
31804
31325
2848
2850
23219
2857
23218
2856
2859
31806
31327
2853
2855
23221
2862
23220
2861
2864
31808
31329
2858
2860
23223
2867
23222
2866
2869
31810
31331
2863
2865
23225
2874
23224
2873
2876
31812
31333
2868
2870
23227
2879
23226
2878
2871
23195
2954
2881
31814
31335
2875
2877
23230
2884
23229
2883
2886
31816
31337
2880
2882
23232
2889
23231
2888
2891
31818
31339
2885
2887
23234
2894
23233
2893
2896
31820
31341
2890
2892
23236
2899
23235
2898
2901
31822
31343
2895
2897
23238
2904
23237
2903
2906
31824
31345
2900
2902
23240
2909
23239
2908
2911
31826
31347
2905
2907
23242
2914
23241
2913
2916
31828
31349
2910
2912
23244
2919
23243
2918
2921
31830
31351
2915
2917
23246
2924
23245
2923
2926
31832
31353
2920
2922
23248
2929
23247
2928
2931
31834
31355
2925
2927
23250
2934
23249
2933
2936
31836
31357
2930
2932
23252
2939
23251
2938
2941
31838
31359
2935
2937
23254
2944
23253
2943
2946
31840
31361
2940
2942
23256
2949
23255
2948
2951
31842
31363
2945
2947
23258
2956
23257
2955
2958
31844
31365
2950
2952
23260
2961
23259
2960
2953
23228
3036
2963
31846
31367
2957
2959
23263
2966
23262
2965
2968
31848
31369
2962
2964
23265
2971
23264
2970
2973
31850
31371
2967
2969
23267
2976
23266
2975
2978
31852
31373
2972
2974
23269
2981
23268
2980
2983
31854
31375
2977
2979
23271
2986
23270
2985
2988
31856
31377
2982
2984
23273
2991
23272
2990
2993
31858
31379
2987
2989
23275
2996
23274
2995
2998
31860
31381
2992
2994
23277
3001
23276
3000
3003
31862
31383
2997
2999
23279
3006
23278
3005
3008
31864
31385
3002
3004
23281
3011
23280
3010
3013
31866
31387
3007
3009
23283
3016
23282
3015
3018
31868
31389
3012
3014
23285
3021
23284
3020
3023
31870
31391
3017
3019
23287
3026
23286
3025
3028
31872
31393
3022
3024
23289
3031
23288
3030
3033
31874
31395
3027
3029
23291
3038
23290
3037
3040
31876
31397
3032
3034
23293
3043
23292
3042
3035
23261
3118
3045
31878
31399
3039
3041
23296
3048
23295
3047
3050
31880
31401
3044
3046
23298
3053
23297
3052
3055
31882
31403
3049
3051
23300
3058
23299
3057
3060
31884
31405
3054
3056
23302
3063
23301
3062
3065
31886
31407
3059
3061
23304
3068
23303
3067
3070
31888
31409
3064
3066
23306
3073
23305
3072
3075
31890
31411
3069
3071
23308
3078
23307
3077
3080
31892
31413
3074
3076
23310
3083
23309
3082
3085
31894
31415
3079
3081
23312
3088
23311
3087
3090
31896
31417
3084
3086
23314
3093
23313
3092
3095
31898
31419
3089
3091
23316
3098
23315
3097
3100
31900
31421
3094
3096
23318
3103
23317
3102
3105
31902
31423
3099
3101
23319
3107
23320
3108
3104
3106
23321
3112
23322
3113
3109
3110
3111
23323
3119
23324
3120
3114
3115
3116
23325
3124
23326
3125
3121
22817
3122
31457
3123
23328
3129
23329
3130
3126
22820
3117
23294
3200
3127
3128
23330
3134
23331
3135
3131
22823
3201
3132
3133
23332
3139
23333
3140
3136
22826
3137
31425
3138
23334
3144
23335
3145
3141
22829
3208
3142
3143
23336
3149
23337
3150
3146
22832
3147
3148
23338
3154
23339
3155
3151
22835
3215
3152
31427
3153
23340
3159
23341
3160
3156
22838
3157
3158
23342
3164
23343
3165
3161
22841
3222
3162
3163
23344
3169
23345
3170
3166
22844
3167
3202
3168
23346
3174
23347
3175
3171
22847
3229
3172
3173
23348
3179
23349
3180
3176
22850
3177
3178
23350
3184
23351
3185
3181
22853
3236
3182
31429
3183
23352
3189
23353
3190
3186
22856
3187
31938
3188
23354
3194
23355
3195
3191
22859
3243
3192
31934
3193
23356
3203
23357
3204
3196
22862
3197
3209
31930
3198
23358
3210
23359
3211
3205
3206
31926
3207
23362
3217
23363
3218
3199
23327
3314
31431
3212
3213
3214
23365
3224
23366
3225
31922
3216
31433
3219
3220
3221
23368
3231
23369
3232
31918
3223
31437
3226
3227
3228
23372
3239
23371
3238
31914
31435
3241
31906
3230
31439
3233
3234
3235
23375
3246
23374
3245
31910
3237
3248
31904
3250
31441
3240
3242
23378
3253
23377
3252
3244
31443
3247
3249
23381
3260
23380
3259
3255
31908
3257
3251
31445
3254
3256
23384
3267
23383
3266
3262
31912
3264
3258
3269
31916
3271
31447
3261
3263
23387
3274
23386
3273
3265
31449
3268
3270
23390
3281
23389
3280
3276
31920
3278
3272
31451
3275
3277
23393
3288
23392
3287
3283
31924
3285
3279
3290
31928
3292
3286
3282
3284
23395
3294
23396
3295
31453
3289
3291
23398
3301
23399
3302
3293
31459
3296
3297
3298
23402
3309
23401
3308
31932
3299
31455
3311
31940
3300
31461
3303
3304
3305
23405
3316
23404
3315
31936
3306
3307
3318
31942
31463
3310
3312
23408
3321
23407
3320
3313
23360
3396
3323
31944
31465
3317
3319
23411
3326
23410
3325
3328
31946
31467
3322
3324
23413
3331
23412
3330
3333
31948
31469
3327
3329
23415
3336
23414
3335
3338
31950
31471
3332
3334
23417
3341
23416
3340
3343
31952
31473
3337
3339
23419
3346
23418
3345
3348
31954
31475
3342
3344
23421
3351
23420
3350
3353
31956
31477
3347
3349
23423
3356
23422
3355
3358
31958
31479
3352
3354
23425
3361
23424
3360
3363
31960
31481
3357
3359
23427
3366
23426
3365
3368
31962
31483
3362
3364
23429
3371
23428
3370
3373
31964
31485
3367
3369
23431
3376
23430
3375
3378
31966
31487
3372
3374
23433
3381
23432
3380
3383
31968
31489
3377
3379
23435
3386
23434
3385
3388
31970
31491
3382
3384
23437
3391
23436
3390
3393
31972
31493
3387
3389
23439
3398
23438
3397
3400
31974
31495
3392
3394
23441
3403
23440
3402
3395
23409
3478
3405
31976
31497
3399
3401
23444
3408
23443
3407
3410
31978
31499
3404
3406
23446
3413
23445
3412
3415
31980
31501
3409
3411
23448
3418
23447
3417
3420
31982
31503
3414
3416
23450
3423
23449
3422
3425
31984
31505
3419
3421
23452
3428
23451
3427
3430
31986
31507
3424
3426
23454
3433
23453
3432
3435
31988
31509
3429
3431
23456
3438
23455
3437
3440
31990
31511
3434
3436
23458
3443
23457
3442
3445
31992
31513
3439
3441
23460
3448
23459
3447
3450
31994
31515
3444
3446
23462
3453
23461
3452
3455
31996
31517
3449
3451
23464
3458
23463
3457
3460
31998
31519
3454
3456
23466
3463
23465
3462
3465
32000
31521
3459
3461
23468
3468
23467
3467
3470
32002
31523
3464
3466
23470
3473
23469
3472
3475
32004
31525
3469
3471
23472
3480
23471
3479
3482
32006
31527
3474
3476
23474
3485
23473
3484
3477
23442
3560
3487
32008
31529
3481
3483
23477
3490
23476
3489
3492
32010
31531
3486
3488
23479
3495
23478
3494
3497
32012
31533
3491
3493
23481
3500
23480
3499
3502
32014
31535
3496
3498
23483
3505
23482
3504
3507
32016
31537
3501
3503
23485
3510
23484
3509
3512
32018
31539
3506
3508
23487
3515
23486
3514
3517
32020
31541
3511
3513
23489
3520
23488
3519
3522
32022
31543
3516
3518
23491
3525
23490
3524
3527
32024
31545
3521
3523
23493
3530
23492
3529
3532
32026
31547
3526
3528
23495
3535
23494
3534
3537
32028
31549
3531
3533
23497
3540
23496
3539
3542
32030
31551
3536
3538
23499
3545
23498
3544
3547
32032
31553
3541
3543
23501
3550
23500
3549
3552
32034
31555
3546
3548
23503
3555
23502
3554
3557
32036
31557
3551
3553
23505
3562
23504
3561
3564
32038
31559
3556
3558
23507
3567
23506
3566
3559
23475
3642
3569
32040
31561
3563
3565
23510
3572
23509
3571
3574
32042
31563
3568
3570
23512
3577
23511
3576
3579
32044
31565
3573
3575
23514
3582
23513
3581
3584
32046
31567
3578
3580
23516
3587
23515
3586
3589
32048
31569
3583
3585
23518
3592
23517
3591
3594
32050
31571
3588
3590
23520
3597
23519
3596
3599
32052
31573
3593
3595
23522
3602
23521
3601
3604
32054
31575
3598
3600
23524
3607
23523
3606
3609
32056
31577
3603
3605
23526
3612
23525
3611
3614
32058
31579
3608
3610
23528
3617
23527
3616
3619
32060
31581
3613
3615
23530
3622
23529
3621
3624
32062
31583
3618
3620
23532
3627
23531
3626
3629
32064
31585
3623
3625
23534
3632
23533
3631
3634
32066
31587
3628
3630
23536
3637
23535
3636
3639
32068
31589
3633
3635
23538
3644
23537
3643
3646
32070
31591
3638
3640
23540
3649
23539
3648
3641
23508
3724
3651
32072
31593
3645
3647
23543
3654
23542
3653
3656
32074
31595
3650
3652
23545
3659
23544
3658
3661
32076
31597
3655
3657
23547
3664
23546
3663
3666
32078
31599
3660
3662
23549
3669
23548
3668
3671
32080
31601
3665
3667
23551
3674
23550
3673
3676
32082
31603
3670
3672
23553
3679
23552
3678
3681
32084
31605
3675
3677
23555
3684
23554
3683
3686
32086
31607
3680
3682
23557
3689
23556
3688
3691
32088
31609
3685
3687
23559
3694
23558
3693
3696
32090
31611
3690
3692
23561
3699
23560
3698
3701
32092
31613
3695
3697
23563
3704
23562
3703
3706
32094
31615
3700
3702
23565
3709
23564
3708
3711
32096
31617
3705
3707
23567
3714
23566
3713
3716
32098
31619
3710
3712
23569
3719
23568
3718
3721
32100
31621
3715
3717
23571
3726
23570
3725
3728
32102
31623
3720
3722
23573
3731
23572
3730
3723
23541
3806
3733
32104
31625
3727
3729
23576
3736
23575
3735
3738
32106
31627
3732
3734
23578
3741
23577
3740
3743
32108
31629
3737
3739
23580
3746
23579
3745
3748
32110
31631
3742
3744
23582
3751
23581
3750
3753
32112
31633
3747
3749
23584
3756
23583
3755
3758
32114
31635
3752
3754
23586
3761
23585
3760
3763
32116
31637
3757
3759
23588
3766
23587
3765
3768
32118
31639
3762
3764
23590
3771
23589
3770
3773
32120
31641
3767
3769
23592
3776
23591
3775
3778
32122
31643
3772
3774
23594
3781
23593
3780
3783
32124
31645
3777
3779
23596
3786
23595
3785
3788
32126
31647
3782
3784
23598
3791
23597
3790
3793
32128
31649
3787
3789
23600
3796
23599
3795
3798
32130
31651
3792
3794
23602
3801
23601
3800
3803
32132
31653
3797
3799
23604
3808
23603
3807
3810
32134
31655
3802
3804
23606
3813
23605
3812
3805
23574
3888
3815
32136
31657
3809
3811
23609
3818
23608
3817
3820
32138
31659
3814
3816
23611
3823
23610
3822
3825
32140
31661
3819
3821
23613
3828
23612
3827
3830
32142
31663
3824
3826
23615
3833
23614
3832
3835
32144
31665
3829
3831
23617
3838
23616
3837
3840
32146
31667
3834
3836
23619
3843
23618
3842
3845
32148
31669
3839
3841
23621
3848
23620
3847
3850
32150
31671
3844
3846
23623
3853
23622
3852
3855
32152
31673
3849
3851
23625
3858
23624
3857
3860
32154
31675
3854
3856
23627
3863
23626
3862
3865
32156
31677
3859
3861
23629
3868
23628
3867
3870
32158
31679
3864
3866
23631
3873
23630
3872
3875
32160
31681
3869
3871
23633
3878
23632
3877
3880
32162
31683
3874
3876
23635
3883
23634
3882
3885
32164
31685
3879
3881
23637
3890
23636
3889
3892
32166
31687
3884
3886
23639
3895
23638
3894
3887
23607
3970
3897
32168
31689
3891
3893
23642
3900
23641
3899
3902
32170
31691
3896
3898
23644
3905
23643
3904
3907
32172
31693
3901
3903
23646
3910
23645
3909
3912
32174
31695
3906
3908
23648
3915
23647
3914
3917
32176
31697
3911
3913
23650
3920
23649
3919
3922
32178
31699
3916
3918
23652
3925
23651
3924
3927
32180
31701
3921
3923
23654
3930
23653
3929
3932
32182
31703
3926
3928
23656
3935
23655
3934
3937
32184
31705
3931
3933
23658
3940
23657
3939
3942
32186
31707
3936
3938
23660
3945
23659
3944
3947
32188
31709
3941
3943
23662
3950
23661
3949
3952
32190
31711
3946
3948
23664
3955
23663
3954
3957
32192
31713
3951
3953
23666
3960
23665
3959
3962
32194
31715
3956
3958
23668
3965
23667
3964
3967
32196
31717
3961
3963
23670
3972
23669
3971
3974
32198
31719
3966
3968
23672
3977
23671
3976
3969
23640
4052
3979
32200
31721
3973
3975
23675
3982
23674
3981
3984
32202
31723
3978
3980
23677
3987
23676
3986
3989
32204
31725
3983
3985
23679
3992
23678
3991
3994
32206
31727
3988
3990
23681
3997
23680
3996
3999
32208
31729
3993
3995
23683
4002
23682
4001
4004
32210
31731
3998
4000
23685
4007
23684
4006
4009
32212
31733
4003
4005
23687
4012
23686
4011
4014
32214
31735
4008
4010
23689
4017
23688
4016
4019
32216
31737
4013
4015
23691
4022
23690
4021
4024
32218
31739
4018
4020
23693
4027
23692
4026
4029
32220
31741
4023
4025
23695
4032
23694
4031
4034
32222
31743
4028
4030
23697
4037
23696
4036
4039
32224
31745
4033
4035
23699
4042
23698
4041
4044
32226
31747
4038
4040
23701
4047
23700
4046
4049
32228
31749
4043
4045
23703
4054
23702
4053
4056
32230
31751
4048
4050
23705
4059
23704
4058
4051
23673
4134
4061
32232
31753
4055
4057
23708
4064
23707
4063
4066
32234
31755
4060
4062
23710
4069
23709
4068
4071
32236
31757
4065
4067
23712
4074
23711
4073
4076
32238
31759
4070
4072
23714
4079
23713
4078
4081
32240
31761
4075
4077
23716
4084
23715
4083
4086
32242
31763
4080
4082
23718
4089
23717
4088
4091
32244
31765
4085
4087
23720
4094
23719
4093
4096
32246
31767
4090
4092
23722
4099
23721
4098
4101
32248
31769
4095
4097
23724
4104
23723
4103
4106
32250
31771
4100
4102
23726
4109
23725
4108
4111
32252
31773
4105
4107
23728
4114
23727
4113
4116
32254
31775
4110
4112
23730
4119
23729
4118
4121
32256
31777
4115
4117
23732
4124
23731
4123
4126
32258
31779
4120
4122
23734
4129
23733
4128
4131
32260
31781
4125
4127
23736
4136
23735
4135
4138
32262
31783
4130
4132
23738
4141
23737
4140
4133
23706
4216
4143
32264
31785
4137
4139
23741
4146
23740
4145
4148
32266
31787
4142
4144
23743
4151
23742
4150
4153
32268
31789
4147
4149
23745
4156
23744
4155
4158
32270
31791
4152
4154
23747
4161
23746
4160
4163
32272
31793
4157
4159
23749
4166
23748
4165
4168
32274
31795
4162
4164
23751
4171
23750
4170
4173
32276
31797
4167
4169
23753
4176
23752
4175
4178
32278
31799
4172
4174
23755
4181
23754
4180
4183
32280
31801
4177
4179
23757
4186
23756
4185
4188
32282
31803
4182
4184
23759
4191
23758
4190
4193
32284
31805
4187
4189
23761
4196
23760
4195
4198
32286
31807
4192
4194
23763
4201
23762
4200
4203
32288
31809
4197
4199
23765
4206
23764
4205
4208
32290
31811
4202
4204
23767
4211
23766
4210
4213
32292
31813
4207
4209
23769
4218
23768
4217
4220
32294
31815
4212
4214
23771
4223
23770
4222
4215
23739
4298
4225
32296
31817
4219
4221
23774
4228
23773
4227
4230
32298
31819
4224
4226
23776
4233
23775
4232
4235
32300
31821
4229
4231
23778
4238
23777
4237
4240
32302
31823
4234
4236
23780
4243
23779
4242
4245
32304
31825
4239
4241
23782
4248
23781
4247
4250
32306
31827
4244
4246
23784
4253
23783
4252
4255
32308
31829
4249
4251
23786
4258
23785
4257
4260
32310
31831
4254
4256
23788
4263
23787
4262
4265
32312
31833
4259
4261
23790
4268
23789
4267
4270
32314
31835
4264
4266
23792
4273
23791
4272
4275
32316
31837
4269
4271
23794
4278
23793
4277
4280
32318
31839
4274
4276
23796
4283
23795
4282
4285
32320
31841
4279
4281
23798
4288
23797
4287
4290
32322
31843
4284
4286
23800
4293
23799
4292
4295
32324
31845
4289
4291
23802
4300
23801
4299
4302
32326
31847
4294
4296
23804
4305
23803
4304
4297
23772
4380
4307
32328
31849
4301
4303
23807
4310
23806
4309
4312
32330
31851
4306
4308
23809
4315
23808
4314
4317
32332
31853
4311
4313
23811
4320
23810
4319
4322
32334
31855
4316
4318
23813
4325
23812
4324
4327
32336
31857
4321
4323
23815
4330
23814
4329
4332
32338
31859
4326
4328
23817
4335
23816
4334
4337
32340
31861
4331
4333
23819
4340
23818
4339
4342
32342
31863
4336
4338
23821
4345
23820
4344
4347
32344
31865
4341
4343
23823
4350
23822
4349
4352
32346
31867
4346
4348
23825
4355
23824
4354
4357
32348
31869
4351
4353
23827
4360
23826
4359
4362
32350
31871
4356
4358
23829
4365
23828
4364
4367
32352
31873
4361
4363
23831
4370
23830
4369
4372
32354
31875
4366
4368
23833
4375
23832
4374
4377
32356
31877
4371
4373
23835
4382
23834
4381
4384
32358
31879
4376
4378
23837
4387
23836
4386
4379
23805
4462
4389
32360
31881
4383
4385
23840
4392
23839
4391
4394
32362
31883
4388
4390
23842
4397
23841
4396
4399
32364
31885
4393
4395
23844
4402
23843
4401
4404
32366
31887
4398
4400
23846
4407
23845
4406
4409
32368
31889
4403
4405
23848
4412
23847
4411
4414
32370
31891
4408
4410
23850
4417
23849
4416
4419
32372
31893
4413
4415
23852
4422
23851
4421
4424
32374
31895
4418
4420
23854
4427
23853
4426
4429
32376
31897
4423
4425
23856
4432
23855
4431
4434
32378
31899
4428
4430
23858
4437
23857
4436
4439
32380
31901
4433
4435
23860
4442
23859
4441
4444
32382
31903
4438
4440
23861
4446
23862
4447
4443
4445
23863
4451
23864
4452
4448
4449
4450
23865
4456
23866
4457
4453
4454
4455
23867
4463
23868
4464
4458
4459
4460
23869
4468
23870
4469
4465
23361
4466
31927
4467
23872
4473
23873
4474
4470
23364
4461
23838
4544
4471
4472
23874
4478
23875
4479
4475
23367
4476
4477
23876
4483
23877
4484
4480
23370
4481
31923
4482
23878
4488
23879
4489
4485
23373
4486
4487
23880
4493
23881
4494
4490
23376
4491
4492
23882
4498
23883
4499
4495
23379
4496
31939
4497
23884
4503
23885
4504
4500
23382
4501
4502
23886
4508
23887
4509
4505
23385
4587
4506
4507
23888
4513
23889
4514
4510
23388
4580
4511
31935
4512
23890
4518
23891
4519
4515
23391
4573
4516
4517
23892
4523
23893
4524
4520
23394
4566
4521
4522
23894
4528
23895
4529
4525
23397
4559
4526
32420
31919
4527
23896
4533
23897
4534
4530
23400
4552
4531
32416
4532
23898
4538
23899
4539
4540
23406
4535
23403
4545
4536
4537
23900
4547
23901
4548
32412
31931
4546
4541
4542
23902
4554
23903
4555
32408
4543
23871
4658
4553
4549
4550
4551
23906
4561
23907
4562
32404
4560
4556
4557
4558
23909
4568
23910
4569
32400
31915
4563
4564
4565
23913
4576
23912
4575
32396
4567
31907
4570
4571
4572
23916
4583
23915
4582
32392
31911
4585
32384
4574
4578
32388
31905
4577
4579
23919
4590
23918
4589
4581
4592
32386
4594
31909
4584
4586
23922
4597
23921
4596
4588
31913
4591
4593
23925
4604
23924
4603
4599
32390
4601
4595
31917
4598
4600
23928
4611
23927
4610
4606
32394
4608
4602
4613
32398
4615
31921
4605
4607
23931
4618
23930
4617
4609
31925
4612
4614
23934
4625
23933
4624
4620
32402
4622
4616
31929
4619
4621
23937
4632
23936
4631
4627
32406
4629
4623
4634
32410
4636
4630
4626
4628
23939
4638
23940
4639
31933
4633
4635
23942
4645
23943
4646
4637
31941
4640
4641
4642
23946
4653
23945
4652
32414
4643
31937
4655
32422
4644
31943
4647
4648
4649
23949
4660
23948
4659
32418
4650
4651
4662
32424
31945
4654
4656
23952
4665
23951
4664
4657
23904
4740
4667
32426
31947
4661
4663
23955
4670
23954
4669
4672
32428
31949
4666
4668
23957
4675
23956
4674
4677
32430
31951
4671
4673
23959
4680
23958
4679
4682
32432
31953
4676
4678
23961
4685
23960
4684
4687
32434
31955
4681
4683
23963
4690
23962
4689
4692
32436
31957
4686
4688
23965
4695
23964
4694
4697
32438
31959
4691
4693
23967
4700
23966
4699
4702
32440
31961
4696
4698
23969
4705
23968
4704
4707
32442
31963
4701
4703
23971
4710
23970
4709
4712
32444
31965
4706
4708
23973
4715
23972
4714
4717
32446
31967
4711
4713
23975
4720
23974
4719
4722
32448
31969
4716
4718
23977
4725
23976
4724
4727
32450
31971
4721
4723
23979
4730
23978
4729
4732
32452
31973
4726
4728
23981
4735
23980
4734
4737
32454
31975
4731
4733
23983
4742
23982
4741
4744
32456
31977
4736
4738
23985
4747
23984
4746
4739
23953
4822
4749
32458
31979
4743
4745
23988
4752
23987
4751
4754
32460
31981
4748
4750
23990
4757
23989
4756
4759
32462
31983
4753
4755
23992
4762
23991
4761
4764
32464
31985
4758
4760
23994
4767
23993
4766
4769
32466
31987
4763
4765
23996
4772
23995
4771
4774
32468
31989
4768
4770
23998
4777
23997
4776
4779
32470
31991
4773
4775
24000
4782
23999
4781
4784
32472
31993
4778
4780
24002
4787
24001
4786
4789
32474
31995
4783
4785
24004
4792
24003
4791
4794
32476
31997
4788
4790
24006
4797
24005
4796
4799
32478
31999
4793
4795
24008
4802
24007
4801
4804
32480
32001
4798
4800
24010
4807
24009
4806
4809
32482
32003
4803
4805
24012
4812
24011
4811
4814
32484
32005
4808
4810
24014
4817
24013
4816
4819
32486
32007
4813
4815
24016
4824
24015
4823
4826
32488
32009
4818
4820
24018
4829
24017
4828
4821
23986
4904
4831
32490
32011
4825
4827
24021
4834
24020
4833
4836
32492
32013
4830
4832
24023
4839
24022
4838
4841
32494
32015
4835
4837
24025
4844
24024
4843
4846
32496
32017
4840
4842
24027
4849
24026
4848
4851
32498
32019
4845
4847
24029
4854
24028
4853
4856
32500
32021
4850
4852
24031
4859
24030
4858
4861
32502
32023
4855
4857
24033
4864
24032
4863
4866
32504
32025
4860
4862
24035
4869
24034
4868
4871
32506
32027
4865
4867
24037
4874
24036
4873
4876
32508
32029
4870
4872
24039
4879
24038
4878
4881
32510
32031
4875
4877
24041
4884
24040
4883
4886
32512
32033
4880
4882
24043
4889
24042
4888
4891
32514
32035
4885
4887
24045
4894
24044
4893
4896
32516
32037
4890
4892
24047
4899
24046
4898
4901
32518
32039
4895
4897
24049
4906
24048
4905
4908
32520
32041
4900
4902
24051
4911
24050
4910
4903
24019
4986
4913
32522
32043
4907
4909
24054
4916
24053
4915
4918
32524
32045
4912
4914
24056
4921
24055
4920
4923
32526
32047
4917
4919
24058
4926
24057
4925
4928
32528
32049
4922
4924
24060
4931
24059
4930
4933
32530
32051
4927
4929
24062
4936
24061
4935
4938
32532
32053
4932
4934
24064
4941
24063
4940
4943
32534
32055
4937
4939
24066
4946
24065
4945
4948
32536
32057
4942
4944
24068
4951
24067
4950
4953
32538
32059
4947
4949
24070
4956
24069
4955
4958
32540
32061
4952
4954
24072
4961
24071
4960
4963
32542
32063
4957
4959
24074
4966
24073
4965
4968
32544
32065
4962
4964
24076
4971
24075
4970
4973
32546
32067
4967
4969
24078
4976
24077
4975
4978
32548
32069
4972
4974
24080
4981
24079
4980
4983
32550
32071
4977
4979
24082
4988
24081
4987
4990
32552
32073
4982
4984
24084
4993
24083
4992
4985
24052
5068
4995
32554
32075
4989
4991
24087
4998
24086
4997
5000
32556
32077
4994
4996
24089
5003
24088
5002
5005
32558
32079
4999
5001
24091
5008
24090
5007
5010
32560
32081
5004
5006
24093
5013
24092
5012
5015
32562
32083
5009
5011
24095
5018
24094
5017
5020
32564
32085
5014
5016
24097
5023
24096
5022
5025
32566
32087
5019
5021
24099
5028
24098
5027
5030
32568
32089
5024
5026
24101
5033
24100
5032
5035
32570
32091
5029
5031
24103
5038
24102
5037
5040
32572
32093
5034
5036
24105
5043
24104
5042
5045
32574
32095
5039
5041
24107
5048
24106
5047
5050
32576
32097
5044
5046
24109
5053
24108
5052
5055
32578
32099
5049
5051
24111
5058
24110
5057
5060
32580
32101
5054
5056
24113
5063
24112
5062
5065
32582
32103
5059
5061
24115
5070
24114
5069
5072
32584
32105
5064
5066
24117
5075
24116
5074
5067
24085
5150
5077
32586
32107
5071
5073
24120
5080
24119
5079
5082
32588
32109
5076
5078
24122
5085
24121
5084
5087
32590
32111
5081
5083
24124
5090
24123
5089
5092
32592
32113
5086
5088
24126
5095
24125
5094
5097
32594
32115
5091
5093
24128
5100
24127
5099
5102
32596
32117
5096
5098
24130
5105
24129
5104
5107
32598
32119
5101
5103
24132
5110
24131
5109
5112
32600
32121
5106
5108
24134
5115
24133
5114
5117
32602
32123
5111
5113
24136
5120
24135
5119
5122
32604
32125
5116
5118
24138
5125
24137
5124
5127
32606
32127
5121
5123
24140
5130
24139
5129
5132
32608
32129
5126
5128
24142
5135
24141
5134
5137
32610
32131
5131
5133
24144
5140
24143
5139
5142
32612
32133
5136
5138
24146
5145
24145
5144
5147
32614
32135
5141
5143
24148
5152
24147
5151
5154
32616
32137
5146
5148
24150
5157
24149
5156
5149
24118
5232
5159
32618
32139
5153
5155
24153
5162
24152
5161
5164
32620
32141
5158
5160
24155
5167
24154
5166
5169
32622
32143
5163
5165
24157
5172
24156
5171
5174
32624
32145
5168
5170
24159
5177
24158
5176
5179
32626
32147
5173
5175
24161
5182
24160
5181
5184
32628
32149
5178
5180
24163
5187
24162
5186
5189
32630
32151
5183
5185
24165
5192
24164
5191
5194
32632
32153
5188
5190
24167
5197
24166
5196
5199
32634
32155
5193
5195
24169
5202
24168
5201
5204
32636
32157
5198
5200
24171
5207
24170
5206
5209
32638
32159
5203
5205
24173
5212
24172
5211
5214
32640
32161
5208
5210
24175
5217
24174
5216
5219
32642
32163
5213
5215
24177
5222
24176
5221
5224
32644
32165
5218
5220
24179
5227
24178
5226
5229
32646
32167
5223
5225
24181
5234
24180
5233
5236
32648
32169
5228
5230
24183
5239
24182
5238
5231
24151
5314
5241
32650
32171
5235
5237
24186
5244
24185
5243
5246
32652
32173
5240
5242
24188
5249
24187
5248
5251
32654
32175
5245
5247
24190
5254
24189
5253
5256
32656
32177
5250
5252
24192
5259
24191
5258
5261
32658
32179
5255
5257
24194
5264
24193
5263
5266
32660
32181
5260
5262
24196
5269
24195
5268
5271
32662
32183
5265
5267
24198
5274
24197
5273
5276
32664
32185
5270
5272
24200
5279
24199
5278
5281
32666
32187
5275
5277
24202
5284
24201
5283
5286
32668
32189
5280
5282
24204
5289
24203
5288
5291
32670
32191
5285
5287
24206
5294
24205
5293
5296
32672
32193
5290
5292
24208
5299
24207
5298
5301
32674
32195
5295
5297
24210
5304
24209
5303
5306
32676
32197
5300
5302
24212
5309
24211
5308
5311
32678
32199
5305
5307
24214
5316
24213
5315
5318
32680
32201
5310
5312
24216
5321
24215
5320
5313
24184
5396
5323
32682
32203
5317
5319
24219
5326
24218
5325
5328
32684
32205
5322
5324
24221
5331
24220
5330
5333
32686
32207
5327
5329
24223
5336
24222
5335
5338
32688
32209
5332
5334
24225
5341
24224
5340
5343
32690
32211
5337
5339
24227
5346
24226
5345
5348
32692
32213
5342
5344
24229
5351
24228
5350
5353
32694
32215
5347
5349
24231
5356
24230
5355
5358
32696
32217
5352
5354
24233
5361
24232
5360
5363
32698
32219
5357
5359
24235
5366
24234
5365
5368
32700
32221
5362
5364
24237
5371
24236
5370
5373
32702
32223
5367
5369
24239
5376
24238
5375
5378
32704
32225
5372
5374
24241
5381
24240
5380
5383
32706
32227
5377
5379
24243
5386
24242
5385
5388
32708
32229
5382
5384
24245
5391
24244
5390
5393
32710
32231
5387
5389
24247
5398
24246
5397
5400
32712
32233
5392
5394
24249
5403
24248
5402
5395
24217
5478
5405
32714
32235
5399
5401
24252
5408
24251
5407
5410
32716
32237
5404
5406
24254
5413
24253
5412
5415
32718
32239
5409
5411
24256
5418
24255
5417
5420
32720
32241
5414
5416
24258
5423
24257
5422
5425
32722
32243
5419
5421
24260
5428
24259
5427
5430
32724
32245
5424
5426
24262
5433
24261
5432
5435
32726
32247
5429
5431
24264
5438
24263
5437
5440
32728
32249
5434
5436
24266
5443
24265
5442
5445
32730
32251
5439
5441
24268
5448
24267
5447
5450
32732
32253
5444
5446
24270
5453
24269
5452
5455
32734
32255
5449
5451
24272
5458
24271
5457
5460
32736
32257
5454
5456
24274
5463
24273
5462
5465
32738
32259
5459
5461
24276
5468
24275
5467
5470
32740
32261
5464
5466
24278
5473
24277
5472
5475
32742
32263
5469
5471
24280
5480
24279
5479
5482
32744
32265
5474
5476
24282
5485
24281
5484
5477
24250
5560
5487
32746
32267
5481
5483
24285
5490
24284
5489
5492
32748
32269
5486
5488
24287
5495
24286
5494
5497
32750
32271
5491
5493
24289
5500
24288
5499
5502
32752
32273
5496
5498
24291
5505
24290
5504
5507
32754
32275
5501
5503
24293
5510
24292
5509
5512
32756
32277
5506
5508
24295
5515
24294
5514
5517
32758
32279
5511
5513
24297
5520
24296
5519
5522
32760
32281
5516
5518
24299
5525
24298
5524
5527
32762
32283
5521
5523
24301
5530
24300
5529
5532
32764
32285
5526
5528
24303
5535
24302
5534
5537
32766
32287
5531
5533
24305
5540
24304
5539
5542
32768
32289
5536
5538
24307
5545
24306
5544
5547
32770
32291
5541
5543
24309
5550
24308
5549
5552
32772
32293
5546
5548
24311
5555
24310
5554
5557
32774
32295
5551
5553
24313
5562
24312
5561
5564
32776
32297
5556
5558
24315
5567
24314
5566
5559
24283
5642
5569
32778
32299
5563
5565
24318
5572
24317
5571
5574
32780
32301
5568
5570
24320
5577
24319
5576
5579
32782
32303
5573
5575
24322
5582
24321
5581
5584
32784
32305
5578
5580
24324
5587
24323
5586
5589
32786
32307
5583
5585
24326
5592
24325
5591
5594
32788
32309
5588
5590
24328
5597
24327
5596
5599
32790
32311
5593
5595
24330
5602
24329
5601
5604
32792
32313
5598
5600
24332
5607
24331
5606
5609
32794
32315
5603
5605
24334
5612
24333
5611
5614
32796
32317
5608
5610
24336
5617
24335
5616
5619
32798
32319
5613
5615
24338
5622
24337
5621
5624
32800
32321
5618
5620
24340
5627
24339
5626
5629
32802
32323
5623
5625
24342
5632
24341
5631
5634
32804
32325
5628
5630
24344
5637
24343
5636
5639
32806
32327
5633
5635
24346
5644
24345
5643
5646
32808
32329
5638
5640
24348
5649
24347
5648
5641
24316
5724
5651
32810
32331
5645
5647
24351
5654
24350
5653
5656
32812
32333
5650
5652
24353
5659
24352
5658
5661
32814
32335
5655
5657
24355
5664
24354
5663
5666
32816
32337
5660
5662
24357
5669
24356
5668
5671
32818
32339
5665
5667
24359
5674
24358
5673
5676
32820
32341
5670
5672
24361
5679
24360
5678
5681
32822
32343
5675
5677
24363
5684
24362
5683
5686
32824
32345
5680
5682
24365
5689
24364
5688
5691
32826
32347
5685
5687
24367
5694
24366
5693
5696
32828
32349
5690
5692
24369
5699
24368
5698
5701
32830
32351
5695
5697
24371
5704
24370
5703
5706
32832
32353
5700
5702
24373
5709
24372
5708
5711
32834
32355
5705
5707
24375
5714
24374
5713
5716
32836
32357
5710
5712
24377
5719
24376
5718
5721
32838
32359
5715
5717
24379
5726
24378
5725
5728
32840
32361
5720
5722
24381
5731
24380
5730
5723
24349
5806
5733
32842
32363
5727
5729
24384
5736
24383
5735
5738
32844
32365
5732
5734
24386
5741
24385
5740
5743
32846
32367
5737
5739
24388
5746
24387
5745
5748
32848
32369
5742
5744
24390
5751
24389
5750
5753
32850
32371
5747
5749
24392
5756
24391
5755
5758
32852
32373
5752
5754
24394
5761
24393
5760
5763
32854
32375
5757
5759
24396
5766
24395
5765
5768
32856
32377
5762
5764
24398
5771
24397
5770
5773
32858
32379
5767
5769
24400
5776
24399
5775
5778
32860
32381
5772
5774
24402
5781
24401
5780
5783
32862
32383
5777
5779
24403
5785
24404
5786
5782
5784
24405
5790
24406
5791
5787
5788
5789
24407
5795
24408
5796
5792
5793
5794
24409
5800
24410
5801
5797
5798
5799
24411
5807
24412
5808
5802
5803
5804
24413
5812
24414
5813
5809
23905
5810
32413
5811
24416
5817
24417
5818
5814
23908
5889
5805
24382
5888
5815
5816
24418
5822
24419
5823
5819
23911
5896
5820
5821
24420
5827
24421
5828
5824
23914
5903
5825
5890
5826
24422
5832
24423
5833
5829
23917
5910
5830
5831
24424
5837
24425
5838
5834
23920
5917
5835
5897
5836
24426
5842
24427
5843
5839
23923
5840
5841
24428
5847
24429
5848
5844
23926
5845
5846
24430
5852
24431
5853
5849
23929
5850
32421
5851
24432
5857
24433
5858
5854
23932
5855
5856
24434
5862
24435
5863
5859
23935
5860
5861
24436
5867
24437
5868
5864
23938
5865
32902
32405
5866
24438
5872
24439
5873
5874
23944
5869
23941
5870
5871
24440
5877
24441
5878
32898
5879
23947
32417
32409
5875
5876
24442
5882
24443
5883
5880
32890
32894
5881
24444
5891
24445
5892
5884
23950
5924
32401
5885
5886
24446
5898
24447
5899
5893
32886
5894
32882
5895
24450
5905
24451
5906
5900
5887
24415
6002
32397
5901
5902
24453
5912
24454
5913
32878
5904
32389
5907
5908
5909
24457
5920
24456
5919
32874
32393
5922
32866
5911
32385
5914
5915
5916
24460
5927
24459
5926
32870
5918
32387
5921
5923
24463
5934
24462
5933
5929
32864
5931
5925
5936
32868
5938
32391
5928
5930
24466
5941
24465
5940
5932
32395
5935
5937
24469
5948
24468
5947
5943
32872
5945
5939
32399
5942
5944
24472
5955
24471
5954
5950
32876
5952
5946
5957
32880
5959
32403
5949
5951
24475
5962
24474
5961
5953
32407
5956
5958
24478
5969
24477
5968
5964
32884
5966
5960
32411
5963
5965
24481
5976
24480
5975
5971
32888
5973
5967
5978
32892
5980
5974
5970
5972
24483
5982
24484
5983
32415
5977
5979
24486
5989
24487
5990
5981
32423
5984
5985
5986
24490
5997
24489
5996
32896
5987
32419
5999
32904
5988
32425
5991
5992
5993
24493
6004
24492
6003
32900
5994
5995
6006
32906
32427
5998
6000
24496
6009
24495
6008
6001
24448
6084
6011
32908
32429
6005
6007
24499
6014
24498
6013
6016
32910
32431
6010
6012
24501
6019
24500
6018
6021
32912
32433
6015
6017
24503
6024
24502
6023
6026
32914
32435
6020
6022
24505
6029
24504
6028
6031
32916
32437
6025
6027
24507
6034
24506
6033
6036
32918
32439
6030
6032
24509
6039
24508
6038
6041
32920
32441
6035
6037
24511
6044
24510
6043
6046
32922
32443
6040
6042
24513
6049
24512
6048
6051
32924
32445
6045
6047
24515
6054
24514
6053
6056
32926
32447
6050
6052
24517
6059
24516
6058
6061
32928
32449
6055
6057
24519
6064
24518
6063
6066
32930
32451
6060
6062
24521
6069
24520
6068
6071
32932
32453
6065
6067
24523
6074
24522
6073
6076
32934
32455
6070
6072
24525
6079
24524
6078
6081
32936
32457
6075
6077
24527
6086
24526
6085
6088
32938
32459
6080
6082
24529
6091
24528
6090
6083
24497
6166
6093
32940
32461
6087
6089
24532
6096
24531
6095
6098
32942
32463
6092
6094
24534
6101
24533
6100
6103
32944
32465
6097
6099
24536
6106
24535
6105
6108
32946
32467
6102
6104
24538
6111
24537
6110
6113
32948
32469
6107
6109
24540
6116
24539
6115
6118
32950
32471
6112
6114
24542
6121
24541
6120
6123
32952
32473
6117
6119
24544
6126
24543
6125
6128
32954
32475
6122
6124
24546
6131
24545
6130
6133
32956
32477
6127
6129
24548
6136
24547
6135
6138
32958
32479
6132
6134
24550
6141
24549
6140
6143
32960
32481
6137
6139
24552
6146
24551
6145
6148
32962
32483
6142
6144
24554
6151
24553
6150
6153
32964
32485
6147
6149
24556
6156
24555
6155
6158
32966
32487
6152
6154
24558
6161
24557
6160
6163
32968
32489
6157
6159
24560
6168
24559
6167
6170
32970
32491
6162
6164
24562
6173
24561
6172
6165
24530
6248
6175
32972
32493
6169
6171
24565
6178
24564
6177
6180
32974
32495
6174
6176
24567
6183
24566
6182
6185
32976
32497
6179
6181
24569
6188
24568
6187
6190
32978
32499
6184
6186
24571
6193
24570
6192
6195
32980
32501
6189
6191
24573
6198
24572
6197
6200
32982
32503
6194
6196
24575
6203
24574
6202
6205
32984
32505
6199
6201
24577
6208
24576
6207
6210
32986
32507
6204
6206
24579
6213
24578
6212
6215
32988
32509
6209
6211
24581
6218
24580
6217
6220
32990
32511
6214
6216
24583
6223
24582
6222
6225
32992
32513
6219
6221
24585
6228
24584
6227
6230
32994
32515
6224
6226
24587
6233
24586
6232
6235
32996
32517
6229
6231
24589
6238
24588
6237
6240
32998
32519
6234
6236
24591
6243
24590
6242
6245
33000
32521
6239
6241
24593
6250
24592
6249
6252
33002
32523
6244
6246
24595
6255
24594
6254
6247
24563
6330
6257
33004
32525
6251
6253
24598
6260
24597
6259
6262
33006
32527
6256
6258
24600
6265
24599
6264
6267
33008
32529
6261
6263
24602
6270
24601
6269
6272
33010
32531
6266
6268
24604
6275
24603
6274
6277
33012
32533
6271
6273
24606
6280
24605
6279
6282
33014
32535
6276
6278
24608
6285
24607
6284
6287
33016
32537
6281
6283
24610
6290
24609
6289
6292
33018
32539
6286
6288
24612
6295
24611
6294
6297
33020
32541
6291
6293
24614
6300
24613
6299
6302
33022
32543
6296
6298
24616
6305
24615
6304
6307
33024
32545
6301
6303
24618
6310
24617
6309
6312
33026
32547
6306
6308
24620
6315
24619
6314
6317
33028
32549
6311
6313
24622
6320
24621
6319
6322
33030
32551
6316
6318
24624
6325
24623
6324
6327
33032
32553
6321
6323
24626
6332
24625
6331
6334
33034
32555
6326
6328
24628
6337
24627
6336
6329
24596
6412
6339
33036
32557
6333
6335
24631
6342
24630
6341
6344
33038
32559
6338
6340
24633
6347
24632
6346
6349
33040
32561
6343
6345
24635
6352
24634
6351
6354
33042
32563
6348
6350
24637
6357
24636
6356
6359
33044
32565
6353
6355
24639
6362
24638
6361
6364
33046
32567
6358
6360
24641
6367
24640
6366
6369
33048
32569
6363
6365
24643
6372
24642
6371
6374
33050
32571
6368
6370
24645
6377
24644
6376
6379
33052
32573
6373
6375
24647
6382
24646
6381
6384
33054
32575
6378
6380
24649
6387
24648
6386
6389
33056
32577
6383
6385
24651
6392
24650
6391
6394
33058
32579
6388
6390
24653
6397
24652
6396
6399
33060
32581
6393
6395
24655
6402
24654
6401
6404
33062
32583
6398
6400
24657
6407
24656
6406
6409
33064
32585
6403
6405
24659
6414
24658
6413
6416
33066
32587
6408
6410
24661
6419
24660
6418
6411
24629
6494
6421
33068
32589
6415
6417
24664
6424
24663
6423
6426
33070
32591
6420
6422
24666
6429
24665
6428
6431
33072
32593
6425
6427
24668
6434
24667
6433
6436
33074
32595
6430
6432
24670
6439
24669
6438
6441
33076
32597
6435
6437
24672
6444
24671
6443
6446
33078
32599
6440
6442
24674
6449
24673
6448
6451
33080
32601
6445
6447
24676
6454
24675
6453
6456
33082
32603
6450
6452
24678
6459
24677
6458
6461
33084
32605
6455
6457
24680
6464
24679
6463
6466
33086
32607
6460
6462
24682
6469
24681
6468
6471
33088
32609
6465
6467
24684
6474
24683
6473
6476
33090
32611
6470
6472
24686
6479
24685
6478
6481
33092
32613
6475
6477
24688
6484
24687
6483
6486
33094
32615
6480
6482
24690
6489
24689
6488
6491
33096
32617
6485
6487
24692
6496
24691
6495
6498
33098
32619
6490
6492
24694
6501
24693
6500
6493
24662
6576
6503
33100
32621
6497
6499
24697
6506
24696
6505
6508
33102
32623
6502
6504
24699
6511
24698
6510
6513
33104
32625
6507
6509
24701
6516
24700
6515
6518
33106
32627
6512
6514
24703
6521
24702
6520
6523
33108
32629
6517
6519
24705
6526
24704
6525
6528
33110
32631
6522
6524
24707
6531
24706
6530
6533
33112
32633
6527
6529
24709
6536
24708
6535
6538
33114
32635
6532
6534
24711
6541
24710
6540
6543
33116
32637
6537
6539
24713
6546
24712
6545
6548
33118
32639
6542
6544
24715
6551
24714
6550
6553
33120
32641
6547
6549
24717
6556
24716
6555
6558
33122
32643
6552
6554
24719
6561
24718
6560
6563
33124
32645
6557
6559
24721
6566
24720
6565
6568
33126
32647
6562
6564
24723
6571
24722
6570
6573
33128
32649
6567
6569
24725
6578
24724
6577
6580
33130
32651
6572
6574
24727
6583
24726
6582
6575
24695
6658
6585
33132
32653
6579
6581
24730
6588
24729
6587
6590
33134
32655
6584
6586
24732
6593
24731
6592
6595
33136
32657
6589
6591
24734
6598
24733
6597
6600
33138
32659
6594
6596
24736
6603
24735
6602
6605
33140
32661
6599
6601
24738
6608
24737
6607
6610
33142
32663
6604
6606
24740
6613
24739
6612
6615
33144
32665
6609
6611
24742
6618
24741
6617
6620
33146
32667
6614
6616
24744
6623
24743
6622
6625
33148
32669
6619
6621
24746
6628
24745
6627
6630
33150
32671
6624
6626
24748
6633
24747
6632
6635
33152
32673
6629
6631
24750
6638
24749
6637
6640
33154
32675
6634
6636
24752
6643
24751
6642
6645
33156
32677
6639
6641
24754
6648
24753
6647
6650
33158
32679
6644
6646
24756
6653
24755
6652
6655
33160
32681
6649
6651
24758
6660
24757
6659
6662
33162
32683
6654
6656
24760
6665
24759
6664
6657
24728
6740
6667
33164
32685
6661
6663
24763
6670
24762
6669
6672
33166
32687
6666
6668
24765
6675
24764
6674
6677
33168
32689
6671
6673
24767
6680
24766
6679
6682
33170
32691
6676
6678
24769
6685
24768
6684
6687
33172
32693
6681
6683
24771
6690
24770
6689
6692
33174
32695
6686
6688
24773
6695
24772
6694
6697
33176
32697
6691
6693
24775
6700
24774
6699
6702
33178
32699
6696
6698
24777
6705
24776
6704
6707
33180
32701
6701
6703
24779
6710
24778
6709
6712
33182
32703
6706
6708
24781
6715
24780
6714
6717
33184
32705
6711
6713
24783
6720
24782
6719
6722
33186
32707
6716
6718
24785
6725
24784
6724
6727
33188
32709
6721
6723
24787
6730
24786
6729
6732
33190
32711
6726
6728
24789
6735
24788
6734
6737
33192
32713
6731
6733
24791
6742
24790
6741
6744
33194
32715
6736
6738
24793
6747
24792
6746
6739
24761
6822
6749
33196
32717
6743
6745
24796
6752
24795
6751
6754
33198
32719
6748
6750
24798
6757
24797
6756
6759
33200
32721
6753
6755
24800
6762
24799
6761
6764
33202
32723
6758
6760
24802
6767
24801
6766
6769
33204
32725
6763
6765
24804
6772
24803
6771
6774
33206
32727
6768
6770
24806
6777
24805
6776
6779
33208
32729
6773
6775
24808
6782
24807
6781
6784
33210
32731
6778
6780
24810
6787
24809
6786
6789
33212
32733
6783
6785
24812
6792
24811
6791
6794
33214
32735
6788
6790
24814
6797
24813
6796
6799
33216
32737
6793
6795
24816
6802
24815
6801
6804
33218
32739
6798
6800
24818
6807
24817
6806
6809
33220
32741
6803
6805
24820
6812
24819
6811
6814
33222
32743
6808
6810
24822
6817
24821
6816
6819
33224
32745
6813
6815
24824
6824
24823
6823
6826
33226
32747
6818
6820
24826
6829
24825
6828
6821
24794
6904
6831
33228
32749
6825
6827
24829
6834
24828
6833
6836
33230
32751
6830
6832
24831
6839
24830
6838
6841
33232
32753
6835
6837
24833
6844
24832
6843
6846
33234
32755
6840
6842
24835
6849
24834
6848
6851
33236
32757
6845
6847
24837
6854
24836
6853
6856
33238
32759
6850
6852
24839
6859
24838
6858
6861
33240
32761
6855
6857
24841
6864
24840
6863
6866
33242
32763
6860
6862
24843
6869
24842
6868
6871
33244
32765
6865
6867
24845
6874
24844
6873
6876
33246
32767
6870
6872
24847
6879
24846
6878
6881
33248
32769
6875
6877
24849
6884
24848
6883
6886
33250
32771
6880
6882
24851
6889
24850
6888
6891
33252
32773
6885
6887
24853
6894
24852
6893
6896
33254
32775
6890
6892
24855
6899
24854
6898
6901
33256
32777
6895
6897
24857
6906
24856
6905
6908
33258
32779
6900
6902
24859
6911
24858
6910
6903
24827
6986
6913
33260
32781
6907
6909
24862
6916
24861
6915
6918
33262
32783
6912
6914
24864
6921
24863
6920
6923
33264
32785
6917
6919
24866
6926
24865
6925
6928
33266
32787
6922
6924
24868
6931
24867
6930
6933
33268
32789
6927
6929
24870
6936
24869
6935
6938
33270
32791
6932
6934
24872
6941
24871
6940
6943
33272
32793
6937
6939
24874
6946
24873
6945
6948
33274
32795
6942
6944
24876
6951
24875
6950
6953
33276
32797
6947
6949
24878
6956
24877
6955
6958
33278
32799
6952
6954
24880
6961
24879
6960
6963
33280
32801
6957
6959
24882
6966
24881
6965
6968
33282
32803
6962
6964
24884
6971
24883
6970
6973
33284
32805
6967
6969
24886
6976
24885
6975
6978
33286
32807
6972
6974
24888
6981
24887
6980
6983
33288
32809
6977
6979
24890
6988
24889
6987
6990
33290
32811
6982
6984
24892
6993
24891
6992
6985
24860
7068
6995
33292
32813
6989
6991
24895
6998
24894
6997
7000
33294
32815
6994
6996
24897
7003
24896
7002
7005
33296
32817
6999
7001
24899
7008
24898
7007
7010
33298
32819
7004
7006
24901
7013
24900
7012
7015
33300
32821
7009
7011
24903
7018
24902
7017
7020
33302
32823
7014
7016
24905
7023
24904
7022
7025
33304
32825
7019
7021
24907
7028
24906
7027
7030
33306
32827
7024
7026
24909
7033
24908
7032
7035
33308
32829
7029
7031
24911
7038
24910
7037
7040
33310
32831
7034
7036
24913
7043
24912
7042
7045
33312
32833
7039
7041
24915
7048
24914
7047
7050
33314
32835
7044
7046
24917
7053
24916
7052
7055
33316
32837
7049
7051
24919
7058
24918
7057
7060
33318
32839
7054
7056
24921
7063
24920
7062
7065
33320
32841
7059
7061
24923
7070
24922
7069
7072
33322
32843
7064
7066
24925
7075
24924
7074
7067
24893
7150
7077
33324
32845
7071
7073
24928
7080
24927
7079
7082
33326
32847
7076
7078
24930
7085
24929
7084
7087
33328
32849
7081
7083
24932
7090
24931
7089
7092
33330
32851
7086
7088
24934
7095
24933
7094
7097
33332
32853
7091
7093
24936
7100
24935
7099
7102
33334
32855
7096
7098
24938
7105
24937
7104
7107
33336
32857
7101
7103
24940
7110
24939
7109
7112
33338
32859
7106
7108
24942
7115
24941
7114
7117
33340
32861
7111
7113
24944
7120
24943
7119
7122
33342
32863
7116
7118
24945
7124
24946
7125
7121
7123
24947
7129
24948
7130
7126
7127
7128
24949
7134
24950
7135
7131
7132
7133
24951
7139
24952
7140
7136
7137
7138
24953
7144
24954
7145
7141
7142
7143
24955
7151
24956
7152
7146
7147
7148
24957
7156
24958
7157
7153
24449
7154
32883
7155
24960
7161
24961
7162
7158
24452
7149
24926
7232
7159
7160
24962
7166
24963
7167
7163
24455
7164
7165
24964
7171
24965
7172
7168
24458
7169
32879
7170
24966
7176
24967
7177
7173
24461
7174
7175
24968
7181
24969
7182
7178
24464
7179
7180
24970
7186
24971
7187
7183
24467
7184
32899
7185
24972
7191
24973
7192
7188
24470
7189
7190
24974
7196
24975
7197
7193
24473
7261
7194
7195
24976
7201
24977
7202
7198
24476
7254
7199
32903
7200
24978
7206
24979
7207
7203
24479
7247
7204
33384
7205
24980
7211
24981
7212
7208
24482
7240
7209
32895
7210
24982
7216
24983
7217
7213
24485
7233
33380
7214
33376
7215
24984
7221
24985
7222
7223
24491
7218
24488
32891
7219
7220
24986
7226
24987
7227
33372
32887
7224
7225
24988
7235
24989
7236
7228
24494
7268
33368
7234
7229
7230
24990
7242
24991
7243
33364
7231
24959
7346
7241
7237
7238
7239
24994
7249
24995
7250
33360
32875
7244
7245
7246
24998
7257
24997
7256
33356
7248
32867
7251
7252
7253
25001
7264
25000
7263
33352
32871
7266
33344
7255
7259
33348
32865
7258
7260
25004
7271
25003
7270
7262
32869
7265
7267
25007
7278
25006
7277
7273
33346
7275
7269
7280
33350
7282
32873
7272
7274
25010
7285
25009
7284
7276
32877
7279
7281
25013
7292
25012
7291
7287
33354
7289
7283
32881
7286
7288
25016
7299
25015
7298
7294
33358
7296
7290
7301
33362
7303
32885
7293
7295
25019
7306
25018
7305
7297
32889
7300
7302
25022
7313
25021
7312
7308
33366
7310
7304
32893
7307
7309
25025
7320
25024
7319
7315
33370
7317
7311
7322
33374
7324
7318
7314
7316
25027
7326
25028
7327
32897
7321
7323
25030
7333
25031
7334
7325
32905
7328
7329
7330
25034
7341
25033
7340
33378
7331
32901
7343
33386
7332
32907
7335
7336
7337
25037
7348
25036
7347
33382
7338
7339
7350
33388
32909
7342
7344
25040
7353
25039
7352
7345
24992
7428
7355
33390
32911
7349
7351
25043
7358
25042
7357
7360
33392
32913
7354
7356
25045
7363
25044
7362
7365
33394
32915
7359
7361
25047
7368
25046
7367
7370
33396
32917
7364
7366
25049
7373
25048
7372
7375
33398
32919
7369
7371
25051
7378
25050
7377
7380
33400
32921
7374
7376
25053
7383
25052
7382
7385
33402
32923
7379
7381
25055
7388
25054
7387
7390
33404
32925
7384
7386
25057
7393
25056
7392
7395
33406
32927
7389
7391
25059
7398
25058
7397
7400
33408
32929
7394
7396
25061
7403
25060
7402
7405
33410
32931
7399
7401
25063
7408
25062
7407
7410
33412
32933
7404
7406
25065
7413
25064
7412
7415
33414
32935
7409
7411
25067
7418
25066
7417
7420
33416
32937
7414
7416
25069
7423
25068
7422
7425
33418
32939
7419
7421
25071
7430
25070
7429
7432
33420
32941
7424
7426
25073
7435
25072
7434
7427
25041
7510
7437
33422
32943
7431
7433
25076
7440
25075
7439
7442
33424
32945
7436
7438
25078
7445
25077
7444
7447
33426
32947
7441
7443
25080
7450
25079
7449
7452
33428
32949
7446
7448
25082
7455
25081
7454
7457
33430
32951
7451
7453
25084
7460
25083
7459
7462
33432
32953
7456
7458
25086
7465
25085
7464
7467
33434
32955
7461
7463
25088
7470
25087
7469
7472
33436
32957
7466
7468
25090
7475
25089
7474
7477
33438
32959
7471
7473
25092
7480
25091
7479
7482
33440
32961
7476
7478
25094
7485
25093
7484
7487
33442
32963
7481
7483
25096
7490
25095
7489
7492
33444
32965
7486
7488
25098
7495
25097
7494
7497
33446
32967
7491
7493
25100
7500
25099
7499
7502
33448
32969
7496
7498
25102
7505
25101
7504
7507
33450
32971
7501
7503
25104
7512
25103
7511
7514
33452
32973
7506
7508
25106
7517
25105
7516
7509
25074
7592
7519
33454
32975
7513
7515
25109
7522
25108
7521
7524
33456
32977
7518
7520
25111
7527
25110
7526
7529
33458
32979
7523
7525
25113
7532
25112
7531
7534
33460
32981
7528
7530
25115
7537
25114
7536
7539
33462
32983
7533
7535
25117
7542
25116
7541
7544
33464
32985
7538
7540
25119
7547
25118
7546
7549
33466
32987
7543
7545
25121
7552
25120
7551
7554
33468
32989
7548
7550
25123
7557
25122
7556
7559
33470
32991
7553
7555
25125
7562
25124
7561
7564
33472
32993
7558
7560
25127
7567
25126
7566
7569
33474
32995
7563
7565
25129
7572
25128
7571
7574
33476
32997
7568
7570
25131
7577
25130
7576
7579
33478
32999
7573
7575
25133
7582
25132
7581
7584
33480
33001
7578
7580
25135
7587
25134
7586
7589
33482
33003
7583
7585
25137
7594
25136
7593
7596
33484
33005
7588
7590
25139
7599
25138
7598
7591
25107
7674
7601
33486
33007
7595
7597
25142
7604
25141
7603
7606
33488
33009
7600
7602
25144
7609
25143
7608
7611
33490
33011
7605
7607
25146
7614
25145
7613
7616
33492
33013
7610
7612
25148
7619
25147
7618
7621
33494
33015
7615
7617
25150
7624
25149
7623
7626
33496
33017
7620
7622
25152
7629
25151
7628
7631
33498
33019
7625
7627
25154
7634
25153
7633
7636
33500
33021
7630
7632
25156
7639
25155
7638
7641
33502
33023
7635
7637
25158
7644
25157
7643
7646
33504
33025
7640
7642
25160
7649
25159
7648
7651
33506
33027
7645
7647
25162
7654
25161
7653
7656
33508
33029
7650
7652
25164
7659
25163
7658
7661
33510
33031
7655
7657
25166
7664
25165
7663
7666
33512
33033
7660
7662
25168
7669
25167
7668
7671
33514
33035
7665
7667
25170
7676
25169
7675
7678
33516
33037
7670
7672
25172
7681
25171
7680
7673
25140
7756
7683
33518
33039
7677
7679
25175
7686
25174
7685
7688
33520
33041
7682
7684
25177
7691
25176
7690
7693
33522
33043
7687
7689
25179
7696
25178
7695
7698
33524
33045
7692
7694
25181
7701
25180
7700
7703
33526
33047
7697
7699
25183
7706
25182
7705
7708
33528
33049
7702
7704
25185
7711
25184
7710
7713
33530
33051
7707
7709
25187
7716
25186
7715
7718
33532
33053
7712
7714
25189
7721
25188
7720
7723
33534
33055
7717
7719
25191
7726
25190
7725
7728
33536
33057
7722
7724
25193
7731
25192
7730
7733
33538
33059
7727
7729
25195
7736
25194
7735
7738
33540
33061
7732
7734
25197
7741
25196
7740
7743
33542
33063
7737
7739
25199
7746
25198
7745
7748
33544
33065
7742
7744
25201
7751
25200
7750
7753
33546
33067
7747
7749
25203
7758
25202
7757
7760
33548
33069
7752
7754
25205
7763
25204
7762
7755
25173
7838
7765
33550
33071
7759
7761
25208
7768
25207
7767
7770
33552
33073
7764
7766
25210
7773
25209
7772
7775
33554
33075
7769
7771
25212
7778
25211
7777
7780
33556
33077
7774
7776
25214
7783
25213
7782
7785
33558
33079
7779
7781
25216
7788
25215
7787
7790
33560
33081
7784
7786
25218
7793
25217
7792
7795
33562
33083
7789
7791
25220
7798
25219
7797
7800
33564
33085
7794
7796
25222
7803
25221
7802
7805
33566
33087
7799
7801
25224
7808
25223
7807
7810
33568
33089
7804
7806
25226
7813
25225
7812
7815
33570
33091
7809
7811
25228
7818
25227
7817
7820
33572
33093
7814
7816
25230
7823
25229
7822
7825
33574
33095
7819
7821
25232
7828
25231
7827
7830
33576
33097
7824
7826
25234
7833
25233
7832
7835
33578
33099
7829
7831
25236
7840
25235
7839
7842
33580
33101
7834
7836
25238
7845
25237
7844
7837
25206
7920
7847
33582
33103
7841
7843
25241
7850
25240
7849
7852
33584
33105
7846
7848
25243
7855
25242
7854
7857
33586
33107
7851
7853
25245
7860
25244
7859
7862
33588
33109
7856
7858
25247
7865
25246
7864
7867
33590
33111
7861
7863
25249
7870
25248
7869
7872
33592
33113
7866
7868
25251
7875
25250
7874
7877
33594
33115
7871
7873
25253
7880
25252
7879
7882
33596
33117
7876
7878
25255
7885
25254
7884
7887
33598
33119
7881
7883
25257
7890
25256
7889
7892
33600
33121
7886
7888
25259
7895
25258
7894
7897
33602
33123
7891
7893
25261
7900
25260
7899
7902
33604
33125
7896
7898
25263
7905
25262
7904
7907
33606
33127
7901
7903
25265
7910
25264
7909
7912
33608
33129
7906
7908
25267
7915
25266
7914
7917
33610
33131
7911
7913
25269
7922
25268
7921
7924
33612
33133
7916
7918
25271
7927
25270
7926
7919
25239
8002
7929
33614
33135
7923
7925
25274
7932
25273
7931
7934
33616
33137
7928
7930
25276
7937
25275
7936
7939
33618
33139
7933
7935
25278
7942
25277
7941
7944
33620
33141
7938
7940
25280
7947
25279
7946
7949
33622
33143
7943
7945
25282
7952
25281
7951
7954
33624
33145
7948
7950
25284
7957
25283
7956
7959
33626
33147
7953
7955
25286
7962
25285
7961
7964
33628
33149
7958
7960
25288
7967
25287
7966
7969
33630
33151
7963
7965
25290
7972
25289
7971
7974
33632
33153
7968
7970
25292
7977
25291
7976
7979
33634
33155
7973
7975
25294
7982
25293
7981
7984
33636
33157
7978
7980
25296
7987
25295
7986
7989
33638
33159
7983
7985
25298
7992
25297
7991
7994
33640
33161
7988
7990
25300
7997
25299
7996
7999
33642
33163
7993
7995
25302
8004
25301
8003
8006
33644
33165
7998
8000
25304
8009
25303
8008
8001
25272
8084
8011
33646
33167
8005
8007
25307
8014
25306
8013
8016
33648
33169
8010
8012
25309
8019
25308
8018
8021
33650
33171
8015
8017
25311
8024
25310
8023
8026
33652
33173
8020
8022
25313
8029
25312
8028
8031
33654
33175
8025
8027
25315
8034
25314
8033
8036
33656
33177
8030
8032
25317
8039
25316
8038
8041
33658
33179
8035
8037
25319
8044
25318
8043
8046
33660
33181
8040
8042
25321
8049
25320
8048
8051
33662
33183
8045
8047
25323
8054
25322
8053
8056
33664
33185
8050
8052
25325
8059
25324
8058
8061
33666
33187
8055
8057
25327
8064
25326
8063
8066
33668
33189
8060
8062
25329
8069
25328
8068
8071
33670
33191
8065
8067
25331
8074
25330
8073
8076
33672
33193
8070
8072
25333
8079
25332
8078
8081
33674
33195
8075
8077
25335
8086
25334
8085
8088
33676
33197
8080
8082
25337
8091
25336
8090
8083
25305
8166
8093
33678
33199
8087
8089
25340
8096
25339
8095
8098
33680
33201
8092
8094
25342
8101
25341
8100
8103
33682
33203
8097
8099
25344
8106
25343
8105
8108
33684
33205
8102
8104
25346
8111
25345
8110
8113
33686
33207
8107
8109
25348
8116
25347
8115
8118
33688
33209
8112
8114
25350
8121
25349
8120
8123
33690
33211
8117
8119
25352
8126
25351
8125
8128
33692
33213
8122
8124
25354
8131
25353
8130
8133
33694
33215
8127
8129
25356
8136
25355
8135
8138
33696
33217
8132
8134
25358
8141
25357
8140
8143
33698
33219
8137
8139
25360
8146
25359
8145
8148
33700
33221
8142
8144
25362
8151
25361
8150
8153
33702
33223
8147
8149
25364
8156
25363
8155
8158
33704
33225
8152
8154
25366
8161
25365
8160
8163
33706
33227
8157
8159
25368
8168
25367
8167
8170
33708
33229
8162
8164
25370
8173
25369
8172
8165
25338
8248
8175
33710
33231
8169
8171
25373
8178
25372
8177
8180
33712
33233
8174
8176
25375
8183
25374
8182
8185
33714
33235
8179
8181
25377
8188
25376
8187
8190
33716
33237
8184
8186
25379
8193
25378
8192
8195
33718
33239
8189
8191
25381
8198
25380
8197
8200
33720
33241
8194
8196
25383
8203
25382
8202
8205
33722
33243
8199
8201
25385
8208
25384
8207
8210
33724
33245
8204
8206
25387
8213
25386
8212
8215
33726
33247
8209
8211
25389
8218
25388
8217
8220
33728
33249
8214
8216
25391
8223
25390
8222
8225
33730
33251
8219
8221
25393
8228
25392
8227
8230
33732
33253
8224
8226
25395
8233
25394
8232
8235
33734
33255
8229
8231
25397
8238
25396
8237
8240
33736
33257
8234
8236
25399
8243
25398
8242
8245
33738
33259
8239
8241
25401
8250
25400
8249
8252
33740
33261
8244
8246
25403
8255
25402
8254
8247
25371
8330
8257
33742
33263
8251
8253
25406
8260
25405
8259
8262
33744
33265
8256
8258
25408
8265
25407
8264
8267
33746
33267
8261
8263
25410
8270
25409
8269
8272
33748
33269
8266
8268
25412
8275
25411
8274
8277
33750
33271
8271
8273
25414
8280
25413
8279
8282
33752
33273
8276
8278
25416
8285
25415
8284
8287
33754
33275
8281
8283
25418
8290
25417
8289
8292
33756
33277
8286
8288
25420
8295
25419
8294
8297
33758
33279
8291
8293
25422
8300
25421
8299
8302
33760
33281
8296
8298
25424
8305
25423
8304
8307
33762
33283
8301
8303
25426
8310
25425
8309
8312
33764
33285
8306
8308
25428
8315
25427
8314
8317
33766
33287
8311
8313
25430
8320
25429
8319
8322
33768
33289
8316
8318
25432
8325
25431
8324
8327
33770
33291
8321
8323
25434
8332
25433
8331
8334
33772
33293
8326
8328
25436
8337
25435
8336
8329
25404
8412
8339
33774
33295
8333
8335
25439
8342
25438
8341
8344
33776
33297
8338
8340
25441
8347
25440
8346
8349
33778
33299
8343
8345
25443
8352
25442
8351
8354
33780
33301
8348
8350
25445
8357
25444
8356
8359
33782
33303
8353
8355
25447
8362
25446
8361
8364
33784
33305
8358
8360
25449
8367
25448
8366
8369
33786
33307
8363
8365
25451
8372
25450
8371
8374
33788
33309
8368
8370
25453
8377
25452
8376
8379
33790
33311
8373
8375
25455
8382
25454
8381
8384
33792
33313
8378
8380
25457
8387
25456
8386
8389
33794
33315
8383
8385
25459
8392
25458
8391
8394
33796
33317
8388
8390
25461
8397
25460
8396
8399
33798
33319
8393
8395
25463
8402
25462
8401
8404
33800
33321
8398
8400
25465
8407
25464
8406
8409
33802
33323
8403
8405
25467
8414
25466
8413
8416
33804
33325
8408
8410
25469
8419
25468
8418
8411
25437
8494
8421
33806
33327
8415
8417
25472
8424
25471
8423
8426
33808
33329
8420
8422
25474
8429
25473
8428
8431
33810
33331
8425
8427
25476
8434
25475
8433
8436
33812
33333
8430
8432
25478
8439
25477
8438
8441
33814
33335
8435
8437
25480
8444
25479
8443
8446
33816
33337
8440
8442
25482
8449
25481
8448
8451
33818
33339
8445
8447
25484
8454
25483
8453
8456
33820
33341
8450
8452
25486
8459
25485
8458
8461
33822
33343
8455
8457
25487
8463
25488
8464
8460
8462
25489
8468
25490
8469
8465
8466
8467
25491
8473
25492
8474
8470
8471
8472
25493
8478
25494
8479
8475
8476
8477
25495
8483
25496
8484
8480
8481
8482
25497
8488
25498
8489
8485
8486
8487
25499
8495
25500
8496
8490
8491
8492
25501
8500
25502
8501
8497
24993
8498
33369
8499
25504
8505
25505
8506
8502
24996
8577
8493
25470
8576
8503
8504
25506
8510
25507
8511
8507
24999
8584
8508
8509
25508
8515
25509
8516
8512
25002
8591
8513
8578
8514
25510
8520
25511
8521
8517
25005
8598
8518
8519
25512
8525
25513
8526
8522
25008
8523
33381
8524
25514
8530
25515
8531
8527
25011
8528
8529
25516
8535
25517
8536
8532
25014
8533
8534
25518
8540
25519
8541
8537
25017
8538
8539
25520
8545
25521
8546
8542
25020
33385
8543
33866
8544
25522
8550
25523
8551
8547
25023
8548
33365
8549
25524
8555
25525
8556
33862
8557
25029
8552
25026
8553
8554
25526
8560
25527
8561
33858
8562
25032
33377
33373
8558
8559
25528
8565
25529
8566
33854
33361
8563
8564
25530
8570
25531
8571
8567
25035
8605
33850
8568
33846
8572
25038
8569
25532
8579
25533
8580
8573
33842
8574
25534
8586
25535
8587
8581
33357
8582
8575
25503
8690
8583
25539
8594
25538
8593
33838
8585
33349
8588
8589
8590
25542
8601
25541
8600
33834
33353
8603
33826
8592
8596
33830
33345
8595
8597
25545
8608
25544
8607
8599
33347
8602
8604
25548
8615
25547
8614
8610
33824
8612
8606
33351
8609
8611
25551
8622
25550
8621
8617
33828
8619
8613
8624
33832
8626
33355
8616
8618
25554
8629
25553
8628
8620
33359
8623
8625
25557
8636
25556
8635
8631
33836
8633
8627
33363
8630
8632
25560
8643
25559
8642
8638
33840
8640
8634
8645
33844
8647
33367
8637
8639
25563
8650
25562
8649
8641
33371
8644
8646
25566
8657
25565
8656
8652
33848
8654
8648
33375
8651
8653
25569
8664
25568
8663
8659
33852
8661
8655
8666
33856
8668
8662
8658
8660
25571
8670
25572
8671
33379
8665
8667
25574
8677
25575
8678
8669
33387
8672
8673
8674
25578
8685
25577
8684
33860
8675
33383
8687
33868
8676
33389
8679
8680
8681
25581
8692
25580
8691
33864
8682
8683
8694
33870
33391
8686
8688
25584
8697
25583
8696
8689
25536
8772
8699
33872
33393
8693
8695
25587
8702
25586
8701
8704
33874
33395
8698
8700
25589
8707
25588
8706
8709
33876
33397
8703
8705
25591
8712
25590
8711
8714
33878
33399
8708
8710
25593
8717
25592
8716
8719
33880
33401
8713
8715
25595
8722
25594
8721
8724
33882
33403
8718
8720
25597
8727
25596
8726
8729
33884
33405
8723
8725
25599
8732
25598
8731
8734
33886
33407
8728
8730
25601
8737
25600
8736
8739
33888
33409
8733
8735
25603
8742
25602
8741
8744
33890
33411
8738
8740
25605
8747
25604
8746
8749
33892
33413
8743
8745
25607
8752
25606
8751
8754
33894
33415
8748
8750
25609
8757
25608
8756
8759
33896
33417
8753
8755
25611
8762
25610
8761
8764
33898
33419
8758
8760
25613
8767
25612
8766
8769
33900
33421
8763
8765
25615
8774
25614
8773
8776
33902
33423
8768
8770
25617
8779
25616
8778
8771
25585
8854
8781
33904
33425
8775
8777
25620
8784
25619
8783
8786
33906
33427
8780
8782
25622
8789
25621
8788
8791
33908
33429
8785
8787
25624
8794
25623
8793
8796
33910
33431
8790
8792
25626
8799
25625
8798
8801
33912
33433
8795
8797
25628
8804
25627
8803
8806
33914
33435
8800
8802
25630
8809
25629
8808
8811
33916
33437
8805
8807
25632
8814
25631
8813
8816
33918
33439
8810
8812
25634
8819
25633
8818
8821
33920
33441
8815
8817
25636
8824
25635
8823
8826
33922
33443
8820
8822
25638
8829
25637
8828
8831
33924
33445
8825
8827
25640
8834
25639
8833
8836
33926
33447
8830
8832
25642
8839
25641
8838
8841
33928
33449
8835
8837
25644
8844
25643
8843
8846
33930
33451
8840
8842
25646
8849
25645
8848
8851
33932
33453
8845
8847
25648
8856
25647
8855
8858
33934
33455
8850
8852
25650
8861
25649
8860
8853
25618
8936
8863
33936
33457
8857
8859
25653
8866
25652
8865
8868
33938
33459
8862
8864
25655
8871
25654
8870
8873
33940
33461
8867
8869
25657
8876
25656
8875
8878
33942
33463
8872
8874
25659
8881
25658
8880
8883
33944
33465
8877
8879
25661
8886
25660
8885
8888
33946
33467
8882
8884
25663
8891
25662
8890
8893
33948
33469
8887
8889
25665
8896
25664
8895
8898
33950
33471
8892
8894
25667
8901
25666
8900
8903
33952
33473
8897
8899
25669
8906
25668
8905
8908
33954
33475
8902
8904
25671
8911
25670
8910
8913
33956
33477
8907
8909
25673
8916
25672
8915
8918
33958
33479
8912
8914
25675
8921
25674
8920
8923
33960
33481
8917
8919
25677
8926
25676
8925
8928
33962
33483
8922
8924
25679
8931
25678
8930
8933
33964
33485
8927
8929
25681
8938
25680
8937
8940
33966
33487
8932
8934
25683
8943
25682
8942
8935
25651
9018
8945
33968
33489
8939
8941
25686
8948
25685
8947
8950
33970
33491
8944
8946
25688
8953
25687
8952
8955
33972
33493
8949
8951
25690
8958
25689
8957
8960
33974
33495
8954
8956
25692
8963
25691
8962
8965
33976
33497
8959
8961
25694
8968
25693
8967
8970
33978
33499
8964
8966
25696
8973
25695
8972
8975
33980
33501
8969
8971
25698
8978
25697
8977
8980
33982
33503
8974
8976
25700
8983
25699
8982
8985
33984
33505
8979
8981
25702
8988
25701
8987
8990
33986
33507
8984
8986
25704
8993
25703
8992
8995
33988
33509
8989
8991
25706
8998
25705
8997
9000
33990
33511
8994
8996
25708
9003
25707
9002
9005
33992
33513
8999
9001
25710
9008
25709
9007
9010
33994
33515
9004
9006
25712
9013
25711
9012
9015
33996
33517
9009
9011
25714
9020
25713
9019
9022
33998
33519
9014
9016
25716
9025
25715
9024
9017
25684
9100
9027
34000
33521
9021
9023
25719
9030
25718
9029
9032
34002
33523
9026
9028
25721
9035
25720
9034
9037
34004
33525
9031
9033
25723
9040
25722
9039
9042
34006
33527
9036
9038
25725
9045
25724
9044
9047
34008
33529
9041
9043
25727
9050
25726
9049
9052
34010
33531
9046
9048
25729
9055
25728
9054
9057
34012
33533
9051
9053
25731
9060
25730
9059
9062
34014
33535
9056
9058
25733
9065
25732
9064
9067
34016
33537
9061
9063
25735
9070
25734
9069
9072
34018
33539
9066
9068
25737
9075
25736
9074
9077
34020
33541
9071
9073
25739
9080
25738
9079
9082
34022
33543
9076
9078
25741
9085
25740
9084
9087
34024
33545
9081
9083
25743
9090
25742
9089
9092
34026
33547
9086
9088
25745
9095
25744
9094
9097
34028
33549
9091
9093
25747
9102
25746
9101
9104
34030
33551
9096
9098
25749
9107
25748
9106
9099
25717
9182
9109
34032
33553
9103
9105
25752
9112
25751
9111
9114
34034
33555
9108
9110
25754
9117
25753
9116
9119
34036
33557
9113
9115
25756
9122
25755
9121
9124
34038
33559
9118
9120
25758
9127
25757
9126
9129
34040
33561
9123
9125
25760
9132
25759
9131
9134
34042
33563
9128
9130
25762
9137
25761
9136
9139
34044
33565
9133
9135
25764
9142
25763
9141
9144
34046
33567
9138
9140
25766
9147
25765
9146
9149
34048
33569
9143
9145
25768
9152
25767
9151
9154
34050
33571
9148
9150
25770
9157
25769
9156
9159
34052
33573
9153
9155
25772
9162
25771
9161
9164
34054
33575
9158
9160
25774
9167
25773
9166
9169
34056
33577
9163
9165
25776
9172
25775
9171
9174
34058
33579
9168
9170
25778
9177
25777
9176
9179
34060
33581
9173
9175
25780
9184
25779
9183
9186
34062
33583
9178
9180
25782
9189
25781
9188
9181
25750
9264
9191
34064
33585
9185
9187
25785
9194
25784
9193
9196
34066
33587
9190
9192
25787
9199
25786
9198
9201
34068
33589
9195
9197
25789
9204
25788
9203
9206
34070
33591
9200
9202
25791
9209
25790
9208
9211
34072
33593
9205
9207
25793
9214
25792
9213
9216
34074
33595
9210
9212
25795
9219
25794
9218
9221
34076
33597
9215
9217
25797
9224
25796
9223
9226
34078
33599
9220
9222
25799
9229
25798
9228
9231
34080
33601
9225
9227
25801
9234
25800
9233
9236
34082
33603
9230
9232
25803
9239
25802
9238
9241
34084
33605
9235
9237
25805
9244
25804
9243
9246
34086
33607
9240
9242
25807
9249
25806
9248
9251
34088
33609
9245
9247
25809
9254
25808
9253
9256
34090
33611
9250
9252
25811
9259
25810
9258
9261
34092
33613
9255
9257
25813
9266
25812
9265
9268
34094
33615
9260
9262
25815
9271
25814
9270
9263
25783
9346
9273
34096
33617
9267
9269
25818
9276
25817
9275
9278
34098
33619
9272
9274
25820
9281
25819
9280
9283
34100
33621
9277
9279
25822
9286
25821
9285
9288
34102
33623
9282
9284
25824
9291
25823
9290
9293
34104
33625
9287
9289
25826
9296
25825
9295
9298
34106
33627
9292
9294
25828
9301
25827
9300
9303
34108
33629
9297
9299
25830
9306
25829
9305
9308
34110
33631
9302
9304
25832
9311
25831
9310
9313
34112
33633
9307
9309
25834
9316
25833
9315
9318
34114
33635
9312
9314
25836
9321
25835
9320
9323
34116
33637
9317
9319
25838
9326
25837
9325
9328
34118
33639
9322
9324
25840
9331
25839
9330
9333
34120
33641
9327
9329
25842
9336
25841
9335
9338
34122
33643
9332
9334
25844
9341
25843
9340
9343
34124
33645
9337
9339
25846
9348
25845
9347
9350
34126
33647
9342
9344
25848
9353
25847
9352
9345
25816
9428
9355
34128
33649
9349
9351
25851
9358
25850
9357
9360
34130
33651
9354
9356
25853
9363
25852
9362
9365
34132
33653
9359
9361
25855
9368
25854
9367
9370
34134
33655
9364
9366
25857
9373
25856
9372
9375
34136
33657
9369
9371
25859
9378
25858
9377
9380
34138
33659
9374
9376
25861
9383
25860
9382
9385
34140
33661
9379
9381
25863
9388
25862
9387
9390
34142
33663
9384
9386
25865
9393
25864
9392
9395
34144
33665
9389
9391
25867
9398
25866
9397
9400
34146
33667
9394
9396
25869
9403
25868
9402
9405
34148
33669
9399
9401
25871
9408
25870
9407
9410
34150
33671
9404
9406
25873
9413
25872
9412
9415
34152
33673
9409
9411
25875
9418
25874
9417
9420
34154
33675
9414
9416
25877
9423
25876
9422
9425
34156
33677
9419
9421
25879
9430
25878
9429
9432
34158
33679
9424
9426
25881
9435
25880
9434
9427
25849
9510
9437
34160
33681
9431
9433
25884
9440
25883
9439
9442
34162
33683
9436
9438
25886
9445
25885
9444
9447
34164
33685
9441
9443
25888
9450
25887
9449
9452
34166
33687
9446
9448
25890
9455
25889
9454
9457
34168
33689
9451
9453
25892
9460
25891
9459
9462
34170
33691
9456
9458
25894
9465
25893
9464
9467
34172
33693
9461
9463
25896
9470
25895
9469
9472
34174
33695
9466
9468
25898
9475
25897
9474
9477
34176
33697
9471
9473
25900
9480
25899
9479
9482
34178
33699
9476
9478
25902
9485
25901
9484
9487
34180
33701
9481
9483
25904
9490
25903
9489
9492
34182
33703
9486
9488
25906
9495
25905
9494
9497
34184
33705
9491
9493
25908
9500
25907
9499
9502
34186
33707
9496
9498
25910
9505
25909
9504
9507
34188
33709
9501
9503
25912
9512
25911
9511
9514
34190
33711
9506
9508
25914
9517
25913
9516
9509
25882
9592
9519
34192
33713
9513
9515
25917
9522
25916
9521
9524
34194
33715
9518
9520
25919
9527
25918
9526
9529
34196
33717
9523
9525
25921
9532
25920
9531
9534
34198
33719
9528
9530
25923
9537
25922
9536
9539
34200
33721
9533
9535
25925
9542
25924
9541
9544
34202
33723
9538
9540
25927
9547
25926
9546
9549
34204
33725
9543
9545
25929
9552
25928
9551
9554
34206
33727
9548
9550
25931
9557
25930
9556
9559
34208
33729
9553
9555
25933
9562
25932
9561
9564
34210
33731
9558
9560
25935
9567
25934
9566
9569
34212
33733
9563
9565
25937
9572
25936
9571
9574
34214
33735
9568
9570
25939
9577
25938
9576
9579
34216
33737
9573
9575
25941
9582
25940
9581
9584
34218
33739
9578
9580
25943
9587
25942
9586
9589
34220
33741
9583
9585
25945
9594
25944
9593
9596
34222
33743
9588
9590
25947
9599
25946
9598
9591
25915
9674
9601
34224
33745
9595
9597
25950
9604
25949
9603
9606
34226
33747
9600
9602
25952
9609
25951
9608
9611
34228
33749
9605
9607
25954
9614
25953
9613
9616
34230
33751
9610
9612
25956
9619
25955
9618
9621
34232
33753
9615
9617
25958
9624
25957
9623
9626
34234
33755
9620
9622
25960
9629
25959
9628
9631
34236
33757
9625
9627
25962
9634
25961
9633
9636
34238
33759
9630
9632
25964
9639
25963
9638
9641
34240
33761
9635
9637
25966
9644
25965
9643
9646
34242
33763
9640
9642
25968
9649
25967
9648
9651
34244
33765
9645
9647
25970
9654
25969
9653
9656
34246
33767
9650
9652
25972
9659
25971
9658
9661
34248
33769
9655
9657
25974
9664
25973
9663
9666
34250
33771
9660
9662
25976
9669
25975
9668
9671
34252
33773
9665
9667
25978
9676
25977
9675
9678
34254
33775
9670
9672
25980
9681
25979
9680
9673
25948
9756
9683
34256
33777
9677
9679
25983
9686
25982
9685
9688
34258
33779
9682
9684
25985
9691
25984
9690
9693
34260
33781
9687
9689
25987
9696
25986
9695
9698
34262
33783
9692
9694
25989
9701
25988
9700
9703
34264
33785
9697
9699
25991
9706
25990
9705
9708
34266
33787
9702
9704
25993
9711
25992
9710
9713
34268
33789
9707
9709
25995
9716
25994
9715
9718
34270
33791
9712
9714
25997
9721
25996
9720
9723
34272
33793
9717
9719
25999
9726
25998
9725
9728
34274
33795
9722
9724
26001
9731
26000
9730
9733
34276
33797
9727
9729
26003
9736
26002
9735
9738
34278
33799
9732
9734
26005
9741
26004
9740
9743
34280
33801
9737
9739
26007
9746
26006
9745
9748
34282
33803
9742
9744
26009
9751
26008
9750
9753
34284
33805
9747
9749
26011
9758
26010
9757
9760
34286
33807
9752
9754
26013
9763
26012
9762
9755
25981
9838
9765
34288
33809
9759
9761
26016
9768
26015
9767
9770
34290
33811
9764
9766
26018
9773
26017
9772
9775
34292
33813
9769
9771
26020
9778
26019
9777
9780
34294
33815
9774
9776
26022
9783
26021
9782
9785
34296
33817
9779
9781
26024
9788
26023
9787
9790
34298
33819
9784
9786
26026
9793
26025
9792
9795
34300
33821
9789
9791
26028
9798
26027
9797
9800
34302
33823
9794
9796
26029
9802
26030
9803
9799
9801
26031
9807
26032
9808
9804
9805
9806
26033
9812
26034
9813
9809
9810
9811
26035
9817
26036
9818
9814
9815
9816
26037
9822
26038
9823
9819
9820
9821
26039
9827
26040
9828
9824
9825
9826
26041
9832
26042
9833
9829
9830
9831
26043
9839
26044
9840
9834
9835
9836
26045
9844
26046
9845
9841
25537
9842
33839
9843
26048
9849
26049
9850
9846
25540
9837
26014
9920
9847
9848
26050
9854
26051
9855
9851
25543
9852
9853
26052
9859
26053
9860
9856
25546
9857
33867
9858
26054
9864
26055
9865
9861
25549
9862
9863
26056
9869
26057
9870
9866
25552
9867
9868
26058
9874
26059
9875
9871
25555
9872
33863
9873
26060
9879
26061
9880
9876
25558
9942
9877
9878
26062
9884
26063
9885
9881
25561
9935
9882
34348
9883
26064
9889
26065
9890
9886
25564
9928
9887
34344
33859
9888
26066
9894
26067
9895
9891
25567
9921
9892
34340
9893
26068
9899
26069
9900
9896
25570
9897
33855
9898
26070
9904
26071
9905
34336
9906
25576
9901
25573
33851
9902
9903
26072
9909
26073
9910
34332
33847
9907
9908
26074
9914
26075
9915
9911
25579
9949
34328
33843
9912
9916
25582
9913
26076
9923
26077
9924
34324
9922
9917
9918
26078
9930
26079
9931
34320
9919
26047
10034
33835
9925
9926
9927
26083
9938
26082
9937
34316
9929
33827
9932
9933
9934
26086
9945
26085
9944
34312
33831
9947
34304
9936
9940
34308
33825
9939
9941
26089
9952
26088
9951
9943
33829
9946
9948
26092
9959
26091
9958
9954
34306
9956
9950
33833
9953
9955
26095
9966
26094
9965
9961
34310
9963
9957
9968
34314
9970
33837
9960
9962
26098
9973
26097
9972
9964
33841
9967
9969
26101
9980
26100
9979
9975
34318
9977
9971
33845
9974
9976
26104
9987
26103
9986
9982
34322
9984
9978
9989
34326
9991
33849
9981
9983
26107
9994
26106
9993
9985
33853
9988
9990
26110
10001
26109
10000
9996
34330
9998
9992
33857
9995
9997
26113
10008
26112
10007
10003
34334
10005
9999
10010
34338
10012
10006
10002
10004
26115
10014
26116
10015
33861
10009
10011
26118
10021
26119
10022
10013
33869
10016
10017
10018
26122
10029
26121
10028
34342
10019
33865
10031
34350
10020
33871
10023
10024
10025
26125
10036
26124
10035
34346
10026
10027
10038
34352
33873
10030
10032
26128
10041
26127
10040
10033
26080
10116
10043
34354
33875
10037
10039
26131
10046
26130
10045
10048
34356
33877
10042
10044
26133
10051
26132
10050
10053
34358
33879
10047
10049
26135
10056
26134
10055
10058
34360
33881
10052
10054
26137
10061
26136
10060
10063
34362
33883
10057
10059
26139
10066
26138
10065
10068
34364
33885
10062
10064
26141
10071
26140
10070
10073
34366
33887
10067
10069
26143
10076
26142
10075
10078
34368
33889
10072
10074
26145
10081
26144
10080
10083
34370
33891
10077
10079
26147
10086
26146
10085
10088
34372
33893
10082
10084
26149
10091
26148
10090
10093
34374
33895
10087
10089
26151
10096
26150
10095
10098
34376
33897
10092
10094
26153
10101
26152
10100
10103
34378
33899
10097
10099
26155
10106
26154
10105
10108
34380
33901
10102
10104
26157
10111
26156
10110
10113
34382
33903
10107
10109
26159
10118
26158
10117
10120
34384
33905
10112
10114
26161
10123
26160
10122
10115
26129
10198
10125
34386
33907
10119
10121
26164
10128
26163
10127
10130
34388
33909
10124
10126
26166
10133
26165
10132
10135
34390
33911
10129
10131
26168
10138
26167
10137
10140
34392
33913
10134
10136
26170
10143
26169
10142
10145
34394
33915
10139
10141
26172
10148
26171
10147
10150
34396
33917
10144
10146
26174
10153
26173
10152
10155
34398
33919
10149
10151
26176
10158
26175
10157
10160
34400
33921
10154
10156
26178
10163
26177
10162
10165
34402
33923
10159
10161
26180
10168
26179
10167
10170
34404
33925
10164
10166
26182
10173
26181
10172
10175
34406
33927
10169
10171
26184
10178
26183
10177
10180
34408
33929
10174
10176
26186
10183
26185
10182
10185
34410
33931
10179
10181
26188
10188
26187
10187
10190
34412
33933
10184
10186
26190
10193
26189
10192
10195
34414
33935
10189
10191
26192
10200
26191
10199
10202
34416
33937
10194
10196
26194
10205
26193
10204
10197
26162
10280
10207
34418
33939
10201
10203
26197
10210
26196
10209
10212
34420
33941
10206
10208
26199
10215
26198
10214
10217
34422
33943
10211
10213
26201
10220
26200
10219
10222
34424
33945
10216
10218
26203
10225
26202
10224
10227
34426
33947
10221
10223
26205
10230
26204
10229
10232
34428
33949
10226
10228
26207
10235
26206
10234
10237
34430
33951
10231
10233
26209
10240
26208
10239
10242
34432
33953
10236
10238
26211
10245
26210
10244
10247
34434
33955
10241
10243
26213
10250
26212
10249
10252
34436
33957
10246
10248
26215
10255
26214
10254
10257
34438
33959
10251
10253
26217
10260
26216
10259
10262
34440
33961
10256
10258
26219
10265
26218
10264
10267
34442
33963
10261
10263
26221
10270
26220
10269
10272
34444
33965
10266
10268
26223
10275
26222
10274
10277
34446
33967
10271
10273
26225
10282
26224
10281
10284
34448
33969
10276
10278
26227
10287
26226
10286
10279
26195
10362
10289
34450
33971
10283
10285
26230
10292
26229
10291
10294
34452
33973
10288
10290
26232
10297
26231
10296
10299
34454
33975
10293
10295
26234
10302
26233
10301
10304
34456
33977
10298
10300
26236
10307
26235
10306
10309
34458
33979
10303
10305
26238
10312
26237
10311
10314
34460
33981
10308
10310
26240
10317
26239
10316
10319
34462
33983
10313
10315
26242
10322
26241
10321
10324
34464
33985
10318
10320
26244
10327
26243
10326
10329
34466
33987
10323
10325
26246
10332
26245
10331
10334
34468
33989
10328
10330
26248
10337
26247
10336
10339
34470
33991
10333
10335
26250
10342
26249
10341
10344
34472
33993
10338
10340
26252
10347
26251
10346
10349
34474
33995
10343
10345
26254
10352
26253
10351
10354
34476
33997
10348
10350
26256
10357
26255
10356
10359
34478
33999
10353
10355
26258
10364
26257
10363
10366
34480
34001
10358
10360
26260
10369
26259
10368
10361
26228
10444
10371
34482
34003
10365
10367
26263
10374
26262
10373
10376
34484
34005
10370
10372
26265
10379
26264
10378
10381
34486
34007
10375
10377
26267
10384
26266
10383
10386
34488
34009
10380
10382
26269
10389
26268
10388
10391
34490
34011
10385
10387
26271
10394
26270
10393
10396
34492
34013
10390
10392
26273
10399
26272
10398
10401
34494
34015
10395
10397
26275
10404
26274
10403
10406
34496
34017
10400
10402
26277
10409
26276
10408
10411
34498
34019
10405
10407
26279
10414
26278
10413
10416
34500
34021
10410
10412
26281
10419
26280
10418
10421
34502
34023
10415
10417
26283
10424
26282
10423
10426
34504
34025
10420
10422
26285
10429
26284
10428
10431
34506
34027
10425
10427
26287
10434
26286
10433
10436
34508
34029
10430
10432
26289
10439
26288
10438
10441
34510
34031
10435
10437
26291
10446
26290
10445
10448
34512
34033
10440
10442
26293
10451
26292
10450
10443
26261
10526
10453
34514
34035
10447
10449
26296
10456
26295
10455
10458
34516
34037
10452
10454
26298
10461
26297
10460
10463
34518
34039
10457
10459
26300
10466
26299
10465
10468
34520
34041
10462
10464
26302
10471
26301
10470
10473
34522
34043
10467
10469
26304
10476
26303
10475
10478
34524
34045
10472
10474
26306
10481
26305
10480
10483
34526
34047
10477
10479
26308
10486
26307
10485
10488
34528
34049
10482
10484
26310
10491
26309
10490
10493
34530
34051
10487
10489
26312
10496
26311
10495
10498
34532
34053
10492
10494
26314
10501
26313
10500
10503
34534
34055
10497
10499
26316
10506
26315
10505
10508
34536
34057
10502
10504
26318
10511
26317
10510
10513
34538
34059
10507
10509
26320
10516
26319
10515
10518
34540
34061
10512
10514
26322
10521
26321
10520
10523
34542
34063
10517
10519
26324
10528
26323
10527
10530
34544
34065
10522
10524
26326
10533
26325
10532
10525
26294
10608
10535
34546
34067
10529
10531
26329
10538
26328
10537
10540
34548
34069
10534
10536
26331
10543
26330
10542
10545
34550
34071
10539
10541
26333
10548
26332
10547
10550
34552
34073
10544
10546
26335
10553
26334
10552
10555
34554
34075
10549
10551
26337
10558
26336
10557
10560
34556
34077
10554
10556
26339
10563
26338
10562
10565
34558
34079
10559
10561
26341
10568
26340
10567
10570
34560
34081
10564
10566
26343
10573
26342
10572
10575
34562
34083
10569
10571
26345
10578
26344
10577
10580
34564
34085
10574
10576
26347
10583
26346
10582
10585
34566
34087
10579
10581
26349
10588
26348
10587
10590
34568
34089
10584
10586
26351
10593
26350
10592
10595
34570
34091
10589
10591
26353
10598
26352
10597
10600
34572
34093
10594
10596
26355
10603
26354
10602
10605
34574
34095
10599
10601
26357
10610
26356
10609
10612
34576
34097
10604
10606
26359
10615
26358
10614
10607
26327
10690
10617
34578
34099
10611
10613
26362
10620
26361
10619
10622
34580
34101
10616
10618
26364
10625
26363
10624
10627
34582
34103
10621
10623
26366
10630
26365
10629
10632
34584
34105
10626
10628
26368
10635
26367
10634
10637
34586
34107
10631
10633
26370
10640
26369
10639
10642
34588
34109
10636
10638
26372
10645
26371
10644
10647
34590
34111
10641
10643
26374
10650
26373
10649
10652
34592
34113
10646
10648
26376
10655
26375
10654
10657
34594
34115
10651
10653
26378
10660
26377
10659
10662
34596
34117
10656
10658
26380
10665
26379
10664
10667
34598
34119
10661
10663
26382
10670
26381
10669
10672
34600
34121
10666
10668
26384
10675
26383
10674
10677
34602
34123
10671
10673
26386
10680
26385
10679
10682
34604
34125
10676
10678
26388
10685
26387
10684
10687
34606
34127
10681
10683
26390
10692
26389
10691
10694
34608
34129
10686
10688
26392
10697
26391
10696
10689
26360
10772
10699
34610
34131
10693
10695
26395
10702
26394
10701
10704
34612
34133
10698
10700
26397
10707
26396
10706
10709
34614
34135
10703
10705
26399
10712
26398
10711
10714
34616
34137
10708
10710
26401
10717
26400
10716
10719
34618
34139
10713
10715
26403
10722
26402
10721
10724
34620
34141
10718
10720
26405
10727
26404
10726
10729
34622
34143
10723
10725
26407
10732
26406
10731
10734
34624
34145
10728
10730
26409
10737
26408
10736
10739
34626
34147
10733
10735
26411
10742
26410
10741
10744
34628
34149
10738
10740
26413
10747
26412
10746
10749
34630
34151
10743
10745
26415
10752
26414
10751
10754
34632
34153
10748
10750
26417
10757
26416
10756
10759
34634
34155
10753
10755
26419
10762
26418
10761
10764
34636
34157
10758
10760
26421
10767
26420
10766
10769
34638
34159
10763
10765
26423
10774
26422
10773
10776
34640
34161
10768
10770
26425
10779
26424
10778
10771
26393
10854
10781
34642
34163
10775
10777
26428
10784
26427
10783
10786
34644
34165
10780
10782
26430
10789
26429
10788
10791
34646
34167
10785
10787
26432
10794
26431
10793
10796
34648
34169
10790
10792
26434
10799
26433
10798
10801
34650
34171
10795
10797
26436
10804
26435
10803
10806
34652
34173
10800
10802
26438
10809
26437
10808
10811
34654
34175
10805
10807
26440
10814
26439
10813
10816
34656
34177
10810
10812
26442
10819
26441
10818
10821
34658
34179
10815
10817
26444
10824
26443
10823
10826
34660
34181
10820
10822
26446
10829
26445
10828
10831
34662
34183
10825
10827
26448
10834
26447
10833
10836
34664
34185
10830
10832
26450
10839
26449
10838
10841
34666
34187
10835
10837
26452
10844
26451
10843
10846
34668
34189
10840
10842
26454
10849
26453
10848
10851
34670
34191
10845
10847
26456
10856
26455
10855
10858
34672
34193
10850
10852
26458
10861
26457
10860
10853
26426
10936
10863
34674
34195
10857
10859
26461
10866
26460
10865
10868
34676
34197
10862
10864
26463
10871
26462
10870
10873
34678
34199
10867
10869
26465
10876
26464
10875
10878
34680
34201
10872
10874
26467
10881
26466
10880
10883
34682
34203
10877
10879
26469
10886
26468
10885
10888
34684
34205
10882
10884
26471
10891
26470
10890
10893
34686
34207
10887
10889
26473
10896
26472
10895
10898
34688
34209
10892
10894
26475
10901
26474
10900
10903
34690
34211
10897
10899
26477
10906
26476
10905
10908
34692
34213
10902
10904
26479
10911
26478
10910
10913
34694
34215
10907
10909
26481
10916
26480
10915
10918
34696
34217
10912
10914
26483
10921
26482
10920
10923
34698
34219
10917
10919
26485
10926
26484
10925
10928
34700
34221
10922
10924
26487
10931
26486
10930
10933
34702
34223
10927
10929
26489
10938
26488
10937
10940
34704
34225
10932
10934
26491
10943
26490
10942
10935
26459
11018
10945
34706
34227
10939
10941
26494
10948
26493
10947
10950
34708
34229
10944
10946
26496
10953
26495
10952
10955
34710
34231
10949
10951
26498
10958
26497
10957
10960
34712
34233
10954
10956
26500
10963
26499
10962
10965
34714
34235
10959
10961
26502
10968
26501
10967
10970
34716
34237
10964
10966
26504
10973
26503
10972
10975
34718
34239
10969
10971
26506
10978
26505
10977
10980
34720
34241
10974
10976
26508
10983
26507
10982
10985
34722
34243
10979
10981
26510
10988
26509
10987
10990
34724
34245
10984
10986
26512
10993
26511
10992
10995
34726
34247
10989
10991
26514
10998
26513
10997
11000
34728
34249
10994
10996
26516
11003
26515
11002
11005
34730
34251
10999
11001
26518
11008
26517
11007
11010
34732
34253
11004
11006
26520
11013
26519
11012
11015
34734
34255
11009
11011
26522
11020
26521
11019
11022
34736
34257
11014
11016
26524
11025
26523
11024
11017
26492
11100
11027
34738
34259
11021
11023
26527
11030
26526
11029
11032
34740
34261
11026
11028
26529
11035
26528
11034
11037
34742
34263
11031
11033
26531
11040
26530
11039
11042
34744
34265
11036
11038
26533
11045
26532
11044
11047
34746
34267
11041
11043
26535
11050
26534
11049
11052
34748
34269
11046
11048
26537
11055
26536
11054
11057
34750
34271
11051
11053
26539
11060
26538
11059
11062
34752
34273
11056
11058
26541
11065
26540
11064
11067
34754
34275
11061
11063
26543
11070
26542
11069
11072
34756
34277
11066
11068
26545
11075
26544
11074
11077
34758
34279
11071
11073
26547
11080
26546
11079
11082
34760
34281
11076
11078
26549
11085
26548
11084
11087
34762
34283
11081
11083
26551
11090
26550
11089
11092
34764
34285
11086
11088
26553
11095
26552
11094
11097
34766
34287
11091
11093
26555
11102
26554
11101
11104
34768
34289
11096
11098
26557
11107
26556
11106
11099
26525
11182
11109
34770
34291
11103
11105
26560
11112
26559
11111
11114
34772
34293
11108
11110
26562
11117
26561
11116
11119
34774
34295
11113
11115
26564
11122
26563
11121
11124
34776
34297
11118
11120
26566
11127
26565
11126
11129
34778
34299
11123
11125
26568
11132
26567
11131
11134
34780
34301
11128
11130
26570
11137
26569
11136
11139
34782
34303
11133
11135
26571
11141
26572
11142
11138
11140
26573
11146
26574
11147
11143
11144
11145
26575
11151
26576
11152
11148
11149
11150
26577
11156
26578
11157
11153
11154
11155
26579
11161
26580
11162
11158
11159
11160
26581
11166
26582
11167
11163
11164
11165
26583
11171
26584
11172
11168
11169
11170
26585
11176
26586
11177
11173
11174
11175
26587
11183
26588
11184
11178
11179
11180
26589
11188
26590
11189
11185
26081
11186
34325
11187
26592
11193
26593
11194
11190
26084
11265
11181
26558
11264
11191
11192
26594
11198
26595
11199
11195
26087
11272
11196
11197
26596
11203
26597
11204
11200
26090
11201
34349
11202
26598
11208
26599
11209
11205
26093
11206
11207
26600
11213
26601
11214
11210
26096
11211
11212
26602
11218
26603
11219
11215
26099
11216
34345
11217
26604
11223
26605
11224
11220
26102
11221
34830
11222
26606
11228
26607
11229
11225
26105
11226
34826
11227
26608
11233
26609
11234
11230
26108
11231
34341
11232
26610
11238
26611
11239
34822
11240
26114
11235
26111
34337
11236
11237
26612
11243
26613
11244
34818
34333
11241
11242
26614
11248
26615
11249
11245
26117
34814
34329
11246
11247
26616
11253
26617
11254
11250
26120
11286
34810
34317
11251
11255
26123
11252
26618
11258
26619
11259
34806
11256
34802
11257
26620
11267
26621
11268
34321
11270
11260
26126
11279
34794
11266
34309
11269
11261
11271
26627
11282
26626
11281
34798
11262
26622
11274
26623
11275
11263
26591
11378
34313
11284
34786
11273
34305
11276
11277
11278
26630
11289
26629
11288
34790
11280
11291
34784
11293
34307
11283
11285
26633
11296
26632
11295
11287
34311
11290
11292
26636
11303
26635
11302
11298
34788
11300
11294
34315
11297
11299
26639
11310
26638
11309
11305
34792
11307
11301
11312
34796
11314
34319
11304
11306
26642
11317
26641
11316
11308
34323
11311
11313
26645
11324
26644
11323
11319
34800
11321
11315
34327
11318
11320
26648
11331
26647
11330
11326
34804
11328
11322
11333
34808
11335
34331
11325
11327
26651
11338
26650
11337
11329
34335
11332
11334
26654
11345
26653
11344
11340
34812
11342
11336
34339
11339
11341
26657
11352
26656
11351
11347
34816
11349
11343
11354
34820
11356
11350
11346
11348
26659
11358
26660
11359
34343
11353
11355
26662
11365
26663
11366
11357
34351
11360
11361
11362
26666
11373
26665
11372
34824
11363
34347
11375
34832
11364
34353
11367
11368
11369
26669
11380
26668
11379
34828
11370
11371
11382
34834
34355
11374
11376
26672
11385
26671
11384
11377
26624
11460
11387
34836
34357
11381
11383
26675
11390
26674
11389
11392
34838
34359
11386
11388
26677
11395
26676
11394
11397
34840
34361
11391
11393
26679
11400
26678
11399
11402
34842
34363
11396
11398
26681
11405
26680
11404
11407
34844
34365
11401
11403
26683
11410
26682
11409
11412
34846
34367
11406
11408
26685
11415
26684
11414
11417
34848
34369
11411
11413
26687
11420
26686
11419
11422
34850
34371
11416
11418
26689
11425
26688
11424
11427
34852
34373
11421
11423
26691
11430
26690
11429
11432
34854
34375
11426
11428
26693
11435
26692
11434
11437
34856
34377
11431
11433
26695
11440
26694
11439
11442
34858
34379
11436
11438
26697
11445
26696
11444
11447
34860
34381
11441
11443
26699
11450
26698
11449
11452
34862
34383
11446
11448
26701
11455
26700
11454
11457
34864
34385
11451
11453
26703
11462
26702
11461
11464
34866
34387
11456
11458
26705
11467
26704
11466
11459
26673
11542
11469
34868
34389
11463
11465
26708
11472
26707
11471
11474
34870
34391
11468
11470
26710
11477
26709
11476
11479
34872
34393
11473
11475
26712
11482
26711
11481
11484
34874
34395
11478
11480
26714
11487
26713
11486
11489
34876
34397
11483
11485
26716
11492
26715
11491
11494
34878
34399
11488
11490
26718
11497
26717
11496
11499
34880
34401
11493
11495
26720
11502
26719
11501
11504
34882
34403
11498
11500
26722
11507
26721
11506
11509
34884
34405
11503
11505
26724
11512
26723
11511
11514
34886
34407
11508
11510
26726
11517
26725
11516
11519
34888
34409
11513
11515
26728
11522
26727
11521
11524
34890
34411
11518
11520
26730
11527
26729
11526
11529
34892
34413
11523
11525
26732
11532
26731
11531
11534
34894
34415
11528
11530
26734
11537
26733
11536
11539
34896
34417
11533
11535
26736
11544
26735
11543
11546
34898
34419
11538
11540
26738
11549
26737
11548
11541
26706
11624
11551
34900
34421
11545
11547
26741
11554
26740
11553
11556
34902
34423
11550
11552
26743
11559
26742
11558
11561
34904
34425
11555
11557
26745
11564
26744
11563
11566
34906
34427
11560
11562
26747
11569
26746
11568
11571
34908
34429
11565
11567
26749
11574
26748
11573
11576
34910
34431
11570
11572
26751
11579
26750
11578
11581
34912
34433
11575
11577
26753
11584
26752
11583
11586
34914
34435
11580
11582
26755
11589
26754
11588
11591
34916
34437
11585
11587
26757
11594
26756
11593
11596
34918
34439
11590
11592
26759
11599
26758
11598
11601
34920
34441
11595
11597
26761
11604
26760
11603
11606
34922
34443
11600
11602
26763
11609
26762
11608
11611
34924
34445
11605
11607
26765
11614
26764
11613
11616
34926
34447
11610
11612
26767
11619
26766
11618
11621
34928
34449
11615
11617
26769
11626
26768
11625
11628
34930
34451
11620
11622
26771
11631
26770
11630
11623
26739
11706
11633
34932
34453
11627
11629
26774
11636
26773
11635
11638
34934
34455
11632
11634
26776
11641
26775
11640
11643
34936
34457
11637
11639
26778
11646
26777
11645
11648
34938
34459
11642
11644
26780
11651
26779
11650
11653
34940
34461
11647
11649
26782
11656
26781
11655
11658
34942
34463
11652
11654
26784
11661
26783
11660
11663
34944
34465
11657
11659
26786
11666
26785
11665
11668
34946
34467
11662
11664
26788
11671
26787
11670
11673
34948
34469
11667
11669
26790
11676
26789
11675
11678
34950
34471
11672
11674
26792
11681
26791
11680
11683
34952
34473
11677
11679
26794
11686
26793
11685
11688
34954
34475
11682
11684
26796
11691
26795
11690
11693
34956
34477
11687
11689
26798
11696
26797
11695
11698
34958
34479
11692
11694
26800
11701
26799
11700
11703
34960
34481
11697
11699
26802
11708
26801
11707
11710
34962
34483
11702
11704
26804
11713
26803
11712
11705
26772
11788
11715
34964
34485
11709
11711
26807
11718
26806
11717
11720
34966
34487
11714
11716
26809
11723
26808
11722
11725
34968
34489
11719
11721
26811
11728
26810
11727
11730
34970
34491
11724
11726
26813
11733
26812
11732
11735
34972
34493
11729
11731
26815
11738
26814
11737
11740
34974
34495
11734
11736
26817
11743
26816
11742
11745
34976
34497
11739
11741
26819
11748
26818
11747
11750
34978
34499
11744
11746
26821
11753
26820
11752
11755
34980
34501
11749
11751
26823
11758
26822
11757
11760
34982
34503
11754
11756
26825
11763
26824
11762
11765
34984
34505
11759
11761
26827
11768
26826
11767
11770
34986
34507
11764
11766
26829
11773
26828
11772
11775
34988
34509
11769
11771
26831
11778
26830
11777
11780
34990
34511
11774
11776
26833
11783
26832
11782
11785
34992
34513
11779
11781
26835
11790
26834
11789
11792
34994
34515
11784
11786
26837
11795
26836
11794
11787
26805
11870
11797
34996
34517
11791
11793
26840
11800
26839
11799
11802
34998
34519
11796
11798
26842
11805
26841
11804
11807
35000
34521
11801
11803
26844
11810
26843
11809
11812
35002
34523
11806
11808
26846
11815
26845
11814
11817
35004
34525
11811
11813
26848
11820
26847
11819
11822
35006
34527
11816
11818
26850
11825
26849
11824
11827
35008
34529
11821
11823
26852
11830
26851
11829
11832
35010
34531
11826
11828
26854
11835
26853
11834
11837
35012
34533
11831
11833
26856
11840
26855
11839
11842
35014
34535
11836
11838
26858
11845
26857
11844
11847
35016
34537
11841
11843
26860
11850
26859
11849
11852
35018
34539
11846
11848
26862
11855
26861
11854
11857
35020
34541
11851
11853
26864
11860
26863
11859
11862
35022
34543
11856
11858
26866
11865
26865
11864
11867
35024
34545
11861
11863
26868
11872
26867
11871
11874
35026
34547
11866
11868
26870
11877
26869
11876
11869
26838
11952
11879
35028
34549
11873
11875
26873
11882
26872
11881
11884
35030
34551
11878
11880
26875
11887
26874
11886
11889
35032
34553
11883
11885
26877
11892
26876
11891
11894
35034
34555
11888
11890
26879
11897
26878
11896
11899
35036
34557
11893
11895
26881
11902
26880
11901
11904
35038
34559
11898
11900
26883
11907
26882
11906
11909
35040
34561
11903
11905
26885
11912
26884
11911
11914
35042
34563
11908
11910
26887
11917
26886
11916
11919
35044
34565
11913
11915
26889
11922
26888
11921
11924
35046
34567
11918
11920
26891
11927
26890
11926
11929
35048
34569
11923
11925
26893
11932
26892
11931
11934
35050
34571
11928
11930
26895
11937
26894
11936
11939
35052
34573
11933
11935
26897
11942
26896
11941
11944
35054
34575
11938
11940
26899
11947
26898
11946
11949
35056
34577
11943
11945
26901
11954
26900
11953
11956
35058
34579
11948
11950
26903
11959
26902
11958
11951
26871
12034
11961
35060
34581
11955
11957
26906
11964
26905
11963
11966
35062
34583
11960
11962
26908
11969
26907
11968
11971
35064
34585
11965
11967
26910
11974
26909
11973
11976
35066
34587
11970
11972
26912
11979
26911
11978
11981
35068
34589
11975
11977
26914
11984
26913
11983
11986
35070
34591
11980
11982
26916
11989
26915
11988
11991
35072
34593
11985
11987
26918
11994
26917
11993
11996
35074
34595
11990
11992
26920
11999
26919
11998
12001
35076
34597
11995
11997
26922
12004
26921
12003
12006
35078
34599
12000
12002
26924
12009
26923
12008
12011
35080
34601
12005
12007
26926
12014
26925
12013
12016
35082
34603
12010
12012
26928
12019
26927
12018
12021
35084
34605
12015
12017
26930
12024
26929
12023
12026
35086
34607
12020
12022
26932
12029
26931
12028
12031
35088
34609
12025
12027
26934
12036
26933
12035
12038
35090
34611
12030
12032
26936
12041
26935
12040
12033
26904
12116
12043
35092
34613
12037
12039
26939
12046
26938
12045
12048
35094
34615
12042
12044
26941
12051
26940
12050
12053
35096
34617
12047
12049
26943
12056
26942
12055
12058
35098
34619
12052
12054
26945
12061
26944
12060
12063
35100
34621
12057
12059
26947
12066
26946
12065
12068
35102
34623
12062
12064
26949
12071
26948
12070
12073
35104
34625
12067
12069
26951
12076
26950
12075
12078
35106
34627
12072
12074
26953
12081
26952
12080
12083
35108
34629
12077
12079
26955
12086
26954
12085
12088
35110
34631
12082
12084
26957
12091
26956
12090
12093
35112
34633
12087
12089
26959
12096
26958
12095
12098
35114
34635
12092
12094
26961
12101
26960
12100
12103
35116
34637
12097
12099
26963
12106
26962
12105
12108
35118
34639
12102
12104
26965
12111
26964
12110
12113
35120
34641
12107
12109
26967
12118
26966
12117
12120
35122
34643
12112
12114
26969
12123
26968
12122
12115
26937
12198
12125
35124
34645
12119
12121
26972
12128
26971
12127
12130
35126
34647
12124
12126
26974
12133
26973
12132
12135
35128
34649
12129
12131
26976
12138
26975
12137
12140
35130
34651
12134
12136
26978
12143
26977
12142
12145
35132
34653
12139
12141
26980
12148
26979
12147
12150
35134
34655
12144
12146
26982
12153
26981
12152
12155
35136
34657
12149
12151
26984
12158
26983
12157
12160
35138
34659
12154
12156
26986
12163
26985
12162
12165
35140
34661
12159
12161
26988
12168
26987
12167
12170
35142
34663
12164
12166
26990
12173
26989
12172
12175
35144
34665
12169
12171
26992
12178
26991
12177
12180
35146
34667
12174
12176
26994
12183
26993
12182
12185
35148
34669
12179
12181
26996
12188
26995
12187
12190
35150
34671
12184
12186
26998
12193
26997
12192
12195
35152
34673
12189
12191
27000
12200
26999
12199
12202
35154
34675
12194
12196
27002
12205
27001
12204
12197
26970
12280
12207
35156
34677
12201
12203
27005
12210
27004
12209
12212
35158
34679
12206
12208
27007
12215
27006
12214
12217
35160
34681
12211
12213
27009
12220
27008
12219
12222
35162
34683
12216
12218
27011
12225
27010
12224
12227
35164
34685
12221
12223
27013
12230
27012
12229
12232
35166
34687
12226
12228
27015
12235
27014
12234
12237
35168
34689
12231
12233
27017
12240
27016
12239
12242
35170
34691
12236
12238
27019
12245
27018
12244
12247
35172
34693
12241
12243
27021
12250
27020
12249
12252
35174
34695
12246
12248
27023
12255
27022
12254
12257
35176
34697
12251
12253
27025
12260
27024
12259
12262
35178
34699
12256
12258
27027
12265
27026
12264
12267
35180
34701
12261
12263
27029
12270
27028
12269
12272
35182
34703
12266
12268
27031
12275
27030
12274
12277
35184
34705
12271
12273
27033
12282
27032
12281
12284
35186
34707
12276
12278
27035
12287
27034
12286
12279
27003
12362
12289
35188
34709
12283
12285
27038
12292
27037
12291
12294
35190
34711
12288
12290
27040
12297
27039
12296
12299
35192
34713
12293
12295
27042
12302
27041
12301
12304
35194
34715
12298
12300
27044
12307
27043
12306
12309
35196
34717
12303
12305
27046
12312
27045
12311
12314
35198
34719
12308
12310
27048
12317
27047
12316
12319
35200
34721
12313
12315
27050
12322
27049
12321
12324
35202
34723
12318
12320
27052
12327
27051
12326
12329
35204
34725
12323
12325
27054
12332
27053
12331
12334
35206
34727
12328
12330
27056
12337
27055
12336
12339
35208
34729
12333
12335
27058
12342
27057
12341
12344
35210
34731
12338
12340
27060
12347
27059
12346
12349
35212
34733
12343
12345
27062
12352
27061
12351
12354
35214
34735
12348
12350
27064
12357
27063
12356
12359
35216
34737
12353
12355
27066
12364
27065
12363
12366
35218
34739
12358
12360
27068
12369
27067
12368
12361
27036
12444
12371
35220
34741
12365
12367
27071
12374
27070
12373
12376
35222
34743
12370
12372
27073
12379
27072
12378
12381
35224
34745
12375
12377
27075
12384
27074
12383
12386
35226
34747
12380
12382
27077
12389
27076
12388
12391
35228
34749
12385
12387
27079
12394
27078
12393
12396
35230
34751
12390
12392
27081
12399
27080
12398
12401
35232
34753
12395
12397
27083
12404
27082
12403
12406
35234
34755
12400
12402
27085
12409
27084
12408
12411
35236
34757
12405
12407
27087
12414
27086
12413
12416
35238
34759
12410
12412
27089
12419
27088
12418
12421
35240
34761
12415
12417
27091
12424
27090
12423
12426
35242
34763
12420
12422
27093
12429
27092
12428
12431
35244
34765
12425
12427
27095
12434
27094
12433
12436
35246
34767
12430
12432
27097
12439
27096
12438
12441
35248
34769
12435
12437
27099
12446
27098
12445
12448
35250
34771
12440
12442
27101
12451
27100
12450
12443
27069
12526
12453
35252
34773
12447
12449
27104
12456
27103
12455
12458
35254
34775
12452
12454
27106
12461
27105
12460
12463
35256
34777
12457
12459
27108
12466
27107
12465
12468
35258
34779
12462
12464
27110
12471
27109
12470
12473
35260
34781
12467
12469
27112
12476
27111
12475
12478
35262
34783
12472
12474
27113
12480
27114
12481
12477
12479
27115
12485
27116
12486
12482
12483
12484
27117
12490
27118
12491
12487
12488
12489
27119
12495
27120
12496
12492
12493
12494
27121
12500
27122
12501
12497
12498
12499
27123
12505
27124
12506
12502
12503
12504
27125
12510
27126
12511
12507
12508
12509
27127
12515
27128
12516
12512
12513
12514
27129
12520
27130
12521
12517
12518
12519
27131
12527
27132
12528
12522
12523
12524
27133
12532
27134
12533
12529
26625
12530
34795
12531
27136
12537
27137
12538
12534
26628
12525
27102
12608
12535
12536
27138
12542
27139
12543
12539
26631
12540
12541
27140
12547
27141
12548
12544
26634
12545
34827
12546
27142
12552
27143
12553
12549
26637
12550
12551
27144
12557
27145
12558
12559
26643
12554
26640
12555
34831
12556
27146
12562
27147
12563
12560
35312
12561
27148
12567
27149
12568
12564
26646
12616
34823
12565
12566
27150
12572
27151
12573
12569
26649
12609
35308
12570
35304
12571
27152
12577
27153
12578
12574
26652
34819
12575
12576
27154
12582
27155
12583
12579
26655
35300
12580
34815
12581
27156
12587
27157
12588
35296
12589
26661
12584
26658
34811
12585
12586
27158
12592
27159
12593
35292
34807
12590
12591
27160
12597
27161
12598
12594
26664
12630
35288
34803
12595
12599
26667
12596
27162
12602
27163
12603
35284
12610
12600
12601
27164
12611
27165
12612
35280
34787
12613
12614
12615
27171
12626
27170
12625
35272
34799
12628
35264
12604
26670
12623
34791
12605
12606
27167
12619
27166
12618
35276
12607
27135
12722
12617
12621
35268
34785
12620
12622
27174
12633
27173
12632
12624
12635
35266
12637
34789
12627
12629
27177
12640
27176
12639
12631
34793
12634
12636
27180
12647
27179
12646
12642
35270
12644
12638
34797
12641
12643
27183
12654
27182
12653
12649
35274
12651
12645
12656
35278
12658
34801
12648
12650
27186
12661
27185
12660
12652
34805
12655
12657
27189
12668
27188
12667
12663
35282
12665
12659
34809
12662
12664
27192
12675
27191
12674
12670
35286
12672
12666
12677
35290
12679
34813
12669
12671
27195
12682
27194
12681
12673
34817
12676
12678
27198
12689
27197
12688
12684
35294
12686
12680
34821
12683
12685
27201
12696
27200
12695
12691
35298
12693
12687
12698
35302
12700
12694
12690
12692
27203
12702
27204
12703
34825
12697
12699
27206
12709
27207
12710
12701
34833
12704
12705
12706
27210
12717
27209
12716
35306
12707
34829
12719
35314
12708
34835
12711
12712
12713
27213
12724
27212
12723
35310
12714
12715
12726
35316
34837
12718
12720
27216
12729
27215
12728
12721
27168
12804
12731
35318
34839
12725
12727
27219
12734
27218
12733
12736
35320
34841
12730
12732
27221
12739
27220
12738
12741
35322
34843
12735
12737
27223
12744
27222
12743
12746
35324
34845
12740
12742
27225
12749
27224
12748
12751
35326
34847
12745
12747
27227
12754
27226
12753
12756
35328
34849
12750
12752
27229
12759
27228
12758
12761
35330
34851
12755
12757
27231
12764
27230
12763
12766
35332
34853
12760
12762
27233
12769
27232
12768
12771
35334
34855
12765
12767
27235
12774
27234
12773
12776
35336
34857
12770
12772
27237
12779
27236
12778
12781
35338
34859
12775
12777
27239
12784
27238
12783
12786
35340
34861
12780
12782
27241
12789
27240
12788
12791
35342
34863
12785
12787
27243
12794
27242
12793
12796
35344
34865
12790
12792
27245
12799
27244
12798
12801
35346
34867
12795
12797
27247
12806
27246
12805
12808
35348
34869
12800
12802
27249
12811
27248
12810
12803
27217
12886
12813
35350
34871
12807
12809
27252
12816
27251
12815
12818
35352
34873
12812
12814
27254
12821
27253
12820
12823
35354
34875
12817
12819
27256
12826
27255
12825
12828
35356
34877
12822
12824
27258
12831
27257
12830
12833
35358
34879
12827
12829
27260
12836
27259
12835
12838
35360
34881
12832
12834
27262
12841
27261
12840
12843
35362
34883
12837
12839
27264
12846
27263
12845
12848
35364
34885
12842
12844
27266
12851
27265
12850
12853
35366
34887
12847
12849
27268
12856
27267
12855
12858
35368
34889
12852
12854
27270
12861
27269
12860
12863
35370
34891
12857
12859
27272
12866
27271
12865
12868
35372
34893
12862
12864
27274
12871
27273
12870
12873
35374
34895
12867
12869
27276
12876
27275
12875
12878
35376
34897
12872
12874
27278
12881
27277
12880
12883
35378
34899
12877
12879
27280
12888
27279
12887
12890
35380
34901
12882
12884
27282
12893
27281
12892
12885
27250
12968
12895
35382
34903
12889
12891
27285
12898
27284
12897
12900
35384
34905
12894
12896
27287
12903
27286
12902
12905
35386
34907
12899
12901
27289
12908
27288
12907
12910
35388
34909
12904
12906
27291
12913
27290
12912
12915
35390
34911
12909
12911
27293
12918
27292
12917
12920
35392
34913
12914
12916
27295
12923
27294
12922
12925
35394
34915
12919
12921
27297
12928
27296
12927
12930
35396
34917
12924
12926
27299
12933
27298
12932
12935
35398
34919
12929
12931
27301
12938
27300
12937
12940
35400
34921
12934
12936
27303
12943
27302
12942
12945
35402
34923
12939
12941
27305
12948
27304
12947
12950
35404
34925
12944
12946
27307
12953
27306
12952
12955
35406
34927
12949
12951
27309
12958
27308
12957
12960
35408
34929
12954
12956
27311
12963
27310
12962
12965
35410
34931
12959
12961
27313
12970
27312
12969
12972
35412
34933
12964
12966
27315
12975
27314
12974
12967
27283
13050
12977
35414
34935
12971
12973
27318
12980
27317
12979
12982
35416
34937
12976
12978
27320
12985
27319
12984
12987
35418
34939
12981
12983
27322
12990
27321
12989
12992
35420
34941
12986
12988
27324
12995
27323
12994
12997
35422
34943
12991
12993
27326
13000
27325
12999
13002
35424
34945
12996
12998
27328
13005
27327
13004
13007
35426
34947
13001
13003
27330
13010
27329
13009
13012
35428
34949
13006
13008
27332
13015
27331
13014
13017
35430
34951
13011
13013
27334
13020
27333
13019
13022
35432
34953
13016
13018
27336
13025
27335
13024
13027
35434
34955
13021
13023
27338
13030
27337
13029
13032
35436
34957
13026
13028
27340
13035
27339
13034
13037
35438
34959
13031
13033
27342
13040
27341
13039
13042
35440
34961
13036
13038
27344
13045
27343
13044
13047
35442
34963
13041
13043
27346
13052
27345
13051
13054
35444
34965
13046
13048
27348
13057
27347
13056
13049
27316
13132
13059
35446
34967
13053
13055
27351
13062
27350
13061
13064
35448
34969
13058
13060
27353
13067
27352
13066
13069
35450
34971
13063
13065
27355
13072
27354
13071
13074
35452
34973
13068
13070
27357
13077
27356
13076
13079
35454
34975
13073
13075
27359
13082
27358
13081
13084
35456
34977
13078
13080
27361
13087
27360
13086
13089
35458
34979
13083
13085
27363
13092
27362
13091
13094
35460
34981
13088
13090
27365
13097
27364
13096
13099
35462
34983
13093
13095
27367
13102
27366
13101
13104
35464
34985
13098
13100
27369
13107
27368
13106
13109
35466
34987
13103
13105
27371
13112
27370
13111
13114
35468
34989
13108
13110
27373
13117
27372
13116
13119
35470
34991
13113
13115
27375
13122
27374
13121
13124
35472
34993
13118
13120
27377
13127
27376
13126
13129
35474
34995
13123
13125
27379
13134
27378
13133
13136
35476
34997
13128
13130
27381
13139
27380
13138
13131
27349
13214
13141
35478
34999
13135
13137
27384
13144
27383
13143
13146
35480
35001
13140
13142
27386
13149
27385
13148
13151
35482
35003
13145
13147
27388
13154
27387
13153
13156
35484
35005
13150
13152
27390
13159
27389
13158
13161
35486
35007
13155
13157
27392
13164
27391
13163
13166
35488
35009
13160
13162
27394
13169
27393
13168
13171
35490
35011
13165
13167
27396
13174
27395
13173
13176
35492
35013
13170
13172
27398
13179
27397
13178
13181
35494
35015
13175
13177
27400
13184
27399
13183
13186
35496
35017
13180
13182
27402
13189
27401
13188
13191
35498
35019
13185
13187
27404
13194
27403
13193
13196
35500
35021
13190
13192
27406
13199
27405
13198
13201
35502
35023
13195
13197
27408
13204
27407
13203
13206
35504
35025
13200
13202
27410
13209
27409
13208
13211
35506
35027
13205
13207
27412
13216
27411
13215
13218
35508
35029
13210
13212
27414
13221
27413
13220
13213
27382
13296
13223
35510
35031
13217
13219
27417
13226
27416
13225
13228
35512
35033
13222
13224
27419
13231
27418
13230
13233
35514
35035
13227
13229
27421
13236
27420
13235
13238
35516
35037
13232
13234
27423
13241
27422
13240
13243
35518
35039
13237
13239
27425
13246
27424
13245
13248
35520
35041
13242
13244
27427
13251
27426
13250
13253
35522
35043
13247
13249
27429
13256
27428
13255
13258
35524
35045
13252
13254
27431
13261
27430
13260
13263
35526
35047
13257
13259
27433
13266
27432
13265
13268
35528
35049
13262
13264
27435
13271
27434
13270
13273
35530
35051
13267
13269
27437
13276
27436
13275
13278
35532
35053
13272
13274
27439
13281
27438
13280
13283
35534
35055
13277
13279
27441
13286
27440
13285
13288
35536
35057
13282
13284
27443
13291
27442
13290
13293
35538
35059
13287
13289
27445
13298
27444
13297
13300
35540
35061
13292
13294
27447
13303
27446
13302
13295
27415
13378
13305
35542
35063
13299
13301
27450
13308
27449
13307
13310
35544
35065
13304
13306
27452
13313
27451
13312
13315
35546
35067
13309
13311
27454
13318
27453
13317
13320
35548
35069
13314
13316
27456
13323
27455
13322
13325
35550
35071
13319
13321
27458
13328
27457
13327
13330
35552
35073
13324
13326
27460
13333
27459
13332
13335
35554
35075
13329
13331
27462
13338
27461
13337
13340
35556
35077
13334
13336
27464
13343
27463
13342
13345
35558
35079
13339
13341
27466
13348
27465
13347
13350
35560
35081
13344
13346
27468
13353
27467
13352
13355
35562
35083
13349
13351
27470
13358
27469
13357
13360
35564
35085
13354
13356
27472
13363
27471
13362
13365
35566
35087
13359
13361
27474
13368
27473
13367
13370
35568
35089
13364
13366
27476
13373
27475
13372
13375
35570
35091
13369
13371
27478
13380
27477
13379
13382
35572
35093
13374
13376
27480
13385
27479
13384
13377
27448
13460
13387
35574
35095
13381
13383
27483
13390
27482
13389
13392
35576
35097
13386
13388
27485
13395
27484
13394
13397
35578
35099
13391
13393
27487
13400
27486
13399
13402
35580
35101
13396
13398
27489
13405
27488
13404
13407
35582
35103
13401
13403
27491
13410
27490
13409
13412
35584
35105
13406
13408
27493
13415
27492
13414
13417
35586
35107
13411
13413
27495
13420
27494
13419
13422
35588
35109
13416
13418
27497
13425
27496
13424
13427
35590
35111
13421
13423
27499
13430
27498
13429
13432
35592
35113
13426
13428
27501
13435
27500
13434
13437
35594
35115
13431
13433
27503
13440
27502
13439
13442
35596
35117
13436
13438
27505
13445
27504
13444
13447
35598
35119
13441
13443
27507
13450
27506
13449
13452
35600
35121
13446
13448
27509
13455
27508
13454
13457
35602
35123
13451
13453
27511
13462
27510
13461
13464
35604
35125
13456
13458
27513
13467
27512
13466
13459
27481
13542
13469
35606
35127
13463
13465
27516
13472
27515
13471
13474
35608
35129
13468
13470
27518
13477
27517
13476
13479
35610
35131
13473
13475
27520
13482
27519
13481
13484
35612
35133
13478
13480
27522
13487
27521
13486
13489
35614
35135
13483
13485
27524
13492
27523
13491
13494
35616
35137
13488
13490
27526
13497
27525
13496
13499
35618
35139
13493
13495
27528
13502
27527
13501
13504
35620
35141
13498
13500
27530
13507
27529
13506
13509
35622
35143
13503
13505
27532
13512
27531
13511
13514
35624
35145
13508
13510
27534
13517
27533
13516
13519
35626
35147
13513
13515
27536
13522
27535
13521
13524
35628
35149
13518
13520
27538
13527
27537
13526
13529
35630
35151
13523
13525
27540
13532
27539
13531
13534
35632
35153
13528
13530
27542
13537
27541
13536
13539
35634
35155
13533
13535
27544
13544
27543
13543
13546
35636
35157
13538
13540
27546
13549
27545
13548
13541
27514
13624
13551
35638
35159
13545
13547
27549
13554
27548
13553
13556
35640
35161
13550
13552
27551
13559
27550
13558
13561
35642
35163
13555
13557
27553
13564
27552
13563
13566
35644
35165
13560
13562
27555
13569
27554
13568
13571
35646
35167
13565
13567
27557
13574
27556
13573
13576
35648
35169
13570
13572
27559
13579
27558
13578
13581
35650
35171
13575
13577
27561
13584
27560
13583
13586
35652
35173
13580
13582
27563
13589
27562
13588
13591
35654
35175
13585
13587
27565
13594
27564
13593
13596
35656
35177
13590
13592
27567
13599
27566
13598
13601
35658
35179
13595
13597
27569
13604
27568
13603
13606
35660
35181
13600
13602
27571
13609
27570
13608
13611
35662
35183
13605
13607
27573
13614
27572
13613
13616
35664
35185
13610
13612
27575
13619
27574
13618
13621
35666
35187
13615
13617
27577
13626
27576
13625
13628
35668
35189
13620
13622
27579
13631
27578
13630
13623
27547
13706
13633
35670
35191
13627
13629
27582
13636
27581
13635
13638
35672
35193
13632
13634
27584
13641
27583
13640
13643
35674
35195
13637
13639
27586
13646
27585
13645
13648
35676
35197
13642
13644
27588
13651
27587
13650
13653
35678
35199
13647
13649
27590
13656
27589
13655
13658
35680
35201
13652
13654
27592
13661
27591
13660
13663
35682
35203
13657
13659
27594
13666
27593
13665
13668
35684
35205
13662
13664
27596
13671
27595
13670
13673
35686
35207
13667
13669
27598
13676
27597
13675
13678
35688
35209
13672
13674
27600
13681
27599
13680
13683
35690
35211
13677
13679
27602
13686
27601
13685
13688
35692
35213
13682
13684
27604
13691
27603
13690
13693
35694
35215
13687
13689
27606
13696
27605
13695
13698
35696
35217
13692
13694
27608
13701
27607
13700
13703
35698
35219
13697
13699
27610
13708
27609
13707
13710
35700
35221
13702
13704
27612
13713
27611
13712
13705
27580
13788
13715
35702
35223
13709
13711
27615
13718
27614
13717
13720
35704
35225
13714
13716
27617
13723
27616
13722
13725
35706
35227
13719
13721
27619
13728
27618
13727
13730
35708
35229
13724
13726
27621
13733
27620
13732
13735
35710
35231
13729
13731
27623
13738
27622
13737
13740
35712
35233
13734
13736
27625
13743
27624
13742
13745
35714
35235
13739
13741
27627
13748
27626
13747
13750
35716
35237
13744
13746
27629
13753
27628
13752
13755
35718
35239
13749
13751
27631
13758
27630
13757
13760
35720
35241
13754
13756
27633
13763
27632
13762
13765
35722
35243
13759
13761
27635
13768
27634
13767
13770
35724
35245
13764
13766
27637
13773
27636
13772
13775
35726
35247
13769
13771
27639
13778
27638
13777
13780
35728
35249
13774
13776
27641
13783
27640
13782
13785
35730
35251
13779
13781
27643
13790
27642
13789
13792
35732
35253
13784
13786
27645
13795
27644
13794
13787
27613
13870
13797
35734
35255
13791
13793
27648
13800
27647
13799
13802
35736
35257
13796
13798
27650
13805
27649
13804
13807
35738
35259
13801
13803
27652
13810
27651
13809
13812
35740
35261
13806
13808
27654
13815
27653
13814
13817
35742
35263
13811
13813
27655
13819
27656
13820
13816
13818
27657
13824
27658
13825
13821
13822
13823
27659
13829
27660
13830
13826
13827
13828
27661
13834
27662
13835
13831
13832
13833
27663
13839
27664
13840
13836
13837
13838
27665
13844
27666
13845
13841
13842
13843
27667
13849
27668
13850
13846
13847
13848
27669
13854
27670
13855
13851
13852
13853
27671
13859
27672
13860
13856
13857
13858
27673
13864
27674
13865
13861
13862
13863
27675
13871
27676
13872
13866
13867
13868
27677
13876
27678
13877
13873
27169
13874
35281
13875
27680
13881
27681
13882
13878
27172
13953
13869
27646
13952
13879
13880
27682
13886
27683
13887
13883
27175
13884
13885
27684
13891
27685
13892
13888
27178
13889
35309
13890
27686
13896
27687
13897
13898
27184
13893
27181
13894
13895
27688
13901
27689
13902
13899
35794
35313
13900
27690
13906
27691
13907
13903
27187
35305
13904
13905
27692
13911
27693
13912
13908
27190
35790
13909
35786
13910
27694
13916
27695
13917
13913
27193
13914
35301
13915
27696
13921
27697
13922
35782
13923
27199
13918
27196
35297
13919
13920
27698
13926
27699
13927
35778
35293
13924
13925
27700
13931
27701
13932
13928
27202
35774
35289
13929
13930
27702
13936
27703
13937
13933
27205
13967
35770
35285
13934
13935
27704
13941
27705
13942
13938
27208
35766
35277
13939
13940
27706
13946
27707
13947
13943
27211
13960
35762
13944
35758
13948
27214
13945
27708
13955
27709
13956
35269
13949
13950
27711
13963
27710
13962
35754
13951
27679
14066
35273
13965
35746
13954
35265
13957
13958
13959
27715
13970
27714
13969
35750
13961
35267
13964
13966
27718
13977
27717
13976
13972
35744
13974
13968
13979
35748
13981
35271
13971
13973
27721
13984
27720
13983
13975
35275
13978
13980
27724
13991
27723
13990
13986
35752
13988
13982
35279
13985
13987
27727
13998
27726
13997
13993
35756
13995
13989
14000
35760
14002
35283
13992
13994
27730
14005
27729
14004
13996
35287
13999
14001
27733
14012
27732
14011
14007
35764
14009
14003
35291
14006
14008
27736
14019
27735
14018
14014
35768
14016
14010
14021
35772
14023
35295
14013
14015
27739
14026
27738
14025
14017
35299
14020
14022
27742
14033
27741
14032
14028
35776
14030
14024
35303
14027
14029
27745
14040
27744
14039
14035
35780
14037
14031
14042
35784
14044
14038
14034
14036
27747
14046
27748
14047
35307
14041
14043
27750
14053
27751
14054
14045
35315
14048
14049
14050
27754
14061
27753
14060
35788
14051
35311
14063
35796
14052
35317
14055
14056
14057
27757
14068
27756
14067
35792
14058
14059
14070
35798
35319
14062
14064
27760
14073
27759
14072
14065
27712
14148
14075
35800
35321
14069
14071
27763
14078
27762
14077
14080
35802
35323
14074
14076
27765
14083
27764
14082
14085
35804
35325
14079
14081
27767
14088
27766
14087
14090
35806
35327
14084
14086
27769
14093
27768
14092
14095
35808
35329
14089
14091
27771
14098
27770
14097
14100
35810
35331
14094
14096
27773
14103
27772
14102
14105
35812
35333
14099
14101
27775
14108
27774
14107
14110
35814
35335
14104
14106
27777
14113
27776
14112
14115
35816
35337
14109
14111
27779
14118
27778
14117
14120
35818
35339
14114
14116
27781
14123
27780
14122
14125
35820
35341
14119
14121
27783
14128
27782
14127
14130
35822
35343
14124
14126
27785
14133
27784
14132
14135
35824
35345
14129
14131
27787
14138
27786
14137
14140
35826
35347
14134
14136
27789
14143
27788
14142
14145
35828
35349
14139
14141
27791
14150
27790
14149
14152
35830
35351
14144
14146
27793
14155
27792
14154
14147
27761
14230
14157
35832
35353
14151
14153
27796
14160
27795
14159
14162
35834
35355
14156
14158
27798
14165
27797
14164
14167
35836
35357
14161
14163
27800
14170
27799
14169
14172
35838
35359
14166
14168
27802
14175
27801
14174
14177
35840
35361
14171
14173
27804
14180
27803
14179
14182
35842
35363
14176
14178
27806
14185
27805
14184
14187
35844
35365
14181
14183
27808
14190
27807
14189
14192
35846
35367
14186
14188
27810
14195
27809
14194
14197
35848
35369
14191
14193
27812
14200
27811
14199
14202
35850
35371
14196
14198
27814
14205
27813
14204
14207
35852
35373
14201
14203
27816
14210
27815
14209
14212
35854
35375
14206
14208
27818
14215
27817
14214
14217
35856
35377
14211
14213
27820
14220
27819
14219
14222
35858
35379
14216
14218
27822
14225
27821
14224
14227
35860
35381
14221
14223
27824
14232
27823
14231
14234
35862
35383
14226
14228
27826
14237
27825
14236
14229
27794
14312
14239
35864
35385
14233
14235
27829
14242
27828
14241
14244
35866
35387
14238
14240
27831
14247
27830
14246
14249
35868
35389
14243
14245
27833
14252
27832
14251
14254
35870
35391
14248
14250
27835
14257
27834
14256
14259
35872
35393
14253
14255
27837
14262
27836
14261
14264
35874
35395
14258
14260
27839
14267
27838
14266
14269
35876
35397
14263
14265
27841
14272
27840
14271
14274
35878
35399
14268
14270
27843
14277
27842
14276
14279
35880
35401
14273
14275
27845
14282
27844
14281
14284
35882
35403
14278
14280
27847
14287
27846
14286
14289
35884
35405
14283
14285
27849
14292
27848
14291
14294
35886
35407
14288
14290
27851
14297
27850
14296
14299
35888
35409
14293
14295
27853
14302
27852
14301
14304
35890
35411
14298
14300
27855
14307
27854
14306
14309
35892
35413
14303
14305
27857
14314
27856
14313
14316
35894
35415
14308
14310
27859
14319
27858
14318
14311
27827
14394
14321
35896
35417
14315
14317
27862
14324
27861
14323
14326
35898
35419
14320
14322
27864
14329
27863
14328
14331
35900
35421
14325
14327
27866
14334
27865
14333
14336
35902
35423
14330
14332
27868
14339
27867
14338
14341
35904
35425
14335
14337
27870
14344
27869
14343
14346
35906
35427
14340
14342
27872
14349
27871
14348
14351
35908
35429
14345
14347
27874
14354
27873
14353
14356
35910
35431
14350
14352
27876
14359
27875
14358
14361
35912
35433
14355
14357
27878
14364
27877
14363
14366
35914
35435
14360
14362
27880
14369
27879
14368
14371
35916
35437
14365
14367
27882
14374
27881
14373
14376
35918
35439
14370
14372
27884
14379
27883
14378
14381
35920
35441
14375
14377
27886
14384
27885
14383
14386
35922
35443
14380
14382
27888
14389
27887
14388
14391
35924
35445
14385
14387
27890
14396
27889
14395
14398
35926
35447
14390
14392
27892
14401
27891
14400
14393
27860
14476
14403
35928
35449
14397
14399
27895
14406
27894
14405
14408
35930
35451
14402
14404
27897
14411
27896
14410
14413
35932
35453
14407
14409
27899
14416
27898
14415
14418
35934
35455
14412
14414
27901
14421
27900
14420
14423
35936
35457
14417
14419
27903
14426
27902
14425
14428
35938
35459
14422
14424
27905
14431
27904
14430
14433
35940
35461
14427
14429
27907
14436
27906
14435
14438
35942
35463
14432
14434
27909
14441
27908
14440
14443
35944
35465
14437
14439
27911
14446
27910
14445
14448
35946
35467
14442
14444
27913
14451
27912
14450
14453
35948
35469
14447
14449
27915
14456
27914
14455
14458
35950
35471
14452
14454
27917
14461
27916
14460
14463
35952
35473
14457
14459
27919
14466
27918
14465
14468
35954
35475
14462
14464
27921
14471
27920
14470
14473
35956
35477
14467
14469
27923
14478
27922
14477
14480
35958
35479
14472
14474
27925
14483
27924
14482
14475
27893
14558
14485
35960
35481
14479
14481
27928
14488
27927
14487
14490
35962
35483
14484
14486
27930
14493
27929
14492
14495
35964
35485
14489
14491
27932
14498
27931
14497
14500
35966
35487
14494
14496
27934
14503
27933
14502
14505
35968
35489
14499
14501
27936
14508
27935
14507
14510
35970
35491
14504
14506
27938
14513
27937
14512
14515
35972
35493
14509
14511
27940
14518
27939
14517
14520
35974
35495
14514
14516
27942
14523
27941
14522
14525
35976
35497
14519
14521
27944
14528
27943
14527
14530
35978
35499
14524
14526
27946
14533
27945
14532
14535
35980
35501
14529
14531
27948
14538
27947
14537
14540
35982
35503
14534
14536
27950
14543
27949
14542
14545
35984
35505
14539
14541
27952
14548
27951
14547
14550
35986
35507
14544
14546
27954
14553
27953
14552
14555
35988
35509
14549
14551
27956
14560
27955
14559
14562
35990
35511
14554
14556
27958
14565
27957
14564
14557
27926
14640
14567
35992
35513
14561
14563
27961
14570
27960
14569
14572
35994
35515
14566
14568
27963
14575
27962
14574
14577
35996
35517
14571
14573
27965
14580
27964
14579
14582
35998
35519
14576
14578
27967
14585
27966
14584
14587
36000
35521
14581
14583
27969
14590
27968
14589
14592
36002
35523
14586
14588
27971
14595
27970
14594
14597
36004
35525
14591
14593
27973
14600
27972
14599
14602
36006
35527
14596
14598
27975
14605
27974
14604
14607
36008
35529
14601
14603
27977
14610
27976
14609
14612
36010
35531
14606
14608
27979
14615
27978
14614
14617
36012
35533
14611
14613
27981
14620
27980
14619
14622
36014
35535
14616
14618
27983
14625
27982
14624
14627
36016
35537
14621
14623
27985
14630
27984
14629
14632
36018
35539
14626
14628
27987
14635
27986
14634
14637
36020
35541
14631
14633
27989
14642
27988
14641
14644
36022
35543
14636
14638
27991
14647
27990
14646
14639
27959
14722
14649
36024
35545
14643
14645
27994
14652
27993
14651
14654
36026
35547
14648
14650
27996
14657
27995
14656
14659
36028
35549
14653
14655
27998
14662
27997
14661
14664
36030
35551
14658
14660
28000
14667
27999
14666
14669
36032
35553
14663
14665
28002
14672
28001
14671
14674
36034
35555
14668
14670
28004
14677
28003
14676
14679
36036
35557
14673
14675
28006
14682
28005
14681
14684
36038
35559
14678
14680
28008
14687
28007
14686
14689
36040
35561
14683
14685
28010
14692
28009
14691
14694
36042
35563
14688
14690
28012
14697
28011
14696
14699
36044
35565
14693
14695
28014
14702
28013
14701
14704
36046
35567
14698
14700
28016
14707
28015
14706
14709
36048
35569
14703
14705
28018
14712
28017
14711
14714
36050
35571
14708
14710
28020
14717
28019
14716
14719
36052
35573
14713
14715
28022
14724
28021
14723
14726
36054
35575
14718
14720
28024
14729
28023
14728
14721
27992
14804
14731
36056
35577
14725
14727
28027
14734
28026
14733
14736
36058
35579
14730
14732
28029
14739
28028
14738
14741
36060
35581
14735
14737
28031
14744
28030
14743
14746
36062
35583
14740
14742
28033
14749
28032
14748
14751
36064
35585
14745
14747
28035
14754
28034
14753
14756
36066
35587
14750
14752
28037
14759
28036
14758
14761
36068
35589
14755
14757
28039
14764
28038
14763
14766
36070
35591
14760
14762
28041
14769
28040
14768
14771
36072
35593
14765
14767
28043
14774
28042
14773
14776
36074
35595
14770
14772
28045
14779
28044
14778
14781
36076
35597
14775
14777
28047
14784
28046
14783
14786
36078
35599
14780
14782
28049
14789
28048
14788
14791
36080
35601
14785
14787
28051
14794
28050
14793
14796
36082
35603
14790
14792
28053
14799
28052
14798
14801
36084
35605
14795
14797
28055
14806
28054
14805
14808
36086
35607
14800
14802
28057
14811
28056
14810
14803
28025
14886
14813
36088
35609
14807
14809
28060
14816
28059
14815
14818
36090
35611
14812
14814
28062
14821
28061
14820
14823
36092
35613
14817
14819
28064
14826
28063
14825
14828
36094
35615
14822
14824
28066
14831
28065
14830
14833
36096
35617
14827
14829
28068
14836
28067
14835
14838
36098
35619
14832
14834
28070
14841
28069
14840
14843
36100
35621
14837
14839
28072
14846
28071
14845
14848
36102
35623
14842
14844
28074
14851
28073
14850
14853
36104
35625
14847
14849
28076
14856
28075
14855
14858
36106
35627
14852
14854
28078
14861
28077
14860
14863
36108
35629
14857
14859
28080
14866
28079
14865
14868
36110
35631
14862
14864
28082
14871
28081
14870
14873
36112
35633
14867
14869
28084
14876
28083
14875
14878
36114
35635
14872
14874
28086
14881
28085
14880
14883
36116
35637
14877
14879
28088
14888
28087
14887
14890
36118
35639
14882
14884
28090
14893
28089
14892
14885
28058
14968
14895
36120
35641
14889
14891
28093
14898
28092
14897
14900
36122
35643
14894
14896
28095
14903
28094
14902
14905
36124
35645
14899
14901
28097
14908
28096
14907
14910
36126
35647
14904
14906
28099
14913
28098
14912
14915
36128
35649
14909
14911
28101
14918
28100
14917
14920
36130
35651
14914
14916
28103
14923
28102
14922
14925
36132
35653
14919
14921
28105
14928
28104
14927
14930
36134
35655
14924
14926
28107
14933
28106
14932
14935
36136
35657
14929
14931
28109
14938
28108
14937
14940
36138
35659
14934
14936
28111
14943
28110
14942
14945
36140
35661
14939
14941
28113
14948
28112
14947
14950
36142
35663
14944
14946
28115
14953
28114
14952
14955
36144
35665
14949
14951
28117
14958
28116
14957
14960
36146
35667
14954
14956
28119
14963
28118
14962
14965
36148
35669
14959
14961
28121
14970
28120
14969
14972
36150
35671
14964
14966
28123
14975
28122
14974
14967
28091
15050
14977
36152
35673
14971
14973
28126
14980
28125
14979
14982
36154
35675
14976
14978
28128
14985
28127
14984
14987
36156
35677
14981
14983
28130
14990
28129
14989
14992
36158
35679
14986
14988
28132
14995
28131
14994
14997
36160
35681
14991
14993
28134
15000
28133
14999
15002
36162
35683
14996
14998
28136
15005
28135
15004
15007
36164
35685
15001
15003
28138
15010
28137
15009
15012
36166
35687
15006
15008
28140
15015
28139
15014
15017
36168
35689
15011
15013
28142
15020
28141
15019
15022
36170
35691
15016
15018
28144
15025
28143
15024
15027
36172
35693
15021
15023
28146
15030
28145
15029
15032
36174
35695
15026
15028
28148
15035
28147
15034
15037
36176
35697
15031
15033
28150
15040
28149
15039
15042
36178
35699
15036
15038
28152
15045
28151
15044
15047
36180
35701
15041
15043
28154
15052
28153
15051
15054
36182
35703
15046
15048
28156
15057
28155
15056
15049
28124
15132
15059
36184
35705
15053
15055
28159
15062
28158
15061
15064
36186
35707
15058
15060
28161
15067
28160
15066
15069
36188
35709
15063
15065
28163
15072
28162
15071
15074
36190
35711
15068
15070
28165
15077
28164
15076
15079
36192
35713
15073
15075
28167
15082
28166
15081
15084
36194
35715
15078
15080
28169
15087
28168
15086
15089
36196
35717
15083
15085
28171
15092
28170
15091
15094
36198
35719
15088
15090
28173
15097
28172
15096
15099
36200
35721
15093
15095
28175
15102
28174
15101
15104
36202
35723
15098
15100
28177
15107
28176
15106
15109
36204
35725
15103
15105
28179
15112
28178
15111
15114
36206
35727
15108
15110
28181
15117
28180
15116
15119
36208
35729
15113
15115
28183
15122
28182
15121
15124
36210
35731
15118
15120
28185
15127
28184
15126
15129
36212
35733
15123
15125
28187
15134
28186
15133
15136
36214
35735
15128
15130
28189
15139
28188
15138
15131
28157
15214
15141
36216
35737
15135
15137
28192
15144
28191
15143
15146
36218
35739
15140
15142
28194
15149
28193
15148
15151
36220
35741
15145
15147
28196
15154
28195
15153
15156
36222
35743
15150
15152
28197
15158
28198
15159
15155
15157
28199
15163
28200
15164
15160
15161
15162
28201
15168
28202
15169
15165
15166
15167
28203
15173
28204
15174
15170
15171
15172
28205
15178
28206
15179
15175
15176
15177
28207
15183
28208
15184
15180
15181
15182
28209
15188
28210
15189
15185
15186
15187
28211
15193
28212
15194
15190
15191
15192
28213
15198
28214
15199
15195
15196
15197
28215
15203
28216
15204
15200
15201
15202
28217
15208
28218
15209
15205
15206
15207
28219
15215
28220
15216
15210
15211
15212
28221
15220
28222
15221
15217
27713
15218
35795
15219
28224
15225
28225
15226
15222
27716
15213
28190
15296
15223
15224
28226
15230
28227
15231
15227
27719
15228
15229
28228
15235
28229
15236
15232
27722
15233
35787
15234
28230
15240
28231
15241
15242
27728
15237
27725
15238
15239
28232
15245
28233
15246
15243
36276
36272
35791
15244
28234
15250
28235
15251
15247
27731
15297
35783
15248
15249
28236
15255
28237
15256
15252
27734
36268
15253
36264
15254
28238
15260
28239
15261
15257
27737
35779
15258
15259
28240
15265
28241
15266
15262
27740
36260
15263
35775
15264
28242
15270
28243
15271
36256
15272
27746
15267
27743
35771
15268
15269
28244
15275
28245
15276
36252
35767
15273
15274
28246
15280
28247
15281
15277
27749
15311
36248
35763
15278
15279
28248
15285
28249
15286
15282
27752
36244
35759
15283
15284
28250
15290
28251
15291
36240
15292
27758
15287
27755
15304
35755
15288
15289
28253
15300
28252
15299
36236
35747
15293
15294
28255
15307
28254
15306
36232
15295
28223
15410
35751
15309
36224
15298
15302
36228
35745
15301
15303
28259
15314
28258
15313
15305
35749
15308
15310
28262
15321
28261
15320
15316
36226
15318
15312
15323
36230
15325
35753
15315
15317
28265
15328
28264
15327
15319
35757
15322
15324
28268
15335
28267
15334
15330
36234
15332
15326
35761
15329
15331
28271
15342
28270
15341
15337
36238
15339
15333
15344
36242
15346
35765
15336
15338
28274
15349
28273
15348
15340
35769
15343
15345
28277
15356
28276
15355
15351
36246
15353
15347
35773
15350
15352
28280
15363
28279
15362
15358
36250
15360
15354
15365
36254
15367
35777
15357
15359
28283
15370
28282
15369
15361
35781
15364
15366
28286
15377
28285
15376
15372
36258
15374
15368
35785
15371
15373
28289
15384
28288
15383
15379
36262
15381
15375
15386
36266
15388
15382
15378
15380
28291
15390
28292
15391
35789
15385
15387
28294
15397
28295
15398
15389
35797
15392
15393
15394
28298
15405
28297
15404
36270
15395
35793
15407
36278
15396
35799
15399
15400
15401
28301
15412
28300
15411
36274
15402
15403
15414
36280
35801
15406
15408
28304
15417
28303
15416
15409
28256
15492
15419
36282
35803
15413
15415
28307
15422
28306
15421
15424
36284
35805
15418
15420
28309
15427
28308
15426
15429
36286
35807
15423
15425
28311
15432
28310
15431
15434
36288
35809
15428
15430
28313
15437
28312
15436
15439
36290
35811
15433
15435
28315
15442
28314
15441
15444
36292
35813
15438
15440
28317
15447
28316
15446
15449
36294
35815
15443
15445
28319
15452
28318
15451
15454
36296
35817
15448
15450
28321
15457
28320
15456
15459
36298
35819
15453
15455
28323
15462
28322
15461
15464
36300
35821
15458
15460
28325
15467
28324
15466
15469
36302
35823
15463
15465
28327
15472
28326
15471
15474
36304
35825
15468
15470
28329
15477
28328
15476
15479
36306
35827
15473
15475
28331
15482
28330
15481
15484
36308
35829
15478
15480
28333
15487
28332
15486
15489
36310
35831
15483
15485
28335
15494
28334
15493
15496
36312
35833
15488
15490
28337
15499
28336
15498
15491
28305
15574
15501
36314
35835
15495
15497
28340
15504
28339
15503
15506
36316
35837
15500
15502
28342
15509
28341
15508
15511
36318
35839
15505
15507
28344
15514
28343
15513
15516
36320
35841
15510
15512
28346
15519
28345
15518
15521
36322
35843
15515
15517
28348
15524
28347
15523
15526
36324
35845
15520
15522
28350
15529
28349
15528
15531
36326
35847
15525
15527
28352
15534
28351
15533
15536
36328
35849
15530
15532
28354
15539
28353
15538
15541
36330
35851
15535
15537
28356
15544
28355
15543
15546
36332
35853
15540
15542
28358
15549
28357
15548
15551
36334
35855
15545
15547
28360
15554
28359
15553
15556
36336
35857
15550
15552
28362
15559
28361
15558
15561
36338
35859
15555
15557
28364
15564
28363
15563
15566
36340
35861
15560
15562
28366
15569
28365
15568
15571
36342
35863
15565
15567
28368
15576
28367
15575
15578
36344
35865
15570
15572
28370
15581
28369
15580
15573
28338
15656
15583
36346
35867
15577
15579
28373
15586
28372
15585
15588
36348
35869
15582
15584
28375
15591
28374
15590
15593
36350
35871
15587
15589
28377
15596
28376
15595
15598
36352
35873
15592
15594
28379
15601
28378
15600
15603
36354
35875
15597
15599
28381
15606
28380
15605
15608
36356
35877
15602
15604
28383
15611
28382
15610
15613
36358
35879
15607
15609
28385
15616
28384
15615
15618
36360
35881
15612
15614
28387
15621
28386
15620
15623
36362
35883
15617
15619
28389
15626
28388
15625
15628
36364
35885
15622
15624
28391
15631
28390
15630
15633
36366
35887
15627
15629
28393
15636
28392
15635
15638
36368
35889
15632
15634
28395
15641
28394
15640
15643
36370
35891
15637
15639
28397
15646
28396
15645
15648
36372
35893
15642
15644
28399
15651
28398
15650
15653
36374
35895
15647
15649
28401
15658
28400
15657
15660
36376
35897
15652
15654
28403
15663
28402
15662
15655
28371
15738
15665
36378
35899
15659
15661
28406
15668
28405
15667
15670
36380
35901
15664
15666
28408
15673
28407
15672
15675
36382
35903
15669
15671
28410
15678
28409
15677
15680
36384
35905
15674
15676
28412
15683
28411
15682
15685
36386
35907
15679
15681
28414
15688
28413
15687
15690
36388
35909
15684
15686
28416
15693
28415
15692
15695
36390
35911
15689
15691
28418
15698
28417
15697
15700
36392
35913
15694
15696
28420
15703
28419
15702
15705
36394
35915
15699
15701
28422
15708
28421
15707
15710
36396
35917
15704
15706
28424
15713
28423
15712
15715
36398
35919
15709
15711
28426
15718
28425
15717
15720
36400
35921
15714
15716
28428
15723
28427
15722
15725
36402
35923
15719
15721
28430
15728
28429
15727
15730
36404
35925
15724
15726
28432
15733
28431
15732
15735
36406
35927
15729
15731
28434
15740
28433
15739
15742
36408
35929
15734
15736
28436
15745
28435
15744
15737
28404
15820
15747
36410
35931
15741
15743
28439
15750
28438
15749
15752
36412
35933
15746
15748
28441
15755
28440
15754
15757
36414
35935
15751
15753
28443
15760
28442
15759
15762
36416
35937
15756
15758
28445
15765
28444
15764
15767
36418
35939
15761
15763
28447
15770
28446
15769
15772
36420
35941
15766
15768
28449
15775
28448
15774
15777
36422
35943
15771
15773
28451
15780
28450
15779
15782
36424
35945
15776
15778
28453
15785
28452
15784
15787
36426
35947
15781
15783
28455
15790
28454
15789
15792
36428
35949
15786
15788
28457
15795
28456
15794
15797
36430
35951
15791
15793
28459
15800
28458
15799
15802
36432
35953
15796
15798
28461
15805
28460
15804
15807
36434
35955
15801
15803
28463
15810
28462
15809
15812
36436
35957
15806
15808
28465
15815
28464
15814
15817
36438
35959
15811
15813
28467
15822
28466
15821
15824
36440
35961
15816
15818
28469
15827
28468
15826
15819
28437
15902
15829
36442
35963
15823
15825
28472
15832
28471
15831
15834
36444
35965
15828
15830
28474
15837
28473
15836
15839
36446
35967
15833
15835
28476
15842
28475
15841
15844
36448
35969
15838
15840
28478
15847
28477
15846
15849
36450
35971
15843
15845
28480
15852
28479
15851
15854
36452
35973
15848
15850
28482
15857
28481
15856
15859
36454
35975
15853
15855
28484
15862
28483
15861
15864
36456
35977
15858
15860
28486
15867
28485
15866
15869
36458
35979
15863
15865
28488
15872
28487
15871
15874
36460
35981
15868
15870
28490
15877
28489
15876
15879
36462
35983
15873
15875
28492
15882
28491
15881
15884
36464
35985
15878
15880
28494
15887
28493
15886
15889
36466
35987
15883
15885
28496
15892
28495
15891
15894
36468
35989
15888
15890
28498
15897
28497
15896
15899
36470
35991
15893
15895
28500
15904
28499
15903
15906
36472
35993
15898
15900
28502
15909
28501
15908
15901
28470
15984
15911
36474
35995
15905
15907
28505
15914
28504
15913
15916
36476
35997
15910
15912
28507
15919
28506
15918
15921
36478
35999
15915
15917
28509
15924
28508
15923
15926
36480
36001
15920
15922
28511
15929
28510
15928
15931
36482
36003
15925
15927
28513
15934
28512
15933
15936
36484
36005
15930
15932
28515
15939
28514
15938
15941
36486
36007
15935
15937
28517
15944
28516
15943
15946
36488
36009
15940
15942
28519
15949
28518
15948
15951
36490
36011
15945
15947
28521
15954
28520
15953
15956
36492
36013
15950
15952
28523
15959
28522
15958
15961
36494
36015
15955
15957
28525
15964
28524
15963
15966
36496
36017
15960
15962
28527
15969
28526
15968
15971
36498
36019
15965
15967
28529
15974
28528
15973
15976
36500
36021
15970
15972
28531
15979
28530
15978
15981
36502
36023
15975
15977
28533
15986
28532
15985
15988
36504
36025
15980
15982
28535
15991
28534
15990
15983
28503
16066
15993
36506
36027
15987
15989
28538
15996
28537
15995
15998
36508
36029
15992
15994
28540
16001
28539
16000
16003
36510
36031
15997
15999
28542
16006
28541
16005
16008
36512
36033
16002
16004
28544
16011
28543
16010
16013
36514
36035
16007
16009
28546
16016
28545
16015
16018
36516
36037
16012
16014
28548
16021
28547
16020
16023
36518
36039
16017
16019
28550
16026
28549
16025
16028
36520
36041
16022
16024
28552
16031
28551
16030
16033
36522
36043
16027
16029
28554
16036
28553
16035
16038
36524
36045
16032
16034
28556
16041
28555
16040
16043
36526
36047
16037
16039
28558
16046
28557
16045
16048
36528
36049
16042
16044
28560
16051
28559
16050
16053
36530
36051
16047
16049
28562
16056
28561
16055
16058
36532
36053
16052
16054
28564
16061
28563
16060
16063
36534
36055
16057
16059
28566
16068
28565
16067
16070
36536
36057
16062
16064
28568
16073
28567
16072
16065
28536
16148
16075
36538
36059
16069
16071
28571
16078
28570
16077
16080
36540
36061
16074
16076
28573
16083
28572
16082
16085
36542
36063
16079
16081
28575
16088
28574
16087
16090
36544
36065
16084
16086
28577
16093
28576
16092
16095
36546
36067
16089
16091
28579
16098
28578
16097
16100
36548
36069
16094
16096
28581
16103
28580
16102
16105
36550
36071
16099
16101
28583
16108
28582
16107
16110
36552
36073
16104
16106
28585
16113
28584
16112
16115
36554
36075
16109
16111
28587
16118
28586
16117
16120
36556
36077
16114
16116
28589
16123
28588
16122
16125
36558
36079
16119
16121
28591
16128
28590
16127
16130
36560
36081
16124
16126
28593
16133
28592
16132
16135
36562
36083
16129
16131
28595
16138
28594
16137
16140
36564
36085
16134
16136
28597
16143
28596
16142
16145
36566
36087
16139
16141
28599
16150
28598
16149
16152
36568
36089
16144
16146
28601
16155
28600
16154
16147
28569
16230
16157
36570
36091
16151
16153
28604
16160
28603
16159
16162
36572
36093
16156
16158
28606
16165
28605
16164
16167
36574
36095
16161
16163
28608
16170
28607
16169
16172
36576
36097
16166
16168
28610
16175
28609
16174
16177
36578
36099
16171
16173
28612
16180
28611
16179
16182
36580
36101
16176
16178
28614
16185
28613
16184
16187
36582
36103
16181
16183
28616
16190
28615
16189
16192
36584
36105
16186
16188
28618
16195
28617
16194
16197
36586
36107
16191
16193
28620
16200
28619
16199
16202
36588
36109
16196
16198
28622
16205
28621
16204
16207
36590
36111
16201
16203
28624
16210
28623
16209
16212
36592
36113
16206
16208
28626
16215
28625
16214
16217
36594
36115
16211
16213
28628
16220
28627
16219
16222
36596
36117
16216
16218
28630
16225
28629
16224
16227
36598
36119
16221
16223
28632
16232
28631
16231
16234
36600
36121
16226
16228
28634
16237
28633
16236
16229
28602
16312
16239
36602
36123
16233
16235
28637
16242
28636
16241
16244
36604
36125
16238
16240
28639
16247
28638
16246
16249
36606
36127
16243
16245
28641
16252
28640
16251
16254
36608
36129
16248
16250
28643
16257
28642
16256
16259
36610
36131
16253
16255
28645
16262
28644
16261
16264
36612
36133
16258
16260
28647
16267
28646
16266
16269
36614
36135
16263
16265
28649
16272
28648
16271
16274
36616
36137
16268
16270
28651
16277
28650
16276
16279
36618
36139
16273
16275
28653
16282
28652
16281
16284
36620
36141
16278
16280
28655
16287
28654
16286
16289
36622
36143
16283
16285
28657
16292
28656
16291
16294
36624
36145
16288
16290
28659
16297
28658
16296
16299
36626
36147
16293
16295
28661
16302
28660
16301
16304
36628
36149
16298
16300
28663
16307
28662
16306
16309
36630
36151
16303
16305
28665
16314
28664
16313
16316
36632
36153
16308
16310
28667
16319
28666
16318
16311
28635
16394
16321
36634
36155
16315
16317
28670
16324
28669
16323
16326
36636
36157
16320
16322
28672
16329
28671
16328
16331
36638
36159
16325
16327
28674
16334
28673
16333
16336
36640
36161
16330
16332
28676
16339
28675
16338
16341
36642
36163
16335
16337
28678
16344
28677
16343
16346
36644
36165
16340
16342
28680
16349
28679
16348
16351
36646
36167
16345
16347
28682
16354
28681
16353
16356
36648
36169
16350
16352
28684
16359
28683
16358
16361
36650
36171
16355
16357
28686
16364
28685
16363
16366
36652
36173
16360
16362
28688
16369
28687
16368
16371
36654
36175
16365
16367
28690
16374
28689
16373
16376
36656
36177
16370
16372
28692
16379
28691
16378
16381
36658
36179
16375
16377
28694
16384
28693
16383
16386
36660
36181
16380
16382
28696
16389
28695
16388
16391
36662
36183
16385
16387
28698
16396
28697
16395
16398
36664
36185
16390
16392
28700
16401
28699
16400
16393
28668
16476
16403
36666
36187
16397
16399
28703
16406
28702
16405
16408
36668
36189
16402
16404
28705
16411
28704
16410
16413
36670
36191
16407
16409
28707
16416
28706
16415
16418
36672
36193
16412
16414
28709
16421
28708
16420
16423
36674
36195
16417
16419
28711
16426
28710
16425
16428
36676
36197
16422
16424
28713
16431
28712
16430
16433
36678
36199
16427
16429
28715
16436
28714
16435
16438
36680
36201
16432
16434
28717
16441
28716
16440
16443
36682
36203
16437
16439
28719
16446
28718
16445
16448
36684
36205
16442
16444
28721
16451
28720
16450
16453
36686
36207
16447
16449
28723
16456
28722
16455
16458
36688
36209
16452
16454
28725
16461
28724
16460
16463
36690
36211
16457
16459
28727
16466
28726
16465
16468
36692
36213
16462
16464
28729
16471
28728
16470
16473
36694
36215
16467
16469
28731
16478
28730
16477
16480
36696
36217
16472
16474
28733
16483
28732
16482
16475
28701
16558
16485
36698
36219
16479
16481
28736
16488
28735
16487
16490
36700
36221
16484
16486
28738
16493
28737
16492
16495
36702
36223
16489
16491
28739
16497
28740
16498
16494
16496
28741
16502
28742
16503
16499
16500
16501
28743
16507
28744
16508
16504
16505
16506
28745
16512
28746
16513
16509
16510
16511
28747
16517
28748
16518
16514
16515
16516
28749
16522
28750
16523
16519
16520
16521
28751
16527
28752
16528
16524
16525
16526
28753
16532
28754
16533
16529
16530
16531
28755
16537
28756
16538
16534
16535
16536
28757
16542
28758
16543
16539
16540
16541
28759
16547
28760
16548
16544
16545
16546
28761
16552
28762
16553
16549
16550
16551
28763
16559
28764
16560
16554
16555
16556
28765
16564
28766
16565
16561
28257
16562
36277
16563
28768
16569
28769
16570
16566
28260
16557
28734
16640
16567
16568
28770
16574
28771
16575
16571
28263
16572
16573
28772
16579
28773
16580
36269
16581
28269
16576
28266
16577
16578
28774
16584
28775
16585
16582
36758
36754
16583
28776
16589
28777
16590
16586
28272
36273
36265
16587
16588
28778
16594
28779
16595
16591
28275
36750
16592
36746
16593
28780
16599
28781
16600
16596
28278
16597
36261
16598
28782
16604
28783
16605
36742
16606
28284
16601
28281
36257
16602
16603
28784
16609
28785
16610
36738
36253
16607
16608
28786
16614
28787
16615
16611
28287
16648
36734
36249
16612
16613
28788
16619
28789
16620
16616
28290
36730
36245
16617
16618
28790
16624
28791
16625
16621
28293
16641
36726
16622
36241
16623
28792
16629
28793
16630
36722
16631
28299
16626
28296
36237
16627
16628
28794
16634
28795
16635
36718
36229
16632
16633
28797
16644
28796
16643
16636
28302
36714
36233
16646
36706
36225
16637
36710
16638
28799
16651
28798
16650
16639
28767
16754
16642
36227
16645
16647
28803
16658
28802
16657
16653
36704
16655
16649
36231
16652
16654
28806
16665
28805
16664
16660
36708
16662
16656
16667
36712
16669
36235
16659
16661
28809
16672
28808
16671
16663
36239
16666
16668
28812
16679
28811
16678
16674
36716
16676
16670
36243
16673
16675
28815
16686
28814
16685
16681
36720
16683
16677
16688
36724
16690
36247
16680
16682
28818
16693
28817
16692
16684
36251
16687
16689
28821
16700
28820
16699
16695
36728
16697
16691
36255
16694
16696
28824
16707
28823
16706
16702
36732
16704
16698
16709
36736
16711
36259
16701
16703
28827
16714
28826
16713
16705
36263
16708
16710
28830
16721
28829
16720
16716
36740
16718
16712
36267
16715
16717
28833
16728
28832
16727
16723
36744
16725
16719
16730
36748
16732
16726
16722
16724
28835
16734
28836
16735
36271
16729
16731
28838
16741
28839
16742
16733
36279
16736
16737
16738
28842
16749
28841
16748
36752
16739
36275
16751
36760
16740
36281
16743
16744
16745
28845
16756
28844
16755
36756
16746
16747
16758
36762
36283
16750
16752
28848
16761
28847
16760
16753
28800
16836
16763
36764
36285
16757
16759
28851
16766
28850
16765
16768
36766
36287
16762
16764
28853
16771
28852
16770
16773
36768
36289
16767
16769
28855
16776
28854
16775
16778
36770
36291
16772
16774
28857
16781
28856
16780
16783
36772
36293
16777
16779
28859
16786
28858
16785
16788
36774
36295
16782
16784
28861
16791
28860
16790
16793
36776
36297
16787
16789
28863
16796
28862
16795
16798
36778
36299
16792
16794
28865
16801
28864
16800
16803
36780
36301
16797
16799
28867
16806
28866
16805
16808
36782
36303
16802
16804
28869
16811
28868
16810
16813
36784
36305
16807
16809
28871
16816
28870
16815
16818
36786
36307
16812
16814
28873
16821
28872
16820
16823
36788
36309
16817
16819
28875
16826
28874
16825
16828
36790
36311
16822
16824
28877
16831
28876
16830
16833
36792
36313
16827
16829
28879
16838
28878
16837
16840
36794
36315
16832
16834
28881
16843
28880
16842
16835
28849
16918
16845
36796
36317
16839
16841
28884
16848
28883
16847
16850
36798
36319
16844
16846
28886
16853
28885
16852
16855
36800
36321
16849
16851
28888
16858
28887
16857
16860
36802
36323
16854
16856
28890
16863
28889
16862
16865
36804
36325
16859
16861
28892
16868
28891
16867
16870
36806
36327
16864
16866
28894
16873
28893
16872
16875
36808
36329
16869
16871
28896
16878
28895
16877
16880
36810
36331
16874
16876
28898
16883
28897
16882
16885
36812
36333
16879
16881
28900
16888
28899
16887
16890
36814
36335
16884
16886
28902
16893
28901
16892
16895
36816
36337
16889
16891
28904
16898
28903
16897
16900
36818
36339
16894
16896
28906
16903
28905
16902
16905
36820
36341
16899
16901
28908
16908
28907
16907
16910
36822
36343
16904
16906
28910
16913
28909
16912
16915
36824
36345
16909
16911
28912
16920
28911
16919
16922
36826
36347
16914
16916
28914
16925
28913
16924
16917
28882
17000
16927
36828
36349
16921
16923
28917
16930
28916
16929
16932
36830
36351
16926
16928
28919
16935
28918
16934
16937
36832
36353
16931
16933
28921
16940
28920
16939
16942
36834
36355
16936
16938
28923
16945
28922
16944
16947
36836
36357
16941
16943
28925
16950
28924
16949
16952
36838
36359
16946
16948
28927
16955
28926
16954
16957
36840
36361
16951
16953
28929
16960
28928
16959
16962
36842
36363
16956
16958
28931
16965
28930
16964
16967
36844
36365
16961
16963
28933
16970
28932
16969
16972
36846
36367
16966
16968
28935
16975
28934
16974
16977
36848
36369
16971
16973
28937
16980
28936
16979
16982
36850
36371
16976
16978
28939
16985
28938
16984
16987
36852
36373
16981
16983
28941
16990
28940
16989
16992
36854
36375
16986
16988
28943
16995
28942
16994
16997
36856
36377
16991
16993
28945
17002
28944
17001
17004
36858
36379
16996
16998
28947
17007
28946
17006
16999
28915
17082
17009
36860
36381
17003
17005
28950
17012
28949
17011
17014
36862
36383
17008
17010
28952
17017
28951
17016
17019
36864
36385
17013
17015
28954
17022
28953
17021
17024
36866
36387
17018
17020
28956
17027
28955
17026
17029
36868
36389
17023
17025
28958
17032
28957
17031
17034
36870
36391
17028
17030
28960
17037
28959
17036
17039
36872
36393
17033
17035
28962
17042
28961
17041
17044
36874
36395
17038
17040
28964
17047
28963
17046
17049
36876
36397
17043
17045
28966
17052
28965
17051
17054
36878
36399
17048
17050
28968
17057
28967
17056
17059
36880
36401
17053
17055
28970
17062
28969
17061
17064
36882
36403
17058
17060
28972
17067
28971
17066
17069
36884
36405
17063
17065
28974
17072
28973
17071
17074
36886
36407
17068
17070
28976
17077
28975
17076
17079
36888
36409
17073
17075
28978
17084
28977
17083
17086
36890
36411
17078
17080
28980
17089
28979
17088
17081
28948
17164
17091
36892
36413
17085
17087
28983
17094
28982
17093
17096
36894
36415
17090
17092
28985
17099
28984
17098
17101
36896
36417
17095
17097
28987
17104
28986
17103
17106
36898
36419
17100
17102
28989
17109
28988
17108
17111
36900
36421
17105
17107
28991
17114
28990
17113
17116
36902
36423
17110
17112
28993
17119
28992
17118
17121
36904
36425
17115
17117
28995
17124
28994
17123
17126
36906
36427
17120
17122
28997
17129
28996
17128
17131
36908
36429
17125
17127
28999
17134
28998
17133
17136
36910
36431
17130
17132
29001
17139
29000
17138
17141
36912
36433
17135
17137
29003
17144
29002
17143
17146
36914
36435
17140
17142
29005
17149
29004
17148
17151
36916
36437
17145
17147
29007
17154
29006
17153
17156
36918
36439
17150
17152
29009
17159
29008
17158
17161
36920
36441
17155
17157
29011
17166
29010
17165
17168
36922
36443
17160
17162
29013
17171
29012
17170
17163
28981
17246
17173
36924
36445
17167
17169
29016
17176
29015
17175
17178
36926
36447
17172
17174
29018
17181
29017
17180
17183
36928
36449
17177
17179
29020
17186
29019
17185
17188
36930
36451
17182
17184
29022
17191
29021
17190
17193
36932
36453
17187
17189
29024
17196
29023
17195
17198
36934
36455
17192
17194
29026
17201
29025
17200
17203
36936
36457
17197
17199
29028
17206
29027
17205
17208
36938
36459
17202
17204
29030
17211
29029
17210
17213
36940
36461
17207
17209
29032
17216
29031
17215
17218
36942
36463
17212
17214
29034
17221
29033
17220
17223
36944
36465
17217
17219
29036
17226
29035
17225
17228
36946
36467
17222
17224
29038
17231
29037
17230
17233
36948
36469
17227
17229
29040
17236
29039
17235
17238
36950
36471
17232
17234
29042
17241
29041
17240
17243
36952
36473
17237
17239
29044
17248
29043
17247
17250
36954
36475
17242
17244
29046
17253
29045
17252
17245
29014
17328
17255
36956
36477
17249
17251
29049
17258
29048
17257
17260
36958
36479
17254
17256
29051
17263
29050
17262
17265
36960
36481
17259
17261
29053
17268
29052
17267
17270
36962
36483
17264
17266
29055
17273
29054
17272
17275
36964
36485
17269
17271
29057
17278
29056
17277
17280
36966
36487
17274
17276
29059
17283
29058
17282
17285
36968
36489
17279
17281
29061
17288
29060
17287
17290
36970
36491
17284
17286
29063
17293
29062
17292
17295
36972
36493
17289
17291
29065
17298
29064
17297
17300
36974
36495
17294
17296
29067
17303
29066
17302
17305
36976
36497
17299
17301
29069
17308
29068
17307
17310
36978
36499
17304
17306
29071
17313
29070
17312
17315
36980
36501
17309
17311
29073
17318
29072
17317
17320
36982
36503
17314
17316
29075
17323
29074
17322
17325
36984
36505
17319
17321
29077
17330
29076
17329
17332
36986
36507
17324
17326
29079
17335
29078
17334
17327
29047
17410
17337
36988
36509
17331
17333
29082
17340
29081
17339
17342
36990
36511
17336
17338
29084
17345
29083
17344
17347
36992
36513
17341
17343
29086
17350
29085
17349
17352
36994
36515
17346
17348
29088
17355
29087
17354
17357
36996
36517
17351
17353
29090
17360
29089
17359
17362
36998
36519
17356
17358
29092
17365
29091
17364
17367
37000
36521
17361
17363
29094
17370
29093
17369
17372
37002
36523
17366
17368
29096
17375
29095
17374
17377
37004
36525
17371
17373
29098
17380
29097
17379
17382
37006
36527
17376
17378
29100
17385
29099
17384
17387
37008
36529
17381
17383
29102
17390
29101
17389
17392
37010
36531
17386
17388
29104
17395
29103
17394
17397
37012
36533
17391
17393
29106
17400
29105
17399
17402
37014
36535
17396
17398
29108
17405
29107
17404
17407
37016
36537
17401
17403
29110
17412
29109
17411
17414
37018
36539
17406
17408
29112
17417
29111
17416
17409
29080
17492
17419
37020
36541
17413
17415
29115
17422
29114
17421
17424
37022
36543
17418
17420
29117
17427
29116
17426
17429
37024
36545
17423
17425
29119
17432
29118
17431
17434
37026
36547
17428
17430
29121
17437
29120
17436
17439
37028
36549
17433
17435
29123
17442
29122
17441
17444
37030
36551
17438
17440
29125
17447
29124
17446
17449
37032
36553
17443
17445
29127
17452
29126
17451
17454
37034
36555
17448
17450
29129
17457
29128
17456
17459
37036
36557
17453
17455
29131
17462
29130
17461
17464
37038
36559
17458
17460
29133
17467
29132
17466
17469
37040
36561
17463
17465
29135
17472
29134
17471
17474
37042
36563
17468
17470
29137
17477
29136
17476
17479
37044
36565
17473
17475
29139
17482
29138
17481
17484
37046
36567
17478
17480
29141
17487
29140
17486
17489
37048
36569
17483
17485
29143
17494
29142
17493
17496
37050
36571
17488
17490
29145
17499
29144
17498
17491
29113
17574
17501
37052
36573
17495
17497
29148
17504
29147
17503
17506
37054
36575
17500
17502
29150
17509
29149
17508
17511
37056
36577
17505
17507
29152
17514
29151
17513
17516
37058
36579
17510
17512
29154
17519
29153
17518
17521
37060
36581
17515
17517
29156
17524
29155
17523
17526
37062
36583
17520
17522
29158
17529
29157
17528
17531
37064
36585
17525
17527
29160
17534
29159
17533
17536
37066
36587
17530
17532
29162
17539
29161
17538
17541
37068
36589
17535
17537
29164
17544
29163
17543
17546
37070
36591
17540
17542
29166
17549
29165
17548
17551
37072
36593
17545
17547
29168
17554
29167
17553
17556
37074
36595
17550
17552
29170
17559
29169
17558
17561
37076
36597
17555
17557
29172
17564
29171
17563
17566
37078
36599
17560
17562
29174
17569
29173
17568
17571
37080
36601
17565
17567
29176
17576
29175
17575
17578
37082
36603
17570
17572
29178
17581
29177
17580
17573
29146
17656
17583
37084
36605
17577
17579
29181
17586
29180
17585
17588
37086
36607
17582
17584
29183
17591
29182
17590
17593
37088
36609
17587
17589
29185
17596
29184
17595
17598
37090
36611
17592
17594
29187
17601
29186
17600
17603
37092
36613
17597
17599
29189
17606
29188
17605
17608
37094
36615
17602
17604
29191
17611
29190
17610
17613
37096
36617
17607
17609
29193
17616
29192
17615
17618
37098
36619
17612
17614
29195
17621
29194
17620
17623
37100
36621
17617
17619
29197
17626
29196
17625
17628
37102
36623
17622
17624
29199
17631
29198
17630
17633
37104
36625
17627
17629
29201
17636
29200
17635
17638
37106
36627
17632
17634
29203
17641
29202
17640
17643
37108
36629
17637
17639
29205
17646
29204
17645
17648
37110
36631
17642
17644
29207
17651
29206
17650
17653
37112
36633
17647
17649
29209
17658
29208
17657
17660
37114
36635
17652
17654
29211
17663
29210
17662
17655
29179
17738
17665
37116
36637
17659
17661
29214
17668
29213
17667
17670
37118
36639
17664
17666
29216
17673
29215
17672
17675
37120
36641
17669
17671
29218
17678
29217
17677
17680
37122
36643
17674
17676
29220
17683
29219
17682
17685
37124
36645
17679
17681
29222
17688
29221
17687
17690
37126
36647
17684
17686
29224
17693
29223
17692
17695
37128
36649
17689
17691
29226
17698
29225
17697
17700
37130
36651
17694
17696
29228
17703
29227
17702
17705
37132
36653
17699
17701
29230
17708
29229
17707
17710
37134
36655
17704
17706
29232
17713
29231
17712
17715
37136
36657
17709
17711
29234
17718
29233
17717
17720
37138
36659
17714
17716
29236
17723
29235
17722
17725
37140
36661
17719
17721
29238
17728
29237
17727
17730
37142
36663
17724
17726
29240
17733
29239
17732
17735
37144
36665
17729
17731
29242
17740
29241
17739
17742
37146
36667
17734
17736
29244
17745
29243
17744
17737
29212
17820
17747
37148
36669
17741
17743
29247
17750
29246
17749
17752
37150
36671
17746
17748
29249
17755
29248
17754
17757
37152
36673
17751
17753
29251
17760
29250
17759
17762
37154
36675
17756
17758
29253
17765
29252
17764
17767
37156
36677
17761
17763
29255
17770
29254
17769
17772
37158
36679
17766
17768
29257
17775
29256
17774
17777
37160
36681
17771
17773
29259
17780
29258
17779
17782
37162
36683
17776
17778
29261
17785
29260
17784
17787
37164
36685
17781
17783
29263
17790
29262
17789
17792
37166
36687
17786
17788
29265
17795
29264
17794
17797
37168
36689
17791
17793
29267
17800
29266
17799
17802
37170
36691
17796
17798
29269
17805
29268
17804
17807
37172
36693
17801
17803
29271
17810
29270
17809
17812
37174
36695
17806
17808
29273
17815
29272
17814
17817
37176
36697
17811
17813
29275
17822
29274
17821
17824
37178
36699
17816
17818
29277
17827
29276
17826
17819
29245
17902
17829
37180
36701
17823
17825
29280
17832
29279
17831
17834
37182
36703
17828
17830
29281
17836
29282
17837
17833
17835
29283
17841
29284
17842
17838
17839
17840
29285
17846
29286
17847
17843
17844
17845
29287
17851
29288
17852
17848
17849
17850
29289
17856
29290
17857
17853
17854
17855
29291
17861
29292
17862
17858
17859
17860
29293
17866
29294
17867
17863
17864
17865
29295
17871
29296
17872
17868
17869
17870
29297
17876
29298
17877
17873
17874
17875
29299
17881
29300
17882
17878
17879
17880
29301
17886
29302
17887
17883
17884
17885
29303
17891
29304
17892
17888
17889
17890
29305
17896
29306
17897
17893
17894
17895
29307
17903
29308
17904
17898
17899
17900
29309
17908
29310
17909
17905
28801
17906
36751
17907
29312
17913
29313
17914
17910
28804
17901
29278
17984
17911
17912
29314
17918
29315
17919
17915
28807
17916
37240
17917
29316
17923
29317
17924
36759
17925
28813
17920
28810
36755
17921
17922
29318
17928
29319
17929
37236
36747
17926
17927
29320
17933
29321
17934
17930
28816
37232
17931
37228
17932
29322
17938
29323
17939
17935
28819
17936
36743
17937
29324
17943
29325
17944
37224
17945
28825
17940
28822
36739
17941
17942
29326
17948
29327
17949
37220
36735
17946
17947
29328
17953
29329
17954
17950
28828
37216
36731
17951
17952
29330
17958
29331
17959
17955
28831
37212
17956
36727
17957
29332
17963
29333
17964
37208
17965
28837
17960
28834
36723
17961
17962
29334
17968
29335
17969
37204
36719
17966
17967
29336
17973
29337
17974
37200
17975
28843
17970
28840
17992
36715
17971
17972
29338
17978
29339
17979
37196
36707
17976
17977
29341
17988
29340
17987
37192
36711
17990
37184
17980
28846
17985
36705
17981
37188
17982
29343
17995
29342
17994
17983
29311
18098
17986
36709
17989
17991
29347
18002
29346
18001
17997
37186
17999
17993
36713
17996
17998
29350
18009
29349
18008
18004
37190
18006
18000
18011
37194
18013
36717
18003
18005
29353
18016
29352
18015
18007
36721
18010
18012
29356
18023
29355
18022
18018
37198
18020
18014
36725
18017
18019
29359
18030
29358
18029
18025
37202
18027
18021
18032
37206
18034
36729
18024
18026
29362
18037
29361
18036
18028
36733
18031
18033
29365
18044
29364
18043
18039
37210
18041
18035
36737
18038
18040
29368
18051
29367
18050
18046
37214
18048
18042
18053
37218
18055
36741
18045
18047
29371
18058
29370
18057
18049
36745
18052
18054
29374
18065
29373
18064
18060
37222
18062
18056
36749
18059
18061
29377
18072
29376
18071
18067
37226
18069
18063
18074
37230
18076
18070
18066
18068
29379
18078
29380
18079
36753
18073
18075
29382
18085
29383
18086
18077
36761
18080
18081
18082
29386
18093
29385
18092
37234
18083
36757
18095
37242
18084
36763
18087
18088
18089
29389
18100
29388
18099
37238
18090
18091
18102
37244
36765
18094
18096
29392
18105
29391
18104
18097
29344
18180
18107
37246
36767
18101
18103
29395
18110
29394
18109
18112
37248
36769
18106
18108
29397
18115
29396
18114
18117
37250
36771
18111
18113
29399
18120
29398
18119
18122
37252
36773
18116
18118
29401
18125
29400
18124
18127
37254
36775
18121
18123
29403
18130
29402
18129
18132
37256
36777
18126
18128
29405
18135
29404
18134
18137
37258
36779
18131
18133
29407
18140
29406
18139
18142
37260
36781
18136
18138
29409
18145
29408
18144
18147
37262
36783
18141
18143
29411
18150
29410
18149
18152
37264
36785
18146
18148
29413
18155
29412
18154
18157
37266
36787
18151
18153
29415
18160
29414
18159
18162
37268
36789
18156
18158
29417
18165
29416
18164
18167
37270
36791
18161
18163
29419
18170
29418
18169
18172
37272
36793
18166
18168
29421
18175
29420
18174
18177
37274
36795
18171
18173
29423
18182
29422
18181
18184
37276
36797
18176
18178
29425
18187
29424
18186
18179
29393
18262
18189
37278
36799
18183
18185
29428
18192
29427
18191
18194
37280
36801
18188
18190
29430
18197
29429
18196
18199
37282
36803
18193
18195
29432
18202
29431
18201
18204
37284
36805
18198
18200
29434
18207
29433
18206
18209
37286
36807
18203
18205
29436
18212
29435
18211
18214
37288
36809
18208
18210
29438
18217
29437
18216
18219
37290
36811
18213
18215
29440
18222
29439
18221
18224
37292
36813
18218
18220
29442
18227
29441
18226
18229
37294
36815
18223
18225
29444
18232
29443
18231
18234
37296
36817
18228
18230
29446
18237
29445
18236
18239
37298
36819
18233
18235
29448
18242
29447
18241
18244
37300
36821
18238
18240
29450
18247
29449
18246
18249
37302
36823
18243
18245
29452
18252
29451
18251
18254
37304
36825
18248
18250
29454
18257
29453
18256
18259
37306
36827
18253
18255
29456
18264
29455
18263
18266
37308
36829
18258
18260
29458
18269
29457
18268
18261
29426
18344
18271
37310
36831
18265
18267
29461
18274
29460
18273
18276
37312
36833
18270
18272
29463
18279
29462
18278
18281
37314
36835
18275
18277
29465
18284
29464
18283
18286
37316
36837
18280
18282
29467
18289
29466
18288
18291
37318
36839
18285
18287
29469
18294
29468
18293
18296
37320
36841
18290
18292
29471
18299
29470
18298
18301
37322
36843
18295
18297
29473
18304
29472
18303
18306
37324
36845
18300
18302
29475
18309
29474
18308
18311
37326
36847
18305
18307
29477
18314
29476
18313
18316
37328
36849
18310
18312
29479
18319
29478
18318
18321
37330
36851
18315
18317
29481
18324
29480
18323
18326
37332
36853
18320
18322
29483
18329
29482
18328
18331
37334
36855
18325
18327
29485
18334
29484
18333
18336
37336
36857
18330
18332
29487
18339
29486
18338
18341
37338
36859
18335
18337
29489
18346
29488
18345
18348
37340
36861
18340
18342
29491
18351
29490
18350
18343
29459
18426
18353
37342
36863
18347
18349
29494
18356
29493
18355
18358
37344
36865
18352
18354
29496
18361
29495
18360
18363
37346
36867
18357
18359
29498
18366
29497
18365
18368
37348
36869
18362
18364
29500
18371
29499
18370
18373
37350
36871
18367
18369
29502
18376
29501
18375
18378
37352
36873
18372
18374
29504
18381
29503
18380
18383
37354
36875
18377
18379
29506
18386
29505
18385
18388
37356
36877
18382
18384
29508
18391
29507
18390
18393
37358
36879
18387
18389
29510
18396
29509
18395
18398
37360
36881
18392
18394
29512
18401
29511
18400
18403
37362
36883
18397
18399
29514
18406
29513
18405
18408
37364
36885
18402
18404
29516
18411
29515
18410
18413
37366
36887
18407
18409
29518
18416
29517
18415
18418
37368
36889
18412
18414
29520
18421
29519
18420
18423
37370
36891
18417
18419
29522
18428
29521
18427
18430
37372
36893
18422
18424
29524
18433
29523
18432
18425
29492
18508
18435
37374
36895
18429
18431
29527
18438
29526
18437
18440
37376
36897
18434
18436
29529
18443
29528
18442
18445
37378
36899
18439
18441
29531
18448
29530
18447
18450
37380
36901
18444
18446
29533
18453
29532
18452
18455
37382
36903
18449
18451
29535
18458
29534
18457
18460
37384
36905
18454
18456
29537
18463
29536
18462
18465
37386
36907
18459
18461
29539
18468
29538
18467
18470
37388
36909
18464
18466
29541
18473
29540
18472
18475
37390
36911
18469
18471
29543
18478
29542
18477
18480
37392
36913
18474
18476
29545
18483
29544
18482
18485
37394
36915
18479
18481
29547
18488
29546
18487
18490
37396
36917
18484
18486
29549
18493
29548
18492
18495
37398
36919
18489
18491
29551
18498
29550
18497
18500
37400
36921
18494
18496
29553
18503
29552
18502
18505
37402
36923
18499
18501
29555
18510
29554
18509
18512
37404
36925
18504
18506
29557
18515
29556
18514
18507
29525
18590
18517
37406
36927
18511
18513
29560
18520
29559
18519
18522
37408
36929
18516
18518
29562
18525
29561
18524
18527
37410
36931
18521
18523
29564
18530
29563
18529
18532
37412
36933
18526
18528
29566
18535
29565
18534
18537
37414
36935
18531
18533
29568
18540
29567
18539
18542
37416
36937
18536
18538
29570
18545
29569
18544
18547
37418
36939
18541
18543
29572
18550
29571
18549
18552
37420
36941
18546
18548
29574
18555
29573
18554
18557
37422
36943
18551
18553
29576
18560
29575
18559
18562
37424
36945
18556
18558
29578
18565
29577
18564
18567
37426
36947
18561
18563
29580
18570
29579
18569
18572
37428
36949
18566
18568
29582
18575
29581
18574
18577
37430
36951
18571
18573
29584
18580
29583
18579
18582
37432
36953
18576
18578
29586
18585
29585
18584
18587
37434
36955
18581
18583
29588
18592
29587
18591
18594
37436
36957
18586
18588
29590
18597
29589
18596
18589
29558
18672
18599
37438
36959
18593
18595
29593
18602
29592
18601
18604
37440
36961
18598
18600
29595
18607
29594
18606
18609
37442
36963
18603
18605
29597
18612
29596
18611
18614
37444
36965
18608
18610
29599
18617
29598
18616
18619
37446
36967
18613
18615
29601
18622
29600
18621
18624
37448
36969
18618
18620
29603
18627
29602
18626
18629
37450
36971
18623
18625
29605
18632
29604
18631
18634
37452
36973
18628
18630
29607
18637
29606
18636
18639
37454
36975
18633
18635
29609
18642
29608
18641
18644
37456
36977
18638
18640
29611
18647
29610
18646
18649
37458
36979
18643
18645
29613
18652
29612
18651
18654
37460
36981
18648
18650
29615
18657
29614
18656
18659
37462
36983
18653
18655
29617
18662
29616
18661
18664
37464
36985
18658
18660
29619
18667
29618
18666
18669
37466
36987
18663
18665
29621
18674
29620
18673
18676
37468
36989
18668
18670
29623
18679
29622
18678
18671
29591
18754
18681
37470
36991
18675
18677
29626
18684
29625
18683
18686
37472
36993
18680
18682
29628
18689
29627
18688
18691
37474
36995
18685
18687
29630
18694
29629
18693
18696
37476
36997
18690
18692
29632
18699
29631
18698
18701
37478
36999
18695
18697
29634
18704
29633
18703
18706
37480
37001
18700
18702
29636
18709
29635
18708
18711
37482
37003
18705
18707
29638
18714
29637
18713
18716
37484
37005
18710
18712
29640
18719
29639
18718
18721
37486
37007
18715
18717
29642
18724
29641
18723
18726
37488
37009
18720
18722
29644
18729
29643
18728
18731
37490
37011
18725
18727
29646
18734
29645
18733
18736
37492
37013
18730
18732
29648
18739
29647
18738
18741
37494
37015
18735
18737
29650
18744
29649
18743
18746
37496
37017
18740
18742
29652
18749
29651
18748
18751
37498
37019
18745
18747
29654
18756
29653
18755
18758
37500
37021
18750
18752
29656
18761
29655
18760
18753
29624
18836
18763
37502
37023
18757
18759
29659
18766
29658
18765
18768
37504
37025
18762
18764
29661
18771
29660
18770
18773
37506
37027
18767
18769
29663
18776
29662
18775
18778
37508
37029
18772
18774
29665
18781
29664
18780
18783
37510
37031
18777
18779
29667
18786
29666
18785
18788
37512
37033
18782
18784
29669
18791
29668
18790
18793
37514
37035
18787
18789
29671
18796
29670
18795
18798
37516
37037
18792
18794
29673
18801
29672
18800
18803
37518
37039
18797
18799
29675
18806
29674
18805
18808
37520
37041
18802
18804
29677
18811
29676
18810
18813
37522
37043
18807
18809
29679
18816
29678
18815
18818
37524
37045
18812
18814
29681
18821
29680
18820
18823
37526
37047
18817
18819
29683
18826
29682
18825
18828
37528
37049
18822
18824
29685
18831
29684
18830
18833
37530
37051
18827
18829
29687
18838
29686
18837
18840
37532
37053
18832
18834
29689
18843
29688
18842
18835
29657
18918
18845
37534
37055
18839
18841
29692
18848
29691
18847
18850
37536
37057
18844
18846
29694
18853
29693
18852
18855
37538
37059
18849
18851
29696
18858
29695
18857
18860
37540
37061
18854
18856
29698
18863
29697
18862
18865
37542
37063
18859
18861
29700
18868
29699
18867
18870
37544
37065
18864
18866
29702
18873
29701
18872
18875
37546
37067
18869
18871
29704
18878
29703
18877
18880
37548
37069
18874
18876
29706
18883
29705
18882
18885
37550
37071
18879
18881
29708
18888
29707
18887
18890
37552
37073
18884
18886
29710
18893
29709
18892
18895
37554
37075
18889
18891
29712
18898
29711
18897
18900
37556
37077
18894
18896
29714
18903
29713
18902
18905
37558
37079
18899
18901
29716
18908
29715
18907
18910
37560
37081
18904
18906
29718
18913
29717
18912
18915
37562
37083
18909
18911
29720
18920
29719
18919
18922
37564
37085
18914
18916
29722
18925
29721
18924
18917
29690
19000
18927
37566
37087
18921
18923
29725
18930
29724
18929
18932
37568
37089
18926
18928
29727
18935
29726
18934
18937
37570
37091
18931
18933
29729
18940
29728
18939
18942
37572
37093
18936
18938
29731
18945
29730
18944
18947
37574
37095
18941
18943
29733
18950
29732
18949
18952
37576
37097
18946
18948
29735
18955
29734
18954
18957
37578
37099
18951
18953
29737
18960
29736
18959
18962
37580
37101
18956
18958
29739
18965
29738
18964
18967
37582
37103
18961
18963
29741
18970
29740
18969
18972
37584
37105
18966
18968
29743
18975
29742
18974
18977
37586
37107
18971
18973
29745
18980
29744
18979
18982
37588
37109
18976
18978
29747
18985
29746
18984
18987
37590
37111
18981
18983
29749
18990
29748
18989
18992
37592
37113
18986
18988
29751
18995
29750
18994
18997
37594
37115
18991
18993
29753
19002
29752
19001
19004
37596
37117
18996
18998
29755
19007
29754
19006
18999
29723
19082
19009
37598
37119
19003
19005
29758
19012
29757
19011
19014
37600
37121
19008
19010
29760
19017
29759
19016
19019
37602
37123
19013
19015
29762
19022
29761
19021
19024
37604
37125
19018
19020
29764
19027
29763
19026
19029
37606
37127
19023
19025
29766
19032
29765
19031
19034
37608
37129
19028
19030
29768
19037
29767
19036
19039
37610
37131
19033
19035
29770
19042
29769
19041
19044
37612
37133
19038
19040
29772
19047
29771
19046
19049
37614
37135
19043
19045
29774
19052
29773
19051
19054
37616
37137
19048
19050
29776
19057
29775
19056
19059
37618
37139
19053
19055
29778
19062
29777
19061
19064
37620
37141
19058
19060
29780
19067
29779
19066
19069
37622
37143
19063
19065
29782
19072
29781
19071
19074
37624
37145
19068
19070
29784
19077
29783
19076
19079
37626
37147
19073
19075
29786
19084
29785
19083
19086
37628
37149
19078
19080
29788
19089
29787
19088
19081
29756
19164
19091
37630
37151
19085
19087
29791
19094
29790
19093
19096
37632
37153
19090
19092
29793
19099
29792
19098
19101
37634
37155
19095
19097
29795
19104
29794
19103
19106
37636
37157
19100
19102
29797
19109
29796
19108
19111
37638
37159
19105
19107
29799
19114
29798
19113
19116
37640
37161
19110
19112
29801
19119
29800
19118
19121
37642
37163
19115
19117
29803
19124
29802
19123
19126
37644
37165
19120
19122
29805
19129
29804
19128
19131
37646
37167
19125
19127
29807
19134
29806
19133
19136
37648
37169
19130
19132
29809
19139
29808
19138
19141
37650
37171
19135
19137
29811
19144
29810
19143
19146
37652
37173
19140
19142
29813
19149
29812
19148
19151
37654
37175
19145
19147
29815
19154
29814
19153
19156
37656
37177
19150
19152
29817
19159
29816
19158
19161
37658
37179
19155
19157
29819
19166
29818
19165
19168
37660
37181
19160
19162
29821
19171
29820
19170
19163
29789
19246
19173
37662
37183
19167
19169
29823
19175
29824
19176
19172
19174
29825
19180
29826
19181
19177
19178
19179
29827
19185
29828
19186
19182
19183
19184
29829
19190
29830
19191
19187
19188
19189
29831
19195
29832
19196
19192
19193
19194
29833
19200
29834
19201
19197
19198
19199
29835
19205
29836
19206
19202
19203
19204
29837
19210
29838
19211
19207
19208
19209
29839
19215
29840
19216
19212
19213
19214
29841
19220
29842
19221
19217
19218
19219
29843
19225
29844
19226
19222
19223
19224
29845
19230
29846
19231
19227
19228
19229
29847
19235
29848
19236
19232
19233
19234
29849
19240
29850
19241
19237
19238
19239
29851
19247
29852
19248
19249
29345
19250
37241
19251
29856
19257
29857
19258
19259
29351
19242
19243
19244
29853
19252
29854
19253
19254
29348
19245
29822
19328
37237
19255
19256
29858
19262
29859
19263
19260
37722
37718
19261
29860
19267
29861
19268
19264
29354
19265
37233
19266
29862
19272
29863
19273
37714
19274
29360
19269
29357
37229
19270
19271
29864
19277
29865
19278
37710
37225
19275
19276
29866
19282
29867
19283
19279
29363
37706
19280
37221
19281
29868
19287
29869
19288
37702
19289
29369
19284
29366
37217
19285
19286
29870
19292
29871
19293
37698
37213
19290
19291
29872
19297
29873
19298
19294
29372
37694
19295
37209
19296
29874
19302
29875
19303
37690
19304
29378
19299
29375
37205
19300
19301
29876
19307
29877
19308
37686
37201
19305
19306
29878
19312
29879
19313
19309
29381
19329
37682
37197
19310
19311
29880
19317
29881
19318
19314
29384
37678
19315
37189
19319
29387
19316
29882
19322
29883
19323
37674
19324
29390
37193
19325
37666
37185
19320
19321
29885
19332
29884
19331
37670
19326
29887
19339
29886
19338
19327
29855
19442
37187
19334
37664
19336
19330
37191
19333
19335
29891
19346
29890
19345
19341
37668
19343
19337
37195
19340
19342
29894
19353
29893
19352
19348
37672
19350
19344
19355
37676
19357
37199
19347
19349
29897
19360
29896
19359
19351
37203
19354
19356
29900
19367
29899
19366
19362
37680
19364
19358
37207
19361
19363
29903
19374
29902
19373
19369
37684
19371
19365
19376
37688
19378
37211
19368
19370
29906
19381
29905
19380
19372
37215
19375
19377
29909
19388
29908
19387
19383
37692
19385
19379
37219
19382
19384
29912
19395
29911
19394
19390
37696
19392
19386
19397
37700
19399
37223
19389
19391
29915
19402
29914
19401
19393
37227
19396
19398
29918
19409
29917
19408
19404
37704
19406
19400
37231
19403
19405
29921
19416
29920
19415
19411
37708
19413
19407
19418
37712
19420
19414
19410
19412
29923
19422
29924
19423
37235
19417
19419
29926
19429
29927
19430
19421
37243
19424
19425
19426
29930
19437
29929
19436
37716
19427
37239
19439
37724
19428
37245
19431
19432
19433
29933
19444
29932
19443
37720
19434
19435
19446
37726
37247
19438
19440
29936
19449
29935
19448
19441
29888
19524
19451
37728
37249
19445
19447
29939
19454
29938
19453
19456
37730
37251
19450
19452
29941
19459
29940
19458
19461
37732
37253
19455
19457
29943
19464
29942
19463
19466
37734
37255
19460
19462
29945
19469
29944
19468
19471
37736
37257
19465
19467
29947
19474
29946
19473
19476
37738
37259
19470
19472
29949
19479
29948
19478
19481
37740
37261
19475
19477
29951
19484
29950
19483
19486
37742
37263
19480
19482
29953
19489
29952
19488
19491
37744
37265
19485
19487
29955
19494
29954
19493
19496
37746
37267
19490
19492
29957
19499
29956
19498
19501
37748
37269
19495
19497
29959
19504
29958
19503
19506
37750
37271
19500
19502
29961
19509
29960
19508
19511
37752
37273
19505
19507
29963
19514
29962
19513
19516
37754
37275
19510
19512
29965
19519
29964
19518
19521
37756
37277
19515
19517
29967
19526
29966
19525
19528
37758
37279
19520
19522
29969
19531
29968
19530
19523
29937
19606
19533
37760
37281
19527
19529
29972
19536
29971
19535
19538
37762
37283
19532
19534
29974
19541
29973
19540
19543
37764
37285
19537
19539
29976
19546
29975
19545
19548
37766
37287
19542
19544
29978
19551
29977
19550
19553
37768
37289
19547
19549
29980
19556
29979
19555
19558
37770
37291
19552
19554
29982
19561
29981
19560
19563
37772
37293
19557
19559
29984
19566
29983
19565
19568
37774
37295
19562
19564
29986
19571
29985
19570
19573
37776
37297
19567
19569
29988
19576
29987
19575
19578
37778
37299
19572
19574
29990
19581
29989
19580
19583
37780
37301
19577
19579
29992
19586
29991
19585
19588
37782
37303
19582
19584
29994
19591
29993
19590
19593
37784
37305
19587
19589
29996
19596
29995
19595
19598
37786
37307
19592
19594
29998
19601
29997
19600
19603
37788
37309
19597
19599
30000
19608
29999
19607
19610
37790
37311
19602
19604
30002
19613
30001
19612
19605
29970
19688
19615
37792
37313
19609
19611
30005
19618
30004
19617
19620
37794
37315
19614
19616
30007
19623
30006
19622
19625
37796
37317
19619
19621
30009
19628
30008
19627
19630
37798
37319
19624
19626
30011
19633
30010
19632
19635
37800
37321
19629
19631
30013
19638
30012
19637
19640
37802
37323
19634
19636
30015
19643
30014
19642
19645
37804
37325
19639
19641
30017
19648
30016
19647
19650
37806
37327
19644
19646
30019
19653
30018
19652
19655
37808
37329
19649
19651
30021
19658
30020
19657
19660
37810
37331
19654
19656
30023
19663
30022
19662
19665
37812
37333
19659
19661
30025
19668
30024
19667
19670
37814
37335
19664
19666
30027
19673
30026
19672
19675
37816
37337
19669
19671
30029
19678
30028
19677
19680
37818
37339
19674
19676
30031
19683
30030
19682
19685
37820
37341
19679
19681
30033
19690
30032
19689
19692
37822
37343
19684
19686
30035
19695
30034
19694
19687
30003
19770
19697
37824
37345
19691
19693
30038
19700
30037
19699
19702
37826
37347
19696
19698
30040
19705
30039
19704
19707
37828
37349
19701
19703
30042
19710
30041
19709
19712
37830
37351
19706
19708
30044
19715
30043
19714
19717
37832
37353
19711
19713
30046
19720
30045
19719
19722
37834
37355
19716
19718
30048
19725
30047
19724
19727
37836
37357
19721
19723
30050
19730
30049
19729
19732
37838
37359
19726
19728
30052
19735
30051
19734
19737
37840
37361
19731
19733
30054
19740
30053
19739
19742
37842
37363
19736
19738
30056
19745
30055
19744
19747
37844
37365
19741
19743
30058
19750
30057
19749
19752
37846
37367
19746
19748
30060
19755
30059
19754
19757
37848
37369
19751
19753
30062
19760
30061
19759
19762
37850
37371
19756
19758
30064
19765
30063
19764
19767
37852
37373
19761
19763
30066
19772
30065
19771
19774
37854
37375
19766
19768
30068
19777
30067
19776
19769
30036
19852
19779
37856
37377
19773
19775
30071
19782
30070
19781
19784
37858
37379
19778
19780
30073
19787
30072
19786
19789
37860
37381
19783
19785
30075
19792
30074
19791
19794
37862
37383
19788
19790
30077
19797
30076
19796
19799
37864
37385
19793
19795
30079
19802
30078
19801
19804
37866
37387
19798
19800
30081
19807
30080
19806
19809
37868
37389
19803
19805
30083
19812
30082
19811
19814
37870
37391
19808
19810
30085
19817
30084
19816
19819
37872
37393
19813
19815
30087
19822
30086
19821
19824
37874
37395
19818
19820
30089
19827
30088
19826
19829
37876
37397
19823
19825
30091
19832
30090
19831
19834
37878
37399
19828
19830
30093
19837
30092
19836
19839
37880
37401
19833
19835
30095
19842
30094
19841
19844
37882
37403
19838
19840
30097
19847
30096
19846
19849
37884
37405
19843
19845
30099
19854
30098
19853
19856
37886
37407
19848
19850
30101
19859
30100
19858
19851
30069
19934
19861
37888
37409
19855
19857
30104
19864
30103
19863
19866
37890
37411
19860
19862
30106
19869
30105
19868
19871
37892
37413
19865
19867
30108
19874
30107
19873
19876
37894
37415
19870
19872
30110
19879
30109
19878
19881
37896
37417
19875
19877
30112
19884
30111
19883
19886
37898
37419
19880
19882
30114
19889
30113
19888
19891
37900
37421
19885
19887
30116
19894
30115
19893
19896
37902
37423
19890
19892
30118
19899
30117
19898
19901
37904
37425
19895
19897
30120
19904
30119
19903
19906
37906
37427
19900
19902
30122
19909
30121
19908
19911
37908
37429
19905
19907
30124
19914
30123
19913
19916
37910
37431
19910
19912
30126
19919
30125
19918
19921
37912
37433
19915
19917
30128
19924
30127
19923
19926
37914
37435
19920
19922
30130
19929
30129
19928
19931
37916
37437
19925
19927
30132
19936
30131
19935
19938
37918
37439
19930
19932
30134
19941
30133
19940
19933
30102
20016
19943
37920
37441
19937
19939
30137
19946
30136
19945
19948
37922
37443
19942
19944
30139
19951
30138
19950
19953
37924
37445
19947
19949
30141
19956
30140
19955
19958
37926
37447
19952
19954
30143
19961
30142
19960
19963
37928
37449
19957
19959
30145
19966
30144
19965
19968
37930
37451
19962
19964
30147
19971
30146
19970
19973
37932
37453
19967
19969
30149
19976
30148
19975
19978
37934
37455
19972
19974
30151
19981
30150
19980
19983
37936
37457
19977
19979
30153
19986
30152
19985
19988
37938
37459
19982
19984
30155
19991
30154
19990
19993
37940
37461
19987
19989
30157
19996
30156
19995
19998
37942
37463
19992
19994
30159
20001
30158
20000
20003
37944
37465
19997
19999
30161
20006
30160
20005
20008
37946
37467
20002
20004
30163
20011
30162
20010
20013
37948
37469
20007
20009
30165
20018
30164
20017
20020
37950
37471
20012
20014
30167
20023
30166
20022
20015
30135
20098
20025
37952
37473
20019
20021
30170
20028
30169
20027
20030
37954
37475
20024
20026
30172
20033
30171
20032
20035
37956
37477
20029
20031
30174
20038
30173
20037
20040
37958
37479
20034
20036
30176
20043
30175
20042
20045
37960
37481
20039
20041
30178
20048
30177
20047
20050
37962
37483
20044
20046
30180
20053
30179
20052
20055
37964
37485
20049
20051
30182
20058
30181
20057
20060
37966
37487
20054
20056
30184
20063
30183
20062
20065
37968
37489
20059
20061
30186
20068
30185
20067
20070
37970
37491
20064
20066
30188
20073
30187
20072
20075
37972
37493
20069
20071
30190
20078
30189
20077
20080
37974
37495
20074
20076
30192
20083
30191
20082
20085
37976
37497
20079
20081
30194
20088
30193
20087
20090
37978
37499
20084
20086
30196
20093
30195
20092
20095
37980
37501
20089
20091
30198
20100
30197
20099
20102
37982
37503
20094
20096
30200
20105
30199
20104
20097
30168
20180
20107
37984
37505
20101
20103
30203
20110
30202
20109
20112
37986
37507
20106
20108
30205
20115
30204
20114
20117
37988
37509
20111
20113
30207
20120
30206
20119
20122
37990
37511
20116
20118
30209
20125
30208
20124
20127
37992
37513
20121
20123
30211
20130
30210
20129
20132
37994
37515
20126
20128
30213
20135
30212
20134
20137
37996
37517
20131
20133
30215
20140
30214
20139
20142
37998
37519
20136
20138
30217
20145
30216
20144
20147
38000
37521
20141
20143
30219
20150
30218
20149
20152
38002
37523
20146
20148
30221
20155
30220
20154
20157
38004
37525
20151
20153
30223
20160
30222
20159
20162
38006
37527
20156
20158
30225
20165
30224
20164
20167
38008
37529
20161
20163
30227
20170
30226
20169
20172
38010
37531
20166
20168
30229
20175
30228
20174
20177
38012
37533
20171
20173
30231
20182
30230
20181
20184
38014
37535
20176
20178
30233
20187
30232
20186
20179
30201
20262
20189
38016
37537
20183
20185
30236
20192
30235
20191
20194
38018
37539
20188
20190
30238
20197
30237
20196
20199
38020
37541
20193
20195
30240
20202
30239
20201
20204
38022
37543
20198
20200
30242
20207
30241
20206
20209
38024
37545
20203
20205
30244
20212
30243
20211
20214
38026
37547
20208
20210
30246
20217
30245
20216
20219
38028
37549
20213
20215
30248
20222
30247
20221
20224
38030
37551
20218
20220
30250
20227
30249
20226
20229
38032
37553
20223
20225
30252
20232
30251
20231
20234
38034
37555
20228
20230
30254
20237
30253
20236
20239
38036
37557
20233
20235
30256
20242
30255
20241
20244
38038
37559
20238
20240
30258
20247
30257
20246
20249
38040
37561
20243
20245
30260
20252
30259
20251
20254
38042
37563
20248
20250
30262
20257
30261
20256
20259
38044
37565
20253
20255
30264
20264
30263
20263
20266
38046
37567
20258
20260
30266
20269
30265
20268
20261
30234
20344
20271
38048
37569
20265
20267
30269
20274
30268
20273
20276
38050
37571
20270
20272
30271
20279
30270
20278
20281
38052
37573
20275
20277
30273
20284
30272
20283
20286
38054
37575
20280
20282
30275
20289
30274
20288
20291
38056
37577
20285
20287
30277
20294
30276
20293
20296
38058
37579
20290
20292
30279
20299
30278
20298
20301
38060
37581
20295
20297
30281
20304
30280
20303
20306
38062
37583
20300
20302
30283
20309
30282
20308
20311
38064
37585
20305
20307
30285
20314
30284
20313
20316
38066
37587
20310
20312
30287
20319
30286
20318
20321
38068
37589
20315
20317
30289
20324
30288
20323
20326
38070
37591
20320
20322
30291
20329
30290
20328
20331
38072
37593
20325
20327
30293
20334
30292
20333
20336
38074
37595
20330
20332
30295
20339
30294
20338
20341
38076
37597
20335
20337
30297
20346
30296
20345
20348
38078
37599
20340
20342
30299
20351
30298
20350
20343
30267
20426
20353
38080
37601
20347
20349
30302
20356
30301
20355
20358
38082
37603
20352
20354
30304
20361
30303
20360
20363
38084
37605
20357
20359
30306
20366
30305
20365
20368
38086
37607
20362
20364
30308
20371
30307
20370
20373
38088
37609
20367
20369
30310
20376
30309
20375
20378
38090
37611
20372
20374
30312
20381
30311
20380
20383
38092
37613
20377
20379
30314
20386
30313
20385
20388
38094
37615
20382
20384
30316
20391
30315
20390
20393
38096
37617
20387
20389
30318
20396
30317
20395
20398
38098
37619
20392
20394
30320
20401
30319
20400
20403
38100
37621
20397
20399
30322
20406
30321
20405
20408
38102
37623
20402
20404
30324
20411
30323
20410
20413
38104
37625
20407
20409
30326
20416
30325
20415
20418
38106
37627
20412
20414
30328
20421
30327
20420
20423
38108
37629
20417
20419
30330
20428
30329
20427
20430
38110
37631
20422
20424
30332
20433
30331
20432
20425
30300
20508
20435
38112
37633
20429
20431
30335
20438
30334
20437
20440
38114
37635
20434
20436
30337
20443
30336
20442
20445
38116
37637
20439
20441
30339
20448
30338
20447
20450
38118
37639
20444
20446
30341
20453
30340
20452
20455
38120
37641
20449
20451
30343
20458
30342
20457
20460
38122
37643
20454
20456
30345
20463
30344
20462
20465
38124
37645
20459
20461
30347
20468
30346
20467
20470
38126
37647
20464
20466
30349
20473
30348
20472
20475
38128
37649
20469
20471
30351
20478
30350
20477
20480
38130
37651
20474
20476
30353
20483
30352
20482
20485
38132
37653
20479
20481
30355
20488
30354
20487
20490
38134
37655
20484
20486
30357
20493
30356
20492
20495
38136
37657
20489
20491
30359
20498
30358
20497
20500
38138
37659
20494
20496
30361
20503
30360
20502
20505
38140
37661
20499
20501
30363
20510
30362
20509
20512
38142
37663
20504
20506
30364
20514
30365
20515
20511
20513
30367
20519
30368
20520
20516
20507
30333
20590
20517
20518
30369
20524
30370
20525
20521
20522
20523
30371
20529
30372
20530
20526
20527
20528
30373
20534
30374
20535
20531
20532
20533
30375
20539
30376
20540
20536
20537
20538
30377
20544
30378
20545
20541
20542
20543
30379
20549
30380
20550
20546
20547
20548
30381
20554
30382
20555
20551
20552
20553
30383
20559
30384
20560
20556
20557
20558
30385
20564
30386
20565
20561
20562
20563
30387
20569
30388
20570
20566
20567
20568
30389
20574
30390
20575
20571
20572
20573
30391
20579
30392
20580
20576
20577
20578
30393
20584
30394
20585
20581
20582
20583
30395
20591
30396
20592
20586
20587
20588
30397
20596
30398
20597
20593
29889
20594
37715
38174
20595
30400
20601
30401
20602
20598
29892
20589
30366
20672
20603
29895
37723
37719
20599
20600
30402
20606
30403
20607
38172
20604
37725
20605
30404
20611
30405
20612
38170
20613
29901
20608
29898
20609
20610
30406
20616
30407
20617
38168
20618
29904
37711
20614
37707
20615
30408
20621
30409
20622
38166
20623
29907
37703
20619
20620
30410
20626
30411
20627
38164
20624
37699
20625
30412
20631
30413
20632
38162
20633
29913
20628
29910
37695
20629
20630
30414
20636
30415
20637
38160
20634
37691
20635
30416
20641
30417
20642
38158
20643
29919
20638
29916
37687
20639
20640
30418
20646
30419
20647
38156
37683
20644
20645
30420
20651
30421
20652
38154
20653
29925
20648
29922
37679
20649
20650
30422
20656
30423
20657
38152
20658
29928
37675
20654
20655
30424
20661
30425
20662
38150
20663
29931
37667
20659
20660
30427
20667
30426
20666
38148
37671
20669
38144
37665
20664
38146
20665
30429
20676
30428
20675
20668
29934
20673
20670
30431
20683
30430
20682
20671
30399
20786
37669
20678
22018
20680
20674
37673
20677
20679
30435
20690
30434
20689
20685
22022
20687
20681
37677
20684
20686
30438
20697
30437
20696
20692
22026
20694
20688
20699
22030
20701
37681
20691
20693
30441
20704
30440
20703
20695
37685
20698
20700
30444
20711
30443
20710
20706
22034
20708
20702
37689
20705
20707
30447
20718
30446
20717
20713
22038
20715
20709
20720
22042
20722
37693
20712
20714
30450
20725
30449
20724
20716
37697
20719
20721
30453
20732
30452
20731
20727
22046
20729
20723
37701
20726
20728
30456
20739
30455
20738
20734
22050
20736
20730
20741
22054
20743
37705
20733
20735
30459
20746
30458
20745
20737
37709
20740
20742
30462
20753
30461
20752
20748
22058
20750
20744
37713
20747
20749
30465
20760
30464
20759
20755
22062
20757
20751
20762
22066
20764
20758
20754
20756
30467
20766
30468
20767
37717
20761
20763
30470
20773
30471
20774
20765
20768
37721
20769
22070
20771
20770
30474
20781
30473
20780
20783
22078
20772
37727
20775
20776
22074
20778
20777
30477
20788
30476
20787
20779
20790
22082
37729
20782
20784
30480
20793
30479
20792
20785
30432
20868
20795
22085
37731
20789
20791
30483
20798
30482
20797
20800
22088
37733
20794
20796
30485
20803
30484
20802
20805
22091
37735
20799
20801
30487
20808
30486
20807
20810
22094
37737
20804
20806
30489
20813
30488
20812
20815
22097
37739
20809
20811
30491
20818
30490
20817
20820
22100
37741
20814
20816
30493
20823
30492
20822
20825
22103
37743
20819
20821
30495
20828
30494
20827
20830
22106
37745
20824
20826
30497
20833
30496
20832
20835
22109
37747
20829
20831
30499
20838
30498
20837
20840
22112
37749
20834
20836
30501
20843
30500
20842
20845
22115
37751
20839
20841
30503
20848
30502
20847
20850
22118
37753
20844
20846
30505
20853
30504
20852
20855
22121
37755
20849
20851
30507
20858
30506
20857
20860
22124
37757
20854
20856
30509
20863
30508
20862
20865
22127
37759
20859
20861
30511
20870
30510
20869
20872
22131
37761
20864
20866
30513
20875
30512
20874
20867
30481
20950
20877
22134
37763
20871
20873
30516
20880
30515
20879
20882
22137
37765
20876
20878
30518
20885
30517
20884
20887
22140
37767
20881
20883
30520
20890
30519
20889
20892
22143
37769
20886
20888
30522
20895
30521
20894
20897
22146
37771
20891
20893
30524
20900
30523
20899
20902
22149
37773
20896
20898
30526
20905
30525
20904
20907
22152
37775
20901
20903
30528
20910
30527
20909
20912
22155
37777
20906
20908
30530
20915
30529
20914
20917
22158
37779
20911
20913
30532
20920
30531
20919
20922
22161
37781
20916
20918
30534
20925
30533
20924
20927
22164
37783
20921
20923
30536
20930
30535
20929
20932
22167
37785
20926
20928
30538
20935
30537
20934
20937
22170
37787
20931
20933
30540
20940
30539
20939
20942
22173
37789
20936
20938
30542
20945
30541
20944
20947
22176
37791
20941
20943
30544
20952
30543
20951
20954
22180
37793
20946
20948
30546
20957
30545
20956
20949
30514
21032
20959
22183
37795
20953
20955
30549
20962
30548
20961
20964
22186
37797
20958
20960
30551
20967
30550
20966
20969
22189
37799
20963
20965
30553
20972
30552
20971
20974
22192
37801
20968
20970
30555
20977
30554
20976
20979
22195
37803
20973
20975
30557
20982
30556
20981
20984
22198
37805
20978
20980
30559
20987
30558
20986
20989
22201
37807
20983
20985
30561
20992
30560
20991
20994
22204
37809
20988
20990
30563
20997
30562
20996
20999
22207
37811
20993
20995
30565
21002
30564
21001
21004
22210
37813
20998
21000
30567
21007
30566
21006
21009
22213
37815
21003
21005
30569
21012
30568
21011
21014
22216
37817
21008
21010
30571
21017
30570
21016
21019
22219
37819
21013
21015
30573
21022
30572
21021
21024
22222
37821
21018
21020
30575
21027
30574
21026
21029
22225
37823
21023
21025
30577
21034
30576
21033
21036
22229
37825
21028
21030
30579
21039
30578
21038
21031
30547
21114
21041
22232
37827
21035
21037
30582
21044
30581
21043
21046
22235
37829
21040
21042
30584
21049
30583
21048
21051
22238
37831
21045
21047
30586
21054
30585
21053
21056
22241
37833
21050
21052
30588
21059
30587
21058
21061
22244
37835
21055
21057
30590
21064
30589
21063
21066
22247
37837
21060
21062
30592
21069
30591
21068
21071
22250
37839
21065
21067
30594
21074
30593
21073
21076
22253
37841
21070
21072
30596
21079
30595
21078
21081
22256
37843
21075
21077
30598
21084
30597
21083
21086
22259
37845
21080
21082
30600
21089
30599
21088
21091
22262
37847
21085
21087
30602
21094
30601
21093
21096
22265
37849
21090
21092
30604
21099
30603
21098
21101
22268
37851
21095
21097
30606
21104
30605
21103
21106
22271
37853
21100
21102
30608
21109
30607
21108
21111
22274
37855
21105
21107
30610
21116
30609
21115
21118
22278
37857
21110
21112
30612
21121
30611
21120
21113
30580
21196
21123
22281
37859
21117
21119
30615
21126
30614
21125
21128
22284
37861
21122
21124
30617
21131
30616
21130
21133
22287
37863
21127
21129
30619
21136
30618
21135
21138
22290
37865
21132
21134
30621
21141
30620
21140
21143
22293
37867
21137
21139
30623
21146
30622
21145
21148
22296
37869
21142
21144
30625
21151
30624
21150
21153
22299
37871
21147
21149
30627
21156
30626
21155
21158
22302
37873
21152
21154
30629
21161
30628
21160
21163
22305
37875
21157
21159
30631
21166
30630
21165
21168
22308
37877
21162
21164
30633
21171
30632
21170
21173
22311
37879
21167
21169
30635
21176
30634
21175
21178
22314
37881
21172
21174
30637
21181
30636
21180
21183
22317
37883
21177
21179
30639
21186
30638
21185
21188
22320
37885
21182
21184
30641
21191
30640
21190
21193
22323
37887
21187
21189
30643
21198
30642
21197
21200
22327
37889
21192
21194
30645
21203
30644
21202
21195
30613
21278
21205
22330
37891
21199
21201
30648
21208
30647
21207
21210
22333
37893
21204
21206
30650
21213
30649
21212
21215
22336
37895
21209
21211
30652
21218
30651
21217
21220
22339
37897
21214
21216
30654
21223
30653
21222
21225
22342
37899
21219
21221
30656
21228
30655
21227
21230
22345
37901
21224
21226
30658
21233
30657
21232
21235
22348
37903
21229
21231
30660
21238
30659
21237
21240
22351
37905
21234
21236
30662
21243
30661
21242
21245
22354
37907
21239
21241
30664
21248
30663
21247
21250
22357
37909
21244
21246
30666
21253
30665
21252
21255
22360
37911
21249
21251
30668
21258
30667
21257
21260
22363
37913
21254
21256
30670
21263
30669
21262
21265
22366
37915
21259
21261
30672
21268
30671
21267
21270
22369
37917
21264
21266
30674
21273
30673
21272
21275
22372
37919
21269
21271
30676
21280
30675
21279
21282
22376
37921
21274
21276
30678
21285
30677
21284
21277
30646
21360
21287
22379
37923
21281
21283
30681
21290
30680
21289
21292
22382
37925
21286
21288
30683
21295
30682
21294
21297
22385
37927
21291
21293
30685
21300
30684
21299
21302
22388
37929
21296
21298
30687
21305
30686
21304
21307
22391
37931
21301
21303
30689
21310
30688
21309
21312
22394
37933
21306
21308
30691
21315
30690
21314
21317
22397
37935
21311
21313
30693
21320
30692
21319
21322
22400
37937
21316
21318
30695
21325
30694
21324
21327
22403
37939
21321
21323
30697
21330
30696
21329
21332
22406
37941
21326
21328
30699
21335
30698
21334
21337
22409
37943
21331
21333
30701
21340
30700
21339
21342
22412
37945
21336
21338
30703
21345
30702
21344
21347
22415
37947
21341
21343
30705
21350
30704
21349
21352
22418
37949
21346
21348
30707
21355
30706
21354
21357
22421
37951
21351
21353
30709
21362
30708
21361
21364
22425
37953
21356
21358
30711
21367
30710
21366
21359
30679
21442
21369
22428
37955
21363
21365
30714
21372
30713
21371
21374
22431
37957
21368
21370
30716
21377
30715
21376
21379
22434
37959
21373
21375
30718
21382
30717
21381
21384
22437
37961
21378
21380
30720
21387
30719
21386
21389
22440
37963
21383
21385
30722
21392
30721
21391
21394
22443
37965
21388
21390
30724
21397
30723
21396
21399
22446
37967
21393
21395
30726
21402
30725
21401
21404
22449
37969
21398
21400
30728
21407
30727
21406
21409
22452
37971
21403
21405
30730
21412
30729
21411
21414
22455
37973
21408
21410
30732
21417
30731
21416
21419
22458
37975
21413
21415
30734
21422
30733
21421
21424
22461
37977
21418
21420
30736
21427
30735
21426
21429
22464
37979
21423
21425
30738
21432
30737
21431
21434
22467
37981
21428
21430
30740
21437
30739
21436
21439
22470
37983
21433
21435
30742
21444
30741
21443
21446
22474
37985
21438
21440
30744
21449
30743
21448
21441
30712
21524
21451
22477
37987
21445
21447
30747
21454
30746
21453
21456
22480
37989
21450
21452
30749
21459
30748
21458
21461
22483
37991
21455
21457
30751
21464
30750
21463
21466
22486
37993
21460
21462
30753
21469
30752
21468
21471
22489
37995
21465
21467
30755
21474
30754
21473
21476
22492
37997
21470
21472
30757
21479
30756
21478
21481
22495
37999
21475
21477
30759
21484
30758
21483
21486
22498
38001
21480
21482
30761
21489
30760
21488
21491
22501
38003
21485
21487
30763
21494
30762
21493
21496
22504
38005
21490
21492
30765
21499
30764
21498
21501
22507
38007
21495
21497
30767
21504
30766
21503
21506
22510
38009
21500
21502
30769
21509
30768
21508
21511
22513
38011
21505
21507
30771
21514
30770
21513
21516
22516
38013
21510
21512
30773
21519
30772
21518
21521
22519
38015
21515
21517
30775
21526
30774
21525
21528
22523
38017
21520
21522
30777
21531
30776
21530
21523
30745
21606
21533
22526
38019
21527
21529
30780
21536
30779
21535
21538
22529
38021
21532
21534
30782
21541
30781
21540
21543
22532
38023
21537
21539
30784
21546
30783
21545
21548
22535
38025
21542
21544
30786
21551
30785
21550
21553
22538
38027
21547
21549
30788
21556
30787
21555
21558
22541
38029
21552
21554
30790
21561
30789
21560
21563
22544
38031
21557
21559
30792
21566
30791
21565
21568
22547
38033
21562
21564
30794
21571
30793
21570
21573
22550
38035
21567
21569
30796
21576
30795
21575
21578
22553
38037
21572
21574
30798
21581
30797
21580
21583
22556
38039
21577
21579
30800
21586
30799
21585
21588
22559
38041
21582
21584
30802
21591
30801
21590
21593
22562
38043
21587
21589
30804
21596
30803
21595
21598
22565
38045
21592
21594
30806
21601
30805
21600
21603
22568
38047
21597
21599
30808
21608
30807
21607
21610
22572
38049
21602
21604
30810
21613
30809
21612
21605
30778
21688
21615
22575
38051
21609
21611
30813
21618
30812
21617
21620
22578
38053
21614
21616
30815
21623
30814
21622
21625
22581
38055
21619
21621
30817
21628
30816
21627
21630
22584
38057
21624
21626
30819
21633
30818
21632
21635
22587
38059
21629
21631
30821
21638
30820
21637
21640
22590
38061
21634
21636
30823
21643
30822
21642
21645
22593
38063
21639
21641
30825
21648
30824
21647
21650
22596
38065
21644
21646
30827
21653
30826
21652
21655
22599
38067
21649
21651
30829
21658
30828
21657
21660
22602
38069
21654
21656
30831
21663
30830
21662
21665
22605
38071
21659
21661
30833
21668
30832
21667
21670
22608
38073
21664
21666
30835
21673
30834
21672
21675
22611
38075
21669
21671
30837
21678
30836
21677
21680
22614
38077
21674
21676
30839
21683
30838
21682
21685
22617
38079
21679
21681
30841
21690
30840
21689
21692
22621
38081
21684
21686
30843
21695
30842
21694
21687
30811
21770
21697
22624
38083
21691
21693
30846
21700
30845
21699
21702
22627
38085
21696
21698
30848
21705
30847
21704
21707
22630
38087
21701
21703
30850
21710
30849
21709
21712
22633
38089
21706
21708
30852
21715
30851
21714
21717
22636
38091
21711
21713
30854
21720
30853
21719
21722
22639
38093
21716
21718
30856
21725
30855
21724
21727
22642
38095
21721
21723
30858
21730
30857
21729
21732
22645
38097
21726
21728
30860
21735
30859
21734
21737
22648
38099
21731
21733
30862
21740
30861
21739
21742
22651
38101
21736
21738
30864
21745
30863
21744
21747
22654
38103
21741
21743
30866
21750
30865
21749
21752
22657
38105
21746
21748
30868
21755
30867
21754
21757
22660
38107
21751
21753
30870
21760
30869
21759
21762
22663
38109
21756
21758
30872
21765
30871
21764
21767
22666
38111
21761
21763
30874
21772
30873
21771
21774
22670
38113
21766
21768
30876
21777
30875
21776
21769
30844
21852
21779
22673
38115
21773
21775
30879
21782
30878
21781
21784
22676
38117
21778
21780
30881
21787
30880
21786
21789
22679
38119
21783
21785
30883
21792
30882
21791
21794
22682
38121
21788
21790
30885
21797
30884
21796
21799
22685
38123
21793
21795
30887
21802
30886
21801
21804
22688
38125
21798
21800
30889
21807
30888
21806
21809
22691
38127
21803
21805
30891
21812
30890
21811
21814
22694
38129
21808
21810
30893
21817
30892
21816
21819
22697
38131
21813
21815
30895
21822
30894
21821
21824
22700
38133
21818
21820
30897
21827
30896
21826
21829
22703
38135
21823
21825
30899
21832
30898
21831
21834
22706
38137
21828
21830
30901
21837
30900
21836
21839
22709
38139
21833
21835
30903
21842
30902
21841
21844
22712
38141
21838
21840
30905
21847
30904
21846
21849
22715
38143
21843
21845
30906
21853
30907
21854
21848
21850
30908
21858
30909
21859
21855
21851
30877
21934
21856
22719
21857
30911
21863
30912
21864
21860
21861
22722
38175
21862
30913
21868
30914
21869
21865
21866
22725
21867
30915
21873
30916
21874
21870
21871
22728
21872
30917
21878
30918
21879
21875
21876
22731
38173
21877
30919
21883
30920
21884
21880
21881
22734
21882
30921
21888
30922
21889
21885
21886
22737
21887
30923
21893
30924
21894
21890
21891
22740
38171
21892
30925
21898
30926
21899
21895
21896
22743
21897
30927
21903
30928
21904
21900
21901
22746
21902
30929
21908
30930
21909
21905
21906
22749
21907
30931
21913
30932
21914
21910
38169
21911
22752
21912
30933
21918
30934
21919
21915
21916
22755
21917
30935
21923
30936
21924
21920
21921
22758
21922
30937
21928
30938
21929
21925
38165
21926
22761
21927
30939
21935
30940
21936
21930
21931
22764
21932
30941
21940
30942
21941
21937
30433
21938
22768
21939
30944
21945
30945
21946
21942
30436
21933
30910
21943
22771
38167
21944
30946
21950
30947
21951
21947
30439
21948
22774
21949
30948
21955
30949
21956
21952
30442
21953
22777
21954
30950
21960
30951
21961
21957
30445
38163
21958
22780
21959
30952
21965
30953
21966
21962
30448
21963
22783
21964
30954
21970
30955
21971
21967
30451
38161
21968
22786
21969
30956
21975
30957
21976
21977
30457
21972
30454
38159
21973
22789
21974
30958
21980
30959
21981
38157
21978
22792
21979
30960
21985
30961
21986
21982
30460
38155
21983
22795
21984
30962
21990
30963
21991
21992
30466
21987
30463
38153
21988
22798
21989
30964
21995
30965
21996
38151
21993
22801
21994
30966
22000
30967
22001
21997
30469
38149
21998
22804
21999
30968
22005
30969
22006
22002
30472
38147
22003
22807
22004
30970
22010
30971
22011
22007
30475
38145
22008
22810
22009
30972
30973
22012
30478
22013
22813
22014
30974
30975
22015
30943
