137
139
141
143
136
138
140
142
128
130
132
134
127
129
131
133
119
121
30976
123
125
118
120
30978
122
124
110
112
30980
114
116
109
111
30982
113
115
101
103
30984
105
107
100
102
30986
104
106
92
94
30988
96
98
91
93
30990
95
97
83
85
30992
87
89
82
84
30994
86
88
74
76
30996
78
80
73
75
30998
77
79
65
67
31000
69
71
64
66
31002
68
70
56
58
31004
60
62
55
57
31006
59
61
47
49
31008
51
53
46
48
31010
50
52
38
40
31012
42
44
37
39
31014
41
43
29
31
31016
33
35
28
30
31018
32
34
20
22
31020
24
26
19
21
31022
23
25
11
13
31024
15
17
10
12
31026
14
16
2
4
31028
6
8
1
3
31030
5
7
0
9
22019
22020
18
22023
22024
31031
31029
27
22027
22028
31027
31025
36
22031
22032
31023
31021
45
22035
22036
31019
31017
54
22039
22040
31015
31013
63
22043
22044
31011
31009
72
22047
22048
31007
31005
81
22051
22052
31003
31001
90
22055
22056
30999
30997
99
22059
22060
30995
30993
108
22063
22064
30991
30989
117
22067
22068
30987
30985
126
22071
22072
30983
30981
135
22075
22076
30979
30977
144
22079
22080
145
22016
31032
252
253
255
257
254
256
31034
245
246
248
250
247
249
31036
238
239
31038
241
243
31040
240
242
31042
231
232
31044
234
236
31046
233
235
31048
224
225
31050
227
229
31052
226
228
31054
217
218
31056
220
222
31058
219
221
31060
210
211
31062
213
215
31064
212
214
31066
203
204
31068
206
208
31070
205
207
31072
196
197
31074
199
201
31076
198
200
31078
189
190
31080
192
194
31082
191
193
31084
182
183
31086
185
187
31088
184
186
31090
175
176
31092
178
180
31094
177
179
31096
168
169
31098
171
173
31100
170
172
31102
161
162
31104
164
166
31106
163
165
31108
154
155
31110
157
159
31112
156
158
31114
147
148
31116
150
152
31118
149
151
146
153
22083
22084
160
22086
22087
31119
31117
167
22089
22090
31113
31111
174
22092
22093
31107
31105
181
22095
22096
31101
31099
188
22098
22099
31095
31093
195
22101
22102
31089
31087
202
22104
22105
31083
31081
209
22107
22108
31077
31075
216
22110
22111
31071
31069
223
22113
22114
31065
31063
230
22116
22117
31059
31057
237
22119
22120
31053
31051
244
22122
22123
31047
31045
251
22125
22126
31041
31039
258
22128
22129
259
22081
31120
366
367
369
371
368
370
31122
359
360
362
364
361
363
31124
352
353
31126
355
357
31128
354
356
31130
345
346
31132
348
350
31134
347
349
31136
338
339
31138
341
343
31140
340
342
31142
331
332
31144
334
336
31146
333
335
31148
324
325
31150
327
329
31152
326
328
31154
317
318
31156
320
322
31158
319
321
31160
310
311
31162
313
315
31164
312
314
31166
303
304
31168
306
308
31170
305
307
31172
296
297
31174
299
301
31176
298
300
31178
289
290
31180
292
294
31182
291
293
31184
282
283
31186
285
287
31188
284
286
31190
275
276
31192
278
280
31194
277
279
31196
268
269
31198
271
273
31200
270
272
31202
261
262
31204
264
266
31206
263
265
260
267
22132
22133
274
22135
22136
31207
31205
281
22138
22139
31201
31199
288
22141
22142
31195
31193
295
22144
22145
31189
31187
302
22147
22148
31183
31181
309
22150
22151
31177
31175
316
22153
22154
31171
31169
323
22156
22157
31165
31163
330
22159
22160
31159
31157
337
22162
22163
31153
31151
344
22165
22166
31147
31145
351
22168
22169
31141
31139
358
22171
22172
31135
31133
365
22174
22175
31129
31127
372
22177
22178
373
22130
31208
480
481
483
485
482
484
31210
473
474
476
478
475
477
31212
466
467
31214
469
471
31216
468
470
31218
459
460
31220
462
464
31222
461
463
31224
452
453
31226
455
457
31228
454
456
31230
445
446
31232
448
450
31234
447
449
31236
438
439
31238
441
443
31240
440
442
31242
431
432
31244
434
436
31246
433
435
31248
424
425
31250
427
429
31252
426
428
31254
417
418
31256
420
422
31258
419
421
31260
410
411
31262
413
415
31264
412
414
31266
403
404
31268
406
408
31270
405
407
31272
396
397
31274
399
401
31276
398
400
31278
389
390
31280
392
394
31282
391
393
31284
382
383
31286
385
387
31288
384
386
31290
375
376
31292
378
380
31294
377
379
374
381
22181
22182
388
22184
22185
31295
31293
395
22187
22188
31289
31287
402
22190
22191
31283
31281
409
22193
22194
31277
31275
416
22196
22197
31271
31269
423
22199
22200
31265
31263
430
22202
22203
31259
31257
437
22205
22206
31253
31251
444
22208
22209
31247
31245
451
22211
22212
31241
31239
458
22214
22215
31235
31233
465
22217
22218
31229
31227
472
22220
22221
31223
31221
479
22223
22224
31217
31215
486
22226
22227
487
22179
31296
594
595
597
599
596
598
31298
587
588
590
592
589
591
31300
580
581
31302
583
585
31304
582
584
31306
573
574
31308
576
578
31310
575
577
31312
566
567
31314
569
571
31316
568
570
31318
559
560
31320
562
564
31322
561
563
31324
552
553
31326
555
557
31328
554
556
31330
545
546
31332
548
550
31334
547
549
31336
538
539
31338
541
543
31340
540
542
31342
531
532
31344
534
536
31346
533
535
31348
524
525
31350
527
529
31352
526
528
31354
517
518
31356
520
522
31358
519
521
31360
510
511
31362
513
515
31364
512
514
31366
503
504
31368
506
508
31370
505
507
31372
496
497
31374
499
501
31376
498
500
31378
489
490
31380
492
494
31382
491
493
488
495
22230
22231
502
22233
22234
31383
31381
509
22236
22237
31377
31375
516
22239
22240
31371
31369
523
22242
22243
31365
31363
530
22245
22246
31359
31357
537
22248
22249
31353
31351
544
22251
22252
31347
31345
551
22254
22255
31341
31339
558
22257
22258
31335
31333
565
22260
22261
31329
31327
572
22263
22264
31323
31321
579
22266
22267
31317
31315
586
22269
22270
31311
31309
593
22272
22273
31305
31303
600
22275
22276
601
22228
31384
708
709
711
713
710
712
31386
701
702
704
706
703
705
31388
694
695
31390
697
699
31392
696
698
31394
687
688
31396
690
692
31398
689
691
31400
680
681
31402
683
685
31404
682
684
31406
673
674
31408
676
678
31410
675
677
31412
666
667
31414
669
671
31416
668
670
31418
659
660
31420
662
664
31422
661
663
31424
652
653
31426
655
657
31428
654
656
31430
645
646
31432
648
650
31434
647
649
31436
638
639
31438
641
643
31440
640
642
31442
631
632
31444
634
636
31446
633
635
31448
624
625
31450
627
629
31452
626
628
31454
617
618
31456
620
622
31458
619
621
31460
610
611
31462
613
615
31464
612
614
31466
603
604
31468
606
608
31470
605
607
602
609
22279
22280
616
22282
22283
31471
31469
623
22285
22286
31465
31463
630
22288
22289
31459
31457
637
22291
22292
31453
31451
644
22294
22295
31447
31445
651
22297
22298
31441
31439
658
22300
22301
31435
31433
665
22303
22304
31429
31427
672
22306
22307
31423
31421
679
22309
22310
31417
31415
686
22312
22313
31411
31409
693
22315
22316
31405
31403
700
22318
22319
31399
31397
707
22321
22322
31393
31391
714
22324
22325
715
22277
31472
822
823
825
827
824
826
31474
815
816
818
820
817
819
31476
808
809
31478
811
813
31480
810
812
31482
801
802
31484
804
806
31486
803
805
31488
794
795
31490
797
799
31492
796
798
31494
787
788
31496
790
792
31498
789
791
31500
780
781
31502
783
785
31504
782
784
31506
773
774
31508
776
778
31510
775
777
31512
766
767
31514
769
771
31516
768
770
31518
759
760
31520
762
764
31522
761
763
31524
752
753
31526
755
757
31528
754
756
31530
745
746
31532
748
750
31534
747
749
31536
738
739
31538
741
743
31540
740
742
31542
731
732
31544
734
736
31546
733
735
31548
724
725
31550
727
729
31552
726
728
31554
717
718
31556
720
722
31558
719
721
716
723
22328
22329
730
22331
22332
31559
31557
737
22334
22335
31553
31551
744
22337
22338
31547
31545
751
22340
22341
31541
31539
758
22343
22344
31535
31533
765
22346
22347
31529
31527
772
22349
22350
31523
31521
779
22352
22353
31517
31515
786
22355
22356
31511
31509
793
22358
22359
31505
31503
800
22361
22362
31499
31497
807
22364
22365
31493
31491
814
22367
22368
31487
31485
821
22370
22371
31481
31479
828
22373
22374
829
22326
31560
936
937
939
941
938
940
31562
929
930
932
934
931
933
31564
922
923
31566
925
927
31568
924
926
31570
915
916
31572
918
920
31574
917
919
31576
908
909
31578
911
913
31580
910
912
31582
901
902
31584
904
906
31586
903
905
31588
894
895
31590
897
899
31592
896
898
31594
887
888
31596
890
892
31598
889
891
31600
880
881
31602
883
885
31604
882
884
31606
873
874
31608
876
878
31610
875
877
31612
866
867
31614
869
871
31616
868
870
31618
859
860
31620
862
864
31622
861
863
31624
852
853
31626
855
857
31628
854
856
31630
845
846
31632
848
850
31634
847
849
31636
838
839
31638
841
843
31640
840
842
31642
831
832
31644
834
836
31646
833
835
830
837
22377
22378
844
22380
22381
31647
31645
851
22383
22384
31641
31639
858
22386
22387
31635
31633
865
22389
22390
31629
31627
872
22392
22393
31623
31621
879
22395
22396
31617
31615
886
22398
22399
31611
31609
893
22401
22402
31605
31603
900
22404
22405
31599
31597
907
22407
22408
31593
31591
914
22410
22411
31587
31585
921
22413
22414
31581
31579
928
22416
22417
31575
31573
935
22419
22420
31569
31567
942
22422
22423
943
22375
31648
1050
1051
1053
1055
1052
1054
31650
1043
1044
1046
1048
1045
1047
31652
1036
1037
31654
1039
1041
31656
1038
1040
31658
1029
1030
31660
1032
1034
31662
1031
1033
31664
1022
1023
31666
1025
1027
31668
1024
1026
31670
1015
1016
31672
1018
1020
31674
1017
1019
31676
1008
1009
31678
1011
1013
31680
1010
1012
31682
1001
1002
31684
1004
1006
31686
1003
1005
31688
994
995
31690
997
999
31692
996
998
31694
987
988
31696
990
992
31698
989
991
31700
980
981
31702
983
985
31704
982
984
31706
973
974
31708
976
978
31710
975
977
31712
966
967
31714
969
971
31716
968
970
31718
959
960
31720
962
964
31722
961
963
31724
952
953
31726
955
957
31728
954
956
31730
945
946
31732
948
950
31734
947
949
944
951
22426
22427
958
22429
22430
31735
31733
965
22432
22433
31729
31727
972
22435
22436
31723
31721
979
22438
22439
31717
31715
986
22441
22442
31711
31709
993
22444
22445
31705
31703
1000
22447
22448
31699
31697
1007
22450
22451
31693
31691
1014
22453
22454
31687
31685
1021
22456
22457
31681
31679
1028
22459
22460
31675
31673
1035
22462
22463
31669
31667
1042
22465
22466
31663
31661
1049
22468
22469
31657
31655
1056
22471
22472
1057
22424
31736
1164
1165
1167
1169
1166
1168
31738
1157
1158
1160
1162
1159
1161
31740
1150
1151
31742
1153
1155
31744
1152
1154
31746
1143
1144
31748
1146
1148
31750
1145
1147
31752
1136
1137
31754
1139
1141
31756
1138
1140
31758
1129
1130
31760
1132
1134
31762
1131
1133
31764
1122
1123
31766
1125
1127
31768
1124
1126
31770
1115
1116
31772
1118
1120
31774
1117
1119
31776
1108
1109
31778
1111
1113
31780
1110
1112
31782
1101
1102
31784
1104
1106
31786
1103
1105
31788
1094
1095
31790
1097
1099
31792
1096
1098
31794
1087
1088
31796
1090
1092
31798
1089
1091
31800
1080
1081
31802
1083
1085
31804
1082
1084
31806
1073
1074
31808
1076
1078
31810
1075
1077
31812
1066
1067
31814
1069
1071
31816
1068
1070
31818
1059
1060
31820
1062
1064
31822
1061
1063
1058
1065
22475
22476
1072
22478
22479
31823
31821
1079
22481
22482
31817
31815
1086
22484
22485
31811
31809
1093
22487
22488
31805
31803
1100
22490
22491
31799
31797
1107
22493
22494
31793
31791
1114
22496
22497
31787
31785
1121
22499
22500
31781
31779
1128
22502
22503
31775
31773
1135
22505
22506
31769
31767
1142
22508
22509
31763
31761
1149
22511
22512
31757
31755
1156
22514
22515
31751
31749
1163
22517
22518
31745
31743
1170
22520
22521
1171
22473
31824
1278
1279
1281
1283
1280
1282
31826
1271
1272
1274
1276
1273
1275
31828
1264
1265
31830
1267
1269
31832
1266
1268
31834
1257
1258
31836
1260
1262
31838
1259
1261
31840
1250
1251
31842
1253
1255
31844
1252
1254
31846
1243
1244
31848
1246
1248
31850
1245
1247
31852
1236
1237
31854
1239
1241
31856
1238
1240
31858
1229
1230
31860
1232
1234
31862
1231
1233
31864
1222
1223
31866
1225
1227
31868
1224
1226
31870
1215
1216
31872
1218
1220
31874
1217
1219
31876
1208
1209
31878
1211
1213
31880
1210
1212
31882
1201
1202
31884
1204
1206
31886
1203
1205
31888
1194
1195
31890
1197
1199
31892
1196
1198
31894
1187
1188
31896
1190
1192
31898
1189
1191
31900
1180
1181
31902
1183
1185
31904
1182
1184
31906
1173
1174
31908
1176
1178
31910
1175
1177
1172
1179
22524
22525
1186
22527
22528
31911
31909
1193
22530
22531
31905
31903
1200
22533
22534
31899
31897
1207
22536
22537
31893
31891
1214
22539
22540
31887
31885
1221
22542
22543
31881
31879
1228
22545
22546
31875
31873
1235
22548
22549
31869
31867
1242
22551
22552
31863
31861
1249
22554
22555
31857
31855
1256
22557
22558
31851
31849
1263
22560
22561
31845
31843
1270
22563
22564
31839
31837
1277
22566
22567
31833
31831
1284
22569
22570
1285
22522
31912
1392
1393
1395
1397
1394
1396
31914
1385
1386
1388
1390
1387
1389
31916
1378
1379
31918
1381
1383
31920
1380
1382
31922
1371
1372
31924
1374
1376
31926
1373
1375
31928
1364
1365
31930
1367
1369
31932
1366
1368
31934
1357
1358
31936
1360
1362
31938
1359
1361
31940
1350
1351
31942
1353
1355
31944
1352
1354
31946
1343
1344
31948
1346
1348
31950
1345
1347
31952
1336
1337
31954
1339
1341
31956
1338
1340
31958
1329
1330
31960
1332
1334
31962
1331
1333
31964
1322
1323
31966
1325
1327
31968
1324
1326
31970
1315
1316
31972
1318
1320
31974
1317
1319
31976
1308
1309
31978
1311
1313
31980
1310
1312
31982
1301
1302
31984
1304
1306
31986
1303
1305
31988
1294
1295
31990
1297
1299
31992
1296
1298
31994
1287
1288
31996
1290
1292
31998
1289
1291
1286
1293
22573
22574
1300
22576
22577
31999
31997
1307
22579
22580
31993
31991
1314
22582
22583
31987
31985
1321
22585
22586
31981
31979
1328
22588
22589
31975
31973
1335
22591
22592
31969
31967
1342
22594
22595
31963
31961
1349
22597
22598
31957
31955
1356
22600
22601
31951
31949
1363
22603
22604
31945
31943
1370
22606
22607
31939
31937
1377
22609
22610
31933
31931
1384
22612
22613
31927
31925
1391
22615
22616
31921
31919
1398
22618
22619
1399
22571
32000
1506
1507
1509
1511
1508
1510
32002
1499
1500
1502
1504
1501
1503
32004
1492
1493
32006
1495
1497
32008
1494
1496
32010
1485
1486
32012
1488
1490
32014
1487
1489
32016
1478
1479
32018
1481
1483
32020
1480
1482
32022
1471
1472
32024
1474
1476
32026
1473
1475
32028
1464
1465
32030
1467
1469
32032
1466
1468
32034
1457
1458
32036
1460
1462
32038
1459
1461
32040
1450
1451
32042
1453
1455
32044
1452
1454
32046
1443
1444
32048
1446
1448
32050
1445
1447
32052
1436
1437
32054
1439
1441
32056
1438
1440
32058
1429
1430
32060
1432
1434
32062
1431
1433
32064
1422
1423
32066
1425
1427
32068
1424
1426
32070
1415
1416
32072
1418
1420
32074
1417
1419
32076
1408
1409
32078
1411
1413
32080
1410
1412
32082
1401
1402
32084
1404
1406
32086
1403
1405
1400
1407
22622
22623
1414
22625
22626
32087
32085
1421
22628
22629
32081
32079
1428
22631
22632
32075
32073
1435
22634
22635
32069
32067
1442
22637
22638
32063
32061
1449
22640
22641
32057
32055
1456
22643
22644
32051
32049
1463
22646
22647
32045
32043
1470
22649
22650
32039
32037
1477
22652
22653
32033
32031
1484
22655
22656
32027
32025
1491
22658
22659
32021
32019
1498
22661
22662
32015
32013
1505
22664
22665
32009
32007
1512
22667
22668
1513
22620
32088
1620
1621
1623
1625
1622
1624
32090
1613
1614
1616
1618
1615
1617
32092
1606
1607
32094
1609
1611
32096
1608
1610
32098
1599
1600
32100
1602
1604
32102
1601
1603
32104
1592
1593
32106
1595
1597
32108
1594
1596
32110
1585
1586
32112
1588
1590
32114
1587
1589
32116
1578
1579
32118
1581
1583
32120
1580
1582
32122
1571
1572
32124
1574
1576
32126
1573
1575
32128
1564
1565
32130
1567
1569
32132
1566
1568
32134
1557
1558
32136
1560
1562
32138
1559
1561
32140
1550
1551
32142
1553
1555
32144
1552
1554
32146
1543
1544
32148
1546
1548
32150
1545
1547
32152
1536
1537
32154
1539
1541
32156
1538
1540
32158
1529
1530
32160
1532
1534
32162
1531
1533
32164
1522
1523
32166
1525
1527
32168
1524
1526
32170
1515
1516
32172
1518
1520
32174
1517
1519
1514
1521
22671
22672
1528
22674
22675
32175
32173
1535
22677
22678
32169
32167
1542
22680
22681
32163
32161
1549
22683
22684
32157
32155
1556
22686
22687
32151
32149
1563
22689
22690
32145
32143
1570
22692
22693
32139
32137
1577
22695
22696
32133
32131
1584
22698
22699
32127
32125
1591
22701
22702
32121
32119
1598
22704
22705
32115
32113
1605
22707
22708
32109
32107
1612
22710
22711
32103
32101
1619
22713
22714
32097
32095
1626
22716
22717
1627
22669
32176
1734
1735
1737
1739
1736
1738
32178
1727
1728
1730
1732
1729
1731
32180
1720
1721
32182
1723
1725
32184
1722
1724
32186
1713
1714
32188
1716
1718
32190
1715
1717
32192
1706
1707
32194
1709
1711
32196
1708
1710
32198
1699
1700
32200
1702
1704
32202
1701
1703
32204
1692
1693
32206
1695
1697
32208
1694
1696
32210
1685
1686
32212
1688
1690
32214
1687
1689
32216
1678
1679
32218
1681
1683
32220
1680
1682
32222
1671
1672
32224
1674
1676
32226
1673
1675
32228
1664
1665
32230
1667
1669
32232
1666
1668
32234
1657
1658
32236
1660
1662
32238
1659
1661
32240
1650
1651
32242
1653
1655
32244
1652
1654
32246
1643
1644
32248
1646
1648
32250
1645
1647
32252
1636
1637
32254
1639
1641
32256
1638
1640
32258
1629
1630
32260
1632
1634
32262
1631
1633
1628
1635
22720
22721
1642
22723
22724
32263
32261
1649
22726
22727
32257
32255
1656
22729
22730
32251
32249
1663
22732
22733
32245
32243
1670
22735
22736
32239
32237
1677
22738
22739
32233
32231
1684
22741
22742
32227
32225
1691
22744
22745
32221
32219
1698
22747
22748
32215
32213
1705
22750
22751
32209
32207
1712
22753
22754
32203
32201
1719
22756
22757
32197
32195
1726
22759
22760
32191
32189
1733
22762
22763
32185
32183
1740
22765
22766
1741
22718
32264
1848
1849
1851
1853
1850
1852
22077
1841
1842
1844
1846
1843
1845
22073
1834
1835
32266
1837
1839
32268
1836
1838
22069
1827
1828
32270
1830
1832
32272
1829
1831
22065
1820
1821
32274
1823
1825
32276
1822
1824
22061
1813
1814
32278
1816
1818
32280
1815
1817
22057
1806
1807
32282
1809
1811
32284
1808
1810
22053
1799
1800
32286
1802
1804
32288
1801
1803
22049
1792
1793
32290
1795
1797
32292
1794
1796
22045
1785
1786
32294
1788
1790
32296
1787
1789
22041
1778
1779
32298
1781
1783
32300
1780
1782
22037
1771
1772
32302
1774
1776
32304
1773
1775
22033
1764
1765
32306
1767
1769
32308
1766
1768
22029
1757
1758
32310
1760
1762
32312
1759
1761
22025
1750
1751
32314
1753
1755
32316
1752
1754
22021
1743
1744
32318
1746
1748
32320
1745
1747
22017
1742
1749
22769
22770
1756
22772
22773
32321
32319
1763
22775
22776
32317
32315
1770
22778
22779
32313
32311
1777
22781
22782
32309
32307
1784
22784
22785
32305
32303
1791
22787
22788
32301
32299
1798
22790
22791
32297
32295
1805
22793
22794
32293
32291
1812
22796
22797
32289
32287
1819
22799
22800
32285
32283
1826
22802
22803
32281
32279
1833
22805
22806
32277
32275
1840
22808
22809
32273
32271
1847
22811
22812
32269
32267
1854
22814
22815
1855
22767
1965
1967
1962
1963
1964
1966
1958
1960
32322
1955
1956
1957
1959
32324
1951
1953
32326
1948
1949
32328
1950
1952
32330
1944
1946
32332
1941
1942
32334
1943
1945
32336
1937
1939
32338
1934
1935
32340
1936
1938
32342
1930
1932
32344
1927
1928
32346
1929
1931
32348
1923
1925
32350
1920
1921
32352
1922
1924
32354
1916
1918
32356
1913
1914
32358
1915
1917
32360
1909
1911
32362
1906
1907
32364
1908
1910
32366
1902
1904
32368
1899
1900
32370
1901
1903
32372
1895
1897
32374
1892
1893
32376
1894
1896
32378
1888
1890
32380
1885
1886
32382
1887
1889
32384
1881
1883
32386
1878
1879
32388
1880
1882
32390
1874
1876
32392
1871
1872
32394
1873
1875
32396
1867
1869
32398
1864
1865
32400
1866
1868
32402
1860
32404
31033
1862
32406
1857
1858
32408
1859
1861
1856
1863
22818
22819
1870
22821
22822
32409
32403
1877
22824
22825
32401
32397
1884
22827
22828
32395
32391
1891
22830
22831
32389
32385
1898
22833
22834
32383
32379
1905
22836
22837
32377
32373
1912
22839
22840
32371
32367
1919
22842
22843
32365
32361
1926
22845
22846
32359
32355
1933
22848
22849
32353
32349
1940
22851
22852
32347
32343
1947
22854
22855
32341
32337
1954
22857
22858
32335
32331
1961
22860
22861
32329
32325
1968
22863
22864
1969
22816
2047
32410
31035
2049
2046
2048
2042
32412
31037
2044
2041
2043
32414
2037
32416
31043
2039
32418
2036
2038
32420
2032
32422
31049
2034
32424
2031
2033
32426
2027
32428
31055
2029
32430
2026
2028
32432
2022
32434
31061
2024
32436
2021
2023
32438
2017
32440
31067
2019
32442
2016
2018
32444
2012
32446
31073
2014
32448
2011
2013
32450
2007
32452
31079
2009
32454
2006
2008
32456
2002
32458
31085
2004
32460
2001
2003
32462
1997
32464
31091
1999
32466
1996
1998
32468
1992
32470
31097
1994
32472
1991
1993
32474
1987
32476
31103
1989
32478
1986
1988
32480
1982
32482
31109
1984
32484
1981
1983
32486
1977
32488
31115
1979
32490
1976
1978
32492
1972
32494
31121
1974
32496
1971
1973
1970
1975
22866
22867
1980
22868
22869
32497
32493
1985
22870
22871
32491
32487
1990
22872
22873
32485
32481
1995
22874
22875
32479
32475
2000
22876
22877
32473
32469
2005
22878
22879
32467
32463
2010
22880
22881
32461
32457
2015
22882
22883
32455
32451
2020
22884
22885
32449
32445
2025
22886
22887
32443
32439
2030
22888
22889
32437
32433
2035
22890
22891
32431
32427
2040
22892
22893
32425
32421
2045
22894
22895
32419
32415
2050
22896
22897
2051
22865
2129
32498
31123
2131
2128
2130
2124
32500
31125
2126
2123
2125
32502
2119
32504
31131
2121
32506
2118
2120
32508
2114
32510
31137
2116
32512
2113
2115
32514
2109
32516
31143
2111
32518
2108
2110
32520
2104
32522
31149
2106
32524
2103
2105
32526
2099
32528
31155
2101
32530
2098
2100
32532
2094
32534
31161
2096
32536
2093
2095
32538
2089
32540
31167
2091
32542
2088
2090
32544
2084
32546
31173
2086
32548
2083
2085
32550
2079
32552
31179
2081
32554
2078
2080
32556
2074
32558
31185
2076
32560
2073
2075
32562
2069
32564
31191
2071
32566
2068
2070
32568
2064
32570
31197
2066
32572
2063
2065
32574
2059
32576
31203
2061
32578
2058
2060
32580
2054
32582
31209
2056
32584
2053
2055
2052
2057
22899
22900
2062
22901
22902
32585
32581
2067
22903
22904
32579
32575
2072
22905
22906
32573
32569
2077
22907
22908
32567
32563
2082
22909
22910
32561
32557
2087
22911
22912
32555
32551
2092
22913
22914
32549
32545
2097
22915
22916
32543
32539
2102
22917
22918
32537
32533
2107
22919
22920
32531
32527
2112
22921
22922
32525
32521
2117
22923
22924
32519
32515
2122
22925
22926
32513
32509
2127
22927
22928
32507
32503
2132
22929
22930
2133
22898
2211
32586
31211
2213
2210
2212
2206
32588
31213
2208
2205
2207
32590
2201
32592
31219
2203
32594
2200
2202
32596
2196
32598
31225
2198
32600
2195
2197
32602
2191
32604
31231
2193
32606
2190
2192
32608
2186
32610
31237
2188
32612
2185
2187
32614
2181
32616
31243
2183
32618
2180
2182
32620
2176
32622
31249
2178
32624
2175
2177
32626
2171
32628
31255
2173
32630
2170
2172
32632
2166
32634
31261
2168
32636
2165
2167
32638
2161
32640
31267
2163
32642
2160
2162
32644
2156
32646
31273
2158
32648
2155
2157
32650
2151
32652
31279
2153
32654
2150
2152
32656
2146
32658
31285
2148
32660
2145
2147
32662
2141
32664
31291
2143
32666
2140
2142
32668
2136
32670
31297
2138
32672
2135
2137
2134
2139
22932
22933
2144
22934
22935
32673
32669
2149
22936
22937
32667
32663
2154
22938
22939
32661
32657
2159
22940
22941
32655
32651
2164
22942
22943
32649
32645
2169
22944
22945
32643
32639
2174
22946
22947
32637
32633
2179
22948
22949
32631
32627
2184
22950
22951
32625
32621
2189
22952
22953
32619
32615
2194
22954
22955
32613
32609
2199
22956
22957
32607
32603
2204
22958
22959
32601
32597
2209
22960
22961
32595
32591
2214
22962
22963
2215
22931
2293
32674
31299
2295
2292
2294
2288
32676
31301
2290
2287
2289
32678
2283
32680
31307
2285
32682
2282
2284
32684
2278
32686
31313
2280
32688
2277
2279
32690
2273
32692
31319
2275
32694
2272
2274
32696
2268
32698
31325
2270
32700
2267
2269
32702
2263
32704
31331
2265
32706
2262
2264
32708
2258
32710
31337
2260
32712
2257
2259
32714
2253
32716
31343
2255
32718
2252
2254
32720
2248
32722
31349
2250
32724
2247
2249
32726
2243
32728
31355
2245
32730
2242
2244
32732
2238
32734
31361
2240
32736
2237
2239
32738
2233
32740
31367
2235
32742
2232
2234
32744
2228
32746
31373
2230
32748
2227
2229
32750
2223
32752
31379
2225
32754
2222
2224
32756
2218
32758
31385
2220
32760
2217
2219
2216
2221
22965
22966
2226
22967
22968
32761
32757
2231
22969
22970
32755
32751
2236
22971
22972
32749
32745
2241
22973
22974
32743
32739
2246
22975
22976
32737
32733
2251
22977
22978
32731
32727
2256
22979
22980
32725
32721
2261
22981
22982
32719
32715
2266
22983
22984
32713
32709
2271
22985
22986
32707
32703
2276
22987
22988
32701
32697
2281
22989
22990
32695
32691
2286
22991
22992
32689
32685
2291
22993
22994
32683
32679
2296
22995
22996
2297
22964
2375
32762
31387
2377
2374
2376
2370
32764
31389
2372
2369
2371
32766
2365
32768
31395
2367
32770
2364
2366
32772
2360
32774
31401
2362
32776
2359
2361
32778
2355
32780
31407
2357
32782
2354
2356
32784
2350
32786
31413
2352
32788
2349
2351
32790
2345
32792
31419
2347
32794
2344
2346
32796
2340
32798
31425
2342
32800
2339
2341
32802
2335
32804
31431
2337
32806
2334
2336
32808
2330
32810
31437
2332
32812
2329
2331
32814
2325
32816
31443
2327
32818
2324
2326
32820
2320
32822
31449
2322
32824
2319
2321
32826
2315
32828
31455
2317
32830
2314
2316
32832
2310
32834
31461
2312
32836
2309
2311
32838
2305
32840
31467
2307
32842
2304
2306
32844
2300
32846
31473
2302
32848
2299
2301
2298
2303
22998
22999
2308
23000
23001
32849
32845
2313
23002
23003
32843
32839
2318
23004
23005
32837
32833
2323
23006
23007
32831
32827
2328
23008
23009
32825
32821
2333
23010
23011
32819
32815
2338
23012
23013
32813
32809
2343
23014
23015
32807
32803
2348
23016
23017
32801
32797
2353
23018
23019
32795
32791
2358
23020
23021
32789
32785
2363
23022
23023
32783
32779
2368
23024
23025
32777
32773
2373
23026
23027
32771
32767
2378
23028
23029
2379
22997
2457
32850
31475
2459
2456
2458
2452
32852
31477
2454
2451
2453
32854
2447
32856
31483
2449
32858
2446
2448
32860
2442
32862
31489
2444
32864
2441
2443
32866
2437
32868
31495
2439
32870
2436
2438
32872
2432
32874
31501
2434
32876
2431
2433
32878
2427
32880
31507
2429
32882
2426
2428
32884
2422
32886
31513
2424
32888
2421
2423
32890
2417
32892
31519
2419
32894
2416
2418
32896
2412
32898
31525
2414
32900
2411
2413
32902
2407
32904
31531
2409
32906
2406
2408
32908
2402
32910
31537
2404
32912
2401
2403
32914
2397
32916
31543
2399
32918
2396
2398
32920
2392
32922
31549
2394
32924
2391
2393
32926
2387
32928
31555
2389
32930
2386
2388
32932
2382
32934
31561
2384
32936
2381
2383
2380
2385
23031
23032
2390
23033
23034
32937
32933
2395
23035
23036
32931
32927
2400
23037
23038
32925
32921
2405
23039
23040
32919
32915
2410
23041
23042
32913
32909
2415
23043
23044
32907
32903
2420
23045
23046
32901
32897
2425
23047
23048
32895
32891
2430
23049
23050
32889
32885
2435
23051
23052
32883
32879
2440
23053
23054
32877
32873
2445
23055
23056
32871
32867
2450
23057
23058
32865
32861
2455
23059
23060
32859
32855
2460
23061
23062
2461
23030
2539
32938
31563
2541
2538
2540
2534
32940
31565
2536
2533
2535
32942
2529
32944
31571
2531
32946
2528
2530
32948
2524
32950
31577
2526
32952
2523
2525
32954
2519
32956
31583
2521
32958
2518
2520
32960
2514
32962
31589
2516
32964
2513
2515
32966
2509
32968
31595
2511
32970
2508
2510
32972
2504
32974
31601
2506
32976
2503
2505
32978
2499
32980
31607
2501
32982
2498
2500
32984
2494
32986
31613
2496
32988
2493
2495
32990
2489
32992
31619
2491
32994
2488
2490
32996
2484
32998
31625
2486
33000
2483
2485
33002
2479
33004
31631
2481
33006
2478
2480
33008
2474
33010
31637
2476
33012
2473
2475
33014
2469
33016
31643
2471
33018
2468
2470
33020
2464
33022
31649
2466
33024
2463
2465
2462
2467
23064
23065
2472
23066
23067
33025
33021
2477
23068
23069
33019
33015
2482
23070
23071
33013
33009
2487
23072
23073
33007
33003
2492
23074
23075
33001
32997
2497
23076
23077
32995
32991
2502
23078
23079
32989
32985
2507
23080
23081
32983
32979
2512
23082
23083
32977
32973
2517
23084
23085
32971
32967
2522
23086
23087
32965
32961
2527
23088
23089
32959
32955
2532
23090
23091
32953
32949
2537
23092
23093
32947
32943
2542
23094
23095
2543
23063
2621
33026
31651
2623
2620
2622
2616
33028
31653
2618
2615
2617
33030
2611
33032
31659
2613
33034
2610
2612
33036
2606
33038
31665
2608
33040
2605
2607
33042
2601
33044
31671
2603
33046
2600
2602
33048
2596
33050
31677
2598
33052
2595
2597
33054
2591
33056
31683
2593
33058
2590
2592
33060
2586
33062
31689
2588
33064
2585
2587
33066
2581
33068
31695
2583
33070
2580
2582
33072
2576
33074
31701
2578
33076
2575
2577
33078
2571
33080
31707
2573
33082
2570
2572
33084
2566
33086
31713
2568
33088
2565
2567
33090
2561
33092
31719
2563
33094
2560
2562
33096
2556
33098
31725
2558
33100
2555
2557
33102
2551
33104
31731
2553
33106
2550
2552
33108
2546
33110
31737
2548
33112
2545
2547
2544
2549
23097
23098
2554
23099
23100
33113
33109
2559
23101
23102
33107
33103
2564
23103
23104
33101
33097
2569
23105
23106
33095
33091
2574
23107
23108
33089
33085
2579
23109
23110
33083
33079
2584
23111
23112
33077
33073
2589
23113
23114
33071
33067
2594
23115
23116
33065
33061
2599
23117
23118
33059
33055
2604
23119
23120
33053
33049
2609
23121
23122
33047
33043
2614
23123
23124
33041
33037
2619
23125
23126
33035
33031
2624
23127
23128
2625
23096
2703
33114
31739
2705
2702
2704
2698
33116
31741
2700
2697
2699
33118
2693
33120
31747
2695
33122
2692
2694
33124
2688
33126
31753
2690
33128
2687
2689
33130
2683
33132
31759
2685
33134
2682
2684
33136
2678
33138
31765
2680
33140
2677
2679
33142
2673
33144
31771
2675
33146
2672
2674
33148
2668
33150
31777
2670
33152
2667
2669
33154
2663
33156
31783
2665
33158
2662
2664
33160
2658
33162
31789
2660
33164
2657
2659
33166
2653
33168
31795
2655
33170
2652
2654
33172
2648
33174
31801
2650
33176
2647
2649
33178
2643
33180
31807
2645
33182
2642
2644
33184
2638
33186
31813
2640
33188
2637
2639
33190
2633
33192
31819
2635
33194
2632
2634
33196
2628
33198
31825
2630
33200
2627
2629
2626
2631
23130
23131
2636
23132
23133
33201
33197
2641
23134
23135
33195
33191
2646
23136
23137
33189
33185
2651
23138
23139
33183
33179
2656
23140
23141
33177
33173
2661
23142
23143
33171
33167
2666
23144
23145
33165
33161
2671
23146
23147
33159
33155
2676
23148
23149
33153
33149
2681
23150
23151
33147
33143
2686
23152
23153
33141
33137
2691
23154
23155
33135
33131
2696
23156
23157
33129
33125
2701
23158
23159
33123
33119
2706
23160
23161
2707
23129
2785
33202
31827
2787
2784
2786
2780
33204
31829
2782
2779
2781
33206
2775
33208
31835
2777
33210
2774
2776
33212
2770
33214
31841
2772
33216
2769
2771
33218
2765
33220
31847
2767
33222
2764
2766
33224
2760
33226
31853
2762
33228
2759
2761
33230
2755
33232
31859
2757
33234
2754
2756
33236
2750
33238
31865
2752
33240
2749
2751
33242
2745
33244
31871
2747
33246
2744
2746
33248
2740
33250
31877
2742
33252
2739
2741
33254
2735
33256
31883
2737
33258
2734
2736
33260
2730
33262
31889
2732
33264
2729
2731
33266
2725
33268
31895
2727
33270
2724
2726
33272
2720
33274
31901
2722
33276
2719
2721
33278
2715
33280
31907
2717
33282
2714
2716
33284
2710
33286
31913
2712
33288
2709
2711
2708
2713
23163
23164
2718
23165
23166
33289
33285
2723
23167
23168
33283
33279
2728
23169
23170
33277
33273
2733
23171
23172
33271
33267
2738
23173
23174
33265
33261
2743
23175
23176
33259
33255
2748
23177
23178
33253
33249
2753
23179
23180
33247
33243
2758
23181
23182
33241
33237
2763
23183
23184
33235
33231
2768
23185
23186
33229
33225
2773
23187
23188
33223
33219
2778
23189
23190
33217
33213
2783
23191
23192
33211
33207
2788
23193
23194
2789
23162
2867
33290
31915
2869
2866
2868
2862
33292
31917
2864
2861
2863
33294
2857
33296
31923
2859
33298
2856
2858
33300
2852
33302
31929
2854
33304
2851
2853
33306
2847
33308
31935
2849
33310
2846
2848
33312
2842
33314
31941
2844
33316
2841
2843
33318
2837
33320
31947
2839
33322
2836
2838
33324
2832
33326
31953
2834
33328
2831
2833
33330
2827
33332
31959
2829
33334
2826
2828
33336
2822
33338
31965
2824
33340
2821
2823
33342
2817
33344
31971
2819
33346
2816
2818
33348
2812
33350
31977
2814
33352
2811
2813
33354
2807
33356
31983
2809
33358
2806
2808
33360
2802
33362
31989
2804
33364
2801
2803
33366
2797
33368
31995
2799
33370
2796
2798
33372
2792
33374
32001
2794
33376
2791
2793
2790
2795
23196
23197
2800
23198
23199
33377
33373
2805
23200
23201
33371
33367
2810
23202
23203
33365
33361
2815
23204
23205
33359
33355
2820
23206
23207
33353
33349
2825
23208
23209
33347
33343
2830
23210
23211
33341
33337
2835
23212
23213
33335
33331
2840
23214
23215
33329
33325
2845
23216
23217
33323
33319
2850
23218
23219
33317
33313
2855
23220
23221
33311
33307
2860
23222
23223
33305
33301
2865
23224
23225
33299
33295
2870
23226
23227
2871
23195
2949
33378
32003
2951
2948
2950
2944
33380
32005
2946
2943
2945
33382
2939
33384
32011
2941
33386
2938
2940
33388
2934
33390
32017
2936
33392
2933
2935
33394
2929
33396
32023
2931
33398
2928
2930
33400
2924
33402
32029
2926
33404
2923
2925
33406
2919
33408
32035
2921
33410
2918
2920
33412
2914
33414
32041
2916
33416
2913
2915
33418
2909
33420
32047
2911
33422
2908
2910
33424
2904
33426
32053
2906
33428
2903
2905
33430
2899
33432
32059
2901
33434
2898
2900
33436
2894
33438
32065
2896
33440
2893
2895
33442
2889
33444
32071
2891
33446
2888
2890
33448
2884
33450
32077
2886
33452
2883
2885
33454
2879
33456
32083
2881
33458
2878
2880
33460
2874
33462
32089
2876
33464
2873
2875
2872
2877
23229
23230
2882
23231
23232
33465
33461
2887
23233
23234
33459
33455
2892
23235
23236
33453
33449
2897
23237
23238
33447
33443
2902
23239
23240
33441
33437
2907
23241
23242
33435
33431
2912
23243
23244
33429
33425
2917
23245
23246
33423
33419
2922
23247
23248
33417
33413
2927
23249
23250
33411
33407
2932
23251
23252
33405
33401
2937
23253
23254
33399
33395
2942
23255
23256
33393
33389
2947
23257
23258
33387
33383
2952
23259
23260
2953
23228
3031
33466
32091
3033
3030
3032
3026
33468
32093
3028
3025
3027
33470
3021
33472
32099
3023
33474
3020
3022
33476
3016
33478
32105
3018
33480
3015
3017
33482
3011
33484
32111
3013
33486
3010
3012
33488
3006
33490
32117
3008
33492
3005
3007
33494
3001
33496
32123
3003
33498
3000
3002
33500
2996
33502
32129
2998
33504
2995
2997
33506
2991
33508
32135
2993
33510
2990
2992
33512
2986
33514
32141
2988
33516
2985
2987
33518
2981
33520
32147
2983
33522
2980
2982
33524
2976
33526
32153
2978
33528
2975
2977
33530
2971
33532
32159
2973
33534
2970
2972
33536
2966
33538
32165
2968
33540
2965
2967
33542
2961
33544
32171
2963
33546
2960
2962
33548
2956
33550
32177
2958
33552
2955
2957
2954
2959
23262
23263
2964
23264
23265
33553
33549
2969
23266
23267
33547
33543
2974
23268
23269
33541
33537
2979
23270
23271
33535
33531
2984
23272
23273
33529
33525
2989
23274
23275
33523
33519
2994
23276
23277
33517
33513
2999
23278
23279
33511
33507
3004
23280
23281
33505
33501
3009
23282
23283
33499
33495
3014
23284
23285
33493
33489
3019
23286
23287
33487
33483
3024
23288
23289
33481
33477
3029
23290
23291
33475
33471
3034
23292
23293
3035
23261
3113
33554
32179
3115
3112
3114
3108
33556
32181
3110
3107
3109
33558
3103
33560
32187
3105
33562
3102
3104
33564
3098
33566
32193
3100
33568
3097
3099
33570
3093
33572
32199
3095
33574
3092
3094
33576
3088
33578
32205
3090
33580
3087
3089
33582
3083
33584
32211
3085
33586
3082
3084
33588
3078
33590
32217
3080
33592
3077
3079
33594
3073
33596
32223
3075
33598
3072
3074
33600
3068
33602
32229
3070
33604
3067
3069
33606
3063
33608
32235
3065
33610
3062
3064
33612
3058
33614
32241
3060
33616
3057
3059
33618
3053
33620
32247
3055
33622
3052
3054
33624
3048
33626
32253
3050
33628
3047
3049
33630
3043
33632
32259
3045
33634
3042
3044
33636
3038
33638
32265
3040
33640
3037
3039
3036
3041
23295
23296
3046
23297
23298
33641
33637
3051
23299
23300
33635
33631
3056
23301
23302
33629
33625
3061
23303
23304
33623
33619
3066
23305
23306
33617
33613
3071
23307
23308
33611
33607
3076
23309
23310
33605
33601
3081
23311
23312
33599
33595
3086
23313
23314
33593
33589
3091
23315
23316
33587
33583
3096
23317
23318
33581
33577
3101
23319
23320
33575
33571
3106
23321
23322
33569
33565
3111
23323
23324
33563
33559
3116
23325
23326
3117
23294
3195
3197
3194
3196
22862
3190
3192
3189
3191
22859
33642
3185
3187
33644
3184
3186
22856
33646
3180
3182
33648
3179
3181
22853
33650
3175
3177
33652
3174
3176
22850
33654
3170
3172
33656
3169
3171
22847
33658
3165
3167
33660
3164
3166
22844
33662
3160
3162
33664
3159
3161
22841
33666
3155
3157
33668
3154
3156
22838
33670
3150
3152
33672
3149
3151
22835
33674
3145
3147
33676
3144
3146
22832
33678
3140
3142
33680
3139
3141
22829
33682
3135
3137
33684
3134
3136
22826
33686
3130
3132
33688
3129
3131
22823
33690
3125
3127
33692
3124
3126
22820
33694
3120
32411
3122
33696
3119
3121
22817
3118
3123
23328
23329
3128
23330
23331
33697
33695
3133
23332
23333
33693
33691
3138
23334
23335
33689
33687
3143
23336
23337
33685
33683
3148
23338
23339
33681
33679
3153
23340
23341
33677
33675
3158
23342
23343
33673
33671
3163
23344
23345
33669
33667
3168
23346
23347
33665
33663
3173
23348
23349
33661
33659
3178
23350
23351
33657
33655
3183
23352
23353
33653
33651
3188
23354
23355
33649
33647
3193
23356
23357
33645
33643
3198
23358
23359
3199
23327
3309
32405
3311
3306
3307
3308
3310
3302
32323
3304
3299
3300
3301
3303
33698
3295
32327
3297
3292
3293
33700
3294
3296
33702
3288
32333
3290
3285
3286
33704
3287
3289
33706
3281
32339
3283
3278
3279
33708
3280
3282
33710
3274
32345
3276
3271
3272
33712
3273
3275
33714
3267
32351
3269
3264
3265
33716
3266
3268
33718
3260
32357
3262
33720
3257
3258
33722
3259
3261
33724
3253
33726
32363
3255
33728
3250
3251
33730
3252
3254
33732
3246
33734
32369
3248
33736
3243
3244
33738
3245
3247
33740
3239
33742
32375
3241
33744
3236
3237
33746
3238
3240
33748
3232
33750
32381
3234
33752
3229
3230
33754
3231
3233
33756
3225
33758
32387
3227
33760
3222
3223
33762
3224
3226
33764
3218
33766
32393
3220
33768
3215
3216
33770
3217
3219
33772
3211
33774
32399
3213
33776
3208
3209
33778
3210
3212
33780
3204
33782
32407
3206
33784
3201
3202
33786
3203
3205
3200
3207
23362
23363
3214
23365
23366
33787
33781
3221
23368
23369
33779
33773
3228
23371
23372
33771
33765
3235
23374
23375
33763
33757
3242
23377
23378
33755
33749
3249
23380
23381
33747
33741
3256
23383
23384
33739
33733
3263
23386
23387
33731
33725
3270
23389
23390
33723
33719
3277
23392
23393
33717
33715
3284
23395
23396
33713
33711
3291
23398
23399
33709
33707
3298
23401
23402
33705
33703
3305
23404
23405
33701
33699
3312
23407
23408
3313
23360
3391
33788
32413
3393
3390
3392
3386
33790
32417
3388
3385
3387
33792
3381
33794
32423
3383
33796
3380
3382
33798
3376
33800
32429
3378
33802
3375
3377
33804
3371
33806
32435
3373
33808
3370
3372
33810
3366
33812
32441
3368
33814
3365
3367
33816
3361
33818
32447
3363
33820
3360
3362
33822
3356
33824
32453
3358
33826
3355
3357
33828
3351
33830
32459
3353
33832
3350
3352
33834
3346
33836
32465
3348
33838
3345
3347
33840
3341
33842
32471
3343
33844
3340
3342
33846
3336
33848
32477
3338
33850
3335
3337
33852
3331
33854
32483
3333
33856
3330
3332
33858
3326
33860
32489
3328
33862
3325
3327
33864
3321
33866
32495
3323
33868
3320
3322
33870
3316
33872
32499
3318
33874
3315
3317
3314
3319
23410
23411
3324
23412
23413
33875
33871
3329
23414
23415
33869
33865
3334
23416
23417
33863
33859
3339
23418
23419
33857
33853
3344
23420
23421
33851
33847
3349
23422
23423
33845
33841
3354
23424
23425
33839
33835
3359
23426
23427
33833
33829
3364
23428
23429
33827
33823
3369
23430
23431
33821
33817
3374
23432
23433
33815
33811
3379
23434
23435
33809
33805
3384
23436
23437
33803
33799
3389
23438
23439
33797
33793
3394
23440
23441
3395
23409
3473
33876
32501
3475
3472
3474
3468
33878
32505
3470
3467
3469
33880
3463
33882
32511
3465
33884
3462
3464
33886
3458
33888
32517
3460
33890
3457
3459
33892
3453
33894
32523
3455
33896
3452
3454
33898
3448
33900
32529
3450
33902
3447
3449
33904
3443
33906
32535
3445
33908
3442
3444
33910
3438
33912
32541
3440
33914
3437
3439
33916
3433
33918
32547
3435
33920
3432
3434
33922
3428
33924
32553
3430
33926
3427
3429
33928
3423
33930
32559
3425
33932
3422
3424
33934
3418
33936
32565
3420
33938
3417
3419
33940
3413
33942
32571
3415
33944
3412
3414
33946
3408
33948
32577
3410
33950
3407
3409
33952
3403
33954
32583
3405
33956
3402
3404
33958
3398
33960
32587
3400
33962
3397
3399
3396
3401
23443
23444
3406
23445
23446
33963
33959
3411
23447
23448
33957
33953
3416
23449
23450
33951
33947
3421
23451
23452
33945
33941
3426
23453
23454
33939
33935
3431
23455
23456
33933
33929
3436
23457
23458
33927
33923
3441
23459
23460
33921
33917
3446
23461
23462
33915
33911
3451
23463
23464
33909
33905
3456
23465
23466
33903
33899
3461
23467
23468
33897
33893
3466
23469
23470
33891
33887
3471
23471
23472
33885
33881
3476
23473
23474
3477
23442
3555
33964
32589
3557
3554
3556
3550
33966
32593
3552
3549
3551
33968
3545
33970
32599
3547
33972
3544
3546
33974
3540
33976
32605
3542
33978
3539
3541
33980
3535
33982
32611
3537
33984
3534
3536
33986
3530
33988
32617
3532
33990
3529
3531
33992
3525
33994
32623
3527
33996
3524
3526
33998
3520
34000
32629
3522
34002
3519
3521
34004
3515
34006
32635
3517
34008
3514
3516
34010
3510
34012
32641
3512
34014
3509
3511
34016
3505
34018
32647
3507
34020
3504
3506
34022
3500
34024
32653
3502
34026
3499
3501
34028
3495
34030
32659
3497
34032
3494
3496
34034
3490
34036
32665
3492
34038
3489
3491
34040
3485
34042
32671
3487
34044
3484
3486
34046
3480
34048
32675
3482
34050
3479
3481
3478
3483
23476
23477
3488
23478
23479
34051
34047
3493
23480
23481
34045
34041
3498
23482
23483
34039
34035
3503
23484
23485
34033
34029
3508
23486
23487
34027
34023
3513
23488
23489
34021
34017
3518
23490
23491
34015
34011
3523
23492
23493
34009
34005
3528
23494
23495
34003
33999
3533
23496
23497
33997
33993
3538
23498
23499
33991
33987
3543
23500
23501
33985
33981
3548
23502
23503
33979
33975
3553
23504
23505
33973
33969
3558
23506
23507
3559
23475
3637
34052
32677
3639
3636
3638
3632
34054
32681
3634
3631
3633
34056
3627
34058
32687
3629
34060
3626
3628
34062
3622
34064
32693
3624
34066
3621
3623
34068
3617
34070
32699
3619
34072
3616
3618
34074
3612
34076
32705
3614
34078
3611
3613
34080
3607
34082
32711
3609
34084
3606
3608
34086
3602
34088
32717
3604
34090
3601
3603
34092
3597
34094
32723
3599
34096
3596
3598
34098
3592
34100
32729
3594
34102
3591
3593
34104
3587
34106
32735
3589
34108
3586
3588
34110
3582
34112
32741
3584
34114
3581
3583
34116
3577
34118
32747
3579
34120
3576
3578
34122
3572
34124
32753
3574
34126
3571
3573
34128
3567
34130
32759
3569
34132
3566
3568
34134
3562
34136
32763
3564
34138
3561
3563
3560
3565
23509
23510
3570
23511
23512
34139
34135
3575
23513
23514
34133
34129
3580
23515
23516
34127
34123
3585
23517
23518
34121
34117
3590
23519
23520
34115
34111
3595
23521
23522
34109
34105
3600
23523
23524
34103
34099
3605
23525
23526
34097
34093
3610
23527
23528
34091
34087
3615
23529
23530
34085
34081
3620
23531
23532
34079
34075
3625
23533
23534
34073
34069
3630
23535
23536
34067
34063
3635
23537
23538
34061
34057
3640
23539
23540
3641
23508
3719
34140
32765
3721
3718
3720
3714
34142
32769
3716
3713
3715
34144
3709
34146
32775
3711
34148
3708
3710
34150
3704
34152
32781
3706
34154
3703
3705
34156
3699
34158
32787
3701
34160
3698
3700
34162
3694
34164
32793
3696
34166
3693
3695
34168
3689
34170
32799
3691
34172
3688
3690
34174
3684
34176
32805
3686
34178
3683
3685
34180
3679
34182
32811
3681
34184
3678
3680
34186
3674
34188
32817
3676
34190
3673
3675
34192
3669
34194
32823
3671
34196
3668
3670
34198
3664
34200
32829
3666
34202
3663
3665
34204
3659
34206
32835
3661
34208
3658
3660
34210
3654
34212
32841
3656
34214
3653
3655
34216
3649
34218
32847
3651
34220
3648
3650
34222
3644
34224
32851
3646
34226
3643
3645
3642
3647
23542
23543
3652
23544
23545
34227
34223
3657
23546
23547
34221
34217
3662
23548
23549
34215
34211
3667
23550
23551
34209
34205
3672
23552
23553
34203
34199
3677
23554
23555
34197
34193
3682
23556
23557
34191
34187
3687
23558
23559
34185
34181
3692
23560
23561
34179
34175
3697
23562
23563
34173
34169
3702
23564
23565
34167
34163
3707
23566
23567
34161
34157
3712
23568
23569
34155
34151
3717
23570
23571
34149
34145
3722
23572
23573
3723
23541
3801
34228
32853
3803
3800
3802
3796
34230
32857
3798
3795
3797
34232
3791
34234
32863
3793
34236
3790
3792
34238
3786
34240
32869
3788
34242
3785
3787
34244
3781
34246
32875
3783
34248
3780
3782
34250
3776
34252
32881
3778
34254
3775
3777
34256
3771
34258
32887
3773
34260
3770
3772
34262
3766
34264
32893
3768
34266
3765
3767
34268
3761
34270
32899
3763
34272
3760
3762
34274
3756
34276
32905
3758
34278
3755
3757
34280
3751
34282
32911
3753
34284
3750
3752
34286
3746
34288
32917
3748
34290
3745
3747
34292
3741
34294
32923
3743
34296
3740
3742
34298
3736
34300
32929
3738
34302
3735
3737
34304
3731
34306
32935
3733
34308
3730
3732
34310
3726
34312
32939
3728
34314
3725
3727
3724
3729
23575
23576
3734
23577
23578
34315
34311
3739
23579
23580
34309
34305
3744
23581
23582
34303
34299
3749
23583
23584
34297
34293
3754
23585
23586
34291
34287
3759
23587
23588
34285
34281
3764
23589
23590
34279
34275
3769
23591
23592
34273
34269
3774
23593
23594
34267
34263
3779
23595
23596
34261
34257
3784
23597
23598
34255
34251
3789
23599
23600
34249
34245
3794
23601
23602
34243
34239
3799
23603
23604
34237
34233
3804
23605
23606
3805
23574
3883
34316
32941
3885
3882
3884
3878
34318
32945
3880
3877
3879
34320
3873
34322
32951
3875
34324
3872
3874
34326
3868
34328
32957
3870
34330
3867
3869
34332
3863
34334
32963
3865
34336
3862
3864
34338
3858
34340
32969
3860
34342
3857
3859
34344
3853
34346
32975
3855
34348
3852
3854
34350
3848
34352
32981
3850
34354
3847
3849
34356
3843
34358
32987
3845
34360
3842
3844
34362
3838
34364
32993
3840
34366
3837
3839
34368
3833
34370
32999
3835
34372
3832
3834
34374
3828
34376
33005
3830
34378
3827
3829
34380
3823
34382
33011
3825
34384
3822
3824
34386
3818
34388
33017
3820
34390
3817
3819
34392
3813
34394
33023
3815
34396
3812
3814
34398
3808
34400
33027
3810
34402
3807
3809
3806
3811
23608
23609
3816
23610
23611
34403
34399
3821
23612
23613
34397
34393
3826
23614
23615
34391
34387
3831
23616
23617
34385
34381
3836
23618
23619
34379
34375
3841
23620
23621
34373
34369
3846
23622
23623
34367
34363
3851
23624
23625
34361
34357
3856
23626
23627
34355
34351
3861
23628
23629
34349
34345
3866
23630
23631
34343
34339
3871
23632
23633
34337
34333
3876
23634
23635
34331
34327
3881
23636
23637
34325
34321
3886
23638
23639
3887
23607
3965
34404
33029
3967
3964
3966
3960
34406
33033
3962
3959
3961
34408
3955
34410
33039
3957
34412
3954
3956
34414
3950
34416
33045
3952
34418
3949
3951
34420
3945
34422
33051
3947
34424
3944
3946
34426
3940
34428
33057
3942
34430
3939
3941
34432
3935
34434
33063
3937
34436
3934
3936
34438
3930
34440
33069
3932
34442
3929
3931
34444
3925
34446
33075
3927
34448
3924
3926
34450
3920
34452
33081
3922
34454
3919
3921
34456
3915
34458
33087
3917
34460
3914
3916
34462
3910
34464
33093
3912
34466
3909
3911
34468
3905
34470
33099
3907
34472
3904
3906
34474
3900
34476
33105
3902
34478
3899
3901
34480
3895
34482
33111
3897
34484
3894
3896
34486
3890
34488
33115
3892
34490
3889
3891
3888
3893
23641
23642
3898
23643
23644
34491
34487
3903
23645
23646
34485
34481
3908
23647
23648
34479
34475
3913
23649
23650
34473
34469
3918
23651
23652
34467
34463
3923
23653
23654
34461
34457
3928
23655
23656
34455
34451
3933
23657
23658
34449
34445
3938
23659
23660
34443
34439
3943
23661
23662
34437
34433
3948
23663
23664
34431
34427
3953
23665
23666
34425
34421
3958
23667
23668
34419
34415
3963
23669
23670
34413
34409
3968
23671
23672
3969
23640
4047
34492
33117
4049
4046
4048
4042
34494
33121
4044
4041
4043
34496
4037
34498
33127
4039
34500
4036
4038
34502
4032
34504
33133
4034
34506
4031
4033
34508
4027
34510
33139
4029
34512
4026
4028
34514
4022
34516
33145
4024
34518
4021
4023
34520
4017
34522
33151
4019
34524
4016
4018
34526
4012
34528
33157
4014
34530
4011
4013
34532
4007
34534
33163
4009
34536
4006
4008
34538
4002
34540
33169
4004
34542
4001
4003
34544
3997
34546
33175
3999
34548
3996
3998
34550
3992
34552
33181
3994
34554
3991
3993
34556
3987
34558
33187
3989
34560
3986
3988
34562
3982
34564
33193
3984
34566
3981
3983
34568
3977
34570
33199
3979
34572
3976
3978
34574
3972
34576
33203
3974
34578
3971
3973
3970
3975
23674
23675
3980
23676
23677
34579
34575
3985
23678
23679
34573
34569
3990
23680
23681
34567
34563
3995
23682
23683
34561
34557
4000
23684
23685
34555
34551
4005
23686
23687
34549
34545
4010
23688
23689
34543
34539
4015
23690
23691
34537
34533
4020
23692
23693
34531
34527
4025
23694
23695
34525
34521
4030
23696
23697
34519
34515
4035
23698
23699
34513
34509
4040
23700
23701
34507
34503
4045
23702
23703
34501
34497
4050
23704
23705
4051
23673
4129
34580
33205
4131
4128
4130
4124
34582
33209
4126
4123
4125
34584
4119
34586
33215
4121
34588
4118
4120
34590
4114
34592
33221
4116
34594
4113
4115
34596
4109
34598
33227
4111
34600
4108
4110
34602
4104
34604
33233
4106
34606
4103
4105
34608
4099
34610
33239
4101
34612
4098
4100
34614
4094
34616
33245
4096
34618
4093
4095
34620
4089
34622
33251
4091
34624
4088
4090
34626
4084
34628
33257
4086
34630
4083
4085
34632
4079
34634
33263
4081
34636
4078
4080
34638
4074
34640
33269
4076
34642
4073
4075
34644
4069
34646
33275
4071
34648
4068
4070
34650
4064
34652
33281
4066
34654
4063
4065
34656
4059
34658
33287
4061
34660
4058
4060
34662
4054
34664
33291
4056
34666
4053
4055
4052
4057
23707
23708
4062
23709
23710
34667
34663
4067
23711
23712
34661
34657
4072
23713
23714
34655
34651
4077
23715
23716
34649
34645
4082
23717
23718
34643
34639
4087
23719
23720
34637
34633
4092
23721
23722
34631
34627
4097
23723
23724
34625
34621
4102
23725
23726
34619
34615
4107
23727
23728
34613
34609
4112
23729
23730
34607
34603
4117
23731
23732
34601
34597
4122
23733
23734
34595
34591
4127
23735
23736
34589
34585
4132
23737
23738
4133
23706
4211
34668
33293
4213
4210
4212
4206
34670
33297
4208
4205
4207
34672
4201
34674
33303
4203
34676
4200
4202
34678
4196
34680
33309
4198
34682
4195
4197
34684
4191
34686
33315
4193
34688
4190
4192
34690
4186
34692
33321
4188
34694
4185
4187
34696
4181
34698
33327
4183
34700
4180
4182
34702
4176
34704
33333
4178
34706
4175
4177
34708
4171
34710
33339
4173
34712
4170
4172
34714
4166
34716
33345
4168
34718
4165
4167
34720
4161
34722
33351
4163
34724
4160
4162
34726
4156
34728
33357
4158
34730
4155
4157
34732
4151
34734
33363
4153
34736
4150
4152
34738
4146
34740
33369
4148
34742
4145
4147
34744
4141
34746
33375
4143
34748
4140
4142
34750
4136
34752
33379
4138
34754
4135
4137
4134
4139
23740
23741
4144
23742
23743
34755
34751
4149
23744
23745
34749
34745
4154
23746
23747
34743
34739
4159
23748
23749
34737
34733
4164
23750
23751
34731
34727
4169
23752
23753
34725
34721
4174
23754
23755
34719
34715
4179
23756
23757
34713
34709
4184
23758
23759
34707
34703
4189
23760
23761
34701
34697
4194
23762
23763
34695
34691
4199
23764
23765
34689
34685
4204
23766
23767
34683
34679
4209
23768
23769
34677
34673
4214
23770
23771
4215
23739
4293
34756
33381
4295
4292
4294
4288
34758
33385
4290
4287
4289
34760
4283
34762
33391
4285
34764
4282
4284
34766
4278
34768
33397
4280
34770
4277
4279
34772
4273
34774
33403
4275
34776
4272
4274
34778
4268
34780
33409
4270
34782
4267
4269
34784
4263
34786
33415
4265
34788
4262
4264
34790
4258
34792
33421
4260
34794
4257
4259
34796
4253
34798
33427
4255
34800
4252
4254
34802
4248
34804
33433
4250
34806
4247
4249
34808
4243
34810
33439
4245
34812
4242
4244
34814
4238
34816
33445
4240
34818
4237
4239
34820
4233
34822
33451
4235
34824
4232
4234
34826
4228
34828
33457
4230
34830
4227
4229
34832
4223
34834
33463
4225
34836
4222
4224
34838
4218
34840
33467
4220
34842
4217
4219
4216
4221
23773
23774
4226
23775
23776
34843
34839
4231
23777
23778
34837
34833
4236
23779
23780
34831
34827
4241
23781
23782
34825
34821
4246
23783
23784
34819
34815
4251
23785
23786
34813
34809
4256
23787
23788
34807
34803
4261
23789
23790
34801
34797
4266
23791
23792
34795
34791
4271
23793
23794
34789
34785
4276
23795
23796
34783
34779
4281
23797
23798
34777
34773
4286
23799
23800
34771
34767
4291
23801
23802
34765
34761
4296
23803
23804
4297
23772
4375
34844
33469
4377
4374
4376
4370
34846
33473
4372
4369
4371
34848
4365
34850
33479
4367
34852
4364
4366
34854
4360
34856
33485
4362
34858
4359
4361
34860
4355
34862
33491
4357
34864
4354
4356
34866
4350
34868
33497
4352
34870
4349
4351
34872
4345
34874
33503
4347
34876
4344
4346
34878
4340
34880
33509
4342
34882
4339
4341
34884
4335
34886
33515
4337
34888
4334
4336
34890
4330
34892
33521
4332
34894
4329
4331
34896
4325
34898
33527
4327
34900
4324
4326
34902
4320
34904
33533
4322
34906
4319
4321
34908
4315
34910
33539
4317
34912
4314
4316
34914
4310
34916
33545
4312
34918
4309
4311
34920
4305
34922
33551
4307
34924
4304
4306
34926
4300
34928
33555
4302
34930
4299
4301
4298
4303
23806
23807
4308
23808
23809
34931
34927
4313
23810
23811
34925
34921
4318
23812
23813
34919
34915
4323
23814
23815
34913
34909
4328
23816
23817
34907
34903
4333
23818
23819
34901
34897
4338
23820
23821
34895
34891
4343
23822
23823
34889
34885
4348
23824
23825
34883
34879
4353
23826
23827
34877
34873
4358
23828
23829
34871
34867
4363
23830
23831
34865
34861
4368
23832
23833
34859
34855
4373
23834
23835
34853
34849
4378
23836
23837
4379
23805
4457
34932
33557
4459
4456
4458
4452
34934
33561
4454
4451
4453
34936
4447
34938
33567
4449
34940
4446
4448
34942
4442
34944
33573
4444
34946
4441
4443
34948
4437
34950
33579
4439
34952
4436
4438
34954
4432
34956
33585
4434
34958
4431
4433
34960
4427
34962
33591
4429
34964
4426
4428
34966
4422
34968
33597
4424
34970
4421
4423
34972
4417
34974
33603
4419
34976
4416
4418
34978
4412
34980
33609
4414
34982
4411
4413
34984
4407
34986
33615
4409
34988
4406
4408
34990
4402
34992
33621
4404
34994
4401
4403
34996
4397
34998
33627
4399
35000
4396
4398
35002
4392
35004
33633
4394
35006
4391
4393
35008
4387
35010
33639
4389
35012
4386
4388
35014
4382
4384
35016
4381
4383
4380
4385
23839
23840
4390
23841
23842
35017
35015
4395
23843
23844
35013
35009
4400
23845
23846
35007
35003
4405
23847
23848
35001
34997
4410
23849
23850
34995
34991
4415
23851
23852
34989
34985
4420
23853
23854
34983
34979
4425
23855
23856
34977
34973
4430
23857
23858
34971
34967
4435
23859
23860
34965
34961
4440
23861
23862
34959
34955
4445
23863
23864
34953
34949
4450
23865
23866
34947
34943
4455
23867
23868
34941
34937
4460
23869
23870
4461
23838
4539
4541
4538
4540
23406
4534
4536
4533
4535
23403
35018
4529
4531
35020
4528
4530
23400
35022
4524
4526
35024
4523
4525
23397
35026
4519
4521
35028
4518
4520
23394
35030
4514
4516
35032
4513
4515
23391
35034
4509
4511
35036
4508
4510
23388
35038
4504
4506
35040
4503
4505
23385
35042
4499
4501
35044
4498
4500
23382
35046
4494
4496
35048
4493
4495
23379
35050
4489
4491
35052
4488
4490
23376
35054
4484
4486
35056
4483
4485
23373
35058
4479
4481
35060
4478
4480
23370
35062
4474
4476
35064
4473
4475
23367
35066
4469
33789
4471
35068
4468
4470
23364
35070
4464
33783
4466
35072
4463
4465
23361
4462
4467
23872
23873
4472
23874
23875
35073
35071
4477
23876
23877
35069
35067
4482
23878
23879
35065
35063
4487
23880
23881
35061
35059
4492
23882
23883
35057
35055
4497
23884
23885
35053
35051
4502
23886
23887
35049
35047
4507
23888
23889
35045
35043
4512
23890
23891
35041
35039
4517
23892
23893
35037
35035
4522
23894
23895
35033
35031
4527
23896
23897
35029
35027
4532
23898
23899
35025
35023
4537
23900
23901
35021
35019
4542
23902
23903
4543
23871
4653
33775
4655
4650
4651
4652
4654
4646
33767
4648
4643
4644
4645
4647
35074
4639
33759
4641
4636
4637
35076
4638
4640
35078
4632
33751
4634
4629
4630
35080
4631
4633
35082
4625
33743
4627
4622
4623
35084
4624
4626
35086
4618
33735
4620
4615
4616
35088
4617
4619
35090
4611
33727
4613
4608
4609
35092
4610
4612
35094
4604
35096
33721
4606
35098
4601
4602
35100
4603
4605
35102
4597
35104
33729
4599
35106
4594
4595
35108
4596
4598
35110
4590
35112
33737
4592
35114
4587
4588
35116
4589
4591
35118
4583
35120
33745
4585
35122
4580
4581
35124
4582
4584
35126
4576
35128
33753
4578
35130
4573
4574
35132
4575
4577
35134
4569
35136
33761
4571
35138
4566
4567
35140
4568
4570
35142
4562
35144
33769
4564
35146
4559
4560
35148
4561
4563
35150
4555
35152
33777
4557
35154
4552
4553
35156
4554
4556
35158
4548
35160
33785
4550
35162
4545
4546
35164
4547
4549
4544
4551
23906
23907
4558
23909
23910
35165
35159
4565
23912
23913
35157
35151
4572
23915
23916
35149
35143
4579
23918
23919
35141
35135
4586
23921
23922
35133
35127
4593
23924
23925
35125
35119
4600
23927
23928
35117
35111
4607
23930
23931
35109
35103
4614
23933
23934
35101
35095
4621
23936
23937
35093
35091
4628
23939
23940
35089
35087
4635
23942
23943
35085
35083
4642
23945
23946
35081
35079
4649
23948
23949
35077
35075
4656
23951
23952
4657
23904
4735
35166
33791
4737
4734
4736
4730
35168
33795
4732
4729
4731
35170
4725
35172
33801
4727
35174
4724
4726
35176
4720
35178
33807
4722
35180
4719
4721
35182
4715
35184
33813
4717
35186
4714
4716
35188
4710
35190
33819
4712
35192
4709
4711
35194
4705
35196
33825
4707
35198
4704
4706
35200
4700
35202
33831
4702
35204
4699
4701
35206
4695
35208
33837
4697
35210
4694
4696
35212
4690
35214
33843
4692
35216
4689
4691
35218
4685
35220
33849
4687
35222
4684
4686
35224
4680
35226
33855
4682
35228
4679
4681
35230
4675
35232
33861
4677
35234
4674
4676
35236
4670
35238
33867
4672
35240
4669
4671
35242
4665
35244
33873
4667
35246
4664
4666
35248
4660
35250
33877
4662
35252
4659
4661
4658
4663
23954
23955
4668
23956
23957
35253
35249
4673
23958
23959
35247
35243
4678
23960
23961
35241
35237
4683
23962
23963
35235
35231
4688
23964
23965
35229
35225
4693
23966
23967
35223
35219
4698
23968
23969
35217
35213
4703
23970
23971
35211
35207
4708
23972
23973
35205
35201
4713
23974
23975
35199
35195
4718
23976
23977
35193
35189
4723
23978
23979
35187
35183
4728
23980
23981
35181
35177
4733
23982
23983
35175
35171
4738
23984
23985
4739
23953
4817
35254
33879
4819
4816
4818
4812
35256
33883
4814
4811
4813
35258
4807
35260
33889
4809
35262
4806
4808
35264
4802
35266
33895
4804
35268
4801
4803
35270
4797
35272
33901
4799
35274
4796
4798
35276
4792
35278
33907
4794
35280
4791
4793
35282
4787
35284
33913
4789
35286
4786
4788
35288
4782
35290
33919
4784
35292
4781
4783
35294
4777
35296
33925
4779
35298
4776
4778
35300
4772
35302
33931
4774
35304
4771
4773
35306
4767
35308
33937
4769
35310
4766
4768
35312
4762
35314
33943
4764
35316
4761
4763
35318
4757
35320
33949
4759
35322
4756
4758
35324
4752
35326
33955
4754
35328
4751
4753
35330
4747
35332
33961
4749
35334
4746
4748
35336
4742
35338
33965
4744
35340
4741
4743
4740
4745
23987
23988
4750
23989
23990
35341
35337
4755
23991
23992
35335
35331
4760
23993
23994
35329
35325
4765
23995
23996
35323
35319
4770
23997
23998
35317
35313
4775
23999
24000
35311
35307
4780
24001
24002
35305
35301
4785
24003
24004
35299
35295
4790
24005
24006
35293
35289
4795
24007
24008
35287
35283
4800
24009
24010
35281
35277
4805
24011
24012
35275
35271
4810
24013
24014
35269
35265
4815
24015
24016
35263
35259
4820
24017
24018
4821
23986
4899
35342
33967
4901
4898
4900
4894
35344
33971
4896
4893
4895
35346
4889
35348
33977
4891
35350
4888
4890
35352
4884
35354
33983
4886
35356
4883
4885
35358
4879
35360
33989
4881
35362
4878
4880
35364
4874
35366
33995
4876
35368
4873
4875
35370
4869
35372
34001
4871
35374
4868
4870
35376
4864
35378
34007
4866
35380
4863
4865
35382
4859
35384
34013
4861
35386
4858
4860
35388
4854
35390
34019
4856
35392
4853
4855
35394
4849
35396
34025
4851
35398
4848
4850
35400
4844
35402
34031
4846
35404
4843
4845
35406
4839
35408
34037
4841
35410
4838
4840
35412
4834
35414
34043
4836
35416
4833
4835
35418
4829
35420
34049
4831
35422
4828
4830
35424
4824
35426
34053
4826
35428
4823
4825
4822
4827
24020
24021
4832
24022
24023
35429
35425
4837
24024
24025
35423
35419
4842
24026
24027
35417
35413
4847
24028
24029
35411
35407
4852
24030
24031
35405
35401
4857
24032
24033
35399
35395
4862
24034
24035
35393
35389
4867
24036
24037
35387
35383
4872
24038
24039
35381
35377
4877
24040
24041
35375
35371
4882
24042
24043
35369
35365
4887
24044
24045
35363
35359
4892
24046
24047
35357
35353
4897
24048
24049
35351
35347
4902
24050
24051
4903
24019
4981
35430
34055
4983
4980
4982
4976
35432
34059
4978
4975
4977
35434
4971
35436
34065
4973
35438
4970
4972
35440
4966
35442
34071
4968
35444
4965
4967
35446
4961
35448
34077
4963
35450
4960
4962
35452
4956
35454
34083
4958
35456
4955
4957
35458
4951
35460
34089
4953
35462
4950
4952
35464
4946
35466
34095
4948
35468
4945
4947
35470
4941
35472
34101
4943
35474
4940
4942
35476
4936
35478
34107
4938
35480
4935
4937
35482
4931
35484
34113
4933
35486
4930
4932
35488
4926
35490
34119
4928
35492
4925
4927
35494
4921
35496
34125
4923
35498
4920
4922
35500
4916
35502
34131
4918
35504
4915
4917
35506
4911
35508
34137
4913
35510
4910
4912
35512
4906
35514
34141
4908
35516
4905
4907
4904
4909
24053
24054
4914
24055
24056
35517
35513
4919
24057
24058
35511
35507
4924
24059
24060
35505
35501
4929
24061
24062
35499
35495
4934
24063
24064
35493
35489
4939
24065
24066
35487
35483
4944
24067
24068
35481
35477
4949
24069
24070
35475
35471
4954
24071
24072
35469
35465
4959
24073
24074
35463
35459
4964
24075
24076
35457
35453
4969
24077
24078
35451
35447
4974
24079
24080
35445
35441
4979
24081
24082
35439
35435
4984
24083
24084
4985
24052
5063
35518
34143
5065
5062
5064
5058
35520
34147
5060
5057
5059
35522
5053
35524
34153
5055
35526
5052
5054
35528
5048
35530
34159
5050
35532
5047
5049
35534
5043
35536
34165
5045
35538
5042
5044
35540
5038
35542
34171
5040
35544
5037
5039
35546
5033
35548
34177
5035
35550
5032
5034
35552
5028
35554
34183
5030
35556
5027
5029
35558
5023
35560
34189
5025
35562
5022
5024
35564
5018
35566
34195
5020
35568
5017
5019
35570
5013
35572
34201
5015
35574
5012
5014
35576
5008
35578
34207
5010
35580
5007
5009
35582
5003
35584
34213
5005
35586
5002
5004
35588
4998
35590
34219
5000
35592
4997
4999
35594
4993
35596
34225
4995
35598
4992
4994
35600
4988
35602
34229
4990
35604
4987
4989
4986
4991
24086
24087
4996
24088
24089
35605
35601
5001
24090
24091
35599
35595
5006
24092
24093
35593
35589
5011
24094
24095
35587
35583
5016
24096
24097
35581
35577
5021
24098
24099
35575
35571
5026
24100
24101
35569
35565
5031
24102
24103
35563
35559
5036
24104
24105
35557
35553
5041
24106
24107
35551
35547
5046
24108
24109
35545
35541
5051
24110
24111
35539
35535
5056
24112
24113
35533
35529
5061
24114
24115
35527
35523
5066
24116
24117
5067
24085
5145
35606
34231
5147
5144
5146
5140
35608
34235
5142
5139
5141
35610
5135
35612
34241
5137
35614
5134
5136
35616
5130
35618
34247
5132
35620
5129
5131
35622
5125
35624
34253
5127
35626
5124
5126
35628
5120
35630
34259
5122
35632
5119
5121
35634
5115
35636
34265
5117
35638
5114
5116
35640
5110
35642
34271
5112
35644
5109
5111
35646
5105
35648
34277
5107
35650
5104
5106
35652
5100
35654
34283
5102
35656
5099
5101
35658
5095
35660
34289
5097
35662
5094
5096
35664
5090
35666
34295
5092
35668
5089
5091
35670
5085
35672
34301
5087
35674
5084
5086
35676
5080
35678
34307
5082
35680
5079
5081
35682
5075
35684
34313
5077
35686
5074
5076
35688
5070
35690
34317
5072
35692
5069
5071
5068
5073
24119
24120
5078
24121
24122
35693
35689
5083
24123
24124
35687
35683
5088
24125
24126
35681
35677
5093
24127
24128
35675
35671
5098
24129
24130
35669
35665
5103
24131
24132
35663
35659
5108
24133
24134
35657
35653
5113
24135
24136
35651
35647
5118
24137
24138
35645
35641
5123
24139
24140
35639
35635
5128
24141
24142
35633
35629
5133
24143
24144
35627
35623
5138
24145
24146
35621
35617
5143
24147
24148
35615
35611
5148
24149
24150
5149
24118
5227
35694
34319
5229
5226
5228
5222
35696
34323
5224
5221
5223
35698
5217
35700
34329
5219
35702
5216
5218
35704
5212
35706
34335
5214
35708
5211
5213
35710
5207
35712
34341
5209
35714
5206
5208
35716
5202
35718
34347
5204
35720
5201
5203
35722
5197
35724
34353
5199
35726
5196
5198
35728
5192
35730
34359
5194
35732
5191
5193
35734
5187
35736
34365
5189
35738
5186
5188
35740
5182
35742
34371
5184
35744
5181
5183
35746
5177
35748
34377
5179
35750
5176
5178
35752
5172
35754
34383
5174
35756
5171
5173
35758
5167
35760
34389
5169
35762
5166
5168
35764
5162
35766
34395
5164
35768
5161
5163
35770
5157
35772
34401
5159
35774
5156
5158
35776
5152
35778
34405
5154
35780
5151
5153
5150
5155
24152
24153
5160
24154
24155
35781
35777
5165
24156
24157
35775
35771
5170
24158
24159
35769
35765
5175
24160
24161
35763
35759
5180
24162
24163
35757
35753
5185
24164
24165
35751
35747
5190
24166
24167
35745
35741
5195
24168
24169
35739
35735
5200
24170
24171
35733
35729
5205
24172
24173
35727
35723
5210
24174
24175
35721
35717
5215
24176
24177
35715
35711
5220
24178
24179
35709
35705
5225
24180
24181
35703
35699
5230
24182
24183
5231
24151
5309
35782
34407
5311
5308
5310
5304
35784
34411
5306
5303
5305
35786
5299
35788
34417
5301
35790
5298
5300
35792
5294
35794
34423
5296
35796
5293
5295
35798
5289
35800
34429
5291
35802
5288
5290
35804
5284
35806
34435
5286
35808
5283
5285
35810
5279
35812
34441
5281
35814
5278
5280
35816
5274
35818
34447
5276
35820
5273
5275
35822
5269
35824
34453
5271
35826
5268
5270
35828
5264
35830
34459
5266
35832
5263
5265
35834
5259
35836
34465
5261
35838
5258
5260
35840
5254
35842
34471
5256
35844
5253
5255
35846
5249
35848
34477
5251
35850
5248
5250
35852
5244
35854
34483
5246
35856
5243
5245
35858
5239
35860
34489
5241
35862
5238
5240
35864
5234
35866
34493
5236
35868
5233
5235
5232
5237
24185
24186
5242
24187
24188
35869
35865
5247
24189
24190
35863
35859
5252
24191
24192
35857
35853
5257
24193
24194
35851
35847
5262
24195
24196
35845
35841
5267
24197
24198
35839
35835
5272
24199
24200
35833
35829
5277
24201
24202
35827
35823
5282
24203
24204
35821
35817
5287
24205
24206
35815
35811
5292
24207
24208
35809
35805
5297
24209
24210
35803
35799
5302
24211
24212
35797
35793
5307
24213
24214
35791
35787
5312
24215
24216
5313
24184
5391
35870
34495
5393
5390
5392
5386
35872
34499
5388
5385
5387
35874
5381
35876
34505
5383
35878
5380
5382
35880
5376
35882
34511
5378
35884
5375
5377
35886
5371
35888
34517
5373
35890
5370
5372
35892
5366
35894
34523
5368
35896
5365
5367
35898
5361
35900
34529
5363
35902
5360
5362
35904
5356
35906
34535
5358
35908
5355
5357
35910
5351
35912
34541
5353
35914
5350
5352
35916
5346
35918
34547
5348
35920
5345
5347
35922
5341
35924
34553
5343
35926
5340
5342
35928
5336
35930
34559
5338
35932
5335
5337
35934
5331
35936
34565
5333
35938
5330
5332
35940
5326
35942
34571
5328
35944
5325
5327
35946
5321
35948
34577
5323
35950
5320
5322
35952
5316
35954
34581
5318
35956
5315
5317
5314
5319
24218
24219
5324
24220
24221
35957
35953
5329
24222
24223
35951
35947
5334
24224
24225
35945
35941
5339
24226
24227
35939
35935
5344
24228
24229
35933
35929
5349
24230
24231
35927
35923
5354
24232
24233
35921
35917
5359
24234
24235
35915
35911
5364
24236
24237
35909
35905
5369
24238
24239
35903
35899
5374
24240
24241
35897
35893
5379
24242
24243
35891
35887
5384
24244
24245
35885
35881
5389
24246
24247
35879
35875
5394
24248
24249
5395
24217
5473
35958
34583
5475
5472
5474
5468
35960
34587
5470
5467
5469
35962
5463
35964
34593
5465
35966
5462
5464
35968
5458
35970
34599
5460
35972
5457
5459
35974
5453
35976
34605
5455
35978
5452
5454
35980
5448
35982
34611
5450
35984
5447
5449
35986
5443
35988
34617
5445
35990
5442
5444
35992
5438
35994
34623
5440
35996
5437
5439
35998
5433
36000
34629
5435
36002
5432
5434
36004
5428
36006
34635
5430
36008
5427
5429
36010
5423
36012
34641
5425
36014
5422
5424
36016
5418
36018
34647
5420
36020
5417
5419
36022
5413
36024
34653
5415
36026
5412
5414
36028
5408
36030
34659
5410
36032
5407
5409
36034
5403
36036
34665
5405
36038
5402
5404
36040
5398
36042
34669
5400
36044
5397
5399
5396
5401
24251
24252
5406
24253
24254
36045
36041
5411
24255
24256
36039
36035
5416
24257
24258
36033
36029
5421
24259
24260
36027
36023
5426
24261
24262
36021
36017
5431
24263
24264
36015
36011
5436
24265
24266
36009
36005
5441
24267
24268
36003
35999
5446
24269
24270
35997
35993
5451
24271
24272
35991
35987
5456
24273
24274
35985
35981
5461
24275
24276
35979
35975
5466
24277
24278
35973
35969
5471
24279
24280
35967
35963
5476
24281
24282
5477
24250
5555
36046
34671
5557
5554
5556
5550
36048
34675
5552
5549
5551
36050
5545
36052
34681
5547
36054
5544
5546
36056
5540
36058
34687
5542
36060
5539
5541
36062
5535
36064
34693
5537
36066
5534
5536
36068
5530
36070
34699
5532
36072
5529
5531
36074
5525
36076
34705
5527
36078
5524
5526
36080
5520
36082
34711
5522
36084
5519
5521
36086
5515
36088
34717
5517
36090
5514
5516
36092
5510
36094
34723
5512
36096
5509
5511
36098
5505
36100
34729
5507
36102
5504
5506
36104
5500
36106
34735
5502
36108
5499
5501
36110
5495
36112
34741
5497
36114
5494
5496
36116
5490
36118
34747
5492
36120
5489
5491
36122
5485
36124
34753
5487
36126
5484
5486
36128
5480
36130
34757
5482
36132
5479
5481
5478
5483
24284
24285
5488
24286
24287
36133
36129
5493
24288
24289
36127
36123
5498
24290
24291
36121
36117
5503
24292
24293
36115
36111
5508
24294
24295
36109
36105
5513
24296
24297
36103
36099
5518
24298
24299
36097
36093
5523
24300
24301
36091
36087
5528
24302
24303
36085
36081
5533
24304
24305
36079
36075
5538
24306
24307
36073
36069
5543
24308
24309
36067
36063
5548
24310
24311
36061
36057
5553
24312
24313
36055
36051
5558
24314
24315
5559
24283
5637
36134
34759
5639
5636
5638
5632
36136
34763
5634
5631
5633
36138
5627
36140
34769
5629
36142
5626
5628
36144
5622
36146
34775
5624
36148
5621
5623
36150
5617
36152
34781
5619
36154
5616
5618
36156
5612
36158
34787
5614
36160
5611
5613
36162
5607
36164
34793
5609
36166
5606
5608
36168
5602
36170
34799
5604
36172
5601
5603
36174
5597
36176
34805
5599
36178
5596
5598
36180
5592
36182
34811
5594
36184
5591
5593
36186
5587
36188
34817
5589
36190
5586
5588
36192
5582
36194
34823
5584
36196
5581
5583
36198
5577
36200
34829
5579
36202
5576
5578
36204
5572
36206
34835
5574
36208
5571
5573
36210
5567
36212
34841
5569
36214
5566
5568
36216
5562
36218
34845
5564
36220
5561
5563
5560
5565
24317
24318
5570
24319
24320
36221
36217
5575
24321
24322
36215
36211
5580
24323
24324
36209
36205
5585
24325
24326
36203
36199
5590
24327
24328
36197
36193
5595
24329
24330
36191
36187
5600
24331
24332
36185
36181
5605
24333
24334
36179
36175
5610
24335
24336
36173
36169
5615
24337
24338
36167
36163
5620
24339
24340
36161
36157
5625
24341
24342
36155
36151
5630
24343
24344
36149
36145
5635
24345
24346
36143
36139
5640
24347
24348
5641
24316
5719
36222
34847
5721
5718
5720
5714
36224
34851
5716
5713
5715
36226
5709
36228
34857
5711
36230
5708
5710
36232
5704
36234
34863
5706
36236
5703
5705
36238
5699
36240
34869
5701
36242
5698
5700
36244
5694
36246
34875
5696
36248
5693
5695
36250
5689
36252
34881
5691
36254
5688
5690
36256
5684
36258
34887
5686
36260
5683
5685
36262
5679
36264
34893
5681
36266
5678
5680
36268
5674
36270
34899
5676
36272
5673
5675
36274
5669
36276
34905
5671
36278
5668
5670
36280
5664
36282
34911
5666
36284
5663
5665
36286
5659
36288
34917
5661
36290
5658
5660
36292
5654
36294
34923
5656
36296
5653
5655
36298
5649
36300
34929
5651
36302
5648
5650
36304
5644
36306
34933
5646
36308
5643
5645
5642
5647
24350
24351
5652
24352
24353
36309
36305
5657
24354
24355
36303
36299
5662
24356
24357
36297
36293
5667
24358
24359
36291
36287
5672
24360
24361
36285
36281
5677
24362
24363
36279
36275
5682
24364
24365
36273
36269
5687
24366
24367
36267
36263
5692
24368
24369
36261
36257
5697
24370
24371
36255
36251
5702
24372
24373
36249
36245
5707
24374
24375
36243
36239
5712
24376
24377
36237
36233
5717
24378
24379
36231
36227
5722
24380
24381
5723
24349
5801
36310
34935
5803
5800
5802
5796
36312
34939
5798
5795
5797
36314
5791
36316
34945
5793
36318
5790
5792
36320
5786
36322
34951
5788
36324
5785
5787
36326
5781
36328
34957
5783
36330
5780
5782
36332
5776
36334
34963
5778
36336
5775
5777
36338
5771
36340
34969
5773
36342
5770
5772
36344
5766
36346
34975
5768
36348
5765
5767
36350
5761
36352
34981
5763
36354
5760
5762
36356
5756
36358
34987
5758
36360
5755
5757
36362
5751
36364
34993
5753
36366
5750
5752
36368
5746
36370
34999
5748
36372
5745
5747
36374
5741
36376
35005
5743
36378
5740
5742
36380
5736
36382
35011
5738
36384
5735
5737
36386
5731
5733
36388
5730
5732
36390
5726
5728
36392
5725
5727
5724
5729
24383
24384
5734
24385
24386
36393
36391
5739
24387
24388
36389
36387
5744
24389
24390
36385
36381
5749
24391
24392
36379
36375
5754
24393
24394
36373
36369
5759
24395
24396
36367
36363
5764
24397
24398
36361
36357
5769
24399
24400
36355
36351
5774
24401
24402
36349
36345
5779
24403
24404
36343
36339
5784
24405
24406
36337
36333
5789
24407
24408
36331
36327
5794
24409
24410
36325
36321
5799
24411
24412
36319
36315
5804
24413
24414
5805
24382
5883
5885
5882
5884
23950
5878
5880
5877
5879
23947
36394
5873
5875
36396
5872
5874
23944
36398
5868
5870
36400
5867
5869
23941
36402
5863
5865
36404
5862
5864
23938
36406
5858
5860
36408
5857
5859
23935
36410
5853
5855
36412
5852
5854
23932
36414
5848
5850
36416
5847
5849
23929
36418
5843
5845
36420
5842
5844
23926
36422
5838
5840
36424
5837
5839
23923
36426
5833
5835
36428
5832
5834
23920
36430
5828
5830
36432
5827
5829
23917
36434
5823
5825
36436
5822
5824
23914
36438
5818
35167
5820
36440
5817
5819
23911
36442
5813
35161
5815
36444
5812
5814
23908
36446
5808
35153
5810
36448
5807
5809
23905
5806
5811
24416
24417
5816
24418
24419
36449
36447
5821
24420
24421
36445
36443
5826
24422
24423
36441
36439
5831
24424
24425
36437
36435
5836
24426
24427
36433
36431
5841
24428
24429
36429
36427
5846
24430
24431
36425
36423
5851
24432
24433
36421
36419
5856
24434
24435
36417
36415
5861
24436
24437
36413
36411
5866
24438
24439
36409
36407
5871
24440
24441
36405
36403
5876
24442
24443
36401
36399
5881
24444
24445
36397
36395
5886
24446
24447
5887
24415
5997
35145
5999
5994
5995
5996
5998
5990
35137
5992
5987
5988
5989
5991
36450
5983
35129
5985
5980
5981
36452
5982
5984
36454
5976
35121
5978
5973
5974
36456
5975
5977
36458
5969
35113
5971
5966
5967
36460
5968
5970
36462
5962
35105
5964
5959
5960
36464
5961
5963
36466
5955
35097
5957
36468
5952
5953
36470
5954
5956
36472
5948
36474
35099
5950
36476
5945
5946
36478
5947
5949
36480
5941
36482
35107
5943
36484
5938
5939
36486
5940
5942
36488
5934
36490
35115
5936
36492
5931
5932
36494
5933
5935
36496
5927
36498
35123
5929
36500
5924
5925
36502
5926
5928
36504
5920
36506
35131
5922
36508
5917
5918
36510
5919
5921
36512
5913
36514
35139
5915
36516
5910
5911
36518
5912
5914
36520
5906
36522
35147
5908
36524
5903
5904
36526
5905
5907
36528
5899
36530
35155
5901
36532
5896
5897
36534
5898
5900
36536
5892
36538
35163
5894
36540
5889
5890
36542
5891
5893
5888
5895
24450
24451
5902
24453
24454
36543
36537
5909
24456
24457
36535
36529
5916
24459
24460
36527
36521
5923
24462
24463
36519
36513
5930
24465
24466
36511
36505
5937
24468
24469
36503
36497
5944
24471
24472
36495
36489
5951
24474
24475
36487
36481
5958
24477
24478
36479
36473
5965
24480
24481
36471
36467
5972
24483
24484
36465
36463
5979
24486
24487
36461
36459
5986
24489
24490
36457
36455
5993
24492
24493
36453
36451
6000
24495
24496
6001
24448
6079
36544
35169
6081
6078
6080
6074
36546
35173
6076
6073
6075
36548
6069
36550
35179
6071
36552
6068
6070
36554
6064
36556
35185
6066
36558
6063
6065
36560
6059
36562
35191
6061
36564
6058
6060
36566
6054
36568
35197
6056
36570
6053
6055
36572
6049
36574
35203
6051
36576
6048
6050
36578
6044
36580
35209
6046
36582
6043
6045
36584
6039
36586
35215
6041
36588
6038
6040
36590
6034
36592
35221
6036
36594
6033
6035
36596
6029
36598
35227
6031
36600
6028
6030
36602
6024
36604
35233
6026
36606
6023
6025
36608
6019
36610
35239
6021
36612
6018
6020
36614
6014
36616
35245
6016
36618
6013
6015
36620
6009
36622
35251
6011
36624
6008
6010
36626
6004
36628
35255
6006
36630
6003
6005
6002
6007
24498
24499
6012
24500
24501
36631
36627
6017
24502
24503
36625
36621
6022
24504
24505
36619
36615
6027
24506
24507
36613
36609
6032
24508
24509
36607
36603
6037
24510
24511
36601
36597
6042
24512
24513
36595
36591
6047
24514
24515
36589
36585
6052
24516
24517
36583
36579
6057
24518
24519
36577
36573
6062
24520
24521
36571
36567
6067
24522
24523
36565
36561
6072
24524
24525
36559
36555
6077
24526
24527
36553
36549
6082
24528
24529
6083
24497
6161
36632
35257
6163
6160
6162
6156
36634
35261
6158
6155
6157
36636
6151
36638
35267
6153
36640
6150
6152
36642
6146
36644
35273
6148
36646
6145
6147
36648
6141
36650
35279
6143
36652
6140
6142
36654
6136
36656
35285
6138
36658
6135
6137
36660
6131
36662
35291
6133
36664
6130
6132
36666
6126
36668
35297
6128
36670
6125
6127
36672
6121
36674
35303
6123
36676
6120
6122
36678
6116
36680
35309
6118
36682
6115
6117
36684
6111
36686
35315
6113
36688
6110
6112
36690
6106
36692
35321
6108
36694
6105
6107
36696
6101
36698
35327
6103
36700
6100
6102
36702
6096
36704
35333
6098
36706
6095
6097
36708
6091
36710
35339
6093
36712
6090
6092
36714
6086
36716
35343
6088
36718
6085
6087
6084
6089
24531
24532
6094
24533
24534
36719
36715
6099
24535
24536
36713
36709
6104
24537
24538
36707
36703
6109
24539
24540
36701
36697
6114
24541
24542
36695
36691
6119
24543
24544
36689
36685
6124
24545
24546
36683
36679
6129
24547
24548
36677
36673
6134
24549
24550
36671
36667
6139
24551
24552
36665
36661
6144
24553
24554
36659
36655
6149
24555
24556
36653
36649
6154
24557
24558
36647
36643
6159
24559
24560
36641
36637
6164
24561
24562
6165
24530
6243
36720
35345
6245
6242
6244
6238
36722
35349
6240
6237
6239
36724
6233
36726
35355
6235
36728
6232
6234
36730
6228
36732
35361
6230
36734
6227
6229
36736
6223
36738
35367
6225
36740
6222
6224
36742
6218
36744
35373
6220
36746
6217
6219
36748
6213
36750
35379
6215
36752
6212
6214
36754
6208
36756
35385
6210
36758
6207
6209
36760
6203
36762
35391
6205
36764
6202
6204
36766
6198
36768
35397
6200
36770
6197
6199
36772
6193
36774
35403
6195
36776
6192
6194
36778
6188
36780
35409
6190
36782
6187
6189
36784
6183
36786
35415
6185
36788
6182
6184
36790
6178
36792
35421
6180
36794
6177
6179
36796
6173
36798
35427
6175
36800
6172
6174
36802
6168
36804
35431
6170
36806
6167
6169
6166
6171
24564
24565
6176
24566
24567
36807
36803
6181
24568
24569
36801
36797
6186
24570
24571
36795
36791
6191
24572
24573
36789
36785
6196
24574
24575
36783
36779
6201
24576
24577
36777
36773
6206
24578
24579
36771
36767
6211
24580
24581
36765
36761
6216
24582
24583
36759
36755
6221
24584
24585
36753
36749
6226
24586
24587
36747
36743
6231
24588
24589
36741
36737
6236
24590
24591
36735
36731
6241
24592
24593
36729
36725
6246
24594
24595
6247
24563
6325
36808
35433
6327
6324
6326
6320
36810
35437
6322
6319
6321
36812
6315
36814
35443
6317
36816
6314
6316
36818
6310
36820
35449
6312
36822
6309
6311
36824
6305
36826
35455
6307
36828
6304
6306
36830
6300
36832
35461
6302
36834
6299
6301
36836
6295
36838
35467
6297
36840
6294
6296
36842
6290
36844
35473
6292
36846
6289
6291
36848
6285
36850
35479
6287
36852
6284
6286
36854
6280
36856
35485
6282
36858
6279
6281
36860
6275
36862
35491
6277
36864
6274
6276
36866
6270
36868
35497
6272
36870
6269
6271
36872
6265
36874
35503
6267
36876
6264
6266
36878
6260
36880
35509
6262
36882
6259
6261
36884
6255
36886
35515
6257
36888
6254
6256
36890
6250
36892
35519
6252
36894
6249
6251
6248
6253
24597
24598
6258
24599
24600
36895
36891
6263
24601
24602
36889
36885
6268
24603
24604
36883
36879
6273
24605
24606
36877
36873
6278
24607
24608
36871
36867
6283
24609
24610
36865
36861
6288
24611
24612
36859
36855
6293
24613
24614
36853
36849
6298
24615
24616
36847
36843
6303
24617
24618
36841
36837
6308
24619
24620
36835
36831
6313
24621
24622
36829
36825
6318
24623
24624
36823
36819
6323
24625
24626
36817
36813
6328
24627
24628
6329
24596
6407
36896
35521
6409
6406
6408
6402
36898
35525
6404
6401
6403
36900
6397
36902
35531
6399
36904
6396
6398
36906
6392
36908
35537
6394
36910
6391
6393
36912
6387
36914
35543
6389
36916
6386
6388
36918
6382
36920
35549
6384
36922
6381
6383
36924
6377
36926
35555
6379
36928
6376
6378
36930
6372
36932
35561
6374
36934
6371
6373
36936
6367
36938
35567
6369
36940
6366
6368
36942
6362
36944
35573
6364
36946
6361
6363
36948
6357
36950
35579
6359
36952
6356
6358
36954
6352
36956
35585
6354
36958
6351
6353
36960
6347
36962
35591
6349
36964
6346
6348
36966
6342
36968
35597
6344
36970
6341
6343
36972
6337
36974
35603
6339
36976
6336
6338
36978
6332
36980
35607
6334
36982
6331
6333
6330
6335
24630
24631
6340
24632
24633
36983
36979
6345
24634
24635
36977
36973
6350
24636
24637
36971
36967
6355
24638
24639
36965
36961
6360
24640
24641
36959
36955
6365
24642
24643
36953
36949
6370
24644
24645
36947
36943
6375
24646
24647
36941
36937
6380
24648
24649
36935
36931
6385
24650
24651
36929
36925
6390
24652
24653
36923
36919
6395
24654
24655
36917
36913
6400
24656
24657
36911
36907
6405
24658
24659
36905
36901
6410
24660
24661
6411
24629
6489
36984
35609
6491
6488
6490
6484
36986
35613
6486
6483
6485
36988
6479
36990
35619
6481
36992
6478
6480
36994
6474
36996
35625
6476
36998
6473
6475
37000
6469
37002
35631
6471
37004
6468
6470
37006
6464
37008
35637
6466
37010
6463
6465
37012
6459
37014
35643
6461
37016
6458
6460
37018
6454
37020
35649
6456
37022
6453
6455
37024
6449
37026
35655
6451
37028
6448
6450
37030
6444
37032
35661
6446
37034
6443
6445
37036
6439
37038
35667
6441
37040
6438
6440
37042
6434
37044
35673
6436
37046
6433
6435
37048
6429
37050
35679
6431
37052
6428
6430
37054
6424
37056
35685
6426
37058
6423
6425
37060
6419
37062
35691
6421
37064
6418
6420
37066
6414
37068
35695
6416
37070
6413
6415
6412
6417
24663
24664
6422
24665
24666
37071
37067
6427
24667
24668
37065
37061
6432
24669
24670
37059
37055
6437
24671
24672
37053
37049
6442
24673
24674
37047
37043
6447
24675
24676
37041
37037
6452
24677
24678
37035
37031
6457
24679
24680
37029
37025
6462
24681
24682
37023
37019
6467
24683
24684
37017
37013
6472
24685
24686
37011
37007
6477
24687
24688
37005
37001
6482
24689
24690
36999
36995
6487
24691
24692
36993
36989
6492
24693
24694
6493
24662
6571
37072
35697
6573
6570
6572
6566
37074
35701
6568
6565
6567
37076
6561
37078
35707
6563
37080
6560
6562
37082
6556
37084
35713
6558
37086
6555
6557
37088
6551
37090
35719
6553
37092
6550
6552
37094
6546
37096
35725
6548
37098
6545
6547
37100
6541
37102
35731
6543
37104
6540
6542
37106
6536
37108
35737
6538
37110
6535
6537
37112
6531
37114
35743
6533
37116
6530
6532
37118
6526
37120
35749
6528
37122
6525
6527
37124
6521
37126
35755
6523
37128
6520
6522
37130
6516
37132
35761
6518
37134
6515
6517
37136
6511
37138
35767
6513
37140
6510
6512
37142
6506
37144
35773
6508
37146
6505
6507
37148
6501
37150
35779
6503
37152
6500
6502
37154
6496
37156
35783
6498
37158
6495
6497
6494
6499
24696
24697
6504
24698
24699
37159
37155
6509
24700
24701
37153
37149
6514
24702
24703
37147
37143
6519
24704
24705
37141
37137
6524
24706
24707
37135
37131
6529
24708
24709
37129
37125
6534
24710
24711
37123
37119
6539
24712
24713
37117
37113
6544
24714
24715
37111
37107
6549
24716
24717
37105
37101
6554
24718
24719
37099
37095
6559
24720
24721
37093
37089
6564
24722
24723
37087
37083
6569
24724
24725
37081
37077
6574
24726
24727
6575
24695
6653
37160
35785
6655
6652
6654
6648
37162
35789
6650
6647
6649
37164
6643
37166
35795
6645
37168
6642
6644
37170
6638
37172
35801
6640
37174
6637
6639
37176
6633
37178
35807
6635
37180
6632
6634
37182
6628
37184
35813
6630
37186
6627
6629
37188
6623
37190
35819
6625
37192
6622
6624
37194
6618
37196
35825
6620
37198
6617
6619
37200
6613
37202
35831
6615
37204
6612
6614
37206
6608
37208
35837
6610
37210
6607
6609
37212
6603
37214
35843
6605
37216
6602
6604
37218
6598
37220
35849
6600
37222
6597
6599
37224
6593
37226
35855
6595
37228
6592
6594
37230
6588
37232
35861
6590
37234
6587
6589
37236
6583
37238
35867
6585
37240
6582
6584
37242
6578
37244
35871
6580
37246
6577
6579
6576
6581
24729
24730
6586
24731
24732
37247
37243
6591
24733
24734
37241
37237
6596
24735
24736
37235
37231
6601
24737
24738
37229
37225
6606
24739
24740
37223
37219
6611
24741
24742
37217
37213
6616
24743
24744
37211
37207
6621
24745
24746
37205
37201
6626
24747
24748
37199
37195
6631
24749
24750
37193
37189
6636
24751
24752
37187
37183
6641
24753
24754
37181
37177
6646
24755
24756
37175
37171
6651
24757
24758
37169
37165
6656
24759
24760
6657
24728
6735
37248
35873
6737
6734
6736
6730
37250
35877
6732
6729
6731
37252
6725
37254
35883
6727
37256
6724
6726
37258
6720
37260
35889
6722
37262
6719
6721
37264
6715
37266
35895
6717
37268
6714
6716
37270
6710
37272
35901
6712
37274
6709
6711
37276
6705
37278
35907
6707
37280
6704
6706
37282
6700
37284
35913
6702
37286
6699
6701
37288
6695
37290
35919
6697
37292
6694
6696
37294
6690
37296
35925
6692
37298
6689
6691
37300
6685
37302
35931
6687
37304
6684
6686
37306
6680
37308
35937
6682
37310
6679
6681
37312
6675
37314
35943
6677
37316
6674
6676
37318
6670
37320
35949
6672
37322
6669
6671
37324
6665
37326
35955
6667
37328
6664
6666
37330
6660
37332
35959
6662
37334
6659
6661
6658
6663
24762
24763
6668
24764
24765
37335
37331
6673
24766
24767
37329
37325
6678
24768
24769
37323
37319
6683
24770
24771
37317
37313
6688
24772
24773
37311
37307
6693
24774
24775
37305
37301
6698
24776
24777
37299
37295
6703
24778
24779
37293
37289
6708
24780
24781
37287
37283
6713
24782
24783
37281
37277
6718
24784
24785
37275
37271
6723
24786
24787
37269
37265
6728
24788
24789
37263
37259
6733
24790
24791
37257
37253
6738
24792
24793
6739
24761
6817
37336
35961
6819
6816
6818
6812
37338
35965
6814
6811
6813
37340
6807
37342
35971
6809
37344
6806
6808
37346
6802
37348
35977
6804
37350
6801
6803
37352
6797
37354
35983
6799
37356
6796
6798
37358
6792
37360
35989
6794
37362
6791
6793
37364
6787
37366
35995
6789
37368
6786
6788
37370
6782
37372
36001
6784
37374
6781
6783
37376
6777
37378
36007
6779
37380
6776
6778
37382
6772
37384
36013
6774
37386
6771
6773
37388
6767
37390
36019
6769
37392
6766
6768
37394
6762
37396
36025
6764
37398
6761
6763
37400
6757
37402
36031
6759
37404
6756
6758
37406
6752
37408
36037
6754
37410
6751
6753
37412
6747
37414
36043
6749
37416
6746
6748
37418
6742
37420
36047
6744
37422
6741
6743
6740
6745
24795
24796
6750
24797
24798
37423
37419
6755
24799
24800
37417
37413
6760
24801
24802
37411
37407
6765
24803
24804
37405
37401
6770
24805
24806
37399
37395
6775
24807
24808
37393
37389
6780
24809
24810
37387
37383
6785
24811
24812
37381
37377
6790
24813
24814
37375
37371
6795
24815
24816
37369
37365
6800
24817
24818
37363
37359
6805
24819
24820
37357
37353
6810
24821
24822
37351
37347
6815
24823
24824
37345
37341
6820
24825
24826
6821
24794
6899
37424
36049
6901
6898
6900
6894
37426
36053
6896
6893
6895
37428
6889
37430
36059
6891
37432
6888
6890
37434
6884
37436
36065
6886
37438
6883
6885
37440
6879
37442
36071
6881
37444
6878
6880
37446
6874
37448
36077
6876
37450
6873
6875
37452
6869
37454
36083
6871
37456
6868
6870
37458
6864
37460
36089
6866
37462
6863
6865
37464
6859
37466
36095
6861
37468
6858
6860
37470
6854
37472
36101
6856
37474
6853
6855
37476
6849
37478
36107
6851
37480
6848
6850
37482
6844
37484
36113
6846
37486
6843
6845
37488
6839
37490
36119
6841
37492
6838
6840
37494
6834
37496
36125
6836
37498
6833
6835
37500
6829
37502
36131
6831
37504
6828
6830
37506
6824
37508
36135
6826
37510
6823
6825
6822
6827
24828
24829
6832
24830
24831
37511
37507
6837
24832
24833
37505
37501
6842
24834
24835
37499
37495
6847
24836
24837
37493
37489
6852
24838
24839
37487
37483
6857
24840
24841
37481
37477
6862
24842
24843
37475
37471
6867
24844
24845
37469
37465
6872
24846
24847
37463
37459
6877
24848
24849
37457
37453
6882
24850
24851
37451
37447
6887
24852
24853
37445
37441
6892
24854
24855
37439
37435
6897
24856
24857
37433
37429
6902
24858
24859
6903
24827
6981
37512
36137
6983
6980
6982
6976
37514
36141
6978
6975
6977
37516
6971
37518
36147
6973
37520
6970
6972
37522
6966
37524
36153
6968
37526
6965
6967
37528
6961
37530
36159
6963
37532
6960
6962
37534
6956
37536
36165
6958
37538
6955
6957
37540
6951
37542
36171
6953
37544
6950
6952
37546
6946
37548
36177
6948
37550
6945
6947
37552
6941
37554
36183
6943
37556
6940
6942
37558
6936
37560
36189
6938
37562
6935
6937
37564
6931
37566
36195
6933
37568
6930
6932
37570
6926
37572
36201
6928
37574
6925
6927
37576
6921
37578
36207
6923
37580
6920
6922
37582
6916
37584
36213
6918
37586
6915
6917
37588
6911
37590
36219
6913
37592
6910
6912
37594
6906
37596
36223
6908
37598
6905
6907
6904
6909
24861
24862
6914
24863
24864
37599
37595
6919
24865
24866
37593
37589
6924
24867
24868
37587
37583
6929
24869
24870
37581
37577
6934
24871
24872
37575
37571
6939
24873
24874
37569
37565
6944
24875
24876
37563
37559
6949
24877
24878
37557
37553
6954
24879
24880
37551
37547
6959
24881
24882
37545
37541
6964
24883
24884
37539
37535
6969
24885
24886
37533
37529
6974
24887
24888
37527
37523
6979
24889
24890
37521
37517
6984
24891
24892
6985
24860
7063
37600
36225
7065
7062
7064
7058
37602
36229
7060
7057
7059
37604
7053
37606
36235
7055
37608
7052
7054
37610
7048
37612
36241
7050
37614
7047
7049
37616
7043
37618
36247
7045
37620
7042
7044
37622
7038
37624
36253
7040
37626
7037
7039
37628
7033
37630
36259
7035
37632
7032
7034
37634
7028
37636
36265
7030
37638
7027
7029
37640
7023
37642
36271
7025
37644
7022
7024
37646
7018
37648
36277
7020
37650
7017
7019
37652
7013
37654
36283
7015
37656
7012
7014
37658
7008
37660
36289
7010
37662
7007
7009
37664
7003
37666
36295
7005
37668
7002
7004
37670
6998
37672
36301
7000
37674
6997
6999
37676
6993
37678
36307
6995
37680
6992
6994
37682
6988
37684
36311
6990
37686
6987
6989
6986
6991
24894
24895
6996
24896
24897
37687
37683
7001
24898
24899
37681
37677
7006
24900
24901
37675
37671
7011
24902
24903
37669
37665
7016
24904
24905
37663
37659
7021
24906
24907
37657
37653
7026
24908
24909
37651
37647
7031
24910
24911
37645
37641
7036
24912
24913
37639
37635
7041
24914
24915
37633
37629
7046
24916
24917
37627
37623
7051
24918
24919
37621
37617
7056
24920
24921
37615
37611
7061
24922
24923
37609
37605
7066
24924
24925
7067
24893
7145
37688
36313
7147
7144
7146
7140
37690
36317
7142
7139
7141
37692
7135
37694
36323
7137
37696
7134
7136
37698
7130
37700
36329
7132
37702
7129
7131
37704
7125
37706
36335
7127
37708
7124
7126
37710
7120
37712
36341
7122
37714
7119
7121
37716
7115
37718
36347
7117
37720
7114
7116
37722
7110
37724
36353
7112
37726
7109
7111
37728
7105
37730
36359
7107
37732
7104
7106
37734
7100
37736
36365
7102
37738
7099
7101
37740
7095
37742
36371
7097
37744
7094
7096
37746
7090
37748
36377
7092
37750
7089
7091
37752
7085
37754
36383
7087
37756
7084
7086
37758
7080
7082
37760
7079
7081
37762
7075
7077
37764
7074
7076
37766
7070
7072
37768
7069
7071
7068
7073
24927
24928
7078
24929
24930
37769
37767
7083
24931
24932
37765
37763
7088
24933
24934
37761
37759
7093
24935
24936
37757
37753
7098
24937
24938
37751
37747
7103
24939
24940
37745
37741
7108
24941
24942
37739
37735
7113
24943
24944
37733
37729
7118
24945
24946
37727
37723
7123
24947
24948
37721
37717
7128
24949
24950
37715
37711
7133
24951
24952
37709
37705
7138
24953
24954
37703
37699
7143
24955
24956
37697
37693
7148
24957
24958
7149
24926
7227
7229
7226
7228
24494
7222
7224
7221
7223
24491
37770
7217
7219
37772
7216
7218
24488
37774
7212
7214
37776
7211
7213
24485
37778
7207
7209
37780
7206
7208
24482
37782
7202
7204
37784
7201
7203
24479
37786
7197
7199
37788
7196
7198
24476
37790
7192
7194
37792
7191
7193
24473
37794
7187
7189
37796
7186
7188
24470
37798
7182
7184
37800
7181
7183
24467
37802
7177
7179
37804
7176
7178
24464
37806
7172
7174
37808
7171
7173
24461
37810
7167
36545
7169
37812
7166
7168
24458
37814
7162
36539
7164
37816
7161
7163
24455
37818
7157
36531
7159
37820
7156
7158
24452
37822
7152
36523
7154
37824
7151
7153
24449
7150
7155
24960
24961
7160
24962
24963
37825
37823
7165
24964
24965
37821
37819
7170
24966
24967
37817
37815
7175
24968
24969
37813
37811
7180
24970
24971
37809
37807
7185
24972
24973
37805
37803
7190
24974
24975
37801
37799
7195
24976
24977
37797
37795
7200
24978
24979
37793
37791
7205
24980
24981
37789
37787
7210
24982
24983
37785
37783
7215
24984
24985
37781
37779
7220
24986
24987
37777
37775
7225
24988
24989
37773
37771
7230
24990
24991
7231
24959
7341
36515
7343
7338
7339
7340
7342
7334
36507
7336
7331
7332
7333
7335
37826
7327
36499
7329
7324
7325
37828
7326
7328
37830
7320
36491
7322
7317
7318
37832
7319
7321
37834
7313
36483
7315
7310
7311
37836
7312
7314
37838
7306
36475
7308
7303
7304
37840
7305
7307
37842
7299
37844
36469
7301
37846
7296
7297
37848
7298
7300
37850
7292
37852
36477
7294
37854
7289
7290
37856
7291
7293
37858
7285
37860
36485
7287
37862
7282
7283
37864
7284
7286
37866
7278
37868
36493
7280
37870
7275
7276
37872
7277
7279
37874
7271
37876
36501
7273
37878
7268
7269
37880
7270
7272
37882
7264
37884
36509
7266
37886
7261
7262
37888
7263
7265
37890
7257
37892
36517
7259
37894
7254
7255
37896
7256
7258
37898
7250
37900
36525
7252
37902
7247
7248
37904
7249
7251
37906
7243
37908
36533
7245
37910
7240
7241
37912
7242
7244
37914
7236
37916
36541
7238
37918
7233
7234
37920
7235
7237
7232
7239
24994
24995
7246
24997
24998
37921
37915
7253
25000
25001
37913
37907
7260
25003
25004
37905
37899
7267
25006
25007
37897
37891
7274
25009
25010
37889
37883
7281
25012
25013
37881
37875
7288
25015
25016
37873
37867
7295
25018
25019
37865
37859
7302
25021
25022
37857
37851
7309
25024
25025
37849
37843
7316
25027
25028
37841
37839
7323
25030
25031
37837
37835
7330
25033
25034
37833
37831
7337
25036
25037
37829
37827
7344
25039
25040
7345
24992
7423
37922
36547
7425
7422
7424
7418
37924
36551
7420
7417
7419
37926
7413
37928
36557
7415
37930
7412
7414
37932
7408
37934
36563
7410
37936
7407
7409
37938
7403
37940
36569
7405
37942
7402
7404
37944
7398
37946
36575
7400
37948
7397
7399
37950
7393
37952
36581
7395
37954
7392
7394
37956
7388
37958
36587
7390
37960
7387
7389
37962
7383
37964
36593
7385
37966
7382
7384
37968
7378
37970
36599
7380
37972
7377
7379
37974
7373
37976
36605
7375
37978
7372
7374
37980
7368
37982
36611
7370
37984
7367
7369
37986
7363
37988
36617
7365
37990
7362
7364
37992
7358
37994
36623
7360
37996
7357
7359
37998
7353
38000
36629
7355
38002
7352
7354
38004
7348
38006
36633
7350
38008
7347
7349
7346
7351
25042
25043
7356
25044
25045
38009
38005
7361
25046
25047
38003
37999
7366
25048
25049
37997
37993
7371
25050
25051
37991
37987
7376
25052
25053
37985
37981
7381
25054
25055
37979
37975
7386
25056
25057
37973
37969
7391
25058
25059
37967
37963
7396
25060
25061
37961
37957
7401
25062
25063
37955
37951
7406
25064
25065
37949
37945
7411
25066
25067
37943
37939
7416
25068
25069
37937
37933
7421
25070
25071
37931
37927
7426
25072
25073
7427
25041
7505
38010
36635
7507
7504
7506
7500
38012
36639
7502
7499
7501
38014
7495
38016
36645
7497
38018
7494
7496
38020
7490
38022
36651
7492
38024
7489
7491
38026
7485
38028
36657
7487
38030
7484
7486
38032
7480
38034
36663
7482
38036
7479
7481
38038
7475
38040
36669
7477
38042
7474
7476
38044
7470
38046
36675
7472
38048
7469
7471
38050
7465
38052
36681
7467
38054
7464
7466
38056
7460
38058
36687
7462
38060
7459
7461
38062
7455
38064
36693
7457
38066
7454
7456
38068
7450
38070
36699
7452
38072
7449
7451
38074
7445
38076
36705
7447
38078
7444
7446
38080
7440
38082
36711
7442
38084
7439
7441
38086
7435
38088
36717
7437
38090
7434
7436
38092
7430
38094
36721
7432
38096
7429
7431
7428
7433
25075
25076
7438
25077
25078
38097
38093
7443
25079
25080
38091
38087
7448
25081
25082
38085
38081
7453
25083
25084
38079
38075
7458
25085
25086
38073
38069
7463
25087
25088
38067
38063
7468
25089
25090
38061
38057
7473
25091
25092
38055
38051
7478
25093
25094
38049
38045
7483
25095
25096
38043
38039
7488
25097
25098
38037
38033
7493
25099
25100
38031
38027
7498
25101
25102
38025
38021
7503
25103
25104
38019
38015
7508
25105
25106
7509
25074
7587
38098
36723
7589
7586
7588
7582
38100
36727
7584
7581
7583
38102
7577
38104
36733
7579
38106
7576
7578
38108
7572
38110
36739
7574
38112
7571
7573
38114
7567
38116
36745
7569
38118
7566
7568
38120
7562
38122
36751
7564
38124
7561
7563
38126
7557
38128
36757
7559
38130
7556
7558
38132
7552
38134
36763
7554
38136
7551
7553
38138
7547
38140
36769
7549
38142
7546
7548
38144
7542
38146
36775
7544
38148
7541
7543
38150
7537
38152
36781
7539
38154
7536
7538
38156
7532
38158
36787
7534
38160
7531
7533
38162
7527
38164
36793
7529
38166
7526
7528
38168
7522
38170
36799
7524
38172
7521
7523
38174
7517
38176
36805
7519
38178
7516
7518
38180
7512
38182
36809
7514
38184
7511
7513
7510
7515
25108
25109
7520
25110
25111
38185
38181
7525
25112
25113
38179
38175
7530
25114
25115
38173
38169
7535
25116
25117
38167
38163
7540
25118
25119
38161
38157
7545
25120
25121
38155
38151
7550
25122
25123
38149
38145
7555
25124
25125
38143
38139
7560
25126
25127
38137
38133
7565
25128
25129
38131
38127
7570
25130
25131
38125
38121
7575
25132
25133
38119
38115
7580
25134
25135
38113
38109
7585
25136
25137
38107
38103
7590
25138
25139
7591
25107
7669
38186
36811
7671
7668
7670
7664
38188
36815
7666
7663
7665
38190
7659
38192
36821
7661
38194
7658
7660
38196
7654
38198
36827
7656
38200
7653
7655
38202
7649
38204
36833
7651
38206
7648
7650
38208
7644
38210
36839
7646
38212
7643
7645
38214
7639
38216
36845
7641
38218
7638
7640
38220
7634
38222
36851
7636
38224
7633
7635
38226
7629
38228
36857
7631
38230
7628
7630
38232
7624
38234
36863
7626
38236
7623
7625
38238
7619
38240
36869
7621
38242
7618
7620
38244
7614
38246
36875
7616
38248
7613
7615
38250
7609
38252
36881
7611
38254
7608
7610
38256
7604
38258
36887
7606
38260
7603
7605
38262
7599
38264
36893
7601
38266
7598
7600
38268
7594
38270
36897
7596
38272
7593
7595
7592
7597
25141
25142
7602
25143
25144
38273
38269
7607
25145
25146
38267
38263
7612
25147
25148
38261
38257
7617
25149
25150
38255
38251
7622
25151
25152
38249
38245
7627
25153
25154
38243
38239
7632
25155
25156
38237
38233
7637
25157
25158
38231
38227
7642
25159
25160
38225
38221
7647
25161
25162
38219
38215
7652
25163
25164
38213
38209
7657
25165
25166
38207
38203
7662
25167
25168
38201
38197
7667
25169
25170
38195
38191
7672
25171
25172
7673
25140
7751
38274
36899
7753
7750
7752
7746
38276
36903
7748
7745
7747
38278
7741
38280
36909
7743
38282
7740
7742
38284
7736
38286
36915
7738
38288
7735
7737
38290
7731
38292
36921
7733
38294
7730
7732
38296
7726
38298
36927
7728
38300
7725
7727
38302
7721
38304
36933
7723
38306
7720
7722
38308
7716
38310
36939
7718
38312
7715
7717
38314
7711
38316
36945
7713
38318
7710
7712
38320
7706
38322
36951
7708
38324
7705
7707
38326
7701
38328
36957
7703
38330
7700
7702
38332
7696
38334
36963
7698
38336
7695
7697
38338
7691
38340
36969
7693
38342
7690
7692
38344
7686
38346
36975
7688
38348
7685
7687
38350
7681
38352
36981
7683
38354
7680
7682
38356
7676
38358
36985
7678
38360
7675
7677
7674
7679
25174
25175
7684
25176
25177
38361
38357
7689
25178
25179
38355
38351
7694
25180
25181
38349
38345
7699
25182
25183
38343
38339
7704
25184
25185
38337
38333
7709
25186
25187
38331
38327
7714
25188
25189
38325
38321
7719
25190
25191
38319
38315
7724
25192
25193
38313
38309
7729
25194
25195
38307
38303
7734
25196
25197
38301
38297
7739
25198
25199
38295
38291
7744
25200
25201
38289
38285
7749
25202
25203
38283
38279
7754
25204
25205
7755
25173
7833
38362
36987
7835
7832
7834
7828
38364
36991
7830
7827
7829
38366
7823
38368
36997
7825
38370
7822
7824
38372
7818
38374
37003
7820
38376
7817
7819
38378
7813
38380
37009
7815
38382
7812
7814
38384
7808
38386
37015
7810
38388
7807
7809
38390
7803
38392
37021
7805
38394
7802
7804
38396
7798
38398
37027
7800
38400
7797
7799
38402
7793
38404
37033
7795
38406
7792
7794
38408
7788
38410
37039
7790
38412
7787
7789
38414
7783
38416
37045
7785
38418
7782
7784
38420
7778
38422
37051
7780
38424
7777
7779
38426
7773
38428
37057
7775
38430
7772
7774
38432
7768
38434
37063
7770
38436
7767
7769
38438
7763
38440
37069
7765
38442
7762
7764
38444
7758
38446
37073
7760
38448
7757
7759
7756
7761
25207
25208
7766
25209
25210
38449
38445
7771
25211
25212
38443
38439
7776
25213
25214
38437
38433
7781
25215
25216
38431
38427
7786
25217
25218
38425
38421
7791
25219
25220
38419
38415
7796
25221
25222
38413
38409
7801
25223
25224
38407
38403
7806
25225
25226
38401
38397
7811
25227
25228
38395
38391
7816
25229
25230
38389
38385
7821
25231
25232
38383
38379
7826
25233
25234
38377
38373
7831
25235
25236
38371
38367
7836
25237
25238
7837
25206
7915
38450
37075
7917
7914
7916
7910
38452
37079
7912
7909
7911
38454
7905
38456
37085
7907
38458
7904
7906
38460
7900
38462
37091
7902
38464
7899
7901
38466
7895
38468
37097
7897
38470
7894
7896
38472
7890
38474
37103
7892
38476
7889
7891
38478
7885
38480
37109
7887
38482
7884
7886
38484
7880
38486
37115
7882
38488
7879
7881
38490
7875
38492
37121
7877
38494
7874
7876
38496
7870
38498
37127
7872
38500
7869
7871
38502
7865
38504
37133
7867
38506
7864
7866
38508
7860
38510
37139
7862
38512
7859
7861
38514
7855
38516
37145
7857
38518
7854
7856
38520
7850
38522
37151
7852
38524
7849
7851
38526
7845
38528
37157
7847
38530
7844
7846
38532
7840
38534
37161
7842
38536
7839
7841
7838
7843
25240
25241
7848
25242
25243
38537
38533
7853
25244
25245
38531
38527
7858
25246
25247
38525
38521
7863
25248
25249
38519
38515
7868
25250
25251
38513
38509
7873
25252
25253
38507
38503
7878
25254
25255
38501
38497
7883
25256
25257
38495
38491
7888
25258
25259
38489
38485
7893
25260
25261
38483
38479
7898
25262
25263
38477
38473
7903
25264
25265
38471
38467
7908
25266
25267
38465
38461
7913
25268
25269
38459
38455
7918
25270
25271
7919
25239
7997
38538
37163
7999
7996
7998
7992
38540
37167
7994
7991
7993
38542
7987
38544
37173
7989
38546
7986
7988
38548
7982
38550
37179
7984
38552
7981
7983
38554
7977
38556
37185
7979
38558
7976
7978
38560
7972
38562
37191
7974
38564
7971
7973
38566
7967
38568
37197
7969
38570
7966
7968
38572
7962
38574
37203
7964
38576
7961
7963
38578
7957
38580
37209
7959
38582
7956
7958
38584
7952
38586
37215
7954
38588
7951
7953
38590
7947
38592
37221
7949
38594
7946
7948
38596
7942
38598
37227
7944
38600
7941
7943
38602
7937
38604
37233
7939
38606
7936
7938
38608
7932
38610
37239
7934
38612
7931
7933
38614
7927
38616
37245
7929
38618
7926
7928
38620
7922
38622
37249
7924
38624
7921
7923
7920
7925
25273
25274
7930
25275
25276
38625
38621
7935
25277
25278
38619
38615
7940
25279
25280
38613
38609
7945
25281
25282
38607
38603
7950
25283
25284
38601
38597
7955
25285
25286
38595
38591
7960
25287
25288
38589
38585
7965
25289
25290
38583
38579
7970
25291
25292
38577
38573
7975
25293
25294
38571
38567
7980
25295
25296
38565
38561
7985
25297
25298
38559
38555
7990
25299
25300
38553
38549
7995
25301
25302
38547
38543
8000
25303
25304
8001
25272
8079
38626
37251
8081
8078
8080
8074
38628
37255
8076
8073
8075
38630
8069
38632
37261
8071
38634
8068
8070
38636
8064
38638
37267
8066
38640
8063
8065
38642
8059
38644
37273
8061
38646
8058
8060
38648
8054
38650
37279
8056
38652
8053
8055
38654
8049
38656
37285
8051
38658
8048
8050
38660
8044
38662
37291
8046
38664
8043
8045
38666
8039
38668
37297
8041
38670
8038
8040
38672
8034
38674
37303
8036
38676
8033
8035
38678
8029
38680
37309
8031
38682
8028
8030
38684
8024
38686
37315
8026
38688
8023
8025
38690
8019
38692
37321
8021
38694
8018
8020
38696
8014
38698
37327
8016
38700
8013
8015
38702
8009
38704
37333
8011
38706
8008
8010
38708
8004
38710
37337
8006
38712
8003
8005
8002
8007
25306
25307
8012
25308
25309
38713
38709
8017
25310
25311
38707
38703
8022
25312
25313
38701
38697
8027
25314
25315
38695
38691
8032
25316
25317
38689
38685
8037
25318
25319
38683
38679
8042
25320
25321
38677
38673
8047
25322
25323
38671
38667
8052
25324
25325
38665
38661
8057
25326
25327
38659
38655
8062
25328
25329
38653
38649
8067
25330
25331
38647
38643
8072
25332
25333
38641
38637
8077
25334
25335
38635
38631
8082
25336
25337
8083
25305
8161
38714
37339
8163
8160
8162
8156
38716
37343
8158
8155
8157
38718
8151
38720
37349
8153
38722
8150
8152
38724
8146
38726
37355
8148
38728
8145
8147
38730
8141
38732
37361
8143
38734
8140
8142
38736
8136
38738
37367
8138
38740
8135
8137
38742
8131
38744
37373
8133
38746
8130
8132
38748
8126
38750
37379
8128
38752
8125
8127
38754
8121
38756
37385
8123
38758
8120
8122
38760
8116
38762
37391
8118
38764
8115
8117
38766
8111
38768
37397
8113
38770
8110
8112
38772
8106
38774
37403
8108
38776
8105
8107
38778
8101
38780
37409
8103
38782
8100
8102
38784
8096
38786
37415
8098
38788
8095
8097
38790
8091
38792
37421
8093
38794
8090
8092
38796
8086
38798
37425
8088
38800
8085
8087
8084
8089
25339
25340
8094
25341
25342
38801
38797
8099
25343
25344
38795
38791
8104
25345
25346
38789
38785
8109
25347
25348
38783
38779
8114
25349
25350
38777
38773
8119
25351
25352
38771
38767
8124
25353
25354
38765
38761
8129
25355
25356
38759
38755
8134
25357
25358
38753
38749
8139
25359
25360
38747
38743
8144
25361
25362
38741
38737
8149
25363
25364
38735
38731
8154
25365
25366
38729
38725
8159
25367
25368
38723
38719
8164
25369
25370
8165
25338
8243
38802
37427
8245
8242
8244
8238
38804
37431
8240
8237
8239
38806
8233
38808
37437
8235
38810
8232
8234
38812
8228
38814
37443
8230
38816
8227
8229
38818
8223
38820
37449
8225
38822
8222
8224
38824
8218
38826
37455
8220
38828
8217
8219
38830
8213
38832
37461
8215
38834
8212
8214
38836
8208
38838
37467
8210
38840
8207
8209
38842
8203
38844
37473
8205
38846
8202
8204
38848
8198
38850
37479
8200
38852
8197
8199
38854
8193
38856
37485
8195
38858
8192
8194
38860
8188
38862
37491
8190
38864
8187
8189
38866
8183
38868
37497
8185
38870
8182
8184
38872
8178
38874
37503
8180
38876
8177
8179
38878
8173
38880
37509
8175
38882
8172
8174
38884
8168
38886
37513
8170
38888
8167
8169
8166
8171
25372
25373
8176
25374
25375
38889
38885
8181
25376
25377
38883
38879
8186
25378
25379
38877
38873
8191
25380
25381
38871
38867
8196
25382
25383
38865
38861
8201
25384
25385
38859
38855
8206
25386
25387
38853
38849
8211
25388
25389
38847
38843
8216
25390
25391
38841
38837
8221
25392
25393
38835
38831
8226
25394
25395
38829
38825
8231
25396
25397
38823
38819
8236
25398
25399
38817
38813
8241
25400
25401
38811
38807
8246
25402
25403
8247
25371
8325
38890
37515
8327
8324
8326
8320
38892
37519
8322
8319
8321
38894
8315
38896
37525
8317
38898
8314
8316
38900
8310
38902
37531
8312
38904
8309
8311
38906
8305
38908
37537
8307
38910
8304
8306
38912
8300
38914
37543
8302
38916
8299
8301
38918
8295
38920
37549
8297
38922
8294
8296
38924
8290
38926
37555
8292
38928
8289
8291
38930
8285
38932
37561
8287
38934
8284
8286
38936
8280
38938
37567
8282
38940
8279
8281
38942
8275
38944
37573
8277
38946
8274
8276
38948
8270
38950
37579
8272
38952
8269
8271
38954
8265
38956
37585
8267
38958
8264
8266
38960
8260
38962
37591
8262
38964
8259
8261
38966
8255
38968
37597
8257
38970
8254
8256
38972
8250
38974
37601
8252
38976
8249
8251
8248
8253
25405
25406
8258
25407
25408
38977
38973
8263
25409
25410
38971
38967
8268
25411
25412
38965
38961
8273
25413
25414
38959
38955
8278
25415
25416
38953
38949
8283
25417
25418
38947
38943
8288
25419
25420
38941
38937
8293
25421
25422
38935
38931
8298
25423
25424
38929
38925
8303
25425
25426
38923
38919
8308
25427
25428
38917
38913
8313
25429
25430
38911
38907
8318
25431
25432
38905
38901
8323
25433
25434
38899
38895
8328
25435
25436
8329
25404
8407
38978
37603
8409
8406
8408
8402
38980
37607
8404
8401
8403
38982
8397
38984
37613
8399
38986
8396
8398
38988
8392
38990
37619
8394
38992
8391
8393
38994
8387
38996
37625
8389
38998
8386
8388
39000
8382
39002
37631
8384
39004
8381
8383
39006
8377
39008
37637
8379
39010
8376
8378
39012
8372
39014
37643
8374
39016
8371
8373
39018
8367
39020
37649
8369
39022
8366
8368
39024
8362
39026
37655
8364
39028
8361
8363
39030
8357
39032
37661
8359
39034
8356
8358
39036
8352
39038
37667
8354
39040
8351
8353
39042
8347
39044
37673
8349
39046
8346
8348
39048
8342
39050
37679
8344
39052
8341
8343
39054
8337
39056
37685
8339
39058
8336
8338
39060
8332
39062
37689
8334
39064
8331
8333
8330
8335
25438
25439
8340
25440
25441
39065
39061
8345
25442
25443
39059
39055
8350
25444
25445
39053
39049
8355
25446
25447
39047
39043
8360
25448
25449
39041
39037
8365
25450
25451
39035
39031
8370
25452
25453
39029
39025
8375
25454
25455
39023
39019
8380
25456
25457
39017
39013
8385
25458
25459
39011
39007
8390
25460
25461
39005
39001
8395
25462
25463
38999
38995
8400
25464
25465
38993
38989
8405
25466
25467
38987
38983
8410
25468
25469
8411
25437
8489
39066
37691
8491
8488
8490
8484
39068
37695
8486
8483
8485
39070
8479
39072
37701
8481
39074
8478
8480
39076
8474
39078
37707
8476
39080
8473
8475
39082
8469
39084
37713
8471
39086
8468
8470
39088
8464
39090
37719
8466
39092
8463
8465
39094
8459
39096
37725
8461
39098
8458
8460
39100
8454
39102
37731
8456
39104
8453
8455
39106
8449
39108
37737
8451
39110
8448
8450
39112
8444
39114
37743
8446
39116
8443
8445
39118
8439
39120
37749
8441
39122
8438
8440
39124
8434
39126
37755
8436
39128
8433
8435
39130
8429
8431
39132
8428
8430
39134
8424
8426
39136
8423
8425
39138
8419
8421
39140
8418
8420
39142
8414
8416
39144
8413
8415
8412
8417
25471
25472
8422
25473
25474
39145
39143
8427
25475
25476
39141
39139
8432
25477
25478
39137
39135
8437
25479
25480
39133
39131
8442
25481
25482
39129
39125
8447
25483
25484
39123
39119
8452
25485
25486
39117
39113
8457
25487
25488
39111
39107
8462
25489
25490
39105
39101
8467
25491
25492
39099
39095
8472
25493
25494
39093
39089
8477
25495
25496
39087
39083
8482
25497
25498
39081
39077
8487
25499
25500
39075
39071
8492
25501
25502
8493
25470
8571
8573
8570
8572
25038
8566
8568
8565
8567
25035
39146
8561
8563
39148
8560
8562
25032
39150
8556
8558
39152
8555
8557
25029
39154
8551
8553
39156
8550
8552
25026
39158
8546
8548
39160
8545
8547
25023
39162
8541
8543
39164
8540
8542
25020
39166
8536
8538
39168
8535
8537
25017
39170
8531
8533
39172
8530
8532
25014
39174
8526
8528
39176
8525
8527
25011
39178
8521
8523
39180
8520
8522
25008
39182
8516
37923
8518
39184
8515
8517
25005
39186
8511
37917
8513
39188
8510
8512
25002
39190
8506
37909
8508
39192
8505
8507
24999
39194
8501
37901
8503
39196
8500
8502
24996
39198
8496
37893
8498
39200
8495
8497
24993
8494
8499
25504
25505
8504
25506
25507
39201
39199
8509
25508
25509
39197
39195
8514
25510
25511
39193
39191
8519
25512
25513
39189
39187
8524
25514
25515
39185
39183
8529
25516
25517
39181
39179
8534
25518
25519
39177
39175
8539
25520
25521
39173
39171
8544
25522
25523
39169
39167
8549
25524
25525
39165
39163
8554
25526
25527
39161
39159
8559
25528
25529
39157
39155
8564
25530
25531
39153
39151
8569
25532
25533
39149
39147
8574
25534
25535
8575
25503
8685
37885
8687
8682
8683
8684
8686
8678
37877
8680
8675
8676
8677
8679
39202
8671
37869
8673
8668
8669
39204
8670
8672
39206
8664
37861
8666
8661
8662
39208
8663
8665
39210
8657
37853
8659
8654
8655
39212
8656
8658
39214
8650
37845
8652
39216
8647
8648
39218
8649
8651
39220
8643
39222
37847
8645
39224
8640
8641
39226
8642
8644
39228
8636
39230
37855
8638
39232
8633
8634
39234
8635
8637
39236
8629
39238
37863
8631
39240
8626
8627
39242
8628
8630
39244
8622
39246
37871
8624
39248
8619
8620
39250
8621
8623
39252
8615
39254
37879
8617
39256
8612
8613
39258
8614
8616
39260
8608
39262
37887
8610
39264
8605
8606
39266
8607
8609
39268
8601
39270
37895
8603
39272
8598
8599
39274
8600
8602
39276
8594
39278
37903
8596
39280
8591
8592
39282
8593
8595
39284
8587
39286
37911
8589
39288
8584
8585
39290
8586
8588
39292
8580
39294
37919
8582
39296
8577
8578
39298
8579
8581
8576
8583
25538
25539
8590
25541
25542
39299
39293
8597
25544
25545
39291
39285
8604
25547
25548
39283
39277
8611
25550
25551
39275
39269
8618
25553
25554
39267
39261
8625
25556
25557
39259
39253
8632
25559
25560
39251
39245
8639
25562
25563
39243
39237
8646
25565
25566
39235
39229
8653
25568
25569
39227
39221
8660
25571
25572
39219
39215
8667
25574
25575
39213
39211
8674
25577
25578
39209
39207
8681
25580
25581
39205
39203
8688
25583
25584
8689
25536
8767
39300
37925
8769
8766
8768
8762
39302
37929
8764
8761
8763
39304
8757
39306
37935
8759
39308
8756
8758
39310
8752
39312
37941
8754
39314
8751
8753
39316
8747
39318
37947
8749
39320
8746
8748
39322
8742
39324
37953
8744
39326
8741
8743
39328
8737
39330
37959
8739
39332
8736
8738
39334
8732
39336
37965
8734
39338
8731
8733
39340
8727
39342
37971
8729
39344
8726
8728
39346
8722
39348
37977
8724
39350
8721
8723
39352
8717
39354
37983
8719
39356
8716
8718
39358
8712
39360
37989
8714
39362
8711
8713
39364
8707
39366
37995
8709
39368
8706
8708
39370
8702
39372
38001
8704
39374
8701
8703
39376
8697
39378
38007
8699
39380
8696
8698
39382
8692
39384
38011
8694
39386
8691
8693
8690
8695
25586
25587
8700
25588
25589
39387
39383
8705
25590
25591
39381
39377
8710
25592
25593
39375
39371
8715
25594
25595
39369
39365
8720
25596
25597
39363
39359
8725
25598
25599
39357
39353
8730
25600
25601
39351
39347
8735
25602
25603
39345
39341
8740
25604
25605
39339
39335
8745
25606
25607
39333
39329
8750
25608
25609
39327
39323
8755
25610
25611
39321
39317
8760
25612
25613
39315
39311
8765
25614
25615
39309
39305
8770
25616
25617
8771
25585
8849
39388
38013
8851
8848
8850
8844
39390
38017
8846
8843
8845
39392
8839
39394
38023
8841
39396
8838
8840
39398
8834
39400
38029
8836
39402
8833
8835
39404
8829
39406
38035
8831
39408
8828
8830
39410
8824
39412
38041
8826
39414
8823
8825
39416
8819
39418
38047
8821
39420
8818
8820
39422
8814
39424
38053
8816
39426
8813
8815
39428
8809
39430
38059
8811
39432
8808
8810
39434
8804
39436
38065
8806
39438
8803
8805
39440
8799
39442
38071
8801
39444
8798
8800
39446
8794
39448
38077
8796
39450
8793
8795
39452
8789
39454
38083
8791
39456
8788
8790
39458
8784
39460
38089
8786
39462
8783
8785
39464
8779
39466
38095
8781
39468
8778
8780
39470
8774
39472
38099
8776
39474
8773
8775
8772
8777
25619
25620
8782
25621
25622
39475
39471
8787
25623
25624
39469
39465
8792
25625
25626
39463
39459
8797
25627
25628
39457
39453
8802
25629
25630
39451
39447
8807
25631
25632
39445
39441
8812
25633
25634
39439
39435
8817
25635
25636
39433
39429
8822
25637
25638
39427
39423
8827
25639
25640
39421
39417
8832
25641
25642
39415
39411
8837
25643
25644
39409
39405
8842
25645
25646
39403
39399
8847
25647
25648
39397
39393
8852
25649
25650
8853
25618
8931
39476
38101
8933
8930
8932
8926
39478
38105
8928
8925
8927
39480
8921
39482
38111
8923
39484
8920
8922
39486
8916
39488
38117
8918
39490
8915
8917
39492
8911
39494
38123
8913
39496
8910
8912
39498
8906
39500
38129
8908
39502
8905
8907
39504
8901
39506
38135
8903
39508
8900
8902
39510
8896
39512
38141
8898
39514
8895
8897
39516
8891
39518
38147
8893
39520
8890
8892
39522
8886
39524
38153
8888
39526
8885
8887
39528
8881
39530
38159
8883
39532
8880
8882
39534
8876
39536
38165
8878
39538
8875
8877
39540
8871
39542
38171
8873
39544
8870
8872
39546
8866
39548
38177
8868
39550
8865
8867
39552
8861
39554
38183
8863
39556
8860
8862
39558
8856
39560
38187
8858
39562
8855
8857
8854
8859
25652
25653
8864
25654
25655
39563
39559
8869
25656
25657
39557
39553
8874
25658
25659
39551
39547
8879
25660
25661
39545
39541
8884
25662
25663
39539
39535
8889
25664
25665
39533
39529
8894
25666
25667
39527
39523
8899
25668
25669
39521
39517
8904
25670
25671
39515
39511
8909
25672
25673
39509
39505
8914
25674
25675
39503
39499
8919
25676
25677
39497
39493
8924
25678
25679
39491
39487
8929
25680
25681
39485
39481
8934
25682
25683
8935
25651
9013
39564
38189
9015
9012
9014
9008
39566
38193
9010
9007
9009
39568
9003
39570
38199
9005
39572
9002
9004
39574
8998
39576
38205
9000
39578
8997
8999
39580
8993
39582
38211
8995
39584
8992
8994
39586
8988
39588
38217
8990
39590
8987
8989
39592
8983
39594
38223
8985
39596
8982
8984
39598
8978
39600
38229
8980
39602
8977
8979
39604
8973
39606
38235
8975
39608
8972
8974
39610
8968
39612
38241
8970
39614
8967
8969
39616
8963
39618
38247
8965
39620
8962
8964
39622
8958
39624
38253
8960
39626
8957
8959
39628
8953
39630
38259
8955
39632
8952
8954
39634
8948
39636
38265
8950
39638
8947
8949
39640
8943
39642
38271
8945
39644
8942
8944
39646
8938
39648
38275
8940
39650
8937
8939
8936
8941
25685
25686
8946
25687
25688
39651
39647
8951
25689
25690
39645
39641
8956
25691
25692
39639
39635
8961
25693
25694
39633
39629
8966
25695
25696
39627
39623
8971
25697
25698
39621
39617
8976
25699
25700
39615
39611
8981
25701
25702
39609
39605
8986
25703
25704
39603
39599
8991
25705
25706
39597
39593
8996
25707
25708
39591
39587
9001
25709
25710
39585
39581
9006
25711
25712
39579
39575
9011
25713
25714
39573
39569
9016
25715
25716
9017
25684
9095
39652
38277
9097
9094
9096
9090
39654
38281
9092
9089
9091
39656
9085
39658
38287
9087
39660
9084
9086
39662
9080
39664
38293
9082
39666
9079
9081
39668
9075
39670
38299
9077
39672
9074
9076
39674
9070
39676
38305
9072
39678
9069
9071
39680
9065
39682
38311
9067
39684
9064
9066
39686
9060
39688
38317
9062
39690
9059
9061
39692
9055
39694
38323
9057
39696
9054
9056
39698
9050
39700
38329
9052
39702
9049
9051
39704
9045
39706
38335
9047
39708
9044
9046
39710
9040
39712
38341
9042
39714
9039
9041
39716
9035
39718
38347
9037
39720
9034
9036
39722
9030
39724
38353
9032
39726
9029
9031
39728
9025
39730
38359
9027
39732
9024
9026
39734
9020
39736
38363
9022
39738
9019
9021
9018
9023
25718
25719
9028
25720
25721
39739
39735
9033
25722
25723
39733
39729
9038
25724
25725
39727
39723
9043
25726
25727
39721
39717
9048
25728
25729
39715
39711
9053
25730
25731
39709
39705
9058
25732
25733
39703
39699
9063
25734
25735
39697
39693
9068
25736
25737
39691
39687
9073
25738
25739
39685
39681
9078
25740
25741
39679
39675
9083
25742
25743
39673
39669
9088
25744
25745
39667
39663
9093
25746
25747
39661
39657
9098
25748
25749
9099
25717
9177
39740
38365
9179
9176
9178
9172
39742
38369
9174
9171
9173
39744
9167
39746
38375
9169
39748
9166
9168
39750
9162
39752
38381
9164
39754
9161
9163
39756
9157
39758
38387
9159
39760
9156
9158
39762
9152
39764
38393
9154
39766
9151
9153
39768
9147
39770
38399
9149
39772
9146
9148
39774
9142
39776
38405
9144
39778
9141
9143
39780
9137
39782
38411
9139
39784
9136
9138
39786
9132
39788
38417
9134
39790
9131
9133
39792
9127
39794
38423
9129
39796
9126
9128
39798
9122
39800
38429
9124
39802
9121
9123
39804
9117
39806
38435
9119
39808
9116
9118
39810
9112
39812
38441
9114
39814
9111
9113
39816
9107
39818
38447
9109
39820
9106
9108
39822
9102
39824
38451
9104
39826
9101
9103
9100
9105
25751
25752
9110
25753
25754
39827
39823
9115
25755
25756
39821
39817
9120
25757
25758
39815
39811
9125
25759
25760
39809
39805
9130
25761
25762
39803
39799
9135
25763
25764
39797
39793
9140
25765
25766
39791
39787
9145
25767
25768
39785
39781
9150
25769
25770
39779
39775
9155
25771
25772
39773
39769
9160
25773
25774
39767
39763
9165
25775
25776
39761
39757
9170
25777
25778
39755
39751
9175
25779
25780
39749
39745
9180
25781
25782
9181
25750
9259
39828
38453
9261
9258
9260
9254
39830
38457
9256
9253
9255
39832
9249
39834
38463
9251
39836
9248
9250
39838
9244
39840
38469
9246
39842
9243
9245
39844
9239
39846
38475
9241
39848
9238
9240
39850
9234
39852
38481
9236
39854
9233
9235
39856
9229
39858
38487
9231
39860
9228
9230
39862
9224
39864
38493
9226
39866
9223
9225
39868
9219
39870
38499
9221
39872
9218
9220
39874
9214
39876
38505
9216
39878
9213
9215
39880
9209
39882
38511
9211
39884
9208
9210
39886
9204
39888
38517
9206
39890
9203
9205
39892
9199
39894
38523
9201
39896
9198
9200
39898
9194
39900
38529
9196
39902
9193
9195
39904
9189
39906
38535
9191
39908
9188
9190
39910
9184
39912
38539
9186
39914
9183
9185
9182
9187
25784
25785
9192
25786
25787
39915
39911
9197
25788
25789
39909
39905
9202
25790
25791
39903
39899
9207
25792
25793
39897
39893
9212
25794
25795
39891
39887
9217
25796
25797
39885
39881
9222
25798
25799
39879
39875
9227
25800
25801
39873
39869
9232
25802
25803
39867
39863
9237
25804
25805
39861
39857
9242
25806
25807
39855
39851
9247
25808
25809
39849
39845
9252
25810
25811
39843
39839
9257
25812
25813
39837
39833
9262
25814
25815
9263
25783
9341
39916
38541
9343
9340
9342
9336
39918
38545
9338
9335
9337
39920
9331
39922
38551
9333
39924
9330
9332
39926
9326
39928
38557
9328
39930
9325
9327
39932
9321
39934
38563
9323
39936
9320
9322
39938
9316
39940
38569
9318
39942
9315
9317
39944
9311
39946
38575
9313
39948
9310
9312
39950
9306
39952
38581
9308
39954
9305
9307
39956
9301
39958
38587
9303
39960
9300
9302
39962
9296
39964
38593
9298
39966
9295
9297
39968
9291
39970
38599
9293
39972
9290
9292
39974
9286
39976
38605
9288
39978
9285
9287
39980
9281
39982
38611
9283
39984
9280
9282
39986
9276
39988
38617
9278
39990
9275
9277
39992
9271
39994
38623
9273
39996
9270
9272
39998
9266
40000
38627
9268
40002
9265
9267
9264
9269
25817
25818
9274
25819
25820
40003
39999
9279
25821
25822
39997
39993
9284
25823
25824
39991
39987
9289
25825
25826
39985
39981
9294
25827
25828
39979
39975
9299
25829
25830
39973
39969
9304
25831
25832
39967
39963
9309
25833
25834
39961
39957
9314
25835
25836
39955
39951
9319
25837
25838
39949
39945
9324
25839
25840
39943
39939
9329
25841
25842
39937
39933
9334
25843
25844
39931
39927
9339
25845
25846
39925
39921
9344
25847
25848
9345
25816
9423
40004
38629
9425
9422
9424
9418
40006
38633
9420
9417
9419
40008
9413
40010
38639
9415
40012
9412
9414
40014
9408
40016
38645
9410
40018
9407
9409
40020
9403
40022
38651
9405
40024
9402
9404
40026
9398
40028
38657
9400
40030
9397
9399
40032
9393
40034
38663
9395
40036
9392
9394
40038
9388
40040
38669
9390
40042
9387
9389
40044
9383
40046
38675
9385
40048
9382
9384
40050
9378
40052
38681
9380
40054
9377
9379
40056
9373
40058
38687
9375
40060
9372
9374
40062
9368
40064
38693
9370
40066
9367
9369
40068
9363
40070
38699
9365
40072
9362
9364
40074
9358
40076
38705
9360
40078
9357
9359
40080
9353
40082
38711
9355
40084
9352
9354
40086
9348
40088
38715
9350
40090
9347
9349
9346
9351
25850
25851
9356
25852
25853
40091
40087
9361
25854
25855
40085
40081
9366
25856
25857
40079
40075
9371
25858
25859
40073
40069
9376
25860
25861
40067
40063
9381
25862
25863
40061
40057
9386
25864
25865
40055
40051
9391
25866
25867
40049
40045
9396
25868
25869
40043
40039
9401
25870
25871
40037
40033
9406
25872
25873
40031
40027
9411
25874
25875
40025
40021
9416
25876
25877
40019
40015
9421
25878
25879
40013
40009
9426
25880
25881
9427
25849
9505
40092
38717
9507
9504
9506
9500
40094
38721
9502
9499
9501
40096
9495
40098
38727
9497
40100
9494
9496
40102
9490
40104
38733
9492
40106
9489
9491
40108
9485
40110
38739
9487
40112
9484
9486
40114
9480
40116
38745
9482
40118
9479
9481
40120
9475
40122
38751
9477
40124
9474
9476
40126
9470
40128
38757
9472
40130
9469
9471
40132
9465
40134
38763
9467
40136
9464
9466
40138
9460
40140
38769
9462
40142
9459
9461
40144
9455
40146
38775
9457
40148
9454
9456
40150
9450
40152
38781
9452
40154
9449
9451
40156
9445
40158
38787
9447
40160
9444
9446
40162
9440
40164
38793
9442
40166
9439
9441
40168
9435
40170
38799
9437
40172
9434
9436
40174
9430
40176
38803
9432
40178
9429
9431
9428
9433
25883
25884
9438
25885
25886
40179
40175
9443
25887
25888
40173
40169
9448
25889
25890
40167
40163
9453
25891
25892
40161
40157
9458
25893
25894
40155
40151
9463
25895
25896
40149
40145
9468
25897
25898
40143
40139
9473
25899
25900
40137
40133
9478
25901
25902
40131
40127
9483
25903
25904
40125
40121
9488
25905
25906
40119
40115
9493
25907
25908
40113
40109
9498
25909
25910
40107
40103
9503
25911
25912
40101
40097
9508
25913
25914
9509
25882
9587
40180
38805
9589
9586
9588
9582
40182
38809
9584
9581
9583
40184
9577
40186
38815
9579
40188
9576
9578
40190
9572
40192
38821
9574
40194
9571
9573
40196
9567
40198
38827
9569
40200
9566
9568
40202
9562
40204
38833
9564
40206
9561
9563
40208
9557
40210
38839
9559
40212
9556
9558
40214
9552
40216
38845
9554
40218
9551
9553
40220
9547
40222
38851
9549
40224
9546
9548
40226
9542
40228
38857
9544
40230
9541
9543
40232
9537
40234
38863
9539
40236
9536
9538
40238
9532
40240
38869
9534
40242
9531
9533
40244
9527
40246
38875
9529
40248
9526
9528
40250
9522
40252
38881
9524
40254
9521
9523
40256
9517
40258
38887
9519
40260
9516
9518
40262
9512
40264
38891
9514
40266
9511
9513
9510
9515
25916
25917
9520
25918
25919
40267
40263
9525
25920
25921
40261
40257
9530
25922
25923
40255
40251
9535
25924
25925
40249
40245
9540
25926
25927
40243
40239
9545
25928
25929
40237
40233
9550
25930
25931
40231
40227
9555
25932
25933
40225
40221
9560
25934
25935
40219
40215
9565
25936
25937
40213
40209
9570
25938
25939
40207
40203
9575
25940
25941
40201
40197
9580
25942
25943
40195
40191
9585
25944
25945
40189
40185
9590
25946
25947
9591
25915
9669
40268
38893
9671
9668
9670
9664
40270
38897
9666
9663
9665
40272
9659
40274
38903
9661
40276
9658
9660
40278
9654
40280
38909
9656
40282
9653
9655
40284
9649
40286
38915
9651
40288
9648
9650
40290
9644
40292
38921
9646
40294
9643
9645
40296
9639
40298
38927
9641
40300
9638
9640
40302
9634
40304
38933
9636
40306
9633
9635
40308
9629
40310
38939
9631
40312
9628
9630
40314
9624
40316
38945
9626
40318
9623
9625
40320
9619
40322
38951
9621
40324
9618
9620
40326
9614
40328
38957
9616
40330
9613
9615
40332
9609
40334
38963
9611
40336
9608
9610
40338
9604
40340
38969
9606
40342
9603
9605
40344
9599
40346
38975
9601
40348
9598
9600
40350
9594
40352
38979
9596
40354
9593
9595
9592
9597
25949
25950
9602
25951
25952
40355
40351
9607
25953
25954
40349
40345
9612
25955
25956
40343
40339
9617
25957
25958
40337
40333
9622
25959
25960
40331
40327
9627
25961
25962
40325
40321
9632
25963
25964
40319
40315
9637
25965
25966
40313
40309
9642
25967
25968
40307
40303
9647
25969
25970
40301
40297
9652
25971
25972
40295
40291
9657
25973
25974
40289
40285
9662
25975
25976
40283
40279
9667
25977
25978
40277
40273
9672
25979
25980
9673
25948
9751
40356
38981
9753
9750
9752
9746
40358
38985
9748
9745
9747
40360
9741
40362
38991
9743
40364
9740
9742
40366
9736
40368
38997
9738
40370
9735
9737
40372
9731
40374
39003
9733
40376
9730
9732
40378
9726
40380
39009
9728
40382
9725
9727
40384
9721
40386
39015
9723
40388
9720
9722
40390
9716
40392
39021
9718
40394
9715
9717
40396
9711
40398
39027
9713
40400
9710
9712
40402
9706
40404
39033
9708
40406
9705
9707
40408
9701
40410
39039
9703
40412
9700
9702
40414
9696
40416
39045
9698
40418
9695
9697
40420
9691
40422
39051
9693
40424
9690
9692
40426
9686
40428
39057
9688
40430
9685
9687
40432
9681
40434
39063
9683
40436
9680
9682
40438
9676
40440
39067
9678
40442
9675
9677
9674
9679
25982
25983
9684
25984
25985
40443
40439
9689
25986
25987
40437
40433
9694
25988
25989
40431
40427
9699
25990
25991
40425
40421
9704
25992
25993
40419
40415
9709
25994
25995
40413
40409
9714
25996
25997
40407
40403
9719
25998
25999
40401
40397
9724
26000
26001
40395
40391
9729
26002
26003
40389
40385
9734
26004
26005
40383
40379
9739
26006
26007
40377
40373
9744
26008
26009
40371
40367
9749
26010
26011
40365
40361
9754
26012
26013
9755
25981
9833
40444
39069
9835
9832
9834
9828
40446
39073
9830
9827
9829
40448
9823
40450
39079
9825
40452
9822
9824
40454
9818
40456
39085
9820
40458
9817
9819
40460
9813
40462
39091
9815
40464
9812
9814
40466
9808
40468
39097
9810
40470
9807
9809
40472
9803
40474
39103
9805
40476
9802
9804
40478
9798
40480
39109
9800
40482
9797
9799
40484
9793
40486
39115
9795
40488
9792
9794
40490
9788
40492
39121
9790
40494
9787
9789
40496
9783
40498
39127
9785
40500
9782
9784
40502
9778
9780
40504
9777
9779
40506
9773
9775
40508
9772
9774
40510
9768
9770
40512
9767
9769
40514
9763
9765
40516
9762
9764
40518
9758
9760
40520
9757
9759
9756
9761
26015
26016
9766
26017
26018
40521
40519
9771
26019
26020
40517
40515
9776
26021
26022
40513
40511
9781
26023
26024
40509
40507
9786
26025
26026
40505
40503
9791
26027
26028
40501
40497
9796
26029
26030
40495
40491
9801
26031
26032
40489
40485
9806
26033
26034
40483
40479
9811
26035
26036
40477
40473
9816
26037
26038
40471
40467
9821
26039
26040
40465
40461
9826
26041
26042
40459
40455
9831
26043
26044
40453
40449
9836
26045
26046
9837
26014
9915
9917
9914
9916
25582
9910
9912
9909
9911
25579
40522
9905
9907
40524
9904
9906
25576
40526
9900
9902
40528
9899
9901
25573
40530
9895
9897
40532
9894
9896
25570
40534
9890
9892
40536
9889
9891
25567
40538
9885
9887
40540
9884
9886
25564
40542
9880
9882
40544
9879
9881
25561
40546
9875
9877
40548
9874
9876
25558
40550
9870
9872
40552
9869
9871
25555
40554
9865
39301
9867
40556
9864
9866
25552
40558
9860
39295
9862
40560
9859
9861
25549
40562
9855
39287
9857
40564
9854
9856
25546
40566
9850
39279
9852
40568
9849
9851
25543
40570
9845
39271
9847
40572
9844
9846
25540
40574
9840
39263
9842
40576
9839
9841
25537
9838
9843
26048
26049
9848
26050
26051
40577
40575
9853
26052
26053
40573
40571
9858
26054
26055
40569
40567
9863
26056
26057
40565
40563
9868
26058
26059
40561
40559
9873
26060
26061
40557
40555
9878
26062
26063
40553
40551
9883
26064
26065
40549
40547
9888
26066
26067
40545
40543
9893
26068
26069
40541
40539
9898
26070
26071
40537
40535
9903
26072
26073
40533
40531
9908
26074
26075
40529
40527
9913
26076
26077
40525
40523
9918
26078
26079
9919
26047
10029
39255
10031
10026
10027
10028
10030
10022
39247
10024
10019
10020
10021
10023
40578
10015
39239
10017
10012
10013
40580
10014
10016
40582
10008
39231
10010
10005
10006
40584
10007
10009
40586
10001
39223
10003
9998
9999
40588
10000
10002
40590
9994
40592
39217
9996
40594
9991
9992
40596
9993
9995
40598
9987
40600
39225
9989
40602
9984
9985
40604
9986
9988
40606
9980
40608
39233
9982
40610
9977
9978
40612
9979
9981
40614
9973
40616
39241
9975
40618
9970
9971
40620
9972
9974
40622
9966
40624
39249
9968
40626
9963
9964
40628
9965
9967
40630
9959
40632
39257
9961
40634
9956
9957
40636
9958
9960
40638
9952
40640
39265
9954
40642
9949
9950
40644
9951
9953
40646
9945
40648
39273
9947
40650
9942
9943
40652
9944
9946
40654
9938
40656
39281
9940
40658
9935
9936
40660
9937
9939
40662
9931
40664
39289
9933
40666
9928
9929
40668
9930
9932
40670
9924
40672
39297
9926
40674
9921
9922
40676
9923
9925
9920
9927
26082
26083
9934
26085
26086
40677
40671
9941
26088
26089
40669
40663
9948
26091
26092
40661
40655
9955
26094
26095
40653
40647
9962
26097
26098
40645
40639
9969
26100
26101
40637
40631
9976
26103
26104
40629
40623
9983
26106
26107
40621
40615
9990
26109
26110
40613
40607
9997
26112
26113
40605
40599
10004
26115
26116
40597
40591
10011
26118
26119
40589
40587
10018
26121
26122
40585
40583
10025
26124
26125
40581
40579
10032
26127
26128
10033
26080
10111
40678
39303
10113
10110
10112
10106
40680
39307
10108
10105
10107
40682
10101
40684
39313
10103
40686
10100
10102
40688
10096
40690
39319
10098
40692
10095
10097
40694
10091
40696
39325
10093
40698
10090
10092
40700
10086
40702
39331
10088
40704
10085
10087
40706
10081
40708
39337
10083
40710
10080
10082
40712
10076
40714
39343
10078
40716
10075
10077
40718
10071
40720
39349
10073
40722
10070
10072
40724
10066
40726
39355
10068
40728
10065
10067
40730
10061
40732
39361
10063
40734
10060
10062
40736
10056
40738
39367
10058
40740
10055
10057
40742
10051
40744
39373
10053
40746
10050
10052
40748
10046
40750
39379
10048
40752
10045
10047
40754
10041
40756
39385
10043
40758
10040
10042
40760
10036
40762
39389
10038
40764
10035
10037
10034
10039
26130
26131
10044
26132
26133
40765
40761
10049
26134
26135
40759
40755
10054
26136
26137
40753
40749
10059
26138
26139
40747
40743
10064
26140
26141
40741
40737
10069
26142
26143
40735
40731
10074
26144
26145
40729
40725
10079
26146
26147
40723
40719
10084
26148
26149
40717
40713
10089
26150
26151
40711
40707
10094
26152
26153
40705
40701
10099
26154
26155
40699
40695
10104
26156
26157
40693
40689
10109
26158
26159
40687
40683
10114
26160
26161
10115
26129
10193
40766
39391
10195
10192
10194
10188
40768
39395
10190
10187
10189
40770
10183
40772
39401
10185
40774
10182
10184
40776
10178
40778
39407
10180
40780
10177
10179
40782
10173
40784
39413
10175
40786
10172
10174
40788
10168
40790
39419
10170
40792
10167
10169
40794
10163
40796
39425
10165
40798
10162
10164
40800
10158
40802
39431
10160
40804
10157
10159
40806
10153
40808
39437
10155
40810
10152
10154
40812
10148
40814
39443
10150
40816
10147
10149
40818
10143
40820
39449
10145
40822
10142
10144
40824
10138
40826
39455
10140
40828
10137
10139
40830
10133
40832
39461
10135
40834
10132
10134
40836
10128
40838
39467
10130
40840
10127
10129
40842
10123
40844
39473
10125
40846
10122
10124
40848
10118
40850
39477
10120
40852
10117
10119
10116
10121
26163
26164
10126
26165
26166
40853
40849
10131
26167
26168
40847
40843
10136
26169
26170
40841
40837
10141
26171
26172
40835
40831
10146
26173
26174
40829
40825
10151
26175
26176
40823
40819
10156
26177
26178
40817
40813
10161
26179
26180
40811
40807
10166
26181
26182
40805
40801
10171
26183
26184
40799
40795
10176
26185
26186
40793
40789
10181
26187
26188
40787
40783
10186
26189
26190
40781
40777
10191
26191
26192
40775
40771
10196
26193
26194
10197
26162
10275
40854
39479
10277
10274
10276
10270
40856
39483
10272
10269
10271
40858
10265
40860
39489
10267
40862
10264
10266
40864
10260
40866
39495
10262
40868
10259
10261
40870
10255
40872
39501
10257
40874
10254
10256
40876
10250
40878
39507
10252
40880
10249
10251
40882
10245
40884
39513
10247
40886
10244
10246
40888
10240
40890
39519
10242
40892
10239
10241
40894
10235
40896
39525
10237
40898
10234
10236
40900
10230
40902
39531
10232
40904
10229
10231
40906
10225
40908
39537
10227
40910
10224
10226
40912
10220
40914
39543
10222
40916
10219
10221
40918
10215
40920
39549
10217
40922
10214
10216
40924
10210
40926
39555
10212
40928
10209
10211
40930
10205
40932
39561
10207
40934
10204
10206
40936
10200
40938
39565
10202
40940
10199
10201
10198
10203
26196
26197
10208
26198
26199
40941
40937
10213
26200
26201
40935
40931
10218
26202
26203
40929
40925
10223
26204
26205
40923
40919
10228
26206
26207
40917
40913
10233
26208
26209
40911
40907
10238
26210
26211
40905
40901
10243
26212
26213
40899
40895
10248
26214
26215
40893
40889
10253
26216
26217
40887
40883
10258
26218
26219
40881
40877
10263
26220
26221
40875
40871
10268
26222
26223
40869
40865
10273
26224
26225
40863
40859
10278
26226
26227
10279
26195
10357
40942
39567
10359
10356
10358
10352
40944
39571
10354
10351
10353
40946
10347
40948
39577
10349
40950
10346
10348
40952
10342
40954
39583
10344
40956
10341
10343
40958
10337
40960
39589
10339
40962
10336
10338
40964
10332
40966
39595
10334
40968
10331
10333
40970
10327
40972
39601
10329
40974
10326
10328
40976
10322
40978
39607
10324
40980
10321
10323
40982
10317
40984
39613
10319
40986
10316
10318
40988
10312
40990
39619
10314
40992
10311
10313
40994
10307
40996
39625
10309
40998
10306
10308
41000
10302
41002
39631
10304
41004
10301
10303
41006
10297
41008
39637
10299
41010
10296
10298
41012
10292
41014
39643
10294
41016
10291
10293
41018
10287
41020
39649
10289
41022
10286
10288
41024
10282
41026
39653
10284
41028
10281
10283
10280
10285
26229
26230
10290
26231
26232
41029
41025
10295
26233
26234
41023
41019
10300
26235
26236
41017
41013
10305
26237
26238
41011
41007
10310
26239
26240
41005
41001
10315
26241
26242
40999
40995
10320
26243
26244
40993
40989
10325
26245
26246
40987
40983
10330
26247
26248
40981
40977
10335
26249
26250
40975
40971
10340
26251
26252
40969
40965
10345
26253
26254
40963
40959
10350
26255
26256
40957
40953
10355
26257
26258
40951
40947
10360
26259
26260
10361
26228
10439
41030
39655
10441
10438
10440
10434
41032
39659
10436
10433
10435
41034
10429
41036
39665
10431
41038
10428
10430
41040
10424
41042
39671
10426
41044
10423
10425
41046
10419
41048
39677
10421
41050
10418
10420
41052
10414
41054
39683
10416
41056
10413
10415
41058
10409
41060
39689
10411
41062
10408
10410
41064
10404
41066
39695
10406
41068
10403
10405
41070
10399
41072
39701
10401
41074
10398
10400
41076
10394
41078
39707
10396
41080
10393
10395
41082
10389
41084
39713
10391
41086
10388
10390
41088
10384
41090
39719
10386
41092
10383
10385
41094
10379
41096
39725
10381
41098
10378
10380
41100
10374
41102
39731
10376
41104
10373
10375
41106
10369
41108
39737
10371
41110
10368
10370
41112
10364
41114
39741
10366
41116
10363
10365
10362
10367
26262
26263
10372
26264
26265
41117
41113
10377
26266
26267
41111
41107
10382
26268
26269
41105
41101
10387
26270
26271
41099
41095
10392
26272
26273
41093
41089
10397
26274
26275
41087
41083
10402
26276
26277
41081
41077
10407
26278
26279
41075
41071
10412
26280
26281
41069
41065
10417
26282
26283
41063
41059
10422
26284
26285
41057
41053
10427
26286
26287
41051
41047
10432
26288
26289
41045
41041
10437
26290
26291
41039
41035
10442
26292
26293
10443
26261
10521
41118
39743
10523
10520
10522
10516
41120
39747
10518
10515
10517
41122
10511
41124
39753
10513
41126
10510
10512
41128
10506
41130
39759
10508
41132
10505
10507
41134
10501
41136
39765
10503
41138
10500
10502
41140
10496
41142
39771
10498
41144
10495
10497
41146
10491
41148
39777
10493
41150
10490
10492
41152
10486
41154
39783
10488
41156
10485
10487
41158
10481
41160
39789
10483
41162
10480
10482
41164
10476
41166
39795
10478
41168
10475
10477
41170
10471
41172
39801
10473
41174
10470
10472
41176
10466
41178
39807
10468
41180
10465
10467
41182
10461
41184
39813
10463
41186
10460
10462
41188
10456
41190
39819
10458
41192
10455
10457
41194
10451
41196
39825
10453
41198
10450
10452
41200
10446
41202
39829
10448
41204
10445
10447
10444
10449
26295
26296
10454
26297
26298
41205
41201
10459
26299
26300
41199
41195
10464
26301
26302
41193
41189
10469
26303
26304
41187
41183
10474
26305
26306
41181
41177
10479
26307
26308
41175
41171
10484
26309
26310
41169
41165
10489
26311
26312
41163
41159
10494
26313
26314
41157
41153
10499
26315
26316
41151
41147
10504
26317
26318
41145
41141
10509
26319
26320
41139
41135
10514
26321
26322
41133
41129
10519
26323
26324
41127
41123
10524
26325
26326
10525
26294
10603
41206
39831
10605
10602
10604
10598
41208
39835
10600
10597
10599
41210
10593
41212
39841
10595
41214
10592
10594
41216
10588
41218
39847
10590
41220
10587
10589
41222
10583
41224
39853
10585
41226
10582
10584
41228
10578
41230
39859
10580
41232
10577
10579
41234
10573
41236
39865
10575
41238
10572
10574
41240
10568
41242
39871
10570
41244
10567
10569
41246
10563
41248
39877
10565
41250
10562
10564
41252
10558
41254
39883
10560
41256
10557
10559
41258
10553
41260
39889
10555
41262
10552
10554
41264
10548
41266
39895
10550
41268
10547
10549
41270
10543
41272
39901
10545
41274
10542
10544
41276
10538
41278
39907
10540
41280
10537
10539
41282
10533
41284
39913
10535
41286
10532
10534
41288
10528
41290
39917
10530
41292
10527
10529
10526
10531
26328
26329
10536
26330
26331
41293
41289
10541
26332
26333
41287
41283
10546
26334
26335
41281
41277
10551
26336
26337
41275
41271
10556
26338
26339
41269
41265
10561
26340
26341
41263
41259
10566
26342
26343
41257
41253
10571
26344
26345
41251
41247
10576
26346
26347
41245
41241
10581
26348
26349
41239
41235
10586
26350
26351
41233
41229
10591
26352
26353
41227
41223
10596
26354
26355
41221
41217
10601
26356
26357
41215
41211
10606
26358
26359
10607
26327
10685
41294
39919
10687
10684
10686
10680
41296
39923
10682
10679
10681
41298
10675
41300
39929
10677
41302
10674
10676
41304
10670
41306
39935
10672
41308
10669
10671
41310
10665
41312
39941
10667
41314
10664
10666
41316
10660
41318
39947
10662
41320
10659
10661
41322
10655
41324
39953
10657
41326
10654
10656
41328
10650
41330
39959
10652
41332
10649
10651
41334
10645
41336
39965
10647
41338
10644
10646
41340
10640
41342
39971
10642
41344
10639
10641
41346
10635
41348
39977
10637
41350
10634
10636
41352
10630
41354
39983
10632
41356
10629
10631
41358
10625
41360
39989
10627
41362
10624
10626
41364
10620
41366
39995
10622
41368
10619
10621
41370
10615
41372
40001
10617
41374
10614
10616
41376
10610
41378
40005
10612
41380
10609
10611
10608
10613
26361
26362
10618
26363
26364
41381
41377
10623
26365
26366
41375
41371
10628
26367
26368
41369
41365
10633
26369
26370
41363
41359
10638
26371
26372
41357
41353
10643
26373
26374
41351
41347
10648
26375
26376
41345
41341
10653
26377
26378
41339
41335
10658
26379
26380
41333
41329
10663
26381
26382
41327
41323
10668
26383
26384
41321
41317
10673
26385
26386
41315
41311
10678
26387
26388
41309
41305
10683
26389
26390
41303
41299
10688
26391
26392
10689
26360
10767
41382
40007
10769
10766
10768
10762
41384
40011
10764
10761
10763
41386
10757
41388
40017
10759
41390
10756
10758
41392
10752
41394
40023
10754
41396
10751
10753
41398
10747
41400
40029
10749
41402
10746
10748
41404
10742
41406
40035
10744
41408
10741
10743
41410
10737
41412
40041
10739
41414
10736
10738
41416
10732
41418
40047
10734
41420
10731
10733
41422
10727
41424
40053
10729
41426
10726
10728
41428
10722
41430
40059
10724
41432
10721
10723
41434
10717
41436
40065
10719
41438
10716
10718
41440
10712
41442
40071
10714
41444
10711
10713
41446
10707
41448
40077
10709
41450
10706
10708
41452
10702
41454
40083
10704
41456
10701
10703
41458
10697
41460
40089
10699
41462
10696
10698
41464
10692
41466
40093
10694
41468
10691
10693
10690
10695
26394
26395
10700
26396
26397
41469
41465
10705
26398
26399
41463
41459
10710
26400
26401
41457
41453
10715
26402
26403
41451
41447
10720
26404
26405
41445
41441
10725
26406
26407
41439
41435
10730
26408
26409
41433
41429
10735
26410
26411
41427
41423
10740
26412
26413
41421
41417
10745
26414
26415
41415
41411
10750
26416
26417
41409
41405
10755
26418
26419
41403
41399
10760
26420
26421
41397
41393
10765
26422
26423
41391
41387
10770
26424
26425
10771
26393
10849
41470
40095
10851
10848
10850
10844
41472
40099
10846
10843
10845
41474
10839
41476
40105
10841
41478
10838
10840
41480
10834
41482
40111
10836
41484
10833
10835
41486
10829
41488
40117
10831
41490
10828
10830
41492
10824
41494
40123
10826
41496
10823
10825
41498
10819
41500
40129
10821
41502
10818
10820
41504
10814
41506
40135
10816
41508
10813
10815
41510
10809
41512
40141
10811
41514
10808
10810
41516
10804
41518
40147
10806
41520
10803
10805
41522
10799
41524
40153
10801
41526
10798
10800
41528
10794
41530
40159
10796
41532
10793
10795
41534
10789
41536
40165
10791
41538
10788
10790
41540
10784
41542
40171
10786
41544
10783
10785
41546
10779
41548
40177
10781
41550
10778
10780
41552
10774
41554
40181
10776
41556
10773
10775
10772
10777
26427
26428
10782
26429
26430
41557
41553
10787
26431
26432
41551
41547
10792
26433
26434
41545
41541
10797
26435
26436
41539
41535
10802
26437
26438
41533
41529
10807
26439
26440
41527
41523
10812
26441
26442
41521
41517
10817
26443
26444
41515
41511
10822
26445
26446
41509
41505
10827
26447
26448
41503
41499
10832
26449
26450
41497
41493
10837
26451
26452
41491
41487
10842
26453
26454
41485
41481
10847
26455
26456
41479
41475
10852
26457
26458
10853
26426
10931
41558
40183
10933
10930
10932
10926
41560
40187
10928
10925
10927
41562
10921
41564
40193
10923
41566
10920
10922
41568
10916
41570
40199
10918
41572
10915
10917
41574
10911
41576
40205
10913
41578
10910
10912
41580
10906
41582
40211
10908
41584
10905
10907
41586
10901
41588
40217
10903
41590
10900
10902
41592
10896
41594
40223
10898
41596
10895
10897
41598
10891
41600
40229
10893
41602
10890
10892
41604
10886
41606
40235
10888
41608
10885
10887
41610
10881
41612
40241
10883
41614
10880
10882
41616
10876
41618
40247
10878
41620
10875
10877
41622
10871
41624
40253
10873
41626
10870
10872
41628
10866
41630
40259
10868
41632
10865
10867
41634
10861
41636
40265
10863
41638
10860
10862
41640
10856
41642
40269
10858
41644
10855
10857
10854
10859
26460
26461
10864
26462
26463
41645
41641
10869
26464
26465
41639
41635
10874
26466
26467
41633
41629
10879
26468
26469
41627
41623
10884
26470
26471
41621
41617
10889
26472
26473
41615
41611
10894
26474
26475
41609
41605
10899
26476
26477
41603
41599
10904
26478
26479
41597
41593
10909
26480
26481
41591
41587
10914
26482
26483
41585
41581
10919
26484
26485
41579
41575
10924
26486
26487
41573
41569
10929
26488
26489
41567
41563
10934
26490
26491
10935
26459
11013
41646
40271
11015
11012
11014
11008
41648
40275
11010
11007
11009
41650
11003
41652
40281
11005
41654
11002
11004
41656
10998
41658
40287
11000
41660
10997
10999
41662
10993
41664
40293
10995
41666
10992
10994
41668
10988
41670
40299
10990
41672
10987
10989
41674
10983
41676
40305
10985
41678
10982
10984
41680
10978
41682
40311
10980
41684
10977
10979
41686
10973
41688
40317
10975
41690
10972
10974
41692
10968
41694
40323
10970
41696
10967
10969
41698
10963
41700
40329
10965
41702
10962
10964
41704
10958
41706
40335
10960
41708
10957
10959
41710
10953
41712
40341
10955
41714
10952
10954
41716
10948
41718
40347
10950
41720
10947
10949
41722
10943
41724
40353
10945
41726
10942
10944
41728
10938
41730
40357
10940
41732
10937
10939
10936
10941
26493
26494
10946
26495
26496
41733
41729
10951
26497
26498
41727
41723
10956
26499
26500
41721
41717
10961
26501
26502
41715
41711
10966
26503
26504
41709
41705
10971
26505
26506
41703
41699
10976
26507
26508
41697
41693
10981
26509
26510
41691
41687
10986
26511
26512
41685
41681
10991
26513
26514
41679
41675
10996
26515
26516
41673
41669
11001
26517
26518
41667
41663
11006
26519
26520
41661
41657
11011
26521
26522
41655
41651
11016
26523
26524
11017
26492
11095
41734
40359
11097
11094
11096
11090
41736
40363
11092
11089
11091
41738
11085
41740
40369
11087
41742
11084
11086
41744
11080
41746
40375
11082
41748
11079
11081
41750
11075
41752
40381
11077
41754
11074
11076
41756
11070
41758
40387
11072
41760
11069
11071
41762
11065
41764
40393
11067
41766
11064
11066
41768
11060
41770
40399
11062
41772
11059
11061
41774
11055
41776
40405
11057
41778
11054
11056
41780
11050
41782
40411
11052
41784
11049
11051
41786
11045
41788
40417
11047
41790
11044
11046
41792
11040
41794
40423
11042
41796
11039
11041
41798
11035
41800
40429
11037
41802
11034
11036
41804
11030
41806
40435
11032
41808
11029
11031
41810
11025
41812
40441
11027
41814
11024
11026
41816
11020
41818
40445
11022
41820
11019
11021
11018
11023
26526
26527
11028
26528
26529
41821
41817
11033
26530
26531
41815
41811
11038
26532
26533
41809
41805
11043
26534
26535
41803
41799
11048
26536
26537
41797
41793
11053
26538
26539
41791
41787
11058
26540
26541
41785
41781
11063
26542
26543
41779
41775
11068
26544
26545
41773
41769
11073
26546
26547
41767
41763
11078
26548
26549
41761
41757
11083
26550
26551
41755
41751
11088
26552
26553
41749
41745
11093
26554
26555
41743
41739
11098
26556
26557
11099
26525
11177
41822
40447
11179
11176
11178
11172
41824
40451
11174
11171
11173
41826
11167
41828
40457
11169
41830
11166
11168
41832
11162
41834
40463
11164
41836
11161
11163
41838
11157
41840
40469
11159
41842
11156
11158
41844
11152
41846
40475
11154
41848
11151
11153
41850
11147
41852
40481
11149
41854
11146
11148
41856
11142
41858
40487
11144
41860
11141
11143
41862
11137
41864
40493
11139
41866
11136
11138
41868
11132
41870
40499
11134
41872
11131
11133
41874
11127
11129
41876
11126
11128
41878
11122
11124
41880
11121
11123
41882
11117
11119
41884
11116
11118
41886
11112
11114
41888
11111
11113
41890
11107
11109
41892
11106
11108
41894
11102
11104
41896
11101
11103
11100
11105
26559
26560
11110
26561
26562
41897
41895
11115
26563
26564
41893
41891
11120
26565
26566
41889
41887
11125
26567
26568
41885
41883
11130
26569
26570
41881
41879
11135
26571
26572
41877
41875
11140
26573
26574
41873
41869
11145
26575
26576
41867
41863
11150
26577
26578
41861
41857
11155
26579
26580
41855
41851
11160
26581
26582
41849
41845
11165
26583
26584
41843
41839
11170
26585
26586
41837
41833
11175
26587
26588
41831
41827
11180
26589
26590
11181
26558
11259
11261
11258
11260
26126
11254
11256
11253
11255
26123
41898
11249
11251
41900
11248
11250
26120
41902
11244
11246
41904
11243
11245
26117
41906
11239
11241
41908
11238
11240
26114
41910
11234
11236
41912
11233
11235
26111
41914
11229
11231
41916
11228
11230
26108
41918
11224
11226
41920
11223
11225
26105
41922
11219
11221
41924
11218
11220
26102
41926
11214
40679
11216
41928
11213
11215
26099
41930
11209
40673
11211
41932
11208
11210
26096
41934
11204
40665
11206
41936
11203
11205
26093
41938
11199
40657
11201
41940
11198
11200
26090
41942
11194
40649
11196
41944
11193
11195
26087
41946
11189
40641
11191
41948
11188
11190
26084
41950
11184
40633
11186
41952
11183
11185
26081
11182
11187
26592
26593
11192
26594
26595
41953
41951
11197
26596
26597
41949
41947
11202
26598
26599
41945
41943
11207
26600
26601
41941
41939
11212
26602
26603
41937
41935
11217
26604
26605
41933
41931
11222
26606
26607
41929
41927
11227
26608
26609
41925
41923
11232
26610
26611
41921
41919
11237
26612
26613
41917
41915
11242
26614
26615
41913
41911
11247
26616
26617
41909
41907
11252
26618
26619
41905
41903
11257
26620
26621
41901
41899
11262
26622
26623
11263
26591
11373
40625
11375
11370
11371
11372
11374
11366
40617
11368
11363
11364
11365
11367
41954
11359
40609
11361
11356
11357
41956
11358
11360
41958
11352
40601
11354
11349
11350
41960
11351
11353
41962
11345
40593
11347
41964
11342
11343
41966
11344
11346
41968
11338
41970
40595
11340
41972
11335
11336
41974
11337
11339
41976
11331
41978
40603
11333
41980
11328
11329
41982
11330
11332
41984
11324
41986
40611
11326
41988
11321
11322
41990
11323
11325
41992
11317
41994
40619
11319
41996
11314
11315
41998
11316
11318
42000
11310
42002
40627
11312
42004
11307
11308
42006
11309
11311
42008
11303
42010
40635
11305
42012
11300
11301
42014
11302
11304
42016
11296
42018
40643
11298
42020
11293
11294
42022
11295
11297
42024
11289
42026
40651
11291
42028
11286
11287
42030
11288
11290
42032
11282
42034
40659
11284
42036
11279
11280
42038
11281
11283
42040
11275
42042
40667
11277
42044
11272
11273
42046
11274
11276
42048
11268
42050
40675
11270
42052
11265
11266
42054
11267
11269
11264
11271
26626
26627
11278
26629
26630
42055
42049
11285
26632
26633
42047
42041
11292
26635
26636
42039
42033
11299
26638
26639
42031
42025
11306
26641
26642
42023
42017
11313
26644
26645
42015
42009
11320
26647
26648
42007
42001
11327
26650
26651
41999
41993
11334
26653
26654
41991
41985
11341
26656
26657
41983
41977
11348
26659
26660
41975
41969
11355
26662
26663
41967
41963
11362
26665
26666
41961
41959
11369
26668
26669
41957
41955
11376
26671
26672
11377
26624
11455
42056
40681
11457
11454
11456
11450
42058
40685
11452
11449
11451
42060
11445
42062
40691
11447
42064
11444
11446
42066
11440
42068
40697
11442
42070
11439
11441
42072
11435
42074
40703
11437
42076
11434
11436
42078
11430
42080
40709
11432
42082
11429
11431
42084
11425
42086
40715
11427
42088
11424
11426
42090
11420
42092
40721
11422
42094
11419
11421
42096
11415
42098
40727
11417
42100
11414
11416
42102
11410
42104
40733
11412
42106
11409
11411
42108
11405
42110
40739
11407
42112
11404
11406
42114
11400
42116
40745
11402
42118
11399
11401
42120
11395
42122
40751
11397
42124
11394
11396
42126
11390
42128
40757
11392
42130
11389
11391
42132
11385
42134
40763
11387
42136
11384
11386
42138
11380
42140
40767
11382
42142
11379
11381
11378
11383
26674
26675
11388
26676
26677
42143
42139
11393
26678
26679
42137
42133
11398
26680
26681
42131
42127
11403
26682
26683
42125
42121
11408
26684
26685
42119
42115
11413
26686
26687
42113
42109
11418
26688
26689
42107
42103
11423
26690
26691
42101
42097
11428
26692
26693
42095
42091
11433
26694
26695
42089
42085
11438
26696
26697
42083
42079
11443
26698
26699
42077
42073
11448
26700
26701
42071
42067
11453
26702
26703
42065
42061
11458
26704
26705
11459
26673
11537
42144
40769
11539
11536
11538
11532
42146
40773
11534
11531
11533
42148
11527
42150
40779
11529
42152
11526
11528
42154
11522
42156
40785
11524
42158
11521
11523
42160
11517
42162
40791
11519
42164
11516
11518
42166
11512
42168
40797
11514
42170
11511
11513
42172
11507
42174
40803
11509
42176
11506
11508
42178
11502
42180
40809
11504
42182
11501
11503
42184
11497
42186
40815
11499
42188
11496
11498
42190
11492
42192
40821
11494
42194
11491
11493
42196
11487
42198
40827
11489
42200
11486
11488
42202
11482
42204
40833
11484
42206
11481
11483
42208
11477
42210
40839
11479
42212
11476
11478
42214
11472
42216
40845
11474
42218
11471
11473
42220
11467
42222
40851
11469
42224
11466
11468
42226
11462
42228
40855
11464
42230
11461
11463
11460
11465
26707
26708
11470
26709
26710
42231
42227
11475
26711
26712
42225
42221
11480
26713
26714
42219
42215
11485
26715
26716
42213
42209
11490
26717
26718
42207
42203
11495
26719
26720
42201
42197
11500
26721
26722
42195
42191
11505
26723
26724
42189
42185
11510
26725
26726
42183
42179
11515
26727
26728
42177
42173
11520
26729
26730
42171
42167
11525
26731
26732
42165
42161
11530
26733
26734
42159
42155
11535
26735
26736
42153
42149
11540
26737
26738
11541
26706
11619
42232
40857
11621
11618
11620
11614
42234
40861
11616
11613
11615
42236
11609
42238
40867
11611
42240
11608
11610
42242
11604
42244
40873
11606
42246
11603
11605
42248
11599
42250
40879
11601
42252
11598
11600
42254
11594
42256
40885
11596
42258
11593
11595
42260
11589
42262
40891
11591
42264
11588
11590
42266
11584
42268
40897
11586
42270
11583
11585
42272
11579
42274
40903
11581
42276
11578
11580
42278
11574
42280
40909
11576
42282
11573
11575
42284
11569
42286
40915
11571
42288
11568
11570
42290
11564
42292
40921
11566
42294
11563
11565
42296
11559
42298
40927
11561
42300
11558
11560
42302
11554
42304
40933
11556
42306
11553
11555
42308
11549
42310
40939
11551
42312
11548
11550
42314
11544
42316
40943
11546
42318
11543
11545
11542
11547
26740
26741
11552
26742
26743
42319
42315
11557
26744
26745
42313
42309
11562
26746
26747
42307
42303
11567
26748
26749
42301
42297
11572
26750
26751
42295
42291
11577
26752
26753
42289
42285
11582
26754
26755
42283
42279
11587
26756
26757
42277
42273
11592
26758
26759
42271
42267
11597
26760
26761
42265
42261
11602
26762
26763
42259
42255
11607
26764
26765
42253
42249
11612
26766
26767
42247
42243
11617
26768
26769
42241
42237
11622
26770
26771
11623
26739
11701
42320
40945
11703
11700
11702
11696
42322
40949
11698
11695
11697
42324
11691
42326
40955
11693
42328
11690
11692
42330
11686
42332
40961
11688
42334
11685
11687
42336
11681
42338
40967
11683
42340
11680
11682
42342
11676
42344
40973
11678
42346
11675
11677
42348
11671
42350
40979
11673
42352
11670
11672
42354
11666
42356
40985
11668
42358
11665
11667
42360
11661
42362
40991
11663
42364
11660
11662
42366
11656
42368
40997
11658
42370
11655
11657
42372
11651
42374
41003
11653
42376
11650
11652
42378
11646
42380
41009
11648
42382
11645
11647
42384
11641
42386
41015
11643
42388
11640
11642
42390
11636
42392
41021
11638
42394
11635
11637
42396
11631
42398
41027
11633
42400
11630
11632
42402
11626
42404
41031
11628
42406
11625
11627
11624
11629
26773
26774
11634
26775
26776
42407
42403
11639
26777
26778
42401
42397
11644
26779
26780
42395
42391
11649
26781
26782
42389
42385
11654
26783
26784
42383
42379
11659
26785
26786
42377
42373
11664
26787
26788
42371
42367
11669
26789
26790
42365
42361
11674
26791
26792
42359
42355
11679
26793
26794
42353
42349
11684
26795
26796
42347
42343
11689
26797
26798
42341
42337
11694
26799
26800
42335
42331
11699
26801
26802
42329
42325
11704
26803
26804
11705
26772
11783
42408
41033
11785
11782
11784
11778
42410
41037
11780
11777
11779
42412
11773
42414
41043
11775
42416
11772
11774
42418
11768
42420
41049
11770
42422
11767
11769
42424
11763
42426
41055
11765
42428
11762
11764
42430
11758
42432
41061
11760
42434
11757
11759
42436
11753
42438
41067
11755
42440
11752
11754
42442
11748
42444
41073
11750
42446
11747
11749
42448
11743
42450
41079
11745
42452
11742
11744
42454
11738
42456
41085
11740
42458
11737
11739
42460
11733
42462
41091
11735
42464
11732
11734
42466
11728
42468
41097
11730
42470
11727
11729
42472
11723
42474
41103
11725
42476
11722
11724
42478
11718
42480
41109
11720
42482
11717
11719
42484
11713
42486
41115
11715
42488
11712
11714
42490
11708
42492
41119
11710
42494
11707
11709
11706
11711
26806
26807
11716
26808
26809
42495
42491
11721
26810
26811
42489
42485
11726
26812
26813
42483
42479
11731
26814
26815
42477
42473
11736
26816
26817
42471
42467
11741
26818
26819
42465
42461
11746
26820
26821
42459
42455
11751
26822
26823
42453
42449
11756
26824
26825
42447
42443
11761
26826
26827
42441
42437
11766
26828
26829
42435
42431
11771
26830
26831
42429
42425
11776
26832
26833
42423
42419
11781
26834
26835
42417
42413
11786
26836
26837
11787
26805
11865
42496
41121
11867
11864
11866
11860
42498
41125
11862
11859
11861
42500
11855
42502
41131
11857
42504
11854
11856
42506
11850
42508
41137
11852
42510
11849
11851
42512
11845
42514
41143
11847
42516
11844
11846
42518
11840
42520
41149
11842
42522
11839
11841
42524
11835
42526
41155
11837
42528
11834
11836
42530
11830
42532
41161
11832
42534
11829
11831
42536
11825
42538
41167
11827
42540
11824
11826
42542
11820
42544
41173
11822
42546
11819
11821
42548
11815
42550
41179
11817
42552
11814
11816
42554
11810
42556
41185
11812
42558
11809
11811
42560
11805
42562
41191
11807
42564
11804
11806
42566
11800
42568
41197
11802
42570
11799
11801
42572
11795
42574
41203
11797
42576
11794
11796
42578
11790
42580
41207
11792
42582
11789
11791
11788
11793
26839
26840
11798
26841
26842
42583
42579
11803
26843
26844
42577
42573
11808
26845
26846
42571
42567
11813
26847
26848
42565
42561
11818
26849
26850
42559
42555
11823
26851
26852
42553
42549
11828
26853
26854
42547
42543
11833
26855
26856
42541
42537
11838
26857
26858
42535
42531
11843
26859
26860
42529
42525
11848
26861
26862
42523
42519
11853
26863
26864
42517
42513
11858
26865
26866
42511
42507
11863
26867
26868
42505
42501
11868
26869
26870
11869
26838
11947
42584
41209
11949
11946
11948
11942
42586
41213
11944
11941
11943
42588
11937
42590
41219
11939
42592
11936
11938
42594
11932
42596
41225
11934
42598
11931
11933
42600
11927
42602
41231
11929
42604
11926
11928
42606
11922
42608
41237
11924
42610
11921
11923
42612
11917
42614
41243
11919
42616
11916
11918
42618
11912
42620
41249
11914
42622
11911
11913
42624
11907
42626
41255
11909
42628
11906
11908
42630
11902
42632
41261
11904
42634
11901
11903
42636
11897
42638
41267
11899
42640
11896
11898
42642
11892
42644
41273
11894
42646
11891
11893
42648
11887
42650
41279
11889
42652
11886
11888
42654
11882
42656
41285
11884
42658
11881
11883
42660
11877
42662
41291
11879
42664
11876
11878
42666
11872
42668
41295
11874
42670
11871
11873
11870
11875
26872
26873
11880
26874
26875
42671
42667
11885
26876
26877
42665
42661
11890
26878
26879
42659
42655
11895
26880
26881
42653
42649
11900
26882
26883
42647
42643
11905
26884
26885
42641
42637
11910
26886
26887
42635
42631
11915
26888
26889
42629
42625
11920
26890
26891
42623
42619
11925
26892
26893
42617
42613
11930
26894
26895
42611
42607
11935
26896
26897
42605
42601
11940
26898
26899
42599
42595
11945
26900
26901
42593
42589
11950
26902
26903
11951
26871
12029
42672
41297
12031
12028
12030
12024
42674
41301
12026
12023
12025
42676
12019
42678
41307
12021
42680
12018
12020
42682
12014
42684
41313
12016
42686
12013
12015
42688
12009
42690
41319
12011
42692
12008
12010
42694
12004
42696
41325
12006
42698
12003
12005
42700
11999
42702
41331
12001
42704
11998
12000
42706
11994
42708
41337
11996
42710
11993
11995
42712
11989
42714
41343
11991
42716
11988
11990
42718
11984
42720
41349
11986
42722
11983
11985
42724
11979
42726
41355
11981
42728
11978
11980
42730
11974
42732
41361
11976
42734
11973
11975
42736
11969
42738
41367
11971
42740
11968
11970
42742
11964
42744
41373
11966
42746
11963
11965
42748
11959
42750
41379
11961
42752
11958
11960
42754
11954
42756
41383
11956
42758
11953
11955
11952
11957
26905
26906
11962
26907
26908
42759
42755
11967
26909
26910
42753
42749
11972
26911
26912
42747
42743
11977
26913
26914
42741
42737
11982
26915
26916
42735
42731
11987
26917
26918
42729
42725
11992
26919
26920
42723
42719
11997
26921
26922
42717
42713
12002
26923
26924
42711
42707
12007
26925
26926
42705
42701
12012
26927
26928
42699
42695
12017
26929
26930
42693
42689
12022
26931
26932
42687
42683
12027
26933
26934
42681
42677
12032
26935
26936
12033
26904
12111
42760
41385
12113
12110
12112
12106
42762
41389
12108
12105
12107
42764
12101
42766
41395
12103
42768
12100
12102
42770
12096
42772
41401
12098
42774
12095
12097
42776
12091
42778
41407
12093
42780
12090
12092
42782
12086
42784
41413
12088
42786
12085
12087
42788
12081
42790
41419
12083
42792
12080
12082
42794
12076
42796
41425
12078
42798
12075
12077
42800
12071
42802
41431
12073
42804
12070
12072
42806
12066
42808
41437
12068
42810
12065
12067
42812
12061
42814
41443
12063
42816
12060
12062
42818
12056
42820
41449
12058
42822
12055
12057
42824
12051
42826
41455
12053
42828
12050
12052
42830
12046
42832
41461
12048
42834
12045
12047
42836
12041
42838
41467
12043
42840
12040
12042
42842
12036
42844
41471
12038
42846
12035
12037
12034
12039
26938
26939
12044
26940
26941
42847
42843
12049
26942
26943
42841
42837
12054
26944
26945
42835
42831
12059
26946
26947
42829
42825
12064
26948
26949
42823
42819
12069
26950
26951
42817
42813
12074
26952
26953
42811
42807
12079
26954
26955
42805
42801
12084
26956
26957
42799
42795
12089
26958
26959
42793
42789
12094
26960
26961
42787
42783
12099
26962
26963
42781
42777
12104
26964
26965
42775
42771
12109
26966
26967
42769
42765
12114
26968
26969
12115
26937
12193
42848
41473
12195
12192
12194
12188
42850
41477
12190
12187
12189
42852
12183
42854
41483
12185
42856
12182
12184
42858
12178
42860
41489
12180
42862
12177
12179
42864
12173
42866
41495
12175
42868
12172
12174
42870
12168
42872
41501
12170
42874
12167
12169
42876
12163
42878
41507
12165
42880
12162
12164
42882
12158
42884
41513
12160
42886
12157
12159
42888
12153
42890
41519
12155
42892
12152
12154
42894
12148
42896
41525
12150
42898
12147
12149
42900
12143
42902
41531
12145
42904
12142
12144
42906
12138
42908
41537
12140
42910
12137
12139
42912
12133
42914
41543
12135
42916
12132
12134
42918
12128
42920
41549
12130
42922
12127
12129
42924
12123
42926
41555
12125
42928
12122
12124
42930
12118
42932
41559
12120
42934
12117
12119
12116
12121
26971
26972
12126
26973
26974
42935
42931
12131
26975
26976
42929
42925
12136
26977
26978
42923
42919
12141
26979
26980
42917
42913
12146
26981
26982
42911
42907
12151
26983
26984
42905
42901
12156
26985
26986
42899
42895
12161
26987
26988
42893
42889
12166
26989
26990
42887
42883
12171
26991
26992
42881
42877
12176
26993
26994
42875
42871
12181
26995
26996
42869
42865
12186
26997
26998
42863
42859
12191
26999
27000
42857
42853
12196
27001
27002
12197
26970
12275
42936
41561
12277
12274
12276
12270
42938
41565
12272
12269
12271
42940
12265
42942
41571
12267
42944
12264
12266
42946
12260
42948
41577
12262
42950
12259
12261
42952
12255
42954
41583
12257
42956
12254
12256
42958
12250
42960
41589
12252
42962
12249
12251
42964
12245
42966
41595
12247
42968
12244
12246
42970
12240
42972
41601
12242
42974
12239
12241
42976
12235
42978
41607
12237
42980
12234
12236
42982
12230
42984
41613
12232
42986
12229
12231
42988
12225
42990
41619
12227
42992
12224
12226
42994
12220
42996
41625
12222
42998
12219
12221
43000
12215
43002
41631
12217
43004
12214
12216
43006
12210
43008
41637
12212
43010
12209
12211
43012
12205
43014
41643
12207
43016
12204
12206
43018
12200
43020
41647
12202
43022
12199
12201
12198
12203
27004
27005
12208
27006
27007
43023
43019
12213
27008
27009
43017
43013
12218
27010
27011
43011
43007
12223
27012
27013
43005
43001
12228
27014
27015
42999
42995
12233
27016
27017
42993
42989
12238
27018
27019
42987
42983
12243
27020
27021
42981
42977
12248
27022
27023
42975
42971
12253
27024
27025
42969
42965
12258
27026
27027
42963
42959
12263
27028
27029
42957
42953
12268
27030
27031
42951
42947
12273
27032
27033
42945
42941
12278
27034
27035
12279
27003
12357
43024
41649
12359
12356
12358
12352
43026
41653
12354
12351
12353
43028
12347
43030
41659
12349
43032
12346
12348
43034
12342
43036
41665
12344
43038
12341
12343
43040
12337
43042
41671
12339
43044
12336
12338
43046
12332
43048
41677
12334
43050
12331
12333
43052
12327
43054
41683
12329
43056
12326
12328
43058
12322
43060
41689
12324
43062
12321
12323
43064
12317
43066
41695
12319
43068
12316
12318
43070
12312
43072
41701
12314
43074
12311
12313
43076
12307
43078
41707
12309
43080
12306
12308
43082
12302
43084
41713
12304
43086
12301
12303
43088
12297
43090
41719
12299
43092
12296
12298
43094
12292
43096
41725
12294
43098
12291
12293
43100
12287
43102
41731
12289
43104
12286
12288
43106
12282
43108
41735
12284
43110
12281
12283
12280
12285
27037
27038
12290
27039
27040
43111
43107
12295
27041
27042
43105
43101
12300
27043
27044
43099
43095
12305
27045
27046
43093
43089
12310
27047
27048
43087
43083
12315
27049
27050
43081
43077
12320
27051
27052
43075
43071
12325
27053
27054
43069
43065
12330
27055
27056
43063
43059
12335
27057
27058
43057
43053
12340
27059
27060
43051
43047
12345
27061
27062
43045
43041
12350
27063
27064
43039
43035
12355
27065
27066
43033
43029
12360
27067
27068
12361
27036
12439
43112
41737
12441
12438
12440
12434
43114
41741
12436
12433
12435
43116
12429
43118
41747
12431
43120
12428
12430
43122
12424
43124
41753
12426
43126
12423
12425
43128
12419
43130
41759
12421
43132
12418
12420
43134
12414
43136
41765
12416
43138
12413
12415
43140
12409
43142
41771
12411
43144
12408
12410
43146
12404
43148
41777
12406
43150
12403
12405
43152
12399
43154
41783
12401
43156
12398
12400
43158
12394
43160
41789
12396
43162
12393
12395
43164
12389
43166
41795
12391
43168
12388
12390
43170
12384
43172
41801
12386
43174
12383
12385
43176
12379
43178
41807
12381
43180
12378
12380
43182
12374
43184
41813
12376
43186
12373
12375
43188
12369
43190
41819
12371
43192
12368
12370
43194
12364
43196
41823
12366
43198
12363
12365
12362
12367
27070
27071
12372
27072
27073
43199
43195
12377
27074
27075
43193
43189
12382
27076
27077
43187
43183
12387
27078
27079
43181
43177
12392
27080
27081
43175
43171
12397
27082
27083
43169
43165
12402
27084
27085
43163
43159
12407
27086
27087
43157
43153
12412
27088
27089
43151
43147
12417
27090
27091
43145
43141
12422
27092
27093
43139
43135
12427
27094
27095
43133
43129
12432
27096
27097
43127
43123
12437
27098
27099
43121
43117
12442
27100
27101
12443
27069
12521
43200
41825
12523
12520
12522
12516
43202
41829
12518
12515
12517
43204
12511
43206
41835
12513
43208
12510
12512
43210
12506
43212
41841
12508
43214
12505
12507
43216
12501
43218
41847
12503
43220
12500
12502
43222
12496
43224
41853
12498
43226
12495
12497
43228
12491
43230
41859
12493
43232
12490
12492
43234
12486
43236
41865
12488
43238
12485
12487
43240
12481
43242
41871
12483
43244
12480
12482
43246
12476
12478
43248
12475
12477
43250
12471
12473
43252
12470
12472
43254
12466
12468
43256
12465
12467
43258
12461
12463
43260
12460
12462
43262
12456
12458
43264
12455
12457
43266
12451
12453
43268
12450
12452
43270
12446
12448
43272
12445
12447
12444
12449
27103
27104
12454
27105
27106
43273
43271
12459
27107
27108
43269
43267
12464
27109
27110
43265
43263
12469
27111
27112
43261
43259
12474
27113
27114
43257
43255
12479
27115
27116
43253
43251
12484
27117
27118
43249
43247
12489
27119
27120
43245
43241
12494
27121
27122
43239
43235
12499
27123
27124
43233
43229
12504
27125
27126
43227
43223
12509
27127
27128
43221
43217
12514
27129
27130
43215
43211
12519
27131
27132
43209
43205
12524
27133
27134
12525
27102
12603
12605
12602
12604
26670
12598
12600
12597
12599
26667
43274
12593
12595
43276
12592
12594
26664
43278
12588
12590
43280
12587
12589
26661
43282
12583
12585
43284
12582
12584
26658
43286
12578
12580
43288
12577
12579
26655
43290
12573
12575
43292
12572
12574
26652
43294
12568
12570
43296
12567
12569
26649
43298
12563
42057
12565
43300
12562
12564
26646
43302
12558
42051
12560
43304
12557
12559
26643
43306
12553
42043
12555
43308
12552
12554
26640
43310
12548
42035
12550
43312
12547
12549
26637
43314
12543
42027
12545
43316
12542
12544
26634
43318
12538
42019
12540
43320
12537
12539
26631
43322
12533
42011
12535
43324
12532
12534
26628
43326
12528
42003
12530
43328
12527
12529
26625
12526
12531
27136
27137
12536
27138
27139
43329
43327
12541
27140
27141
43325
43323
12546
27142
27143
43321
43319
12551
27144
27145
43317
43315
12556
27146
27147
43313
43311
12561
27148
27149
43309
43307
12566
27150
27151
43305
43303
12571
27152
27153
43301
43299
12576
27154
27155
43297
43295
12581
27156
27157
43293
43291
12586
27158
27159
43289
43287
12591
27160
27161
43285
43283
12596
27162
27163
43281
43279
12601
27164
27165
43277
43275
12606
27166
27167
12607
27135
12717
41995
12719
12714
12715
12716
12718
12710
41987
12712
12707
12708
12709
12711
43330
12703
41979
12705
12700
12701
43332
12702
12704
43334
12696
41971
12698
12693
12694
43336
12695
12697
43338
12689
43340
41965
12691
43342
12686
12687
43344
12688
12690
43346
12682
43348
41973
12684
43350
12679
12680
43352
12681
12683
43354
12675
43356
41981
12677
43358
12672
12673
43360
12674
12676
43362
12668
43364
41989
12670
43366
12665
12666
43368
12667
12669
43370
12661
43372
41997
12663
43374
12658
12659
43376
12660
12662
43378
12654
43380
42005
12656
43382
12651
12652
43384
12653
12655
43386
12647
43388
42013
12649
43390
12644
12645
43392
12646
12648
43394
12640
43396
42021
12642
43398
12637
12638
43400
12639
12641
43402
12633
43404
42029
12635
43406
12630
12631
43408
12632
12634
43410
12626
43412
42037
12628
43414
12623
12624
43416
12625
12627
43418
12619
43420
42045
12621
43422
12616
12617
43424
12618
12620
43426
12612
43428
42053
12614
43430
12609
12610
43432
12611
12613
12608
12615
27170
27171
12622
27173
27174
43433
43427
12629
27176
27177
43425
43419
12636
27179
27180
43417
43411
12643
27182
27183
43409
43403
12650
27185
27186
43401
43395
12657
27188
27189
43393
43387
12664
27191
27192
43385
43379
12671
27194
27195
43377
43371
12678
27197
27198
43369
43363
12685
27200
27201
43361
43355
12692
27203
27204
43353
43347
12699
27206
27207
43345
43339
12706
27209
27210
43337
43335
12713
27212
27213
43333
43331
12720
27215
27216
12721
27168
12799
43434
42059
12801
12798
12800
12794
43436
42063
12796
12793
12795
43438
12789
43440
42069
12791
43442
12788
12790
43444
12784
43446
42075
12786
43448
12783
12785
43450
12779
43452
42081
12781
43454
12778
12780
43456
12774
43458
42087
12776
43460
12773
12775
43462
12769
43464
42093
12771
43466
12768
12770
43468
12764
43470
42099
12766
43472
12763
12765
43474
12759
43476
42105
12761
43478
12758
12760
43480
12754
43482
42111
12756
43484
12753
12755
43486
12749
43488
42117
12751
43490
12748
12750
43492
12744
43494
42123
12746
43496
12743
12745
43498
12739
43500
42129
12741
43502
12738
12740
43504
12734
43506
42135
12736
43508
12733
12735
43510
12729
43512
42141
12731
43514
12728
12730
43516
12724
43518
42145
12726
43520
12723
12725
12722
12727
27218
27219
12732
27220
27221
43521
43517
12737
27222
27223
43515
43511
12742
27224
27225
43509
43505
12747
27226
27227
43503
43499
12752
27228
27229
43497
43493
12757
27230
27231
43491
43487
12762
27232
27233
43485
43481
12767
27234
27235
43479
43475
12772
27236
27237
43473
43469
12777
27238
27239
43467
43463
12782
27240
27241
43461
43457
12787
27242
27243
43455
43451
12792
27244
27245
43449
43445
12797
27246
27247
43443
43439
12802
27248
27249
12803
27217
12881
43522
42147
12883
12880
12882
12876
43524
42151
12878
12875
12877
43526
12871
43528
42157
12873
43530
12870
12872
43532
12866
43534
42163
12868
43536
12865
12867
43538
12861
43540
42169
12863
43542
12860
12862
43544
12856
43546
42175
12858
43548
12855
12857
43550
12851
43552
42181
12853
43554
12850
12852
43556
12846
43558
42187
12848
43560
12845
12847
43562
12841
43564
42193
12843
43566
12840
12842
43568
12836
43570
42199
12838
43572
12835
12837
43574
12831
43576
42205
12833
43578
12830
12832
43580
12826
43582
42211
12828
43584
12825
12827
43586
12821
43588
42217
12823
43590
12820
12822
43592
12816
43594
42223
12818
43596
12815
12817
43598
12811
43600
42229
12813
43602
12810
12812
43604
12806
43606
42233
12808
43608
12805
12807
12804
12809
27251
27252
12814
27253
27254
43609
43605
12819
27255
27256
43603
43599
12824
27257
27258
43597
43593
12829
27259
27260
43591
43587
12834
27261
27262
43585
43581
12839
27263
27264
43579
43575
12844
27265
27266
43573
43569
12849
27267
27268
43567
43563
12854
27269
27270
43561
43557
12859
27271
27272
43555
43551
12864
27273
27274
43549
43545
12869
27275
27276
43543
43539
12874
27277
27278
43537
43533
12879
27279
27280
43531
43527
12884
27281
27282
12885
27250
12963
43610
42235
12965
12962
12964
12958
43612
42239
12960
12957
12959
43614
12953
43616
42245
12955
43618
12952
12954
43620
12948
43622
42251
12950
43624
12947
12949
43626
12943
43628
42257
12945
43630
12942
12944
43632
12938
43634
42263
12940
43636
12937
12939
43638
12933
43640
42269
12935
43642
12932
12934
43644
12928
43646
42275
12930
43648
12927
12929
43650
12923
43652
42281
12925
43654
12922
12924
43656
12918
43658
42287
12920
43660
12917
12919
43662
12913
43664
42293
12915
43666
12912
12914
43668
12908
43670
42299
12910
43672
12907
12909
43674
12903
43676
42305
12905
43678
12902
12904
43680
12898
43682
42311
12900
43684
12897
12899
43686
12893
43688
42317
12895
43690
12892
12894
43692
12888
43694
42321
12890
43696
12887
12889
12886
12891
27284
27285
12896
27286
27287
43697
43693
12901
27288
27289
43691
43687
12906
27290
27291
43685
43681
12911
27292
27293
43679
43675
12916
27294
27295
43673
43669
12921
27296
27297
43667
43663
12926
27298
27299
43661
43657
12931
27300
27301
43655
43651
12936
27302
27303
43649
43645
12941
27304
27305
43643
43639
12946
27306
27307
43637
43633
12951
27308
27309
43631
43627
12956
27310
27311
43625
43621
12961
27312
27313
43619
43615
12966
27314
27315
12967
27283
13045
43698
42323
13047
13044
13046
13040
43700
42327
13042
13039
13041
43702
13035
43704
42333
13037
43706
13034
13036
43708
13030
43710
42339
13032
43712
13029
13031
43714
13025
43716
42345
13027
43718
13024
13026
43720
13020
43722
42351
13022
43724
13019
13021
43726
13015
43728
42357
13017
43730
13014
13016
43732
13010
43734
42363
13012
43736
13009
13011
43738
13005
43740
42369
13007
43742
13004
13006
43744
13000
43746
42375
13002
43748
12999
13001
43750
12995
43752
42381
12997
43754
12994
12996
43756
12990
43758
42387
12992
43760
12989
12991
43762
12985
43764
42393
12987
43766
12984
12986
43768
12980
43770
42399
12982
43772
12979
12981
43774
12975
43776
42405
12977
43778
12974
12976
43780
12970
43782
42409
12972
43784
12969
12971
12968
12973
27317
27318
12978
27319
27320
43785
43781
12983
27321
27322
43779
43775
12988
27323
27324
43773
43769
12993
27325
27326
43767
43763
12998
27327
27328
43761
43757
13003
27329
27330
43755
43751
13008
27331
27332
43749
43745
13013
27333
27334
43743
43739
13018
27335
27336
43737
43733
13023
27337
27338
43731
43727
13028
27339
27340
43725
43721
13033
27341
27342
43719
43715
13038
27343
27344
43713
43709
13043
27345
27346
43707
43703
13048
27347
27348
13049
27316
13127
43786
42411
13129
13126
13128
13122
43788
42415
13124
13121
13123
43790
13117
43792
42421
13119
43794
13116
13118
43796
13112
43798
42427
13114
43800
13111
13113
43802
13107
43804
42433
13109
43806
13106
13108
43808
13102
43810
42439
13104
43812
13101
13103
43814
13097
43816
42445
13099
43818
13096
13098
43820
13092
43822
42451
13094
43824
13091
13093
43826
13087
43828
42457
13089
43830
13086
13088
43832
13082
43834
42463
13084
43836
13081
13083
43838
13077
43840
42469
13079
43842
13076
13078
43844
13072
43846
42475
13074
43848
13071
13073
43850
13067
43852
42481
13069
43854
13066
13068
43856
13062
43858
42487
13064
43860
13061
13063
43862
13057
43864
42493
13059
43866
13056
13058
43868
13052
43870
42497
13054
43872
13051
13053
13050
13055
27350
27351
13060
27352
27353
43873
43869
13065
27354
27355
43867
43863
13070
27356
27357
43861
43857
13075
27358
27359
43855
43851
13080
27360
27361
43849
43845
13085
27362
27363
43843
43839
13090
27364
27365
43837
43833
13095
27366
27367
43831
43827
13100
27368
27369
43825
43821
13105
27370
27371
43819
43815
13110
27372
27373
43813
43809
13115
27374
27375
43807
43803
13120
27376
27377
43801
43797
13125
27378
27379
43795
43791
13130
27380
27381
13131
27349
13209
43874
42499
13211
13208
13210
13204
43876
42503
13206
13203
13205
43878
13199
43880
42509
13201
43882
13198
13200
43884
13194
43886
42515
13196
43888
13193
13195
43890
13189
43892
42521
13191
43894
13188
13190
43896
13184
43898
42527
13186
43900
13183
13185
43902
13179
43904
42533
13181
43906
13178
13180
43908
13174
43910
42539
13176
43912
13173
13175
43914
13169
43916
42545
13171
43918
13168
13170
43920
13164
43922
42551
13166
43924
13163
13165
43926
13159
43928
42557
13161
43930
13158
13160
43932
13154
43934
42563
13156
43936
13153
13155
43938
13149
43940
42569
13151
43942
13148
13150
43944
13144
43946
42575
13146
43948
13143
13145
43950
13139
43952
42581
13141
43954
13138
13140
43956
13134
43958
42585
13136
43960
13133
13135
13132
13137
27383
27384
13142
27385
27386
43961
43957
13147
27387
27388
43955
43951
13152
27389
27390
43949
43945
13157
27391
27392
43943
43939
13162
27393
27394
43937
43933
13167
27395
27396
43931
43927
13172
27397
27398
43925
43921
13177
27399
27400
43919
43915
13182
27401
27402
43913
43909
13187
27403
27404
43907
43903
13192
27405
27406
43901
43897
13197
27407
27408
43895
43891
13202
27409
27410
43889
43885
13207
27411
27412
43883
43879
13212
27413
27414
13213
27382
13291
43962
42587
13293
13290
13292
13286
43964
42591
13288
13285
13287
43966
13281
43968
42597
13283
43970
13280
13282
43972
13276
43974
42603
13278
43976
13275
13277
43978
13271
43980
42609
13273
43982
13270
13272
43984
13266
43986
42615
13268
43988
13265
13267
43990
13261
43992
42621
13263
43994
13260
13262
43996
13256
43998
42627
13258
44000
13255
13257
44002
13251
44004
42633
13253
44006
13250
13252
44008
13246
44010
42639
13248
44012
13245
13247
44014
13241
44016
42645
13243
44018
13240
13242
44020
13236
44022
42651
13238
44024
13235
13237
44026
13231
44028
42657
13233
44030
13230
13232
44032
13226
44034
42663
13228
44036
13225
13227
44038
13221
44040
42669
13223
44042
13220
13222
44044
13216
44046
42673
13218
44048
13215
13217
13214
13219
27416
27417
13224
27418
27419
44049
44045
13229
27420
27421
44043
44039
13234
27422
27423
44037
44033
13239
27424
27425
44031
44027
13244
27426
27427
44025
44021
13249
27428
27429
44019
44015
13254
27430
27431
44013
44009
13259
27432
27433
44007
44003
13264
27434
27435
44001
43997
13269
27436
27437
43995
43991
13274
27438
27439
43989
43985
13279
27440
27441
43983
43979
13284
27442
27443
43977
43973
13289
27444
27445
43971
43967
13294
27446
27447
13295
27415
13373
44050
42675
13375
13372
13374
13368
44052
42679
13370
13367
13369
44054
13363
44056
42685
13365
44058
13362
13364
44060
13358
44062
42691
13360
44064
13357
13359
44066
13353
44068
42697
13355
44070
13352
13354
44072
13348
44074
42703
13350
44076
13347
13349
44078
13343
44080
42709
13345
44082
13342
13344
44084
13338
44086
42715
13340
44088
13337
13339
44090
13333
44092
42721
13335
44094
13332
13334
44096
13328
44098
42727
13330
44100
13327
13329
44102
13323
44104
42733
13325
44106
13322
13324
44108
13318
44110
42739
13320
44112
13317
13319
44114
13313
44116
42745
13315
44118
13312
13314
44120
13308
44122
42751
13310
44124
13307
13309
44126
13303
44128
42757
13305
44130
13302
13304
44132
13298
44134
42761
13300
44136
13297
13299
13296
13301
27449
27450
13306
27451
27452
44137
44133
13311
27453
27454
44131
44127
13316
27455
27456
44125
44121
13321
27457
27458
44119
44115
13326
27459
27460
44113
44109
13331
27461
27462
44107
44103
13336
27463
27464
44101
44097
13341
27465
27466
44095
44091
13346
27467
27468
44089
44085
13351
27469
27470
44083
44079
13356
27471
27472
44077
44073
13361
27473
27474
44071
44067
13366
27475
27476
44065
44061
13371
27477
27478
44059
44055
13376
27479
27480
13377
27448
13455
44138
42763
13457
13454
13456
13450
44140
42767
13452
13449
13451
44142
13445
44144
42773
13447
44146
13444
13446
44148
13440
44150
42779
13442
44152
13439
13441
44154
13435
44156
42785
13437
44158
13434
13436
44160
13430
44162
42791
13432
44164
13429
13431
44166
13425
44168
42797
13427
44170
13424
13426
44172
13420
44174
42803
13422
44176
13419
13421
44178
13415
44180
42809
13417
44182
13414
13416
44184
13410
44186
42815
13412
44188
13409
13411
44190
13405
44192
42821
13407
44194
13404
13406
44196
13400
44198
42827
13402
44200
13399
13401
44202
13395
44204
42833
13397
44206
13394
13396
44208
13390
44210
42839
13392
44212
13389
13391
44214
13385
44216
42845
13387
44218
13384
13386
44220
13380
44222
42849
13382
44224
13379
13381
13378
13383
27482
27483
13388
27484
27485
44225
44221
13393
27486
27487
44219
44215
13398
27488
27489
44213
44209
13403
27490
27491
44207
44203
13408
27492
27493
44201
44197
13413
27494
27495
44195
44191
13418
27496
27497
44189
44185
13423
27498
27499
44183
44179
13428
27500
27501
44177
44173
13433
27502
27503
44171
44167
13438
27504
27505
44165
44161
13443
27506
27507
44159
44155
13448
27508
27509
44153
44149
13453
27510
27511
44147
44143
13458
27512
27513
13459
27481
13537
44226
42851
13539
13536
13538
13532
44228
42855
13534
13531
13533
44230
13527
44232
42861
13529
44234
13526
13528
44236
13522
44238
42867
13524
44240
13521
13523
44242
13517
44244
42873
13519
44246
13516
13518
44248
13512
44250
42879
13514
44252
13511
13513
44254
13507
44256
42885
13509
44258
13506
13508
44260
13502
44262
42891
13504
44264
13501
13503
44266
13497
44268
42897
13499
44270
13496
13498
44272
13492
44274
42903
13494
44276
13491
13493
44278
13487
44280
42909
13489
44282
13486
13488
44284
13482
44286
42915
13484
44288
13481
13483
44290
13477
44292
42921
13479
44294
13476
13478
44296
13472
44298
42927
13474
44300
13471
13473
44302
13467
44304
42933
13469
44306
13466
13468
44308
13462
44310
42937
13464
44312
13461
13463
13460
13465
27515
27516
13470
27517
27518
44313
44309
13475
27519
27520
44307
44303
13480
27521
27522
44301
44297
13485
27523
27524
44295
44291
13490
27525
27526
44289
44285
13495
27527
27528
44283
44279
13500
27529
27530
44277
44273
13505
27531
27532
44271
44267
13510
27533
27534
44265
44261
13515
27535
27536
44259
44255
13520
27537
27538
44253
44249
13525
27539
27540
44247
44243
13530
27541
27542
44241
44237
13535
27543
27544
44235
44231
13540
27545
27546
13541
27514
13619
44314
42939
13621
13618
13620
13614
44316
42943
13616
13613
13615
44318
13609
44320
42949
13611
44322
13608
13610
44324
13604
44326
42955
13606
44328
13603
13605
44330
13599
44332
42961
13601
44334
13598
13600
44336
13594
44338
42967
13596
44340
13593
13595
44342
13589
44344
42973
13591
44346
13588
13590
44348
13584
44350
42979
13586
44352
13583
13585
44354
13579
44356
42985
13581
44358
13578
13580
44360
13574
44362
42991
13576
44364
13573
13575
44366
13569
44368
42997
13571
44370
13568
13570
44372
13564
44374
43003
13566
44376
13563
13565
44378
13559
44380
43009
13561
44382
13558
13560
44384
13554
44386
43015
13556
44388
13553
13555
44390
13549
44392
43021
13551
44394
13548
13550
44396
13544
44398
43025
13546
44400
13543
13545
13542
13547
27548
27549
13552
27550
27551
44401
44397
13557
27552
27553
44395
44391
13562
27554
27555
44389
44385
13567
27556
27557
44383
44379
13572
27558
27559
44377
44373
13577
27560
27561
44371
44367
13582
27562
27563
44365
44361
13587
27564
27565
44359
44355
13592
27566
27567
44353
44349
13597
27568
27569
44347
44343
13602
27570
27571
44341
44337
13607
27572
27573
44335
44331
13612
27574
27575
44329
44325
13617
27576
27577
44323
44319
13622
27578
27579
13623
27547
13701
44402
43027
13703
13700
13702
13696
44404
43031
13698
13695
13697
44406
13691
44408
43037
13693
44410
13690
13692
44412
13686
44414
43043
13688
44416
13685
13687
44418
13681
44420
43049
13683
44422
13680
13682
44424
13676
44426
43055
13678
44428
13675
13677
44430
13671
44432
43061
13673
44434
13670
13672
44436
13666
44438
43067
13668
44440
13665
13667
44442
13661
44444
43073
13663
44446
13660
13662
44448
13656
44450
43079
13658
44452
13655
13657
44454
13651
44456
43085
13653
44458
13650
13652
44460
13646
44462
43091
13648
44464
13645
13647
44466
13641
44468
43097
13643
44470
13640
13642
44472
13636
44474
43103
13638
44476
13635
13637
44478
13631
44480
43109
13633
44482
13630
13632
44484
13626
44486
43113
13628
44488
13625
13627
13624
13629
27581
27582
13634
27583
27584
44489
44485
13639
27585
27586
44483
44479
13644
27587
27588
44477
44473
13649
27589
27590
44471
44467
13654
27591
27592
44465
44461
13659
27593
27594
44459
44455
13664
27595
27596
44453
44449
13669
27597
27598
44447
44443
13674
27599
27600
44441
44437
13679
27601
27602
44435
44431
13684
27603
27604
44429
44425
13689
27605
27606
44423
44419
13694
27607
27608
44417
44413
13699
27609
27610
44411
44407
13704
27611
27612
13705
27580
13783
44490
43115
13785
13782
13784
13778
44492
43119
13780
13777
13779
44494
13773
44496
43125
13775
44498
13772
13774
44500
13768
44502
43131
13770
44504
13767
13769
44506
13763
44508
43137
13765
44510
13762
13764
44512
13758
44514
43143
13760
44516
13757
13759
44518
13753
44520
43149
13755
44522
13752
13754
44524
13748
44526
43155
13750
44528
13747
13749
44530
13743
44532
43161
13745
44534
13742
13744
44536
13738
44538
43167
13740
44540
13737
13739
44542
13733
44544
43173
13735
44546
13732
13734
44548
13728
44550
43179
13730
44552
13727
13729
44554
13723
44556
43185
13725
44558
13722
13724
44560
13718
44562
43191
13720
44564
13717
13719
44566
13713
44568
43197
13715
44570
13712
13714
44572
13708
44574
43201
13710
44576
13707
13709
13706
13711
27614
27615
13716
27616
27617
44577
44573
13721
27618
27619
44571
44567
13726
27620
27621
44565
44561
13731
27622
27623
44559
44555
13736
27624
27625
44553
44549
13741
27626
27627
44547
44543
13746
27628
27629
44541
44537
13751
27630
27631
44535
44531
13756
27632
27633
44529
44525
13761
27634
27635
44523
44519
13766
27636
27637
44517
44513
13771
27638
27639
44511
44507
13776
27640
27641
44505
44501
13781
27642
27643
44499
44495
13786
27644
27645
13787
27613
13865
44578
43203
13867
13864
13866
13860
44580
43207
13862
13859
13861
44582
13855
44584
43213
13857
44586
13854
13856
44588
13850
44590
43219
13852
44592
13849
13851
44594
13845
44596
43225
13847
44598
13844
13846
44600
13840
44602
43231
13842
44604
13839
13841
44606
13835
44608
43237
13837
44610
13834
13836
44612
13830
44614
43243
13832
44616
13829
13831
44618
13825
13827
44620
13824
13826
44622
13820
13822
44624
13819
13821
44626
13815
13817
44628
13814
13816
44630
13810
13812
44632
13809
13811
44634
13805
13807
44636
13804
13806
44638
13800
13802
44640
13799
13801
44642
13795
13797
44644
13794
13796
44646
13790
13792
44648
13789
13791
13788
13793
27647
27648
13798
27649
27650
44649
44647
13803
27651
27652
44645
44643
13808
27653
27654
44641
44639
13813
27655
27656
44637
44635
13818
27657
27658
44633
44631
13823
27659
27660
44629
44627
13828
27661
27662
44625
44623
13833
27663
27664
44621
44619
13838
27665
27666
44617
44613
13843
27667
27668
44611
44607
13848
27669
27670
44605
44601
13853
27671
27672
44599
44595
13858
27673
27674
44593
44589
13863
27675
27676
44587
44583
13868
27677
27678
13869
27646
13947
13949
13946
13948
27214
13942
13944
13941
13943
27211
44650
13937
13939
44652
13936
13938
27208
44654
13932
13934
44656
13931
13933
27205
44658
13927
13929
44660
13926
13928
27202
44662
13922
13924
44664
13921
13923
27199
44666
13917
13919
44668
13916
13918
27196
44670
13912
43435
13914
44672
13911
13913
27193
44674
13907
43429
13909
44676
13906
13908
27190
44678
13902
43421
13904
44680
13901
13903
27187
44682
13897
43413
13899
44684
13896
13898
27184
44686
13892
43405
13894
44688
13891
13893
27181
44690
13887
43397
13889
44692
13886
13888
27178
44694
13882
43389
13884
44696
13881
13883
27175
44698
13877
43381
13879
44700
13876
13878
27172
44702
13872
43373
13874
44704
13871
13873
27169
13870
13875
27680
27681
13880
27682
27683
44705
44703
13885
27684
27685
44701
44699
13890
27686
27687
44697
44695
13895
27688
27689
44693
44691
13900
27690
27691
44689
44687
13905
27692
27693
44685
44683
13910
27694
27695
44681
44679
13915
27696
27697
44677
44675
13920
27698
27699
44673
44671
13925
27700
27701
44669
44667
13930
27702
27703
44665
44663
13935
27704
27705
44661
44659
13940
27706
27707
44657
44655
13945
27708
27709
44653
44651
13950
27710
27711
13951
27679
14061
43365
14063
14058
14059
14060
14062
14054
43357
14056
14051
14052
14053
14055
44706
14047
43349
14049
14044
14045
44708
14046
14048
44710
14040
43341
14042
44712
14037
14038
44714
14039
14041
44716
14033
44718
43343
14035
44720
14030
14031
44722
14032
14034
44724
14026
44726
43351
14028
44728
14023
14024
44730
14025
14027
44732
14019
44734
43359
14021
44736
14016
14017
44738
14018
14020
44740
14012
44742
43367
14014
44744
14009
14010
44746
14011
14013
44748
14005
44750
43375
14007
44752
14002
14003
44754
14004
14006
44756
13998
44758
43383
14000
44760
13995
13996
44762
13997
13999
44764
13991
44766
43391
13993
44768
13988
13989
44770
13990
13992
44772
13984
44774
43399
13986
44776
13981
13982
44778
13983
13985
44780
13977
44782
43407
13979
44784
13974
13975
44786
13976
13978
44788
13970
44790
43415
13972
44792
13967
13968
44794
13969
13971
44796
13963
44798
43423
13965
44800
13960
13961
44802
13962
13964
44804
13956
44806
43431
13958
44808
13953
13954
44810
13955
13957
13952
13959
27714
27715
13966
27717
27718
44811
44805
13973
27720
27721
44803
44797
13980
27723
27724
44795
44789
13987
27726
27727
44787
44781
13994
27729
27730
44779
44773
14001
27732
27733
44771
44765
14008
27735
27736
44763
44757
14015
27738
27739
44755
44749
14022
27741
27742
44747
44741
14029
27744
27745
44739
44733
14036
27747
27748
44731
44725
14043
27750
27751
44723
44717
14050
27753
27754
44715
44711
14057
27756
27757
44709
44707
14064
27759
27760
14065
27712
14143
44812
43437
14145
14142
14144
14138
44814
43441
14140
14137
14139
44816
14133
44818
43447
14135
44820
14132
14134
44822
14128
44824
43453
14130
44826
14127
14129
44828
14123
44830
43459
14125
44832
14122
14124
44834
14118
44836
43465
14120
44838
14117
14119
44840
14113
44842
43471
14115
44844
14112
14114
44846
14108
44848
43477
14110
44850
14107
14109
44852
14103
44854
43483
14105
44856
14102
14104
44858
14098
44860
43489
14100
44862
14097
14099
44864
14093
44866
43495
14095
44868
14092
14094
44870
14088
44872
43501
14090
44874
14087
14089
44876
14083
44878
43507
14085
44880
14082
14084
44882
14078
44884
43513
14080
44886
14077
14079
44888
14073
44890
43519
14075
44892
14072
14074
44894
14068
44896
43523
14070
44898
14067
14069
14066
14071
27762
27763
14076
27764
27765
44899
44895
14081
27766
27767
44893
44889
14086
27768
27769
44887
44883
14091
27770
27771
44881
44877
14096
27772
27773
44875
44871
14101
27774
27775
44869
44865
14106
27776
27777
44863
44859
14111
27778
27779
44857
44853
14116
27780
27781
44851
44847
14121
27782
27783
44845
44841
14126
27784
27785
44839
44835
14131
27786
27787
44833
44829
14136
27788
27789
44827
44823
14141
27790
27791
44821
44817
14146
27792
27793
14147
27761
14225
44900
43525
14227
14224
14226
14220
44902
43529
14222
14219
14221
44904
14215
44906
43535
14217
44908
14214
14216
44910
14210
44912
43541
14212
44914
14209
14211
44916
14205
44918
43547
14207
44920
14204
14206
44922
14200
44924
43553
14202
44926
14199
14201
44928
14195
44930
43559
14197
44932
14194
14196
44934
14190
44936
43565
14192
44938
14189
14191
44940
14185
44942
43571
14187
44944
14184
14186
44946
14180
44948
43577
14182
44950
14179
14181
44952
14175
44954
43583
14177
44956
14174
14176
44958
14170
44960
43589
14172
44962
14169
14171
44964
14165
44966
43595
14167
44968
14164
14166
44970
14160
44972
43601
14162
44974
14159
14161
44976
14155
44978
43607
14157
44980
14154
14156
44982
14150
44984
43611
14152
44986
14149
14151
14148
14153
27795
27796
14158
27797
27798
44987
44983
14163
27799
27800
44981
44977
14168
27801
27802
44975
44971
14173
27803
27804
44969
44965
14178
27805
27806
44963
44959
14183
27807
27808
44957
44953
14188
27809
27810
44951
44947
14193
27811
27812
44945
44941
14198
27813
27814
44939
44935
14203
27815
27816
44933
44929
14208
27817
27818
44927
44923
14213
27819
27820
44921
44917
14218
27821
27822
44915
44911
14223
27823
27824
44909
44905
14228
27825
27826
14229
27794
14307
44988
43613
14309
14306
14308
14302
44990
43617
14304
14301
14303
44992
14297
44994
43623
14299
44996
14296
14298
44998
14292
45000
43629
14294
45002
14291
14293
45004
14287
45006
43635
14289
45008
14286
14288
45010
14282
45012
43641
14284
45014
14281
14283
45016
14277
45018
43647
14279
45020
14276
14278
45022
14272
45024
43653
14274
45026
14271
14273
45028
14267
45030
43659
14269
45032
14266
14268
45034
14262
45036
43665
14264
45038
14261
14263
45040
14257
45042
43671
14259
45044
14256
14258
45046
14252
45048
43677
14254
45050
14251
14253
45052
14247
45054
43683
14249
45056
14246
14248
45058
14242
45060
43689
14244
45062
14241
14243
45064
14237
45066
43695
14239
45068
14236
14238
45070
14232
45072
43699
14234
45074
14231
14233
14230
14235
27828
27829
14240
27830
27831
45075
45071
14245
27832
27833
45069
45065
14250
27834
27835
45063
45059
14255
27836
27837
45057
45053
14260
27838
27839
45051
45047
14265
27840
27841
45045
45041
14270
27842
27843
45039
45035
14275
27844
27845
45033
45029
14280
27846
27847
45027
45023
14285
27848
27849
45021
45017
14290
27850
27851
45015
45011
14295
27852
27853
45009
45005
14300
27854
27855
45003
44999
14305
27856
27857
44997
44993
14310
27858
27859
14311
27827
14389
45076
43701
14391
14388
14390
14384
45078
43705
14386
14383
14385
45080
14379
45082
43711
14381
45084
14378
14380
45086
14374
45088
43717
14376
45090
14373
14375
45092
14369
45094
43723
14371
45096
14368
14370
45098
14364
45100
43729
14366
45102
14363
14365
45104
14359
45106
43735
14361
45108
14358
14360
45110
14354
45112
43741
14356
45114
14353
14355
45116
14349
45118
43747
14351
45120
14348
14350
45122
14344
45124
43753
14346
45126
14343
14345
45128
14339
45130
43759
14341
45132
14338
14340
45134
14334
45136
43765
14336
45138
14333
14335
45140
14329
45142
43771
14331
45144
14328
14330
45146
14324
45148
43777
14326
45150
14323
14325
45152
14319
45154
43783
14321
45156
14318
14320
45158
14314
45160
43787
14316
45162
14313
14315
14312
14317
27861
27862
14322
27863
27864
45163
45159
14327
27865
27866
45157
45153
14332
27867
27868
45151
45147
14337
27869
27870
45145
45141
14342
27871
27872
45139
45135
14347
27873
27874
45133
45129
14352
27875
27876
45127
45123
14357
27877
27878
45121
45117
14362
27879
27880
45115
45111
14367
27881
27882
45109
45105
14372
27883
27884
45103
45099
14377
27885
27886
45097
45093
14382
27887
27888
45091
45087
14387
27889
27890
45085
45081
14392
27891
27892
14393
27860
14471
45164
43789
14473
14470
14472
14466
45166
43793
14468
14465
14467
45168
14461
45170
43799
14463
45172
14460
14462
45174
14456
45176
43805
14458
45178
14455
14457
45180
14451
45182
43811
14453
45184
14450
14452
45186
14446
45188
43817
14448
45190
14445
14447
45192
14441
45194
43823
14443
45196
14440
14442
45198
14436
45200
43829
14438
45202
14435
14437
45204
14431
45206
43835
14433
45208
14430
14432
45210
14426
45212
43841
14428
45214
14425
14427
45216
14421
45218
43847
14423
45220
14420
14422
45222
14416
45224
43853
14418
45226
14415
14417
45228
14411
45230
43859
14413
45232
14410
14412
45234
14406
45236
43865
14408
45238
14405
14407
45240
14401
45242
43871
14403
45244
14400
14402
45246
14396
45248
43875
14398
45250
14395
14397
14394
14399
27894
27895
14404
27896
27897
45251
45247
14409
27898
27899
45245
45241
14414
27900
27901
45239
45235
14419
27902
27903
45233
45229
14424
27904
27905
45227
45223
14429
27906
27907
45221
45217
14434
27908
27909
45215
45211
14439
27910
27911
45209
45205
14444
27912
27913
45203
45199
14449
27914
27915
45197
45193
14454
27916
27917
45191
45187
14459
27918
27919
45185
45181
14464
27920
27921
45179
45175
14469
27922
27923
45173
45169
14474
27924
27925
14475
27893
14553
45252
43877
14555
14552
14554
14548
45254
43881
14550
14547
14549
45256
14543
45258
43887
14545
45260
14542
14544
45262
14538
45264
43893
14540
45266
14537
14539
45268
14533
45270
43899
14535
45272
14532
14534
45274
14528
45276
43905
14530
45278
14527
14529
45280
14523
45282
43911
14525
45284
14522
14524
45286
14518
45288
43917
14520
45290
14517
14519
45292
14513
45294
43923
14515
45296
14512
14514
45298
14508
45300
43929
14510
45302
14507
14509
45304
14503
45306
43935
14505
45308
14502
14504
45310
14498
45312
43941
14500
45314
14497
14499
45316
14493
45318
43947
14495
45320
14492
14494
45322
14488
45324
43953
14490
45326
14487
14489
45328
14483
45330
43959
14485
45332
14482
14484
45334
14478
45336
43963
14480
45338
14477
14479
14476
14481
27927
27928
14486
27929
27930
45339
45335
14491
27931
27932
45333
45329
14496
27933
27934
45327
45323
14501
27935
27936
45321
45317
14506
27937
27938
45315
45311
14511
27939
27940
45309
45305
14516
27941
27942
45303
45299
14521
27943
27944
45297
45293
14526
27945
27946
45291
45287
14531
27947
27948
45285
45281
14536
27949
27950
45279
45275
14541
27951
27952
45273
45269
14546
27953
27954
45267
45263
14551
27955
27956
45261
45257
14556
27957
27958
14557
27926
14635
45340
43965
14637
14634
14636
14630
45342
43969
14632
14629
14631
45344
14625
45346
43975
14627
45348
14624
14626
45350
14620
45352
43981
14622
45354
14619
14621
45356
14615
45358
43987
14617
45360
14614
14616
45362
14610
45364
43993
14612
45366
14609
14611
45368
14605
45370
43999
14607
45372
14604
14606
45374
14600
45376
44005
14602
45378
14599
14601
45380
14595
45382
44011
14597
45384
14594
14596
45386
14590
45388
44017
14592
45390
14589
14591
45392
14585
45394
44023
14587
45396
14584
14586
45398
14580
45400
44029
14582
45402
14579
14581
45404
14575
45406
44035
14577
45408
14574
14576
45410
14570
45412
44041
14572
45414
14569
14571
45416
14565
45418
44047
14567
45420
14564
14566
45422
14560
45424
44051
14562
45426
14559
14561
14558
14563
27960
27961
14568
27962
27963
45427
45423
14573
27964
27965
45421
45417
14578
27966
27967
45415
45411
14583
27968
27969
45409
45405
14588
27970
27971
45403
45399
14593
27972
27973
45397
45393
14598
27974
27975
45391
45387
14603
27976
27977
45385
45381
14608
27978
27979
45379
45375
14613
27980
27981
45373
45369
14618
27982
27983
45367
45363
14623
27984
27985
45361
45357
14628
27986
27987
45355
45351
14633
27988
27989
45349
45345
14638
27990
27991
14639
27959
14717
45428
44053
14719
14716
14718
14712
45430
44057
14714
14711
14713
45432
14707
45434
44063
14709
45436
14706
14708
45438
14702
45440
44069
14704
45442
14701
14703
45444
14697
45446
44075
14699
45448
14696
14698
45450
14692
45452
44081
14694
45454
14691
14693
45456
14687
45458
44087
14689
45460
14686
14688
45462
14682
45464
44093
14684
45466
14681
14683
45468
14677
45470
44099
14679
45472
14676
14678
45474
14672
45476
44105
14674
45478
14671
14673
45480
14667
45482
44111
14669
45484
14666
14668
45486
14662
45488
44117
14664
45490
14661
14663
45492
14657
45494
44123
14659
45496
14656
14658
45498
14652
45500
44129
14654
45502
14651
14653
45504
14647
45506
44135
14649
45508
14646
14648
45510
14642
45512
44139
14644
45514
14641
14643
14640
14645
27993
27994
14650
27995
27996
45515
45511
14655
27997
27998
45509
45505
14660
27999
28000
45503
45499
14665
28001
28002
45497
45493
14670
28003
28004
45491
45487
14675
28005
28006
45485
45481
14680
28007
28008
45479
45475
14685
28009
28010
45473
45469
14690
28011
28012
45467
45463
14695
28013
28014
45461
45457
14700
28015
28016
45455
45451
14705
28017
28018
45449
45445
14710
28019
28020
45443
45439
14715
28021
28022
45437
45433
14720
28023
28024
14721
27992
14799
45516
44141
14801
14798
14800
14794
45518
44145
14796
14793
14795
45520
14789
45522
44151
14791
45524
14788
14790
45526
14784
45528
44157
14786
45530
14783
14785
45532
14779
45534
44163
14781
45536
14778
14780
45538
14774
45540
44169
14776
45542
14773
14775
45544
14769
45546
44175
14771
45548
14768
14770
45550
14764
45552
44181
14766
45554
14763
14765
45556
14759
45558
44187
14761
45560
14758
14760
45562
14754
45564
44193
14756
45566
14753
14755
45568
14749
45570
44199
14751
45572
14748
14750
45574
14744
45576
44205
14746
45578
14743
14745
45580
14739
45582
44211
14741
45584
14738
14740
45586
14734
45588
44217
14736
45590
14733
14735
45592
14729
45594
44223
14731
45596
14728
14730
45598
14724
45600
44227
14726
45602
14723
14725
14722
14727
28026
28027
14732
28028
28029
45603
45599
14737
28030
28031
45597
45593
14742
28032
28033
45591
45587
14747
28034
28035
45585
45581
14752
28036
28037
45579
45575
14757
28038
28039
45573
45569
14762
28040
28041
45567
45563
14767
28042
28043
45561
45557
14772
28044
28045
45555
45551
14777
28046
28047
45549
45545
14782
28048
28049
45543
45539
14787
28050
28051
45537
45533
14792
28052
28053
45531
45527
14797
28054
28055
45525
45521
14802
28056
28057
14803
28025
14881
45604
44229
14883
14880
14882
14876
45606
44233
14878
14875
14877
45608
14871
45610
44239
14873
45612
14870
14872
45614
14866
45616
44245
14868
45618
14865
14867
45620
14861
45622
44251
14863
45624
14860
14862
45626
14856
45628
44257
14858
45630
14855
14857
45632
14851
45634
44263
14853
45636
14850
14852
45638
14846
45640
44269
14848
45642
14845
14847
45644
14841
45646
44275
14843
45648
14840
14842
45650
14836
45652
44281
14838
45654
14835
14837
45656
14831
45658
44287
14833
45660
14830
14832
45662
14826
45664
44293
14828
45666
14825
14827
45668
14821
45670
44299
14823
45672
14820
14822
45674
14816
45676
44305
14818
45678
14815
14817
45680
14811
45682
44311
14813
45684
14810
14812
45686
14806
45688
44315
14808
45690
14805
14807
14804
14809
28059
28060
14814
28061
28062
45691
45687
14819
28063
28064
45685
45681
14824
28065
28066
45679
45675
14829
28067
28068
45673
45669
14834
28069
28070
45667
45663
14839
28071
28072
45661
45657
14844
28073
28074
45655
45651
14849
28075
28076
45649
45645
14854
28077
28078
45643
45639
14859
28079
28080
45637
45633
14864
28081
28082
45631
45627
14869
28083
28084
45625
45621
14874
28085
28086
45619
45615
14879
28087
28088
45613
45609
14884
28089
28090
14885
28058
14963
45692
44317
14965
14962
14964
14958
45694
44321
14960
14957
14959
45696
14953
45698
44327
14955
45700
14952
14954
45702
14948
45704
44333
14950
45706
14947
14949
45708
14943
45710
44339
14945
45712
14942
14944
45714
14938
45716
44345
14940
45718
14937
14939
45720
14933
45722
44351
14935
45724
14932
14934
45726
14928
45728
44357
14930
45730
14927
14929
45732
14923
45734
44363
14925
45736
14922
14924
45738
14918
45740
44369
14920
45742
14917
14919
45744
14913
45746
44375
14915
45748
14912
14914
45750
14908
45752
44381
14910
45754
14907
14909
45756
14903
45758
44387
14905
45760
14902
14904
45762
14898
45764
44393
14900
45766
14897
14899
45768
14893
45770
44399
14895
45772
14892
14894
45774
14888
45776
44403
14890
45778
14887
14889
14886
14891
28092
28093
14896
28094
28095
45779
45775
14901
28096
28097
45773
45769
14906
28098
28099
45767
45763
14911
28100
28101
45761
45757
14916
28102
28103
45755
45751
14921
28104
28105
45749
45745
14926
28106
28107
45743
45739
14931
28108
28109
45737
45733
14936
28110
28111
45731
45727
14941
28112
28113
45725
45721
14946
28114
28115
45719
45715
14951
28116
28117
45713
45709
14956
28118
28119
45707
45703
14961
28120
28121
45701
45697
14966
28122
28123
14967
28091
15045
45780
44405
15047
15044
15046
15040
45782
44409
15042
15039
15041
45784
15035
45786
44415
15037
45788
15034
15036
45790
15030
45792
44421
15032
45794
15029
15031
45796
15025
45798
44427
15027
45800
15024
15026
45802
15020
45804
44433
15022
45806
15019
15021
45808
15015
45810
44439
15017
45812
15014
15016
45814
15010
45816
44445
15012
45818
15009
15011
45820
15005
45822
44451
15007
45824
15004
15006
45826
15000
45828
44457
15002
45830
14999
15001
45832
14995
45834
44463
14997
45836
14994
14996
45838
14990
45840
44469
14992
45842
14989
14991
45844
14985
45846
44475
14987
45848
14984
14986
45850
14980
45852
44481
14982
45854
14979
14981
45856
14975
45858
44487
14977
45860
14974
14976
45862
14970
45864
44491
14972
45866
14969
14971
14968
14973
28125
28126
14978
28127
28128
45867
45863
14983
28129
28130
45861
45857
14988
28131
28132
45855
45851
14993
28133
28134
45849
45845
14998
28135
28136
45843
45839
15003
28137
28138
45837
45833
15008
28139
28140
45831
45827
15013
28141
28142
45825
45821
15018
28143
28144
45819
45815
15023
28145
28146
45813
45809
15028
28147
28148
45807
45803
15033
28149
28150
45801
45797
15038
28151
28152
45795
45791
15043
28153
28154
45789
45785
15048
28155
28156
15049
28124
15127
45868
44493
15129
15126
15128
15122
45870
44497
15124
15121
15123
45872
15117
45874
44503
15119
45876
15116
15118
45878
15112
45880
44509
15114
45882
15111
15113
45884
15107
45886
44515
15109
45888
15106
15108
45890
15102
45892
44521
15104
45894
15101
15103
45896
15097
45898
44527
15099
45900
15096
15098
45902
15092
45904
44533
15094
45906
15091
15093
45908
15087
45910
44539
15089
45912
15086
15088
45914
15082
45916
44545
15084
45918
15081
15083
45920
15077
45922
44551
15079
45924
15076
15078
45926
15072
45928
44557
15074
45930
15071
15073
45932
15067
45934
44563
15069
45936
15066
15068
45938
15062
45940
44569
15064
45942
15061
15063
45944
15057
45946
44575
15059
45948
15056
15058
45950
15052
45952
44579
15054
45954
15051
15053
15050
15055
28158
28159
15060
28160
28161
45955
45951
15065
28162
28163
45949
45945
15070
28164
28165
45943
45939
15075
28166
28167
45937
45933
15080
28168
28169
45931
45927
15085
28170
28171
45925
45921
15090
28172
28173
45919
45915
15095
28174
28175
45913
45909
15100
28176
28177
45907
45903
15105
28178
28179
45901
45897
15110
28180
28181
45895
45891
15115
28182
28183
45889
45885
15120
28184
28185
45883
45879
15125
28186
28187
45877
45873
15130
28188
28189
15131
28157
15209
45956
44581
15211
15208
15210
15204
45958
44585
15206
15203
15205
45960
15199
45962
44591
15201
45964
15198
15200
45966
15194
45968
44597
15196
45970
15193
15195
45972
15189
45974
44603
15191
45976
15188
15190
45978
15184
45980
44609
15186
45982
15183
15185
45984
15179
45986
44615
15181
45988
15178
15180
45990
15174
15176
45992
15173
15175
45994
15169
15171
45996
15168
15170
45998
15164
15166
46000
15163
15165
46002
15159
15161
46004
15158
15160
46006
15154
15156
46008
15153
15155
46010
15149
15151
46012
15148
15150
46014
15144
15146
46016
15143
15145
46018
15139
15141
46020
15138
15140
46022
15134
15136
46024
15133
15135
15132
15137
28191
28192
15142
28193
28194
46025
46023
15147
28195
28196
46021
46019
15152
28197
28198
46017
46015
15157
28199
28200
46013
46011
15162
28201
28202
46009
46007
15167
28203
28204
46005
46003
15172
28205
28206
46001
45999
15177
28207
28208
45997
45995
15182
28209
28210
45993
45991
15187
28211
28212
45989
45985
15192
28213
28214
45983
45979
15197
28215
28216
45977
45973
15202
28217
28218
45971
45967
15207
28219
28220
45965
45961
15212
28221
28222
15213
28190
15291
15293
15290
15292
27758
15286
15288
15285
15287
27755
46026
15281
15283
46028
15280
15282
27752
46030
15276
15278
46032
15275
15277
27749
46034
15271
15273
46036
15270
15272
27746
46038
15266
15268
46040
15265
15267
27743
46042
15261
44813
15263
46044
15260
15262
27740
46046
15256
44807
15258
46048
15255
15257
27737
46050
15251
44799
15253
46052
15250
15252
27734
46054
15246
44791
15248
46056
15245
15247
27731
46058
15241
44783
15243
46060
15240
15242
27728
46062
15236
44775
15238
46064
15235
15237
27725
46066
15231
44767
15233
46068
15230
15232
27722
46070
15226
44759
15228
46072
15225
15227
27719
46074
15221
44751
15223
46076
15220
15222
27716
46078
15216
44743
15218
46080
15215
15217
27713
15214
15219
28224
28225
15224
28226
28227
46081
46079
15229
28228
28229
46077
46075
15234
28230
28231
46073
46071
15239
28232
28233
46069
46067
15244
28234
28235
46065
46063
15249
28236
28237
46061
46059
15254
28238
28239
46057
46055
15259
28240
28241
46053
46051
15264
28242
28243
46049
46047
15269
28244
28245
46045
46043
15274
28246
28247
46041
46039
15279
28248
28249
46037
46035
15284
28250
28251
46033
46031
15289
28252
28253
46029
46027
15294
28254
28255
15295
28223
15405
44735
15407
15402
15403
15404
15406
15398
44727
15400
15395
15396
15397
15399
46082
15391
44719
15393
15388
15389
46084
15390
15392
46086
15384
46088
44713
15386
46090
15381
15382
46092
15383
15385
46094
15377
46096
44721
15379
46098
15374
15375
46100
15376
15378
46102
15370
46104
44729
15372
46106
15367
15368
46108
15369
15371
46110
15363
46112
44737
15365
46114
15360
15361
46116
15362
15364
46118
15356
46120
44745
15358
46122
15353
15354
46124
15355
15357
46126
15349
46128
44753
15351
46130
15346
15347
46132
15348
15350
46134
15342
46136
44761
15344
46138
15339
15340
46140
15341
15343
46142
15335
46144
44769
15337
46146
15332
15333
46148
15334
15336
46150
15328
46152
44777
15330
46154
15325
15326
46156
15327
15329
46158
15321
46160
44785
15323
46162
15318
15319
46164
15320
15322
46166
15314
46168
44793
15316
46170
15311
15312
46172
15313
15315
46174
15307
46176
44801
15309
46178
15304
15305
46180
15306
15308
46182
15300
46184
44809
15302
46186
15297
15298
46188
15299
15301
15296
15303
28258
28259
15310
28261
28262
46189
46183
15317
28264
28265
46181
46175
15324
28267
28268
46173
46167
15331
28270
28271
46165
46159
15338
28273
28274
46157
46151
15345
28276
28277
46149
46143
15352
28279
28280
46141
46135
15359
28282
28283
46133
46127
15366
28285
28286
46125
46119
15373
28288
28289
46117
46111
15380
28291
28292
46109
46103
15387
28294
28295
46101
46095
15394
28297
28298
46093
46087
15401
28300
28301
46085
46083
15408
28303
28304
15409
28256
15487
46190
44815
15489
15486
15488
15482
46192
44819
15484
15481
15483
46194
15477
46196
44825
15479
46198
15476
15478
46200
15472
46202
44831
15474
46204
15471
15473
46206
15467
46208
44837
15469
46210
15466
15468
46212
15462
46214
44843
15464
46216
15461
15463
46218
15457
46220
44849
15459
46222
15456
15458
46224
15452
46226
44855
15454
46228
15451
15453
46230
15447
46232
44861
15449
46234
15446
15448
46236
15442
46238
44867
15444
46240
15441
15443
46242
15437
46244
44873
15439
46246
15436
15438
46248
15432
46250
44879
15434
46252
15431
15433
46254
15427
46256
44885
15429
46258
15426
15428
46260
15422
46262
44891
15424
46264
15421
15423
46266
15417
46268
44897
15419
46270
15416
15418
46272
15412
46274
44901
15414
46276
15411
15413
15410
15415
28306
28307
15420
28308
28309
46277
46273
15425
28310
28311
46271
46267
15430
28312
28313
46265
46261
15435
28314
28315
46259
46255
15440
28316
28317
46253
46249
15445
28318
28319
46247
46243
15450
28320
28321
46241
46237
15455
28322
28323
46235
46231
15460
28324
28325
46229
46225
15465
28326
28327
46223
46219
15470
28328
28329
46217
46213
15475
28330
28331
46211
46207
15480
28332
28333
46205
46201
15485
28334
28335
46199
46195
15490
28336
28337
15491
28305
15569
46278
44903
15571
15568
15570
15564
46280
44907
15566
15563
15565
46282
15559
46284
44913
15561
46286
15558
15560
46288
15554
46290
44919
15556
46292
15553
15555
46294
15549
46296
44925
15551
46298
15548
15550
46300
15544
46302
44931
15546
46304
15543
15545
46306
15539
46308
44937
15541
46310
15538
15540
46312
15534
46314
44943
15536
46316
15533
15535
46318
15529
46320
44949
15531
46322
15528
15530
46324
15524
46326
44955
15526
46328
15523
15525
46330
15519
46332
44961
15521
46334
15518
15520
46336
15514
46338
44967
15516
46340
15513
15515
46342
15509
46344
44973
15511
46346
15508
15510
46348
15504
46350
44979
15506
46352
15503
15505
46354
15499
46356
44985
15501
46358
15498
15500
46360
15494
46362
44989
15496
46364
15493
15495
15492
15497
28339
28340
15502
28341
28342
46365
46361
15507
28343
28344
46359
46355
15512
28345
28346
46353
46349
15517
28347
28348
46347
46343
15522
28349
28350
46341
46337
15527
28351
28352
46335
46331
15532
28353
28354
46329
46325
15537
28355
28356
46323
46319
15542
28357
28358
46317
46313
15547
28359
28360
46311
46307
15552
28361
28362
46305
46301
15557
28363
28364
46299
46295
15562
28365
28366
46293
46289
15567
28367
28368
46287
46283
15572
28369
28370
15573
28338
15651
46366
44991
15653
15650
15652
15646
46368
44995
15648
15645
15647
46370
15641
46372
45001
15643
46374
15640
15642
46376
15636
46378
45007
15638
46380
15635
15637
46382
15631
46384
45013
15633
46386
15630
15632
46388
15626
46390
45019
15628
46392
15625
15627
46394
15621
46396
45025
15623
46398
15620
15622
46400
15616
46402
45031
15618
46404
15615
15617
46406
15611
46408
45037
15613
46410
15610
15612
46412
15606
46414
45043
15608
46416
15605
15607
46418
15601
46420
45049
15603
46422
15600
15602
46424
15596
46426
45055
15598
46428
15595
15597
46430
15591
46432
45061
15593
46434
15590
15592
46436
15586
46438
45067
15588
46440
15585
15587
46442
15581
46444
45073
15583
46446
15580
15582
46448
15576
46450
45077
15578
46452
15575
15577
15574
15579
28372
28373
15584
28374
28375
46453
46449
15589
28376
28377
46447
46443
15594
28378
28379
46441
46437
15599
28380
28381
46435
46431
15604
28382
28383
46429
46425
15609
28384
28385
46423
46419
15614
28386
28387
46417
46413
15619
28388
28389
46411
46407
15624
28390
28391
46405
46401
15629
28392
28393
46399
46395
15634
28394
28395
46393
46389
15639
28396
28397
46387
46383
15644
28398
28399
46381
46377
15649
28400
28401
46375
46371
15654
28402
28403
15655
28371
15733
46454
45079
15735
15732
15734
15728
46456
45083
15730
15727
15729
46458
15723
46460
45089
15725
46462
15722
15724
46464
15718
46466
45095
15720
46468
15717
15719
46470
15713
46472
45101
15715
46474
15712
15714
46476
15708
46478
45107
15710
46480
15707
15709
46482
15703
46484
45113
15705
46486
15702
15704
46488
15698
46490
45119
15700
46492
15697
15699
46494
15693
46496
45125
15695
46498
15692
15694
46500
15688
46502
45131
15690
46504
15687
15689
46506
15683
46508
45137
15685
46510
15682
15684
46512
15678
46514
45143
15680
46516
15677
15679
46518
15673
46520
45149
15675
46522
15672
15674
46524
15668
46526
45155
15670
46528
15667
15669
46530
15663
46532
45161
15665
46534
15662
15664
46536
15658
46538
45165
15660
46540
15657
15659
15656
15661
28405
28406
15666
28407
28408
46541
46537
15671
28409
28410
46535
46531
15676
28411
28412
46529
46525
15681
28413
28414
46523
46519
15686
28415
28416
46517
46513
15691
28417
28418
46511
46507
15696
28419
28420
46505
46501
15701
28421
28422
46499
46495
15706
28423
28424
46493
46489
15711
28425
28426
46487
46483
15716
28427
28428
46481
46477
15721
28429
28430
46475
46471
15726
28431
28432
46469
46465
15731
28433
28434
46463
46459
15736
28435
28436
15737
28404
15815
46542
45167
15817
15814
15816
15810
46544
45171
15812
15809
15811
46546
15805
46548
45177
15807
46550
15804
15806
46552
15800
46554
45183
15802
46556
15799
15801
46558
15795
46560
45189
15797
46562
15794
15796
46564
15790
46566
45195
15792
46568
15789
15791
46570
15785
46572
45201
15787
46574
15784
15786
46576
15780
46578
45207
15782
46580
15779
15781
46582
15775
46584
45213
15777
46586
15774
15776
46588
15770
46590
45219
15772
46592
15769
15771
46594
15765
46596
45225
15767
46598
15764
15766
46600
15760
46602
45231
15762
46604
15759
15761
46606
15755
46608
45237
15757
46610
15754
15756
46612
15750
46614
45243
15752
46616
15749
15751
46618
15745
46620
45249
15747
46622
15744
15746
46624
15740
46626
45253
15742
46628
15739
15741
15738
15743
28438
28439
15748
28440
28441
46629
46625
15753
28442
28443
46623
46619
15758
28444
28445
46617
46613
15763
28446
28447
46611
46607
15768
28448
28449
46605
46601
15773
28450
28451
46599
46595
15778
28452
28453
46593
46589
15783
28454
28455
46587
46583
15788
28456
28457
46581
46577
15793
28458
28459
46575
46571
15798
28460
28461
46569
46565
15803
28462
28463
46563
46559
15808
28464
28465
46557
46553
15813
28466
28467
46551
46547
15818
28468
28469
15819
28437
15897
46630
45255
15899
15896
15898
15892
46632
45259
15894
15891
15893
46634
15887
46636
45265
15889
46638
15886
15888
46640
15882
46642
45271
15884
46644
15881
15883
46646
15877
46648
45277
15879
46650
15876
15878
46652
15872
46654
45283
15874
46656
15871
15873
46658
15867
46660
45289
15869
46662
15866
15868
46664
15862
46666
45295
15864
46668
15861
15863
46670
15857
46672
45301
15859
46674
15856
15858
46676
15852
46678
45307
15854
46680
15851
15853
46682
15847
46684
45313
15849
46686
15846
15848
46688
15842
46690
45319
15844
46692
15841
15843
46694
15837
46696
45325
15839
46698
15836
15838
46700
15832
46702
45331
15834
46704
15831
15833
46706
15827
46708
45337
15829
46710
15826
15828
46712
15822
46714
45341
15824
46716
15821
15823
15820
15825
28471
28472
15830
28473
28474
46717
46713
15835
28475
28476
46711
46707
15840
28477
28478
46705
46701
15845
28479
28480
46699
46695
15850
28481
28482
46693
46689
15855
28483
28484
46687
46683
15860
28485
28486
46681
46677
15865
28487
28488
46675
46671
15870
28489
28490
46669
46665
15875
28491
28492
46663
46659
15880
28493
28494
46657
46653
15885
28495
28496
46651
46647
15890
28497
28498
46645
46641
15895
28499
28500
46639
46635
15900
28501
28502
15901
28470
15979
46718
45343
15981
15978
15980
15974
46720
45347
15976
15973
15975
46722
15969
46724
45353
15971
46726
15968
15970
46728
15964
46730
45359
15966
46732
15963
15965
46734
15959
46736
45365
15961
46738
15958
15960
46740
15954
46742
45371
15956
46744
15953
15955
46746
15949
46748
45377
15951
46750
15948
15950
46752
15944
46754
45383
15946
46756
15943
15945
46758
15939
46760
45389
15941
46762
15938
15940
46764
15934
46766
45395
15936
46768
15933
15935
46770
15929
46772
45401
15931
46774
15928
15930
46776
15924
46778
45407
15926
46780
15923
15925
46782
15919
46784
45413
15921
46786
15918
15920
46788
15914
46790
45419
15916
46792
15913
15915
46794
15909
46796
45425
15911
46798
15908
15910
46800
15904
46802
45429
15906
46804
15903
15905
15902
15907
28504
28505
15912
28506
28507
46805
46801
15917
28508
28509
46799
46795
15922
28510
28511
46793
46789
15927
28512
28513
46787
46783
15932
28514
28515
46781
46777
15937
28516
28517
46775
46771
15942
28518
28519
46769
46765
15947
28520
28521
46763
46759
15952
28522
28523
46757
46753
15957
28524
28525
46751
46747
15962
28526
28527
46745
46741
15967
28528
28529
46739
46735
15972
28530
28531
46733
46729
15977
28532
28533
46727
46723
15982
28534
28535
15983
28503
16061
46806
45431
16063
16060
16062
16056
46808
45435
16058
16055
16057
46810
16051
46812
45441
16053
46814
16050
16052
46816
16046
46818
45447
16048
46820
16045
16047
46822
16041
46824
45453
16043
46826
16040
16042
46828
16036
46830
45459
16038
46832
16035
16037
46834
16031
46836
45465
16033
46838
16030
16032
46840
16026
46842
45471
16028
46844
16025
16027
46846
16021
46848
45477
16023
46850
16020
16022
46852
16016
46854
45483
16018
46856
16015
16017
46858
16011
46860
45489
16013
46862
16010
16012
46864
16006
46866
45495
16008
46868
16005
16007
46870
16001
46872
45501
16003
46874
16000
16002
46876
15996
46878
45507
15998
46880
15995
15997
46882
15991
46884
45513
15993
46886
15990
15992
46888
15986
46890
45517
15988
46892
15985
15987
15984
15989
28537
28538
15994
28539
28540
46893
46889
15999
28541
28542
46887
46883
16004
28543
28544
46881
46877
16009
28545
28546
46875
46871
16014
28547
28548
46869
46865
16019
28549
28550
46863
46859
16024
28551
28552
46857
46853
16029
28553
28554
46851
46847
16034
28555
28556
46845
46841
16039
28557
28558
46839
46835
16044
28559
28560
46833
46829
16049
28561
28562
46827
46823
16054
28563
28564
46821
46817
16059
28565
28566
46815
46811
16064
28567
28568
16065
28536
16143
46894
45519
16145
16142
16144
16138
46896
45523
16140
16137
16139
46898
16133
46900
45529
16135
46902
16132
16134
46904
16128
46906
45535
16130
46908
16127
16129
46910
16123
46912
45541
16125
46914
16122
16124
46916
16118
46918
45547
16120
46920
16117
16119
46922
16113
46924
45553
16115
46926
16112
16114
46928
16108
46930
45559
16110
46932
16107
16109
46934
16103
46936
45565
16105
46938
16102
16104
46940
16098
46942
45571
16100
46944
16097
16099
46946
16093
46948
45577
16095
46950
16092
16094
46952
16088
46954
45583
16090
46956
16087
16089
46958
16083
46960
45589
16085
46962
16082
16084
46964
16078
46966
45595
16080
46968
16077
16079
46970
16073
46972
45601
16075
46974
16072
16074
46976
16068
46978
45605
16070
46980
16067
16069
16066
16071
28570
28571
16076
28572
28573
46981
46977
16081
28574
28575
46975
46971
16086
28576
28577
46969
46965
16091
28578
28579
46963
46959
16096
28580
28581
46957
46953
16101
28582
28583
46951
46947
16106
28584
28585
46945
46941
16111
28586
28587
46939
46935
16116
28588
28589
46933
46929
16121
28590
28591
46927
46923
16126
28592
28593
46921
46917
16131
28594
28595
46915
46911
16136
28596
28597
46909
46905
16141
28598
28599
46903
46899
16146
28600
28601
16147
28569
16225
46982
45607
16227
16224
16226
16220
46984
45611
16222
16219
16221
46986
16215
46988
45617
16217
46990
16214
16216
46992
16210
46994
45623
16212
46996
16209
16211
46998
16205
47000
45629
16207
47002
16204
16206
47004
16200
47006
45635
16202
47008
16199
16201
47010
16195
47012
45641
16197
47014
16194
16196
47016
16190
47018
45647
16192
47020
16189
16191
47022
16185
47024
45653
16187
47026
16184
16186
47028
16180
47030
45659
16182
47032
16179
16181
47034
16175
47036
45665
16177
47038
16174
16176
47040
16170
47042
45671
16172
47044
16169
16171
47046
16165
47048
45677
16167
47050
16164
16166
47052
16160
47054
45683
16162
47056
16159
16161
47058
16155
47060
45689
16157
47062
16154
16156
47064
16150
47066
45693
16152
47068
16149
16151
16148
16153
28603
28604
16158
28605
28606
47069
47065
16163
28607
28608
47063
47059
16168
28609
28610
47057
47053
16173
28611
28612
47051
47047
16178
28613
28614
47045
47041
16183
28615
28616
47039
47035
16188
28617
28618
47033
47029
16193
28619
28620
47027
47023
16198
28621
28622
47021
47017
16203
28623
28624
47015
47011
16208
28625
28626
47009
47005
16213
28627
28628
47003
46999
16218
28629
28630
46997
46993
16223
28631
28632
46991
46987
16228
28633
28634
16229
28602
16307
47070
45695
16309
16306
16308
16302
47072
45699
16304
16301
16303
47074
16297
47076
45705
16299
47078
16296
16298
47080
16292
47082
45711
16294
47084
16291
16293
47086
16287
47088
45717
16289
47090
16286
16288
47092
16282
47094
45723
16284
47096
16281
16283
47098
16277
47100
45729
16279
47102
16276
16278
47104
16272
47106
45735
16274
47108
16271
16273
47110
16267
47112
45741
16269
47114
16266
16268
47116
16262
47118
45747
16264
47120
16261
16263
47122
16257
47124
45753
16259
47126
16256
16258
47128
16252
47130
45759
16254
47132
16251
16253
47134
16247
47136
45765
16249
47138
16246
16248
47140
16242
47142
45771
16244
47144
16241
16243
47146
16237
47148
45777
16239
47150
16236
16238
47152
16232
47154
45781
16234
47156
16231
16233
16230
16235
28636
28637
16240
28638
28639
47157
47153
16245
28640
28641
47151
47147
16250
28642
28643
47145
47141
16255
28644
28645
47139
47135
16260
28646
28647
47133
47129
16265
28648
28649
47127
47123
16270
28650
28651
47121
47117
16275
28652
28653
47115
47111
16280
28654
28655
47109
47105
16285
28656
28657
47103
47099
16290
28658
28659
47097
47093
16295
28660
28661
47091
47087
16300
28662
28663
47085
47081
16305
28664
28665
47079
47075
16310
28666
28667
16311
28635
16389
47158
45783
16391
16388
16390
16384
47160
45787
16386
16383
16385
47162
16379
47164
45793
16381
47166
16378
16380
47168
16374
47170
45799
16376
47172
16373
16375
47174
16369
47176
45805
16371
47178
16368
16370
47180
16364
47182
45811
16366
47184
16363
16365
47186
16359
47188
45817
16361
47190
16358
16360
47192
16354
47194
45823
16356
47196
16353
16355
47198
16349
47200
45829
16351
47202
16348
16350
47204
16344
47206
45835
16346
47208
16343
16345
47210
16339
47212
45841
16341
47214
16338
16340
47216
16334
47218
45847
16336
47220
16333
16335
47222
16329
47224
45853
16331
47226
16328
16330
47228
16324
47230
45859
16326
47232
16323
16325
47234
16319
47236
45865
16321
47238
16318
16320
47240
16314
47242
45869
16316
47244
16313
16315
16312
16317
28669
28670
16322
28671
28672
47245
47241
16327
28673
28674
47239
47235
16332
28675
28676
47233
47229
16337
28677
28678
47227
47223
16342
28679
28680
47221
47217
16347
28681
28682
47215
47211
16352
28683
28684
47209
47205
16357
28685
28686
47203
47199
16362
28687
28688
47197
47193
16367
28689
28690
47191
47187
16372
28691
28692
47185
47181
16377
28693
28694
47179
47175
16382
28695
28696
47173
47169
16387
28697
28698
47167
47163
16392
28699
28700
16393
28668
16471
47246
45871
16473
16470
16472
16466
47248
45875
16468
16465
16467
47250
16461
47252
45881
16463
47254
16460
16462
47256
16456
47258
45887
16458
47260
16455
16457
47262
16451
47264
45893
16453
47266
16450
16452
47268
16446
47270
45899
16448
47272
16445
16447
47274
16441
47276
45905
16443
47278
16440
16442
47280
16436
47282
45911
16438
47284
16435
16437
47286
16431
47288
45917
16433
47290
16430
16432
47292
16426
47294
45923
16428
47296
16425
16427
47298
16421
47300
45929
16423
47302
16420
16422
47304
16416
47306
45935
16418
47308
16415
16417
47310
16411
47312
45941
16413
47314
16410
16412
47316
16406
47318
45947
16408
47320
16405
16407
47322
16401
47324
45953
16403
47326
16400
16402
47328
16396
47330
45957
16398
47332
16395
16397
16394
16399
28702
28703
16404
28704
28705
47333
47329
16409
28706
28707
47327
47323
16414
28708
28709
47321
47317
16419
28710
28711
47315
47311
16424
28712
28713
47309
47305
16429
28714
28715
47303
47299
16434
28716
28717
47297
47293
16439
28718
28719
47291
47287
16444
28720
28721
47285
47281
16449
28722
28723
47279
47275
16454
28724
28725
47273
47269
16459
28726
28727
47267
47263
16464
28728
28729
47261
47257
16469
28730
28731
47255
47251
16474
28732
28733
16475
28701
16553
47334
45959
16555
16552
16554
16548
47336
45963
16550
16547
16549
47338
16543
47340
45969
16545
47342
16542
16544
47344
16538
47346
45975
16540
47348
16537
16539
47350
16533
47352
45981
16535
47354
16532
16534
47356
16528
47358
45987
16530
47360
16527
16529
47362
16523
16525
47364
16522
16524
47366
16518
16520
47368
16517
16519
47370
16513
16515
47372
16512
16514
47374
16508
16510
47376
16507
16509
47378
16503
16505
47380
16502
16504
47382
16498
16500
47384
16497
16499
47386
16493
16495
47388
16492
16494
47390
16488
16490
47392
16487
16489
47394
16483
16485
47396
16482
16484
47398
16478
16480
47400
16477
16479
16476
16481
28735
28736
16486
28737
28738
47401
47399
16491
28739
28740
47397
47395
16496
28741
28742
47393
47391
16501
28743
28744
47389
47387
16506
28745
28746
47385
47383
16511
28747
28748
47381
47379
16516
28749
28750
47377
47375
16521
28751
28752
47373
47371
16526
28753
28754
47369
47367
16531
28755
28756
47365
47363
16536
28757
28758
47361
47357
16541
28759
28760
47355
47351
16546
28761
28762
47349
47345
16551
28763
28764
47343
47339
16556
28765
28766
16557
28734
16635
16637
16634
16636
28302
16630
16632
16629
16631
28299
47402
16625
16627
47404
16624
16626
28296
47406
16620
16622
47408
16619
16621
28293
47410
16615
16617
47412
16614
16616
28290
47414
16610
46191
16612
47416
16609
16611
28287
47418
16605
46185
16607
47420
16604
16606
28284
47422
16600
46177
16602
47424
16599
16601
28281
47426
16595
46169
16597
47428
16594
16596
28278
47430
16590
46161
16592
47432
16589
16591
28275
47434
16585
46153
16587
47436
16584
16586
28272
47438
16580
46145
16582
47440
16579
16581
28269
47442
16575
46137
16577
47444
16574
16576
28266
47446
16570
46129
16572
47448
16569
16571
28263
47450
16565
46121
16567
47452
16564
16566
28260
47454
16560
46113
16562
47456
16559
16561
28257
16558
16563
28768
28769
16568
28770
28771
47457
47455
16573
28772
28773
47453
47451
16578
28774
28775
47449
47447
16583
28776
28777
47445
47443
16588
28778
28779
47441
47439
16593
28780
28781
47437
47435
16598
28782
28783
47433
47431
16603
28784
28785
47429
47427
16608
28786
28787
47425
47423
16613
28788
28789
47421
47419
16618
28790
28791
47417
47415
16623
28792
28793
47413
47411
16628
28794
28795
47409
47407
16633
28796
28797
47405
47403
16638
28798
28799
16639
28767
16749
46105
16751
16746
16747
16748
16750
16742
46097
16744
16739
16740
16741
16743
47458
16735
46089
16737
47460
16732
16733
47462
16734
16736
47464
16728
47466
46091
16730
47468
16725
16726
47470
16727
16729
47472
16721
47474
46099
16723
47476
16718
16719
47478
16720
16722
47480
16714
47482
46107
16716
47484
16711
16712
47486
16713
16715
47488
16707
47490
46115
16709
47492
16704
16705
47494
16706
16708
47496
16700
47498
46123
16702
47500
16697
16698
47502
16699
16701
47504
16693
47506
46131
16695
47508
16690
16691
47510
16692
16694
47512
16686
47514
46139
16688
47516
16683
16684
47518
16685
16687
47520
16679
47522
46147
16681
47524
16676
16677
47526
16678
16680
47528
16672
47530
46155
16674
47532
16669
16670
47534
16671
16673
47536
16665
47538
46163
16667
47540
16662
16663
47542
16664
16666
47544
16658
47546
46171
16660
47548
16655
16656
47550
16657
16659
47552
16651
47554
46179
16653
47556
16648
16649
47558
16650
16652
47560
16644
47562
46187
16646
47564
16641
16642
47566
16643
16645
16640
16647
28802
28803
16654
28805
28806
47567
47561
16661
28808
28809
47559
47553
16668
28811
28812
47551
47545
16675
28814
28815
47543
47537
16682
28817
28818
47535
47529
16689
28820
28821
47527
47521
16696
28823
28824
47519
47513
16703
28826
28827
47511
47505
16710
28829
28830
47503
47497
16717
28832
28833
47495
47489
16724
28835
28836
47487
47481
16731
28838
28839
47479
47473
16738
28841
28842
47471
47465
16745
28844
28845
47463
47459
16752
28847
28848
16753
28800
16831
47568
46193
16833
16830
16832
16826
47570
46197
16828
16825
16827
47572
16821
47574
46203
16823
47576
16820
16822
47578
16816
47580
46209
16818
47582
16815
16817
47584
16811
47586
46215
16813
47588
16810
16812
47590
16806
47592
46221
16808
47594
16805
16807
47596
16801
47598
46227
16803
47600
16800
16802
47602
16796
47604
46233
16798
47606
16795
16797
47608
16791
47610
46239
16793
47612
16790
16792
47614
16786
47616
46245
16788
47618
16785
16787
47620
16781
47622
46251
16783
47624
16780
16782
47626
16776
47628
46257
16778
47630
16775
16777
47632
16771
47634
46263
16773
47636
16770
16772
47638
16766
47640
46269
16768
47642
16765
16767
47644
16761
47646
46275
16763
47648
16760
16762
47650
16756
47652
46279
16758
47654
16755
16757
16754
16759
28850
28851
16764
28852
28853
47655
47651
16769
28854
28855
47649
47645
16774
28856
28857
47643
47639
16779
28858
28859
47637
47633
16784
28860
28861
47631
47627
16789
28862
28863
47625
47621
16794
28864
28865
47619
47615
16799
28866
28867
47613
47609
16804
28868
28869
47607
47603
16809
28870
28871
47601
47597
16814
28872
28873
47595
47591
16819
28874
28875
47589
47585
16824
28876
28877
47583
47579
16829
28878
28879
47577
47573
16834
28880
28881
16835
28849
16913
47656
46281
16915
16912
16914
16908
47658
46285
16910
16907
16909
47660
16903
47662
46291
16905
47664
16902
16904
47666
16898
47668
46297
16900
47670
16897
16899
47672
16893
47674
46303
16895
47676
16892
16894
47678
16888
47680
46309
16890
47682
16887
16889
47684
16883
47686
46315
16885
47688
16882
16884
47690
16878
47692
46321
16880
47694
16877
16879
47696
16873
47698
46327
16875
47700
16872
16874
47702
16868
47704
46333
16870
47706
16867
16869
47708
16863
47710
46339
16865
47712
16862
16864
47714
16858
47716
46345
16860
47718
16857
16859
47720
16853
47722
46351
16855
47724
16852
16854
47726
16848
47728
46357
16850
47730
16847
16849
47732
16843
47734
46363
16845
47736
16842
16844
47738
16838
47740
46367
16840
47742
16837
16839
16836
16841
28883
28884
16846
28885
28886
47743
47739
16851
28887
28888
47737
47733
16856
28889
28890
47731
47727
16861
28891
28892
47725
47721
16866
28893
28894
47719
47715
16871
28895
28896
47713
47709
16876
28897
28898
47707
47703
16881
28899
28900
47701
47697
16886
28901
28902
47695
47691
16891
28903
28904
47689
47685
16896
28905
28906
47683
47679
16901
28907
28908
47677
47673
16906
28909
28910
47671
47667
16911
28911
28912
47665
47661
16916
28913
28914
16917
28882
16995
47744
46369
16997
16994
16996
16990
47746
46373
16992
16989
16991
47748
16985
47750
46379
16987
47752
16984
16986
47754
16980
47756
46385
16982
47758
16979
16981
47760
16975
47762
46391
16977
47764
16974
16976
47766
16970
47768
46397
16972
47770
16969
16971
47772
16965
47774
46403
16967
47776
16964
16966
47778
16960
47780
46409
16962
47782
16959
16961
47784
16955
47786
46415
16957
47788
16954
16956
47790
16950
47792
46421
16952
47794
16949
16951
47796
16945
47798
46427
16947
47800
16944
16946
47802
16940
47804
46433
16942
47806
16939
16941
47808
16935
47810
46439
16937
47812
16934
16936
47814
16930
47816
46445
16932
47818
16929
16931
47820
16925
47822
46451
16927
47824
16924
16926
47826
16920
47828
46455
16922
47830
16919
16921
16918
16923
28916
28917
16928
28918
28919
47831
47827
16933
28920
28921
47825
47821
16938
28922
28923
47819
47815
16943
28924
28925
47813
47809
16948
28926
28927
47807
47803
16953
28928
28929
47801
47797
16958
28930
28931
47795
47791
16963
28932
28933
47789
47785
16968
28934
28935
47783
47779
16973
28936
28937
47777
47773
16978
28938
28939
47771
47767
16983
28940
28941
47765
47761
16988
28942
28943
47759
47755
16993
28944
28945
47753
47749
16998
28946
28947
16999
28915
17077
47832
46457
17079
17076
17078
17072
47834
46461
17074
17071
17073
47836
17067
47838
46467
17069
47840
17066
17068
47842
17062
47844
46473
17064
47846
17061
17063
47848
17057
47850
46479
17059
47852
17056
17058
47854
17052
47856
46485
17054
47858
17051
17053
47860
17047
47862
46491
17049
47864
17046
17048
47866
17042
47868
46497
17044
47870
17041
17043
47872
17037
47874
46503
17039
47876
17036
17038
47878
17032
47880
46509
17034
47882
17031
17033
47884
17027
47886
46515
17029
47888
17026
17028
47890
17022
47892
46521
17024
47894
17021
17023
47896
17017
47898
46527
17019
47900
17016
17018
47902
17012
47904
46533
17014
47906
17011
17013
47908
17007
47910
46539
17009
47912
17006
17008
47914
17002
47916
46543
17004
47918
17001
17003
17000
17005
28949
28950
17010
28951
28952
47919
47915
17015
28953
28954
47913
47909
17020
28955
28956
47907
47903
17025
28957
28958
47901
47897
17030
28959
28960
47895
47891
17035
28961
28962
47889
47885
17040
28963
28964
47883
47879
17045
28965
28966
47877
47873
17050
28967
28968
47871
47867
17055
28969
28970
47865
47861
17060
28971
28972
47859
47855
17065
28973
28974
47853
47849
17070
28975
28976
47847
47843
17075
28977
28978
47841
47837
17080
28979
28980
17081
28948
17159
47920
46545
17161
17158
17160
17154
47922
46549
17156
17153
17155
47924
17149
47926
46555
17151
47928
17148
17150
47930
17144
47932
46561
17146
47934
17143
17145
47936
17139
47938
46567
17141
47940
17138
17140
47942
17134
47944
46573
17136
47946
17133
17135
47948
17129
47950
46579
17131
47952
17128
17130
47954
17124
47956
46585
17126
47958
17123
17125
47960
17119
47962
46591
17121
47964
17118
17120
47966
17114
47968
46597
17116
47970
17113
17115
47972
17109
47974
46603
17111
47976
17108
17110
47978
17104
47980
46609
17106
47982
17103
17105
47984
17099
47986
46615
17101
47988
17098
17100
47990
17094
47992
46621
17096
47994
17093
17095
47996
17089
47998
46627
17091
48000
17088
17090
48002
17084
48004
46631
17086
48006
17083
17085
17082
17087
28982
28983
17092
28984
28985
48007
48003
17097
28986
28987
48001
47997
17102
28988
28989
47995
47991
17107
28990
28991
47989
47985
17112
28992
28993
47983
47979
17117
28994
28995
47977
47973
17122
28996
28997
47971
47967
17127
28998
28999
47965
47961
17132
29000
29001
47959
47955
17137
29002
29003
47953
47949
17142
29004
29005
47947
47943
17147
29006
29007
47941
47937
17152
29008
29009
47935
47931
17157
29010
29011
47929
47925
17162
29012
29013
17163
28981
17241
48008
46633
17243
17240
17242
17236
48010
46637
17238
17235
17237
48012
17231
48014
46643
17233
48016
17230
17232
48018
17226
48020
46649
17228
48022
17225
17227
48024
17221
48026
46655
17223
48028
17220
17222
48030
17216
48032
46661
17218
48034
17215
17217
48036
17211
48038
46667
17213
48040
17210
17212
48042
17206
48044
46673
17208
48046
17205
17207
48048
17201
48050
46679
17203
48052
17200
17202
48054
17196
48056
46685
17198
48058
17195
17197
48060
17191
48062
46691
17193
48064
17190
17192
48066
17186
48068
46697
17188
48070
17185
17187
48072
17181
48074
46703
17183
48076
17180
17182
48078
17176
48080
46709
17178
48082
17175
17177
48084
17171
48086
46715
17173
48088
17170
17172
48090
17166
48092
46719
17168
48094
17165
17167
17164
17169
29015
29016
17174
29017
29018
48095
48091
17179
29019
29020
48089
48085
17184
29021
29022
48083
48079
17189
29023
29024
48077
48073
17194
29025
29026
48071
48067
17199
29027
29028
48065
48061
17204
29029
29030
48059
48055
17209
29031
29032
48053
48049
17214
29033
29034
48047
48043
17219
29035
29036
48041
48037
17224
29037
29038
48035
48031
17229
29039
29040
48029
48025
17234
29041
29042
48023
48019
17239
29043
29044
48017
48013
17244
29045
29046
17245
29014
17323
48096
46721
17325
17322
17324
17318
48098
46725
17320
17317
17319
48100
17313
48102
46731
17315
48104
17312
17314
48106
17308
48108
46737
17310
48110
17307
17309
48112
17303
48114
46743
17305
48116
17302
17304
48118
17298
48120
46749
17300
48122
17297
17299
48124
17293
48126
46755
17295
48128
17292
17294
48130
17288
48132
46761
17290
48134
17287
17289
48136
17283
48138
46767
17285
48140
17282
17284
48142
17278
48144
46773
17280
48146
17277
17279
48148
17273
48150
46779
17275
48152
17272
17274
48154
17268
48156
46785
17270
48158
17267
17269
48160
17263
48162
46791
17265
48164
17262
17264
48166
17258
48168
46797
17260
48170
17257
17259
48172
17253
48174
46803
17255
48176
17252
17254
48178
17248
48180
46807
17250
48182
17247
17249
17246
17251
29048
29049
17256
29050
29051
48183
48179
17261
29052
29053
48177
48173
17266
29054
29055
48171
48167
17271
29056
29057
48165
48161
17276
29058
29059
48159
48155
17281
29060
29061
48153
48149
17286
29062
29063
48147
48143
17291
29064
29065
48141
48137
17296
29066
29067
48135
48131
17301
29068
29069
48129
48125
17306
29070
29071
48123
48119
17311
29072
29073
48117
48113
17316
29074
29075
48111
48107
17321
29076
29077
48105
48101
17326
29078
29079
17327
29047
17405
48184
46809
17407
17404
17406
17400
48186
46813
17402
17399
17401
48188
17395
48190
46819
17397
48192
17394
17396
48194
17390
48196
46825
17392
48198
17389
17391
48200
17385
48202
46831
17387
48204
17384
17386
48206
17380
48208
46837
17382
48210
17379
17381
48212
17375
48214
46843
17377
48216
17374
17376
48218
17370
48220
46849
17372
48222
17369
17371
48224
17365
48226
46855
17367
48228
17364
17366
48230
17360
48232
46861
17362
48234
17359
17361
48236
17355
48238
46867
17357
48240
17354
17356
48242
17350
48244
46873
17352
48246
17349
17351
48248
17345
48250
46879
17347
48252
17344
17346
48254
17340
48256
46885
17342
48258
17339
17341
48260
17335
48262
46891
17337
48264
17334
17336
48266
17330
48268
46895
17332
48270
17329
17331
17328
17333
29081
29082
17338
29083
29084
48271
48267
17343
29085
29086
48265
48261
17348
29087
29088
48259
48255
17353
29089
29090
48253
48249
17358
29091
29092
48247
48243
17363
29093
29094
48241
48237
17368
29095
29096
48235
48231
17373
29097
29098
48229
48225
17378
29099
29100
48223
48219
17383
29101
29102
48217
48213
17388
29103
29104
48211
48207
17393
29105
29106
48205
48201
17398
29107
29108
48199
48195
17403
29109
29110
48193
48189
17408
29111
29112
17409
29080
17487
48272
46897
17489
17486
17488
17482
48274
46901
17484
17481
17483
48276
17477
48278
46907
17479
48280
17476
17478
48282
17472
48284
46913
17474
48286
17471
17473
48288
17467
48290
46919
17469
48292
17466
17468
48294
17462
48296
46925
17464
48298
17461
17463
48300
17457
48302
46931
17459
48304
17456
17458
48306
17452
48308
46937
17454
48310
17451
17453
48312
17447
48314
46943
17449
48316
17446
17448
48318
17442
48320
46949
17444
48322
17441
17443
48324
17437
48326
46955
17439
48328
17436
17438
48330
17432
48332
46961
17434
48334
17431
17433
48336
17427
48338
46967
17429
48340
17426
17428
48342
17422
48344
46973
17424
48346
17421
17423
48348
17417
48350
46979
17419
48352
17416
17418
48354
17412
48356
46983
17414
48358
17411
17413
17410
17415
29114
29115
17420
29116
29117
48359
48355
17425
29118
29119
48353
48349
17430
29120
29121
48347
48343
17435
29122
29123
48341
48337
17440
29124
29125
48335
48331
17445
29126
29127
48329
48325
17450
29128
29129
48323
48319
17455
29130
29131
48317
48313
17460
29132
29133
48311
48307
17465
29134
29135
48305
48301
17470
29136
29137
48299
48295
17475
29138
29139
48293
48289
17480
29140
29141
48287
48283
17485
29142
29143
48281
48277
17490
29144
29145
17491
29113
17569
48360
46985
17571
17568
17570
17564
48362
46989
17566
17563
17565
48364
17559
48366
46995
17561
48368
17558
17560
48370
17554
48372
47001
17556
48374
17553
17555
48376
17549
48378
47007
17551
48380
17548
17550
48382
17544
48384
47013
17546
48386
17543
17545
48388
17539
48390
47019
17541
48392
17538
17540
48394
17534
48396
47025
17536
48398
17533
17535
48400
17529
48402
47031
17531
48404
17528
17530
48406
17524
48408
47037
17526
48410
17523
17525
48412
17519
48414
47043
17521
48416
17518
17520
48418
17514
48420
47049
17516
48422
17513
17515
48424
17509
48426
47055
17511
48428
17508
17510
48430
17504
48432
47061
17506
48434
17503
17505
48436
17499
48438
47067
17501
48440
17498
17500
48442
17494
48444
47071
17496
48446
17493
17495
17492
17497
29147
29148
17502
29149
29150
48447
48443
17507
29151
29152
48441
48437
17512
29153
29154
48435
48431
17517
29155
29156
48429
48425
17522
29157
29158
48423
48419
17527
29159
29160
48417
48413
17532
29161
29162
48411
48407
17537
29163
29164
48405
48401
17542
29165
29166
48399
48395
17547
29167
29168
48393
48389
17552
29169
29170
48387
48383
17557
29171
29172
48381
48377
17562
29173
29174
48375
48371
17567
29175
29176
48369
48365
17572
29177
29178
17573
29146
17651
48448
47073
17653
17650
17652
17646
48450
47077
17648
17645
17647
48452
17641
48454
47083
17643
48456
17640
17642
48458
17636
48460
47089
17638
48462
17635
17637
48464
17631
48466
47095
17633
48468
17630
17632
48470
17626
48472
47101
17628
48474
17625
17627
48476
17621
48478
47107
17623
48480
17620
17622
48482
17616
48484
47113
17618
48486
17615
17617
48488
17611
48490
47119
17613
48492
17610
17612
48494
17606
48496
47125
17608
48498
17605
17607
48500
17601
48502
47131
17603
48504
17600
17602
48506
17596
48508
47137
17598
48510
17595
17597
48512
17591
48514
47143
17593
48516
17590
17592
48518
17586
48520
47149
17588
48522
17585
17587
48524
17581
48526
47155
17583
48528
17580
17582
48530
17576
48532
47159
17578
48534
17575
17577
17574
17579
29180
29181
17584
29182
29183
48535
48531
17589
29184
29185
48529
48525
17594
29186
29187
48523
48519
17599
29188
29189
48517
48513
17604
29190
29191
48511
48507
17609
29192
29193
48505
48501
17614
29194
29195
48499
48495
17619
29196
29197
48493
48489
17624
29198
29199
48487
48483
17629
29200
29201
48481
48477
17634
29202
29203
48475
48471
17639
29204
29205
48469
48465
17644
29206
29207
48463
48459
17649
29208
29209
48457
48453
17654
29210
29211
17655
29179
17733
48536
47161
17735
17732
17734
17728
48538
47165
17730
17727
17729
48540
17723
48542
47171
17725
48544
17722
17724
48546
17718
48548
47177
17720
48550
17717
17719
48552
17713
48554
47183
17715
48556
17712
17714
48558
17708
48560
47189
17710
48562
17707
17709
48564
17703
48566
47195
17705
48568
17702
17704
48570
17698
48572
47201
17700
48574
17697
17699
48576
17693
48578
47207
17695
48580
17692
17694
48582
17688
48584
47213
17690
48586
17687
17689
48588
17683
48590
47219
17685
48592
17682
17684
48594
17678
48596
47225
17680
48598
17677
17679
48600
17673
48602
47231
17675
48604
17672
17674
48606
17668
48608
47237
17670
48610
17667
17669
48612
17663
48614
47243
17665
48616
17662
17664
48618
17658
48620
47247
17660
48622
17657
17659
17656
17661
29213
29214
17666
29215
29216
48623
48619
17671
29217
29218
48617
48613
17676
29219
29220
48611
48607
17681
29221
29222
48605
48601
17686
29223
29224
48599
48595
17691
29225
29226
48593
48589
17696
29227
29228
48587
48583
17701
29229
29230
48581
48577
17706
29231
29232
48575
48571
17711
29233
29234
48569
48565
17716
29235
29236
48563
48559
17721
29237
29238
48557
48553
17726
29239
29240
48551
48547
17731
29241
29242
48545
48541
17736
29243
29244
17737
29212
17815
48624
47249
17817
17814
17816
17810
48626
47253
17812
17809
17811
48628
17805
48630
47259
17807
48632
17804
17806
48634
17800
48636
47265
17802
48638
17799
17801
48640
17795
48642
47271
17797
48644
17794
17796
48646
17790
48648
47277
17792
48650
17789
17791
48652
17785
48654
47283
17787
48656
17784
17786
48658
17780
48660
47289
17782
48662
17779
17781
48664
17775
48666
47295
17777
48668
17774
17776
48670
17770
48672
47301
17772
48674
17769
17771
48676
17765
48678
47307
17767
48680
17764
17766
48682
17760
48684
47313
17762
48686
17759
17761
48688
17755
48690
47319
17757
48692
17754
17756
48694
17750
48696
47325
17752
48698
17749
17751
48700
17745
48702
47331
17747
48704
17744
17746
48706
17740
48708
47335
17742
48710
17739
17741
17738
17743
29246
29247
17748
29248
29249
48711
48707
17753
29250
29251
48705
48701
17758
29252
29253
48699
48695
17763
29254
29255
48693
48689
17768
29256
29257
48687
48683
17773
29258
29259
48681
48677
17778
29260
29261
48675
48671
17783
29262
29263
48669
48665
17788
29264
29265
48663
48659
17793
29266
29267
48657
48653
17798
29268
29269
48651
48647
17803
29270
29271
48645
48641
17808
29272
29273
48639
48635
17813
29274
29275
48633
48629
17818
29276
29277
17819
29245
17897
48712
47337
17899
17896
17898
17892
48714
47341
17894
17891
17893
48716
17887
48718
47347
17889
48720
17886
17888
48722
17882
48724
47353
17884
48726
17881
17883
48728
17877
48730
47359
17879
48732
17876
17878
48734
17872
17874
48736
17871
17873
48738
17867
17869
48740
17866
17868
48742
17862
17864
48744
17861
17863
48746
17857
17859
48748
17856
17858
48750
17852
17854
48752
17851
17853
48754
17847
17849
48756
17846
17848
48758
17842
17844
48760
17841
17843
48762
17837
17839
48764
17836
17838
48766
17832
17834
48768
17831
17833
48770
17827
17829
48772
17826
17828
48774
17822
17824
48776
17821
17823
17820
17825
29279
29280
17830
29281
29282
48777
48775
17835
29283
29284
48773
48771
17840
29285
29286
48769
48767
17845
29287
29288
48765
48763
17850
29289
29290
48761
48759
17855
29291
29292
48757
48755
17860
29293
29294
48753
48751
17865
29295
29296
48749
48747
17870
29297
29298
48745
48743
17875
29299
29300
48741
48739
17880
29301
29302
48737
48735
17885
29303
29304
48733
48729
17890
29305
29306
48727
48723
17895
29307
29308
48721
48717
17900
29309
29310
17901
29278
17979
17981
17978
17980
28846
17974
17976
17973
17975
28843
48778
17969
17971
48780
17968
17970
28840
48782
17964
17966
48784
17963
17965
28837
48786
17959
47569
17961
48788
17958
17960
28834
48790
17954
47563
17956
48792
17953
17955
28831
48794
17949
47555
17951
48796
17948
17950
28828
48798
17944
47547
17946
48800
17943
17945
28825
48802
17939
47539
17941
48804
17938
17940
28822
48806
17934
47531
17936
48808
17933
17935
28819
48810
17929
47523
17931
48812
17928
17930
28816
48814
17924
47515
17926
48816
17923
17925
28813
48818
17919
47507
17921
48820
17918
17920
28810
48822
17914
47499
17916
48824
17913
17915
28807
48826
17909
47491
17911
48828
17908
17910
28804
48830
17904
47483
17906
48832
17903
17905
28801
17902
17907
29312
29313
17912
29314
29315
48833
48831
17917
29316
29317
48829
48827
17922
29318
29319
48825
48823
17927
29320
29321
48821
48819
17932
29322
29323
48817
48815
17937
29324
29325
48813
48811
17942
29326
29327
48809
48807
17947
29328
29329
48805
48803
17952
29330
29331
48801
48799
17957
29332
29333
48797
48795
17962
29334
29335
48793
48791
17967
29336
29337
48789
48787
17972
29338
29339
48785
48783
17977
29340
29341
48781
48779
17982
29342
29343
17983
29311
18093
47475
18095
18090
18091
18092
18094
18086
47467
18088
18083
18084
18085
18087
48834
18079
48836
47461
18081
48838
18076
18077
48840
18078
18080
48842
18072
48844
47469
18074
48846
18069
18070
48848
18071
18073
48850
18065
48852
47477
18067
48854
18062
18063
48856
18064
18066
48858
18058
48860
47485
18060
48862
18055
18056
48864
18057
18059
48866
18051
48868
47493
18053
48870
18048
18049
48872
18050
18052
48874
18044
48876
47501
18046
48878
18041
18042
48880
18043
18045
48882
18037
48884
47509
18039
48886
18034
18035
48888
18036
18038
48890
18030
48892
47517
18032
48894
18027
18028
48896
18029
18031
48898
18023
48900
47525
18025
48902
18020
18021
48904
18022
18024
48906
18016
48908
47533
18018
48910
18013
18014
48912
18015
18017
48914
18009
48916
47541
18011
48918
18006
18007
48920
18008
18010
48922
18002
48924
47549
18004
48926
17999
18000
48928
18001
18003
48930
17995
48932
47557
17997
48934
17992
17993
48936
17994
17996
48938
17988
48940
47565
17990
48942
17985
17986
48944
17987
17989
17984
17991
29346
29347
17998
29349
29350
48945
48939
18005
29352
29353
48937
48931
18012
29355
29356
48929
48923
18019
29358
29359
48921
48915
18026
29361
29362
48913
48907
18033
29364
29365
48905
48899
18040
29367
29368
48897
48891
18047
29370
29371
48889
48883
18054
29373
29374
48881
48875
18061
29376
29377
48873
48867
18068
29379
29380
48865
48859
18075
29382
29383
48857
48851
18082
29385
29386
48849
48843
18089
29388
29389
48841
48835
18096
29391
29392
18097
29344
18175
48946
47571
18177
18174
18176
18170
48948
47575
18172
18169
18171
48950
18165
48952
47581
18167
48954
18164
18166
48956
18160
48958
47587
18162
48960
18159
18161
48962
18155
48964
47593
18157
48966
18154
18156
48968
18150
48970
47599
18152
48972
18149
18151
48974
18145
48976
47605
18147
48978
18144
18146
48980
18140
48982
47611
18142
48984
18139
18141
48986
18135
48988
47617
18137
48990
18134
18136
48992
18130
48994
47623
18132
48996
18129
18131
48998
18125
49000
47629
18127
49002
18124
18126
49004
18120
49006
47635
18122
49008
18119
18121
49010
18115
49012
47641
18117
49014
18114
18116
49016
18110
49018
47647
18112
49020
18109
18111
49022
18105
49024
47653
18107
49026
18104
18106
49028
18100
49030
47657
18102
49032
18099
18101
18098
18103
29394
29395
18108
29396
29397
49033
49029
18113
29398
29399
49027
49023
18118
29400
29401
49021
49017
18123
29402
29403
49015
49011
18128
29404
29405
49009
49005
18133
29406
29407
49003
48999
18138
29408
29409
48997
48993
18143
29410
29411
48991
48987
18148
29412
29413
48985
48981
18153
29414
29415
48979
48975
18158
29416
29417
48973
48969
18163
29418
29419
48967
48963
18168
29420
29421
48961
48957
18173
29422
29423
48955
48951
18178
29424
29425
18179
29393
18257
49034
47659
18259
18256
18258
18252
49036
47663
18254
18251
18253
49038
18247
49040
47669
18249
49042
18246
18248
49044
18242
49046
47675
18244
49048
18241
18243
49050
18237
49052
47681
18239
49054
18236
18238
49056
18232
49058
47687
18234
49060
18231
18233
49062
18227
49064
47693
18229
49066
18226
18228
49068
18222
49070
47699
18224
49072
18221
18223
49074
18217
49076
47705
18219
49078
18216
18218
49080
18212
49082
47711
18214
49084
18211
18213
49086
18207
49088
47717
18209
49090
18206
18208
49092
18202
49094
47723
18204
49096
18201
18203
49098
18197
49100
47729
18199
49102
18196
18198
49104
18192
49106
47735
18194
49108
18191
18193
49110
18187
49112
47741
18189
49114
18186
18188
49116
18182
49118
47745
18184
49120
18181
18183
18180
18185
29427
29428
18190
29429
29430
49121
49117
18195
29431
29432
49115
49111
18200
29433
29434
49109
49105
18205
29435
29436
49103
49099
18210
29437
29438
49097
49093
18215
29439
29440
49091
49087
18220
29441
29442
49085
49081
18225
29443
29444
49079
49075
18230
29445
29446
49073
49069
18235
29447
29448
49067
49063
18240
29449
29450
49061
49057
18245
29451
29452
49055
49051
18250
29453
29454
49049
49045
18255
29455
29456
49043
49039
18260
29457
29458
18261
29426
18339
49122
47747
18341
18338
18340
18334
49124
47751
18336
18333
18335
49126
18329
49128
47757
18331
49130
18328
18330
49132
18324
49134
47763
18326
49136
18323
18325
49138
18319
49140
47769
18321
49142
18318
18320
49144
18314
49146
47775
18316
49148
18313
18315
49150
18309
49152
47781
18311
49154
18308
18310
49156
18304
49158
47787
18306
49160
18303
18305
49162
18299
49164
47793
18301
49166
18298
18300
49168
18294
49170
47799
18296
49172
18293
18295
49174
18289
49176
47805
18291
49178
18288
18290
49180
18284
49182
47811
18286
49184
18283
18285
49186
18279
49188
47817
18281
49190
18278
18280
49192
18274
49194
47823
18276
49196
18273
18275
49198
18269
49200
47829
18271
49202
18268
18270
49204
18264
49206
47833
18266
49208
18263
18265
18262
18267
29460
29461
18272
29462
29463
49209
49205
18277
29464
29465
49203
49199
18282
29466
29467
49197
49193
18287
29468
29469
49191
49187
18292
29470
29471
49185
49181
18297
29472
29473
49179
49175
18302
29474
29475
49173
49169
18307
29476
29477
49167
49163
18312
29478
29479
49161
49157
18317
29480
29481
49155
49151
18322
29482
29483
49149
49145
18327
29484
29485
49143
49139
18332
29486
29487
49137
49133
18337
29488
29489
49131
49127
18342
29490
29491
18343
29459
18421
49210
47835
18423
18420
18422
18416
49212
47839
18418
18415
18417
49214
18411
49216
47845
18413
49218
18410
18412
49220
18406
49222
47851
18408
49224
18405
18407
49226
18401
49228
47857
18403
49230
18400
18402
49232
18396
49234
47863
18398
49236
18395
18397
49238
18391
49240
47869
18393
49242
18390
18392
49244
18386
49246
47875
18388
49248
18385
18387
49250
18381
49252
47881
18383
49254
18380
18382
49256
18376
49258
47887
18378
49260
18375
18377
49262
18371
49264
47893
18373
49266
18370
18372
49268
18366
49270
47899
18368
49272
18365
18367
49274
18361
49276
47905
18363
49278
18360
18362
49280
18356
49282
47911
18358
49284
18355
18357
49286
18351
49288
47917
18353
49290
18350
18352
49292
18346
49294
47921
18348
49296
18345
18347
18344
18349
29493
29494
18354
29495
29496
49297
49293
18359
29497
29498
49291
49287
18364
29499
29500
49285
49281
18369
29501
29502
49279
49275
18374
29503
29504
49273
49269
18379
29505
29506
49267
49263
18384
29507
29508
49261
49257
18389
29509
29510
49255
49251
18394
29511
29512
49249
49245
18399
29513
29514
49243
49239
18404
29515
29516
49237
49233
18409
29517
29518
49231
49227
18414
29519
29520
49225
49221
18419
29521
29522
49219
49215
18424
29523
29524
18425
29492
18503
49298
47923
18505
18502
18504
18498
49300
47927
18500
18497
18499
49302
18493
49304
47933
18495
49306
18492
18494
49308
18488
49310
47939
18490
49312
18487
18489
49314
18483
49316
47945
18485
49318
18482
18484
49320
18478
49322
47951
18480
49324
18477
18479
49326
18473
49328
47957
18475
49330
18472
18474
49332
18468
49334
47963
18470
49336
18467
18469
49338
18463
49340
47969
18465
49342
18462
18464
49344
18458
49346
47975
18460
49348
18457
18459
49350
18453
49352
47981
18455
49354
18452
18454
49356
18448
49358
47987
18450
49360
18447
18449
49362
18443
49364
47993
18445
49366
18442
18444
49368
18438
49370
47999
18440
49372
18437
18439
49374
18433
49376
48005
18435
49378
18432
18434
49380
18428
49382
48009
18430
49384
18427
18429
18426
18431
29526
29527
18436
29528
29529
49385
49381
18441
29530
29531
49379
49375
18446
29532
29533
49373
49369
18451
29534
29535
49367
49363
18456
29536
29537
49361
49357
18461
29538
29539
49355
49351
18466
29540
29541
49349
49345
18471
29542
29543
49343
49339
18476
29544
29545
49337
49333
18481
29546
29547
49331
49327
18486
29548
29549
49325
49321
18491
29550
29551
49319
49315
18496
29552
29553
49313
49309
18501
29554
29555
49307
49303
18506
29556
29557
18507
29525
18585
49386
48011
18587
18584
18586
18580
49388
48015
18582
18579
18581
49390
18575
49392
48021
18577
49394
18574
18576
49396
18570
49398
48027
18572
49400
18569
18571
49402
18565
49404
48033
18567
49406
18564
18566
49408
18560
49410
48039
18562
49412
18559
18561
49414
18555
49416
48045
18557
49418
18554
18556
49420
18550
49422
48051
18552
49424
18549
18551
49426
18545
49428
48057
18547
49430
18544
18546
49432
18540
49434
48063
18542
49436
18539
18541
49438
18535
49440
48069
18537
49442
18534
18536
49444
18530
49446
48075
18532
49448
18529
18531
49450
18525
49452
48081
18527
49454
18524
18526
49456
18520
49458
48087
18522
49460
18519
18521
49462
18515
49464
48093
18517
49466
18514
18516
49468
18510
49470
48097
18512
49472
18509
18511
18508
18513
29559
29560
18518
29561
29562
49473
49469
18523
29563
29564
49467
49463
18528
29565
29566
49461
49457
18533
29567
29568
49455
49451
18538
29569
29570
49449
49445
18543
29571
29572
49443
49439
18548
29573
29574
49437
49433
18553
29575
29576
49431
49427
18558
29577
29578
49425
49421
18563
29579
29580
49419
49415
18568
29581
29582
49413
49409
18573
29583
29584
49407
49403
18578
29585
29586
49401
49397
18583
29587
29588
49395
49391
18588
29589
29590
18589
29558
18667
49474
48099
18669
18666
18668
18662
49476
48103
18664
18661
18663
49478
18657
49480
48109
18659
49482
18656
18658
49484
18652
49486
48115
18654
49488
18651
18653
49490
18647
49492
48121
18649
49494
18646
18648
49496
18642
49498
48127
18644
49500
18641
18643
49502
18637
49504
48133
18639
49506
18636
18638
49508
18632
49510
48139
18634
49512
18631
18633
49514
18627
49516
48145
18629
49518
18626
18628
49520
18622
49522
48151
18624
49524
18621
18623
49526
18617
49528
48157
18619
49530
18616
18618
49532
18612
49534
48163
18614
49536
18611
18613
49538
18607
49540
48169
18609
49542
18606
18608
49544
18602
49546
48175
18604
49548
18601
18603
49550
18597
49552
48181
18599
49554
18596
18598
49556
18592
49558
48185
18594
49560
18591
18593
18590
18595
29592
29593
18600
29594
29595
49561
49557
18605
29596
29597
49555
49551
18610
29598
29599
49549
49545
18615
29600
29601
49543
49539
18620
29602
29603
49537
49533
18625
29604
29605
49531
49527
18630
29606
29607
49525
49521
18635
29608
29609
49519
49515
18640
29610
29611
49513
49509
18645
29612
29613
49507
49503
18650
29614
29615
49501
49497
18655
29616
29617
49495
49491
18660
29618
29619
49489
49485
18665
29620
29621
49483
49479
18670
29622
29623
18671
29591
18749
49562
48187
18751
18748
18750
18744
49564
48191
18746
18743
18745
49566
18739
49568
48197
18741
49570
18738
18740
49572
18734
49574
48203
18736
49576
18733
18735
49578
18729
49580
48209
18731
49582
18728
18730
49584
18724
49586
48215
18726
49588
18723
18725
49590
18719
49592
48221
18721
49594
18718
18720
49596
18714
49598
48227
18716
49600
18713
18715
49602
18709
49604
48233
18711
49606
18708
18710
49608
18704
49610
48239
18706
49612
18703
18705
49614
18699
49616
48245
18701
49618
18698
18700
49620
18694
49622
48251
18696
49624
18693
18695
49626
18689
49628
48257
18691
49630
18688
18690
49632
18684
49634
48263
18686
49636
18683
18685
49638
18679
49640
48269
18681
49642
18678
18680
49644
18674
49646
48273
18676
49648
18673
18675
18672
18677
29625
29626
18682
29627
29628
49649
49645
18687
29629
29630
49643
49639
18692
29631
29632
49637
49633
18697
29633
29634
49631
49627
18702
29635
29636
49625
49621
18707
29637
29638
49619
49615
18712
29639
29640
49613
49609
18717
29641
29642
49607
49603
18722
29643
29644
49601
49597
18727
29645
29646
49595
49591
18732
29647
29648
49589
49585
18737
29649
29650
49583
49579
18742
29651
29652
49577
49573
18747
29653
29654
49571
49567
18752
29655
29656
18753
29624
18831
49650
48275
18833
18830
18832
18826
49652
48279
18828
18825
18827
49654
18821
49656
48285
18823
49658
18820
18822
49660
18816
49662
48291
18818
49664
18815
18817
49666
18811
49668
48297
18813
49670
18810
18812
49672
18806
49674
48303
18808
49676
18805
18807
49678
18801
49680
48309
18803
49682
18800
18802
49684
18796
49686
48315
18798
49688
18795
18797
49690
18791
49692
48321
18793
49694
18790
18792
49696
18786
49698
48327
18788
49700
18785
18787
49702
18781
49704
48333
18783
49706
18780
18782
49708
18776
49710
48339
18778
49712
18775
18777
49714
18771
49716
48345
18773
49718
18770
18772
49720
18766
49722
48351
18768
49724
18765
18767
49726
18761
49728
48357
18763
49730
18760
18762
49732
18756
49734
48361
18758
49736
18755
18757
18754
18759
29658
29659
18764
29660
29661
49737
49733
18769
29662
29663
49731
49727
18774
29664
29665
49725
49721
18779
29666
29667
49719
49715
18784
29668
29669
49713
49709
18789
29670
29671
49707
49703
18794
29672
29673
49701
49697
18799
29674
29675
49695
49691
18804
29676
29677
49689
49685
18809
29678
29679
49683
49679
18814
29680
29681
49677
49673
18819
29682
29683
49671
49667
18824
29684
29685
49665
49661
18829
29686
29687
49659
49655
18834
29688
29689
18835
29657
18913
49738
48363
18915
18912
18914
18908
49740
48367
18910
18907
18909
49742
18903
49744
48373
18905
49746
18902
18904
49748
18898
49750
48379
18900
49752
18897
18899
49754
18893
49756
48385
18895
49758
18892
18894
49760
18888
49762
48391
18890
49764
18887
18889
49766
18883
49768
48397
18885
49770
18882
18884
49772
18878
49774
48403
18880
49776
18877
18879
49778
18873
49780
48409
18875
49782
18872
18874
49784
18868
49786
48415
18870
49788
18867
18869
49790
18863
49792
48421
18865
49794
18862
18864
49796
18858
49798
48427
18860
49800
18857
18859
49802
18853
49804
48433
18855
49806
18852
18854
49808
18848
49810
48439
18850
49812
18847
18849
49814
18843
49816
48445
18845
49818
18842
18844
49820
18838
49822
48449
18840
49824
18837
18839
18836
18841
29691
29692
18846
29693
29694
49825
49821
18851
29695
29696
49819
49815
18856
29697
29698
49813
49809
18861
29699
29700
49807
49803
18866
29701
29702
49801
49797
18871
29703
29704
49795
49791
18876
29705
29706
49789
49785
18881
29707
29708
49783
49779
18886
29709
29710
49777
49773
18891
29711
29712
49771
49767
18896
29713
29714
49765
49761
18901
29715
29716
49759
49755
18906
29717
29718
49753
49749
18911
29719
29720
49747
49743
18916
29721
29722
18917
29690
18995
49826
48451
18997
18994
18996
18990
49828
48455
18992
18989
18991
49830
18985
49832
48461
18987
49834
18984
18986
49836
18980
49838
48467
18982
49840
18979
18981
49842
18975
49844
48473
18977
49846
18974
18976
49848
18970
49850
48479
18972
49852
18969
18971
49854
18965
49856
48485
18967
49858
18964
18966
49860
18960
49862
48491
18962
49864
18959
18961
49866
18955
49868
48497
18957
49870
18954
18956
49872
18950
49874
48503
18952
49876
18949
18951
49878
18945
49880
48509
18947
49882
18944
18946
49884
18940
49886
48515
18942
49888
18939
18941
49890
18935
49892
48521
18937
49894
18934
18936
49896
18930
49898
48527
18932
49900
18929
18931
49902
18925
49904
48533
18927
49906
18924
18926
49908
18920
49910
48537
18922
49912
18919
18921
18918
18923
29724
29725
18928
29726
29727
49913
49909
18933
29728
29729
49907
49903
18938
29730
29731
49901
49897
18943
29732
29733
49895
49891
18948
29734
29735
49889
49885
18953
29736
29737
49883
49879
18958
29738
29739
49877
49873
18963
29740
29741
49871
49867
18968
29742
29743
49865
49861
18973
29744
29745
49859
49855
18978
29746
29747
49853
49849
18983
29748
29749
49847
49843
18988
29750
29751
49841
49837
18993
29752
29753
49835
49831
18998
29754
29755
18999
29723
19077
49914
48539
19079
19076
19078
19072
49916
48543
19074
19071
19073
49918
19067
49920
48549
19069
49922
19066
19068
49924
19062
49926
48555
19064
49928
19061
19063
49930
19057
49932
48561
19059
49934
19056
19058
49936
19052
49938
48567
19054
49940
19051
19053
49942
19047
49944
48573
19049
49946
19046
19048
49948
19042
49950
48579
19044
49952
19041
19043
49954
19037
49956
48585
19039
49958
19036
19038
49960
19032
49962
48591
19034
49964
19031
19033
49966
19027
49968
48597
19029
49970
19026
19028
49972
19022
49974
48603
19024
49976
19021
19023
49978
19017
49980
48609
19019
49982
19016
19018
49984
19012
49986
48615
19014
49988
19011
19013
49990
19007
49992
48621
19009
49994
19006
19008
49996
19002
49998
48625
19004
50000
19001
19003
19000
19005
29757
29758
19010
29759
29760
50001
49997
19015
29761
29762
49995
49991
19020
29763
29764
49989
49985
19025
29765
29766
49983
49979
19030
29767
29768
49977
49973
19035
29769
29770
49971
49967
19040
29771
29772
49965
49961
19045
29773
29774
49959
49955
19050
29775
29776
49953
49949
19055
29777
29778
49947
49943
19060
29779
29780
49941
49937
19065
29781
29782
49935
49931
19070
29783
29784
49929
49925
19075
29785
29786
49923
49919
19080
29787
29788
19081
29756
19159
50002
48627
19161
19158
19160
19154
50004
48631
19156
19153
19155
50006
19149
50008
48637
19151
50010
19148
19150
50012
19144
50014
48643
19146
50016
19143
19145
50018
19139
50020
48649
19141
50022
19138
19140
50024
19134
50026
48655
19136
50028
19133
19135
50030
19129
50032
48661
19131
50034
19128
19130
50036
19124
50038
48667
19126
50040
19123
19125
50042
19119
50044
48673
19121
50046
19118
19120
50048
19114
50050
48679
19116
50052
19113
19115
50054
19109
50056
48685
19111
50058
19108
19110
50060
19104
50062
48691
19106
50064
19103
19105
50066
19099
50068
48697
19101
50070
19098
19100
50072
19094
50074
48703
19096
50076
19093
19095
50078
19089
50080
48709
19091
50082
19088
19090
50084
19084
50086
48713
19086
50088
19083
19085
19082
19087
29790
29791
19092
29792
29793
50089
50085
19097
29794
29795
50083
50079
19102
29796
29797
50077
50073
19107
29798
29799
50071
50067
19112
29800
29801
50065
50061
19117
29802
29803
50059
50055
19122
29804
29805
50053
50049
19127
29806
29807
50047
50043
19132
29808
29809
50041
50037
19137
29810
29811
50035
50031
19142
29812
29813
50029
50025
19147
29814
29815
50023
50019
19152
29816
29817
50017
50013
19157
29818
29819
50011
50007
19162
29820
29821
19163
29789
19241
50090
48715
19243
19240
19242
19236
50092
48719
19238
19235
19237
50094
19231
50096
48725
19233
50098
19230
19232
50100
19226
50102
48731
19228
50104
19225
19227
50106
19221
19223
50108
19220
19222
50110
19216
19218
50112
19215
19217
50114
19211
19213
50116
19210
19212
50118
19206
19208
50120
19205
19207
50122
19201
19203
50124
19200
19202
50126
19196
19198
50128
19195
19197
50130
19191
19193
50132
19190
19192
50134
19186
19188
50136
19185
19187
50138
19181
19183
50140
19180
19182
50142
19176
19178
50144
19175
19177
50146
19171
19173
50148
19170
19172
50150
19166
19168
50152
19165
19167
19164
19169
29823
29824
19174
29825
29826
50153
50151
19179
29827
29828
50149
50147
19184
29829
29830
50145
50143
19189
29831
29832
50141
50139
19194
29833
29834
50137
50135
19199
29835
29836
50133
50131
19204
29837
29838
50129
50127
19209
29839
29840
50125
50123
19214
29841
29842
50121
50119
19219
29843
29844
50117
50115
19224
29845
29846
50113
50111
19229
29847
29848
50109
50107
19234
29849
29850
50105
50101
19239
29851
29852
50099
50095
19244
29853
29854
19245
29822
19323
19325
19322
19324
29390
19318
19320
19317
19319
29387
50154
19313
19315
50156
19312
19314
29384
50158
19308
48947
19310
50160
19307
19309
29381
50162
19303
48941
19305
50164
19302
19304
29378
50166
19298
48933
19300
50168
19297
19299
29375
50170
19293
48925
19295
50172
19292
19294
29372
50174
19288
48917
19290
50176
19287
19289
29369
50178
19283
48909
19285
50180
19282
19284
29366
50182
19278
48901
19280
50184
19277
19279
29363
50186
19273
48893
19275
50188
19272
19274
29360
50190
19268
48885
19270
50192
19267
19269
29357
50194
19263
48877
19265
50196
19262
19264
29354
50198
19258
48869
19260
50200
19257
19259
29351
50202
19253
48861
19255
50204
19252
19254
29348
50206
19248
48853
19250
50208
19247
19249
29345
19246
19251
29856
29857
19256
29858
29859
50209
50207
19261
29860
29861
50205
50203
19266
29862
29863
50201
50199
19271
29864
29865
50197
50195
19276
29866
29867
50193
50191
19281
29868
29869
50189
50187
19286
29870
29871
50185
50183
19291
29872
29873
50181
50179
19296
29874
29875
50177
50175
19301
29876
29877
50173
50171
19306
29878
29879
50169
50167
19311
29880
29881
50165
50163
19316
29882
29883
50161
50159
19321
29884
29885
50157
50155
19326
29886
29887
19327
29855
19437
48845
19439
19434
19435
19436
19438
19430
48837
19432
50210
19427
19428
19429
19431
50212
19423
50214
48839
19425
50216
19420
19421
50218
19422
19424
50220
19416
50222
48847
19418
50224
19413
19414
50226
19415
19417
50228
19409
50230
48855
19411
50232
19406
19407
50234
19408
19410
50236
19402
50238
48863
19404
50240
19399
19400
50242
19401
19403
50244
19395
50246
48871
19397
50248
19392
19393
50250
19394
19396
50252
19388
50254
48879
19390
50256
19385
19386
50258
19387
19389
50260
19381
50262
48887
19383
50264
19378
19379
50266
19380
19382
50268
19374
50270
48895
19376
50272
19371
19372
50274
19373
19375
50276
19367
50278
48903
19369
50280
19364
19365
50282
19366
19368
50284
19360
50286
48911
19362
50288
19357
19358
50290
19359
19361
50292
19353
50294
48919
19355
50296
19350
19351
50298
19352
19354
50300
19346
50302
48927
19348
50304
19343
19344
50306
19345
19347
50308
19339
50310
48935
19341
50312
19336
19337
50314
19338
19340
50316
19332
50318
48943
19334
50320
19329
19330
50322
19331
19333
19328
19335
29890
29891
19342
29893
29894
50323
50317
19349
29896
29897
50315
50309
19356
29899
29900
50307
50301
19363
29902
29903
50299
50293
19370
29905
29906
50291
50285
19377
29908
29909
50283
50277
19384
29911
29912
50275
50269
19391
29914
29915
50267
50261
19398
29917
29918
50259
50253
19405
29920
29921
50251
50245
19412
29923
29924
50243
50237
19419
29926
29927
50235
50229
19426
29929
29930
50227
50221
19433
29932
29933
50219
50213
19440
29935
29936
19441
29888
19519
50324
48949
19521
19518
19520
19514
50326
48953
19516
19513
19515
50328
19509
50330
48959
19511
50332
19508
19510
50334
19504
50336
48965
19506
50338
19503
19505
50340
19499
50342
48971
19501
50344
19498
19500
50346
19494
50348
48977
19496
50350
19493
19495
50352
19489
50354
48983
19491
50356
19488
19490
50358
19484
50360
48989
19486
50362
19483
19485
50364
19479
50366
48995
19481
50368
19478
19480
50370
19474
50372
49001
19476
50374
19473
19475
50376
19469
50378
49007
19471
50380
19468
19470
50382
19464
50384
49013
19466
50386
19463
19465
50388
19459
50390
49019
19461
50392
19458
19460
50394
19454
50396
49025
19456
50398
19453
19455
50400
19449
50402
49031
19451
50404
19448
19450
50406
19444
50408
49035
19446
50410
19443
19445
19442
19447
29938
29939
19452
29940
29941
50411
50407
19457
29942
29943
50405
50401
19462
29944
29945
50399
50395
19467
29946
29947
50393
50389
19472
29948
29949
50387
50383
19477
29950
29951
50381
50377
19482
29952
29953
50375
50371
19487
29954
29955
50369
50365
19492
29956
29957
50363
50359
19497
29958
29959
50357
50353
19502
29960
29961
50351
50347
19507
29962
29963
50345
50341
19512
29964
29965
50339
50335
19517
29966
29967
50333
50329
19522
29968
29969
19523
29937
19601
50412
49037
19603
19600
19602
19596
50414
49041
19598
19595
19597
50416
19591
50418
49047
19593
50420
19590
19592
50422
19586
50424
49053
19588
50426
19585
19587
50428
19581
50430
49059
19583
50432
19580
19582
50434
19576
50436
49065
19578
50438
19575
19577
50440
19571
50442
49071
19573
50444
19570
19572
50446
19566
50448
49077
19568
50450
19565
19567
50452
19561
50454
49083
19563
50456
19560
19562
50458
19556
50460
49089
19558
50462
19555
19557
50464
19551
50466
49095
19553
50468
19550
19552
50470
19546
50472
49101
19548
50474
19545
19547
50476
19541
50478
49107
19543
50480
19540
19542
50482
19536
50484
49113
19538
50486
19535
19537
50488
19531
50490
49119
19533
50492
19530
19532
50494
19526
50496
49123
19528
50498
19525
19527
19524
19529
29971
29972
19534
29973
29974
50499
50495
19539
29975
29976
50493
50489
19544
29977
29978
50487
50483
19549
29979
29980
50481
50477
19554
29981
29982
50475
50471
19559
29983
29984
50469
50465
19564
29985
29986
50463
50459
19569
29987
29988
50457
50453
19574
29989
29990
50451
50447
19579
29991
29992
50445
50441
19584
29993
29994
50439
50435
19589
29995
29996
50433
50429
19594
29997
29998
50427
50423
19599
29999
30000
50421
50417
19604
30001
30002
19605
29970
19683
50500
49125
19685
19682
19684
19678
50502
49129
19680
19677
19679
50504
19673
50506
49135
19675
50508
19672
19674
50510
19668
50512
49141
19670
50514
19667
19669
50516
19663
50518
49147
19665
50520
19662
19664
50522
19658
50524
49153
19660
50526
19657
19659
50528
19653
50530
49159
19655
50532
19652
19654
50534
19648
50536
49165
19650
50538
19647
19649
50540
19643
50542
49171
19645
50544
19642
19644
50546
19638
50548
49177
19640
50550
19637
19639
50552
19633
50554
49183
19635
50556
19632
19634
50558
19628
50560
49189
19630
50562
19627
19629
50564
19623
50566
49195
19625
50568
19622
19624
50570
19618
50572
49201
19620
50574
19617
19619
50576
19613
50578
49207
19615
50580
19612
19614
50582
19608
50584
49211
19610
50586
19607
19609
19606
19611
30004
30005
19616
30006
30007
50587
50583
19621
30008
30009
50581
50577
19626
30010
30011
50575
50571
19631
30012
30013
50569
50565
19636
30014
30015
50563
50559
19641
30016
30017
50557
50553
19646
30018
30019
50551
50547
19651
30020
30021
50545
50541
19656
30022
30023
50539
50535
19661
30024
30025
50533
50529
19666
30026
30027
50527
50523
19671
30028
30029
50521
50517
19676
30030
30031
50515
50511
19681
30032
30033
50509
50505
19686
30034
30035
19687
30003
19765
50588
49213
19767
19764
19766
19760
50590
49217
19762
19759
19761
50592
19755
50594
49223
19757
50596
19754
19756
50598
19750
50600
49229
19752
50602
19749
19751
50604
19745
50606
49235
19747
50608
19744
19746
50610
19740
50612
49241
19742
50614
19739
19741
50616
19735
50618
49247
19737
50620
19734
19736
50622
19730
50624
49253
19732
50626
19729
19731
50628
19725
50630
49259
19727
50632
19724
19726
50634
19720
50636
49265
19722
50638
19719
19721
50640
19715
50642
49271
19717
50644
19714
19716
50646
19710
50648
49277
19712
50650
19709
19711
50652
19705
50654
49283
19707
50656
19704
19706
50658
19700
50660
49289
19702
50662
19699
19701
50664
19695
50666
49295
19697
50668
19694
19696
50670
19690
50672
49299
19692
50674
19689
19691
19688
19693
30037
30038
19698
30039
30040
50675
50671
19703
30041
30042
50669
50665
19708
30043
30044
50663
50659
19713
30045
30046
50657
50653
19718
30047
30048
50651
50647
19723
30049
30050
50645
50641
19728
30051
30052
50639
50635
19733
30053
30054
50633
50629
19738
30055
30056
50627
50623
19743
30057
30058
50621
50617
19748
30059
30060
50615
50611
19753
30061
30062
50609
50605
19758
30063
30064
50603
50599
19763
30065
30066
50597
50593
19768
30067
30068
19769
30036
19847
50676
49301
19849
19846
19848
19842
50678
49305
19844
19841
19843
50680
19837
50682
49311
19839
50684
19836
19838
50686
19832
50688
49317
19834
50690
19831
19833
50692
19827
50694
49323
19829
50696
19826
19828
50698
19822
50700
49329
19824
50702
19821
19823
50704
19817
50706
49335
19819
50708
19816
19818
50710
19812
50712
49341
19814
50714
19811
19813
50716
19807
50718
49347
19809
50720
19806
19808
50722
19802
50724
49353
19804
50726
19801
19803
50728
19797
50730
49359
19799
50732
19796
19798
50734
19792
50736
49365
19794
50738
19791
19793
50740
19787
50742
49371
19789
50744
19786
19788
50746
19782
50748
49377
19784
50750
19781
19783
50752
19777
50754
49383
19779
50756
19776
19778
50758
19772
50760
49387
19774
50762
19771
19773
19770
19775
30070
30071
19780
30072
30073
50763
50759
19785
30074
30075
50757
50753
19790
30076
30077
50751
50747
19795
30078
30079
50745
50741
19800
30080
30081
50739
50735
19805
30082
30083
50733
50729
19810
30084
30085
50727
50723
19815
30086
30087
50721
50717
19820
30088
30089
50715
50711
19825
30090
30091
50709
50705
19830
30092
30093
50703
50699
19835
30094
30095
50697
50693
19840
30096
30097
50691
50687
19845
30098
30099
50685
50681
19850
30100
30101
19851
30069
19929
50764
49389
19931
19928
19930
19924
50766
49393
19926
19923
19925
50768
19919
50770
49399
19921
50772
19918
19920
50774
19914
50776
49405
19916
50778
19913
19915
50780
19909
50782
49411
19911
50784
19908
19910
50786
19904
50788
49417
19906
50790
19903
19905
50792
19899
50794
49423
19901
50796
19898
19900
50798
19894
50800
49429
19896
50802
19893
19895
50804
19889
50806
49435
19891
50808
19888
19890
50810
19884
50812
49441
19886
50814
19883
19885
50816
19879
50818
49447
19881
50820
19878
19880
50822
19874
50824
49453
19876
50826
19873
19875
50828
19869
50830
49459
19871
50832
19868
19870
50834
19864
50836
49465
19866
50838
19863
19865
50840
19859
50842
49471
19861
50844
19858
19860
50846
19854
50848
49475
19856
50850
19853
19855
19852
19857
30103
30104
19862
30105
30106
50851
50847
19867
30107
30108
50845
50841
19872
30109
30110
50839
50835
19877
30111
30112
50833
50829
19882
30113
30114
50827
50823
19887
30115
30116
50821
50817
19892
30117
30118
50815
50811
19897
30119
30120
50809
50805
19902
30121
30122
50803
50799
19907
30123
30124
50797
50793
19912
30125
30126
50791
50787
19917
30127
30128
50785
50781
19922
30129
30130
50779
50775
19927
30131
30132
50773
50769
19932
30133
30134
19933
30102
20011
50852
49477
20013
20010
20012
20006
50854
49481
20008
20005
20007
50856
20001
50858
49487
20003
50860
20000
20002
50862
19996
50864
49493
19998
50866
19995
19997
50868
19991
50870
49499
19993
50872
19990
19992
50874
19986
50876
49505
19988
50878
19985
19987
50880
19981
50882
49511
19983
50884
19980
19982
50886
19976
50888
49517
19978
50890
19975
19977
50892
19971
50894
49523
19973
50896
19970
19972
50898
19966
50900
49529
19968
50902
19965
19967
50904
19961
50906
49535
19963
50908
19960
19962
50910
19956
50912
49541
19958
50914
19955
19957
50916
19951
50918
49547
19953
50920
19950
19952
50922
19946
50924
49553
19948
50926
19945
19947
50928
19941
50930
49559
19943
50932
19940
19942
50934
19936
50936
49563
19938
50938
19935
19937
19934
19939
30136
30137
19944
30138
30139
50939
50935
19949
30140
30141
50933
50929
19954
30142
30143
50927
50923
19959
30144
30145
50921
50917
19964
30146
30147
50915
50911
19969
30148
30149
50909
50905
19974
30150
30151
50903
50899
19979
30152
30153
50897
50893
19984
30154
30155
50891
50887
19989
30156
30157
50885
50881
19994
30158
30159
50879
50875
19999
30160
30161
50873
50869
20004
30162
30163
50867
50863
20009
30164
30165
50861
50857
20014
30166
30167
20015
30135
20093
50940
49565
20095
20092
20094
20088
50942
49569
20090
20087
20089
50944
20083
50946
49575
20085
50948
20082
20084
50950
20078
50952
49581
20080
50954
20077
20079
50956
20073
50958
49587
20075
50960
20072
20074
50962
20068
50964
49593
20070
50966
20067
20069
50968
20063
50970
49599
20065
50972
20062
20064
50974
20058
50976
49605
20060
50978
20057
20059
50980
20053
50982
49611
20055
50984
20052
20054
50986
20048
50988
49617
20050
50990
20047
20049
50992
20043
50994
49623
20045
50996
20042
20044
50998
20038
51000
49629
20040
51002
20037
20039
51004
20033
51006
49635
20035
51008
20032
20034
51010
20028
51012
49641
20030
51014
20027
20029
51016
20023
51018
49647
20025
51020
20022
20024
51022
20018
51024
49651
20020
51026
20017
20019
20016
20021
30169
30170
20026
30171
30172
51027
51023
20031
30173
30174
51021
51017
20036
30175
30176
51015
51011
20041
30177
30178
51009
51005
20046
30179
30180
51003
50999
20051
30181
30182
50997
50993
20056
30183
30184
50991
50987
20061
30185
30186
50985
50981
20066
30187
30188
50979
50975
20071
30189
30190
50973
50969
20076
30191
30192
50967
50963
20081
30193
30194
50961
50957
20086
30195
30196
50955
50951
20091
30197
30198
50949
50945
20096
30199
30200
20097
30168
20175
51028
49653
20177
20174
20176
20170
51030
49657
20172
20169
20171
51032
20165
51034
49663
20167
51036
20164
20166
51038
20160
51040
49669
20162
51042
20159
20161
51044
20155
51046
49675
20157
51048
20154
20156
51050
20150
51052
49681
20152
51054
20149
20151
51056
20145
51058
49687
20147
51060
20144
20146
51062
20140
51064
49693
20142
51066
20139
20141
51068
20135
51070
49699
20137
51072
20134
20136
51074
20130
51076
49705
20132
51078
20129
20131
51080
20125
51082
49711
20127
51084
20124
20126
51086
20120
51088
49717
20122
51090
20119
20121
51092
20115
51094
49723
20117
51096
20114
20116
51098
20110
51100
49729
20112
51102
20109
20111
51104
20105
51106
49735
20107
51108
20104
20106
51110
20100
51112
49739
20102
51114
20099
20101
20098
20103
30202
30203
20108
30204
30205
51115
51111
20113
30206
30207
51109
51105
20118
30208
30209
51103
51099
20123
30210
30211
51097
51093
20128
30212
30213
51091
51087
20133
30214
30215
51085
51081
20138
30216
30217
51079
51075
20143
30218
30219
51073
51069
20148
30220
30221
51067
51063
20153
30222
30223
51061
51057
20158
30224
30225
51055
51051
20163
30226
30227
51049
51045
20168
30228
30229
51043
51039
20173
30230
30231
51037
51033
20178
30232
30233
20179
30201
20257
51116
49741
20259
20256
20258
20252
51118
49745
20254
20251
20253
51120
20247
51122
49751
20249
51124
20246
20248
51126
20242
51128
49757
20244
51130
20241
20243
51132
20237
51134
49763
20239
51136
20236
20238
51138
20232
51140
49769
20234
51142
20231
20233
51144
20227
51146
49775
20229
51148
20226
20228
51150
20222
51152
49781
20224
51154
20221
20223
51156
20217
51158
49787
20219
51160
20216
20218
51162
20212
51164
49793
20214
51166
20211
20213
51168
20207
51170
49799
20209
51172
20206
20208
51174
20202
51176
49805
20204
51178
20201
20203
51180
20197
51182
49811
20199
51184
20196
20198
51186
20192
51188
49817
20194
51190
20191
20193
51192
20187
51194
49823
20189
51196
20186
20188
51198
20182
51200
49827
20184
51202
20181
20183
20180
20185
30235
30236
20190
30237
30238
51203
51199
20195
30239
30240
51197
51193
20200
30241
30242
51191
51187
20205
30243
30244
51185
51181
20210
30245
30246
51179
51175
20215
30247
30248
51173
51169
20220
30249
30250
51167
51163
20225
30251
30252
51161
51157
20230
30253
30254
51155
51151
20235
30255
30256
51149
51145
20240
30257
30258
51143
51139
20245
30259
30260
51137
51133
20250
30261
30262
51131
51127
20255
30263
30264
51125
51121
20260
30265
30266
20261
30234
20339
51204
49829
20341
20338
20340
20334
51206
49833
20336
20333
20335
51208
20329
51210
49839
20331
51212
20328
20330
51214
20324
51216
49845
20326
51218
20323
20325
51220
20319
51222
49851
20321
51224
20318
20320
51226
20314
51228
49857
20316
51230
20313
20315
51232
20309
51234
49863
20311
51236
20308
20310
51238
20304
51240
49869
20306
51242
20303
20305
51244
20299
51246
49875
20301
51248
20298
20300
51250
20294
51252
49881
20296
51254
20293
20295
51256
20289
51258
49887
20291
51260
20288
20290
51262
20284
51264
49893
20286
51266
20283
20285
51268
20279
51270
49899
20281
51272
20278
20280
51274
20274
51276
49905
20276
51278
20273
20275
51280
20269
51282
49911
20271
51284
20268
20270
51286
20264
51288
49915
20266
51290
20263
20265
20262
20267
30268
30269
20272
30270
30271
51291
51287
20277
30272
30273
51285
51281
20282
30274
30275
51279
51275
20287
30276
30277
51273
51269
20292
30278
30279
51267
51263
20297
30280
30281
51261
51257
20302
30282
30283
51255
51251
20307
30284
30285
51249
51245
20312
30286
30287
51243
51239
20317
30288
30289
51237
51233
20322
30290
30291
51231
51227
20327
30292
30293
51225
51221
20332
30294
30295
51219
51215
20337
30296
30297
51213
51209
20342
30298
30299
20343
30267
20421
51292
49917
20423
20420
20422
20416
51294
49921
20418
20415
20417
51296
20411
51298
49927
20413
51300
20410
20412
51302
20406
51304
49933
20408
51306
20405
20407
51308
20401
51310
49939
20403
51312
20400
20402
51314
20396
51316
49945
20398
51318
20395
20397
51320
20391
51322
49951
20393
51324
20390
20392
51326
20386
51328
49957
20388
51330
20385
20387
51332
20381
51334
49963
20383
51336
20380
20382
51338
20376
51340
49969
20378
51342
20375
20377
51344
20371
51346
49975
20373
51348
20370
20372
51350
20366
51352
49981
20368
51354
20365
20367
51356
20361
51358
49987
20363
51360
20360
20362
51362
20356
51364
49993
20358
51366
20355
20357
51368
20351
51370
49999
20353
51372
20350
20352
51374
20346
51376
50003
20348
51378
20345
20347
20344
20349
30301
30302
20354
30303
30304
51379
51375
20359
30305
30306
51373
51369
20364
30307
30308
51367
51363
20369
30309
30310
51361
51357
20374
30311
30312
51355
51351
20379
30313
30314
51349
51345
20384
30315
30316
51343
51339
20389
30317
30318
51337
51333
20394
30319
30320
51331
51327
20399
30321
30322
51325
51321
20404
30323
30324
51319
51315
20409
30325
30326
51313
51309
20414
30327
30328
51307
51303
20419
30329
30330
51301
51297
20424
30331
30332
20425
30300
20503
51380
50005
20505
20502
20504
20498
51382
50009
20500
20497
20499
51384
20493
51386
50015
20495
51388
20492
20494
51390
20488
51392
50021
20490
51394
20487
20489
51396
20483
51398
50027
20485
51400
20482
20484
51402
20478
51404
50033
20480
51406
20477
20479
51408
20473
51410
50039
20475
51412
20472
20474
51414
20468
51416
50045
20470
51418
20467
20469
51420
20463
51422
50051
20465
51424
20462
20464
51426
20458
51428
50057
20460
51430
20457
20459
51432
20453
51434
50063
20455
51436
20452
20454
51438
20448
51440
50069
20450
51442
20447
20449
51444
20443
51446
50075
20445
51448
20442
20444
51450
20438
51452
50081
20440
51454
20437
20439
51456
20433
51458
50087
20435
51460
20432
20434
51462
20428
51464
50091
20430
51466
20427
20429
20426
20431
30334
30335
20436
30336
30337
51467
51463
20441
30338
30339
51461
51457
20446
30340
30341
51455
51451
20451
30342
30343
51449
51445
20456
30344
30345
51443
51439
20461
30346
30347
51437
51433
20466
30348
30349
51431
51427
20471
30350
30351
51425
51421
20476
30352
30353
51419
51415
20481
30354
30355
51413
51409
20486
30356
30357
51407
51403
20491
30358
30359
51401
51397
20496
30360
30361
51395
51391
20501
30362
30363
51389
51385
20506
30364
30365
20507
30333
20585
51468
50093
20587
20584
20586
20580
51470
50097
20582
20579
20581
51472
20575
51474
50103
20577
51476
20574
20576
51478
20570
20572
51480
20569
20571
51482
20565
20567
51484
20564
20566
51486
20560
20562
51488
20559
20561
51490
20555
20557
51492
20554
20556
51494
20550
20552
51496
20549
20551
51498
20545
20547
51500
20544
20546
51502
20540
20542
51504
20539
20541
51506
20535
20537
51508
20534
20536
51510
20530
20532
51512
20529
20531
51514
20525
20527
51516
20524
20526
51518
20520
20522
51520
20519
20521
51522
20515
20517
51524
20514
20516
51526
20510
20512
51528
20509
20511
20508
20513
30367
30368
20518
30369
30370
51529
51527
20523
30371
30372
51525
51523
20528
30373
30374
51521
51519
20533
30375
30376
51517
51515
20538
30377
30378
51513
51511
20543
30379
30380
51509
51507
20548
30381
30382
51505
51503
20553
30383
30384
51501
51499
20558
30385
30386
51497
51495
20563
30387
30388
51493
51491
20568
30389
30390
51489
51487
20573
30391
30392
51485
51483
20578
30393
30394
51481
51479
20583
30395
30396
51477
51473
20588
30397
30398
20589
30366
20667
20669
20666
20668
29934
20662
20664
20661
20663
29931
51530
20657
50325
20659
51532
20656
20658
29928
51534
20652
50319
20654
51536
20651
20653
29925
51538
20647
50311
20649
51540
20646
20648
29922
51542
20642
50303
20644
51544
20641
20643
29919
51546
20637
50295
20639
51548
20636
20638
29916
51550
20632
50287
20634
51552
20631
20633
29913
51554
20627
50279
20629
51556
20626
20628
29910
51558
20622
50271
20624
51560
20621
20623
29907
51562
20617
50263
20619
51564
20616
20618
29904
51566
20612
50255
20614
51568
20611
20613
29901
51570
20607
50247
20609
51572
20606
20608
29898
51574
20602
50239
20604
51576
20601
20603
29895
51578
20597
50231
20599
51580
20596
20598
29892
51582
20592
50223
20594
51584
20591
20593
29889
20590
20595
30400
30401
20600
30402
30403
51585
51583
20605
30404
30405
51581
51579
20610
30406
30407
51577
51575
20615
30408
30409
51573
51571
20620
30410
30411
51569
51567
20625
30412
30413
51565
51563
20630
30414
30415
51561
51559
20635
30416
30417
51557
51555
20640
30418
30419
51553
51551
20645
30420
30421
51549
51547
20650
30422
30423
51545
51543
20655
30424
30425
51541
51539
20660
30426
30427
51537
51535
20665
30428
30429
51533
51531
20670
30430
30431
20671
30399
20781
50215
20783
22078
20778
20779
20780
20782
20774
50211
20776
22074
20771
20772
20773
20775
51586
20767
51588
50217
20769
22070
20764
20765
51590
20766
20768
51592
20760
51594
50225
20762
22066
20757
20758
51596
20759
20761
51598
20753
51600
50233
20755
22062
20750
20751
51602
20752
20754
51604
20746
51606
50241
20748
22058
20743
20744
51608
20745
20747
51610
20739
51612
50249
20741
22054
20736
20737
51614
20738
20740
51616
20732
51618
50257
20734
22050
20729
20730
51620
20731
20733
51622
20725
51624
50265
20727
22046
20722
20723
51626
20724
20726
51628
20718
51630
50273
20720
22042
20715
20716
51632
20717
20719
51634
20711
51636
50281
20713
22038
20708
20709
51638
20710
20712
51640
20704
51642
50289
20706
22034
20701
20702
51644
20703
20705
51646
20697
51648
50297
20699
22030
20694
20695
51650
20696
20698
51652
20690
51654
50305
20692
22026
20687
20688
51656
20689
20691
51658
20683
51660
50313
20685
22022
20680
20681
51662
20682
20684
51664
20676
51666
50321
20678
22018
20673
20674
51668
20675
20677
20672
20679
30434
30435
20686
30437
30438
51669
51665
20693
30440
30441
51663
51659
20700
30443
30444
51657
51653
20707
30446
30447
51651
51647
20714
30449
30450
51645
51641
20721
30452
30453
51639
51635
20728
30455
30456
51633
51629
20735
30458
30459
51627
51623
20742
30461
30462
51621
51617
20749
30464
30465
51615
51611
20756
30467
30468
51609
51605
20763
30470
30471
51603
51599
20770
30473
30474
51597
51593
20777
30476
30477
51591
51587
20784
30479
30480
20785
30432
20863
51670
50327
20865
22127
20862
20864
20858
50331
20860
22124
20857
20859
51672
20853
50337
20855
22121
51674
20852
20854
51676
20848
50343
20850
22118
51678
20847
20849
51680
20843
50349
20845
22115
51682
20842
20844
51684
20838
50355
20840
22112
51686
20837
20839
51688
20833
50361
20835
22109
51690
20832
20834
51692
20828
50367
20830
22106
51694
20827
20829
51696
20823
50373
20825
22103
51698
20822
20824
51700
20818
50379
20820
22100
51702
20817
20819
51704
20813
50385
20815
22097
51706
20812
20814
51708
20808
50391
20810
22094
51710
20807
20809
51712
20803
50397
20805
22091
51714
20802
20804
51716
20798
50403
20800
22088
51718
20797
20799
51720
20793
50409
20795
22085
51722
20792
20794
51724
20788
50413
20790
22082
51726
20787
20789
20786
20791
30482
30483
20796
30484
30485
51727
51725
20801
30486
30487
51723
51721
20806
30488
30489
51719
51717
20811
30490
30491
51715
51713
20816
30492
30493
51711
51709
20821
30494
30495
51707
51705
20826
30496
30497
51703
51701
20831
30498
30499
51699
51697
20836
30500
30501
51695
51693
20841
30502
30503
51691
51689
20846
30504
30505
51687
51685
20851
30506
30507
51683
51681
20856
30508
30509
51679
51677
20861
30510
30511
51675
51673
20866
30512
30513
20867
30481
20945
50415
20947
22176
20944
20946
20940
50419
20942
22173
20939
20941
51728
20935
50425
20937
22170
51730
20934
20936
51732
20930
50431
20932
22167
51734
20929
20931
51736
20925
50437
20927
22164
51738
20924
20926
51740
20920
50443
20922
22161
51742
20919
20921
51744
20915
50449
20917
22158
51746
20914
20916
51748
20910
50455
20912
22155
51750
20909
20911
51752
20905
50461
20907
22152
51754
20904
20906
51756
20900
50467
20902
22149
51758
20899
20901
51760
20895
50473
20897
22146
51762
20894
20896
51764
20890
50479
20892
22143
51766
20889
20891
51768
20885
50485
20887
22140
51770
20884
20886
51772
20880
50491
20882
22137
51774
20879
20881
51776
20875
50497
20877
22134
51778
20874
20876
51780
20870
50501
20872
22131
51782
20869
20871
20868
20873
30515
30516
20878
30517
30518
51783
51781
20883
30519
30520
51779
51777
20888
30521
30522
51775
51773
20893
30523
30524
51771
51769
20898
30525
30526
51767
51765
20903
30527
30528
51763
51761
20908
30529
30530
51759
51757
20913
30531
30532
51755
51753
20918
30533
30534
51751
51749
20923
30535
30536
51747
51745
20928
30537
30538
51743
51741
20933
30539
30540
51739
51737
20938
30541
30542
51735
51733
20943
30543
30544
51731
51729
20948
30545
30546
20949
30514
21027
50503
21029
22225
21026
21028
21022
50507
21024
22222
21021
21023
51784
21017
50513
21019
22219
51786
21016
21018
51788
21012
50519
21014
22216
51790
21011
21013
51792
21007
50525
21009
22213
51794
21006
21008
51796
21002
50531
21004
22210
51798
21001
21003
51800
20997
50537
20999
22207
51802
20996
20998
51804
20992
50543
20994
22204
51806
20991
20993
51808
20987
50549
20989
22201
51810
20986
20988
51812
20982
50555
20984
22198
51814
20981
20983
51816
20977
50561
20979
22195
51818
20976
20978
51820
20972
50567
20974
22192
51822
20971
20973
51824
20967
50573
20969
22189
51826
20966
20968
51828
20962
50579
20964
22186
51830
20961
20963
51832
20957
50585
20959
22183
51834
20956
20958
51836
20952
50589
20954
22180
51838
20951
20953
20950
20955
30548
30549
20960
30550
30551
51839
51837
20965
30552
30553
51835
51833
20970
30554
30555
51831
51829
20975
30556
30557
51827
51825
20980
30558
30559
51823
51821
20985
30560
30561
51819
51817
20990
30562
30563
51815
51813
20995
30564
30565
51811
51809
21000
30566
30567
51807
51805
21005
30568
30569
51803
51801
21010
30570
30571
51799
51797
21015
30572
30573
51795
51793
21020
30574
30575
51791
51789
21025
30576
30577
51787
51785
21030
30578
30579
21031
30547
21109
50591
21111
22274
21108
21110
21104
50595
21106
22271
21103
21105
51840
21099
50601
21101
22268
51842
21098
21100
51844
21094
50607
21096
22265
51846
21093
21095
51848
21089
50613
21091
22262
51850
21088
21090
51852
21084
50619
21086
22259
51854
21083
21085
51856
21079
50625
21081
22256
51858
21078
21080
51860
21074
50631
21076
22253
51862
21073
21075
51864
21069
50637
21071
22250
51866
21068
21070
51868
21064
50643
21066
22247
51870
21063
21065
51872
21059
50649
21061
22244
51874
21058
21060
51876
21054
50655
21056
22241
51878
21053
21055
51880
21049
50661
21051
22238
51882
21048
21050
51884
21044
50667
21046
22235
51886
21043
21045
51888
21039
50673
21041
22232
51890
21038
21040
51892
21034
50677
21036
22229
51894
21033
21035
21032
21037
30581
30582
21042
30583
30584
51895
51893
21047
30585
30586
51891
51889
21052
30587
30588
51887
51885
21057
30589
30590
51883
51881
21062
30591
30592
51879
51877
21067
30593
30594
51875
51873
21072
30595
30596
51871
51869
21077
30597
30598
51867
51865
21082
30599
30600
51863
51861
21087
30601
30602
51859
51857
21092
30603
30604
51855
51853
21097
30605
30606
51851
51849
21102
30607
30608
51847
51845
21107
30609
30610
51843
51841
21112
30611
30612
21113
30580
21191
50679
21193
22323
21190
21192
21186
50683
21188
22320
21185
21187
51896
21181
50689
21183
22317
51898
21180
21182
51900
21176
50695
21178
22314
51902
21175
21177
51904
21171
50701
21173
22311
51906
21170
21172
51908
21166
50707
21168
22308
51910
21165
21167
51912
21161
50713
21163
22305
51914
21160
21162
51916
21156
50719
21158
22302
51918
21155
21157
51920
21151
50725
21153
22299
51922
21150
21152
51924
21146
50731
21148
22296
51926
21145
21147
51928
21141
50737
21143
22293
51930
21140
21142
51932
21136
50743
21138
22290
51934
21135
21137
51936
21131
50749
21133
22287
51938
21130
21132
51940
21126
50755
21128
22284
51942
21125
21127
51944
21121
50761
21123
22281
51946
21120
21122
51948
21116
50765
21118
22278
51950
21115
21117
21114
21119
30614
30615
21124
30616
30617
51951
51949
21129
30618
30619
51947
51945
21134
30620
30621
51943
51941
21139
30622
30623
51939
51937
21144
30624
30625
51935
51933
21149
30626
30627
51931
51929
21154
30628
30629
51927
51925
21159
30630
30631
51923
51921
21164
30632
30633
51919
51917
21169
30634
30635
51915
51913
21174
30636
30637
51911
51909
21179
30638
30639
51907
51905
21184
30640
30641
51903
51901
21189
30642
30643
51899
51897
21194
30644
30645
21195
30613
21273
50767
21275
22372
21272
21274
21268
50771
21270
22369
21267
21269
51952
21263
50777
21265
22366
51954
21262
21264
51956
21258
50783
21260
22363
51958
21257
21259
51960
21253
50789
21255
22360
51962
21252
21254
51964
21248
50795
21250
22357
51966
21247
21249
51968
21243
50801
21245
22354
51970
21242
21244
51972
21238
50807
21240
22351
51974
21237
21239
51976
21233
50813
21235
22348
51978
21232
21234
51980
21228
50819
21230
22345
51982
21227
21229
51984
21223
50825
21225
22342
51986
21222
21224
51988
21218
50831
21220
22339
51990
21217
21219
51992
21213
50837
21215
22336
51994
21212
21214
51996
21208
50843
21210
22333
51998
21207
21209
52000
21203
50849
21205
22330
52002
21202
21204
52004
21198
50853
21200
22327
52006
21197
21199
21196
21201
30647
30648
21206
30649
30650
52007
52005
21211
30651
30652
52003
52001
21216
30653
30654
51999
51997
21221
30655
30656
51995
51993
21226
30657
30658
51991
51989
21231
30659
30660
51987
51985
21236
30661
30662
51983
51981
21241
30663
30664
51979
51977
21246
30665
30666
51975
51973
21251
30667
30668
51971
51969
21256
30669
30670
51967
51965
21261
30671
30672
51963
51961
21266
30673
30674
51959
51957
21271
30675
30676
51955
51953
21276
30677
30678
21277
30646
21355
50855
21357
22421
21354
21356
21350
50859
21352
22418
21349
21351
52008
21345
50865
21347
22415
52010
21344
21346
52012
21340
50871
21342
22412
52014
21339
21341
52016
21335
50877
21337
22409
52018
21334
21336
52020
21330
50883
21332
22406
52022
21329
21331
52024
21325
50889
21327
22403
52026
21324
21326
52028
21320
50895
21322
22400
52030
21319
21321
52032
21315
50901
21317
22397
52034
21314
21316
52036
21310
50907
21312
22394
52038
21309
21311
52040
21305
50913
21307
22391
52042
21304
21306
52044
21300
50919
21302
22388
52046
21299
21301
52048
21295
50925
21297
22385
52050
21294
21296
52052
21290
50931
21292
22382
52054
21289
21291
52056
21285
50937
21287
22379
52058
21284
21286
52060
21280
50941
21282
22376
52062
21279
21281
21278
21283
30680
30681
21288
30682
30683
52063
52061
21293
30684
30685
52059
52057
21298
30686
30687
52055
52053
21303
30688
30689
52051
52049
21308
30690
30691
52047
52045
21313
30692
30693
52043
52041
21318
30694
30695
52039
52037
21323
30696
30697
52035
52033
21328
30698
30699
52031
52029
21333
30700
30701
52027
52025
21338
30702
30703
52023
52021
21343
30704
30705
52019
52017
21348
30706
30707
52015
52013
21353
30708
30709
52011
52009
21358
30710
30711
21359
30679
21437
50943
21439
22470
21436
21438
21432
50947
21434
22467
21431
21433
52064
21427
50953
21429
22464
52066
21426
21428
52068
21422
50959
21424
22461
52070
21421
21423
52072
21417
50965
21419
22458
52074
21416
21418
52076
21412
50971
21414
22455
52078
21411
21413
52080
21407
50977
21409
22452
52082
21406
21408
52084
21402
50983
21404
22449
52086
21401
21403
52088
21397
50989
21399
22446
52090
21396
21398
52092
21392
50995
21394
22443
52094
21391
21393
52096
21387
51001
21389
22440
52098
21386
21388
52100
21382
51007
21384
22437
52102
21381
21383
52104
21377
51013
21379
22434
52106
21376
21378
52108
21372
51019
21374
22431
52110
21371
21373
52112
21367
51025
21369
22428
52114
21366
21368
52116
21362
51029
21364
22425
52118
21361
21363
21360
21365
30713
30714
21370
30715
30716
52119
52117
21375
30717
30718
52115
52113
21380
30719
30720
52111
52109
21385
30721
30722
52107
52105
21390
30723
30724
52103
52101
21395
30725
30726
52099
52097
21400
30727
30728
52095
52093
21405
30729
30730
52091
52089
21410
30731
30732
52087
52085
21415
30733
30734
52083
52081
21420
30735
30736
52079
52077
21425
30737
30738
52075
52073
21430
30739
30740
52071
52069
21435
30741
30742
52067
52065
21440
30743
30744
21441
30712
21519
51031
21521
22519
21518
21520
21514
51035
21516
22516
21513
21515
52120
21509
51041
21511
22513
52122
21508
21510
52124
21504
51047
21506
22510
52126
21503
21505
52128
21499
51053
21501
22507
52130
21498
21500
52132
21494
51059
21496
22504
52134
21493
21495
52136
21489
51065
21491
22501
52138
21488
21490
52140
21484
51071
21486
22498
52142
21483
21485
52144
21479
51077
21481
22495
52146
21478
21480
52148
21474
51083
21476
22492
52150
21473
21475
52152
21469
51089
21471
22489
52154
21468
21470
52156
21464
51095
21466
22486
52158
21463
21465
52160
21459
51101
21461
22483
52162
21458
21460
52164
21454
51107
21456
22480
52166
21453
21455
52168
21449
51113
21451
22477
52170
21448
21450
52172
21444
51117
21446
22474
52174
21443
21445
21442
21447
30746
30747
21452
30748
30749
52175
52173
21457
30750
30751
52171
52169
21462
30752
30753
52167
52165
21467
30754
30755
52163
52161
21472
30756
30757
52159
52157
21477
30758
30759
52155
52153
21482
30760
30761
52151
52149
21487
30762
30763
52147
52145
21492
30764
30765
52143
52141
21497
30766
30767
52139
52137
21502
30768
30769
52135
52133
21507
30770
30771
52131
52129
21512
30772
30773
52127
52125
21517
30774
30775
52123
52121
21522
30776
30777
21523
30745
21601
51119
21603
22568
21600
21602
21596
51123
21598
22565
21595
21597
52176
21591
51129
21593
22562
52178
21590
21592
52180
21586
51135
21588
22559
52182
21585
21587
52184
21581
51141
21583
22556
52186
21580
21582
52188
21576
51147
21578
22553
52190
21575
21577
52192
21571
51153
21573
22550
52194
21570
21572
52196
21566
51159
21568
22547
52198
21565
21567
52200
21561
51165
21563
22544
52202
21560
21562
52204
21556
51171
21558
22541
52206
21555
21557
52208
21551
51177
21553
22538
52210
21550
21552
52212
21546
51183
21548
22535
52214
21545
21547
52216
21541
51189
21543
22532
52218
21540
21542
52220
21536
51195
21538
22529
52222
21535
21537
52224
21531
51201
21533
22526
52226
21530
21532
52228
21526
51205
21528
22523
52230
21525
21527
21524
21529
30779
30780
21534
30781
30782
52231
52229
21539
30783
30784
52227
52225
21544
30785
30786
52223
52221
21549
30787
30788
52219
52217
21554
30789
30790
52215
52213
21559
30791
30792
52211
52209
21564
30793
30794
52207
52205
21569
30795
30796
52203
52201
21574
30797
30798
52199
52197
21579
30799
30800
52195
52193
21584
30801
30802
52191
52189
21589
30803
30804
52187
52185
21594
30805
30806
52183
52181
21599
30807
30808
52179
52177
21604
30809
30810
21605
30778
21683
51207
21685
22617
21682
21684
21678
51211
21680
22614
21677
21679
52232
21673
51217
21675
22611
52234
21672
21674
52236
21668
51223
21670
22608
52238
21667
21669
52240
21663
51229
21665
22605
52242
21662
21664
52244
21658
51235
21660
22602
52246
21657
21659
52248
21653
51241
21655
22599
52250
21652
21654
52252
21648
51247
21650
22596
52254
21647
21649
52256
21643
51253
21645
22593
52258
21642
21644
52260
21638
51259
21640
22590
52262
21637
21639
52264
21633
51265
21635
22587
52266
21632
21634
52268
21628
51271
21630
22584
52270
21627
21629
52272
21623
51277
21625
22581
52274
21622
21624
52276
21618
51283
21620
22578
52278
21617
21619
52280
21613
51289
21615
22575
52282
21612
21614
52284
21608
51293
21610
22572
52286
21607
21609
21606
21611
30812
30813
21616
30814
30815
52287
52285
21621
30816
30817
52283
52281
21626
30818
30819
52279
52277
21631
30820
30821
52275
52273
21636
30822
30823
52271
52269
21641
30824
30825
52267
52265
21646
30826
30827
52263
52261
21651
30828
30829
52259
52257
21656
30830
30831
52255
52253
21661
30832
30833
52251
52249
21666
30834
30835
52247
52245
21671
30836
30837
52243
52241
21676
30838
30839
52239
52237
21681
30840
30841
52235
52233
21686
30842
30843
21687
30811
21765
51295
21767
22666
21764
21766
21760
51299
21762
22663
21759
21761
52288
21755
51305
21757
22660
52290
21754
21756
52292
21750
51311
21752
22657
52294
21749
21751
52296
21745
51317
21747
22654
52298
21744
21746
52300
21740
51323
21742
22651
52302
21739
21741
52304
21735
51329
21737
22648
52306
21734
21736
52308
21730
51335
21732
22645
52310
21729
21731
52312
21725
51341
21727
22642
52314
21724
21726
52316
21720
51347
21722
22639
52318
21719
21721
52320
21715
51353
21717
22636
52322
21714
21716
52324
21710
51359
21712
22633
52326
21709
21711
52328
21705
51365
21707
22630
52330
21704
21706
52332
21700
51371
21702
22627
52334
21699
21701
52336
21695
51377
21697
22624
52338
21694
21696
52340
21690
51381
21692
22621
52342
21689
21691
21688
21693
30845
30846
21698
30847
30848
52343
52341
21703
30849
30850
52339
52337
21708
30851
30852
52335
52333
21713
30853
30854
52331
52329
21718
30855
30856
52327
52325
21723
30857
30858
52323
52321
21728
30859
30860
52319
52317
21733
30861
30862
52315
52313
21738
30863
30864
52311
52309
21743
30865
30866
52307
52305
21748
30867
30868
52303
52301
21753
30869
30870
52299
52297
21758
30871
30872
52295
52293
21763
30873
30874
52291
52289
21768
30875
30876
21769
30844
21847
51383
21849
22715
21846
21848
21842
51387
21844
22712
21841
21843
52344
21837
51393
21839
22709
52346
21836
21838
52348
21832
51399
21834
22706
52350
21831
21833
52352
21827
51405
21829
22703
52354
21826
21828
52356
21822
51411
21824
22700
52358
21821
21823
52360
21817
51417
21819
22697
52362
21816
21818
52364
21812
51423
21814
22694
52366
21811
21813
52368
21807
51429
21809
22691
52370
21806
21808
52372
21802
51435
21804
22688
52374
21801
21803
52376
21797
51441
21799
22685
52378
21796
21798
52380
21792
51447
21794
22682
52382
21791
21793
52384
21787
51453
21789
22679
52386
21786
21788
52388
21782
51459
21784
22676
52390
21781
21783
52392
21777
51465
21779
22673
52394
21776
21778
52396
21772
51469
21774
22670
52398
21771
21773
21770
21775
30878
30879
21780
30880
30881
52399
52397
21785
30882
30883
52395
52393
21790
30884
30885
52391
52389
21795
30886
30887
52387
52385
21800
30888
30889
52383
52381
21805
30890
30891
52379
52377
21810
30892
30893
52375
52373
21815
30894
30895
52371
52369
21820
30896
30897
52367
52365
21825
30898
30899
52363
52361
21830
30900
30901
52359
52357
21835
30902
30903
52355
52353
21840
30904
30905
52351
52349
21845
30906
30907
52347
52345
21850
30908
30909
21851
30877
21929
51471
21931
22764
21928
21930
21924
51475
21926
22761
21923
21925
52400
21919
21921
22758
52402
21918
21920
52404
21914
21916
22755
52406
21913
21915
52408
21909
21911
22752
52410
21908
21910
52412
21904
21906
22749
52414
21903
21905
52416
21899
21901
22746
52418
21898
21900
52420
21894
21896
22743
52422
21893
21895
52424
21889
21891
22740
52426
21888
21890
52428
21884
21886
22737
52430
21883
21885
52432
21879
21881
22734
52434
21878
21880
52436
21874
21876
22731
52438
21873
21875
52440
21869
21871
22728
52442
21868
21870
52444
21864
21866
22725
52446
21863
21865
52448
21859
21861
22722
52450
21858
21860
52452
21854
21856
22719
52454
21853
21855
21852
21857
30911
30912
21862
30913
30914
52455
52453
21867
30915
30916
52451
52449
21872
30917
30918
52447
52445
21877
30919
30920
52443
52441
21882
30921
30922
52439
52437
21887
30923
30924
52435
52433
21892
30925
30926
52431
52429
21897
30927
30928
52427
52425
21902
30929
30930
52423
52421
21907
30931
30932
52419
52417
21912
30933
30934
52415
52413
21917
30935
30936
52411
52409
21922
30937
30938
52407
52405
21927
30939
30940
52403
52401
21932
30941
30942
21933
30910
22011
22013
22813
22010
22012
30478
22006
51671
22008
22810
22005
22007
30475
52456
22001
51667
22003
22807
52458
22000
22002
30472
52460
21996
51661
21998
22804
52462
21995
21997
30469
52464
21991
51655
21993
22801
52466
21990
21992
30466
52468
21986
51649
21988
22798
52470
21985
21987
30463
52472
21981
51643
21983
22795
52474
21980
21982
30460
52476
21976
51637
21978
22792
52478
21975
21977
30457
52480
21971
51631
21973
22789
52482
21970
21972
30454
52484
21966
51625
21968
22786
52486
21965
21967
30451
52488
21961
51619
21963
22783
52490
21960
21962
30448
52492
21956
51613
21958
22780
52494
21955
21957
30445
52496
21951
51607
21953
22777
52498
21950
21952
30442
52500
21946
51601
21948
22774
52502
21945
21947
30439
52504
21941
51595
21943
22771
52506
21940
21942
30436
52508
21936
51589
21938
22768
52510
21935
21937
30433
21934
21939
30944
30945
21944
30946
30947
52511
52509
21949
30948
30949
52507
52505
21954
30950
30951
52503
52501
21959
30952
30953
52499
52497
21964
30954
30955
52495
52493
21969
30956
30957
52491
52489
21974
30958
30959
52487
52485
21979
30960
30961
52483
52481
21984
30962
30963
52479
52477
21989
30964
30965
52475
52473
21994
30966
30967
52471
52469
21999
30968
30969
52467
52465
22004
30970
30971
52463
52461
22009
30972
30973
52459
52457
22014
30974
30975
22015
30943
