56
57
58
59
90
91
128
129
318
319
180
181
236
237
286
287
320
321
4
5
20
21
6
7
16
17
32
33
42
43
50
51
68
69
78
79
36086
36088
36090
36092
36094
36096
36098
36100
106
107
94
95
36102
116
117
36104
158
159
36106
168
169
36108
214
215
142
143
36110
224
225
36112
264
265
36114
22
23
36116
46
47
144
145
36118
274
275
36120
82
83
36122
120
121
36124
172
173
192
193
36126
228
229
36128
278
279
36130
52
53
36132
86
87
36134
124
125
194
195
36136
330
331
36138
176
177
36140
232
233
36142
282
283
196
197
36144
340
341
36146
344
345
352
353
36148
36150
348
349
36152
96
97
248
249
36154
132
133
36156
184
185
36158
240
241
36160
290
291
36162
380
381
250
251
36164
356
357
252
253
36166
390
391
36168
394
395
36170
398
399
402
403
36172
36174
406
407
298
299
300
301
302
303
432
433
364
365
366
367
368
369
414
415
36176
36178
448
449
416
417
418
419
136
137
146
147
36180
36182
138
139
36184
188
189
36186
244
245
202
203
36188
294
295
36190
360
361
36192
410
411
312
313
36194
148
149
36196
198
199
436
437
36198
254
255
36200
304
305
36202
370
371
36204
420
421
36206
204
205
0
1
36208
458
459
462
463
36210
466
467
470
471
36212
36214
474
475
36216
36218
478
479
36220
308
309
36222
424
425
482
483
36224
488
489
36226
314
315
484
485
36228
428
429
36230
498
499
36232
438
439
486
487
2
3
8
9
24073
24074
24076
508
509
36234
512
513
36236
516
517
520
521
36238
36240
524
525
36242
36244
528
529
532
533
534
535
536
537
36246
538
539
36248
542
543
36250
546
547
550
551
36252
36254
554
555
558
559
36256
560
561
10
11
12
13
14
15
18
19
24078
24079
24080
24081
24
25
24084
570
571
26
27
28
29
30
31
34
35
24086
24087
24088
24089
580
581
584
585
588
589
592
593
36258
36260
596
597
36262
36264
600
601
604
605
606
607
608
609
36266
36268
36270
610
611
36
37
38
39
40
41
44
36183
45
24091
24092
24093
24094
48
36119
49
24096
62
63
620
621
54
36133
55
24099
60
36099
61
24077
24082
24100
24102
64
65
66
67
70
36117
71
24104
24105
24106
24107
630
631
36272
634
635
36274
638
639
642
643
36276
36278
646
647
36280
36282
36284
650
651
654
655
656
657
658
659
36286
660
661
36288
664
665
36290
668
669
672
673
36292
36294
676
677
36296
680
681
684
685
36298
686
687
72
73
74
75
76
77
36300
36302
36304
36306
80
36101
81
24109
24110
24111
24112
84
36123
85
24114
100
101
696
697
88
36135
89
24085
24116
92
36095
93
24090
24095
24117
24118
98
36155
99
24121
102
103
104
105
108
36103
109
24123
24124
24125
24126
706
707
36308
710
711
36310
714
715
718
719
36312
36314
722
723
36316
36318
36320
726
727
730
731
732
733
734
735
36322
736
737
110
111
112
113
114
115
36324
36326
36328
118
36105
119
24128
24129
24130
24131
122
36125
123
24133
152
153
746
747
126
36137
127
24097
24135
130
36093
131
24108
24113
24136
24137
134
36157
135
24139
140
36330
36332
36185
141
24103
24142
150
36197
151
24143
24144
24145
24147
154
155
156
157
160
36107
161
24149
24150
24151
24152
756
757
760
761
764
765
768
769
772
773
36334
36336
36338
776
777
780
781
782
783
784
785
36340
36342
36344
786
787
36346
790
791
36348
794
795
798
36301
799
36350
36352
802
803
36354
806
807
162
163
164
165
166
167
36356
36358
36360
36362
170
36109
171
24154
24155
24156
24157
174
36127
175
24159
208
209
816
817
178
36141
179
24115
24161
182
36091
183
24127
24132
24162
24163
186
36159
187
24165
190
36364
36366
36187
191
24119
24122
24167
200
36199
201
24168
24169
24170
24171
24172
206
36209
207
24175
210
211
212
213
216
36111
217
24177
24178
24179
24180
826
827
830
831
834
835
838
839
842
843
36368
36370
36372
846
847
850
851
852
853
854
855
36374
36376
36378
856
857
218
219
220
221
222
223
36380
36382
36384
226
36113
227
24182
24183
24184
24185
230
36129
231
24187
258
259
866
867
234
36143
235
24134
24189
238
36089
239
24153
24158
24190
24191
242
36161
243
24193
246
36386
36388
36189
247
24138
24140
24195
256
36201
257
24196
24197
24198
24199
24200
260
261
262
263
266
36115
267
24202
24203
24204
24205
876
877
880
881
884
885
888
889
892
893
36390
36392
36394
896
897
900
901
902
903
904
905
36396
36398
36400
906
907
36402
910
911
36404
914
915
918
36357
919
36406
36408
922
923
36410
926
927
36412
930
931
934
935
36414
936
937
940
941
36416
942
943
36418
946
947
950
951
36420
952
953
268
269
270
271
36422
36424
36426
36428
36430
36432
272
273
276
36121
277
24207
24208
24209
24210
280
36131
281
24212
324
325
962
963
284
36145
285
24160
24214
288
36087
289
24181
24186
24215
24216
292
36163
293
24218
296
36434
36436
36191
297
24164
24166
24220
306
36203
307
24221
24222
24223
24224
24225
310
36223
311
24227
326
327
316
36229
317
24230
322
36097
323
24148
24173
24231
24233
328
329
332
36139
333
24235
24236
24237
24238
972
973
976
977
980
981
984
36425
985
988
989
36438
36440
36442
992
993
996
997
998
999
1000
1001
36444
36446
36448
1002
1003
334
335
336
337
338
339
342
36147
343
24240
24241
24242
24243
346
36151
347
24245
374
375
1012
1013
350
36153
351
24188
24247
354
36149
355
24206
24211
24248
24249
358
36167
359
24251
362
36450
36452
36193
363
24192
24194
24253
372
36205
373
24254
24255
24256
24257
24258
376
377
378
379
382
36165
383
24260
24261
24262
24263
1022
1023
1026
1027
1030
1031
1034
1035
1038
1039
36454
36456
36458
1042
1043
1046
1047
1048
1049
1050
1051
36460
36462
36464
1052
1053
36466
1056
1057
36468
1060
1061
1064
36423
1065
36470
36472
1068
1069
36474
1072
1073
384
385
386
387
388
389
392
36169
393
24265
24266
24267
24268
396
36171
397
24270
442
443
1082
1083
400
36175
401
24213
24272
404
36173
405
24239
24244
24273
24274
408
36179
409
24276
412
36476
36478
36195
413
24217
24219
24278
422
36207
423
24279
24280
24281
24282
24283
426
36225
427
24285
444
445
430
36231
431
24176
24287
434
36177
435
24201
24226
24288
24289
440
36245
441
24292
446
447
450
36181
451
24294
24295
24296
24297
1092
1093
1096
1097
1100
1101
1104
1105
1108
1109
36480
36482
36484
1112
1113
1116
1117
1118
1119
1120
1121
36486
36488
36490
1122
1123
452
453
454
455
456
457
460
36219
461
24299
24300
24301
24302
464
36211
465
24304
492
493
1132
1133
468
36215
469
24246
24306
472
36213
473
24264
24269
24307
24308
476
36217
477
24310
480
36492
36494
36221
481
24250
24252
24312
490
36227
491
24313
24314
24315
24316
24317
494
495
496
497
500
36233
501
24319
24320
24321
24322
1142
1143
1146
1147
1150
1151
1154
1155
1158
1159
36496
36498
36500
1162
1163
1166
1167
1168
1169
1170
1171
36502
36504
36506
1172
1173
36508
1176
1177
36510
1180
1181
1184
1185
36512
36514
1188
1189
36516
1192
1193
36518
1196
1197
502
503
504
505
506
507
510
36235
511
24324
24325
24326
24327
514
36237
515
24329
564
565
1206
1207
518
36241
519
24271
24331
522
36239
523
24298
24303
24332
24333
526
36243
527
24335
530
36520
36522
36247
531
24275
24277
24337
540
36249
541
24338
24339
24340
24341
24342
544
36251
545
24344
566
567
548
36255
549
24228
24346
552
36253
553
24259
24284
24347
24348
556
36257
557
24350
562
563
24234
24353
568
569
572
36269
573
24355
24356
24357
24358
1216
1217
1220
1221
1224
1225
1228
1229
1232
1233
1236
1237
1240
1241
1242
1243
1244
1245
36524
36526
36528
1246
1247
574
575
576
577
578
579
36530
36532
36534
582
36267
583
24360
24361
24362
24363
586
36265
587
24365
614
615
1256
1257
590
36536
36261
591
24305
24367
594
36259
595
24323
24328
24368
24369
598
36263
599
24371
602
36538
36540
36271
603
24309
24311
24373
612
36285
613
24374
24375
24376
24377
24378
616
617
618
619
622
36283
623
24380
24381
24382
24383
1266
1267
1270
1271
1274
1275
1278
1279
36542
36544
1282
1283
36546
36548
1286
1287
1290
1291
1292
1293
1294
1295
36550
36552
1296
1297
36554
1300
1301
36556
1304
1305
1308
1309
36558
36560
1312
1313
36562
1316
1317
624
625
626
627
628
629
632
36273
633
24385
24386
24387
24388
636
36275
637
24390
690
691
1326
1327
640
36564
36279
641
24330
24392
644
36277
645
24359
24364
24393
24394
648
36281
649
24396
652
36566
36287
653
24334
24336
24398
662
36289
36303
36305
36307
663
24399
24400
24401
24402
24403
666
36291
667
24405
692
693
670
36295
671
24286
24407
674
36293
675
24318
24343
24408
24409
678
36297
679
24411
682
36299
683
24290
24293
24413
688
36321
689
24416
944
36419
945
24544
694
695
698
36319
699
24418
24419
24420
24421
1336
1337
1340
1341
1344
1345
1348
1349
36568
36570
1352
1353
36572
36574
1356
1357
1360
1361
1362
1363
1364
1365
36576
36578
1366
1367
700
701
702
703
704
705
36580
36582
36584
708
36309
709
24423
24424
24425
24426
712
36311
713
24428
740
741
1376
1377
716
36586
36315
717
24366
24430
720
36313
721
24384
24389
24431
24432
724
36317
725
24434
728
36588
36323
729
24370
24372
24436
738
36333
36325
36327
36329
739
24437
24438
24439
24440
24441
742
743
744
745
748
36331
749
24443
24444
24445
24446
1386
1387
1390
1391
1394
1395
1398
1399
36590
36592
1402
1403
36594
36596
1406
1407
1410
1411
1412
1413
1414
1415
36598
36600
1416
1417
36602
1420
1421
36604
1424
1425
1428
1429
36606
36608
1432
1433
36610
1436
1437
36612
1440
1441
36614
1444
1445
36616
1448
1449
36618
1452
1453
36620
1456
36433
1457
1460
1461
36622
1462
1463
1466
1467
36624
1468
1469
1472
1473
36626
1474
1475
36628
1478
1479
36630
1482
1483
1486
1487
36632
1488
1489
750
751
36634
36636
36638
36640
36642
752
753
36644
36646
36648
36650
36652
36654
36656
36658
36660
754
755
758
36343
759
24448
24449
24450
24451
762
36341
763
24453
810
811
1498
1499
766
36662
36339
767
24391
24455
770
36335
771
24422
24427
24456
24457
774
36337
775
24459
778
36664
36345
779
24395
24397
24461
788
36347
36359
36361
36363
789
24462
24463
24464
24465
24466
792
36349
793
24468
812
813
796
36353
797
24345
24470
800
36351
801
24379
24404
24471
24472
804
36355
805
24474
808
36367
809
24349
24351
24476
814
815
818
36365
819
24478
24479
24480
24481
1508
1509
1512
1513
1516
1517
1520
36645
1521
36666
36668
1524
1525
36670
36672
1528
1529
1532
1533
1534
1535
1536
1537
36674
36676
1538
1539
820
821
822
823
824
825
828
36377
829
24483
24484
24485
24486
832
36375
833
24488
860
861
1548
1549
836
36678
36373
837
24429
24490
840
36369
841
24447
24452
24491
24492
844
36371
845
24494
848
36680
36379
849
24433
24435
24496
858
36389
36381
36383
36385
859
24497
24498
24499
24500
24501
862
863
864
865
868
36387
869
24503
24504
24505
24506
1558
1559
1562
1563
1566
1567
1570
1571
36682
36684
1574
1575
36686
36688
1578
1579
1582
1583
1584
1585
1586
1587
36690
36692
1588
1589
36694
1592
1593
36696
1596
1597
1600
36635
1601
36698
36700
1604
1605
36702
1608
1609
870
871
872
873
874
875
36704
36706
36708
36710
36712
878
36399
879
24508
24509
24510
24511
882
36397
883
24513
956
957
1618
1619
886
36714
36395
887
24454
24515
890
36391
891
24482
24487
24516
24517
894
36393
895
24519
898
36716
36401
899
24458
24460
24521
908
36403
36427
36429
36431
909
24522
24523
24524
24525
24526
912
36405
913
24528
958
959
916
36409
917
24406
24530
920
36407
921
24442
24467
24531
24532
924
36411
925
24534
928
36413
929
24410
24412
24536
932
36415
933
24538
948
36421
949
24546
938
36417
939
24541
954
36437
955
24542
24549
960
961
1470
1471
24417
24807
1476
1477
24545
24808
24810
964
36435
965
24551
24552
24553
24554
1628
1629
1632
1633
1636
1637
1640
36705
1641
1644
1645
1648
1649
1652
1653
1654
1655
1656
1657
36718
36720
36722
1658
1659
966
967
968
969
970
971
36724
36726
36728
36730
36732
36734
36736
36738
36740
36742
36744
36746
974
36447
975
24556
24557
24558
24559
978
36445
979
24561
1006
1007
1668
1669
982
36748
36443
983
24489
24563
986
36439
987
24507
24512
24564
24565
990
36441
991
24567
994
36750
36752
36449
995
24493
24495
24569
1004
36453
1005
24570
24571
24572
24573
24574
1008
1009
1010
1011
1014
36451
1015
24576
24577
24578
24579
1678
1679
1682
1683
1686
1687
1690
36743
1691
36754
36756
1694
1695
36758
36760
1698
1699
1702
1703
1704
1705
1706
1707
36762
36764
1708
1709
36766
1712
1713
36768
1716
1717
1720
36707
1721
36770
36772
1724
1725
36774
1728
1729
36776
1732
1733
1016
1017
1018
1019
1020
1021
1024
36463
1025
24581
24582
24583
24584
1028
36461
1029
24586
1076
1077
1742
1743
1032
36778
36459
1033
24514
24588
1036
36455
1037
24555
24560
24589
24590
1040
36457
1041
24592
1044
36780
36465
1045
24518
24520
24594
1054
36467
1055
24595
24596
24597
24598
24599
1058
36469
1059
24601
1078
1079
1062
36473
1063
24469
24603
1066
36471
1067
24502
24527
24604
24605
1070
36475
1071
24607
1074
36479
1075
24473
24475
24609
1080
1081
1084
36477
1085
24611
24612
24613
24614
1752
1753
1756
1757
1760
1761
1764
1765
36782
36784
1768
1769
36786
36788
1772
1773
1776
1777
1778
1779
1780
1781
36790
36792
1782
1783
1086
1087
1088
1089
1090
1091
1094
36489
1095
24616
24617
24618
24619
1098
36487
1099
24621
1126
1127
1792
1793
1102
36794
36485
1103
24562
24623
1106
36481
1107
24580
24585
24624
24625
1110
36483
1111
24627
1114
36796
36491
1115
24566
24568
24629
1124
36495
1125
24630
24631
24632
24633
24634
1128
1129
1130
1131
1134
36493
1135
24636
24637
24638
24639
1802
1803
1806
1807
1810
1811
1814
1815
36798
36800
1818
1819
36802
36804
1822
1823
1826
1827
1828
1829
1830
1831
36806
36808
1832
1833
36810
1836
1837
36812
1840
1841
1844
1845
36814
36816
1848
1849
36818
1852
1853
1136
1137
1138
1139
1140
1141
1144
36505
1145
24641
24642
24643
24644
1148
36503
1149
24646
1200
1201
1862
1863
1152
36820
36501
1153
24587
24648
1156
36497
1157
24615
24620
24649
24650
1160
36499
1161
24652
1164
36822
36507
1165
24591
24593
24654
1174
36509
1175
24655
24656
24657
24658
24659
1178
36511
1179
24661
1202
1203
1182
36515
1183
24529
24663
1186
36513
1187
24575
24600
24664
24665
1190
36517
1191
24667
1194
36519
1195
24533
24535
24669
1198
36523
1199
24671
1450
36629
1451
24797
1204
1205
1208
36521
1209
24673
24674
24675
24676
1872
1873
1876
1877
1880
1881
1884
1885
36824
36826
1888
1889
36828
36830
1892
1893
1896
1897
1898
1899
1900
1901
36832
36834
1902
1903
1210
1211
1212
1213
1214
1215
1218
36541
1219
24678
24679
24680
24681
1222
36539
1223
24683
1250
1251
1912
1913
1226
36836
36529
1227
24622
24685
1230
36525
1231
24640
24645
24686
24687
1234
36527
1235
24689
1238
36838
36627
1239
24626
24628
24691
1248
36619
36531
36533
36535
1249
24692
24693
24694
24695
24696
1252
1253
1254
1255
1258
36537
1259
24698
24699
24700
24701
1922
1923
1926
1927
1930
1931
1934
1935
36840
36842
1938
1939
36844
36846
1942
1943
1946
1947
1948
1949
1950
1951
36848
36850
1952
1953
36852
1956
1957
36854
1960
1961
1964
1965
36856
36858
1968
1969
36860
1972
1973
36862
1976
1977
36864
1980
1981
36866
1984
1985
36868
1988
1989
36870
1992
36661
1993
1260
1261
1262
1263
1264
1265
36872
36874
36876
36878
36880
36882
36884
36886
36888
36890
36892
36894
36896
36898
1268
36551
1269
24703
24704
24705
24706
1272
36549
1273
24708
1320
1321
2002
2003
1276
36900
36545
1277
24647
24710
1280
36543
1281
24677
24682
24711
24712
1284
36547
1285
24714
1288
36902
36553
1289
24651
24653
24716
1298
36555
36655
36657
36659
1299
24717
24718
24719
24720
24721
1302
36557
1303
24723
1322
1323
1306
36561
1307
24602
24725
1310
36559
1311
24635
24660
24726
24727
1314
36563
1315
24729
1318
36567
1319
24606
24608
24731
1324
1325
1328
36565
1329
24733
24734
24735
24736
2012
2013
2016
2017
2020
2021
2024
36879
2025
36904
36906
2028
2029
36908
36910
2032
2033
2036
2037
2038
2039
2040
2041
36912
36914
2042
2043
1330
1331
1332
1333
1334
1335
1338
36577
1339
24738
24739
24740
24741
1342
36575
1343
24743
1370
1371
2052
2053
1346
36916
36571
1347
24684
24745
1350
36569
1351
24702
24707
24746
24747
1354
36573
1355
24749
1358
36918
36579
1359
24688
24690
24751
1368
36589
36583
36585
36653
1369
24752
24753
24754
24755
24756
1372
1373
1374
1375
1378
36587
1379
24758
24759
24760
24761
2062
2063
2066
2067
2070
2071
2074
2075
36920
36922
2078
2079
36924
36926
2082
2083
2086
2087
2088
2089
2090
2091
36928
36930
2092
2093
36932
2096
2097
36934
2100
2101
2104
36877
2105
36936
36938
2108
2109
36940
2112
2113
1380
1381
1382
1383
1384
1385
1388
36599
1389
24763
24764
24765
24766
1392
36597
1393
24768
1492
1493
2122
2123
1396
36942
36593
1397
24709
24770
1400
36591
1401
24737
24742
24771
24772
1404
36595
1405
24774
1408
36944
36601
1409
24713
24715
24776
1418
36603
36647
36649
36651
1419
24777
24778
24779
24780
24781
1422
36605
1423
24783
1494
1495
1426
36609
1427
24662
24785
1430
36607
1431
24697
24722
24786
24787
1434
36611
1435
24789
1438
36613
1439
24666
24668
24791
1442
36615
1443
24793
1454
36621
1455
24799
1446
36617
36735
1447
24795
1458
36623
36733
1459
24796
24801
1496
1497
1464
36625
36727
1465
24804
1480
36631
1481
24539
24672
24812
1484
36633
1485
24547
24798
24813
24814
1490
36665
36725
1491
24805
24817
1502
1503
2132
2133
2136
2137
2140
2141
2144
2145
36946
36948
2148
2149
36950
36952
2152
2153
1500
36954
36663
1501
24819
24820
24821
24822
2156
2157
2158
2159
36956
2162
2163
2160
2161
1504
1505
1506
1507
1510
36675
1511
24824
24825
24826
24827
1514
36673
1515
24829
1542
1543
2172
2173
1518
36958
36669
1519
24744
24831
1522
36667
1523
24762
24767
24832
24833
1526
36671
1527
24835
1530
36960
36677
1531
24748
24750
24837
1540
36681
36745
36747
1541
24838
24839
24840
24841
24842
1544
1545
1546
1547
1550
36679
1551
24844
24845
24846
24847
2182
2183
2186
2187
2190
2191
2194
2195
36962
36964
2198
2199
36966
36968
2202
2203
2206
2207
2208
2209
2210
2211
36970
36972
2212
2213
36974
2216
2217
36976
2220
2221
2224
2225
36978
36980
2228
2229
36982
2232
2233
36984
2236
2237
1552
1553
1554
1555
1556
1557
36986
36988
36990
36992
36994
36996
36998
37000
37002
37004
37006
37008
37010
1560
36691
1561
24849
24850
24851
24852
1564
36689
1565
24854
1612
1613
2246
2247
1568
37012
36685
1569
24769
24856
1572
36683
1573
24823
24828
24857
24858
1576
36687
1577
24860
1580
37014
36693
1581
24773
24775
24862
1590
36695
36709
36711
36713
1591
24863
24864
24865
24866
24867
1594
36697
1595
24869
1614
1615
1598
36701
1599
24724
24871
1602
36699
1603
24757
24782
24872
24873
1606
36703
1607
24875
1610
36717
1611
24728
24730
24877
1616
1617
1620
36715
1621
24879
24880
24881
24882
2256
2257
2260
2261
2264
2265
2268
37007
2269
37016
37018
2272
2273
37020
37022
2276
2277
2280
2281
2282
2283
2284
2285
37024
37026
2286
2287
1622
1623
1624
1625
37028
37030
37032
1626
1627
1630
36753
1631
24884
24885
24886
24887
1634
36751
1635
24889
1662
1663
2296
2297
1638
37034
36723
1639
24830
24891
1642
36719
1643
24848
24853
24892
24893
1646
36721
1647
24895
1650
1651
24834
24836
24897
1660
36737
36739
36741
1661
24898
24899
24900
24901
24902
1664
1665
1666
1667
1670
36749
1671
24904
24905
24906
24907
2306
2307
2310
2311
2314
2315
2318
2319
2322
2323
37036
37038
2326
2327
2330
2331
2332
2333
2334
2335
37040
37042
2336
2337
37044
37046
2340
2341
37048
2344
2345
2348
37005
2349
37050
37052
2352
2353
37054
2356
2357
1672
1673
1674
1675
37056
37058
37060
1676
1677
37062
37064
37066
37068
1680
36763
1681
24909
24910
24911
24912
1684
36761
1685
24914
1736
1737
2366
2367
1688
37070
36757
1689
24855
24916
1692
36755
1693
24883
24888
24917
24918
1696
36759
1697
24920
1700
37072
36765
1701
24859
24861
24922
1710
36767
1711
24923
24924
24925
24926
24927
1714
36769
1715
24929
1738
1739
1718
36773
1719
24784
24931
1722
36771
1723
24843
24868
24932
24933
1726
36775
1727
24935
1730
36777
1731
24788
24790
24937
1734
36781
1735
24939
1986
36869
1987
25065
1740
1741
1744
36779
1745
24941
24942
24943
24944
2376
2377
2380
2381
2384
2385
2388
37065
2389
37074
37076
2392
2393
37078
37080
2396
2397
2400
2401
2402
2403
2404
2405
37082
37084
2406
2407
1746
1747
1748
1749
1750
1751
1754
36791
1755
24946
24947
24948
24949
1758
36789
1759
24951
1786
1787
2416
2417
1762
37086
36785
1763
24890
24953
1766
36783
1767
24908
24913
24954
24955
1770
36787
1771
24957
1774
37088
36793
1775
24894
24896
24959
1784
36797
36899
1785
24960
24961
24962
24963
24964
1788
1789
1790
1791
1794
36795
1795
24966
24967
24968
24969
2426
2427
2430
2431
2434
2435
2438
2439
37090
37092
2442
2443
37094
37096
2446
2447
2450
2451
2452
2453
2454
2455
37098
37100
2456
2457
37102
2460
2461
37104
2464
2465
2468
37063
2469
37106
37108
2472
2473
37110
2476
2477
37112
2480
2481
37114
2484
2485
37116
2488
2489
37118
2492
2493
37120
2496
2497
37122
2500
36643
2501
37124
2504
36641
2505
37126
2508
36639
2509
37128
2512
2513
37130
2516
2517
37132
2520
36637
2521
2524
2525
37134
2526
2527
2530
2531
37136
2532
2533
2534
36997
36999
2535
24550
25339
2536
2537
2538
2539
2540
36993
36995
2541
24811
25340
25342
2542
2543
2544
2545
2546
2547
25345
2548
2549
25344
25346
2550
2551
2552
2553
25348
2554
2555
25349
2556
2557
2558
2559
2560
2561
25352
2562
2563
25351
25353
2564
2565
2566
2567
25355
2568
2569
25350
25356
2570
2571
2572
2573
25358
2574
2575
25359
2576
2577
2578
2579
25361
2580
2581
25347
25362
2582
2583
2584
2585
25364
2586
2587
25354
25363
25365
2588
2589
2590
2591
25367
2592
2593
25360
25368
2594
2595
37138
2598
2599
2602
2603
37140
2604
2605
1796
1797
37142
37144
37146
37148
37150
37152
37154
37156
37158
37160
37162
37164
37166
37168
37170
37172
37174
37176
37178
37180
37182
1798
1799
37184
37186
37188
1800
1801
1804
36807
1805
24971
24972
24973
24974
1808
36805
1809
24976
1856
1857
2614
2615
1812
37190
36801
1813
24915
24978
1816
36799
1817
24945
24950
24979
24980
1820
36803
1821
24982
1824
37192
36809
1825
24919
24921
24984
1834
36811
36893
36895
36897
1835
24985
24986
24987
24988
24989
1838
36813
1839
24991
1858
1859
1842
36817
1843
24870
24993
1846
36815
1847
24903
24928
24994
24995
1850
36819
1851
24997
1854
36823
1855
24874
24876
24999
1860
1861
1864
36821
1865
25001
25002
25003
25004
2624
2625
2628
2629
2632
2633
2636
37173
2637
37194
37196
2640
2641
37198
37200
2644
2645
2648
2649
2650
2651
2652
2653
37202
37204
2654
2655
1866
1867
1868
1869
1870
1871
1874
36833
1875
25006
25007
25008
25009
1878
36831
1879
25011
1906
1907
2664
2665
1882
37206
36827
1883
24952
25013
1886
36825
1887
24970
24975
25014
25015
1890
36829
1891
25017
1894
37208
36835
1895
24956
24958
25019
1904
36839
36887
36889
36891
1905
25020
25021
25022
25023
25024
1908
1909
1910
1911
1914
36837
1915
25026
25027
25028
25029
2674
2675
2678
2679
2682
2683
2686
2687
37210
37212
2690
2691
37214
37216
2694
2695
2698
2699
2700
2701
2702
2703
37218
37220
2704
2705
37222
2708
2709
37224
2712
2713
2716
37171
2717
37226
37228
2720
2721
37230
2724
2725
1916
1917
1918
1919
1920
1921
1924
36849
1925
25031
25032
25033
25034
1928
36847
1929
25036
1996
1997
2734
2735
1932
37232
36843
1933
24977
25038
1936
36841
1937
25005
25010
25039
25040
1940
36845
1941
25042
1944
37234
36851
1945
24981
24983
25044
1954
36853
36881
36883
36885
1955
25045
25046
25047
25048
25049
1958
36855
1959
25051
1998
1999
1962
36859
1963
24930
25053
1966
36857
1967
24965
24990
25054
25055
1970
36861
1971
25057
1974
36863
1975
24934
24936
25059
1978
36865
1979
25061
1990
36871
1991
25067
1982
36867
37003
1983
25063
1994
36903
37001
1995
25064
25069
2000
2001
2506
2507
24794
24940
25325
2510
2511
24800
25066
25326
25327
2004
36901
2005
25071
25072
25073
25074
2744
2745
2748
2749
2752
2753
2756
2757
2760
2761
2764
2765
2768
2769
2770
2771
2772
2773
37236
37238
37240
2774
2775
2006
2007
2008
2009
2010
2011
37242
37244
37246
37248
37250
37252
37254
2014
36913
2015
25076
25077
25078
25079
2018
36911
2019
25081
2046
2047
2784
2785
2022
37256
36907
2023
25012
25083
2026
36905
2027
25030
25035
25084
25085
2030
36909
2031
25087
2034
37258
37260
36915
2035
25016
25018
25089
2044
36919
2045
25090
25091
25092
25093
25094
2048
2049
2050
2051
2054
36917
2055
25096
25097
25098
25099
2794
2795
2798
2799
2802
2803
2806
2807
37262
37264
2810
2811
37266
37268
2814
2815
2818
2819
2820
2821
2822
2823
37270
37272
2824
2825
37274
2828
2829
37276
2832
2833
2836
2837
37278
37280
2840
2841
37282
2844
2845
37284
2848
2849
2056
2057
2058
2059
2060
2061
37286
37288
37290
37292
2064
36929
2065
25101
25102
25103
25104
2068
36927
2069
25106
2116
2117
2858
2859
2072
37294
36923
2073
25037
25108
2076
36921
2077
25075
25080
25109
25110
2080
36925
2081
25112
2084
37296
36931
2085
25041
25043
25114
2094
36933
2095
25115
25116
25117
25118
25119
2098
36935
2099
25121
2118
2119
2102
36939
2103
24992
25123
2106
36937
2107
25025
25050
25124
25125
2110
36941
2111
25127
2114
36945
2115
24996
24998
25129
2120
2121
2124
36943
2125
25131
25132
25133
25134
2868
2869
2872
2873
2876
2877
2880
2881
37298
37300
2884
2885
37302
37304
2888
2889
2892
2893
2894
2895
2896
2897
37306
37308
2898
2899
2126
2127
2128
2129
2130
2131
2134
36955
2135
25136
25137
25138
25139
2138
36953
2139
25141
2166
2167
2908
2909
2142
37310
36949
2143
25082
25143
2146
36947
2147
25100
25105
25144
25145
2150
36951
2151
25147
2154
37312
36957
2155
25086
25088
25149
2164
36961
37069
2165
25150
25151
25152
25153
25154
2168
2169
2170
2171
2174
36959
2175
25156
25157
25158
25159
2918
2919
2922
2923
2926
2927
2930
2931
37314
37316
2934
2935
37318
37320
2938
2939
2942
2943
2944
2945
2946
2947
37322
37324
2948
2949
37326
2952
2953
37328
2956
2957
2960
2961
37330
37332
2964
2965
37334
2968
2969
2176
2177
2178
2179
2180
2181
2184
36971
2185
25161
25162
25163
25164
2188
36969
2189
25166
2240
2241
2978
2979
2192
37336
36965
2193
25107
25168
2196
36963
2197
25135
25140
25169
25170
2200
36967
2201
25172
2204
37338
36973
2205
25111
25113
25174
2214
36975
37009
37011
37067
2215
25175
25176
25177
25178
25179
2218
36977
2219
25181
2242
2243
2222
36981
2223
25052
25183
2226
36979
2227
25095
25120
25184
25185
2230
36983
2231
25187
2234
36985
2235
25056
25058
25189
2238
37015
2239
25191
2490
37129
2491
25317
2244
2245
2248
37013
2249
25193
25194
25195
25196
2988
2989
24075
2992
2993
24083
2996
2997
3000
3001
37340
37342
3004
3005
37344
37346
3008
3009
3012
3013
3014
3015
3016
3017
37348
37350
3018
3019
3022
3023
24098
3026
3027
24101
37352
37354
3030
3031
37356
37358
3034
3035
3038
3039
3040
3041
3042
3043
37360
3044
3045
37362
3048
3049
37364
3052
3053
3056
3057
37366
37368
3060
3061
37370
3064
3065
37372
3068
3069
37374
3072
3073
37376
3076
3077
37378
3080
3081
37380
3084
3085
3088
3089
24120
37382
37384
3092
3093
3096
3097
3098
3099
3100
3101
37386
3102
3103
37388
3106
3107
24141
3110
3111
3112
3113
37390
3114
3115
24146
37392
3118
3119
24174
37394
3122
3123
3126
3127
37396
37398
3130
3131
37400
3134
3135
37402
3138
3139
24229
3142
3143
24232
37404
37406
3146
3147
37408
3150
3151
37410
3154
3155
37412
3158
3159
24291
37414
3162
3163
37416
3166
3167
24352
37418
3170
3171
24415
37420
3174
3175
24540
37422
3178
3179
37424
3182
3183
24543
37426
3186
3187
24548
37428
3190
37189
3191
24803
37430
3194
37187
3195
37432
3198
37185
3199
37434
3202
3203
24806
37436
3206
3207
24809
37438
3210
37183
3211
24816
37440
3214
37181
3215
37442
3218
37179
3219
25338
37444
3222
37177
3223
25341
37446
3226
37175
3227
3230
3231
37448
3232
3233
3236
3237
37450
3238
3239
3242
3243
3244
3245
25694
3246
37149
3247
25357
25695
3248
3249
3250
3251
25697
3252
37147
3253
25366
25696
25698
3254
3255
37452
3256
3257
37454
3260
3261
37456
3264
3265
3268
3269
37458
3270
3271
37460
3274
3275
25335
2250
2251
37462
3278
3279
25374
37464
3286
3287
25691
37466
3290
3291
25700
37468
3282
3283
37470
3294
3295
3304
3305
3298
3299
37472
3306
3307
3310
3311
37474
3300
3301
37476
3316
3317
37478
3312
3313
3324
3325
37480
3320
3321
37482
3330
3331
25688
37484
3334
3335
25707
37486
3338
3339
2252
2253
37488
3342
3343
25725
37490
3346
3347
25728
37492
3326
3327
37494
3350
3351
3360
3361
3366
3367
37496
3362
3363
37498
3372
3373
3354
3355
37500
3368
3369
37502
3376
3377
37504
3386
3387
25722
3380
3381
37506
3390
3391
25735
37508
3356
3357
37510
3398
3399
25753
37512
3402
3403
25756
37514
3394
3395
3410
3411
37516
3382
3383
3416
3417
37518
3406
3407
37520
3412
3413
3422
3423
37522
3418
3419
37524
3428
3429
3436
3437
37526
3424
3425
37528
3442
3443
25750
37530
3446
3447
25763
37532
3432
3433
37534
3454
3455
25781
2254
2255
37536
3458
3459
25784
37538
3450
3451
37540
3438
3439
37542
3462
3463
3472
3473
2258
37025
2259
25198
25199
25200
25201
2262
37023
2263
25203
3478
3479
37544
3474
3475
2266
37019
2267
25142
25205
37546
3484
3485
2270
37017
2271
25160
25165
25206
25207
3466
3467
37548
3480
3481
2274
37021
2275
25209
37550
3488
3489
37552
3498
3499
25778
2278
37554
37027
2279
25146
25148
25211
2288
37127
37029
37031
37033
2289
25212
25213
25214
25215
25216
3492
3493
3502
3503
25791
37556
3510
3511
25809
37558
3514
3515
25812
37560
3468
3469
3522
3523
37562
3506
3507
3528
3529
37564
3494
3495
37566
3518
3519
37568
3524
3525
3534
3535
37570
3530
3531
37572
3540
3541
37574
3554
3555
25806
3548
3549
37576
3558
3559
25819
37578
3536
3537
37580
3566
3567
25837
37582
3544
3545
37584
3570
3571
25840
3578
3579
37586
3562
3563
25834
3584
3585
3586
3587
25865
3590
3591
37588
37590
3550
3551
37592
3574
3575
25847
37594
3580
3581
25862
3596
3597
37596
3592
3593
37598
3602
3603
25868
3616
3617
37600
3598
3599
3618
3619
25881
3622
3623
37602
37604
3606
3607
25871
3628
3629
37606
3624
3625
37608
3634
3635
25884
37610
3630
3631
3648
3649
3650
3651
25897
3654
3655
37612
37614
3638
3639
25887
3660
3661
37616
3656
3657
37618
3666
3667
25900
37620
3662
3663
3610
3611
37622
3670
3671
25903
3680
3681
3682
3683
25913
3686
3687
37624
37626
3612
3613
25878
3692
3693
37628
3688
3689
37630
3698
3699
25916
37632
3694
3695
3642
3643
37634
3702
3703
25919
3712
3713
3714
3715
25929
3718
3719
37636
37638
3644
3645
25894
3724
3725
37640
3720
3721
37642
3730
3731
25932
37644
3726
3727
3674
3675
37646
3734
3735
25935
3744
3745
3746
3747
25945
3750
3751
37648
37650
3676
3677
25910
3756
3757
37652
3752
3753
37654
3762
3763
25948
37656
3758
3759
3706
3707
37658
3766
3767
25951
3776
3777
3778
3779
25961
3782
3783
37660
37662
3708
3709
25926
3788
3789
37664
3784
3785
37666
3794
3795
25964
37668
3790
3791
3738
3739
37670
3798
3799
25967
3808
3809
3810
3811
25977
3815
3816
3817
3818
25980
3821
3822
3823
3824
25983
3827
3828
3829
3830
25986
3833
3834
3835
3836
25989
3839
3840
37672
37674
3841
3842
25992
3845
3846
37676
3847
3848
25995
3851
3852
37678
3853
3854
25998
3857
3858
37680
3859
3860
26001
3864
3865
37682
3866
3867
26004
3870
3871
37684
3872
3873
26007
3876
3877
37686
3878
3879
26010
3882
3883
37688
3884
3885
26013
3888
3889
37690
3890
3891
26016
3894
3895
37692
3896
3897
26019
3900
3901
37694
3902
3903
26022
3906
3907
37696
3908
3909
26025
3913
3914
37698
3915
3916
26028
3919
3920
37700
3921
3922
26031
3925
3926
37702
3927
3928
26034
3931
3932
37704
3933
3934
26037
3937
3938
37706
3939
3940
26040
3943
3944
37708
3945
3946
26043
3949
3950
37710
3951
3952
26046
3955
3956
37712
3957
3958
26049
3962
3963
37714
3964
3965
26052
3968
3969
37716
3970
3971
26055
3974
3975
37718
3976
3977
26058
3980
3981
37720
3982
3983
26061
3986
3987
37722
3988
3989
26064
3992
3993
37724
3994
3995
26067
3998
3999
37726
4000
4001
26070
4004
4005
37728
4006
4007
26073
4011
4012
37730
37732
37734
37736
37738
3740
3741
25942
4017
4018
37740
4013
4014
37742
4023
4024
37744
4019
4020
4031
4032
37746
4027
4028
4037
4038
37748
4033
4034
4043
4044
37750
4039
4040
37752
4049
4050
37754
4045
4046
4057
4058
37756
4053
4054
37758
4064
4065
26076
3770
3771
37760
4068
4069
26079
37762
4072
4073
37764
4076
4077
26089
37766
4080
4081
26092
3802
3803
37768
4059
4060
37770
4089
4090
26086
37772
4084
4085
4098
4099
37774
4093
4094
26099
37776
3772
3773
25958
4104
4105
37778
4100
4101
37780
4111
4112
37782
4120
4121
26118
37784
4106
4107
4129
4130
37786
4115
4116
37788
4131
4132
4133
36729
36731
36875
4134
26133
4135
4136
4137
36873
4138
26135
4143
4144
4139
4140
4141
36991
4142
24537
26137
4149
4150
4151
36989
4152
24610
26142
4145
4146
4147
4148
26140
2290
2291
4157
4158
4159
37169
4160
24670
26146
4153
4154
4155
4156
26144
4171
4172
4173
37167
4174
24732
26153
4161
4162
4163
4164
26148
4183
4184
4185
4186
24792
26159
4165
4166
4175
4176
4177
4178
26155
4187
4188
4189
4190
26161
4124
4125
26121
4195
4196
37790
4167
4168
4169
4170
26138
26151
4201
4202
4203
4204
24878
26168
4205
4206
4207
4208
26170
4179
4180
4181
4182
26143
26157
4191
4192
37792
37794
37796
37798
37800
37802
37804
37806
37808
37810
37812
37814
37816
37818
37820
2292
2293
4193
4194
26147
26149
26163
4217
4218
4219
4220
24938
26176
4221
4222
4223
4224
26178
4209
4210
4211
4212
26154
26156
26172
4225
4226
4227
4228
26160
26162
26180
4233
4234
4197
4198
4199
4200
26166
4213
4214
4215
4216
26174
4259
4260
4261
4262
25000
26197
4239
4240
4229
4230
4231
4232
26182
4235
4236
4237
4238
26185
4263
4264
4253
4254
4265
4266
26199
4267
4268
4269
4270
26169
26171
26201
4271
4272
4273
4274
26203
4275
4276
4277
4278
25060
26205
4279
4280
4281
4282
26207
4283
4284
37822
37824
37826
37828
37830
37832
37834
37836
37838
37840
37842
2294
2295
4285
4286
26177
26179
26209
4287
4288
4289
4290
26211
4241
4242
4243
4244
26188
4245
4246
4247
4248
26190
4249
4250
4251
4252
26164
26192
4291
4292
4293
4294
26213
4307
4308
37844
4311
4312
37846
37848
37850
37852
37854
37856
37858
37860
37862
37864
37866
37868
37870
37872
37874
37876
37878
37880
37882
37884
37886
2300
2301
2298
37035
2299
25218
25219
25220
25221
37888
4323
4324
37890
4327
4328
37892
4315
4316
37894
4331
4332
37896
4319
4320
37898
4335
4336
37900
4295
4296
4297
4298
26173
26215
2302
2303
4299
4300
4301
4302
26181
26217
4339
4340
37902
4343
4344
37904
4347
4348
37906
4255
4256
4257
4258
26186
26195
4361
4362
4303
4304
37908
4351
4352
4305
4306
26214
26219
4367
4368
4363
4364
37910
4373
4374
4365
4366
26249
4381
4382
4375
4376
26254
4355
4356
4369
4370
4371
4372
26250
26252
4377
4378
37912
4385
4386
4379
4380
26255
26256
4395
4396
4357
4358
37914
37916
3804
3805
25974
4389
4390
37918
4397
4398
4399
4400
26266
4407
4408
4409
4410
26271
4415
4416
4401
4402
4391
4392
4429
4430
37920
4403
4404
4405
4406
26267
26269
4411
4412
37922
4419
4420
4413
4414
26272
26273
4423
4424
4431
4432
37924
4441
4442
4433
4434
26283
4449
4450
4435
4436
4443
4444
26288
4425
4426
4463
4464
37926
4437
4438
4439
4440
26284
26286
4445
4446
37928
4453
4454
4447
4448
26289
26290
4457
4458
4465
4466
37930
4475
4476
4467
4468
26300
4483
4484
4469
4470
4477
4478
26305
4459
4460
4497
4498
37932
4471
4472
4473
4474
26301
26303
4479
4480
37934
4487
4488
4481
4482
26306
26307
4491
4492
4499
4500
37936
4509
4510
4501
4502
26317
4517
4518
4503
4504
4511
4512
26322
4493
4494
4531
4532
37938
4505
4506
4507
4508
26318
26320
4513
4514
37940
4521
4522
4515
4516
26323
26324
4525
4526
4533
4534
37942
4543
4544
4535
4536
26334
4599
4600
4537
4538
4545
4546
26339
4551
4552
37944
4603
4604
4565
4566
37946
4527
4528
37948
4539
4540
4541
4542
26335
26337
4607
4608
37950
37952
37954
37956
37958
37960
37962
37964
37966
37968
37970
37972
37974
37976
37978
37980
4559
4560
37982
4611
4612
37984
4615
4616
37986
4619
4620
37988
4571
4572
37990
4547
4548
4549
4550
26340
26341
4555
4556
4593
4594
37992
4623
4624
37994
4627
4628
37996
4631
4632
37998
4635
4636
38000
4639
4640
38002
38004
38006
38008
38010
38012
38014
38016
38018
38020
38022
38024
38026
2304
2305
38028
4643
4644
38030
4647
4648
38032
4651
4652
38034
4655
4656
38036
4659
4660
38038
4663
4664
2308
37045
2309
25223
25224
25225
25226
38040
4667
4668
2312
37043
2313
25228
2360
2361
38042
4675
4676
2316
37041
2317
25167
25230
38044
4671
4672
2320
37037
2321
25197
25202
25231
25232
38046
4679
4680
38048
4687
4688
2324
37039
2325
25234
38050
4683
4684
38052
4691
4692
2328
38054
37119
2329
25171
25173
25236
2338
37047
37057
37059
37061
2339
25237
25238
25239
25240
25241
4699
4700
2342
38056
37049
37887
2343
25243
4695
4696
2362
2363
2346
38058
37053
37881
37883
2347
25122
25245
4703
4704
2350
37885
37051
2351
25155
25180
25246
25247
2354
38060
37055
37877
37879
2355
25249
4711
4712
2358
38062
37073
37873
37875
2359
25126
25128
25251
4707
4708
4309
37869
37871
4310
25130
26221
4715
4716
4313
38064
37909
37865
37867
4314
26223
4567
4568
4317
38066
37895
37861
37863
4318
26198
26200
26225
4577
4578
4321
38068
37899
4322
26227
4585
4586
2364
2365
4345
38070
37905
4346
26202
26239
4735
4736
38072
4739
4740
4569
38023
38025
38027
4570
26175
26351
4743
4744
4579
37981
38019
4580
26183
26204
26356
4751
4752
38074
4755
4756
38076
38078
38080
38082
38084
38086
38088
2368
37071
2369
25253
25254
25255
25256
38090
4759
4760
38092
4747
38021
4748
2370
2371
38094
4763
4764
38096
4767
38017
4768
38098
4771
38015
4772
38100
4775
4776
38102
4779
4780
38104
4787
4788
38106
4791
4792
2372
2373
38108
4783
4784
38110
4799
4800
38112
4795
4796
38114
4803
4804
38116
4811
4812
38118
4807
4808
38120
4815
4816
38122
38124
38126
38128
38130
38132
38134
38136
38138
38140
38142
38144
38146
38148
38150
38152
38154
38156
38158
38160
38162
38164
2374
2375
38166
4823
4824
38168
4819
4820
38170
4827
4828
38172
4835
4836
38174
4831
4832
38176
4839
4840
2378
37083
2379
25258
25259
25260
25261
38178
4847
4848
2382
37081
2383
25263
2410
2411
38180
4843
4844
2386
37077
2387
25204
25265
38182
4851
4852
2390
37075
2391
25222
25227
25266
25267
38184
4723
4724
38186
4859
4860
2394
37079
2395
25269
4877
4878
38188
4561
37989
4562
4885
4886
38190
4573
38013
4574
2398
38192
37085
2399
25208
25210
25271
4575
37977
37979
38011
4576
26191
26352
26354
4893
4894
4581
4582
4901
4902
4589
4590
4583
38005
38007
4584
26193
26216
26357
26358
4909
4910
4719
4720
4917
4918
38194
4727
4728
2408
38196
37089
37161
37163
37165
2409
25272
25273
25274
25275
25276
4925
4926
4855
4856
4953
4954
38198
4863
4864
4961
4962
38200
4595
38009
4596
4969
4970
38202
4731
4732
4977
4978
38204
4867
4868
4985
4986
4939
4940
4993
4994
4879
4880
4887
4888
4881
4882
26507
4883
4884
26506
26508
5001
5002
4889
4890
26511
4891
4892
26509
26510
26512
4955
4956
4963
4964
4957
4958
26545
4959
4960
26544
26546
5015
5016
4965
4966
26549
4967
4968
26547
26548
26550
4895
4896
4971
4972
4897
4898
26515
4899
4900
26513
26514
26516
5029
5030
4973
4974
26553
4975
4976
26551
26552
26554
5037
5038
5031
5032
5039
5040
5033
5034
26583
5035
5036
26582
26584
5045
5046
5041
5042
26587
5043
5044
26585
26586
26588
5053
5054
4903
4904
4979
4980
4905
4906
26519
4907
4908
26517
26518
26520
5061
5062
4981
4982
26557
4983
4984
26555
26556
26558
5069
5070
5047
5048
4911
4912
5049
5050
26591
5051
5052
26589
26590
26592
5077
5078
4913
4914
26523
4915
4916
26521
26522
26524
4987
4988
5055
5056
4989
4990
26561
4991
4992
26559
26560
26562
5091
5092
5057
5058
26595
5059
5060
26593
26594
26596
4919
4920
4995
4996
4921
4922
26527
4923
4924
26525
26526
26528
5105
5106
4997
4998
26565
4999
5000
26563
26564
26566
5113
5114
5107
5108
5115
5116
5109
5110
26621
5111
5112
26620
26622
5121
5122
5117
5118
26625
5119
5120
26623
26624
26626
5129
5130
5123
5124
5063
5064
5125
5126
26629
5127
5128
26627
26628
26630
5137
5138
5065
5066
26599
5067
5068
26597
26598
26600
5145
5146
5131
5132
4927
4928
5133
5134
26633
5135
5136
26631
26632
26634
5153
5154
4929
4930
26531
4931
4932
26529
26530
26532
4933
4934
5003
5004
4935
4936
26534
5167
5168
5005
5006
26569
5007
5008
26567
26568
26570
5071
5072
5139
5140
5073
5074
26603
5075
5076
26601
26602
26604
5181
5182
5141
5142
26637
5143
5144
26635
26636
26638
5189
5190
5183
5184
5191
5192
5185
5186
26659
5187
5188
26658
26660
5197
5198
5193
5194
26663
5195
5196
26661
26662
26664
5205
5206
5199
5200
5207
5208
5201
5202
26667
5203
5204
26665
26666
26668
5213
5214
5209
5210
26671
5211
5212
26669
26670
26672
5221
5222
4941
4942
5009
5010
4943
4944
26538
5229
5230
5011
5012
26572
5017
5018
5079
5080
5019
5020
26576
5243
5244
5081
5082
26607
5083
5084
26605
26606
26608
5147
5148
5215
5216
5149
5150
26641
5151
5152
26639
26640
26642
5257
5258
5217
5218
26675
5219
5220
26673
26674
26676
5265
5266
5259
5260
5267
5268
5261
5262
26697
5263
5264
26696
26698
5273
5274
5269
5270
26701
5271
5272
26699
26700
26702
5281
5282
5275
5276
5283
5284
5277
5278
26705
5279
5280
26703
26704
26706
5289
5290
5285
5286
26709
5287
5288
26707
26708
26710
5297
5298
4947
4948
5085
5086
4949
4950
26541
5305
5306
38206
5087
5088
26610
5023
5024
5093
5094
38208
5025
5026
26579
5319
5320
38210
5095
5096
26614
5155
5156
5223
5224
38212
5157
5158
26645
5159
5160
26643
26644
26646
5333
5334
5225
5226
26679
5227
5228
26677
26678
26680
5341
5342
5335
5336
5343
5344
5337
5338
26735
5339
5340
26734
26736
5349
5350
5345
5346
26739
5347
5348
26737
26738
26740
5357
5358
5351
5352
5291
5292
5353
5354
26743
5355
5356
26741
26742
26744
5365
5366
5293
5294
26713
5295
5296
26711
26712
26714
5373
5374
5359
5360
5161
5162
5361
5362
26747
5363
5364
26745
26746
26748
5381
5382
5163
5164
26648
5099
5100
5169
5170
38214
5101
5102
26617
5395
5396
38216
5171
5172
26652
5231
5232
5299
5300
38218
5233
5234
26683
5235
5236
26681
26682
26684
5409
5410
5301
5302
26717
5303
5304
26715
26716
26718
5411
5412
5419
5420
5413
5414
5421
5422
5415
5416
26774
5417
5418
26773
26775
5427
5428
5423
5424
26778
5425
5426
26776
26777
26779
5435
5436
5429
5430
5367
5368
5431
5432
26782
5433
5434
26780
26781
26783
5443
5444
5369
5370
26751
5371
5372
26749
26750
26752
5451
5452
5437
5438
5237
5238
5439
5440
26786
5441
5442
26784
26785
26787
5459
5460
5239
5240
26686
5175
5176
5245
5246
38220
5177
5178
26655
5473
5474
38222
5247
5248
26690
5307
5308
5375
5376
38224
5309
5310
26721
5311
5312
26719
26720
26722
5445
5446
5377
5378
26755
5379
5380
26753
26754
26756
5313
5314
5447
5448
26790
5449
5450
26788
26789
26791
5499
5500
5315
5316
26724
5505
5506
38226
5501
5502
26817
5511
5512
38228
5507
5508
26820
5517
5518
38230
5513
5514
26823
5251
5252
38232
5519
5520
26826
5321
5322
38234
5253
5254
26693
5383
5384
38236
5323
5324
26728
5541
5542
38238
5385
5386
26759
5387
5388
26757
26758
26760
5453
5454
5389
5390
5455
5456
26794
5457
5458
26792
26793
26795
5523
5524
5391
5392
26762
5561
5562
38240
5525
5526
26829
5567
5568
38242
5563
5564
26848
5573
5574
38244
5569
5570
26851
5579
5580
38246
5575
5576
26854
5327
5328
38248
5581
5582
26857
5397
5398
38250
5329
5330
26731
5461
5462
38252
5399
5400
26766
5603
5604
38254
5463
5464
26798
5465
5466
26796
26797
26799
5467
5468
5529
5530
5469
5470
26801
5585
5586
38256
5531
5532
26832
5623
5624
38258
5587
5588
26860
5629
5630
38260
5625
5626
26879
5635
5636
38262
5631
5632
26882
5641
5642
38264
5637
5638
26885
5403
5404
38266
5643
5644
26888
5475
5476
38268
5405
5406
26769
5535
5536
38270
5477
5478
26805
5665
5666
38272
5537
5538
26835
5591
5592
5647
5648
38274
5593
5594
26863
5481
5482
38276
5649
5650
26891
5685
5686
38278
5483
5484
26808
5691
5692
38280
5687
5688
26910
5697
5698
38282
5693
5694
26913
5703
5704
38284
5699
5700
26916
5543
5544
38286
5705
5706
26919
5597
5598
38288
5545
5546
26839
5653
5654
38290
5599
5600
26866
5727
5728
38292
5655
5656
26894
5709
5710
5487
5488
38294
5711
5712
26922
5493
5494
38296
5489
5490
26811
5747
5748
38298
5495
5496
26814
5753
5754
38300
5749
5750
26941
5759
5760
38302
5755
5756
26944
5765
5766
38304
5761
5762
26947
5549
5550
38306
5767
5768
26950
5605
5606
38308
5551
5552
26842
5659
5660
38310
5607
5608
26870
5789
5790
38312
5661
5662
26897
5715
5716
5771
5772
38314
5717
5718
26925
5555
5556
38316
5773
5774
26953
5809
5810
38318
5557
5558
26845
5815
5816
38320
5811
5812
26972
5821
5822
38322
5817
5818
26975
5827
5828
38324
5823
5824
26978
5611
5612
38326
5829
5830
26981
5667
5668
38328
5613
5614
26873
5721
5722
38330
5669
5670
26901
5851
5852
38332
5723
5724
26928
5777
5778
5833
5834
38334
5779
5780
26956
5617
5618
38336
5835
5836
26984
5871
5872
38338
5619
5620
26876
5877
5878
38340
5873
5874
27003
5883
5884
38342
5879
5880
27006
5889
5890
38344
5885
5886
27009
5673
5674
38346
5891
5892
27012
5729
5730
38348
5675
5676
26904
5783
5784
38350
5731
5732
26932
5913
5914
38352
5785
5786
26959
5839
5840
5895
5896
38354
5841
5842
26987
5679
5680
38356
5897
5898
27015
5735
5736
38358
5681
5682
26907
5791
5792
38360
5737
5738
26935
5945
5946
38362
5793
5794
26963
5951
5952
38364
5947
5948
27040
5957
5958
38366
5953
5954
27043
5845
5846
38368
5959
5960
27046
5901
5902
38370
5847
5848
26990
5741
5742
38372
5903
5904
27018
5963
5964
38374
5743
5744
26938
5797
5798
38376
5965
5966
27049
5853
5854
38378
5799
5800
26966
5907
5908
38380
5855
5856
26994
6005
6006
38382
5909
5910
27021
6011
6012
38384
6007
6008
27070
6017
6018
38386
6013
6014
27073
5803
5804
38388
6019
6020
27076
5969
5970
38390
5805
5806
26969
5859
5860
38392
5971
5972
27052
5915
5916
38394
5861
5862
26997
6023
6024
38396
5917
5918
27025
5865
5866
38398
6025
6026
27079
5975
5976
38400
5867
5868
27000
6065
6066
38402
5977
5978
27055
6071
6072
38404
6067
6068
27100
6077
6078
38406
6073
6074
27103
5921
5922
38408
6079
6080
27106
6029
6030
38410
5923
5924
27028
5927
5928
38412
6031
6032
27082
5981
5982
38414
5929
5930
27031
6083
6084
38416
5983
5984
27058
6035
6036
38418
6085
6086
27109
5933
5934
38420
6037
6038
27085
6125
6126
38422
5935
5936
6131
6132
38424
6127
6128
27130
6137
6138
38426
6133
6134
27133
5987
5988
38428
6139
6140
27136
6089
6090
38430
5989
5990
27061
6041
6042
38432
6091
6092
27112
6143
6144
38434
6043
6044
27088
5939
5940
38436
6145
6146
27139
5993
5994
38438
5941
5942
6095
6096
38440
5995
5996
6185
6186
38442
6097
6098
27115
6191
6192
38444
6187
6188
27160
6197
6198
38446
6193
6194
27163
6047
6048
38448
6199
6200
27166
6149
6150
38450
6049
6050
27091
5999
6000
38452
6151
6152
27142
6101
6102
38454
6001
6002
6203
6204
38456
6103
6104
27118
6053
6054
38458
6205
6206
27169
6155
6156
38460
6055
6056
6245
6246
38462
6157
6158
27145
6251
6252
38464
6247
6248
27190
6257
6258
38466
6253
6254
27193
6107
6108
38468
6259
6260
27196
6209
6210
38470
6109
6110
27121
6059
6060
38472
6211
6212
27172
6161
6162
38474
6061
6062
6263
6264
38476
6163
6164
27148
6113
6114
38478
6265
6266
27199
6215
6216
38480
6115
6116
6305
6306
38482
6217
6218
27175
6311
6312
38484
6307
6308
27220
6317
6318
38486
6313
6314
27223
6167
6168
38488
6319
6320
27226
6269
6270
38490
6169
6170
27151
6119
6120
38492
6271
6272
27202
6221
6222
38494
6121
6122
6323
6324
38496
6223
6224
27178
6173
6174
38498
6325
6326
27229
6359
6360
38500
6175
6176
6365
6366
38502
6361
6362
27247
6371
6372
38504
6367
6368
27250
6275
6276
38506
6373
6374
27253
6227
6228
38508
6277
6278
27205
6329
6330
38510
6229
6230
27181
6377
6378
38512
6331
6332
27232
6179
6180
38514
6379
6380
27256
6281
6282
38516
6181
6182
6233
6234
38518
6283
6284
27208
6419
6420
38520
6235
6236
6425
6426
38522
6421
6422
6431
6432
38524
6427
6428
6437
6438
38526
6433
6434
6335
6336
38528
6439
6440
6383
6384
38530
6337
6338
27235
6443
6444
38532
6385
6386
27259
6461
6462
38534
6445
6446
6467
6468
38536
6463
6464
27298
6473
6474
38538
6469
6470
27301
6479
6480
38540
6475
6476
27304
6287
6288
38542
6481
6482
27307
6239
6240
38544
6289
6290
27211
6341
6342
38546
6241
6242
6389
6390
38548
6343
6344
27238
6485
6486
38550
6391
6392
27262
6293
6294
38552
6487
6488
27310
6521
6522
38554
6295
6296
6527
6528
38556
6523
6524
6533
6534
38558
6529
6530
6539
6540
38560
6535
6536
6449
6450
38562
6541
6542
6545
6546
38564
6451
6452
6347
6348
38566
6547
6548
6563
6564
38568
6349
6350
27241
6569
6570
38570
6565
6566
27349
6575
6576
38572
6571
6572
27352
6581
6582
38574
6577
6578
27355
6395
6396
38576
6583
6584
27358
6491
6492
38578
6397
6398
27265
6299
6300
38580
6493
6494
27313
6587
6588
38582
6301
6302
6353
6354
38584
6589
6590
27361
6401
6402
38586
6355
6356
6623
6624
38588
6403
6404
27268
6629
6630
38590
6625
6626
6635
6636
38592
6631
6632
6641
6642
38594
6637
6638
6497
6498
38596
6643
6644
6455
6456
38598
6499
6500
27316
6551
6552
38600
6457
6458
6665
6666
38602
6553
6554
6671
6672
38604
6667
6668
27400
6677
6678
38606
6673
6674
27403
6683
6684
38608
6679
6680
27406
6647
6648
38610
6685
6686
27409
6593
6594
38612
6649
6650
6407
6408
38614
6595
6596
27364
6503
6504
38616
6409
6410
6689
6690
38618
6505
6506
27319
6599
6600
38620
6691
6692
27412
6725
6726
38622
6601
6602
27367
6731
6732
38624
6727
6728
6737
6738
38626
6733
6734
6743
6744
38628
6739
6740
6509
6510
38630
6745
6746
6557
6558
38632
6511
6512
6653
6654
38634
6559
6560
6767
6768
38636
6655
6656
6773
6774
38638
6769
6770
27451
6779
6780
38640
6775
6776
27454
6785
6786
38642
6781
6782
27457
6749
6750
38644
6787
6788
27460
6695
6696
38646
6751
6752
6413
6414
38648
6697
6698
27415
6605
6606
38650
6415
6416
6791
6792
38652
6607
6608
27370
6701
6702
38654
6793
6794
27463
6827
6828
38656
6703
6704
27418
6833
6834
38658
6829
6830
6839
6840
38660
6835
6836
6845
6846
38662
6841
6842
6515
6516
38664
6847
6848
6611
6612
38666
6517
6518
6659
6660
38668
6613
6614
6869
6870
38670
6661
6662
6875
6876
38672
6871
6872
27502
6881
6882
38674
6877
6878
27505
6887
6888
38676
6883
6884
27508
6755
6756
38678
6889
6890
27511
6851
6852
38680
6757
6758
6797
6798
38682
6853
6854
6707
6708
38684
6799
6800
27466
6893
6894
38686
6709
6710
27421
6803
6804
38688
6895
6896
27514
6929
6930
38690
6805
6806
27469
6935
6936
38692
6931
6932
6941
6942
38694
6937
6938
6947
6948
38696
6943
6944
6617
6618
38698
6949
6950
6713
6714
38700
6619
6620
6761
6762
38702
6715
6716
6971
6972
38704
6763
6764
6977
6978
38706
6973
6974
27553
6983
6984
38708
6979
6980
27556
6989
6990
38710
6985
6986
27559
6857
6858
38712
6991
6992
27562
6953
6954
38714
6859
6860
6899
6900
38716
6955
6956
6809
6810
38718
6901
6902
27517
6995
6996
38720
6811
6812
27472
6905
6906
38722
6997
6998
27565
6719
6720
38724
6907
6908
27520
7033
7034
38726
6721
6722
7039
7040
38728
7035
7036
7045
7046
38730
7041
7042
7051
7052
38732
7047
7048
6815
6816
38734
7053
7054
6863
6864
38736
6817
6818
6959
6960
38738
6865
6866
7075
7076
38740
6961
6962
7081
7082
38742
7077
7078
27605
7087
7088
38744
7083
7084
27608
7093
7094
38746
7089
7090
27611
7057
7058
38748
7095
7096
27614
7001
7002
38750
7059
7060
6911
6912
38752
7003
7004
27568
7099
7100
38754
6913
6914
27523
7007
7008
38756
7101
7102
27617
6821
6822
38758
7009
7010
27571
6917
6918
38760
6823
6824
7141
7142
38762
6919
6920
7147
7148
38764
7143
7144
7153
7154
38766
7149
7150
7159
7160
38768
7155
7156
6965
6966
38770
7161
7162
7063
7064
38772
6967
6968
7105
7106
38774
7065
7066
7013
7014
38776
7107
7108
27620
7165
7166
38778
7015
7016
27574
7111
7112
38780
7167
7168
7197
7198
38782
7113
7114
27623
7203
7204
38784
7199
7200
7209
7210
38786
7205
7206
7215
7216
38788
7211
7212
6923
6924
38790
7217
7218
7019
7020
38792
6925
6926
7069
7070
38794
7021
7022
7117
7118
38796
7071
7072
7171
7172
38798
7119
7120
27626
7221
7222
38800
7173
7174
7253
7254
38802
7223
7224
7259
7260
38804
7255
7256
7265
7266
38806
7261
7262
7271
7272
38808
7267
7268
7025
7026
38810
7273
7274
7123
7124
38812
7027
7028
7177
7178
38814
7125
7126
7227
7228
38816
7179
7180
7277
7278
38818
7229
7230
7129
7130
38820
7279
7280
7309
7310
38822
7131
7132
7315
7316
38824
7311
7312
7321
7322
38826
7317
7318
7327
7328
38828
7323
7324
7185
7186
38830
7329
7330
7233
7234
38832
7187
7188
7283
7284
38834
7235
7236
7333
7334
38836
7285
7286
7135
7136
38838
7335
7336
7191
7192
38840
7137
7138
7365
7366
38842
7193
7194
7371
7372
38844
7367
7368
7377
7378
38846
7373
7374
7383
7384
38848
7379
7380
7241
7242
38850
7385
7386
7289
7290
38852
7243
7244
7339
7340
38854
7291
7292
7389
7390
38856
7341
7342
7247
7248
38858
7391
7392
7297
7298
38860
7249
7250
7421
7422
38862
7299
7300
7427
7428
38864
7423
7424
7433
7434
38866
7429
7430
7439
7440
38868
7435
7436
7345
7346
38870
7441
7442
7395
7396
38872
7347
7348
7445
7446
38874
7397
7398
7303
7304
38876
7447
7448
7353
7354
38878
7305
7306
7401
7402
38880
7355
7356
7477
7478
38882
7403
7404
7483
7484
38884
7479
7480
7489
7490
38886
7485
7486
7495
7496
38888
7491
7492
7451
7452
38890
7497
7498
7501
7502
38892
7453
7454
7359
7360
38894
7503
7504
7409
7410
38896
7361
7362
7457
7458
38898
7411
7412
7507
7508
38900
7459
7460
38902
38904
38906
38908
38910
38912
7533
7534
7415
7416
7509
7510
38914
38916
7537
7538
7465
7466
7417
7418
7513
7514
7467
7468
38918
38920
38922
7549
7550
7471
7472
7515
7516
38924
38926
7553
7554
7521
7522
7473
7474
7527
7528
7523
7524
38928
38930
38932
7541
7542
7529
7530
7031
7032
38934
38936
7557
7558
7183
7184
38938
7545
7546
38940
7561
7562
7239
7240
38942
7565
7566
38944
7569
38165
7570
7295
7296
38946
7573
7574
7351
7352
38948
7577
38163
7578
38950
7585
38161
7586
7407
7408
38952
7589
38954
38956
38958
38960
38962
38964
38966
38968
38970
38972
38974
38976
38978
38980
38982
38984
38986
38988
38990
38992
38994
38996
38998
39000
39002
39004
39006
39008
39010
39012
38159
7590
39014
7581
39016
39018
39020
39022
39024
39026
39028
39030
39032
39034
39036
39038
39040
39042
39044
38157
7582
7463
7464
39046
7597
39048
39050
39052
39054
39056
39058
39060
39062
39064
39066
39068
38155
7598
7519
7520
39070
7593
39072
39074
39076
38153
7594
39078
7601
39080
39082
39084
39086
39088
39090
39092
39094
39096
39098
39100
39102
39104
39106
39108
39110
38151
7602
39112
7609
39114
39116
39118
39120
39122
39124
39126
39128
39130
39132
38149
7610
39134
39136
39138
39140
39142
39144
39146
39148
39150
39152
39154
39156
39158
39160
39162
39164
4871
4872
39166
7605
39168
38147
7606
7673
7674
7677
7678
7681
7682
7685
7686
7689
7690
39170
7693
7694
39172
7697
7698
39174
7701
7702
39176
7705
7706
39178
7709
7710
39180
7713
7714
39182
7717
7718
39184
7721
7722
39186
7725
7726
39188
7729
7730
39190
7733
7734
39192
7737
7738
39194
7741
7742
39196
7745
7746
39198
39200
39202
39204
39206
39208
39210
39212
39214
39216
39218
39220
39222
39224
39226
39228
39230
39232
39234
39236
39238
39240
39242
39244
39246
39248
39250
39252
39254
39256
39258
39260
39262
39264
39266
39268
39270
39272
39274
39276
39278
2412
2413
39280
7749
7750
39282
7753
7754
39284
7757
7758
39286
7761
7762
39288
7765
7766
39290
7769
7770
39292
7777
7778
39294
7781
7782
39296
7785
7786
39298
7789
7790
39300
7793
7794
39302
7797
7798
39304
7801
7802
39306
7773
7774
39308
7805
7806
39310
7813
7814
39312
7817
7818
39314
7821
7822
39316
7825
7826
39318
7829
7830
39320
7833
7834
39322
7837
7838
39324
7809
7810
39326
7841
7842
39328
7849
7850
39330
7853
7854
39332
7857
7858
39334
7861
7862
39336
7865
7866
39338
7869
7870
39340
7873
7874
39342
7845
7846
39344
7877
7878
39346
7885
7886
39348
39350
39352
39354
39356
39358
39360
39362
39364
39366
39368
39370
39372
39374
39376
39378
39380
39382
39384
39386
39388
39390
39392
39394
39396
39398
39400
39402
39404
39406
39408
39410
39412
39414
39416
39418
39420
39422
2414
2415
39424
7889
7890
39426
7893
7894
39428
7897
7898
39430
7901
7902
39432
7905
7906
39434
7909
7910
39436
7881
7882
39438
7913
7914
39440
7921
7922
39442
7925
7926
39444
7929
39273
7930
39446
7933
39271
7934
39448
7937
39269
7938
39450
7941
39267
7942
39452
7945
39265
7946
39454
7917
39263
7918
39456
7949
39261
7950
39458
7953
39259
7954
39460
7959
39255
7960
39462
7963
39253
7964
39464
7967
39251
7968
7957
7958
39466
7971
39249
7972
39468
7975
39245
7976
39470
7979
39241
7980
39472
7983
39239
7984
39474
7987
39237
7988
39476
7991
39165
7992
2418
39478
39480
39482
39484
39486
37087
2419
25278
25279
25280
25281
7999
39163
8000
8003
39161
8004
8007
39159
8008
8011
39157
8012
8015
39155
8016
39488
8019
39153
8020
8027
8028
39490
8023
39151
8024
39492
8029
39149
8030
39494
8037
39147
8038
39496
8041
39145
8042
39498
8045
39143
8046
39500
8049
39141
8050
39502
8053
39139
8054
39504
8057
39137
8058
39506
8061
39135
8062
8065
8066
39508
7995
39133
7996
39510
8033
39131
8034
39512
8075
39129
8076
39514
8079
39127
8080
39516
8083
39125
8084
39518
8087
39123
8088
39520
8091
39121
8092
39522
8095
39119
8096
39524
8067
39117
8068
8103
8104
39526
8099
39115
8100
39528
8071
39111
8072
39530
8113
39109
8114
39532
8117
39107
8118
39534
8121
39105
8122
39536
8125
39103
8126
39538
8129
39101
8130
39540
8133
39099
8134
39542
8105
39097
8106
8141
8142
39544
8137
39095
8138
39546
8109
39093
8110
39548
8151
39091
8152
39550
8155
39089
8156
39552
8159
39087
8160
39554
8163
39085
8164
39556
8167
39083
8168
39558
8171
39081
8172
39560
8143
39077
8144
8179
8180
39562
8175
39075
8176
39564
8147
39067
8148
39566
8189
39061
8190
39568
8193
39059
8194
39570
8197
39057
8198
39572
8201
39055
8202
39574
8205
39053
8206
39576
8209
39051
8210
39578
8181
39045
8182
8217
8218
39580
8213
39043
8214
39582
8185
39041
8186
39584
8227
39039
8228
39586
8231
39037
8232
39588
8235
39035
8236
39590
8239
39033
8240
39592
8243
39031
8244
39594
8247
39029
8248
39596
8219
39027
8220
8255
8256
39598
8251
39025
8252
39600
8223
39023
8224
39602
8257
39021
8258
39604
8261
39019
8262
39606
39608
39610
39612
39614
39616
8265
8266
2420
2421
39618
8281
8282
39620
8269
8270
39622
8285
8286
39624
8273
8274
39626
8289
8290
39628
8277
8278
39630
8293
8294
2422
2423
39632
8297
8298
39634
8301
8302
39636
8305
8306
39638
8309
8310
39640
8317
8318
39642
8321
8322
39644
8313
8314
39646
39648
39650
39652
39654
39656
39658
39660
39662
2424
2425
39664
8329
8330
39666
8325
8326
39668
8333
8334
39670
8341
8342
39672
7613
38145
7614
39674
8337
8338
39676
39678
39680
39682
39684
39686
39688
39690
39692
39694
39696
39698
39700
39702
39704
39706
39708
39710
2428
37099
2429
25283
25284
25285
25286
39712
8345
8346
2432
37097
2433
25288
39714
7621
7622
2608
2609
39716
8353
8354
2436
37093
2437
25229
25290
39718
7617
7618
2440
37091
2441
25257
25262
25291
25292
39720
7625
7626
2444
37095
2445
25294
39722
8349
8350
39724
8357
8358
2448
39726
37101
2449
25233
25235
25296
2458
37103
37155
37157
37159
2459
25297
25298
25299
25300
25301
7633
39423
7634
2462
39728
37105
2463
25303
8365
8366
8405
39235
8406
2610
2611
8409
39233
8410
8413
39231
8414
2466
39730
39732
39734
39736
37109
38141
38143
2467
25182
25305
8417
39229
8418
8421
39227
8422
2470
37107
2471
25217
25242
25306
25307
8425
39225
8426
8429
39223
8430
8433
39221
8434
8437
39219
8438
8441
39217
8442
2474
39738
39740
39742
39744
39746
37111
38137
38139
2475
25309
8445
39215
8446
8449
39213
8450
8453
39211
8454
8457
39209
8458
2478
39748
37113
38133
38135
2479
25186
25188
25311
7629
39421
7630
2482
39750
39752
39754
39756
39758
39760
37115
38129
38131
2483
25313
7637
39419
7638
2494
39762
37121
2495
25319
8461
39207
8462
8465
39205
8466
8473
39203
8474
8477
39201
8478
8481
39415
8482
2486
37117
37249
37837
2487
25315
8485
39413
8486
8489
39411
8490
8493
39409
8494
8497
39407
8498
2498
39764
39766
39768
39770
39772
37123
37247
37835
2499
25316
25321
8469
39199
8470
8501
39405
8502
8505
39403
8506
39774
39776
39778
39780
39782
39784
39786
39788
39790
39792
39794
39796
39798
39800
39802
39804
39806
39808
39810
39812
39814
39816
39818
39820
39822
39824
39826
39828
39830
39832
39834
39836
39838
39840
39842
39844
39846
39848
39850
39852
39854
39856
39858
39860
39862
39864
39866
39868
39870
39872
39874
39876
39878
39880
39882
39884
39886
39888
39890
39892
39894
39896
39898
39900
39902
39904
39906
39908
39910
39912
39914
39916
39918
39920
39922
39924
39926
39928
39930
39932
39934
39936
39938
39940
39942
39944
39946
39948
39950
39952
39954
39956
39958
39960
39962
39964
39966
39968
39970
39972
39974
39976
39978
39980
39982
2612
2613
8509
39401
8510
8513
39399
8514
8517
39397
8518
8521
39395
8522
8525
39393
8526
8529
39391
8530
2502
39984
39986
39988
39990
39992
39994
39996
39998
40000
40002
37125
37153
37245
2503
25323
8533
39389
8534
8537
39387
8538
8545
39385
8546
8549
39383
8550
8553
39381
8554
2596
40004
40006
40008
40010
40012
37139
2597
24802
25070
25370
8557
39379
8558
8561
39377
8562
8565
39375
8566
8569
39373
8570
8541
39371
8542
8581
39369
8582
2514
40014
40016
40018
40020
40022
40024
37131
2515
25062
25192
25329
8585
39367
8586
8589
39365
8590
8593
39363
8594
2518
40026
37133
2519
25068
25318
25330
25331
8573
39361
8574
8597
39359
8598
8601
39357
8602
8605
39355
8606
8577
39353
8578
8609
39351
8610
8617
39349
8618
8621
8622
8625
8626
2522
40028
40030
40032
40034
40036
40038
40040
40042
40044
40046
37135
37151
37243
2523
25324
25333
8613
8614
8629
8630
8633
8634
8637
8638
8641
8642
40048
40050
40052
40054
40056
40058
40060
40062
40064
40066
40068
40070
40072
40074
40076
40078
40080
40082
40084
40086
40088
40090
40092
40094
40096
40098
40100
40102
40104
40106
40108
40110
40112
40114
40116
40118
40120
40122
40124
2618
2619
8645
8646
8653
8654
8657
8658
8661
8662
2600
40126
40128
40130
40132
40134
40136
40138
40140
40142
37141
2601
24815
25328
25371
25372
8665
39963
8666
8669
39961
8670
8673
39959
8674
8677
39957
8678
8649
39955
8650
8681
39953
8682
8691
39951
8692
8695
39949
8696
8699
39947
8700
2528
40144
40146
40148
40150
40152
40154
40156
40158
40160
37137
36987
2529
25336
8703
39945
8704
8707
39943
8708
8711
39941
8712
8715
39939
8716
2606
40162
40164
40166
37193
37145
37143
2607
25337
25375
8685
39937
8686
8719
39935
8720
8731
39933
8732
8735
39931
8736
8689
8690
8739
39925
8740
8743
39923
8744
8747
39921
8748
8751
39919
8752
8755
39917
8756
40168
8723
39915
8724
3240
40170
40172
40174
40176
40178
40180
40182
40184
40186
40188
37889
3241
25692
8761
39913
8762
8769
39911
8770
8759
8760
8773
39909
8774
8777
39907
8778
3258
40190
40192
40194
40196
37845
37793
3259
25693
25701
8781
39905
8782
8785
39903
8786
8789
39901
8790
8793
39899
8794
8727
39897
8728
8807
39895
8808
8797
8798
8811
39889
8812
8815
39883
8816
8819
39877
8820
8823
39875
8824
40198
8827
39873
8828
4325
40200
40202
40204
40206
40208
40210
40212
40214
40216
40218
37891
4326
25190
26229
8765
39871
8766
8799
39869
8800
8831
39867
8832
8835
8836
8845
39865
8846
8849
39863
8850
4329
40220
40222
40224
40226
40228
37893
38125
38127
4330
26231
8853
39861
8854
8857
39859
8858
8861
39857
8862
8865
39855
8866
4333
40230
40232
40234
37897
38089
38123
4334
26206
26208
26233
8803
39853
8804
8837
39851
8838
8873
8874
8869
39849
8870
8883
39847
8884
8887
39845
8888
4337
40236
40238
40240
40242
40244
40246
37901
38085
38087
4338
26235
8361
8362
4349
40248
40250
40252
40254
40256
37907
4350
26210
26241
8369
8370
4341
40258
37903
38081
38083
4342
26237
4353
37911
39277
38079
4354
26238
26243
7645
39417
7646
8841
39843
8842
8875
39841
8876
8879
39839
8880
8891
39837
8892
40260
40262
40264
40266
40268
40270
40272
40274
40276
40278
40280
40282
40284
40286
2620
2621
8895
39835
8896
40288
8899
39833
8900
40290
8903
39831
8904
40292
8907
39829
8908
40294
8913
39827
8914
40296
8917
39711
8918
40298
8921
39709
8922
4383
40300
40302
40304
40306
40308
40310
37913
4384
26258
8925
39707
8926
8929
39705
8930
4387
37917
4388
26259
26260
8933
39703
8934
8937
39701
8938
8941
39699
8942
8945
39697
8946
8951
39695
8952
8955
39693
8956
8959
39691
8960
8963
39689
8964
8967
39687
8968
8971
39685
8972
8975
39683
8976
8979
39681
8980
8911
8912
4359
40312
40314
40316
40318
40320
40322
40324
40326
40328
40330
40332
40334
40336
37915
37973
37975
4360
26246
8983
39679
8984
8989
39677
8990
8993
39663
8994
4417
37923
4418
26275
4421
37925
4422
26276
26277
9003
9004
8377
8378
9009
9010
9005
9006
40338
40340
40342
40344
40346
40348
7641
40350
40352
40354
39279
7642
9015
9016
9011
9012
40356
40358
40360
40362
40364
40366
40368
40370
40372
40374
40376
40378
40380
40382
40384
40386
40388
40390
40392
40394
40396
40398
40400
40402
40404
40406
40408
40410
40412
40414
40416
40418
40420
40422
40424
40426
40428
40430
40432
40434
40436
40438
40440
40442
40444
4393
40446
40448
37921
37969
37971
4394
26247
26263
7649
40450
40452
40454
40456
40458
40460
40462
40464
40466
40468
39275
7650
9021
9022
9017
9018
4451
40470
40472
37929
4452
26292
9027
9028
9023
9024
4455
37931
4456
26293
26294
9051
9052
9055
9056
9059
9060
9063
9064
9033
9034
9029
9030
9067
9068
9083
9084
9087
9088
9091
9092
9095
9096
9039
9040
9035
9036
9099
9100
4427
40474
40476
40478
40480
40482
40484
40486
40488
40490
40492
40494
40496
37927
37965
37967
4428
26264
26280
9071
9072
9103
9104
9045
9046
9041
9042
9075
9076
9107
9108
9121
9122
9047
9048
4485
40498
40500
40502
37935
4486
26309
9079
9080
9111
9112
4489
40504
37937
4490
26310
26311
9127
9128
9123
9124
40506
40508
40510
40512
40514
8373
8374
9133
9134
9129
9130
4461
40516
40518
40520
37933
37961
37963
4462
26281
26297
8381
8382
9139
9140
9169
9170
9173
9174
9135
9136
9177
9178
9201
9202
9145
9146
40522
9141
9142
40524
9205
9206
4519
40526
40528
40530
40532
40534
40536
37941
4520
26326
9209
9210
9181
9182
4523
37943
4524
26327
26328
9213
9214
9239
9240
9147
9148
9185
9186
9217
9218
9245
9246
9241
9242
4495
40538
40540
37939
37957
37959
4496
26298
26314
7657
40542
40544
40546
40548
40550
40552
40554
40556
40558
40560
40562
40564
39257
7658
9151
9152
40566
9247
9248
40568
40570
40572
40574
40576
40578
8389
8390
9251
9252
9153
9154
9189
9190
9221
9222
40580
40582
40584
40586
40588
40590
40592
40594
40596
40598
40600
40602
40604
40606
40608
40610
40612
40614
40616
40618
40620
40622
40624
40626
40628
40630
40632
40634
40636
40638
40640
40642
40644
40646
40648
40650
4553
40652
40654
40656
40658
38069
4554
26343
9287
9288
4557
37993
4558
26344
26345
9291
9292
9157
9158
9253
9254
9295
9296
9319
9320
9323
9324
9327
9328
9257
9258
9159
9160
9193
9194
9225
9226
9163
9164
9259
9260
4529
40660
40662
40664
40666
40668
40670
40672
40674
37949
37953
37955
4530
26315
26331
9299
9300
9331
9332
9263
9264
9165
9166
9197
9198
9229
9230
4587
40676
40678
40680
40682
40684
38071
4588
26212
26228
26360
9357
9358
9265
9266
4591
4592
26218
26240
26361
26362
9303
9304
9335
9336
9363
9364
9359
9360
7653
40686
40688
40690
40692
40694
40696
39247
7654
9269
9270
9365
9366
4563
37951
38003
4564
26332
26348
7661
39243
7662
9369
9370
9405
9406
9409
9410
4597
40698
40700
40702
40704
40706
40708
40710
40712
40714
40716
38203
39063
39065
4598
26349
26365
9437
9438
9441
9442
9271
9272
9275
9276
9307
9308
9339
9340
9371
9372
9413
9414
9445
9446
9375
9376
9277
9278
9311
9312
9343
9344
9281
9282
9377
9378
9417
9418
40718
40720
40722
40724
40726
40728
40730
40732
40734
40736
40738
40740
40742
40744
40746
40748
40750
40752
40754
40756
40758
40760
40762
40764
40766
40768
40770
2616
40772
40774
40776
40778
37191
2617
25377
25378
25379
25380
9449
9450
9381
9382
9283
9284
9315
9316
9347
9348
9475
9476
9383
9384
40780
9421
9422
40782
9453
9454
9481
9482
40784
9477
9478
40786
9523
9524
40788
9555
9556
9387
9388
40790
9483
9484
40792
9527
9528
40794
9559
9560
9487
9488
40796
9389
9390
40798
9425
9426
40800
9457
9458
9393
9394
40802
9489
9490
40804
9531
9532
40806
9563
9564
9493
9494
40808
9395
9396
40810
9429
9430
40812
9461
9462
9399
9400
40814
9495
9496
40816
9535
9536
40818
9567
9568
9499
9500
40820
9401
9402
40822
9433
9434
40824
9465
9466
9593
9594
40826
9501
9502
40828
9539
9540
40830
9571
9572
9599
9600
40832
9595
9596
40834
9641
9642
40836
9673
9674
9505
9506
40838
9601
9602
40840
9645
9646
40842
9677
9678
9605
9606
40844
9507
9508
40846
9543
9544
40848
9575
9576
9511
9512
40850
9607
9608
40852
9649
9650
40854
9681
9682
9611
9612
40856
9513
9514
40858
9547
9548
40860
9579
9580
9517
9518
40862
9613
9614
40864
9653
9654
40866
9685
9686
9617
9618
40868
9519
9520
40870
9551
9552
40872
9583
9584
9711
9712
40874
9619
9620
40876
9657
9658
40878
9689
9690
9717
9718
40880
9713
9714
40882
9759
9760
9623
9624
40884
9719
9720
40886
40888
40890
40892
40894
40896
40898
40900
40902
8385
8386
9723
9724
40904
9763
9764
40906
9625
9626
40908
9791
9792
40910
9795
9796
40912
9661
9662
40914
9693
9694
9629
9630
40916
9725
9726
40918
9767
9768
40920
9799
9800
9729
9730
40922
9631
9632
40924
9665
9666
40926
9697
9698
9635
9636
40928
9731
9732
40930
9771
9772
40932
9803
9804
9735
9736
40934
9637
9638
40936
9669
9670
40938
9701
9702
9741
9742
40940
9737
9738
40942
9775
9776
40944
9807
9808
9747
9748
40946
9743
9744
40948
9779
9780
40950
9811
9812
9753
9754
40952
9749
9750
40954
9783
9784
40956
9815
9816
40958
9755
9756
40960
9787
9788
8949
8950
40962
9819
9820
40964
40966
40968
40970
40972
40974
9829
9830
8987
8988
40976
9833
9834
40978
9845
9846
8997
8998
40980
9837
9838
40982
9849
9850
40984
9841
9842
9115
9116
40986
9853
9854
40988
9857
9858
40990
9861
9862
9233
9234
40992
9865
9866
40994
9869
9870
9351
9352
40996
9877
40123
9878
40998
9881
39983
9882
41000
9873
39981
9874
9469
9470
41002
9889
39979
9890
41004
9885
39977
9886
9587
9588
41006
9893
39975
9894
41008
9901
41010
41012
41014
41016
41018
41020
41022
41024
41026
41028
41030
41032
41034
41036
41038
41040
41042
41044
41046
41048
41050
41052
39973
9902
41054
9897
41056
41058
39971
9898
41060
41062
41064
41066
41068
41070
41072
41074
41076
41078
41080
9705
9706
41082
9905
41084
39969
9906
41086
9913
41088
39967
9914
41090
9909
41092
39965
9910
9965
39825
9966
41094
41096
9823
9824
9969
39823
9970
9973
39821
9974
9977
39819
9978
9981
39817
9982
41098
9985
39815
9986
41100
9989
39813
9990
41102
9993
39811
9994
41104
9997
39809
9998
41106
10001
39807
10002
41108
10005
39805
10006
41110
10009
39803
10010
41112
10013
39801
10014
41114
10017
39799
10018
41116
10021
39797
10022
41118
10025
39795
10026
41120
10029
39793
10030
41122
10033
39791
10034
41124
10037
39789
10038
41126
10041
39787
10042
41128
10045
39785
10046
41130
10049
39783
10050
41132
10053
39781
10054
41134
10057
39779
10058
41136
41138
41140
41142
41144
41146
41148
41150
41152
41154
41156
41158
41160
41162
41164
41166
41168
41170
41172
41174
41176
41178
41180
41182
41184
41186
41188
41190
41192
41194
41196
2622
2623
41198
10061
39777
10062
41200
10065
39775
10066
41202
10069
40121
10070
41204
10073
40119
10074
41206
10077
40117
10078
41208
10081
40115
10082
41210
10085
40113
10086
41212
10089
40111
10090
41214
10093
40109
10094
41216
10097
40107
10098
41218
10101
40105
10102
41220
10105
40103
10106
41222
10109
40101
10110
41224
10113
40099
10114
41226
10117
40097
10118
41228
10121
40095
10122
41230
10125
40093
10126
41232
10129
40091
10130
41234
10133
40089
10134
41236
10137
40087
10138
41238
10141
40085
10142
41240
10145
40083
10146
41242
10149
40081
10150
41244
10153
40079
10154
41246
10157
40075
10158
41248
10161
40071
10162
41250
10165
40069
10166
41252
41254
41256
41258
41260
41262
41264
41266
41268
41270
41272
41274
41276
41278
41280
41282
41284
41286
41288
41290
41292
41294
41296
41298
41300
41302
41304
41306
41308
2626
41310
41312
41314
41316
41318
41320
37203
2627
25382
25383
25384
25385
10169
40067
10170
10173
40065
10174
10177
40063
10178
10181
40061
10182
2630
37201
2631
25387
10185
40059
10186
10189
40057
10190
10193
40055
10194
2658
2659
10197
40053
10198
10201
40051
10202
10205
40765
10206
10213
40763
10214
10217
40761
10218
2634
41322
41324
41326
41328
41330
41332
41334
37197
2635
25264
25389
10221
40759
10222
10225
40757
10226
10229
40755
10230
10233
40753
10234
2638
37195
2639
25282
25287
25390
25391
10237
40649
10238
10209
40647
10210
10241
40645
10242
10245
40643
10246
10251
40641
10252
41336
10255
40635
10256
41338
10259
40633
10260
41340
10263
40631
10264
2642
41342
41344
41346
41348
41350
41352
41354
41356
41358
37199
2643
25393
10267
40629
10268
10271
40627
10272
10275
40625
10276
10279
40619
10280
10249
10250
10283
40617
10284
10291
40615
10292
10295
40613
10296
10299
40611
10300
2646
41360
41362
41364
41366
41368
41370
41372
41374
41376
41378
41380
37205
2647
25268
25270
25395
10303
40605
10304
2656
37209
37855
37857
37859
2657
25396
25397
25398
25399
25400
10307
40603
10308
10311
40601
10312
10315
40595
10316
10319
10320
10321
40593
10322
10329
40591
10330
10333
40469
10334
10337
40467
10338
10341
40465
10342
10345
40463
10346
10349
40461
10350
10353
40459
10354
10357
10358
41382
10287
40457
10288
41384
10325
40455
10326
41386
10367
40453
10368
41388
10371
40445
10372
41390
10375
40443
10376
41392
10379
40441
10380
41394
10383
40439
10384
41396
10387
40437
10388
41398
10359
40435
10360
10395
10396
41400
10391
40433
10392
41402
10363
40431
10364
41404
10405
40429
10406
41406
10409
40427
10410
41408
10413
40425
10414
41410
10417
40423
10418
41412
10421
40421
10422
41414
10425
40419
10426
41416
10397
40417
10398
10433
10434
41418
10429
40415
10430
41420
10401
40413
10402
41422
10443
40411
10444
41424
10447
40409
10448
41426
10451
40407
10452
41428
10455
40405
10456
41430
10459
40403
10460
41432
10463
40401
10464
41434
10435
40399
10436
10471
10472
41436
10467
40397
10468
41438
10439
40395
10440
41440
10481
40393
10482
41442
10485
40391
10486
41444
10489
40389
10490
41446
10493
40387
10494
41448
10497
40385
10498
41450
10501
40383
10502
41452
10473
40381
10474
10509
10510
41454
10505
40379
10506
41456
10477
40377
10478
41458
10519
40375
10520
41460
10523
40373
10524
41462
10527
40371
10528
41464
10531
40369
10532
41466
10535
40367
10536
41468
10539
40365
10540
41470
10511
40363
10512
10547
10548
41472
10543
40361
10544
41474
10515
40359
10516
41476
10549
40357
10550
41478
10561
40589
10562
41480
10565
40587
10566
41482
10569
40585
10570
41484
10573
40583
10574
41486
10577
40565
10578
41488
10581
40563
10582
41490
10553
40355
10554
41492
10585
40561
10586
41494
10589
40559
10590
41496
10597
40557
10598
41498
10601
40555
10602
41500
10605
40553
10606
41502
10609
40551
10610
2660
2661
41504
10613
40549
10614
41506
10617
40581
10618
41508
10621
40737
10622
41510
10625
40735
10626
41512
10633
40697
10634
41514
10637
40695
10638
41516
10641
40693
10642
41518
10645
40691
10646
41520
10649
40689
10650
41522
10653
40733
10654
41524
10657
40731
10658
41526
10661
41079
10662
41528
41530
41532
41534
41536
41538
41540
41542
41544
41546
41548
41550
9917
41552
41554
41556
41558
41560
41562
41564
41566
41568
41570
41572
41574
41576
41578
41580
41582
41584
39929
9918
10669
40729
10670
10673
40727
10674
10677
40725
10678
41586
10681
41077
10682
41588
10685
41075
10686
41590
10689
41073
10690
41592
10693
41071
10694
41594
10697
41069
10698
41596
41598
41600
41602
41604
41606
9925
41608
41610
41612
41614
41616
41618
41620
41622
41624
41626
41628
41630
41632
41634
41636
41638
41640
41642
41644
41646
41648
39927
9926
10705
41067
10706
10709
41065
10710
10713
41063
10714
10717
41061
10718
10721
41057
10722
41650
41652
41654
41656
41658
41660
41662
41664
41666
41668
41670
41672
41674
41676
41678
41680
41682
41684
41686
41688
41690
41692
41694
41696
41698
41700
41702
41704
2662
2663
41706
10725
41051
10726
41708
10729
41049
10730
41710
10733
41047
10734
41712
41714
41716
41718
41720
41722
9921
9922
10741
41045
10742
10745
41043
10746
10749
41041
10750
10753
41039
10754
10757
41037
10758
41724
10761
41035
10762
41726
10765
41033
10766
41728
10769
41031
10770
41730
41732
41734
41736
41738
41740
9929
9930
10777
41029
10778
10781
41027
10782
10785
41025
10786
10789
41023
10790
10793
41021
10794
41742
10797
41019
10798
41744
41746
41748
41750
41752
41754
41756
41758
41760
41762
41764
41766
41768
41770
41772
41774
41776
41778
41780
41782
41784
41786
41788
41790
41792
41794
41796
2666
41798
41800
41802
41804
41806
41808
37207
2667
25402
25403
25404
25405
10801
41017
10802
10805
41015
10806
10813
10814
2668
2669
41810
41812
41814
10817
10818
41816
10821
10822
41818
10825
10826
41820
10829
10830
41822
10833
10834
41824
10837
10838
41826
10845
10846
2670
2671
41828
10849
10850
41830
10841
10842
41832
10857
10858
41834
10853
10854
41836
10861
10862
41838
10869
10870
41840
10865
10866
2672
2673
41842
10873
10874
41844
10881
10882
41846
10877
10878
41848
10885
10886
41850
10893
10894
41852
10889
10890
41854
41856
41858
41860
41862
41864
41866
41868
2676
41870
37219
2677
25407
25408
25409
25410
10897
10898
2680
41872
37217
2681
25412
2728
2729
9937
9938
2684
41874
37213
2685
25289
25414
10905
10906
2688
37211
2689
25381
25386
25415
25416
41876
9933
9934
41878
9941
9942
2692
41880
37215
2693
25418
10901
10902
10933
41095
10934
10937
41181
10938
10941
41179
10942
10945
41177
10946
10949
41175
10950
2696
41882
41884
41886
41888
41890
41892
37221
2697
25293
25295
25420
10953
41173
10954
2706
37223
37293
37851
37853
2707
25421
25422
25423
25424
25425
10957
41171
10958
10961
41169
10962
10965
41167
10966
2710
37225
2711
25427
10969
41165
10970
10973
41163
10974
10977
41161
10978
10981
41159
10982
10985
41157
10986
2730
2731
10989
41155
10990
2714
41894
41896
41898
41900
41902
41904
41906
41908
37229
39891
39893
2715
25244
25429
10993
41153
10994
11001
41151
11002
11005
41149
11006
2718
40125
37227
2719
25277
25302
25430
25431
11009
41147
11010
11013
41145
11014
11017
41143
11018
11021
41141
11022
2722
41910
41912
41914
41916
41918
37231
39885
39887
2723
25433
11025
41139
11026
11029
41305
11030
10997
41137
10998
11037
41303
11038
11041
41301
11042
2726
41920
41922
41924
41926
41928
37235
39879
39881
2727
25248
25250
25435
11045
41299
11046
11049
41297
11050
11053
41295
11054
11057
41293
11058
11061
41291
11062
4601
41930
41932
41934
41936
37945
4602
25252
26367
11033
41289
11034
11065
41287
11066
11073
41285
11074
11077
41283
11078
11081
41281
11082
4605
41938
41940
41942
41944
41946
41948
37947
41309
4606
26369
11085
41279
11086
11089
41277
11090
11093
41275
11094
11097
41273
11098
4609
41950
41952
41954
37983
41197
41307
4610
26222
26224
26371
11069
41271
11070
11101
41269
11102
11105
41267
11106
11109
41265
11110
11113
41263
11114
4613
41956
41958
41960
41962
41964
41966
37985
41193
41195
4614
26373
11117
41261
11118
11121
41259
11122
41968
41970
41972
41974
41976
41978
41980
41982
41984
41986
41988
41990
41992
41994
41996
41998
42000
42002
42004
42006
42008
42010
42012
42014
42016
42018
42020
42022
42024
42026
42028
42030
42032
42034
42036
42038
42040
42042
42044
42046
42048
42050
42052
42054
42056
42058
42060
42062
42064
42066
42068
42070
42072
42074
42076
42078
42080
42082
42084
42086
42088
42090
42092
42094
42096
42098
42100
42102
42104
42106
42108
42110
42112
42114
42116
2732
2733
11125
41257
11126
11129
41255
11130
11133
41253
11134
4637
42118
42120
42122
42124
38001
4638
26226
26385
11145
11146
11149
11150
11153
11154
11157
11158
11161
11162
11165
11166
11137
11138
11169
11170
11141
11142
42126
11181
11182
42128
11185
11186
42130
11189
11190
42132
11193
11194
42134
11197
11198
42136
11201
11202
42138
11173
11174
42140
11205
11206
42142
11177
11178
11217
11218
42144
11219
11220
42146
11223
11224
42148
11227
11228
42150
11231
11232
42152
11235
11236
2736
42154
42156
42158
42160
42162
37233
2737
25437
25438
25439
25440
11239
11240
11209
11210
11243
11244
11213
11214
11259
11260
42164
11263
11264
42166
11267
11268
42168
11271
11272
42170
11275
11276
42172
11279
11280
42174
11247
11248
11287
11288
42176
11283
11284
42178
11251
11252
42180
11297
11298
42182
11301
11302
42184
11305
11306
42186
11309
11310
42188
11313
11314
42190
11317
11318
42192
11289
11290
11325
11326
42194
11321
11322
42196
11255
11256
42198
11335
11336
42200
11339
11340
42202
11343
11344
42204
11347
11348
42206
11351
11352
42208
11355
11356
42210
11293
11294
11363
11364
42212
11327
11328
42214
11359
11360
42216
11373
11374
42218
11377
11378
42220
11381
11382
42222
11385
42115
11386
42224
11389
42101
11390
42226
11393
42095
11394
42228
11331
42089
11332
11401
11402
42230
11365
42085
11366
42232
11397
41797
11398
42234
11411
41795
11412
42236
11415
41793
11416
42238
11419
41791
11420
42240
11423
41789
11424
42242
11427
41787
11428
42244
11431
41785
11432
42246
11369
41783
11370
11439
11440
42248
11403
41781
11404
42250
11435
41779
11436
42252
11449
41705
11450
42254
11453
41703
11454
42256
11457
41701
11458
42258
11461
41699
11462
42260
11465
41697
11466
42262
11469
41695
11470
42264
11407
41693
11408
11477
11478
42266
11441
41691
11442
42268
11473
41689
11474
42270
11487
41687
11488
42272
11491
41685
11492
42274
11495
41683
11496
42276
11499
41681
11500
42278
11503
41679
11504
42280
11507
41677
11508
2738
2739
42282
11445
41675
11446
42284
11479
41673
11480
42286
11511
41671
11512
42288
11483
41669
11484
42290
11529
41667
11530
42292
11533
41665
11534
42294
11537
41663
11538
42296
11541
41661
11542
42298
11545
41649
11546
42300
11517
41647
11518
42302
11549
41645
11550
42304
11521
41643
11522
42306
11553
41641
11554
42308
11565
41639
11566
42310
11569
41637
11570
42312
11573
41635
11574
42314
11577
41633
11578
42316
11557
41631
11558
42318
11581
41629
11582
42320
11585
41627
11586
42322
11589
41625
11590
11515
11516
42324
11601
41585
11602
42326
11605
41583
11606
42328
11609
41581
11610
42330
11613
41579
11614
42332
11593
41577
11594
42334
11617
41575
11618
42336
11621
41573
11622
42338
11625
41571
11626
42340
11629
41569
11630
42342
11637
41623
11638
42344
11641
41621
11642
42346
11645
41619
11646
42348
11649
41617
11650
42350
11653
41615
11654
42352
11657
41613
11658
42354
11661
41611
11662
42356
11665
41609
11666
2740
2741
42358
11673
41659
11674
42360
11677
41657
11678
42362
11681
41655
11682
42364
11685
41653
11686
42366
11689
41651
11690
42368
11693
41777
11694
42370
11697
41775
11698
42372
11701
41773
11702
42374
42376
42378
42380
42382
42384
42386
42388
42390
42392
10909
10910
11709
41771
11710
42394
11713
41769
11714
42396
11717
41767
11718
42398
11721
41765
11722
42400
11725
41763
11726
42402
11729
41761
11730
42404
11733
41759
11734
42406
11737
41757
11738
42408
42410
42412
42414
42416
42418
9949
41191
9950
11745
41755
11746
11749
41753
11750
11753
41751
11754
11757
41749
11758
11761
41747
11762
42420
11765
41745
11766
42422
11769
41857
11770
42424
11773
41855
11774
42426
42428
42430
42432
42434
42436
10917
10918
11781
11782
42438
8393
40771
8394
11787
11788
42440
9945
41189
9946
42442
9953
9954
11793
11794
42444
10913
10914
42446
10921
10922
11799
11800
42448
7665
42450
42452
42454
42456
42458
42460
42462
42464
42466
42468
42470
42472
42474
42476
42478
39069
7666
42480
8397
8398
42482
9957
9958
42484
42486
42488
42490
42492
42494
42496
42498
42500
42502
11805
11806
42504
10925
10926
42506
4873
42508
42510
42512
42514
42516
42518
42520
42522
42524
42526
42528
42530
42532
42534
39169
4874
42536
7669
7670
42538
42540
42542
42544
42546
42548
42550
42552
42554
42556
11811
11812
42558
8401
8402
42560
9961
9962
42562
42564
42566
42568
42570
42572
42574
42576
11817
11818
42578
10929
10930
42580
8999
42582
42584
42586
42588
42590
42592
42594
42596
42598
41187
9000
42600
10557
10558
42602
42604
42606
42608
42610
42612
42614
42616
42618
42620
11823
11824
42622
11525
11526
42624
9117
42626
42628
42630
42632
42634
42636
42638
42640
41185
9118
42642
11829
11830
42644
10593
10594
42646
11561
11562
42648
11789
11790
42650
11835
11836
42652
11867
11868
42654
42656
42658
42660
42662
42664
42666
42668
42670
42672
42674
42676
42678
42680
42682
42684
42686
42688
42690
42692
42694
42696
42698
42700
42702
42704
42706
42708
42710
42712
42714
42716
42718
42720
42722
42724
42726
42728
42730
42732
42734
42736
42738
42740
42742
42744
42746
42748
42750
42752
42754
42756
42758
42760
42762
42764
42766
42768
42770
42772
42774
42776
42778
42780
42782
42784
42786
42788
42790
42792
42794
42796
42798
42800
42802
42804
42806
42808
42810
42812
2742
2743
42814
11795
11796
42816
11839
11840
42818
11871
11872
42820
9235
41097
9236
42822
10629
10630
11905
11906
42824
11597
11598
2746
42826
37261
2747
25442
25443
25444
25445
11801
11802
2750
42828
37259
2751
25447
11843
11844
11911
11912
42830
11907
11908
2754
42832
37241
2755
25388
25449
2758
37237
2759
25406
25411
25450
25451
11875
11876
42834
9353
41093
9354
11917
11918
2762
42836
37239
2763
25453
11953
11954
42838
11913
11914
2766
42840
37455
2767
25392
25394
25455
2776
37453
37251
37253
37255
2777
25456
25457
25458
25459
25460
11923
11924
11957
11958
42842
11985
11986
42844
11989
11990
11929
11930
42846
10665
10666
42848
11633
11634
42850
11807
11808
11935
11936
42852
11847
11848
42854
11879
11880
11941
11942
42856
11919
11920
42858
11961
11962
42860
11993
11994
11899
11900
42862
9471
41089
9472
42864
10701
10702
12023
12024
42866
11669
11670
42868
11813
11814
42870
11851
11852
12029
12030
42872
12025
12026
42874
11883
11884
42876
11925
11926
12035
12036
42878
12031
12032
42880
12071
12072
12041
12042
42882
12075
12076
42884
11965
11966
42886
11997
11998
12047
12048
42888
12037
12038
42890
12103
12104
42892
12107
12108
12053
12054
42894
12079
12080
42896
12111
12112
11947
11948
42898
9589
41081
9590
42900
10737
10738
42902
11705
11706
12059
12060
42904
11819
11820
42906
11855
11856
42908
11887
11888
42910
12017
12018
42912
11931
11932
42914
11969
11970
42916
12065
12066
42918
12001
12002
42920
12043
12044
42922
12141
12142
42924
12135
12136
42926
12145
12146
42928
12149
12150
42930
12153
12154
42932
12157
12158
42934
12161
12162
42936
42938
42940
42942
42944
42946
42948
42950
42952
42954
42956
42958
42960
42962
42964
2778
2779
42966
12165
12166
42968
12169
12170
12177
42063
12178
12181
42061
12182
12185
42059
12186
12189
42057
12190
12193
42055
12194
42970
12197
42053
12198
42972
12201
42051
12202
42974
12205
42049
12206
42976
12209
42047
12210
42978
12213
42045
12214
42980
12217
42043
12218
42982
12221
42041
12222
42984
12225
42039
12226
42986
12229
42037
12230
42988
12233
42035
12234
42990
12237
42033
12238
42992
12241
42031
12242
42994
12245
42029
12246
42996
12249
42027
12250
42998
12253
42025
12254
43000
12257
42023
12258
43002
12261
42021
12262
43004
12265
42019
12266
43006
12269
42017
12270
43008
12273
42015
12274
43010
43012
43014
43016
43018
43020
43022
43024
43026
43028
43030
43032
43034
43036
43038
43040
43042
43044
43046
43048
43050
43052
43054
43056
43058
43060
43062
43064
2780
2781
43066
12281
42013
12282
43068
12285
42011
12286
43070
12289
42009
12290
43072
12293
42007
12294
43074
12297
42005
12298
43076
12301
42003
12302
43078
12305
42001
12306
43080
12277
41999
12278
43082
12309
41997
12310
43084
12317
41995
12318
43086
12321
41993
12322
43088
12325
41991
12326
43090
12329
41989
12330
43092
12333
41987
12334
43094
12337
41985
12338
43096
12341
41983
12342
43098
12313
41981
12314
43100
12345
41979
12346
43102
12353
41977
12354
43104
12357
41975
12358
43106
12361
41973
12362
43108
12365
41971
12366
43110
12369
42809
12370
43112
12373
42807
12374
43114
12377
42805
12378
43116
12349
41969
12350
43118
12381
42803
12382
43120
12389
42801
12390
43122
12393
42799
12394
43124
12397
42797
12398
43126
12401
42795
12402
43128
12405
42793
12406
43130
12409
42791
12410
43132
12413
42789
12414
43134
12385
42787
12386
43136
43138
43140
43142
43144
43146
43148
43150
43152
43154
43156
43158
43160
43162
43164
43166
43168
43170
43172
43174
43176
43178
43180
43182
43184
43186
43188
43190
43192
43194
43196
43198
43200
43202
43204
43206
43208
43210
43212
43214
43216
2782
2783
43218
12417
42785
12418
43220
12425
42783
12426
43222
12429
42781
12430
43224
12433
42779
12434
43226
12437
42777
12438
43228
12441
42775
12442
43230
12445
42773
12446
43232
12449
42771
12450
43234
12421
42765
12422
43236
12453
42763
12454
43238
12457
42761
12458
43240
12463
42759
12464
43242
12467
42757
12468
43244
12471
42755
12472
43246
12475
42753
12476
43248
12479
42751
12480
43250
12483
42749
12484
43252
12487
42747
12488
43254
12491
42745
12492
43256
12495
42743
12496
43258
12499
42741
12500
12461
12462
43260
12503
42739
12504
43262
12507
42737
12508
43264
12511
42735
12512
43266
12515
42733
12516
43268
12519
42731
12520
2786
43270
43272
43274
43276
43278
43280
37257
2787
25462
25463
25464
25465
12523
42727
12524
12527
42725
12528
12533
42723
12534
12531
12532
12541
42721
12542
12545
42719
12546
12549
42717
12550
12553
42715
12554
12557
42713
12558
12561
42711
12562
12565
42709
12566
12537
42707
12538
12569
12570
12579
42705
12580
12583
42703
12584
12587
42701
12588
43282
12591
42699
12592
43284
12595
42697
12596
43286
12599
42695
12600
43288
12571
42693
12572
43290
12603
42691
12604
12607
12608
43292
12575
42689
12576
43294
12617
42687
12618
43296
12621
42685
12622
43298
12625
42683
12626
43300
12629
42681
12630
43302
12633
42679
12634
43304
12637
42677
12638
43306
12609
42675
12610
12645
12646
43308
12641
42673
12642
43310
12613
42671
12614
43312
12655
42669
12656
43314
12659
42667
12660
43316
12663
42665
12664
43318
12667
42663
12668
43320
12671
42661
12672
43322
12675
42659
12676
43324
12647
42657
12648
12683
12684
43326
12679
42655
12680
43328
12651
42643
12652
43330
12693
42641
12694
43332
12697
42639
12698
43334
12701
42637
12702
43336
12705
42635
12706
43338
12709
42633
12710
43340
12713
42631
12714
43342
12685
42629
12686
12721
12722
43344
12717
42627
12718
43346
12689
42621
12690
43348
12731
42619
12732
43350
12735
42617
12736
43352
12739
42615
12740
43354
12743
42613
12744
43356
12747
42611
12748
43358
12751
42609
12752
43360
12723
42607
12724
12759
12760
43362
12755
42605
12756
43364
12727
42603
12728
43366
12761
42599
12762
43368
12773
42597
12774
43370
12777
42595
12778
43372
12781
42593
12782
43374
12785
42591
12786
43376
12789
42589
12790
43378
12793
42587
12794
43380
12765
42585
12766
43382
12797
42583
12798
43384
12801
42577
12802
43386
12809
42575
12810
43388
12813
42573
12814
43390
12817
42571
12818
43392
12821
42569
12822
43394
12825
42567
12826
43396
12829
42565
12830
2788
2789
43398
12833
42563
12834
43400
12837
42557
12838
43402
12845
42555
12846
43404
12849
42553
12850
43406
12853
42551
12854
43408
12857
42549
12858
43410
12861
42547
12862
43412
12865
42545
12866
43414
12869
42543
12870
43416
12873
42541
12874
43418
43420
43422
43424
43426
43428
43430
43432
43434
43436
43438
43440
12173
12174
12881
42539
12882
12885
42535
12886
12889
42533
12890
43442
12893
42531
12894
43444
12897
42529
12898
43446
12901
42527
12902
43448
12905
42525
12906
43450
12909
42523
12910
43452
43454
43456
43458
43460
43462
12769
12770
12917
42521
12918
12921
42519
12922
12925
42517
12926
12929
42515
12930
12933
42513
12934
43464
12937
42511
12938
2790
2791
43466
12941
42509
12942
43468
12945
42503
12946
43470
12953
42501
12954
43472
12957
42499
12958
43474
12961
42497
12962
43476
12965
42495
12966
43478
12969
42493
12970
43480
12973
42491
12974
43482
12977
42489
12978
43484
12981
42487
12982
43486
43488
43490
43492
43494
43496
12805
12806
12989
43498
42485
12990
12993
42479
12994
12997
42477
12998
13001
42475
13002
13005
43500
42473
13006
43502
13009
42471
13010
43504
13013
42469
13014
43506
13017
42467
13018
43508
43510
43512
43514
43516
43518
12841
12842
43520
12877
12878
43522
43524
43526
43528
43530
43532
43534
43536
43538
43540
43542
43544
43546
43548
43550
43552
43554
43556
43558
43560
43562
43564
43566
43568
43570
43572
43574
43576
43578
43580
43582
43584
43586
43588
43590
43592
43594
43596
43598
43600
43602
43604
43606
43608
43610
43612
43614
43616
43618
43620
43622
43624
43626
43628
43630
43632
43634
43636
43638
43640
43642
43644
43646
43648
43650
43652
2792
2793
43654
13029
13030
43656
13033
13034
43658
13037
13038
43660
13041
13042
43662
12913
12914
43664
13045
13046
43666
43668
43670
43672
43674
43676
43678
43680
43682
43684
43686
2796
43688
37271
2797
25467
25468
25469
25470
12949
12950
2800
43690
37269
2801
25472
2852
2853
12083
12084
2804
43692
37265
2805
25413
25474
13065
13066
2808
37263
2809
25441
25446
25475
25476
43694
13069
13070
43696
13073
13074
2812
43698
37267
2813
25478
13077
13078
43700
12115
12116
2816
43702
37273
2817
25417
25419
25480
2826
37275
37287
37289
37291
2827
25481
25482
25483
25484
25485
2830
37277
2831
25487
13049
13050
2854
2855
43704
13081
43217
13082
2834
43706
37281
42117
43209
2835
25304
25489
2838
37279
2839
25401
25426
25490
25491
9707
41085
9708
2842
43708
37283
42111
42113
2843
25493
13101
43215
13102
2846
43710
37285
42107
42109
2847
25308
25310
25495
10773
10774
2850
43712
37297
42103
42105
2851
25497
13105
43213
13106
3078
43714
37379
3079
25611
13109
43211
13110
4617
43716
37987
4618
25312
26375
13113
13114
4621
43718
37991
42097
42099
4622
26377
11741
11742
43720
43722
43724
43726
43728
43730
43732
43734
43736
43738
43740
43742
43744
43746
43748
43750
43752
43754
43756
43758
43760
43762
43764
43766
43768
43770
43772
43774
43776
43778
43780
43782
43784
43786
43788
43790
43792
43794
43796
43798
43800
43802
43804
43806
43808
43810
43812
43814
43816
43818
43820
43822
43824
43826
43828
43830
43832
43834
43836
43838
43840
43842
43844
43846
43848
43850
43852
43854
43856
43858
43860
43862
43864
43866
43868
43870
43872
43874
43876
43878
43880
43882
43884
43886
43888
43890
43892
43894
43896
43898
43900
43902
43904
43906
43908
43910
2856
2857
4625
43912
37995
42091
42093
4626
26230
26232
26379
12985
12986
4629
43914
37997
42961
42963
4630
26381
11825
43207
11826
4641
43916
38029
4642
26234
26387
11859
11860
43918
11891
11892
4633
43920
37999
40769
42087
4634
26383
4645
38031
40767
42959
4646
26384
26389
11937
43065
11938
43922
11973
11974
43924
12005
12006
4653
43926
38035
4654
26393
43928
43930
43932
43934
43936
43938
43940
2862
2863
4657
38037
4658
26394
26395
12049
42965
12050
43942
13137
13138
13141
43059
13142
13145
43057
13146
13149
43055
13150
13153
43053
13154
4649
43944
43946
43948
43950
43952
38033
40651
40751
4650
26391
13157
43051
13158
13161
43049
13162
13165
43047
13166
13169
43045
13170
13173
43043
13174
4665
38041
4666
26399
13177
43041
13178
13181
43039
13182
4669
43954
43956
43958
43960
38043
4670
26400
26401
13185
43037
13186
13189
43035
13190
13193
43033
13194
13197
43031
13198
13201
43029
13202
13209
43027
13210
13213
43025
13214
13217
43023
13218
13221
43021
13222
13225
43019
13226
13229
43017
13230
43962
13233
43015
13234
4661
43964
43966
43968
43970
43972
43974
43976
43978
43980
43982
38039
40637
40639
4662
26392
26397
13237
43013
13238
13205
43011
13206
43984
43986
43988
43990
43992
43994
43996
43998
44000
44002
44004
44006
44008
44010
44012
44014
44016
44018
44020
44022
44024
44026
44028
44030
44032
44034
44036
44038
2864
2865
13245
43205
13246
13249
43203
13250
13253
43201
13254
13257
43199
13258
13261
43197
13262
13265
43195
13266
13269
43193
13270
4677
44040
44042
44044
44046
44048
44050
44052
44054
44056
38045
4678
26405
13241
43191
13242
4681
38049
4682
26406
26407
13281
43189
13282
13285
43187
13286
13289
43185
13290
13293
43183
13294
13297
43181
13298
13301
43179
13302
13273
43177
13274
13305
43175
13306
13317
43173
13318
44058
13321
43171
13322
44060
13325
43169
13326
44062
13329
43167
13330
4673
44064
44066
44068
44070
44072
44074
44076
44078
44080
44082
38047
40621
40623
4674
26398
26403
13333
43165
13334
13337
43163
13338
13277
43161
13278
13309
43159
13310
13341
43157
13342
13353
43155
13354
13357
43153
13358
13361
43151
13362
13365
43149
13366
4689
44084
44086
44088
44090
44092
44094
44096
44098
44100
38051
4690
26411
13369
43147
13370
13373
43145
13374
4693
44102
38055
4694
26412
26413
13313
43143
13314
13345
43141
13346
13389
43861
13390
13393
43859
13394
44104
44106
44108
44110
44112
44114
44116
44118
44120
44122
44124
44126
44128
44130
44132
44134
44136
44138
44140
44142
44144
44146
44148
44150
44152
44154
44156
44158
44160
44162
44164
44166
44168
44170
44172
44174
44176
44178
44180
44182
44184
44186
44188
44190
44192
2866
2867
13397
43857
13398
13401
43855
13402
13405
43853
13406
13377
43139
13378
13409
43851
13410
44194
13349
43137
13350
44196
13381
43849
13382
44198
13413
43847
13414
4685
44200
44202
44204
44206
44208
44210
44212
44214
44216
44218
38053
40607
40609
4686
26404
26409
13427
43845
13428
13431
43843
13432
13435
43841
13436
13439
43839
13440
13443
43837
13444
13447
43835
13448
13385
43833
13386
13417
43831
13418
13451
43829
13452
4701
44220
44222
44224
44226
44228
44230
44232
44234
38057
4702
26417
13421
43827
13422
13467
43825
13468
4705
44236
44238
38061
4706
26418
26419
13471
43823
13472
13475
43821
13476
13425
13426
13479
43819
13480
13483
43817
13484
13487
43815
13488
13455
43813
13456
13491
43811
13492
13505
43809
13506
13509
43807
13510
44240
13513
43805
13514
13495
13496
44242
13517
43799
13518
44244
13521
43797
13522
4697
44246
44248
44250
44252
44254
44256
44258
44260
44262
38059
40597
40599
4698
26410
26415
13525
43795
13526
13459
43793
13460
13497
43791
13498
13529
43789
13530
13543
43787
13544
13547
43785
13548
13533
13534
13551
43783
13552
13555
43781
13556
13559
43779
13560
4713
44264
44266
44268
44270
44272
44274
44276
44278
44280
38063
4714
26423
13563
43777
13564
13463
43775
13464
4717
44282
44284
38067
4718
26424
26425
13501
43773
13502
13581
43771
13582
13585
43769
13586
13571
13572
13589
43767
13590
13593
43765
13594
13597
43763
13598
13535
43761
13536
13567
43759
13568
13601
43757
13602
44286
13539
43755
13540
44288
13619
43753
13620
13609
13610
44290
13623
43751
13624
4709
44292
44294
44296
44298
44300
44302
44304
44306
44308
38065
40747
40749
4710
26416
26421
13627
43749
13628
13631
43747
13632
13635
43745
13636
13573
43743
13574
13605
43741
13606
13639
43739
13640
13577
43737
13578
13647
13648
13657
43735
13658
13661
43733
13662
4725
44310
44312
44314
44316
44318
44320
44322
44324
44326
38193
4726
26236
26374
26429
13665
43731
13666
13669
43729
13670
4729
44328
44330
38197
4730
26242
26386
26430
26431
13673
43727
13674
13611
43725
13612
13643
43723
13644
13677
43721
13678
13685
13686
13695
43687
13696
13699
43685
13700
13703
43683
13704
13707
43681
13708
13711
43679
13712
44332
13615
43677
13616
44334
13649
43675
13650
4721
44336
44338
44340
44342
44344
44346
44348
44350
44352
38195
40743
40745
4722
26422
26427
13681
43673
13682
13723
13724
13715
43671
13716
13737
43669
13738
13741
43667
13742
13745
43653
13746
13749
43651
13750
13653
43649
13654
4733
44354
44356
44358
44360
44362
44364
44366
38205
40739
40741
4734
26428
26433
13687
43647
13688
13719
43645
13720
13753
43643
13754
13691
43641
13692
13725
43639
13726
13773
43637
13774
13777
43635
13778
13757
43633
13758
13729
43631
13730
44368
13781
43629
13782
44370
13761
43627
13762
44372
13785
43625
13786
44374
13765
43623
13766
44376
13789
43621
13790
44378
13809
43619
13810
44380
44382
44384
44386
44388
44390
44392
44394
44396
44398
44400
44402
44404
44406
44408
44410
44412
44414
44416
44418
44420
44422
44424
44426
44428
44430
44432
44434
44436
44438
44440
44442
44444
44446
44448
44450
44452
44454
44456
44458
44460
44462
44464
44466
44468
44470
44472
44474
44476
44478
44480
44482
44484
44486
44488
44490
44492
44494
44496
44498
44500
44502
44504
44506
44508
44510
44512
44514
44516
44518
44520
44522
44524
44526
44528
44530
44532
44534
44536
44538
44540
44542
44544
44546
44548
44550
44552
44554
44556
44558
44560
44562
44564
44566
44568
44570
44572
44574
44576
44578
44580
44582
44584
44586
44588
44590
44592
44594
44596
44598
44600
44602
44604
44606
44608
44610
44612
44614
44616
44618
44620
44622
44624
44626
44628
2902
2903
2860
44630
44632
44634
44636
44638
44640
44642
37295
2861
25499
25500
25501
25502
13813
43617
13814
13793
43615
13794
13817
43613
13818
13797
43611
13798
13821
43609
13822
13801
43607
13802
13825
43605
13826
44644
13845
43603
13846
2870
44646
44648
44650
44652
44654
37307
2871
25504
25505
25506
25507
13849
43601
13850
13829
43599
13830
13853
43597
13854
13833
43595
13834
2874
44656
44658
44660
44662
37305
2875
25509
13857
43593
13858
13837
43591
13838
13861
43589
13862
13881
43587
13882
13885
43585
13886
44664
13865
43583
13866
44666
13889
43581
13890
44668
13869
43579
13870
44670
13893
43577
13894
2878
44672
44674
44676
44678
44680
37301
2879
25448
25511
13873
43575
13874
13897
43573
13898
13917
43571
13918
13921
43569
13922
2882
37299
2883
25466
25471
25512
25513
13901
43567
13902
44682
13925
43565
13926
44684
13905
43563
13906
44686
13929
43561
13930
44688
13909
43559
13910
44690
13933
43557
13934
44692
13953
43555
13954
44694
13957
43553
13958
2886
44696
44698
44700
44702
44704
37303
2887
25515
13937
43551
13938
2904
2905
13961
43549
13962
13941
43547
13942
13965
43545
13966
13945
43543
13946
44706
13969
43541
13970
44708
13973
43539
13974
44710
13977
43537
13978
2890
44712
44714
44716
44718
44720
44722
44724
44726
44728
37309
2891
25452
25454
25517
13981
43535
13982
2900
44730
37313
37839
37841
37843
2901
25518
25519
25520
25521
25522
13733
13734
44732
44734
44736
44738
44740
44742
13769
13770
44744
13993
13994
44746
13997
13998
44748
13805
44193
13806
2906
2907
44750
14001
44191
14002
44752
14029
43911
14030
44754
14033
43909
14034
44756
13841
43907
13842
44758
14005
43905
14006
44760
14037
43903
14038
2910
44762
37311
2911
25524
25525
25526
25527
13877
43901
13878
2912
2913
44764
14009
43899
14010
44766
14065
43897
14066
44768
14069
43895
14070
44770
14041
43893
14042
44772
14073
43891
14074
44774
13913
43889
13914
44776
14013
43887
14014
2914
2915
44778
14045
43885
14046
44780
14077
43883
14078
44782
13949
43941
13950
44784
12087
44189
12088
44786
12119
12120
14107
14108
44788
13053
43939
13054
44790
13085
43937
13086
44792
13117
13118
14113
14114
44794
14017
14018
44796
14049
14050
44798
14081
14082
44800
44802
44804
14119
14120
44806
9825
44808
44810
44812
44814
44816
44818
44820
44822
44824
44826
44828
44830
44832
44834
44836
44838
44840
44842
41183
9826
44844
10809
10810
44846
44848
44850
44852
44854
14125
14126
44856
11777
11778
44858
13021
13022
44860
13985
13986
44862
44864
44866
44868
44870
44872
44874
44876
44878
44880
44882
44884
44886
44888
44890
44892
44894
14169
14170
44896
11831
44898
42813
11832
44900
11863
11864
44902
11895
11896
44904
14175
14176
44906
11943
44908
42957
11944
44910
11977
11978
44912
14181
14182
44914
12009
12010
44916
12055
44918
42955
12056
44920
12091
12092
44922
14101
14102
44924
12123
12124
44926
13057
13058
44928
14163
14164
44930
13089
13090
44932
13121
13122
44934
14021
14022
44936
14231
14232
44938
14053
14054
44940
14085
14086
44942
11783
44944
42811
11784
44946
14237
14238
44948
13025
13026
44950
13989
13990
44952
14187
14188
44954
11901
44956
42953
11902
44958
11949
44960
42951
11950
44962
11981
11982
44964
14243
14244
44966
12013
12014
44968
12061
44970
42911
12062
44972
12095
12096
44974
14225
14226
44976
14293
14294
44978
14297
14298
44980
14249
14250
44982
12127
12128
44984
13061
13062
44986
14301
14302
44988
14287
14288
44990
14305
14306
44992
14309
14310
44994
14313
14314
44996
14317
14318
44998
14321
14322
45000
45002
45004
45006
45008
45010
45012
45014
45016
45018
45020
45022
45024
45026
45028
45030
45032
2916
2917
45034
14325
14326
45036
14329
14330
45038
14333
14334
45040
14337
14338
45042
14341
14342
2920
45044
37323
2921
25529
25530
25531
25532
14345
14346
2924
45046
37321
2925
25534
14349
14350
2972
2973
45048
14353
14354
2928
45050
37317
2929
25473
25536
14357
14358
2932
37315
2933
25503
25508
25537
25538
45052
14365
14366
45054
14369
14370
2936
45056
37319
2937
25540
14373
14374
2940
45058
37325
2941
25477
25479
25542
14377
14378
2950
45060
37327
37829
37831
37833
2951
25543
25544
25545
25546
25547
2954
37329
2955
25549
14381
45033
14382
2974
2975
45062
14385
45031
14386
2958
45064
37333
43879
43881
2959
25428
25551
2962
44629
37331
2963
25461
25486
25552
25553
14389
45029
14390
2966
45066
37335
43875
43877
2967
25555
13093
45027
13094
2970
45068
37339
43871
43873
2971
25432
25434
25557
14401
45025
14402
4737
45070
38073
43867
43869
4738
25436
26435
14405
45023
14406
4741
45072
38191
43863
43865
4742
26437
14409
44975
14410
4745
45074
38187
43933
43935
4746
26368
26370
26439
13125
45021
13126
4749
45076
38095
43929
43931
4750
26441
2976
2977
14413
44965
14414
4773
45078
38101
4774
26372
26453
14417
44961
14418
45080
14421
44947
14422
45082
14025
45019
14026
45084
14057
14058
45086
14089
14090
45088
45090
45092
45094
2980
45096
37337
2981
25559
25560
25561
25562
14109
44923
14110
45098
14131
14132
2982
2983
45100
14147
14148
45102
14361
14362
45104
14393
14394
45106
14425
14426
45108
14441
14442
45110
14115
44913
14116
45112
14135
14136
2984
2985
45114
14151
14152
45116
14445
14446
45118
14501
14502
45120
14505
14506
45122
12019
42917
12020
45124
12067
42949
12068
45126
12099
12100
45128
45130
45132
45134
45136
45138
45140
45142
45144
45146
45148
45150
45152
45154
45156
45158
45160
45162
45164
45166
45168
45170
45172
45174
45176
45178
2986
2987
45180
14521
14522
45182
14525
14526
45184
12131
12132
45186
13097
13098
45188
13129
13130
45190
14061
14062
2990
45192
37349
2991
25564
25565
25566
25567
2994
37347
2995
25569
14093
14094
45194
14171
44905
14172
2998
45196
37343
2999
25510
25571
14193
14194
3024
45198
37355
3025
25535
25570
25584
14209
14210
3002
37341
3003
25528
25533
25572
25573
45200
14397
14398
45202
14429
14430
3028
37353
3029
25563
25568
25585
25586
45204
14461
14462
3006
45206
37345
3007
25575
14509
14510
3032
45208
37357
3033
25588
14541
14542
3090
45210
37383
3091
25617
14121
44899
14122
45212
14139
14140
3010
45214
37351
3011
25514
25516
25577
3020
37359
37823
37825
37827
3021
25578
25579
25580
25581
25582
14581
14582
14155
14156
14587
14588
45216
14177
44909
14178
14593
14594
3036
45218
37361
3037
25539
25541
25590
3046
37363
37817
37819
37821
3047
25591
25592
25593
25594
25595
14197
14198
14599
14600
3050
45220
37365
3051
25597
14213
14214
14605
14606
3054
45222
37369
3055
25488
25599
14449
14450
3058
37367
3059
25523
25548
25600
25601
45224
14465
14466
3062
45226
37371
3063
25603
14529
14530
3066
45228
37373
3067
25492
25494
25605
3070
37375
3071
25607
14545
14546
3082
45230
37381
3083
25613
12137
42947
12138
45232
13133
13134
3074
45234
37377
40077
43803
3075
25609
3086
37385
40073
43801
3087
25610
25615
14097
14098
45236
14233
44945
14234
3196
45238
37433
3197
25314
25498
25670
14255
14256
3200
45240
37435
3201
25320
25612
25671
25672
14643
14644
14271
14272
14649
14650
45242
14433
14434
14655
14656
4753
45244
38075
4754
25496
26443
14481
14482
14661
14662
4757
45246
38091
4758
26445
14513
14514
14667
14668
4761
45248
38093
45179
4762
26376
26378
26447
14561
14562
4765
45250
38097
45175
45177
4766
26449
14127
44895
14128
4777
45252
38103
4778
26380
26455
14143
14144
45254
14159
14160
4769
45256
38099
44627
45173
4770
26451
4781
38105
44625
45171
4782
26452
26457
14183
44919
14184
45258
14201
14202
45260
14217
14218
4789
45262
38107
4790
26461
4793
38109
4794
26462
26463
14239
44953
14240
45264
14259
14260
4785
45266
38111
44185
44187
4786
26244
26459
14275
14276
4801
45268
38113
4802
26467
14453
14454
4805
45270
38117
4806
26468
26469
14469
14470
45272
14485
14486
4797
45274
38115
44181
44183
4798
26261
26460
26465
14533
14534
14705
14706
45276
14549
14550
14711
14712
4813
45278
38119
4814
26473
14565
14566
14717
14718
4817
45280
38167
4818
26474
26475
14723
14724
14103
44929
14104
14729
14730
45282
14437
14438
4809
45284
38121
44177
44179
4810
26278
26466
26471
14517
14518
45286
14165
44937
14166
4825
45288
38169
4826
26479
4829
38173
4830
26480
26481
14189
44957
14190
45290
14205
14206
45292
14221
14222
4821
45294
38171
44621
44623
4822
26295
26472
26477
14245
44971
14246
45296
14263
14264
14767
14768
4837
45298
38175
4838
26485
4841
38179
4842
26486
26487
14773
14774
45300
14279
14280
45302
14457
14458
4833
45304
38177
44617
44619
4834
26312
26478
26483
14473
14474
45306
14489
14490
4849
45308
38181
4850
26491
4853
38185
4854
26492
26493
14537
14538
45310
14553
14554
4845
45312
38183
44613
44615
4846
26329
26484
26489
14569
14570
45314
14589
14590
4861
45316
38189
4862
26382
26442
26497
14611
14612
4865
45318
38201
4866
26388
26454
26498
26499
14627
14628
45320
14777
14778
4857
45322
38199
44609
44611
4858
26346
26490
26495
14793
14794
45324
14595
14596
4869
45326
38913
44605
44607
4870
26363
26496
26501
14615
14616
4875
40723
44603
4876
26504
14631
14632
45328
14797
14798
45330
14227
45017
14228
3094
45332
37387
3095
25574
25576
25619
3104
37389
37811
37813
37815
3105
25620
25621
25622
25623
25624
14251
45015
14252
45334
14267
14268
14869
14870
3108
45336
37391
3109
25587
25589
25618
25626
3116
37393
37807
37809
3117
25627
25628
25629
25630
14283
14284
14875
14876
3120
45338
37395
3121
25632
14477
14478
3124
45340
37399
3125
25550
25634
14493
14494
14881
14882
3128
37397
3129
25583
25596
25635
25636
45342
14557
14558
14887
14888
3132
45344
37401
3133
25638
14573
14574
14893
14894
3136
45346
37403
3137
25554
25556
25640
14651
14652
7535
45348
38917
7536
25558
27834
14673
14674
7539
45350
38923
7540
27836
14689
14690
7543
45352
38937
7544
26436
26438
27838
14781
14782
7547
45354
38941
7548
27840
14813
14814
7571
45356
38947
7572
26440
27852
14601
14602
3140
45358
37407
3141
25598
25633
25642
14619
14620
3144
37405
3145
25625
25631
25643
25644
3148
45360
37409
3149
25646
14635
14636
3160
45362
37415
3161
25652
14657
14658
3152
45364
37411
3153
25602
25604
25648
14677
14678
3156
45366
37413
3157
25650
14693
14694
14931
14932
3180
45368
37425
3181
25662
14937
14938
14801
14802
45370
45372
45374
45376
45378
45380
45382
45384
45386
45388
45390
45392
45394
45396
45398
14943
14944
3164
45400
37417
3165
25637
25639
25654
14817
14818
45402
14949
14950
3168
45404
37419
3169
25645
25647
25653
25656
14289
45406
45408
45410
45412
45414
45416
45418
45013
14290
3172
45420
37421
3173
25658
14497
14498
3184
45422
37427
3185
25664
14577
14578
3176
45424
37423
3177
25660
14713
14714
45426
45428
45430
45432
45434
45436
45438
14955
14956
3188
45440
37429
3189
25661
25666
14735
14736
45442
14751
14752
3192
45444
37431
40049
3193
25668
14785
14786
3220
45446
37445
3221
25322
25616
25667
25682
14833
14834
3204
45448
37437
3205
25608
25651
25659
25674
14607
14608
3208
45450
37439
3209
25614
25663
25665
25675
25676
14623
14624
45452
14639
14640
3212
45454
37441
40287
3213
25669
25678
14663
14664
45456
14681
14682
3224
45458
37447
3225
25332
25673
25677
25683
25684
14697
14698
45460
14719
14720
14993
14994
3216
45462
37443
40273
40275
3217
25680
14739
14740
45464
45466
45468
14999
15000
3228
45470
37449
40269
40271
40263
3229
25681
25686
14755
14756
45472
14805
14806
3276
45474
37463
3277
25710
14821
14822
3280
45476
37465
3281
25369
25711
25712
14837
14838
45478
14583
14584
3262
45480
37457
3263
24818
25703
3266
37459
40261
3267
25343
25704
25705
14789
14790
45482
14853
14854
3288
45484
37467
3289
25334
25679
25716
14645
14646
3292
45486
37469
3293
25373
25685
25699
25717
25718
14669
14670
45488
15005
15006
45490
14685
14686
45492
45494
15011
15012
3234
45496
37451
40267
3235
25689
14701
14702
45498
15017
15018
3272
45500
37461
40265
3273
25690
25708
14725
14726
45502
14743
14744
3284
45504
37471
3285
25714
14759
14760
3296
45506
37473
3297
25715
25720
14809
14810
45508
14825
14826
3332
45510
37485
3333
25738
14841
14842
3336
45512
37487
3337
25739
25740
14857
14858
45514
14877
14878
3308
45516
37475
3309
25726
14899
14900
3314
45518
37481
3315
25727
25729
14915
14916
45520
14883
14884
45522
15055
15056
3318
45524
37479
3319
25731
14903
14904
3322
45526
37483
3323
25732
25733
14919
14920
45528
14707
14708
3344
45530
37491
3345
25744
14731
14732
45532
15077
15078
3348
45534
37493
3349
25745
25746
45536
15083
15084
14747
14748
45538
15089
15090
45540
14763
14764
45542
15095
15096
3302
45544
37477
3303
25723
14829
14830
45546
15101
15102
3328
45548
37495
3329
25724
25736
14845
14846
45550
14861
14862
3340
45552
37489
3341
25742
3352
37497
3353
25743
25748
14939
14940
45554
14961
14962
3388
45556
37507
3389
25766
14977
14978
45558
45560
45562
15123
15124
3392
45564
37509
3393
25767
25768
14889
14890
45566
14907
14908
3364
45568
37499
3365
25754
14923
14924
3370
45570
37503
3371
25755
25757
45572
45574
45576
15129
15130
14945
14946
45578
15135
15136
45580
14965
14966
45582
15141
15142
3374
45584
37501
3375
25709
25759
14981
14982
45586
15147
15148
3378
45588
37505
3379
25730
25760
25761
14769
14770
45590
14849
14850
3400
45592
37513
3401
25721
25741
25772
14865
14866
3404
45594
37515
3405
25734
25747
25773
25774
45596
45598
45600
15169
15170
15001
15002
45602
15175
15176
45604
15023
15024
45606
15181
15182
3358
45608
37511
3359
25751
15039
15040
45610
15187
15188
3384
45612
37519
3385
25752
25764
45614
15193
15194
14895
14896
45616
14911
14912
3396
45618
37517
3397
25770
14927
14928
3408
45620
37521
3409
25771
25776
14951
14952
45622
14969
14970
3444
45624
37531
3445
25794
14985
14986
45626
15215
15216
3448
45628
37533
3449
25795
25796
15007
15008
45630
15027
15028
3420
45632
37525
3421
25782
15043
15044
3426
45634
37529
3427
25783
25785
15221
15222
15223
15224
45636
45638
15227
15228
14871
14872
45640
15233
15234
3430
45642
45644
37527
3431
25787
15061
15062
45646
15239
15240
3434
45648
37535
3435
25788
25789
45650
15245
15246
14933
14934
15251
15252
15253
15254
45652
45654
15257
15258
45656
45658
14957
14958
45660
15263
15264
3456
45662
37537
3457
25800
14973
14974
45664
15269
15270
3460
45666
37539
3461
25801
25802
45668
15275
15276
14989
14990
15281
15282
15283
15284
45670
45672
15287
15288
45674
45676
15013
15014
45678
15293
15294
3414
45680
37523
3415
25779
15031
15032
45682
15299
15300
3440
45684
37543
3441
25737
25780
25792
45686
15305
15306
15047
15048
15311
15312
15313
15314
3452
45688
45690
37541
3453
25798
15318
45692
45694
41059
15319
3464
45696
37545
3465
25749
25799
25804
15065
15066
45698
15085
15086
3500
45700
37555
3501
25822
15322
15323
26132
3504
45702
37557
3505
25769
25823
25824
15107
15108
45704
15091
15092
3476
45706
37547
3477
25810
15111
15112
3482
45708
37551
3483
25758
25811
25813
15326
41053
15327
45710
15330
15331
3486
45712
37549
3487
25765
25815
15334
45714
42083
15335
3490
45716
37553
3491
25762
25786
25816
25817
15338
15339
45718
15342
45720
42081
15343
3512
45722
37559
3513
25777
25797
25828
15346
15347
3516
45724
37561
3517
25775
25790
25803
25829
25830
15350
45726
42079
15351
45728
15354
45730
42077
15355
3470
45732
37563
3471
25807
15358
15359
3496
45734
37567
3497
25808
25820
15362
45736
42075
15363
45738
15370
45740
42073
15371
3508
45742
37565
3509
25826
15374
45744
42071
15375
3520
45746
37569
3521
25827
25832
14995
14996
45748
15019
15020
3526
45750
37571
3527
25835
15035
15036
3594
45752
37599
3595
25869
15366
45754
42925
15367
3626
45756
37609
3627
25885
15382
45758
42069
15383
3658
45760
37619
3659
25901
15378
45762
42945
15379
3690
45764
37631
3691
25917
15386
45766
41869
15387
3722
45768
37643
3723
25933
15394
45770
41867
15395
3754
45772
37655
3755
25949
15390
45774
42943
15391
3786
45776
37667
3787
25821
25965
15398
45778
41865
15399
3556
45780
37577
3557
25850
3560
37579
3561
25851
25852
15402
45782
42941
15403
45784
15406
45786
41863
15407
3564
45788
37591
3565
25854
15410
45790
45792
41861
15411
3604
45794
37601
3605
25874
15418
45796
45798
41859
15419
3636
45800
37611
3637
25890
15414
45802
45804
42939
15415
3668
45806
37621
3669
25906
15422
45808
45810
42067
15423
3700
45812
37633
3701
25922
15430
45814
45816
42065
15431
3732
45818
37645
3733
25938
15426
45820
45822
42937
15427
15458
44033
15459
15462
44031
15463
15466
44029
15467
15470
44027
15471
3764
45824
45826
45828
45830
45832
37657
3765
25954
15474
44025
15475
15478
44023
15479
15482
44021
15483
15486
44019
15487
3796
37669
3797
25833
25853
25970
15490
44017
15491
15494
44015
15495
15498
44013
15499
15502
44011
15503
15506
44009
15507
15510
44007
15511
3532
45834
45836
45838
45840
45842
45844
45846
37573
3533
25838
15514
44005
15515
15526
44003
15527
15530
44001
15531
15534
43999
15535
3538
45848
45850
37581
3539
25839
25841
15538
43997
15539
15542
43995
15543
15546
43993
15547
15550
43991
15551
15518
43989
15519
15562
44173
15563
15566
44171
15567
15570
44169
15571
15574
44167
15575
45852
15578
44165
15579
3542
45854
45856
45858
45860
45862
45864
45866
45868
45870
37575
3543
25793
25843
15582
44163
15583
15554
43987
15555
15586
44161
15587
15522
43985
15523
3546
45872
45874
45876
45878
37585
3547
25814
25844
25845
15434
45880
45882
45884
45886
45888
45890
45892
45894
45896
45898
45900
45902
45904
45906
45908
45910
45912
45914
45916
45918
45920
45922
45924
45926
45928
45930
45932
45934
45936
45938
45940
45942
45944
45946
45948
42769
15435
3552
45950
45952
45954
45956
45958
45960
37593
3553
25836
25848
15442
45962
42767
15443
45964
15438
45966
43063
15439
15558
44159
15559
15590
44157
15591
15594
44155
15595
3600
45968
45970
45972
45974
37605
3601
25870
25872
15598
44153
15599
15602
44151
15603
15606
44149
15607
15610
44147
15611
15614
44145
15615
15618
44143
15619
15622
44141
15623
15626
44139
15627
15634
44137
15635
3632
45976
45978
45980
45982
45984
45986
45988
37615
3633
25886
25888
15638
44135
15639
15642
44133
15643
15646
44131
15647
15650
44129
15651
15654
44127
15655
15658
44125
15659
15630
44123
15631
15670
44121
15671
15674
44119
15675
3664
45990
45992
45994
45996
45998
46000
46002
46004
37623
3665
25902
25904
15678
44117
15679
15682
44115
15683
15686
44113
15687
15690
44111
15691
15662
44109
15663
15694
44591
15695
15706
44107
15707
15710
44105
15711
15714
44589
15715
3696
46006
46008
46010
46012
46014
46016
46018
46020
46022
37635
3697
25918
25920
15718
44587
15719
15722
44585
15723
15726
44583
15727
15666
44581
15667
15698
44579
15699
15742
15743
15744
44577
15745
15748
44575
15749
15752
44573
15753
15756
44571
15757
3728
46024
46026
46028
46030
46032
46034
46036
46038
46040
37647
3729
25934
25936
15760
44569
15761
15730
44567
15731
15764
44565
15765
15702
44563
15703
15734
44561
15735
15784
44559
15785
15788
44557
15789
15792
44555
15793
15796
44553
15797
3760
46042
46044
46046
46048
46050
46052
46054
46056
37659
3761
25950
25952
15800
44551
15801
15768
44549
15769
15812
15813
15804
44547
15805
15738
44545
15739
15822
44543
15823
15826
44541
15827
15830
44539
15831
15834
44537
15835
15838
44535
15839
3792
46058
46060
46062
46064
46066
46068
46070
46072
46074
37671
3793
25842
25966
25968
15772
44533
15773
15850
15851
15808
44531
15809
15842
44529
15843
15860
44527
15861
15864
46076
44525
15865
15868
46078
44523
15869
15872
46080
44521
15873
15876
46082
44519
15877
15776
46084
44517
15777
15814
46086
44515
15815
46088
46090
46092
46094
46096
46098
46100
46102
46104
15888
15889
3568
46106
46108
46110
46112
46114
46116
46118
46120
46122
46124
37583
3569
25805
25825
25856
15846
44513
15847
15880
44511
15881
15898
44509
15899
15902
46126
44507
15903
3572
46128
46130
46132
46134
37587
3573
25818
25831
25857
25858
15780
44505
15781
15818
44503
15819
15852
46136
44501
15853
15856
46138
44499
15857
15884
46140
44497
15885
15890
46142
44495
15891
15894
46144
44493
15895
15906
46146
44491
15907
15910
46148
44489
15911
3576
46150
46152
46154
46156
46158
46160
46162
46164
37595
45791
3577
25855
25860
15914
46166
44487
15915
15918
46168
44485
15919
15922
46170
44483
15923
46172
46174
46176
46178
46180
46182
46184
46186
46188
46190
46192
46194
46196
46198
15926
15927
15928
44481
15929
15932
44479
15933
15936
44477
15937
15940
44475
15941
15944
44473
15945
15948
44471
15949
3582
46200
46202
46204
46206
46208
46210
46212
46214
46216
46218
46220
46222
46224
46226
46228
37597
3583
25849
25861
25863
15051
15052
4937
38911
4938
26535
4945
38909
39001
38985
4946
26533
26536
26537
26539
4951
38907
4952
26542
15069
15070
5503
38905
5504
26818
5565
38245
5566
26849
5627
38263
5628
26880
5689
38283
5690
26911
5751
38303
5752
26942
46230
15131
15132
5813
38323
5814
26973
5875
38343
5876
26540
27004
3819
37737
3820
25981
15952
44469
15953
15956
44467
15957
15960
44465
15961
46232
46234
46236
46238
46240
46242
46244
46246
46248
46250
46252
46254
15964
15965
3868
37735
3869
26005
15966
44463
15967
3917
37733
3918
26029
15974
44461
15975
3966
46256
37717
3967
26053
15978
44459
15979
3588
46258
37589
3589
25864
25866
15982
44457
15983
3608
46260
46262
46264
46266
46268
46270
37607
45797
3609
25875
25876
15986
44455
15987
46272
46274
46276
46278
46280
46282
46284
46286
46288
46290
46292
46294
46296
46298
46300
46302
46304
46306
46308
46310
16002
16003
15990
44453
15991
15994
44451
15995
16012
44449
16013
16016
44447
16017
16020
44445
16021
16024
44443
16025
16028
44441
16029
15998
44439
15999
3614
46312
46314
46316
46318
46320
46322
46324
46326
46328
46330
37629
3615
25873
25877
25879
15446
46332
46334
46336
46338
46340
46342
46344
46346
46348
46350
46352
46354
46356
46358
46360
46362
46364
46366
46368
46370
46372
46374
46376
46378
46380
46382
46384
46386
46388
46390
46392
46394
46396
46398
46400
46402
46404
46406
46408
46410
46412
46414
46416
46418
46420
46422
46424
46426
46428
46430
46432
46434
42729
15447
15970
44437
15971
5013
38229
5014
26573
16004
44435
16005
5021
38207
38999
38983
5022
26571
26574
26575
26577
5027
38211
5028
26543
26580
5509
38231
5510
26819
26821
15153
15154
5571
38247
5572
26850
26852
5633
38265
5634
26881
26883
5695
38285
5696
26912
26914
46436
46438
46440
15450
46442
46444
46446
46448
46450
46452
46454
46456
43061
15451
5757
38305
5758
26943
26945
16032
44433
16033
5819
38325
5820
26974
26976
16040
16041
16036
44431
16037
16008
44429
16009
5881
38345
46433
5882
26578
27005
27007
16054
44427
16055
3825
37701
46431
3826
25982
25984
16058
44425
16059
46458
16062
44423
16063
3874
46460
37687
46427
3875
26006
26008
16066
44421
16067
3923
46462
37703
46425
3924
26030
26032
16070
44419
16071
46464
16042
44417
16043
3972
46466
37719
46423
3973
26054
26056
16090
44415
16091
3620
46468
37603
46419
3621
25867
25880
25882
16094
44413
16095
3640
46470
46472
46474
46476
46478
46480
37617
45803
3641
25891
25892
16074
44411
16075
16046
44409
16047
16098
44407
16099
16078
44405
16079
16102
44403
16103
16082
44401
16083
16106
44399
16107
16126
44397
16127
16130
44893
16131
3646
46482
46484
46486
46488
46490
46492
46494
46496
46498
46500
37641
3647
25889
25893
25895
16110
44891
16111
16114
44889
16115
16118
44887
16119
16134
44885
16135
16138
44883
16139
16142
44881
16143
5089
38209
5090
26611
16146
44879
16147
5097
38213
38997
38981
5098
26609
26612
26613
26615
5103
38217
46455
5104
26581
26618
5515
38233
46453
5516
26822
26824
15097
15098
5577
38249
46451
5578
26853
26855
5639
38267
46449
5640
26884
26886
5701
38287
46447
5702
26915
26917
5763
38307
5764
26946
26948
16150
44877
16151
16154
44875
16155
5825
38327
5826
26977
26979
16162
44873
16163
16166
44871
16167
16170
44869
16171
16174
44867
16175
16178
44865
16179
5887
46502
38347
5888
26616
27008
27010
16182
44863
16183
46504
16186
44855
16187
3831
46506
37685
3832
25985
25987
16198
44853
16199
3880
46508
37689
3881
26009
26011
16202
44851
16203
46510
16206
44849
16207
3929
46512
37705
3930
26033
26035
16210
44847
16211
3978
46514
37721
3979
26057
26059
16190
44843
16191
46516
16214
44841
16215
3652
46518
37613
3653
25883
25896
25898
16234
44839
16235
3672
46520
46522
46524
46526
46528
46530
46532
46534
46536
46538
46540
46542
46544
46546
46548
37627
45809
3673
25907
25908
16238
44837
16239
16218
44835
16219
16242
44833
16243
16222
44831
16223
16246
44829
16247
16226
44827
16227
16250
44825
16251
16270
44823
16271
16274
44821
16275
3678
37653
46429
3679
25905
25909
25911
15454
46550
46552
46554
46556
46558
46560
46562
46564
46566
46568
46570
46572
46574
46576
46578
46580
46582
46584
46586
46588
46590
46592
46594
46596
46598
46600
46602
46604
46606
46608
46610
46612
46614
46616
46618
46620
46622
46624
46626
46628
46630
46632
46634
46636
46638
46640
46642
46644
46646
46648
46650
46652
46654
46656
46658
46660
46662
46664
46666
46668
44039
15455
16254
44819
16255
5165
38215
5166
26649
16258
44817
16259
5173
38219
38995
38979
5174
26647
26650
26651
26653
5179
38223
5180
26619
26656
5521
38235
5522
26825
26827
46670
46672
46674
46676
46678
46680
46682
46684
46686
46688
46690
46692
16050
46694
46696
46698
46700
46702
45011
16051
5583
38251
5584
26856
26858
5645
38269
5646
26887
26889
5707
38289
5708
26918
26920
5769
38309
5770
26949
26951
16262
44815
16263
16086
46704
46706
46708
46710
46712
46714
44981
16087
5831
38329
5832
26980
26982
16278
44813
16279
5893
38349
46667
5894
26654
27011
27013
16282
44811
16283
16286
44809
16287
3837
37675
46665
3838
25988
25990
16290
44805
16291
3886
46716
37691
46663
3887
26012
26014
16294
44803
16295
46718
16298
44801
16299
3935
46720
37707
46661
3936
26036
26038
3984
37723
46659
3985
26060
26062
3684
37625
46657
3685
25899
25912
25914
3704
46722
46724
46726
46728
46730
37639
45815
3705
25923
25924
16310
46732
46734
46736
46738
46740
46742
46744
46746
46748
46750
46752
46754
45169
16311
46756
16314
46758
45167
16315
3710
46760
46762
37665
46421
3711
25921
25925
25927
16122
46764
44989
16123
16318
46766
45165
16319
5241
38221
5242
26687
5249
38225
38993
38977
5250
26685
26688
26689
26691
5255
38237
46701
5256
26657
26694
5527
38243
46699
5528
26828
26830
46768
16158
46770
46772
46774
45009
16159
5589
38261
46713
5590
26859
26861
5651
38279
46711
5652
26890
26892
5713
38297
46709
5714
26921
26923
46776
16322
46778
46780
46782
46784
45163
16323
5775
38319
46707
5776
26952
26954
5837
38339
5838
26983
26985
5899
38359
5900
26692
27014
27016
46786
16194
46788
46790
46792
46794
45007
16195
3843
37677
46753
3844
25991
25993
3892
37693
46751
3893
26015
26017
3941
37709
46749
3942
26039
26041
3716
37637
46747
3717
25915
25930
46796
16346
46798
46800
46802
46804
46806
45161
16347
3990
37725
46745
3991
25928
26063
26065
3736
46808
37651
45821
3737
25939
25940
16350
46810
46812
45159
16351
46814
16354
46816
45157
16355
3742
46818
46820
37741
46417
3743
25937
25941
25943
16326
46822
45155
16327
5317
38227
5318
26725
5325
38239
38991
38975
5326
26723
26726
26727
26729
16230
46824
45005
16231
5331
38253
46773
5332
26695
26732
5533
38259
46771
5534
26831
26833
5595
38277
46783
5596
26862
26864
46826
16330
46828
46830
46832
46834
45153
16331
5657
38295
46781
5658
26893
26895
5719
38317
46779
5720
26924
26926
5781
38337
46793
5782
26955
26957
46836
16358
46838
46840
46842
46844
45151
16359
5843
38357
46791
5844
26986
26988
5905
38375
46789
5906
26730
27017
27019
3849
37679
46805
3850
25994
25996
3898
37695
46803
3899
26018
26020
46846
16382
46848
46850
46852
46854
46856
45149
16383
3748
37649
46801
3749
25931
25946
3947
37711
46799
3948
26042
26044
3996
37727
46811
3997
25944
26066
26068
46858
16386
46860
46862
46864
46866
45147
16387
3768
46868
37663
45947
3769
25955
25956
16390
46870
45145
16391
3774
46872
46874
37779
46415
3775
25953
25957
25959
16362
46876
45143
16363
16266
46878
45003
16267
5393
38241
5394
26763
5401
38255
38989
38973
5402
26761
26764
26765
26767
5407
38271
46833
5408
26733
26770
46880
16334
46882
46884
45141
16335
5539
38275
46831
5540
26834
26836
5601
38293
46829
5602
26865
26867
5663
38315
46843
5664
26896
26898
46886
16366
46888
46890
46892
46894
45139
16367
5725
38335
46841
5726
26927
26929
5787
38355
46839
5788
26958
26960
5849
38373
46855
5850
26989
26991
5911
38385
46853
5912
26768
27020
27022
46896
16394
46898
46900
46902
46904
46906
45137
16395
3855
37681
46851
3856
25997
25999
3780
37661
46865
3781
25947
25962
3904
37697
46849
3905
26021
26023
46908
16398
46910
46912
46914
46916
45095
16399
3953
37713
46863
3954
26045
26047
4002
37729
46861
4003
25960
26069
26071
3800
46918
37739
45945
3801
25846
25859
25971
25972
16302
46920
46922
46924
45001
16303
46926
16338
46928
45093
16339
3806
46930
46932
37919
46413
3807
25969
25973
25975
16370
46934
45091
16371
5471
38257
5472
26802
16402
46936
46938
45089
16403
5479
38273
38987
38971
5480
26800
26803
26804
26806
5485
38281
46883
38969
5486
26771
26772
26809
5547
38291
46893
38967
5548
26837
26838
26840
46940
16306
46942
45135
16307
5491
38299
5492
26810
26812
5609
38313
46891
38965
5610
26868
26869
26871
5553
38311
5554
26841
26843
5497
38301
5498
26815
5559
38321
5560
26816
26846
46944
15115
15116
5671
38333
46889
38963
5672
26899
26900
26902
5615
38331
5616
26872
26874
5949
38367
5950
27041
5621
38341
5622
26847
26877
46946
15137
15138
5955
38369
5956
27042
27044
5733
38353
46905
38961
5734
26930
26931
26933
5677
38351
5678
26903
26905
46948
15157
15158
6009
38387
6010
27071
5683
38361
5684
26878
26908
5961
38371
5962
27045
27047
5795
38365
46903
38959
5796
26961
26962
26964
46950
15057
15058
5739
38363
5740
26934
26936
6015
38389
6016
27072
27074
5745
38377
5746
26909
26939
46952
15073
15074
5967
38379
5968
27048
27050
5857
38383
46901
38957
5858
26992
26993
26995
5801
38381
5802
26965
26967
6069
38407
6070
27101
46954
15177
15178
6021
38391
6022
27075
27077
5807
38393
5808
26940
26970
5973
38395
5974
27051
27053
46956
16342
46958
45133
16343
6075
38409
6076
27102
27104
5919
38399
46899
38955
5920
26807
27023
27024
27026
5863
38397
5864
26996
26998
6027
38401
6028
27078
27080
46960
16374
46962
45131
16375
5869
38403
5870
26971
27001
5979
38405
5980
27054
27056
6129
38427
6130
27131
46964
16406
46966
45129
16407
6081
38411
6082
27105
27107
5925
38413
5926
27027
27029
6033
38415
6034
27081
27083
6135
38429
6136
27132
27134
46968
16378
16379
5931
38417
5932
27002
27032
5985
38419
5986
27057
27059
6087
38421
6088
27108
27110
46970
16410
16411
6039
38423
6040
27084
27086
6189
38447
6190
27161
6141
38431
6142
27135
27137
5991
38433
5992
27060
27062
46972
16414
16415
6093
38435
6094
27111
27113
6195
38449
6196
27162
27164
6045
38437
6046
27087
27089
46974
16422
16423
6147
38439
6148
27138
27140
6099
38445
6100
27114
27116
6249
38467
6250
27191
6201
38451
6202
27165
27167
46976
16426
16427
6051
38453
6052
27090
27092
6153
38455
6154
27141
27143
6255
38469
6256
27192
27194
46978
16430
16431
6105
38459
6106
27117
27119
6207
38461
6208
27168
27170
6159
38465
6160
27144
27146
46980
16434
16435
6309
38487
6310
27221
6261
38471
6262
27195
27197
6111
38473
6112
27120
27122
6213
38475
6214
27171
27173
46982
16418
16419
6315
38489
6316
27222
27224
6165
38479
6166
27147
27149
6363
38505
6364
27248
46984
16442
16443
6267
38481
6268
27198
27200
6219
38485
6220
27174
27176
6321
38491
6322
27225
27227
46986
16446
16447
6369
38507
6370
27249
27251
6171
38493
6172
27150
27152
6465
38539
6466
27299
6273
38495
6274
27201
27203
46988
16450
16451
6225
38499
6226
27177
27179
6327
38501
6328
27228
27230
6375
38509
6376
27252
27254
46990
16438
16439
6471
38541
6472
27300
27302
6279
38511
6280
27204
27206
6231
38513
6232
27180
27182
46992
16454
16455
6567
38573
6568
27350
6333
38515
6334
27231
27233
6381
38517
6382
27255
27257
6477
38543
6478
27303
27305
46994
16462
16463
6285
38521
6286
27207
27209
6573
38575
6574
27351
27353
6339
38533
6340
27234
27236
46996
16466
16467
6387
38535
6388
27258
27260
6483
38545
6484
27306
27308
6291
38547
6292
27210
27212
6669
38607
6670
27401
46998
16470
16471
6579
38577
6580
27354
27356
6345
38551
6346
27237
27239
6393
38553
6394
27261
27263
47000
16458
16459
6489
38555
6490
27309
27311
6675
38609
6676
27402
27404
6585
38579
6586
27357
27359
47002
16474
16475
6351
38571
6352
27240
27242
6399
38581
6400
27264
27266
6495
38583
6496
27312
27314
6771
38641
6772
27452
47004
16478
16479
6681
38611
6682
27405
27407
6591
38587
6592
27360
27362
6777
38643
6778
27453
27455
47006
16486
16487
6405
38591
6406
27267
27269
6501
38601
6502
27315
27317
6687
38613
6688
27408
27410
47008
16490
16491
6597
38617
6598
27363
27365
6873
38675
6874
27503
6783
38645
6784
27456
27458
6507
38621
6508
27318
27320
47010
16494
16495
6693
38623
6694
27411
27413
6879
38677
6880
27504
27506
6603
38625
6604
27366
27368
47012
16506
16507
6789
38647
6790
27459
27461
6699
38651
6700
27414
27416
6975
38709
6976
27554
6885
38679
6886
27507
27509
47014
16510
16511
6609
38655
6610
27369
27371
6795
38657
6796
27462
27464
6981
38711
6982
27555
27557
47016
16498
16499
6705
38659
6706
27417
27419
6891
38681
6892
27510
27512
6801
38687
6802
27465
27467
47018
16514
16515
7079
38745
7080
26813
27606
6987
38713
6988
27558
27560
6711
38689
6712
27420
27422
6897
38691
6898
27513
27515
47020
16526
16527
7085
38747
7086
26844
27607
27609
6807
38693
6808
27468
27470
6993
38715
6994
27561
27563
47022
16530
47024
47026
47028
47030
47032
47034
47036
47038
47040
47042
47044
47046
47048
45499
16531
6903
38721
6904
27516
27518
7091
38749
7092
26875
27610
27612
6813
38723
6814
27471
27473
47050
16482
47052
47054
45495
16483
6999
38725
7000
27564
27566
6909
38727
6910
27519
27521
7097
38751
7098
26906
27613
27615
47056
16502
47058
45547
16503
7005
38755
7006
27567
27569
6915
38757
6916
27522
27524
7103
38759
7104
26937
27616
27618
7011
38761
7012
27570
27572
47060
16518
47062
47064
45543
16519
7109
38779
7110
26968
27619
27621
7017
38781
7018
27573
27575
7115
38785
7116
26999
27622
27624
47066
16534
47068
47070
45539
16535
7121
38801
7122
27030
27625
27627
3812
37673
46915
46937
3813
25963
25978
3814
25979
3861
37683
46913
3862
26000
26002
3863
26003
47072
16550
47074
47076
45523
16551
3910
37699
46911
3911
26024
26026
3912
26027
3959
37715
46923
3960
26048
26050
3961
26051
4008
37731
46921
4009
25976
26072
26074
4010
26075
47078
16554
47080
45533
16555
4015
47082
37743
45559
45561
45575
4016
26077
16522
16523
4021
47084
37747
45573
45597
45599
4022
26078
26080
16538
16539
47086
16570
47088
45583
16571
4025
47090
37745
4026
26082
4029
37749
4030
26083
26084
16558
47092
45579
16559
47094
16574
16575
4066
47096
37761
4067
26102
16542
47098
45607
16543
4070
47100
37763
4071
26103
26104
16590
16591
47102
16562
16563
4041
47104
37753
4042
26090
16578
16579
4047
47106
37757
4048
26091
26093
16594
16595
47108
16546
16547
4051
47110
37755
4052
25713
26095
16566
16567
4055
47112
37759
4056
25719
26096
26097
16582
16583
47114
16598
16599
4078
47116
37767
4079
25376
25687
26108
16614
16615
4082
47118
37769
4083
25702
25706
26109
26110
16618
16619
47120
16586
16587
4035
47122
37751
4036
26087
16602
16603
4061
47124
37771
4062
26088
26100
16634
16635
16674
45637
16675
4063
26101
47126
47128
16622
16623
4074
47130
37765
4075
26106
16638
16639
4086
47132
37775
4087
26107
26112
15199
15200
16694
45653
16695
4088
26113
4091
47134
47136
37773
4092
26114
16606
16607
4095
47138
37777
4096
26115
26116
16654
16655
47140
15103
47142
47144
47146
45563
15104
16714
45671
16715
4097
26117
4102
47148
47150
37781
4103
26119
15119
15120
4108
47152
37787
4109
26120
26122
15143
47154
47156
45587
15144
47158
15161
15162
4110
26123
16734
45693
16735
4113
47160
47162
37783
4114
26085
26124
16739
47164
47166
45715
16740
26139
4117
47168
37789
4118
26098
26125
26126
16743
45721
16744
4119
26127
47170
16747
16748
26150
4122
47172
37785
4123
26081
26105
26128
4126
37791
4127
26094
26111
26129
26130
16751
45727
16752
47174
16755
16756
4128
26131
47176
16759
47178
45731
16760
7551
47180
38927
45469
45489
45493
7552
25606
27842
16763
47182
45737
16764
8267
47184
39619
45467
8268
25641
28200
16767
16768
8283
47186
39621
45465
8284
25649
28208
16771
47188
45741
16772
9831
9832
25655
25657
28982
16779
47190
45745
16780
15324
47192
46229
36581
37803
37805
15325
24477
31728
16783
47194
45755
16784
15320
47196
45703
15321
24354
24414
31726
16775
47198
45759
16776
7555
47200
38933
45437
45439
7556
27844
16791
47202
45763
16792
8271
47204
39623
8272
28202
16787
47206
45767
16788
8287
47208
39625
8288
28210
16795
47210
45771
16796
9835
47212
42537
9836
28984
16803
47214
45775
16804
9847
47216
40981
9848
28990
16799
47218
45779
16800
15328
47220
45711
47222
37801
15329
31730
16807
47224
45783
16808
15332
47226
45713
47228
37799
15333
31732
16811
47230
45787
16812
16741
16742
32436
15183
47232
45611
15184
47234
7559
47236
38939
45433
47238
45435
7560
26444
26446
27846
15203
15204
8275
47240
39627
8276
27835
27837
28204
16626
16627
8291
47242
39629
8292
27843
27845
28212
16642
16643
9839
47244
40983
9840
28201
28203
28986
16658
16659
9851
47246
40985
9852
28209
28211
28992
15079
45537
15080
10815
47248
41815
10816
28983
28985
28991
29474
15229
47250
45641
15230
15340
47252
45719
37795
37797
15341
26136
26145
31736
16610
16611
15336
47254
45717
15337
26134
26141
31734
16678
16679
16745
47256
47171
16746
31727
32438
15259
47258
45661
15260
16749
47260
47173
16750
31729
31731
31733
32437
32440
15125
45577
15126
7563
47262
38943
45429
45431
7564
27848
15149
47264
45601
15150
8279
47266
39631
8280
28206
15165
15166
8295
47268
39633
8296
28214
15189
47270
45615
15190
9843
47272
40987
9844
28988
15207
15208
9855
47274
40989
9856
28994
15235
47276
45647
15236
10819
47278
41817
10820
29476
16630
16631
47280
10823
47282
41819
10824
29478
15289
47284
45679
15290
15344
47286
45723
47288
37849
15345
31738
16646
16647
15348
47290
45725
47292
37847
15349
31740
15265
47294
45665
15266
7575
47296
38949
7576
26448
27854
15295
47298
45683
15296
8303
47300
39637
8304
27839
28218
15171
47302
45603
15172
8307
47304
39639
8308
27847
28220
15195
47306
45627
15196
9863
47308
40993
9864
28205
28998
16662
16663
9867
47310
40995
9868
28213
29000
16682
16683
10831
47312
41823
10832
28987
29482
15211
15212
10835
47314
41825
10836
28993
29475
29484
16698
16699
15360
47316
45735
15361
26158
31746
16702
16703
15356
47318
45733
15357
26152
31744
16718
16719
5937
45413
38425
47047
5938
27035
5997
38443
47045
5998
27065
47320
47322
47324
6057
38463
47043
6058
27095
47326
15241
47328
47330
47332
47334
45651
15242
6117
38483
47041
6118
27125
6177
38503
47039
6178
27155
47336
47338
47340
6237
38523
47037
6238
27185
47342
47344
6297
38557
47035
6298
27215
47346
16722
16723
47348
47350
6357
38589
47033
6358
26505
27245
16753
47352
47175
16754
32442
16650
16651
47354
47356
16757
47358
47177
16758
32444
16666
16667
47360
16769
47362
47187
16770
31737
32450
16686
16687
16765
47364
47185
16766
31735
32448
15271
47366
47368
45669
15272
47370
7567
47372
38945
45419
45427
7568
27850
16815
47374
45793
16816
7579
47376
38951
47378
45415
45417
7580
27851
27856
16706
16707
47380
16819
47382
45799
16820
8299
47384
39635
8300
28216
16823
47386
45811
16824
8311
47388
39641
8312
28217
28222
16827
47390
45805
16828
47392
15301
47394
45687
15302
9859
47396
40991
9860
28996
16831
47398
47400
47402
45817
16832
9871
47404
40997
9872
28997
29002
16835
47406
45949
16836
47408
16839
47410
45823
16840
10827
47412
41821
10828
29480
16726
16727
10839
47414
41827
10840
29481
29486
15217
47416
45639
15218
47418
16843
47420
45963
16844
15352
47422
45729
38077
15353
31742
15364
45739
39017
15365
31743
31748
16847
47424
46435
16848
47426
16851
47428
45967
16852
47430
15247
47432
45655
15248
16761
47434
47181
16762
32446
16773
16774
32447
32452
16855
47436
46457
16856
16859
47438
47440
46669
16860
47442
16863
47444
46703
16864
16867
45943
16868
7587
47446
47448
38953
7588
27860
16871
45941
16872
16875
45939
16876
7591
39015
7592
27861
27862
16879
45937
16880
16883
45935
16884
16887
45933
16888
16891
45931
16892
16895
45929
16896
16899
45927
16900
16903
45925
16904
16907
45923
16908
16911
45921
16912
16915
45919
16916
16919
45917
16920
16923
45915
16924
8319
47450
47452
47454
47456
47458
47460
47462
47464
47466
39643
8320
28226
16927
45913
16928
16935
45911
16936
8323
47468
47470
39645
8324
28227
28228
16939
45909
16940
16943
45907
16944
16947
45905
16948
16951
45903
16952
16955
45901
16956
16959
45899
16960
16963
45897
16964
16971
45895
16972
16975
47472
45893
16976
47474
16979
47476
45891
16980
47478
16983
47480
45889
16984
47482
16987
47484
45887
16988
47486
47488
47490
47492
47494
47496
47498
47500
9879
47502
47504
47506
47508
47510
47512
47514
47516
47518
40999
9880
29006
16991
47520
45885
16992
16995
47522
45883
16996
47524
47526
47528
9883
47530
47532
41001
9884
29007
29008
16931
45881
16932
17007
46411
17008
17011
46409
17012
17015
46407
17016
17019
46405
17020
17023
46403
17024
17027
46401
17028
16967
46399
16968
16999
46397
17000
47534
17031
47536
46395
17032
47538
17043
47540
46393
17044
47542
47544
47546
47548
47550
47552
47554
47556
10847
47558
47560
47562
47564
47566
47568
47570
47572
47574
41829
10848
29490
17047
47576
46391
17048
17051
47578
46389
17052
47580
47582
47584
47586
10851
47588
47590
41831
10852
29491
29492
17055
46387
17056
17059
46385
17060
17063
46383
17064
17003
46381
17004
17035
46379
17036
17079
46377
17080
17083
46375
17084
17087
46373
17088
17091
46371
17092
47592
17095
46369
17096
47594
17067
47596
46365
17068
47598
17099
47600
46363
17100
47602
47604
47606
47608
47610
47612
47614
47616
47618
47620
15372
47622
47624
47626
47628
47630
47632
47634
47636
47638
45743
15373
31752
17039
46359
17040
17071
46355
17072
47640
47642
47644
47646
47648
15376
47650
47652
45747
15377
31753
31754
17115
46309
17116
17119
46307
17120
17123
46305
17124
17127
46303
17128
17131
46301
17132
17103
46299
17104
17135
46297
17136
17075
46295
17076
47654
47656
47658
47660
47662
47664
47666
17151
17152
17153
46293
17154
47668
17157
46291
17158
47670
17161
46289
17162
47672
17165
46287
17166
47674
47676
47678
47680
47682
47684
16781
47686
47688
47690
47692
47694
47696
47698
47700
47702
47193
16782
32456
17169
46285
17170
17107
46283
17108
47704
47706
47708
47710
47712
47714
47716
47718
47720
47722
47724
16785
47726
47728
47197
16786
32457
32458
17139
46255
17140
17173
46253
17174
17111
46251
17112
17193
46199
17194
17197
46197
17198
17201
46195
17202
17205
46193
17206
17209
46191
17210
17143
46189
17144
47730
17177
46187
17178
17221
17222
47732
17213
46185
17214
47734
17147
46183
17148
7583
47736
47738
47740
47742
47744
47746
47748
47750
47752
39047
45409
47754
45411
7584
26390
27858
17231
46105
17232
17235
46103
17236
17239
46101
17240
17243
46099
17244
47756
47758
47760
47762
47764
47766
47768
47770
47772
47774
47776
47778
47780
47782
47784
47786
47788
8315
47790
47792
47794
47796
39665
8316
26458
28224
17247
46097
17248
17181
46095
17182
17217
46093
17218
17259
17260
17251
46091
17252
17185
46087
17186
47798
47800
47802
47804
47806
47808
47810
9875
47812
47814
47816
47818
47820
41003
9876
27857
29004
17269
46077
17270
17273
46079
17274
17277
46081
17278
17281
46083
17282
17285
46085
17286
47822
47824
47826
47828
47830
47832
10843
47834
47836
47838
47840
47842
41833
10844
28223
29488
17223
46089
17224
17255
46181
17256
17297
17298
17289
46179
17290
17189
46177
17190
17307
46127
17308
47844
47846
47848
47850
47852
47854
47856
12143
47858
47860
47862
47864
47866
42927
12144
29003
29487
30138
17311
46175
17312
17315
46149
17316
17319
46167
17320
17323
46169
17324
47868
47870
47872
47874
47876
7599
47878
47880
47882
47884
39071
7600
27866
17227
46137
17228
17261
46139
17262
47886
47888
47890
47892
47894
17335
17336
7603
47896
47898
39113
7604
27867
27868
17293
46143
17294
17345
46249
17346
17349
46247
17350
17353
46245
17354
17357
46243
17358
17327
46171
17328
17361
46241
17362
17265
46141
17266
17373
17374
17299
46145
17300
47900
17331
46173
17332
47902
17383
46281
17384
47904
17387
46279
17388
8331
47906
47908
47910
47912
47914
47916
47918
47920
47922
39667
8332
28232
17391
46277
17392
17395
46275
17396
8335
47924
47926
39671
8336
28233
28234
17365
46239
17366
17399
46347
17400
17411
17412
17303
46147
17304
17337
46237
17338
17421
46345
17422
17425
46343
17426
17429
46341
17430
17433
46339
17434
17369
46235
17370
47928
17403
46337
17404
47930
17437
46335
17438
17449
17450
47932
17341
47934
46233
17342
47936
47938
47940
9891
47942
47944
47946
47948
47950
47952
47954
47956
47958
41005
9892
29012
17375
46273
17376
17407
46333
17408
9895
47960
47962
41009
9896
29013
29014
17463
46655
17464
17467
46653
17468
17471
46651
17472
17441
46649
17442
17475
46647
17476
17379
46445
17380
17413
46443
17414
17445
46645
17446
17479
46643
17480
47964
17417
46641
17418
47966
17451
46639
17452
47968
17499
47970
46637
17500
47972
47974
47976
47978
47980
47982
47984
47986
47988
47990
47992
10859
47994
47996
47998
48000
48002
48004
48006
48008
48010
41835
10860
29496
17503
46635
17504
17483
46633
17484
48012
10863
48014
48016
41839
10864
29497
29498
17455
46631
17456
17507
46629
17508
17487
46627
17488
17511
46625
17512
17491
46621
17492
17515
46619
17516
17535
46617
17536
17539
46615
17540
17519
48018
46613
17520
48020
17543
48022
46611
17544
48024
17523
48026
46609
17524
48028
17547
48030
46607
17548
48032
48034
48036
48038
48040
48042
48044
48046
15368
48048
48050
48052
48054
48056
48058
48060
48062
48064
45757
48066
48068
40353
48070
48072
48074
48076
44037
15369
26220
31750
17527
46605
17528
17551
46603
17552
17571
46601
17572
17575
46599
17576
48078
48080
48082
48084
48086
48088
48090
48092
48094
48096
48098
48100
48102
48104
48106
48108
48110
48112
48114
48116
48118
48120
48122
48124
48126
48128
48130
48132
48134
48136
48138
48140
15384
48142
48144
48146
48148
45761
15385
31758
17555
46597
17556
17579
46595
17580
15388
48150
48152
45769
15389
31759
31760
17559
46593
17560
17583
46591
17584
17563
46589
17564
17587
46587
17588
17607
46585
17608
17611
46583
17612
17591
46581
17592
17615
46579
17616
17595
46577
17596
48154
17619
46575
17620
48156
17599
46573
17600
48158
17623
46571
17624
16777
48160
48162
48164
48166
48168
48170
48172
48174
48176
47201
47439
16778
26196
32454
17643
46569
17644
17647
46567
17648
17627
46565
17628
17651
46563
17652
17631
46561
17632
16793
48178
48180
48182
48184
48186
47205
16794
32462
17655
46559
17656
17635
46557
17636
16797
48188
48190
47213
16798
32463
32464
17659
46555
17660
17679
46553
17680
17683
46551
17684
17663
46697
17664
17687
46743
17688
17667
46695
17668
17691
46741
17692
17671
46705
17672
17695
46739
17696
48192
17699
46737
17700
48194
17703
46735
17704
48196
17707
48198
46733
17708
48200
48202
48204
48206
48208
48210
48212
48214
48216
48218
7595
48220
48222
48224
48226
48228
48230
48232
48234
48236
39079
45403
48238
48240
48242
48244
45407
7596
26396
27859
27864
17459
48246
48248
48250
48252
48254
48256
48258
48260
48262
48264
48266
48268
48270
48272
48274
48276
48278
48280
48282
48284
48286
48288
48290
46715
17460
8327
48292
48294
48296
48298
48300
48302
39669
8328
26464
28225
28230
17495
46755
17496
48304
17719
48306
46759
17720
48308
9887
48310
41007
9888
27863
29005
29010
17723
46765
17724
48312
17531
48314
46767
17532
48316
10855
48318
41837
47893
10856
28229
29489
29494
17727
46775
17728
48320
17755
48322
46813
17756
48324
12147
48326
42929
12148
29009
29493
30139
30140
17759
46817
17760
48328
17567
48330
46785
17568
48332
15380
48334
45765
40451
44035
47891
15381
26257
31751
31756
17731
46795
17732
48336
17763
48338
46823
17764
48340
16789
48342
47209
47877
16790
26253
32455
32460
17603
46807
17604
48344
17735
48346
46825
17736
48348
7611
48350
39167
7612
27872
7615
39675
7616
27873
27874
17767
46857
17768
48352
17791
48354
46867
17792
48356
17795
48358
46871
17796
48360
8343
48362
39673
8344
28238
8347
39715
8348
28239
28240
17799
46877
17800
48364
17639
48366
46835
17640
48368
17739
48370
46845
17740
48372
9903
48374
41055
9904
29018
9907
41087
9908
29019
29020
17771
46879
17772
48376
17803
48378
46917
17804
48380
10871
48382
41841
10872
29502
17675
48384
46885
17676
10875
48386
41845
10876
29503
29504
17743
46895
17744
48388
17775
48390
46907
17776
48392
15396
48394
45773
15397
31764
17807
48396
46925
17808
15400
48398
45781
15401
31765
31766
17711
46929
17712
48400
17747
48402
46935
17748
48404
16805
48406
47217
16806
32468
17779
48408
46939
17780
16809
48410
47227
16810
32469
32470
17811
46943
17812
48412
17715
48414
46959
17716
48416
7607
48418
39617
45397
45399
48139
7608
26402
27865
27870
17751
46963
17752
48420
17783
48422
46967
17784
48424
8339
48426
39713
48137
8340
26470
28231
28236
17815
17816
48428
17831
17832
9899
48430
41083
48135
9900
27869
29011
29016
17835
17836
48432
17787
17788
10867
48434
41843
48133
10868
28235
29495
29500
17819
17820
48436
17851
17852
12151
48438
42931
12152
29015
29499
30141
30142
17839
17840
48440
17855
17856
15392
48442
45777
40547
44175
48289
15393
26274
31757
31762
17823
17824
16801
48444
47221
48287
16802
26270
32461
32466
17871
17872
48446
17843
17844
7623
48448
39717
7624
27878
17859
17860
7627
48450
39723
7628
27879
27880
17875
17876
48452
17827
17828
8355
48454
39719
8356
28244
17847
17848
8359
48456
39727
8360
28245
28246
17863
17864
48458
17879
17880
9915
48460
41091
9916
29024
48462
9919
41607
9920
29025
29026
17895
17896
48464
17899
17900
48466
17867
17868
10883
48468
41847
10884
29508
10887
41851
10888
29509
29510
17883
17884
48470
17915
17916
48472
17903
17904
15408
48474
45789
15409
31770
15412
45795
15413
31771
31772
17919
17920
48476
17887
17888
48478
17935
17936
16817
16818
32474
16821
47385
16822
32475
32476
17907
17908
48480
17923
47049
17924
48482
17939
48484
47055
17940
48486
7619
48488
39721
48490
45393
45395
7620
26408
27871
27876
17891
48492
47059
17892
48494
17911
48496
47065
17912
8351
48498
39725
8352
26476
28237
28242
17927
47071
17928
9911
48500
41321
9912
27875
29017
29022
17943
48502
47077
17944
48504
17959
48506
47081
17960
10879
48508
41849
10880
28241
29501
29506
17963
17964
48510
17931
17932
12155
48512
42933
12156
29021
29505
30143
30144
17947
48514
47089
17948
48516
17979
48518
47093
17980
15404
48520
45785
40545
44601
15405
26291
31763
31768
17967
17968
48522
17983
48524
47099
17984
16813
48526
47377
16814
26287
32467
32472
17951
17952
48528
17999
18000
7635
48530
39729
7636
27884
7639
39763
7640
27885
27886
17971
48291
17972
18083
47145
18084
48532
48534
17987
48536
48538
48141
17988
48540
18003
48542
47895
18004
48544
8367
48546
39737
8368
28250
8371
40259
8372
28251
28252
17955
47307
17956
18103
47143
18104
48548
48550
17975
48552
48554
47303
17976
48556
9927
48558
41723
9928
29030
17991
48560
47299
17992
9931
48562
41809
9932
29031
29032
18007
47295
18008
18123
47155
18124
48564
48566
18023
48568
48570
47289
18024
48572
10895
48574
41853
10896
29514
10899
41873
10900
29515
29516
18027
47285
18028
48576
17995
48578
47239
17996
18143
47165
18144
48580
48582
18148
48584
48586
47235
18149
26165
15420
48588
45801
15421
31776
48590
15424
45813
15425
31777
31778
18152
47231
18153
26184
48592
18156
47225
18157
26187
18150
47399
47401
18151
33140
18011
48594
47189
18012
48596
18158
18159
32439
32441
33144
18160
47191
18161
26194
18154
18155
33142
18168
48598
47195
18169
26248
18162
18163
33143
33146
18172
47199
18173
26251
48600
18164
47203
18165
18170
18171
33150
18176
48602
47211
18177
18174
18175
33151
33152
18180
47207
18181
26265
48604
18184
47215
18185
26268
18166
48283
48606
48285
18167
31749
33148
18188
48608
47223
18189
48610
48612
18182
18183
33156
18192
48614
47219
18193
26282
18186
18187
33157
33158
18196
47229
18197
26285
48616
18200
47233
18201
18178
48618
48605
18179
31755
33149
33154
18204
47857
18205
26299
48620
18043
47183
18044
48622
48624
48626
18194
18195
33162
18198
18199
33163
33164
18208
47833
18209
26302
18216
47811
18217
26316
48628
18212
47403
18213
48630
18190
48632
48617
18191
31761
33155
33160
18220
47407
18221
26319
48634
18224
47411
18225
48636
48638
48640
18206
48642
48621
18207
33168
18210
18211
33169
33170
18228
47789
18229
26333
18232
47425
18233
26336
48644
18236
47429
18237
48646
18202
48648
48619
18203
31767
33161
33166
18240
47433
18241
26350
48650
18031
47179
18032
48652
48654
48656
16829
48658
47393
16830
32480
16833
47405
16834
32481
32482
18244
47441
18245
26353
48660
18248
47445
18249
18256
47723
18257
18260
47721
18261
18264
47719
18265
18268
47717
18269
48662
48664
48666
48668
48670
18218
18219
33174
18272
47715
18273
18276
47713
18277
18222
48672
48635
18223
33175
33176
18280
47711
18281
18284
47709
18285
18288
47649
18289
18292
47647
18293
18296
47645
18297
18300
47587
18301
18304
47585
18305
18308
47583
18309
18312
47529
18313
48674
18316
47527
18317
48676
18324
47521
18325
48678
18328
47501
18329
7631
48680
48682
48684
48686
48688
48690
48692
48694
48696
39761
45389
45391
7632
26414
27877
27882
18332
47499
18333
18336
47497
18337
18340
47495
18341
18344
47493
18345
18348
47491
18349
18352
47489
18353
18320
47577
18321
18360
47473
18361
18364
47477
18365
8363
48698
48700
48702
48704
48706
48708
48710
48712
48714
40257
8364
26482
28243
28248
18368
47481
18369
18372
47485
18373
18376
47487
18377
18380
47523
18381
18384
47525
18385
18356
47557
18357
18388
47555
18389
18396
47553
18397
18400
47551
18401
48716
48718
9923
48720
48722
48724
48726
48728
48730
48732
48734
48736
41741
9924
27881
29023
29028
18404
47549
18405
18408
47547
18409
18412
47545
18413
18416
47537
18417
18420
47541
18421
18392
47621
18393
18424
47619
18425
18432
47543
18433
18436
47579
18437
48738
48740
48742
48744
48746
48748
48750
48752
48754
10891
48756
48758
48760
48762
48764
48766
48768
48770
48772
41871
10892
28247
29507
29512
18440
47581
18441
18444
47617
18445
18448
47615
18449
18452
47613
18453
18456
47611
18457
18428
47643
18429
18460
47641
18461
18468
47609
18469
18472
47607
18473
48774
48776
48778
48780
48782
48784
48786
48788
48790
12159
48792
48794
48796
48798
48800
48802
48804
48806
48808
42935
12160
29027
29511
30145
30146
18476
47605
18477
18480
47601
18481
18484
47597
18485
18488
47603
18489
18492
47685
18493
18464
47667
18465
18496
47707
18497
18504
47665
18505
18508
47663
18509
48810
15416
48812
48814
48816
48818
48820
48822
48824
48826
48828
45807
48830
48832
40543
48834
48836
48838
44599
15417
26308
31769
31774
18512
47661
18513
18516
47659
18517
18520
47657
18521
18524
47655
18525
18528
47787
18529
18500
47785
18501
18532
47783
18533
18540
18541
18542
48840
47683
18543
18546
48842
47681
18547
48844
48846
48848
48850
48852
48854
48856
48858
48860
48862
48864
48866
48868
48870
48872
48874
48876
48878
48880
48882
48884
48886
48888
48890
48892
48894
48896
48898
48900
48902
48904
48906
48908
48910
48912
48914
48916
48918
48920
48922
48924
16825
48926
48928
48930
48932
48934
48936
48938
48940
48942
47389
16826
26304
32473
32478
18550
47679
18551
18554
47677
18555
18558
47705
18559
18562
47781
18563
18566
47779
18567
18536
47777
18537
18570
47809
18571
18574
47807
18575
18582
47775
18583
7647
48944
48946
48948
48950
48952
48954
48956
48958
48960
40311
7648
27890
18586
47773
18587
18590
47771
18591
7651
48962
48964
40473
7652
27891
27892
18594
47769
18595
18598
47767
18599
18602
47765
18603
18610
18611
18606
47805
18607
18612
47855
18613
18620
47763
18621
18624
47761
18625
18628
47759
18629
18632
47757
18633
48966
18636
47803
18637
48968
18640
47801
18641
48970
18644
47853
18645
18648
18649
8379
48972
48974
48976
48978
48980
48982
48984
48986
48988
40349
8380
28256
18578
47851
18579
18616
47889
18617
8383
48990
48992
40537
8384
28257
28258
18658
47831
18659
18662
47829
18663
18666
47827
18667
18670
47825
18671
18674
47823
18675
18678
47849
18679
48994
18686
18687
18650
48996
47887
18651
18682
48998
48131
18683
18696
49000
47847
18697
49002
18700
49004
47875
18701
49006
18704
49008
47873
18705
49010
49012
49014
49016
49018
49020
49022
49024
49026
49028
49030
49032
49034
49036
49038
49040
49042
49044
49046
49048
49050
49052
49054
49056
49058
49060
49062
49064
49066
49068
49070
9939
49072
49074
49076
49078
49080
49082
49084
49086
49088
41875
9940
29036
18708
47871
18709
18712
47869
18713
9943
49090
49092
41881
9944
29037
29038
18716
48129
18717
18724
18725
18654
48127
18655
18688
48125
18689
18734
48123
18735
18738
48121
18739
18742
48119
18743
18746
48117
18747
18750
48115
18751
18720
48113
18721
49094
18754
48111
18755
18762
18763
49096
18692
48109
18693
49098
18726
48107
18727
49100
49102
49104
49106
49108
49110
49112
49114
49116
49118
49120
49122
49124
49126
49128
49130
10907
49132
49134
49136
49138
49140
49142
49144
49146
49148
41877
10908
29520
18772
48105
18773
18776
48103
18777
10911
49150
49152
42419
10912
29521
29522
18780
48101
18781
18784
48099
18785
18788
48097
18789
18758
48095
18759
18800
18801
18792
48093
18793
18730
48091
18731
18810
48089
18811
18814
48087
18815
18818
48077
18819
49154
18822
48075
18823
49156
18826
48073
18827
49158
18764
48071
18765
49160
49162
49164
49166
49168
49170
49172
49174
49176
49178
49180
49182
49184
49186
49188
18214
49190
49192
49194
49196
49198
49200
49202
49204
49206
48633
18215
31773
33167
33172
18796
48069
18797
18838
18839
18830
47993
18831
18768
47991
18769
18802
47989
18803
18852
47987
18853
18856
47985
18857
18860
47983
18861
18864
47981
18865
18834
47979
18835
49208
49210
49212
49214
49216
49218
49220
49222
49224
49226
49228
49230
15432
49232
49234
49236
49238
49240
49242
49244
49246
49248
45819
15433
31782
18868
47977
18869
18806
47975
18807
15436
49250
49252
45961
15437
31783
31784
18840
47971
18841
18888
47973
18889
18892
48067
18893
18872
48013
18873
18844
48047
18845
18896
48045
18897
18876
48043
18877
18900
48041
18901
18880
48039
18881
49254
18904
48037
18905
49256
18924
48035
18925
49258
18928
48019
18929
16841
49260
49262
49264
49266
49268
49270
49272
49274
49276
47413
16842
32486
18908
48023
18909
18932
48027
18933
16845
49278
49280
47423
16846
32487
32488
18912
48031
18913
18936
48033
18937
18916
48085
18917
18940
48083
18941
18960
48081
18961
18964
48079
18965
18944
48281
18945
18968
48279
18969
18948
48277
18949
49282
18972
48275
18973
49284
18952
48273
18953
49286
49288
49290
49292
49294
49296
18230
18231
33180
18976
48271
18977
18980
48269
18981
49298
18234
49300
49302
48645
18235
33181
33182
18996
48267
18997
19000
48265
19001
19004
48263
19005
18984
48261
18985
19008
48259
19009
18988
48257
18989
19012
48255
19013
19016
48253
19017
19032
49304
48251
19033
49306
19036
49308
48249
19037
49310
19040
49312
48247
19041
49314
19020
49316
48245
19021
49318
49320
49322
49324
49326
49328
49330
49332
7643
49334
49336
49338
49340
49342
49344
49346
49348
49350
40449
49352
49354
45385
49356
49358
49360
49362
49364
49366
45387
7644
26420
27883
27888
19044
48243
19045
19024
48241
19025
19048
48239
19049
19052
48219
19053
19056
48217
19057
19068
48215
19069
19072
48213
19073
19076
48211
19077
19080
48209
19081
49368
49370
49372
8375
49374
49376
49378
49380
49382
49384
49386
49388
49390
40521
8376
26488
28249
28254
19060
48207
19061
19084
48205
19085
19088
48203
19089
19092
48199
19093
19096
48201
19097
49392
49394
49396
9935
49398
49400
49402
49404
49406
41879
9936
27887
29029
29034
18252
49408
49410
49412
49414
49416
49418
49420
49422
47725
18253
49424
49426
49428
49430
49432
49434
49436
49438
49440
18848
49442
49444
49446
49448
49450
49452
49454
49456
49458
49460
49462
49464
49466
49468
49470
49472
49474
48385
18849
49476
49478
10903
49480
49482
49484
49486
49488
49490
41893
10904
28253
29513
29518
18884
48307
18885
49492
19108
49494
48309
19109
49496
12163
49498
42967
12164
29033
29517
30147
30148
19112
49500
48315
19113
49502
18920
49504
48317
18921
15428
49506
45833
40687
44597
15429
26325
31775
31780
19116
48323
19117
49508
18956
49510
48333
18957
49512
16837
49514
47409
16838
26321
32479
32484
19120
48339
19121
49516
18992
49518
48347
18993
49520
7659
49522
40579
7660
26450
27841
27896
7663
40979
7664
26456
27853
27897
27898
19144
48325
19145
49524
19148
48331
19149
49526
19152
49528
48341
19153
49530
8391
49532
40659
8392
27849
28207
28262
8395
42441
8396
27855
28219
28263
28264
19124
48349
19125
49534
19156
49536
48355
19157
49538
19028
49540
48371
19029
49542
9951
49544
42437
9952
28215
28989
29042
9955
42445
9956
28221
28999
29043
29044
19180
48359
19181
49546
19184
48361
19185
49548
19188
49550
48367
19189
10919
49552
42439
10920
28995
29477
29479
29526
10923
42449
10924
29001
29483
29485
29527
29528
19128
48373
19129
49554
19160
49556
48379
19161
18226
49558
48643
18227
31779
33173
33178
19192
48381
19193
49560
19064
49562
49564
49566
48397
19065
15444
49568
45965
15445
26167
31741
31788
19132
48391
19133
15448
49570
46501
15449
26189
31747
31789
31790
19164
49572
48393
19165
49574
19196
49576
48409
19197
16853
49578
47431
16854
31739
32445
32492
19100
49580
48403
19101
16857
49582
48593
16858
31745
32451
32493
32494
19136
48405
19137
49584
19168
19169
18242
49586
48651
18243
32443
33141
33186
19200
48415
19201
18246
49588
48661
18247
32449
33145
33187
33188
19104
49590
49592
49594
48417
19105
49596
19140
49598
48423
19141
7655
49600
40977
45381
45383
7656
26426
27889
27894
19172
48425
19173
7667
49602
42481
45377
45379
7668
26432
27895
27900
19204
19205
49604
19220
19221
7671
49606
42559
45373
45375
7672
27902
19224
19225
7675
39487
47323
7676
27904
49608
19176
19177
7683
39485
47321
7684
27908
7691
39483
47329
7692
27912
7699
39481
47339
7700
27916
49610
19208
19209
7707
39179
47337
7708
27920
7715
39183
47343
7716
27924
7723
39187
47349
7724
27928
49612
19240
19241
7731
39191
47355
7732
27903
27932
8387
49614
40975
8388
26494
28255
28260
19228
19229
49616
19244
19245
8399
49618
42483
8400
26500
28261
28266
19212
19213
8403
49620
42561
8404
26502
28268
19232
19233
49622
19248
19249
8407
39735
8408
28270
8415
39733
8416
28274
8423
39759
8424
28278
49624
18047
49626
47167
18048
8431
39757
8432
28282
8439
39747
8440
28286
8447
39755
8448
28290
49628
19216
19217
8455
39753
8456
28294
8463
40255
8464
28269
28298
49630
19260
19261
49632
9947
49634
42443
9948
27893
29035
29040
19264
19265
9959
49636
42505
9960
27899
29041
29046
19236
19237
49638
19252
19253
9963
49640
42579
9964
27901
29048
18015
47157
18016
9967
41319
9968
29050
9975
41317
9976
29054
49642
18063
49644
47147
18064
9983
41315
9984
29058
49646
9991
41313
9992
29062
9999
41107
10000
29066
49648
10007
41111
10008
29070
49650
18035
49652
47277
18036
10015
41115
10016
29074
49654
10023
41119
10024
29049
29078
49656
18051
49658
47271
18052
49660
10915
49662
42447
10916
28259
29519
29524
19256
19257
10927
49664
42507
10928
28265
29525
29530
19268
48463
19269
49666
19272
19273
10931
49668
42581
10932
28267
29532
18067
47251
18068
10935
41891
10936
29534
49670
10943
41889
10944
29538
49672
18019
49674
47265
18020
10951
41887
10952
29542
49676
10959
42417
10960
29546
10967
42415
10968
29550
49678
18087
49680
47259
18088
49682
10975
41909
10976
29554
10983
41907
10984
29558
49684
10991
41905
10992
29533
29562
49686
18107
49688
47395
18108
12167
49690
42969
12168
29039
29523
30149
30150
18039
47281
18040
12171
49692
43281
12172
29045
29529
30151
30152
18055
49694
47293
18056
49696
18071
49698
47391
18072
12175
49700
43463
12176
29047
30154
18091
47387
18092
13139
49702
43953
13140
29531
30153
30636
16670
49704
47421
16671
12179
43279
12180
30156
49706
15277
49708
45673
15278
49710
13143
43951
13144
30638
12187
43277
12188
30160
49712
13151
43949
13152
30642
12195
43275
12196
30164
49714
13159
44741
13160
30646
12203
43273
12204
30168
49716
13167
44739
13168
30650
12211
42979
12212
30172
49718
15307
49720
45695
15308
49722
13175
44737
13176
30654
49724
16690
49726
47437
16691
12219
42983
12220
30176
49728
16710
16711
49730
13183
43961
13184
30658
12227
42987
12228
30180
49732
13191
44735
13192
30662
49734
18059
49736
47379
18060
12235
42991
12236
30155
30184
49738
13199
43983
13200
30637
30666
49740
18111
49742
47375
18112
49744
15440
49746
45975
40721
44595
15441
26342
31781
31786
18075
49748
49750
49752
47371
18076
15452
49754
46481
40719
44593
15453
26359
31787
31792
18095
47369
18096
49756
18127
49758
49760
49762
47335
18128
15456
49764
46693
45371
15457
26434
31794
15460
45831
15461
31796
15468
45829
15469
31800
15476
45959
15477
31804
15484
45957
15485
31808
49766
49768
49770
49772
49774
49776
49778
15492
45955
15493
31812
15500
45847
15501
31816
49780
49782
49784
15508
45845
15509
31820
15516
45953
15517
31795
31824
49786
49788
49790
5943
49792
47333
38441
5944
27038
7679
39175
7680
27906
49794
8411
39731
8412
28272
49796
9971
41103
9972
29052
49798
10939
41885
10940
29536
49800
12183
42975
12184
30158
49802
13147
43947
13148
30640
49804
6003
47325
38457
6004
27039
27068
7687
39171
7688
27907
27910
8419
39745
8420
28273
28276
9979
41099
9980
29053
29056
10947
41883
10948
29537
29540
12191
42971
12192
30159
30162
13155
43945
13156
30641
30644
6423
38525
6424
27278
49806
7743
39197
7744
27938
49808
8475
40253
8476
28304
49810
10035
41125
10036
29084
49812
11003
42413
11004
29568
49814
12247
42997
12248
30190
49816
13211
43981
13212
30672
49818
15464
45827
15465
31798
49820
6429
38527
6430
27279
27281
7747
39281
7748
27939
27940
8479
40251
8480
28305
28306
10039
41127
10040
29085
29086
11007
42411
11008
29569
29570
12251
42999
12252
30191
30192
13215
43979
13216
30673
30674
15472
45825
15473
31799
31802
15528
45951
15529
31830
49822
6063
47331
38477
6064
27069
27098
7695
39173
7696
27911
27914
8427
39743
8428
28277
28280
9987
41101
9988
29057
29060
10955
41903
10956
29541
29544
12199
42973
12200
30163
30166
13163
43959
13164
30645
30648
6525
38559
6526
27329
49824
7779
39295
7780
27956
49826
8511
40003
8512
28322
49828
10071
41205
10072
29102
49830
11039
41929
11040
29586
49832
12283
43069
12284
30208
49834
13247
44057
13248
30690
49836
15532
45851
15533
31831
31832
6435
38529
6436
27282
27284
6531
38561
6532
27330
27332
7751
39283
7752
27941
27942
7783
39297
7784
27957
27958
8483
40001
8484
28307
28308
8515
39999
8516
28323
28324
10043
41129
10044
29087
29088
10075
41207
10076
29103
29104
11011
41919
11012
29571
29572
11043
41927
11044
29587
29588
12255
43001
12256
30193
30194
12287
43071
12288
30209
30210
13219
43977
13220
30675
30676
13251
44055
13252
30691
30692
15480
45843
15481
31803
31806
15564
45871
15565
31848
49838
6123
47367
38497
6124
27099
27128
7703
39177
7704
27915
27918
8435
39741
8436
28281
28284
9995
41105
9996
29061
29064
10963
41901
10964
29545
29548
12207
42977
12208
30167
30170
13171
43957
13172
30649
30652
6627
38593
6628
27380
49840
7815
39313
7816
27974
49842
8547
40013
8548
28340
49844
49846
10107
41223
10108
29120
49848
49850
49852
11075
41949
11076
29604
49854
49856
49858
12319
43087
12320
30226
49860
49862
49864
49866
49868
13283
44083
13284
30708
49870
49872
49874
15536
45849
15537
31833
31834
15568
45869
15569
31849
31850
6441
38531
6442
27285
27287
6537
38563
6538
27333
27335
6633
38595
6634
27381
27383
7755
39285
7756
27943
27944
7787
39299
7788
27959
27960
7819
39315
7820
27975
27976
8487
39773
8488
28309
28310
8519
39997
8520
28325
28326
8551
40011
8552
28341
28342
10047
41131
10048
29089
29090
10079
41209
10080
29105
29106
10111
41225
10112
29121
29122
11015
41917
11016
29573
29574
11047
41947
11048
29589
29590
11079
41945
11080
29605
29606
12259
43003
12260
30195
30196
12291
43073
12292
30211
30212
12323
43089
12324
30227
30228
13223
43975
13224
30677
30678
13255
44053
13256
30693
30694
13287
44081
13288
30709
30710
15488
45841
15489
31807
31810
15600
46227
15601
31866
49876
49878
6183
47341
38519
6184
27129
27158
7711
39181
7712
27919
27922
8443
39739
8444
28285
28288
10003
41109
10004
29065
29068
10971
41899
10972
29549
29552
12215
42981
12216
30171
30174
13179
43955
13180
30653
30656
6729
38627
6730
27431
49880
49882
49884
7851
39331
7852
27992
49886
8583
40025
8584
28358
49888
49890
49892
10143
41241
10144
29138
49894
11111
41967
11112
29622
49896
49898
12355
43105
12356
30244
49900
13319
44079
13320
30726
15540
45867
15541
31835
31836
15572
45865
15573
31851
31852
15604
46225
15605
31867
31868
6447
38537
6448
27288
27290
6543
38565
6544
27336
27338
6639
38597
6640
27384
27386
6735
38629
6736
27432
27434
7759
39287
7760
27945
27946
7791
39301
7792
27961
27962
7823
39317
7824
27977
27978
7855
39333
7856
27993
27994
8491
39771
8492
28311
28312
8523
39995
8524
28327
28328
8555
40009
8556
28343
28344
8587
40249
8588
28359
28360
10051
41133
10052
29091
29092
10083
41211
10084
29107
29108
10115
41227
10116
29123
29124
10147
41243
10148
29139
29140
11019
41915
11020
29575
29576
11051
41937
11052
29591
29592
11083
41943
11084
29607
29608
11115
41965
11116
29623
29624
12263
43005
12264
30197
30198
12295
43075
12296
30213
30214
12327
43091
12328
30229
30230
12359
43107
12360
30245
30246
13227
43973
13228
30679
30680
13259
44051
13260
30695
30696
13291
44077
13292
30711
30712
13323
44075
13324
30727
30728
15496
49899
45839
15497
31811
31814
15636
49893
45989
15637
31884
6243
47345
38549
6244
27159
27188
7719
49891
39185
7720
27923
27926
8451
49885
39751
8452
28289
28292
10011
49902
49883
41113
10012
29069
29072
10979
49904
49879
41897
10980
29553
29556
12223
49906
49877
42985
12224
30175
30178
13187
49908
49875
43971
13188
30657
30660
6831
49881
38661
6832
27482
49910
7887
49912
49887
39425
7888
28010
49914
49916
49918
49920
8619
49889
40047
8620
28376
49922
49924
49926
49928
10179
49895
41605
10180
29156
49930
49932
11147
49897
42393
11148
29640
49934
49936
49938
49940
12391
49901
43123
12392
30262
49942
49944
49946
13355
44101
13356
30744
49948
15544
45863
15545
31837
31838
15576
45861
15577
31853
31854
15608
45987
15609
31869
31870
15640
46223
15641
31885
31886
6453
38567
6454
27291
27293
6549
38569
6550
27339
27341
6645
38599
6646
27387
27389
6741
38631
6742
27435
27437
6837
38663
6838
27483
27485
7763
39289
7764
27947
27948
7795
39303
7796
27963
27964
7827
39319
7828
27979
27980
7859
39335
7860
27995
27996
7891
39427
7892
28011
28012
8495
39769
8496
28313
28314
8527
39993
8528
28329
28330
8559
40023
8560
28345
28346
8591
40045
8592
28361
28362
8623
40043
8624
28377
28378
10055
41135
10056
29093
29094
10087
41213
10088
29109
29110
10119
41229
10120
29125
29126
10151
41245
10152
29141
29142
10183
41603
10184
29157
29158
11023
41913
11024
29577
29578
11055
49947
41935
11056
29593
29594
11087
49945
41963
11088
29609
29610
11119
49941
42391
11120
29625
29626
11151
49950
49939
42389
11152
29641
29642
12267
49952
49937
43007
12268
30199
30200
12299
49954
49933
43077
12300
30215
30216
12331
49956
49929
43093
12332
30231
30232
12363
49958
49927
43109
12364
30247
30248
12395
49925
43125
12396
30263
30264
13231
49960
49921
43969
13232
30681
30682
13263
49919
44049
13264
30697
30698
13295
49962
49917
44073
13296
30713
30714
13327
49964
49907
44071
13328
30729
30730
13359
49966
49905
44099
13360
30745
30746
15504
49968
49873
45837
15505
31815
31818
15672
49970
49903
46005
15673
31902
49972
49974
6303
49976
47361
38585
6304
27189
27218
6411
47357
38619
47031
6412
27219
27272
7727
49871
39189
7728
27927
27930
7735
49869
39193
7736
27931
27934
8459
49978
49867
39749
8460
28293
28296
8467
49865
39767
8468
28297
28300
10019
49863
41117
10020
29073
29076
10027
49861
41121
10028
29077
29080
10987
49980
49859
41895
10988
29557
29560
10995
49857
41911
10996
29561
29564
6933
49913
38695
6934
27533
49982
49984
7923
49986
49915
39443
7924
28028
49988
49990
8655
49923
40143
8656
28394
49992
10215
49994
49931
41381
10216
29174
49996
6459
38603
6460
27294
27296
6513
38635
47029
6514
27297
27323
6555
38605
6556
27342
27344
6651
38615
6652
27390
27392
6747
38633
6748
27438
27440
6843
38665
6844
27486
27488
6939
38697
6940
27534
27536
7767
39291
7768
27949
27950
7771
39293
7772
27951
27952
7799
39305
7800
27965
27966
7831
39321
7832
27981
27982
7863
39337
7864
27997
27998
7895
39429
7896
28013
28014
7927
39445
7928
28029
28030
8499
39765
8500
28315
28316
8503
39991
8504
28317
28318
11183
49935
42387
11184
29658
8531
39989
8532
28331
28332
8563
40021
8564
28347
28348
8595
40027
8596
28363
28364
8627
40041
8628
28379
28380
8659
40141
8660
28395
28396
10059
41199
10060
29095
29096
10063
41201
10064
29097
29098
10091
41215
10092
29111
29112
10123
41231
10124
29127
29128
10155
41247
10156
29143
29144
10187
41379
10188
29159
29160
10219
41377
10220
29175
29176
11027
41925
11028
29579
29580
11031
41923
11032
29581
29582
11059
41933
11060
29595
29596
11091
41955
11092
29611
29612
11123
42125
11124
29627
29628
11155
42385
11156
29643
29644
11187
42163
11188
29659
29660
7037
38731
7038
27036
27585
7961
39463
7962
27905
28047
49998
50000
8693
40161
8694
28271
28413
10253
41359
10254
29051
29193
50002
11221
42161
11222
29535
29677
50004
50006
7043
38733
7044
27066
27586
27588
7965
39465
7966
27909
28048
28049
8697
40159
8698
28275
28414
28415
10257
41357
10258
29055
29194
29195
11225
42159
11226
29539
29678
29679
6561
38637
6562
27345
27347
6615
38671
47027
6616
27348
27374
6657
38639
6658
27393
27395
6753
38649
6754
27441
27443
6849
38667
6850
27489
27491
6945
38699
6946
27537
27539
7803
39307
7804
27967
27968
7807
39311
7808
27969
27970
7835
39323
7836
27983
27984
7867
39339
7868
27999
28000
7899
39431
7900
28015
28016
7931
39447
7932
28031
28032
8535
40007
8536
28333
28334
8539
40005
8540
28335
28336
8567
40019
8568
28349
28350
8599
40039
8600
28365
28366
8631
40139
8632
28381
28382
8663
40137
8664
28397
28398
10095
41217
10096
29113
29114
10099
41219
10100
29115
29116
10127
41233
10128
29129
29130
10159
41249
10160
29145
29146
10191
41335
10192
29161
29162
10223
41355
10224
29177
29178
11063
41931
11064
29597
29598
11067
41941
11068
29599
29600
11095
41953
11096
29613
29614
11127
42123
11128
29629
29630
11159
42157
11160
29645
29646
11191
42149
11192
29661
29662
6417
38653
6418
27275
7739
39195
7740
27936
8471
39987
8472
28302
10031
41123
10032
29082
10999
41921
11000
29566
7049
38735
7050
27096
27589
27591
7969
39467
7970
27913
28050
28051
8701
40157
8702
28279
28416
28417
10261
41353
10262
29059
29196
29197
11229
42151
11230
29543
29680
29681
6519
38669
6520
27276
27326
6663
38673
6664
27396
27398
6717
38705
47025
6718
27399
27425
6759
38683
6760
27444
27446
6855
38685
6856
27492
27494
6951
38701
6952
27540
27542
7775
39309
7776
27937
27954
7839
39325
7840
27985
27986
7843
39329
7844
27987
27988
12231
49909
49855
42989
12232
30179
30182
12239
49853
42993
49983
12240
30183
30186
12243
42995
12244
30188
12271
43009
12272
30201
30202
12275
43067
49999
12276
30203
30204
7871
39341
7872
28001
28002
7903
39433
7904
28017
28018
7935
39449
7936
28033
28034
8507
39985
8508
28303
28320
8571
40017
8572
28351
28352
8575
40037
8576
28353
28354
12303
43079
12304
30217
30218
12307
43081
12308
30219
30220
12311
43085
12312
30221
30222
12335
43095
12336
30233
30234
12339
43097
12340
30235
30236
8603
40035
8604
28367
28368
8635
40135
8636
28383
28384
8667
40155
8668
28399
28400
10067
50007
41203
10068
29083
29100
10131
41235
10132
29131
29132
10135
41237
10136
29133
29134
12367
49995
43111
12368
30249
30250
12371
43113
12372
30251
30252
10163
41251
10164
29147
29148
10195
41333
10196
29163
29164
10227
41351
10228
29179
29180
11035
50005
41939
11036
29567
29584
11099
41951
11100
29615
29616
11103
41961
11104
29617
29618
12399
49989
43127
12400
30265
30266
12403
43129
12404
30267
30268
11131
42121
11132
29631
29632
11163
42147
11164
29647
29648
11195
42135
11196
29663
29664
12279
43083
12280
30189
30206
12343
43099
12344
30237
30238
12347
43103
12348
30239
30240
12427
49943
43223
12428
30280
12431
49987
43225
12432
30281
30282
12435
43227
12436
30283
30284
12375
43115
12376
30253
30254
12407
43131
12408
30269
30270
12439
43229
12440
30285
30286
7145
38767
7146
27639
8001
39615
8002
28067
8733
40189
8734
28433
10293
41375
10294
29213
50008
50010
50012
50014
50016
50018
50020
50022
50024
50026
50028
50030
50032
50034
50036
50038
11261
42383
11262
29697
50040
50042
50044
50046
50048
50050
50052
50054
7151
38769
7152
27640
27642
8005
39613
8006
28068
28069
8737
40187
8738
28434
28435
10297
41373
10298
29214
29215
11265
42381
11266
29698
29699
7055
38737
7056
27126
27592
27594
7973
39469
7974
27917
28052
28053
8705
40185
8706
28283
28418
28419
10265
41349
10266
29063
29198
29199
11233
42153
11234
29547
29682
29683
6621
38703
6622
27327
27377
6765
38707
6766
27447
27449
6819
38739
47053
6820
27450
27476
12465
43243
12466
30157
30299
12469
43245
12470
30161
30300
30301
12473
43247
12474
30165
30302
30303
12477
43249
12478
30169
30304
30305
6861
38717
6862
27495
27497
6957
38719
6958
27543
27545
7811
39327
7812
27955
27972
7875
39343
7876
28003
28004
7879
39347
7880
28005
28006
12505
43263
12506
30319
12509
43265
12510
30320
30321
7907
39435
7908
28019
28020
7939
39451
7940
28035
28036
8543
40015
8544
28321
28338
8607
40033
8608
28369
28370
8611
40031
8612
28371
28372
8639
40133
8640
28385
28386
8671
40153
8672
28401
28402
10103
41221
10104
29101
29118
10167
41311
10168
29149
29150
10171
41331
10172
29151
29152
10199
41329
10200
29165
29166
10231
41347
10232
29181
29182
11071
41959
11072
29585
29602
11135
50055
42119
11136
29633
29634
11139
50053
42133
11140
29635
29636
11167
50051
42131
11168
29649
29650
11199
50049
42137
11200
29665
29666
12315
50047
43101
12316
30207
30224
12379
50045
43117
12380
30255
30256
12383
50043
43121
12384
30257
30258
12411
50039
43133
12412
30271
30272
12443
50037
43231
12444
30287
30288
7201
50035
38787
7202
27667
8039
50033
39611
8040
28086
8771
50031
40197
8772
28452
10331
50029
41551
10332
29232
11299
50041
42379
11300
29716
12543
43461
12544
30338
7157
38771
7158
27643
27645
7207
38789
7208
27668
27670
8009
39609
8010
28070
28071
8043
39499
8044
28087
28088
8741
40183
8742
28436
28437
8775
40195
8776
28453
28454
10301
41371
10302
29216
29217
10335
41549
10336
29233
29234
11269
42377
11270
29700
29701
11303
42185
11304
29717
29718
12513
43267
12514
30322
30323
12547
43459
12548
30339
30340
7061
38753
7062
27156
27595
27597
7977
39471
7978
27921
28054
28055
8709
40167
8710
28287
28420
28421
10269
41369
10270
29067
29200
29201
11237
42155
11238
29551
29684
29685
12481
43251
12482
30173
30306
30307
6723
50027
38729
6724
27378
27428
6867
38741
6868
27498
27500
6921
38765
47063
6922
27501
27527
6963
38743
6964
27546
27548
7847
50025
39345
7848
27973
27990
7911
39437
7912
28021
28022
7915
39441
7916
28023
28024
7943
39453
7944
28037
28038
8579
50023
40029
8580
28339
28356
8643
40131
8644
28387
28388
8647
40129
8648
28389
28390
13195
49911
49851
43967
13196
30661
30664
13203
49849
43963
50015
13204
30665
30668
13207
44047
13208
30670
13235
50003
43965
13236
30683
30684
13239
44045
50013
13240
30685
30686
13243
44069
13244
30671
30688
13267
50056
50058
50060
50062
50064
50066
50068
50070
50072
50074
50076
50001
49975
44043
13268
30699
30700
13271
44041
13272
30701
30702
13275
44067
50011
13276
30703
30704
13279
44097
13280
30689
30706
13299
49997
49963
44063
13300
30715
30716
13303
44061
13304
30717
30718
13307
44059
13308
30719
30720
13311
44095
50009
13312
30721
30722
8675
40151
8676
28403
28404
10139
50021
41239
10140
29119
29136
10203
41327
10204
29167
29168
10207
41325
50063
10208
29169
29170
13331
49993
49965
44065
13332
30731
30732
13335
44093
13336
30733
30734
13339
44091
13340
30735
30736
13343
44089
13344
30737
30738
13347
44219
50061
13348
30739
30740
13363
49991
50078
50080
50082
50084
50086
49967
44087
13364
30747
30748
13367
44085
13368
30749
30750
13371
44217
13372
30751
30752
13375
44103
13376
30753
30754
10235
41345
10236
29183
29184
11107
50088
50019
41957
11108
29603
29620
11171
42129
11172
29651
29652
11175
42141
50085
11176
29653
29654
13391
49949
44215
13392
30762
50090
50092
50094
50096
50098
50100
50102
50104
13395
49969
44213
13396
30763
30764
13399
44211
13400
30765
30766
13403
44209
13404
30767
30768
13407
44207
13408
30769
30770
11203
42139
11204
29667
29668
12351
50017
43119
12352
30225
30242
12415
43135
12416
30273
30274
12419
43221
50091
12420
30275
30276
13429
44733
13430
30639
30781
13433
44235
13434
30643
30782
30783
13437
44233
13438
30647
30784
30785
13441
44231
13442
30651
30786
30787
13445
44229
13446
30655
30788
30789
12447
43233
12448
30289
30290
13315
44205
13316
30707
30724
13379
44203
13380
30755
30756
13383
44199
13384
30757
30758
13469
44239
13470
30801
13473
44263
13474
30802
30803
13477
44261
13478
30804
30805
13411
44195
13412
30771
30772
7257
38807
7258
27695
8077
39515
8078
28105
8809
40219
8810
28471
50106
50108
50110
50112
50114
50116
50118
10369
41547
10370
29251
50120
50122
50124
50126
50128
50130
50132
50134
11337
42201
11338
29735
50136
50138
50140
50142
50144
50146
12581
43441
12582
30357
50148
50150
50152
7163
38773
7164
27646
27648
7213
38791
7214
27671
27673
7263
38809
7264
27696
27698
8013
39497
8014
28072
28073
8047
39501
8048
28089
28090
8081
39517
8082
28106
28107
8745
40181
8746
28438
28439
8779
40193
8780
28455
28456
8813
40217
8814
28472
28473
10305
41545
10306
29218
29219
10339
41543
10340
29235
29236
10373
41541
10374
29252
29253
11273
42183
11274
29702
29703
11307
42187
11308
29719
29720
11341
42203
11342
29736
29737
12517
43269
12518
30324
30325
12551
43439
12552
30341
30342
12585
43437
12586
30358
30359
13481
44259
13482
30806
30807
7067
38777
7068
27186
27598
27600
7981
39473
7982
27925
28056
28057
8713
40165
8714
28291
28422
28423
10273
41367
10274
29071
29202
29203
11241
42171
11242
29555
29686
29687
12485
43253
12486
30177
30308
30309
13449
50151
44227
13450
30659
30790
30791
6825
50147
38763
6826
27429
27479
6969
50145
38775
6970
27549
27551
7023
50143
38797
47069
7024
27552
27578
13507
50141
44257
13508
30820
13511
50139
44255
13512
30821
30822
13515
50135
44253
13516
30823
30824
7883
50133
39439
7884
27991
28008
7947
50131
39455
7948
28039
28040
7951
50129
39459
7952
28041
28042
13545
44281
13546
30839
13549
44279
13550
30840
30841
8615
50105
40127
8616
28357
28374
8679
50103
40149
8680
28405
28406
8683
50077
40147
8684
28407
28408
10175
50075
41323
10176
29137
29154
10239
50101
41343
10240
29185
29186
10243
50099
41341
10244
29187
29188
11143
50073
42127
11144
29621
29638
11207
50097
42143
11208
29669
29670
11211
50095
42169
11212
29671
29672
12387
50071
43219
12388
30243
30260
12451
50127
43235
12452
30291
30292
12455
50125
43239
12456
30293
30294
13351
50089
44197
13352
30725
30742
13415
50153
50123
44201
13416
30773
30774
13419
50119
44225
13420
30775
30776
15512
50154
50156
50158
50160
50162
50164
50166
50168
50170
49985
49847
45835
15513
31819
31822
15520
49845
45859
50059
15521
31823
31826
15524
45879
15525
31828
15548
50172
50174
49981
49971
45857
15549
31839
31840
15552
45853
15553
31841
31842
15556
45877
50057
15557
31843
31844
15560
45973
15561
31829
31846
15580
49979
49957
45855
15581
31855
31856
15584
45875
15585
31857
31858
15588
45873
15589
31859
31860
15592
45971
50083
15593
31861
31862
15596
45969
15597
31847
31864
15612
50176
50178
50180
50182
50184
50186
50188
50190
50192
50194
50196
49961
49955
45985
15613
31871
31872
15616
45983
15617
31873
31874
15620
45981
15621
31875
31876
15624
45979
15625
31877
31878
15628
45977
50081
15629
31879
31880
15632
46003
15633
31865
31882
15644
49959
49953
46001
15645
31887
31888
15648
45999
15649
31889
31890
15652
45997
15653
31891
31892
15656
45995
15657
31893
31894
15660
45993
15661
31895
31896
15664
46023
50079
15665
31897
31898
7313
50117
38827
7314
27723
8115
50115
39533
8116
28124
50198
50200
50202
50204
50206
50208
8847
50113
40229
8848
28490
50210
50212
50214
50216
50218
10407
50121
41539
10408
29270
50220
50222
11375
50137
42219
11376
29754
50224
50226
12619
50149
43435
12620
30376
50228
50230
13583
44309
13584
30858
50232
7169
38783
7170
27649
27651
7219
38793
7220
27674
27676
7269
38811
7270
27699
27701
7319
38829
7320
27724
27726
8017
39489
8018
28074
28075
8051
39503
8052
28091
28092
8085
39519
8086
28108
28109
8119
39535
8120
28125
28126
8749
40179
8750
28440
28441
8783
40215
8784
28457
28458
8817
40213
8818
28474
28475
8851
40227
8852
28491
28492
10309
41537
10310
29220
29221
10343
41535
10344
29237
29238
10377
41533
10378
29254
29255
10411
41531
10412
29271
29272
11277
42173
11278
29704
29705
11311
42189
11312
29721
29722
11345
42205
11346
29738
29739
11379
42221
11380
29755
29756
12521
43271
12522
30326
30327
12555
43433
12556
30343
30344
12589
43431
12590
30360
30361
12623
43429
12624
30377
30378
13485
44251
13486
30808
30809
13519
44249
13520
30825
30826
13553
44277
13554
30842
30843
13587
44307
13588
30859
30860
15668
46041
15669
31883
31900
15676
50234
50236
50238
50240
49977
49951
45991
15677
31903
31904
15680
46021
15681
31905
31906
15684
46019
15685
31907
31908
15688
46017
15689
31909
31910
15692
46015
15693
31911
31912
15696
46013
15697
31913
31914
15700
46039
50107
15701
31915
31916
7073
38799
7074
27216
27601
27603
7127
38817
47075
7128
27246
27604
27630
15708
49973
46011
15709
31920
15712
46009
15713
31921
31922
15716
46007
15717
31923
31924
15720
46037
15721
31925
31926
15724
46035
15725
31927
31928
15728
46033
15729
31929
31930
15732
46221
15733
31931
31932
15736
46057
50155
15737
31933
31934
15746
46031
15747
31797
31939
15750
46029
15751
31801
31940
31941
15754
46027
15755
31805
31942
31943
15758
46025
15759
31809
31944
31945
15762
46055
15763
31813
31946
31947
15766
46053
15767
31817
31948
31949
7985
50217
39475
7986
27929
28058
28059
7989
50215
39477
7990
27933
28060
28061
15786
50213
46051
15787
31959
15790
50209
46049
15791
31960
31961
15794
50197
46047
15795
31962
31963
15798
50207
46045
15799
31964
31965
8717
50195
40163
8718
28295
28424
28425
8721
50193
40177
8722
28299
28426
28427
15824
46075
15825
31978
15828
46073
15829
31979
31980
15832
46071
15833
31981
31982
10277
50191
41365
10278
29075
29204
29205
10281
50189
41363
10282
29079
29206
29207
15862
46125
15863
31997
15866
46123
15867
31998
31999
11245
50187
42167
11246
29559
29688
29689
11249
50185
42177
11250
29563
29690
29691
15900
46135
15901
32016
12489
50183
43255
12490
30181
30310
30311
12493
50181
43257
12494
30185
30312
30313
13453
50175
44223
13454
30663
30792
30793
13457
50171
44245
13458
30667
30794
30795
6927
50069
38795
6928
27480
27530
7919
50067
39457
7920
28009
28026
8651
50065
40145
8652
28375
28392
10211
50231
50087
41339
10212
29155
29172
11179
50227
50242
50244
50246
50248
50093
42145
11180
29639
29656
12423
50250
50252
50254
50256
50258
50260
50262
50264
50266
50268
50270
50272
50274
50223
50111
43237
12424
30261
30278
13387
50276
50219
50109
44221
13388
30743
30760
7369
50205
38847
7370
27751
50278
8153
50203
39551
8154
28143
50280
50282
50284
50286
50288
50290
50292
8885
50211
40247
8886
28509
50294
50296
10445
50221
41425
10446
29289
50298
50300
50302
11413
50225
42237
11414
29773
50304
50306
12657
50229
43427
12658
30395
50308
50310
13621
50233
44305
13622
30877
50312
50314
50316
15802
46069
15803
31966
31967
15836
46067
15837
31983
31984
15870
46121
15871
32000
32001
15904
46133
15905
32017
32018
15770
46065
15771
31821
31950
31951
15774
46119
50247
15775
31825
31952
31953
7175
38803
7176
27652
27654
7225
38805
7226
27677
27679
7275
38813
7276
27702
27704
7325
38831
7326
27727
27729
7375
38849
7376
27752
27754
8021
39491
8022
28076
28077
8055
39505
8056
28093
28094
8089
39521
8090
28110
28111
8123
39537
8124
28127
28128
8157
39553
8158
28144
28145
8753
40175
8754
28442
28443
8787
40211
8788
28459
28460
8821
40209
8822
28476
28477
8855
40245
8856
28493
28494
8889
40243
8890
28510
28511
10313
41409
10314
29222
29223
10347
41407
10348
29239
29240
10381
41395
10382
29256
29257
10415
50315
41411
10416
29273
29274
10449
50303
41427
10450
29290
29291
11281
50301
42175
11282
29706
29707
11315
50297
42191
11316
29723
29724
11349
50293
42207
11350
29740
29741
11383
50291
42223
11384
29757
29758
11417
50289
42239
11418
29774
29775
12525
50287
43425
12526
30328
30329
12559
50275
43423
12560
30345
30346
12593
50273
43421
12594
30362
30363
12627
50271
43315
12628
30379
30380
12661
50269
43317
12662
30396
30397
13489
50285
44243
13490
30810
30811
13523
50241
44247
13524
30827
30828
13557
50239
44275
13558
30844
30845
13591
50237
44303
13592
30861
30862
13625
50318
50320
50235
44301
13626
30878
30879
15704
50322
50267
46043
15705
31901
31918
15938
50324
50265
46219
15939
32035
50326
50328
50330
50332
50334
7029
50169
38815
7030
27531
27581
7133
39013
50263
38825
7134
27582
27583
27633
7955
50167
39461
7956
28027
28044
7993
39661
50261
39479
7994
28045
28046
28063
8687
50317
50165
40173
8688
28393
28410
8725
40285
50259
40171
8726
28411
28412
28429
10247
50336
50338
50311
50163
41337
10248
29173
29190
10285
41567
50340
50257
41361
10286
29191
29192
29209
11215
50342
50344
50307
50161
42165
11216
29657
29674
11253
42465
50346
50348
50255
42181
11254
29675
29676
29693
7425
50283
38867
7426
27779
50350
8191
50352
50281
39569
8192
28162
50354
50356
50358
8923
50295
40309
8924
28528
50360
10483
50362
50299
41443
10484
29308
50364
7181
38819
7182
27655
27657
7189
39011
38835
7190
27658
27659
27661
7231
38821
7232
27680
27682
7281
38823
7282
27705
27707
7331
38833
7332
27730
27732
7381
38851
7382
27755
27757
7431
38869
7432
27780
27782
8025
39493
8026
28078
28079
8031
39659
39495
8032
28080
28081
28082
8059
39507
8060
28095
28096
8093
39523
8094
28112
28113
8127
39539
8128
28129
28130
8161
39555
8162
28146
28147
8195
39571
8196
28163
28164
8757
40169
8758
28444
28445
8763
40283
40191
8764
28446
28447
28448
11451
50305
42255
11452
29792
8791
40207
8792
28461
28462
8825
40205
8826
28478
28479
8859
40235
8860
28495
28496
8893
40307
8894
28512
28513
8927
40347
8928
28529
28530
10317
41393
10318
29224
29225
10323
41565
41391
10324
29226
29227
29228
10351
41389
10352
29241
29242
10385
41397
10386
29258
29259
10419
41413
10420
29275
29276
10453
41429
10454
29292
29293
10487
41445
10488
29309
29310
11285
42179
11286
29708
29709
11291
42463
42195
11292
29710
29711
29712
11319
42193
11320
29725
29726
11353
42209
11354
29742
29743
11387
42225
11388
29759
29760
11421
42241
11422
29776
29777
11455
42257
11456
29793
29794
7481
38887
7482
27273
27807
8229
39587
8230
27935
28181
8961
40337
8962
28301
28547
10521
41461
10522
29081
29327
11489
42273
11490
29565
29811
7487
38889
7488
27324
27808
27810
8233
39589
8234
27953
28182
28183
8965
40335
8966
28319
28548
28549
10525
41463
10526
29099
29328
29329
11493
42275
11494
29583
29812
29813
7237
38837
7238
27683
27685
7245
39009
38855
7246
27686
27687
27689
7287
38839
7288
27708
27710
7337
38841
7338
27733
27735
7387
38853
7388
27758
27760
7437
38871
7438
27783
27785
8063
39509
8064
28097
28098
8069
39657
39527
8070
28099
28100
28101
8097
39525
8098
28114
28115
8131
39541
8132
28131
28132
8165
39557
8166
28148
28149
8199
39573
8200
28165
28166
8795
40203
8796
28463
28464
8801
40281
40225
8802
28465
28466
28467
8829
40201
8830
28480
28481
8863
40233
8864
28497
28498
8897
40305
8898
28514
28515
8931
40333
8932
28531
28532
10355
41383
10356
29243
29244
10361
41563
41401
10362
29245
29246
29247
10389
41399
10390
29260
29261
10423
41415
10424
29277
29278
10457
41431
10458
29294
29295
10491
41447
10492
29311
29312
11323
42197
11324
29727
29728
11329
42461
42215
11330
29729
29730
29731
11357
42211
11358
29744
29745
11391
42227
11392
29761
29762
11425
42243
11426
29778
29779
11459
42259
11460
29795
29796
7139
50357
38843
7140
27636
7997
50355
39511
7998
28065
8729
50347
40199
8730
28431
10289
50345
41385
10290
29211
11257
50351
42199
11258
29695
7493
38891
7494
27375
27811
27813
8237
39591
8238
27971
28184
28185
8969
40331
8970
28337
28550
28551
10529
41465
10530
29117
29330
29331
11497
42277
11498
29601
29814
29815
7195
38845
7196
27637
27664
7293
38857
7294
27711
27713
7301
39007
38865
7302
27714
27715
27717
7343
38859
7344
27736
27738
7393
38861
7394
27761
27763
7443
38873
7444
27786
27788
8035
39513
8036
28066
28084
8101
39529
8102
28116
28117
8107
39655
39545
8108
28118
28119
28120
12459
50277
50159
43241
12460
30279
30296
12497
43533
50253
43259
12498
30297
30298
30315
12501
43261
12502
30317
12529
43301
12530
30330
30331
12535
43531
43299
12536
30332
30333
30334
8135
39543
8136
28133
28134
8169
39559
8170
28150
28151
8203
39575
8204
28167
28168
8767
40223
8768
28432
28450
8833
40221
8834
28482
28483
8839
40279
40241
8840
28484
28485
28486
12563
43297
12564
30347
30348
12567
43285
12568
30349
30350
12573
43529
43291
12574
30351
30352
30353
12597
43287
12598
30364
30365
12601
43289
12602
30366
30367
8867
40231
8868
28499
28500
8901
40303
8902
28516
28517
8935
40329
8936
28533
28534
10327
41387
10328
29212
29230
10393
41403
10394
29262
29263
10399
41561
41419
10400
29264
29265
29266
12631
43303
12632
30381
30382
12635
43305
12636
30383
30384
10427
41417
10428
29279
29280
10461
41433
10462
29296
29297
10495
41449
10496
29313
29314
11295
42213
11296
29696
29714
11361
42217
11362
29746
29747
11367
42459
42233
11368
29748
29749
29750
12665
43319
12666
30398
30399
12669
43321
12670
30400
30401
11395
42229
11396
29763
29764
11429
42245
11430
29780
29781
11463
42261
11464
29797
29798
12539
43283
12540
30318
30336
12605
43293
12606
30368
30369
12611
43527
43309
12612
30370
30371
30372
12695
50309
43333
12696
30414
12699
43335
12700
30415
30416
12703
43337
12704
30417
30418
12639
43307
12640
30385
30386
12673
43323
12674
30402
30403
12707
43339
12708
30419
30420
7499
38893
7500
27426
27814
27816
8241
39593
8242
27989
28186
28187
8973
40327
8974
28355
28552
28553
10533
41467
10534
29135
29332
29333
11501
42279
11502
29619
29816
29817
7251
38863
7252
27665
27692
7349
38875
7350
27739
27741
7357
39005
38883
7358
27742
27743
27745
12733
43351
12734
30187
30433
12737
43353
12738
30205
30434
30435
12741
43355
12742
30223
30436
30437
12745
43357
12746
30241
30438
30439
7399
38877
7400
27764
27766
7449
38879
7450
27789
27791
8073
39531
8074
28085
28103
8139
39547
8140
28135
28136
8145
39653
39563
8146
28137
28138
28139
8173
39561
8174
28152
28153
8207
39577
8208
28169
28170
8805
40239
8806
28451
28469
8871
40237
8872
28501
28502
8877
40277
40301
8878
28503
28504
28505
8905
40293
8906
28518
28519
8939
40325
8940
28535
28536
10365
41405
10366
29231
29249
10431
41421
10432
29281
29282
10437
41559
41437
10438
29283
29284
29285
10465
41435
10466
29298
29299
10499
41451
10500
29315
29316
11333
42231
11334
29715
29733
11399
42235
11400
29765
29766
11405
42457
42251
11406
29767
29768
29769
11433
42247
11434
29782
29783
11467
42263
11468
29799
29800
12577
43295
12578
30337
30355
12643
43311
12644
30387
30388
12649
43525
43327
12650
30389
30390
30391
12677
43325
12678
30404
30405
12711
43341
12712
30421
30422
9007
40345
9008
28570
9053
40519
9054
28593
9085
40497
9086
28609
10563
41481
10564
29348
11531
42293
11532
29832
12775
43371
12776
30454
9013
40447
9014
28571
28573
9057
40495
9058
28594
28595
9089
40493
9090
28610
28611
10567
41483
10568
29349
29350
11535
42295
11536
29833
29834
12779
43373
12780
30455
30456
7505
38897
7506
27477
27817
27819
8245
39595
8246
28007
28188
28189
8977
40323
8978
28373
28554
28555
10537
41469
10538
29153
29334
29335
11505
42281
11506
29637
29818
29819
12749
43359
12750
30259
30440
30441
7307
38881
7308
27693
27720
7405
38885
7406
27767
27769
7413
39003
38901
7414
27770
27771
27773
7455
38895
7456
27792
27794
8111
39549
8112
28104
28122
8177
39565
8178
28154
28155
8183
39651
39581
8184
28156
28157
28158
8211
39579
8212
28171
28172
8843
40291
8844
28470
28488
8909
40295
8910
28520
28521
8915
40351
40297
8916
28522
28523
28524
13423
50279
50157
44237
13424
30761
30778
13461
44395
50251
44273
13462
30779
30780
30797
13465
44285
13466
30799
13493
44241
13494
30812
30813
13499
44393
44271
13500
30814
30815
30816
13503
44299
13504
30800
30818
13527
50343
44269
13528
30829
30830
13531
44267
13532
30831
30832
13537
44391
44297
13538
30833
30834
30835
13541
44295
13542
30819
30837
13561
50341
44265
13562
30846
30847
13565
44283
13566
30848
30849
13569
44293
13570
30850
30851
13575
44389
44327
13576
30852
30853
30854
8943
40321
8944
28537
28538
10403
41423
10404
29250
29268
10469
41439
10470
29300
29301
10475
41557
41455
10476
29302
29303
29304
13595
50339
44291
13596
30863
30864
13599
44289
13600
30865
30866
13603
44287
13604
30867
30868
13607
44325
13608
30869
30870
13613
44387
44353
13614
30871
30872
30873
13629
50337
44323
13630
30880
30881
13633
44321
13634
30882
30883
13637
44319
13638
30884
30885
13641
44317
13642
30886
30887
10503
41453
10504
29317
29318
11371
42249
11372
29734
29752
11437
42253
11438
29784
29785
11443
42455
42269
11444
29786
29787
29788
13659
50313
44315
13660
30896
13663
50335
44313
13664
30897
30898
13667
44331
13668
30899
30900
13671
44329
13672
30901
30902
13675
44351
13676
30903
30904
11471
42265
11472
29801
29802
12615
43313
12616
30356
30374
12681
43329
12682
30406
30407
12687
43523
43345
12688
30408
30409
30410
13697
44349
13698
30669
30915
13701
44347
13702
30687
30916
30917
13705
44345
13706
30705
30918
30919
13709
44343
13710
30723
30920
30921
13713
44341
13714
30741
30922
30923
12715
43343
12716
30423
30424
13579
44311
13580
30838
30856
13645
44339
13646
30888
30889
13651
44385
44337
13652
30890
30891
30892
13739
44367
13740
30936
13743
44365
13744
30937
30938
13679
44333
13680
30905
30906
9019
40471
9020
28574
28576
9061
40491
9062
28596
28597
9093
40489
9094
28612
28613
10571
41485
10572
29351
29352
11539
42297
11540
29835
29836
12783
43375
12784
30457
30458
13747
44363
13748
30939
30940
7511
38915
7512
27528
27820
27822
8249
39597
8250
28025
28190
28191
8981
40319
8982
28391
28556
28557
10541
41471
10542
29171
29336
29337
11509
42283
11510
29655
29820
29821
12753
43361
12754
30277
30442
30443
13717
44361
13718
30759
30924
30925
7363
38899
7364
27721
27748
7461
38903
7462
27795
27797
7469
39049
38921
7470
27798
27799
27801
8149
39567
8150
28123
28141
8215
39583
8216
28173
28174
8221
39649
39599
8222
28175
28176
28177
8881
40289
8882
28489
28507
8947
40317
8948
28539
28540
8953
41013
40315
8954
28541
28542
28543
10441
41441
10442
29269
29287
10507
41457
10508
29319
29320
10513
41555
41473
10514
29321
29322
29323
11409
42267
11410
29753
29771
11475
42271
11476
29803
29804
11481
42453
42287
11482
29805
29806
29807
12653
43331
12654
30375
30393
12719
43347
12720
30425
30426
12725
43501
43363
12726
30427
30428
30429
13617
44335
13618
30857
30875
13683
44359
13684
30907
30908
13689
44383
44729
13690
30909
30910
30911
15740
50365
50249
46063
15741
31919
31936
15778
46367
50333
46117
15779
31937
31938
31955
15782
46217
15783
31957
15806
50363
50331
46061
15807
31968
31969
15810
46115
15811
31970
31971
15816
46361
46113
15817
31972
31973
31974
15820
46165
15821
31958
31976
15840
50361
50329
46059
15841
31985
31986
15844
46111
15845
31987
31988
15848
46131
15849
31989
31990
15854
46357
46163
15855
31991
31992
31993
15858
46161
15859
31977
31995
15874
50359
50325
46109
15875
32002
32003
15878
46107
15879
32004
32005
15882
46129
15883
32006
32007
15886
46159
15887
32008
32009
15892
46353
46157
15893
32010
32011
32012
15896
46155
15897
31996
32014
15908
50353
50323
46153
15909
32019
32020
15912
46151
15913
32021
32022
15916
46215
15917
32023
32024
15920
46213
15921
32025
32026
15924
46211
15925
32027
32028
15930
46351
46209
15931
32029
32030
32031
15934
46207
15935
32015
32033
15942
50349
50321
46205
15943
32036
32037
15946
46203
15947
32038
32039
15950
46201
15951
32040
32041
15954
46269
15955
32042
32043
15958
46267
15959
32044
32045
15962
46265
15963
32046
32047
15968
46311
46263
15969
32048
32049
32050
9025
40487
9026
28577
28579
9065
40485
9066
28598
28599
9097
40483
9098
28614
28615
10575
41487
10576
29353
29354
11543
42299
11544
29837
29838
12787
43377
12788
30459
30460
13751
44357
13752
30941
30942
7517
38925
7518
27579
27823
27825
7525
39073
38931
7526
27631
27826
27827
27829
15976
50327
46257
15977
32054
15980
46259
15981
32055
32056
15984
46261
15985
32057
32058
15988
46329
15989
32059
32060
15992
46327
15993
32061
32062
15996
46325
15997
32063
32064
16000
46323
16001
32065
32066
16006
46349
46439
16007
32067
32068
32069
16014
46321
16015
31827
32073
16018
46319
16019
31845
32074
32075
16022
46317
16023
31863
32076
32077
16026
46315
16027
31881
32078
32079
16030
46313
16031
31899
32080
32081
16034
46479
16035
31917
32082
32083
8253
39601
8254
28043
28192
28193
8259
39647
39605
8260
28062
28194
28195
28196
16056
46477
16057
32094
16060
46475
16061
32095
32096
16064
46473
16065
32097
32098
8985
40343
8986
28409
28558
28559
8991
41011
40341
8992
28428
28560
28561
28562
10545
41475
10546
29189
29338
29339
10551
41553
41479
10552
29208
29340
29341
29342
11513
42289
11514
29673
29822
29823
11519
42451
42303
11520
29692
29824
29825
29826
12757
43365
12758
30295
30444
30445
12763
43499
43369
12764
30314
30446
30447
30448
13721
44727
13722
30777
30926
30927
13727
44381
44643
13728
30796
30928
30929
30930
7419
38919
7420
27749
27776
8187
39585
8188
28142
28160
8919
40299
8920
28508
28526
10479
41459
10480
29288
29306
11447
42285
11448
29772
29790
12691
43349
12692
30394
30412
13655
44355
13656
30876
30894
16068
46463
16069
32099
32100
16038
46461
16039
31935
32084
32085
16044
46623
46467
16045
31954
32086
32087
32088
15972
46437
15973
32034
32052
9031
40481
9032
28580
28582
9069
40479
9070
28600
28601
9101
40477
9102
28616
28617
10579
41489
10580
29355
29356
11547
42301
11548
29839
29840
12791
43379
12792
30461
30462
13755
44641
13756
30943
30944
7475
38929
7476
27777
27804
7531
38935
7532
27805
27832
16730
49839
16731
16849
50366
47427
49843
49749
49751
49477
16850
26338
32485
32490
16861
47443
49759
49761
49593
16862
26355
32491
32496
16865
47449
49775
49777
16866
26366
32498
16869
47447
49773
16870
32500
16873
48301
16874
32502
16877
48299
49771
16878
32504
16881
48297
16882
32503
32506
16885
48295
49769
16886
32508
16889
48293
16890
32507
32510
16893
47467
49767
16894
32512
16897
47465
16898
32511
32514
16901
47463
49783
16902
32516
16905
47461
16906
32515
32518
16909
47459
49781
16910
32520
16913
47457
16914
32519
32522
16917
47455
49789
16918
32524
16921
47453
16922
32523
32526
16925
47451
49787
16926
32499
32528
16929
47471
50173
16930
32527
32530
16933
47575
16934
32532
16937
47469
16938
32534
16941
47519
16942
32535
32536
16945
47517
16946
32537
32538
16949
47515
16950
32539
32540
16953
47513
16954
32541
32542
16957
47511
16958
32543
32544
16961
47509
16962
32545
32546
16965
47507
50179
16966
32547
32548
16969
47573
16970
32533
32550
16973
47505
16974
32552
16977
47475
16978
32553
32554
16981
47479
16982
32555
32556
16985
47483
16986
32557
32558
16989
47503
16990
32559
32560
16993
47533
16994
32561
32562
16997
47531
16998
32563
32564
17001
47571
50177
17002
32565
32566
17005
47639
17006
32551
32568
17009
47569
17010
32570
17013
47567
17014
32571
32572
17017
47565
17018
32573
32574
17021
47563
17022
32575
32576
17025
47561
17026
32577
32578
17029
47535
17030
32579
32580
17033
47539
17034
32581
32582
17037
47637
50201
17038
32583
32584
17041
47653
17042
32569
32586
17045
47559
17046
32588
17049
47591
17050
32589
32590
17053
47589
17054
32591
32592
17057
47635
17058
32593
32594
17061
47633
17062
32595
32596
17065
47631
17066
32597
32598
17069
47629
17070
32599
32600
17073
47651
50199
17074
32601
32602
17077
47703
17078
32587
32604
17081
47627
17082
32606
17085
47625
17086
32607
32608
17089
47599
17090
32609
32610
17093
47593
17094
32611
32612
17097
47595
17098
32613
32614
17101
47623
17102
32615
32616
17105
47701
17106
32617
32618
17109
47729
50245
17110
32619
32620
17113
47753
17114
32605
32622
17117
47699
17118
32624
17121
47697
17122
32625
32626
17125
47695
17126
32627
32628
17129
47693
17130
32629
32630
17133
47691
17134
32631
32632
17137
47689
17138
32633
32634
17141
47751
17142
32635
32636
17145
47749
50243
17146
32637
32638
17149
47747
17150
32623
32640
17155
47669
17156
32501
32643
17159
47671
17160
32505
32644
32645
17163
47673
17164
32509
32646
32647
17167
47687
17168
32513
32648
32649
17171
47727
17172
32517
32650
32651
17175
47745
17176
32521
32652
32653
17179
47743
17180
32525
32654
32655
17183
47821
50319
17184
32529
32656
32657
17187
47675
47819
17188
32641
32642
32659
17191
47867
17192
32661
17195
47741
17196
32663
17199
47739
17200
32664
32665
17203
47737
17204
32666
32667
17207
47733
17208
32668
32669
17211
47731
17212
32670
32671
17215
47735
17216
32672
32673
17219
47817
17220
32674
32675
17225
47755
47865
17226
32676
32677
32678
17229
47899
17230
32662
32680
17233
47797
17234
32682
17237
47795
17238
32683
32684
17241
47793
17242
32685
32686
17245
47791
17246
32687
32688
17249
47815
17250
32689
32690
17253
47813
17254
32691
32692
17257
47863
17258
32693
32694
17263
47799
47897
17264
32695
32696
32697
17267
47923
17268
32681
32699
17271
47843
17272
32701
17275
47841
17276
32702
32703
17279
47839
17280
32704
32705
17283
47837
17284
32706
32707
17287
47835
17288
32708
32709
17291
47861
17292
32710
32711
17295
47921
17296
32712
32713
17301
47845
47919
17302
32714
32715
32716
17305
47959
17306
32700
32718
17309
47859
17310
32720
17313
47885
17314
32721
32722
17317
47883
17318
32723
32724
17321
47881
17322
32725
32726
17325
47879
17326
32727
32728
17329
47917
17330
32729
32730
17333
47915
17334
32731
32732
17339
47941
47957
17340
32733
32734
32735
17343
47955
17344
32719
32737
17347
47913
17348
32739
17351
47911
17352
32740
32741
17355
47909
17356
32742
32743
17359
47903
17360
32744
32745
17363
47901
17364
32746
32747
17367
47953
17368
32748
32749
17371
47951
17372
32750
32751
17377
47939
47963
17378
32752
32753
32754
8225
39603
8226
28161
28179
8263
39607
8264
28180
28198
17385
47905
17386
32758
17389
47907
17390
32759
32760
17393
47927
17394
32761
32762
17397
47925
17398
32763
32764
17401
47949
17402
32765
32766
17405
47947
17406
32767
32768
17409
47961
17410
32769
32770
17415
47937
48011
17416
32771
32772
32773
17423
47945
17424
32531
32777
17427
47943
17428
32549
32778
32779
17431
47931
17432
32567
32780
32781
17435
47929
17436
32585
32782
32783
17439
47933
17440
32603
32784
32785
17443
48009
17444
32621
32786
32787
8957
40313
8958
28527
28545
8995
40339
8996
28546
28564
10517
41477
10518
29307
29325
10555
41493
10556
29326
29344
11485
42291
11486
29791
29809
11523
42307
11524
29810
29828
12729
43367
12730
30413
30431
12767
43383
12768
30432
30450
13693
44639
13694
30895
30913
13731
44637
13732
30914
30932
9125
40515
9126
28629
9171
40535
9172
28652
9203
40533
9204
28668
10599
41499
10600
29366
11567
42311
11568
29850
12811
43389
12812
30472
13775
44635
13776
30954
9131
40517
9132
28630
28632
9175
40531
9176
28653
28654
9207
40529
9208
28669
28670
10603
41501
10604
29367
29368
11571
42313
11572
29851
29852
12815
43391
12816
30473
30474
13779
44633
13780
30955
30956
9037
40475
9038
28583
28585
9073
40513
9074
28602
28603
9105
40511
9106
28618
28619
10583
41491
10584
29357
29358
11551
42305
11552
29841
29842
12795
43381
12796
30463
30464
13759
44369
13760
30945
30946
9137
40527
9138
28633
28635
9179
40523
9180
28655
28656
9211
40577
9212
28671
28672
10607
41503
10608
29369
29370
11575
42315
11576
29853
29854
12819
43393
12820
30475
30476
13783
44371
13784
30957
30958
9043
40509
9044
28586
28588
9049
40503
9050
28589
28591
9077
40501
9078
28604
28605
9081
40507
9082
28606
28607
9109
40499
9110
28620
28621
9113
40505
9114
28622
28623
10587
41495
10588
29359
29360
10591
41497
10592
29361
29362
11555
42309
11556
29843
29844
11559
42319
11560
29845
29846
12799
43385
12800
30465
30466
12803
43387
12804
30467
30468
13763
44373
13764
30947
30948
13767
44377
13768
30949
30950
9001
42601
9002
28567
10559
42623
10560
29346
11527
42625
11528
29830
12771
43497
12772
30452
13735
44743
13736
30934
14295
44979
14296
31214
9143
40525
9144
28636
28638
9183
40575
9184
28657
28658
9215
40573
9216
28673
28674
10611
41505
10612
29371
29372
11579
42317
11580
29855
29856
12823
43395
12824
30477
30478
13787
44375
13788
30959
30960
9149
40571
9150
28639
28641
9187
40567
9188
28659
28660
9219
40541
9220
28675
28676
10615
41507
10616
29373
29374
11583
42321
11584
29857
29858
12827
43397
12828
30479
30480
13791
44379
13792
30961
30962
9243
40539
9244
28688
9289
40717
9290
28711
9321
40715
9322
28727
10635
41515
10636
29384
11603
42327
11604
29868
12847
43405
12848
30490
13811
44631
13812
30972
9119
42645
9120
28568
28626
10595
42647
10596
29347
29364
11563
42649
11564
29831
29848
16010
46459
16011
32053
32071
16048
46499
16049
32072
32090
16052
46763
16053
32092
16072
46465
16073
32101
32102
16076
46497
16077
32103
32104
16080
46495
16081
32105
32106
16084
46493
16085
32107
32108
12807
43519
12808
30453
30470
16092
46469
16093
32112
16096
46471
16097
32113
32114
16100
46491
16101
32115
32116
16104
46489
16105
32117
32118
13771
44745
13772
30935
30952
14299
44983
14300
31215
31216
11791
42651
11792
29962
11837
42653
11838
29985
11869
42815
11870
30001
13031
43657
13032
30582
13995
44747
13996
31064
14331
45039
14332
31232
16108
46487
16109
32119
32120
9249
40569
9250
28689
28691
9293
40713
9294
28712
28713
9325
40675
9326
28728
28729
10639
41517
10640
29385
29386
11607
42329
11608
29869
29870
12851
43407
12852
30491
30492
13815
44725
13816
30973
30974
16128
46485
16129
32130
16088
46731
16089
32093
32110
9155
40657
9156
28642
28644
9191
40655
9192
28661
28662
9223
40653
9224
28677
28678
10619
41509
10620
29375
29376
11587
42323
11588
29859
29860
12831
43399
12832
30481
30482
13795
44723
13796
30963
30964
16132
46483
16133
32131
32132
16112
46547
16113
32121
32122
9255
40673
9256
28692
28694
9297
40671
9298
28714
28715
9329
40669
9330
28730
28731
10643
41519
10644
29387
29388
11611
42331
11612
29871
29872
12855
43409
12856
30493
30494
13819
44655
13820
30975
30976
9161
40667
9162
28645
28647
9167
40685
9168
28648
28650
9195
40665
9196
28663
28664
9199
40683
9200
28665
28666
9227
40663
9228
28679
28680
9231
40681
9232
28681
28682
10623
41511
10624
29377
29378
10627
41513
10628
29379
29380
11591
42325
11592
29861
29862
11595
42335
11596
29863
29864
12835
43401
12836
30483
30484
12839
43403
12840
30485
30486
13799
44653
13800
30965
30966
13803
44651
13804
30967
30968
11797
42817
11798
29963
29965
11841
42819
11842
29986
29987
11873
42821
11874
30002
30003
13035
43659
13036
30583
30584
13999
44749
14000
31065
31066
14335
45041
14336
31233
31234
16136
46545
16137
32133
32134
16116
46543
16117
32123
32124
16120
46541
16121
32125
32126
9261
40661
9262
28695
28697
9301
40679
9302
28716
28717
9333
40677
9334
28732
28733
10647
41521
10648
29389
29390
11615
42333
11616
29873
29874
12859
43411
12860
30495
30496
13823
44649
13824
30977
30978
16140
46539
16141
32135
32136
9267
40711
9268
28698
28700
9305
40709
9306
28718
28719
9337
40707
9338
28734
28735
10651
41523
10652
29391
29392
11619
42337
11620
29875
29876
12863
43413
12864
30497
30498
13827
44645
13828
30979
30980
9361
40705
9362
28747
9407
40703
9408
28770
9439
40973
9440
28786
10671
41601
10672
29402
11639
42345
11640
29886
12883
43457
12884
30508
13847
44647
13848
30990
9237
42823
9238
28627
28685
10631
42825
10632
29365
29382
16312
46757
16313
32222
16316
46761
16317
32223
32224
11599
42827
11600
29849
29866
12843
43521
12844
30471
30488
13807
44751
13808
30953
30970
17381
48007
17382
32738
32756
17419
48005
17420
32757
32775
17447
48003
17448
32639
32788
32789
17453
47935
48001
17454
32658
32790
32791
32792
17457
48065
17458
32776
32794
17461
48303
17462
32796
17465
47999
17466
32798
17469
47997
17470
32799
32800
17473
47969
17474
32801
32802
17477
47967
17478
32803
32804
17481
47965
17482
32805
32806
17485
48017
17486
32807
32808
17489
48063
17490
32809
32810
17493
48061
17494
32811
32812
17497
48305
17498
32797
32814
17501
47995
17502
32816
17505
48015
17506
32817
32818
17509
48059
17510
32819
32820
17513
48057
17514
32821
32822
17517
48055
17518
32823
32824
17521
48053
17522
32825
32826
17525
48051
17526
32827
32828
17529
48149
17530
32829
32830
14303
44991
14304
31217
31218
17537
48029
17538
32834
17541
48021
17542
32835
32836
17545
48025
17546
32837
32838
17549
48049
17550
32839
32840
11909
42833
11910
30021
11955
42839
11956
30044
11987
42845
11988
30060
13067
43695
13068
30600
50368
50370
50372
50374
50376
50378
50380
50382
50384
50386
50388
50390
50392
50394
50396
50398
50400
50402
50404
50406
50408
50410
50412
50414
50416
50418
50420
50422
50424
50426
50428
50430
50432
50434
50436
50438
50440
50442
50444
50446
50448
50450
50452
14031
44755
14032
31082
50454
50456
14367
45055
14368
31250
50458
50460
50462
50464
50466
16144
46537
16145
32137
32138
9367
40701
9368
28748
28750
9411
40699
9412
28771
28772
9443
40971
9444
28787
28788
10675
41599
10676
29403
29404
11643
42347
11644
29887
29888
12887
43455
12888
30509
30510
13851
44663
13852
30991
30992
16164
46535
16165
32148
50468
50470
50472
50474
50476
50478
50480
50482
50484
16124
46821
16125
32111
32128
16348
46809
16349
32240
50486
50488
50490
50492
9273
40969
9274
28701
28703
9309
40967
9310
28720
28721
9341
40905
9342
28736
28737
10655
41525
10656
29393
29394
11623
42339
11624
29877
29878
12867
43415
12868
30499
30500
13831
44661
13832
30981
30982
17553
48147
17554
32841
32842
16168
46533
16169
32149
32150
17573
48145
17574
32852
50494
50496
50498
50500
50502
50504
17533
48319
17534
32815
32832
16148
46531
16149
32139
32140
9373
40903
9374
28751
28753
9415
40901
9416
28773
28774
9447
40899
9448
28789
28790
10679
41587
10680
29405
29406
11647
42349
11648
29889
29890
12891
43443
12892
30511
30512
13855
44659
13856
30993
30994
17577
48143
17578
32853
32854
9279
40897
9280
28704
28706
9285
40895
9286
28707
28709
9313
40779
9314
28722
28723
9317
40893
9318
28724
28725
9345
40777
9346
28738
28739
9349
40891
9350
28740
28741
10659
41527
10660
29395
29396
10663
41529
10664
29397
29398
11627
42341
11628
29879
29880
11631
42343
11632
29881
29882
12871
43417
12872
30501
30502
12875
43419
12876
30503
30504
13835
44657
13836
30983
30984
13839
44681
13840
30985
30986
17557
48153
17558
32843
32844
11803
42829
11804
29966
29968
11845
42831
11846
29988
29989
11877
42835
11878
30004
30005
11915
42841
11916
30022
30024
11959
42843
11960
30045
30046
11991
42847
11992
30061
30062
13039
43661
13040
30585
30586
13071
43697
13072
30601
30602
14003
44753
14004
31067
31068
14035
44757
14036
31083
31084
14339
45043
14340
31235
31236
14371
45057
14372
31251
31252
16172
46529
16173
32151
32152
16152
46527
16153
32141
32142
16156
46525
16157
32143
32144
9379
40775
9380
28754
28756
9419
40773
9420
28775
28776
9451
40889
9452
28791
28792
10683
41589
10684
29407
29408
11651
42351
11652
29891
29892
12895
43445
12896
30513
30514
13859
44679
13860
30995
30996
16320
46769
16321
32225
32226
16352
46815
50465
16353
32241
32242
17581
50463
48151
17582
32855
32856
17561
50457
48177
17562
32845
32846
17565
50453
48175
17566
32847
32848
16176
50451
46523
16177
32153
32154
9385
50449
40781
9386
28757
28759
9423
50447
40783
9424
28777
28778
9455
50445
40785
9456
28793
28794
10687
50443
41591
10688
29409
29410
11655
50441
42353
11656
29893
29894
12899
50439
43447
12900
30515
30516
13863
50437
44677
13864
30997
30998
9479
50435
40787
9480
28806
9525
50433
40789
9526
28829
9557
50431
40791
9558
28845
10707
50429
41721
10708
29420
11675
50427
42361
11676
29904
12919
50425
43495
12920
30526
13883
50423
44675
13884
31008
17585
50421
48173
17586
32857
32858
9355
42837
9356
28686
28744
10667
42849
10668
29383
29400
17721
48311
50489
50491
50419
17722
32926
17725
48313
50417
17726
32927
32928
17729
48321
17730
32929
32930
11635
42851
11636
29867
29884
17757
48327
17758
32944
17761
48329
17762
32945
32946
12879
43655
12880
30489
30506
13843
44759
13844
30971
30988
18079
49837
18080
50506
18099
50508
50510
50512
50514
50516
50518
50520
50522
50524
50526
50528
50530
49835
18100
50532
18115
50534
50536
50538
50540
50542
50544
50546
50548
50550
50552
50554
47383
18116
50556
18119
50558
50560
50562
50564
50566
50568
50570
50572
50574
50576
50578
50580
50582
50584
50586
50588
50590
50592
50594
50596
50598
50600
50602
49833
18120
50604
18131
50606
50608
50610
50612
50614
47351
18132
50616
18135
50618
50620
50622
50624
50626
50628
50630
47417
18136
50632
18139
18140
18238
50634
48649
50636
50638
50640
50642
50644
49841
50413
50415
49475
18239
31785
33179
33184
18250
50409
50411
49591
18251
31791
33185
33190
18254
50405
50407
18255
31793
33192
18258
49489
50399
18259
33194
18262
49487
18263
33196
18266
49485
50397
18267
33198
18270
49483
18271
33197
33200
18274
49481
50395
18275
33202
18278
48673
18279
33201
33204
18282
48697
50393
18283
33206
18286
48695
18287
33205
33208
18290
48693
50391
18291
33210
18294
48691
18295
33209
33212
18298
48689
50389
18299
33214
18302
48687
18303
33213
33216
18306
48685
50387
18307
33218
18310
48683
18311
33217
33220
18314
48675
50385
18315
33193
33222
18318
48677
50383
18319
33221
33224
18322
48715
18323
33226
18326
48679
18327
33228
50646
50648
50650
50652
50654
50656
50658
50660
50662
50664
50666
50668
50670
50672
50674
50676
50678
50680
50682
50684
50686
50688
50690
18330
48681
18331
33229
33230
18334
48713
18335
33231
33232
18338
48711
18339
33233
33234
18342
48709
18343
33235
33236
18346
48707
18347
33237
33238
18350
48705
18351
33239
33240
18354
48703
50381
18355
33241
33242
18358
48737
18359
33227
33244
18362
48701
18363
33246
18366
48699
18367
33247
33248
18370
48735
18371
33249
33250
18374
48733
18375
33251
33252
18378
48731
18379
33253
33254
18382
48729
18383
33255
33256
18386
48727
18387
33257
33258
18390
48725
50379
18391
33259
33260
18394
48773
18395
33245
33262
18398
48723
18399
33264
18402
48721
18403
33265
33266
18406
48771
18407
33267
33268
18410
48769
18411
33269
33270
18414
48767
18415
33271
33272
18418
48765
18419
33273
33274
18422
48763
18423
33275
33276
18426
48761
50377
18427
33277
33278
18430
48809
18431
33263
33280
18434
48759
18435
33282
18438
48757
18439
33283
33284
18442
48807
18443
33285
33286
18446
48805
18447
33287
33288
18450
48803
18451
33289
33290
18454
48801
18455
33291
33292
18458
48799
18459
33293
33294
18462
48797
50375
18463
33295
33296
18466
48829
18467
33281
33298
18470
48795
18471
33300
18474
48793
18475
33301
33302
18478
48827
18479
33303
33304
18482
48825
18483
33305
33306
18486
48823
18487
33307
33308
18490
48821
18491
33309
33310
18494
48819
18495
33311
33312
18498
48817
50373
18499
33313
33314
18502
48943
18503
33299
33316
18506
48815
18507
33318
18510
48813
18511
33319
33320
18514
48941
18515
33321
33322
18518
48939
18519
33323
33324
18522
48937
18523
33325
33326
18526
48935
18527
33327
33328
18530
48933
18531
33329
33330
18534
48931
50371
18535
33331
33332
18538
48961
18539
33317
33334
18544
48929
18545
33195
33337
18548
48927
18549
33199
33338
33339
18552
48959
18553
33203
33340
33341
18556
48957
18557
33207
33342
33343
18560
48955
18561
33211
33344
33345
18564
48953
18565
33215
33346
33347
18568
48951
18569
33219
33348
33349
18572
48949
50369
18573
33223
33350
33351
18576
48925
48947
18577
33335
33336
33353
18580
48993
18581
33355
18584
48945
18585
33357
18588
48965
18589
33358
33359
18592
48963
18593
33360
33361
18596
48989
18597
33362
33363
18600
48987
18601
33364
33365
18604
48985
18605
33366
33367
18608
48983
18609
33368
33369
18614
49473
48981
18615
33370
33371
33372
18618
48991
18619
33356
33374
18622
48979
18623
33376
18626
48977
18627
33377
33378
18630
48975
18631
33379
33380
18634
48967
18635
33381
33382
18638
48969
18639
33383
33384
18642
48971
18643
33385
33386
18646
48973
18647
33387
33388
18652
49471
49089
18653
33389
33390
33391
18656
49149
18657
33375
33393
18660
49087
18661
33395
18664
49085
18665
33396
33397
18668
49083
18669
33398
33399
18672
49081
18673
33400
33401
18676
49079
18677
33402
33403
18680
49077
18681
33404
33405
18684
49075
18685
33406
33407
18690
49071
49147
18691
33408
33409
33410
18694
49145
18695
33394
33412
18698
49003
18699
33414
18702
49007
18703
33415
33416
18706
49073
18707
33417
33418
18710
49093
18711
33419
33420
18714
49091
18715
33421
33422
18718
49143
18719
33423
33424
18722
49141
18723
33425
33426
18728
49131
49139
18729
33427
33428
33429
18732
49207
18733
33413
33431
18736
49137
18737
33433
18740
49135
18741
33434
33435
18744
49133
18745
33436
33437
18748
49099
18749
33438
33439
18752
49095
18753
33440
33441
18756
49097
18757
33442
33443
18760
49205
18761
33444
33445
18766
49129
49203
18767
33446
33447
33448
18770
49249
18771
33432
33450
18774
49153
18775
33452
18778
49151
18779
33453
33454
18782
49201
18783
33455
33456
18786
49199
18787
33457
33458
18790
49197
18791
33459
33460
18794
49195
18795
33461
33462
18798
49247
18799
33463
33464
18804
49189
49245
18805
33465
33466
33467
18808
49253
18809
33451
33469
18812
49193
18813
33225
33471
18816
49191
18817
33243
33472
33473
18820
49155
18821
33261
33474
33475
18824
49157
18825
33279
33476
33477
18828
49159
18829
33297
33478
33479
18832
49243
18833
33315
33480
33481
18836
49241
18837
33333
33482
33483
18842
49231
49277
18843
33352
33484
33485
33486
18846
49275
18847
33470
33488
18850
49491
18851
33490
18854
49239
18855
33492
18858
49237
18859
33493
33494
18862
49235
18863
33495
33496
18866
49233
18867
33497
33498
18870
49251
18871
33499
33500
18874
49273
18875
33501
33502
18878
49271
18879
33503
33504
18882
49269
18883
33505
33506
18886
49493
18887
33491
33508
18890
49267
18891
33510
18894
49265
18895
33511
33512
18898
49263
18899
33513
33514
18902
49255
18903
33515
33516
18906
49257
18907
33517
33518
18910
49281
18911
33519
33520
18914
49441
18915
33521
33522
18918
49439
18919
33523
33524
18922
49507
18923
33509
33526
18926
49259
18927
33528
18930
49261
18931
33529
33530
18934
49279
18935
33531
33532
18938
49437
18939
33533
33534
18942
49435
18943
33535
33536
18946
49433
18947
33537
33538
18950
49431
18951
33539
33540
18954
49429
18955
33541
33542
14307
44993
50467
14308
31219
31220
18962
49427
18963
33546
18966
49425
18967
33547
33548
18970
49283
18971
33549
33550
12027
42875
50487
50403
12028
30080
12073
42883
50401
12074
30103
12105
42893
50455
12106
28565
30119
50692
50694
50696
50698
50700
50702
50704
50706
13103
43711
50461
13104
29345
30618
50708
14067
44769
50459
14068
29829
31100
50710
14403
45071
14404
30451
30933
31268
50712
50714
50716
50718
50720
50722
16180
50485
46503
16181
32155
32156
9485
50483
40793
9486
28807
28809
9529
50481
40795
9530
28830
28831
9561
50479
40797
9562
28846
28847
10711
50477
41719
10712
29421
29422
11679
50475
42363
11680
29905
29906
12923
50473
43493
12924
30527
30528
13887
50471
44665
13888
31009
31010
16200
50469
46509
16201
32166
50724
50726
50728
50730
50732
50734
50736
50738
50740
50742
18974
49285
18975
33551
33552
16160
46777
50744
50746
50493
16161
32129
32146
16384
46875
16385
28199
32258
50748
9391
40799
9392
28760
28762
9427
40801
9428
28779
28780
9459
40803
9460
28795
28796
10691
41593
10692
29411
29412
11659
50505
42355
11660
29895
29896
12903
50503
43449
12904
30517
30518
13867
50501
44667
13868
30999
31000
17589
50499
48171
17590
32859
32860
16204
50497
46511
16205
32167
32168
17609
50495
48169
17610
32870
50750
50752
50754
50756
50758
50760
50762
50764
50766
17569
48335
50691
17570
32833
32850
17793
48357
17794
27833
32962
50768
50770
16184
50689
46505
16185
32157
32158
9491
50687
40805
9492
28810
28812
9533
50685
40807
9534
28832
28833
9565
50683
40809
9566
28848
28849
10715
50681
41717
10716
29423
29424
11683
50679
42365
11684
29907
29908
12927
50677
43491
12928
30529
30530
13891
50645
44669
13892
31011
31012
18978
49303
18979
33553
33554
17613
50643
48167
17614
32871
32872
18998
49351
18999
33564
50772
50774
50776
50778
50780
50782
50784
50786
50788
50790
50792
50794
9397
50641
40811
9398
28763
28765
9403
50639
40823
9404
28766
28768
9431
50637
40813
9432
28781
28782
9435
50631
40825
9436
28783
28784
19110
49499
19111
33620
19114
49503
19115
33621
33622
19118
49509
19119
33623
33624
9463
50629
40815
9464
28797
28798
9467
50627
40827
9468
28799
28800
10695
50625
41595
10696
29413
29414
10699
50623
41597
10700
29415
29416
11663
50621
42357
11664
29897
29898
11667
50619
42359
11668
29899
29900
12907
50615
43451
12908
30519
30520
12911
50613
43453
12912
30521
30522
13871
50611
44671
13872
31001
31002
13875
50609
44705
13876
31003
31004
18958
49515
18959
33527
33544
17593
50607
48165
17594
32861
32862
11809
42853
50603
11810
29969
29971
11849
42855
50601
11850
29990
29991
11881
42857
50599
11882
30006
30007
11921
42859
50593
50595
50597
11922
30025
30027
11963
42861
50591
11964
30047
30048
11995
42863
50589
11996
30063
30064
12033
42881
50583
50585
50587
12034
30081
30083
12077
42885
50581
12078
30104
30105
12109
42895
50579
12110
28624
30120
30121
13107
43715
50577
13108
29363
30619
30620
14071
44771
50575
14072
29847
31101
31102
14407
45073
14408
30469
30951
31269
31270
13043
43663
13044
30587
30588
13075
43699
50573
13076
30603
30604
14007
44761
50723
14008
31069
31070
14039
44763
50571
14040
31085
31086
14343
45045
14344
31237
31238
14375
45059
14376
31253
31254
16208
50569
46513
16209
32169
32170
19002
50721
49349
19003
33565
33566
16188
50567
46507
16189
32159
32160
16192
50565
46517
16193
32161
32162
9497
50563
40817
9498
28813
28815
9537
50561
40819
9538
28834
28835
9569
50559
40821
9570
28850
28851
10719
50555
41715
10720
29425
29426
11687
50553
42367
11688
29909
29910
12931
50551
43489
12932
30531
30532
13895
50549
44673
13896
31013
31014
18982
50719
49301
18983
33555
33556
16388
46869
16389
28608
32259
32260
16324
46787
16325
32227
32228
16356
46819
16357
32243
32244
17617
50547
48163
17618
32873
32874
17597
50545
48155
17598
32863
32864
17601
50543
48159
17602
32865
32866
16212
50541
46515
16213
32171
32172
17797
48363
17798
28592
32963
32964
17733
48337
17734
32931
32932
17765
48343
17766
32947
32948
19006
50717
49347
19007
33567
33568
9503
50539
40829
9504
28816
28818
9541
50537
40831
9542
28836
28837
9573
50535
40833
9574
28852
28853
10723
50531
41707
10724
29427
29428
11691
50796
50529
42369
11692
29911
29912
12935
50798
50527
43465
12936
30533
30534
13899
50800
50525
44703
13900
31015
31016
18986
50802
50715
49345
18987
33557
33558
18990
50713
49343
18991
33559
33560
9597
50523
40835
9598
28865
50804
50806
50808
50810
50812
50814
9643
50521
40837
9644
28888
50816
50818
50820
50822
50824
9675
50519
40839
9676
28904
50826
50828
50830
50832
50834
50836
10743
50517
41739
10744
29438
50838
50840
50842
50844
50846
50848
50850
50852
11711
50515
42395
11712
29922
50854
50856
50858
50860
50862
50864
12955
50513
43473
12956
30544
50866
50868
50870
50872
50874
50876
50878
50880
13919
50511
44701
13920
31026
50882
50884
50886
50888
50890
50892
50894
50896
50898
50900
50902
50904
50906
50908
50910
50912
50914
50916
50918
50920
50922
50924
17621
50509
48157
17622
32875
32876
9473
42865
9474
28745
28803
19146
49525
19147
33638
50926
50928
50930
19150
49527
19151
33639
33640
10703
42867
10704
29401
29418
19182
49547
19183
32091
33656
50932
50934
50936
11671
42869
11672
29885
29902
19276
50938
50940
49831
19277
19280
50942
50944
50946
50948
50950
50952
50954
50956
50958
50960
50962
50964
49829
19281
19284
49827
19285
50966
19288
50968
50970
50972
49825
19289
50974
19292
50976
50978
49823
19293
50980
19296
50982
49821
19297
50984
19300
50986
49819
19301
50988
19304
50990
50992
48497
19305
50994
19308
50996
48493
19309
50998
19312
51000
48491
19313
51002
19316
51004
51006
51008
48503
19317
51010
19320
51012
51014
49817
19321
51016
19324
51018
48485
19325
51020
19328
51022
51024
48487
19329
51026
19332
51028
48507
19333
51030
19336
49815
19337
51032
19340
51034
48615
19341
51036
19344
51038
48599
19345
51040
19348
51042
48519
19349
51044
19352
51046
48515
19353
51048
19356
51050
51052
48595
19357
51054
19360
48561
19361
51056
19364
51058
48557
19365
51060
19368
51062
48525
19369
51064
19372
51066
48555
19373
51068
19376
51070
48543
19377
51072
19380
51074
48591
19381
51076
19384
51078
48587
19385
51080
19388
51082
48539
19389
51084
19392
51086
48545
19393
51088
19396
51090
48571
19397
51092
19400
51094
48597
19401
51096
19404
51098
49813
19405
51100
19408
51102
49811
19409
51104
19412
51106
48573
19413
51108
19416
51110
48579
19417
51112
19420
51114
49809
19421
51116
19424
51118
49807
19425
51120
19428
51122
49805
19429
51124
19432
51126
48657
19433
51128
19436
51130
49803
19437
51132
19440
51134
49801
19441
51136
19444
51138
49799
19445
51140
19448
51142
49797
19449
51144
19452
51146
49795
19453
51148
19456
51150
49793
19457
51152
19460
51154
49791
19461
51156
19464
51158
49785
19465
51160
19468
19469
19472
48537
19473
51162
51164
19476
51166
51168
49753
19477
51170
19480
51172
49743
19481
51174
19484
51176
49763
19485
51178
19488
19489
19492
48553
19493
51180
51182
19496
51184
51186
49739
19497
51188
19500
51190
49745
19501
51192
19504
19505
51194
19508
19509
19512
48569
19513
51196
51198
19516
51200
51202
49779
19517
51204
19520
51206
50795
19521
51208
19524
51210
50747
19525
51212
19528
51214
50743
19529
19532
48585
19533
51216
51218
19537
51220
51222
48603
19538
26245
19539
48609
48611
19540
32453
33147
33834
19541
48607
19542
26262
19543
48623
48625
19544
32459
33153
33835
33836
19545
48613
19546
26279
19547
48637
48639
19548
32465
33159
33837
33838
19549
48627
19550
26296
19551
48653
48655
19552
32471
33165
33839
33840
19553
48631
19554
26313
19555
49227
49229
19556
32477
33171
33841
33842
19557
48641
19558
26330
19559
49563
49565
19560
32483
33177
33843
33844
19561
48647
19562
26347
19563
50673
50675
19564
32489
33183
33845
33846
19565
48671
19566
26364
19567
50669
50671
19568
32495
33189
33847
33848
19569
49501
19570
19571
50665
50667
19572
32497
33850
19573
48669
19574
19575
50663
19576
33852
19577
48667
19578
19579
19580
33854
19581
48665
19582
19583
50661
19584
33856
19585
48663
19586
19587
19588
33855
33858
19589
48923
19590
19591
50659
19592
33860
19593
48921
19594
19595
19596
33859
33862
19597
48919
19598
19599
50657
19600
33864
19601
48917
19602
19603
19604
33863
33866
19605
48915
19606
19607
50655
19608
33868
19609
48913
19610
19611
19612
33867
33870
19613
48911
19614
19615
50653
19616
33872
19617
48909
19618
19619
19620
33871
33874
19621
48907
19622
19623
50651
19624
33876
19625
48905
19626
19627
19628
33875
33878
19629
48903
19630
19631
50649
19632
33851
33880
19633
48901
19634
19635
50647
19636
33879
33882
19637
48899
19638
19639
19640
33884
19641
48897
19642
19643
19644
33886
19645
48895
19646
19647
19648
33887
33888
19649
48893
19650
19651
19652
33889
33890
19653
48891
19654
19655
19656
33891
33892
19657
48889
19658
19659
19660
33893
33894
19661
48887
19662
19663
19664
33895
33896
19665
48885
19666
19667
19668
33897
33898
19669
48883
19670
19671
50705
19672
33899
33900
19673
48881
19674
19675
19676
33885
33902
19677
48879
19678
19679
19680
33904
19681
48877
19682
19683
19684
33905
33906
19685
48875
19686
19687
19688
33907
33908
19689
48873
19690
19691
19692
33909
33910
19693
48871
19694
19695
19696
33911
33912
19697
48869
19698
19699
19700
33913
33914
19701
48867
19702
19703
19704
33915
33916
19705
48865
19706
19707
50703
19708
33917
33918
19709
48755
19710
19711
19712
33903
33920
19713
48719
19714
19715
19716
33922
19717
48717
19718
51224
51226
51228
51230
51232
51234
51236
51238
51240
51242
51244
51246
51248
51250
19719
19720
33923
33924
19721
48753
19722
19723
19724
33925
33926
19725
48751
19726
19727
19728
33927
33928
19729
48749
19730
51252
19731
19732
33929
33930
19733
48747
19734
51254
19735
19736
33931
33932
19737
48745
19738
51256
19739
19740
33933
33934
19741
48743
19742
19743
50701
19744
33935
33936
19745
48791
19746
19747
19748
33921
33938
19749
48741
19750
19751
19752
33940
19753
48739
19754
51258
51260
51262
51264
51266
51268
51270
51272
51274
51276
51278
51280
51282
51284
51286
51288
51290
51292
51294
51296
51298
51300
51302
51304
51306
51308
51310
51312
51314
51316
51318
51320
51322
51324
51326
51328
51330
51332
51334
51336
51338
51340
51342
51344
19755
19756
33941
33942
19757
48789
19758
19759
19760
33943
33944
19761
48787
19762
19763
19764
33945
33946
19765
48785
19766
19767
19768
33947
33948
19769
48783
19770
19771
19772
33949
33950
19773
48781
19774
19775
19776
33951
33952
19777
48779
19778
19779
50699
19780
33953
33954
19781
48863
19782
19783
19784
33939
33956
19785
48777
19786
19787
19788
33958
19789
48775
19790
19791
19792
33959
33960
19793
48861
19794
19795
19796
33961
33962
19797
48859
19798
19799
19800
33963
33964
19801
48839
19802
19803
19804
33965
33966
19805
48837
19806
19807
19808
33967
33968
19809
48835
19810
19811
19812
33969
33970
19813
48833
19814
19815
50697
19816
33971
33972
19817
48857
19818
19819
19820
33957
33974
19821
48831
19822
19823
19824
33976
19825
48811
19826
51346
51348
51350
51352
51354
51356
51358
51360
51362
51364
51366
51368
51370
51372
51374
51376
51378
51380
51382
51384
51386
19827
19828
33977
33978
19829
48855
19830
19831
19832
33979
33980
19833
48853
19834
19835
19836
33981
33982
19837
48851
19838
19839
19840
33983
33984
19841
48849
19842
19843
19844
33985
33986
19845
48847
19846
19847
19848
33987
33988
19849
48841
19850
19851
50695
19852
33989
33990
19853
49069
19854
19855
19856
33975
33992
19857
19858
19859
48843
19860
19861
19862
33853
33995
19863
48845
19864
51388
51390
51392
51394
51396
51398
51400
51402
51404
51406
51408
19865
19866
33857
33996
33997
19867
49067
19868
19869
19870
33861
33998
33999
19871
49065
19872
19873
19874
33865
34000
34001
19875
49063
19876
19877
19878
33869
34002
34003
19879
49061
19880
19881
19882
33873
34004
34005
19883
49059
19884
19885
19886
33877
34006
34007
19887
49057
19888
19889
50693
19890
33881
34008
34009
19891
49055
19892
19893
19894
33993
33994
34011
19895
49053
19896
19897
19898
34013
19899
49051
19900
19901
19902
34015
19903
49049
19904
19905
19906
34016
34017
19907
49047
19908
19909
19910
34018
34019
19911
49045
19912
19913
19914
34020
34021
19915
49043
19916
19917
19918
34022
34023
19919
49041
19920
19921
19922
34024
34025
19923
49039
19924
19925
19926
34026
34027
19927
19928
19929
49037
19930
19931
19932
34028
34029
34030
19933
49035
19934
19935
19936
34014
34032
19937
49033
19938
19939
19940
34034
19941
49031
19942
19943
19944
34035
34036
19945
49029
19946
19947
19948
34037
34038
19949
49027
19950
19951
19952
34039
34040
19953
49025
19954
19955
19956
34041
34042
19957
49023
19958
19959
19960
34043
34044
19961
49021
19962
19963
19964
34045
34046
19965
19966
19967
49019
19968
19969
19970
34047
34048
34049
19971
49127
19972
19973
19974
34033
34051
19975
49017
19976
19977
19978
34053
19979
49015
19980
19981
19982
34054
34055
19983
49013
19984
19985
19986
34056
34057
19987
48999
19988
19989
19990
34058
34059
19991
48997
19992
19993
19994
34060
34061
19995
48995
19996
19997
19998
34062
34063
19999
49001
20000
20001
20002
34064
34065
20003
20004
20005
49125
20006
20007
20008
34066
34067
34068
20009
49123
20010
20011
20012
34052
34070
20013
49005
20014
20015
20016
34072
20017
49009
20018
20019
20020
34073
34074
20021
49011
20022
20023
20024
34075
34076
20025
49121
20026
20027
20028
34077
34078
20029
49119
20030
20031
20032
34079
34080
20033
49117
20034
20035
20036
34081
34082
20037
49115
20038
20039
20040
34083
34084
20041
20042
20043
49113
20044
20045
20046
34085
34086
34087
20047
49187
20048
20049
20050
34071
34089
20051
49111
20052
20053
20054
34091
20055
49109
20056
20057
20058
34092
34093
20059
49107
20060
20061
20062
34094
34095
20063
49105
20064
20065
20066
34096
34097
20067
49103
20068
20069
20070
34098
34099
20071
49101
20072
20073
20074
34100
34101
20075
49185
20076
20077
20078
34102
34103
20079
20080
20081
49183
20082
20083
20084
34104
34105
34106
20085
49225
20086
20087
20088
34090
34108
20089
49181
20090
20091
20092
34110
20093
49179
20094
20095
20096
34111
34112
20097
49177
20098
20099
20100
34113
34114
20101
49175
20102
20103
20104
34115
34116
20105
49173
20106
20107
20108
34117
34118
20109
49171
20110
20111
20112
34119
34120
20113
49223
20114
20115
20116
34121
34122
20117
20118
20119
49221
20120
20121
20122
34123
34124
34125
20123
49469
20124
20125
20126
34109
34127
20127
49169
20128
20129
20130
33883
34129
20131
49167
20132
51410
51412
51414
51416
51418
51420
51422
51424
51426
51428
51430
51432
51434
20133
20134
33901
34130
34131
20135
49165
20136
20137
20138
33919
34132
34133
20139
49163
20140
20141
20142
33937
34134
34135
20143
49161
20144
20145
20146
33955
34136
34137
20147
49219
20148
20149
20150
33973
34138
34139
20151
49217
20152
20153
20154
33991
34140
34141
20155
20156
20157
49467
20158
20159
20160
34010
34142
34143
34144
20161
49465
20162
20163
20164
34128
34146
20165
49479
20166
20167
50961
50963
20168
34148
20169
49215
20170
20171
20172
34150
20173
49213
20174
20175
20176
34151
34152
20177
49211
20178
20179
20180
34153
34154
20181
49209
20182
20183
20184
34155
34156
20185
49463
20186
20187
20188
34157
34158
20189
49461
20190
20191
20192
34159
34160
20193
49459
20194
20195
20196
34161
34162
20197
49457
20198
20199
20200
34163
34164
20201
51436
51438
51440
51442
51444
51446
51448
51450
51452
51454
51456
51458
51460
51462
51464
51466
51468
51470
51472
51474
51476
51478
51480
51482
51484
51486
51488
51490
51492
51494
51496
51498
51500
51502
51504
51506
51508
51510
51512
51514
51516
51518
51520
51522
51524
51526
51528
51530
51532
51534
51536
51538
51540
51542
51544
51546
51548
51550
51552
51554
51556
51558
51560
51562
51564
49495
20202
20203
50957
50959
20204
34149
34166
20205
49455
20206
20207
20208
34168
20209
49453
20210
20211
20212
34169
34170
20213
49451
20214
20215
20216
34171
34172
20217
49449
20218
20219
20220
34173
34174
20221
49447
20222
20223
20224
34175
34176
20225
49445
20226
20227
20228
34177
34178
20229
49443
20230
20231
20232
34179
34180
20233
49367
20234
20235
20236
34181
34182
20237
51566
51568
51570
51572
51574
51576
51578
51580
51582
51584
51586
49737
20238
20239
50953
50955
20240
34167
34184
20241
49365
20242
20243
20244
34186
20245
49363
20246
20247
20248
34187
34188
20249
49361
20250
20251
20252
34189
34190
20253
49359
20254
20255
20256
34191
34192
20257
49357
20258
20259
20260
34193
34194
20261
49355
20262
20263
20264
34195
34196
20265
49297
20266
20267
20268
34197
34198
20269
49295
20270
20271
20272
34199
34200
20273
51588
51590
51592
51594
51596
51598
51600
51602
51604
49513
20274
20275
50949
50951
20276
34185
34202
20277
49293
20278
20279
20280
34204
20281
49291
20282
20283
20284
34205
34206
20285
49289
20286
20287
20288
34207
34208
20289
49287
20290
20291
20292
34209
34210
20293
49353
20294
20295
20296
34211
34212
20297
49299
20298
20299
20300
34213
34214
20301
49333
20302
12915
43665
51606
51608
51610
51612
51614
51616
51618
51620
51622
51624
50711
50943
50945
50947
12916
30507
30524
20305
49331
20306
20309
49521
20310
20313
49329
20314
51626
51628
51630
51632
20315
20316
34222
20317
49327
20318
51634
51636
51638
20319
20320
34223
34224
20321
49325
20322
13879
51640
44765
51642
51644
51646
50709
50941
13880
30989
31006
20325
49323
20326
20329
49321
20330
20333
49305
20334
20337
49319
20338
20341
49423
20342
51648
51650
51652
20345
51654
51656
51658
51660
51662
51664
51666
49733
20346
51668
20349
49309
20350
14311
51670
51672
44995
51674
51676
50707
14312
31221
31222
20353
49313
20354
20357
49317
20358
20361
49421
20362
20365
49419
20366
20369
49417
20370
20373
49415
20374
20377
49413
20378
51678
51680
51682
51684
51686
51688
20381
49731
20382
51690
20385
49411
20386
51692
51694
51696
51698
51700
51702
51704
51706
51708
51710
51712
19186
51714
51716
49549
50937
19187
32109
33657
33658
19122
49517
50935
19123
33625
33626
19154
49533
50931
19155
33641
33642
20323
20324
34225
34226
16216
50741
46519
16217
32173
32174
20303
20304
34215
34216
20307
20308
34217
34218
9603
50739
40841
9604
28866
28868
9647
50737
40843
9648
28889
28890
9679
50735
40845
9680
28905
28906
10747
50733
41737
10748
29439
29440
11715
50731
42397
11716
29923
29924
12959
50729
43475
12960
30545
30546
13923
50727
44699
13924
31027
31028
16236
50725
46521
16237
32184
19010
50745
49341
19011
33569
33570
16196
46797
51718
51720
51722
51724
51726
51728
51730
51732
51734
51736
51738
50749
50929
50933
50925
16197
32147
32164
20389
49373
20390
20393
49371
20394
20397
49369
20398
20401
49409
20402
20405
49397
20406
20409
49395
20410
20413
49393
20414
51740
51742
51744
20417
51746
51748
51750
51752
51754
51756
51758
51760
51762
51764
51766
51768
51770
51772
51774
49727
20418
51776
51778
51780
51782
51784
20421
51786
49723
20422
51788
20425
51790
49497
20426
20427
20428
34278
20429
51792
49505
20430
20431
20432
34279
34280
20433
51794
49511
20434
20435
20436
34281
34282
20437
51796
49519
20438
20439
20440
34283
34284
20441
51798
51800
51802
51804
49543
20442
9509
50769
40847
9510
28819
28821
9545
50767
40849
9546
28838
28839
9577
50765
40851
9578
28854
28855
10727
50763
41709
10728
29429
29430
11695
50761
42371
11696
29913
29914
12939
50759
43467
12940
30535
30536
13903
50757
44683
13904
31017
31018
17625
50755
48161
17626
32877
32878
16240
50753
46691
16241
32185
32186
17645
50751
48187
17646
32888
51806
51808
51810
51812
51814
51816
51818
51820
51822
51824
51826
20327
20328
34227
34228
17605
51828
48345
51830
50771
50923
17606
32851
32868
20445
51832
51834
51836
51838
49721
20446
51840
20449
51842
49717
20450
51844
20453
51846
49715
20454
51848
20457
51850
49713
20458
51852
20461
51854
49537
20462
20463
20464
34296
20465
51856
49529
20466
51858
20467
20468
34297
34298
20469
51860
51862
51864
51866
49531
20470
20471
20472
34299
34300
20473
49541
20474
16220
50793
46689
16221
32175
32176
9609
50791
40853
9610
28869
28871
9651
50789
40855
9652
28891
28892
9683
50787
40857
9684
28907
28908
10751
50785
41735
10752
29441
29442
11719
50783
42399
11720
29925
29926
12963
50781
43477
12964
30547
30548
13927
50779
44685
13928
31029
31030
19014
50777
49339
19015
33571
33572
17649
50775
48185
17650
32889
32890
19034
50773
49337
19035
33582
9515
50921
40859
9516
28822
28824
9521
50919
40871
9522
28825
28827
51868
20477
49711
20478
51870
20481
51872
49577
20482
51874
20485
51876
51878
51880
51882
51884
51886
51888
51890
51892
51894
51896
51898
51900
51902
51904
51906
51908
49599
20486
51910
20489
51912
49709
20490
51914
20493
51916
49705
20494
51918
20497
51920
49573
20498
20499
20500
32795
34314
20501
51922
51924
51926
49551
20502
51928
20503
20504
32813
34315
34316
20505
49557
20506
51930
51932
51934
9549
50917
40861
9550
28840
28841
9553
50915
40873
9554
28842
28843
51936
20509
49567
20510
51938
20513
49581
20514
51940
20517
51942
51944
51946
51948
49595
20518
51950
20521
51952
49699
20522
51954
20525
51956
49695
20526
51958
20529
51960
49689
20530
51962
20533
51964
49685
20534
51966
20537
51968
49683
20538
51970
20541
51972
49681
20542
51974
20545
51976
49661
20546
51978
20549
51980
49659
20550
51982
20553
51984
49655
20554
51986
20557
51988
49653
20558
51990
20561
51992
49649
20562
51994
20565
51996
49627
20566
51998
20569
52000
49647
20570
52002
20573
52004
49677
20574
52006
20577
52008
49633
20578
52010
20581
52012
49645
20582
52014
20585
52016
49675
20586
52018
20589
52020
49671
20590
52022
20593
20594
52024
20597
20598
52026
20601
20602
52028
20605
20606
52030
20609
20610
52032
20613
20614
52034
20617
20618
52036
20621
20622
52038
20625
20626
52040
20629
20630
52042
20633
20634
52044
20637
20638
52046
20641
20642
52048
20645
20646
52050
20649
20650
52052
20653
20654
52054
20657
20658
52056
20661
20662
52058
20665
20666
52060
20669
20670
52062
20673
20674
52064
20677
20678
52066
20681
52068
51063
20682
52070
20685
52072
51067
20686
52074
20689
52076
51071
20690
52078
20693
52080
51075
20694
52082
20697
52084
51079
20698
52086
20701
52088
51083
20702
52090
20705
52092
51087
20706
52094
20709
52096
51091
20710
52098
20713
52100
51095
20714
52102
20717
52104
51099
20718
52106
20721
52108
51103
20722
52110
20725
52112
51107
20726
52114
20729
52116
51111
20730
52118
20733
52120
51115
20734
52122
20737
52124
51119
20738
52126
20741
52128
51123
20742
52130
20745
52132
51127
20746
52134
20749
52136
51131
20750
52138
20753
52140
51135
20754
52142
20757
52144
51139
20758
52146
20761
52148
51143
20762
52150
20765
52152
51147
20766
52154
20769
52156
51151
20770
52158
20773
52160
51155
20774
52162
20777
52164
51159
20778
52166
20781
20782
52168
20785
52170
51169
20786
20789
51167
20790
52172
52174
20793
52176
52178
51173
20794
52180
20797
52182
51177
20798
52184
20801
20802
52186
20805
52188
51187
20806
20809
51185
20810
52190
52192
20813
52194
52196
51191
20814
52198
20817
52200
51409
20818
52202
20821
52204
51387
20822
52206
20825
52208
51203
20826
20829
51201
20830
52210
52212
20833
52214
52216
51207
20834
52218
20837
52220
51211
20838
52222
20841
52224
51215
20842
52226
20845
52228
51223
20846
20849
51221
20850
52230
52232
20854
52234
52236
51345
20855
26503
20856
51341
51343
20857
33191
33849
34492
20858
51339
20859
27034
20860
51245
20861
27033
34494
20862
51337
20863
27037
20864
20865
34496
20866
51335
20867
27064
20868
51243
20869
27063
34498
20870
51333
20871
27067
20872
20873
34497
34500
20874
51331
20875
27094
20876
51241
20877
27093
34502
20878
51329
20879
27097
20880
20881
34501
34504
20882
51327
20883
27124
20884
51239
20885
27123
34506
20886
51325
20887
27127
20888
20889
34505
34508
20890
51323
20891
27154
20892
51237
20893
27153
34510
20894
51321
20895
27157
20896
20897
34509
34512
20898
51319
20899
27184
20900
51235
20901
27183
34514
20902
51317
20903
27187
20904
20905
34513
34516
20906
51315
20907
27214
20908
51233
20909
27213
34518
20910
51313
20911
27217
20912
20913
34517
34520
20914
51311
20915
27244
20916
51231
20917
27243
34493
34522
20918
51309
20919
27271
20920
51229
20921
27270
34521
34524
20922
51307
20923
27274
20924
20925
34526
20926
51305
20927
27277
52238
20928
20929
34528
20930
51303
20931
27280
52240
20932
20933
34529
34530
20934
51301
20935
27283
20936
20937
34531
34532
20938
51299
20939
27286
20940
20941
34533
34534
20942
51297
20943
27289
20944
20945
34535
34536
20946
51295
20947
27292
20948
20949
34537
34538
20950
51293
20951
27295
20952
20953
34539
34540
20954
51291
20955
27322
20956
51227
20957
27321
34541
34542
20958
51289
20959
27325
20960
20961
34527
34544
20962
51287
20963
27328
20964
20965
34546
20966
51285
20967
27331
20968
20969
34547
34548
20970
51283
20971
27334
20972
20973
34549
34550
20974
51281
20975
27337
20976
20977
34551
34552
20978
51279
20979
27340
20980
20981
34553
34554
20982
51277
20983
27343
20984
20985
34555
34556
20986
51275
20987
27346
20988
20989
34557
34558
20990
51273
20991
27373
20992
51225
20993
27372
34559
34560
20994
51251
20995
27376
20996
20997
34545
34562
20998
51249
20999
27379
21000
21001
34564
21002
51247
21003
27382
52242
21004
21005
34565
34566
21006
51271
21007
27385
21008
21009
34567
34568
21010
51269
21011
27388
21012
21013
34569
34570
21014
51253
21015
27391
21016
21017
34571
34572
21018
51255
21019
27394
21020
21021
34573
34574
21022
51257
21023
27397
21024
21025
34575
34576
21026
51267
21027
27424
21028
51259
21029
27423
34577
34578
21030
51265
21031
27427
21032
21033
34563
34580
21034
51263
21035
27430
21036
21037
34582
21038
51261
21039
27433
21040
21041
34583
34584
21042
51385
21043
27436
21044
21045
34585
34586
21046
51383
21047
27439
21048
21049
34587
34588
21050
51381
21051
27442
21052
21053
34589
34590
21054
51379
21055
27445
21056
21057
34591
34592
21058
51377
21059
27448
21060
21061
34593
34594
21062
51375
21063
27475
21064
51349
21065
27474
34595
34596
21066
51373
21067
27478
21068
21069
34581
34598
21070
51371
21071
27481
21072
21073
34600
21074
51369
21075
27484
52244
21076
21077
34601
34602
21078
51367
21079
27487
21080
21081
34603
34604
21082
51365
21083
27490
21084
21085
34605
34606
21086
51363
21087
27493
21088
21089
34607
34608
21090
51361
21091
27496
21092
21093
34609
34610
21094
51359
21095
27499
21096
21097
34611
34612
21098
51357
21099
27526
21100
51347
21101
27525
34613
34614
21102
51355
21103
27529
21104
21105
34599
34616
21106
51353
21107
27532
21108
21109
34618
21110
51351
21111
27535
21112
21113
34619
34620
21114
51407
21115
27538
21116
21117
34621
34622
21118
51405
21119
27541
21120
21121
34623
34624
21122
51403
21123
27544
21124
21125
34625
34626
21126
51401
21127
27547
21128
21129
34627
34628
21130
51399
21131
27550
21132
21133
34629
34630
21134
51397
21135
27577
21136
51389
21137
27576
34631
34632
21138
51395
21139
27580
21140
21141
34617
34634
21142
21143
21144
51393
21145
27584
21146
21147
34495
34637
21148
51391
21149
27587
52246
21150
21151
34499
34638
34639
21152
51585
21153
27590
21154
21155
34503
34640
34641
21156
51583
21157
27593
21158
21159
34507
34642
34643
21160
51565
21161
27596
21162
21163
34511
34644
34645
21164
51563
21165
27599
21166
21167
34515
34646
34647
21168
51561
21169
27602
21170
21171
34519
34648
34649
21172
51559
21173
27629
21174
51411
21175
27628
34523
34650
34651
21176
51557
21177
27632
21178
21179
34635
34636
34653
21180
51555
21181
27635
21182
21183
34655
21184
51553
21185
27638
21186
21187
34657
21188
51551
21189
27641
21190
21191
34658
34659
21192
51549
21193
27644
21194
21195
34660
34661
21196
51547
21197
27647
21198
21199
34662
34663
21200
51545
21201
27650
21202
21203
34664
34665
21204
51543
21205
27653
21206
21207
34666
34667
21208
51541
21209
27656
21210
21211
34668
34669
21212
21213
21214
51539
21215
27660
21216
21217
34670
34671
34672
21218
51537
21219
27663
21220
21221
34656
34674
21222
51535
21223
27666
21224
21225
34676
21226
51533
21227
27669
21228
21229
34677
34678
21230
51531
21231
27672
21232
21233
34679
34680
21234
51529
21235
27675
21236
21237
34681
34682
21238
51527
21239
27678
21240
21241
34683
34684
21242
51525
21243
27681
21244
21245
34685
34686
21246
51523
21247
27684
21248
21249
34687
34688
21250
21251
21252
51521
21253
27688
21254
21255
34689
34690
34691
21256
51519
21257
27691
21258
21259
34675
34693
21260
51517
21261
27694
21262
21263
34695
21264
51515
21265
27697
21266
21267
34696
34697
21268
51513
21269
27700
21270
21271
34698
34699
21272
51511
21273
27703
21274
21275
34700
34701
21276
51509
21277
27706
21278
21279
34702
34703
21280
51507
21281
27709
21282
21283
34704
34705
21284
51505
21285
27712
21286
21287
34706
34707
21288
21289
21290
51503
21291
27716
21292
21293
34708
34709
34710
21294
51501
21295
27719
21296
21297
34694
34712
21298
51499
21299
27722
21300
21301
34714
21302
51497
21303
27725
21304
21305
34715
34716
21306
51495
21307
27728
21308
21309
34717
34718
21310
51493
21311
27731
21312
21313
34719
34720
21314
51491
21315
27734
21316
21317
34721
34722
21318
51489
21319
27737
21320
21321
34723
34724
21322
51487
21323
27740
21324
21325
34725
34726
21326
21327
21328
51485
21329
27744
21330
21331
34727
34728
34729
21332
51483
21333
27747
21334
21335
34713
34731
21336
51481
21337
27750
21338
21339
34733
21340
51479
21341
27753
21342
21343
34734
34735
21344
51477
21345
27756
21346
21347
34736
34737
21348
51475
21349
27759
21350
21351
34738
34739
21352
51473
21353
27762
21354
21355
34740
34741
21356
51471
21357
27765
21358
21359
34742
34743
21360
51469
21361
27768
21362
21363
34744
34745
21364
21365
21366
51467
21367
27772
21368
21369
34746
34747
34748
21370
51435
21371
27775
21372
21373
34732
34750
21374
51433
21375
27778
21376
21377
34752
21378
51431
21379
27781
21380
21381
34753
34754
21382
51429
21383
27784
21384
21385
34755
34756
21386
51427
21387
27787
21388
21389
34757
34758
21390
51425
21391
27790
21392
21393
34759
34760
21394
51423
21395
27793
21396
21397
34761
34762
21398
51421
21399
27796
21400
21401
34763
34764
21402
21403
21404
51419
21405
27800
21406
21407
34765
34766
34767
21408
51417
21409
27803
21410
21411
34751
34769
21412
51415
21413
27806
21414
21415
34525
34771
21416
51413
21417
27809
21418
21419
34543
34772
34773
21420
51465
21421
27812
21422
21423
34561
34774
34775
21424
51463
21425
27815
21426
21427
34579
34776
34777
21428
51461
21429
27818
21430
21431
34597
34778
34779
21432
51459
21433
27821
21434
21435
34615
34780
34781
21436
51457
21437
27824
21438
21439
34633
34782
34783
21440
21441
21442
51455
21443
27828
21444
21445
34652
34784
34785
34786
21446
51453
21447
27831
21448
21449
34770
34788
21450
51639
21451
21452
51923
51925
21453
34790
21454
51451
21455
28569
21456
21457
34792
21458
51449
21459
28572
21460
21461
34793
34794
21462
51447
21463
28575
21464
21465
34795
34796
21466
51445
21467
28578
21468
21469
34797
34798
21470
51443
21471
28581
21472
21473
34799
34800
21474
51441
21475
28584
21476
21477
34801
34802
21478
51439
21479
28587
21480
21481
34803
34804
21482
51437
21483
28590
21484
21485
34805
34806
21486
51587
21487
21488
51931
51933
21489
34791
34808
21490
51581
21491
28628
21492
21493
34810
21494
51579
21495
28631
21496
21497
34811
34812
21498
51577
21499
28634
21500
21501
34813
34814
21502
51575
21503
28637
21504
21505
34815
34816
21506
51573
21507
28640
21508
21509
34817
34818
21510
51571
21511
28643
21512
21513
34819
34820
21514
51569
21515
28646
21516
21517
34821
34822
21518
51567
21519
28649
21520
21521
34823
34824
21522
51605
21523
21524
51905
51907
21525
34809
34826
21526
51603
21527
28687
21528
21529
34828
21530
51601
21531
28690
21532
21533
34829
34830
21534
51599
21535
28693
21536
21537
34831
34832
21538
51597
21539
28696
21540
21541
34833
34834
21542
51595
21543
28699
21544
21545
34835
34836
21546
51593
21547
28702
21548
21549
34837
34838
21550
51591
21551
28705
21552
21553
34839
34840
21554
51589
21555
28708
21556
21557
34841
34842
21558
51625
21559
21560
51801
51803
21561
34827
34844
21562
51619
21563
28746
21564
21565
34846
21566
51617
21567
28749
21568
21569
34847
34848
21570
51615
21571
28752
21572
21573
34849
34850
21574
51613
21575
28755
21576
21577
34851
34852
21578
51611
21579
28758
21580
21581
34853
34854
21582
51609
21583
28761
21584
21585
34855
34856
21586
51607
21587
28764
21588
21589
34857
34858
21590
51629
21591
28767
21592
21593
34859
34860
21594
52248
52250
52252
52254
52256
52258
52260
52262
52264
52266
52268
52270
52272
52274
52276
52278
51633
21595
9581
50913
40863
9582
28856
28857
9585
50911
40875
9586
28858
28859
10731
50909
41711
10732
29431
29432
10735
50907
41713
10736
29433
29434
11699
50905
42373
11700
29915
29916
11703
50903
42375
11704
29917
29918
12943
50901
43469
12944
30537
30538
12947
50899
43471
12948
30539
30540
13907
50897
44687
13908
31019
31020
13911
50895
44691
13912
31021
31022
18994
52280
49523
51059
51835
51837
50893
18995
33545
33562
17629
50891
48183
17630
32879
32880
11815
42871
51053
51833
51771
50939
11816
29972
29974
11853
42873
51051
51631
11854
29992
29993
11885
42877
51047
51665
11886
30008
30009
11927
42879
51043
50885
50887
50889
11928
30028
30030
11967
42887
52282
52284
52286
52288
52290
52292
52294
52296
52298
52300
52302
52304
52306
51039
50881
11968
30049
30050
11999
42889
52308
51035
50879
12000
30065
30066
12039
42891
52310
52312
51029
50873
50875
50877
12040
30084
30086
12081
42897
52314
51025
50871
12082
30106
30107
12113
42899
52316
51023
50869
12114
28683
30122
30123
13111
43717
52318
51019
50865
13112
29381
30621
30622
14075
44775
52320
51015
50863
14076
29865
31103
31104
14411
45075
52322
51013
14412
30487
30969
31271
31272
13047
43689
52324
51009
51711
13048
30589
30590
13079
43701
52326
52328
51007
50861
13080
30605
30606
14011
44767
52330
52332
51005
51709
14012
31071
31072
14043
44773
52334
52336
51001
50859
14044
31087
31088
14347
45047
52338
52340
50997
14348
31239
31240
14379
45061
52342
52344
52346
50993
14380
31255
31256
16244
50857
46687
16245
32187
32188
20331
51623
51669
20332
34229
34230
19038
50853
49311
19039
33583
33584
20351
51637
51671
20352
34240
52348
52350
52352
52354
52356
52358
52360
16224
50851
46685
16225
32177
32178
16228
50849
46683
16229
32179
32180
20311
51769
20312
34203
34220
21598
51627
21599
28805
21600
21601
34864
21602
51635
21603
28808
21604
21605
34865
34866
21606
51643
21607
28811
21608
21609
34867
34868
21610
51663
21611
28814
21612
21613
34869
34870
21614
51661
21615
28817
9615
50847
40865
9616
28872
28874
9655
50845
40867
9656
28893
28894
9687
50843
40869
9688
28909
28910
10755
50841
41733
10756
29443
29444
11723
50837
42401
11724
29927
29928
12967
50835
43479
12968
30549
30550
13931
50833
44689
13932
31031
31032
19018
50831
49307
19019
33573
33574
16392
46873
52362
52364
52366
52368
52370
52372
52374
52376
52378
52380
52382
52384
52386
52388
50991
51767
16393
28667
32261
32262
16328
46859
52390
50987
16329
32229
32230
16360
46847
52392
52394
50983
51765
16361
32245
32246
17653
50829
48181
17654
32891
32892
21616
21617
34871
34872
21618
51659
21619
28820
20355
51645
51691
20356
34241
34242
17633
50825
48179
17634
32881
32882
17637
50823
48191
17638
32883
32884
21596
21597
34845
34862
21622
51657
21623
28823
21626
51655
21627
28826
21630
52396
52398
52400
52402
52404
51677
21631
21634
51675
21635
28864
21636
21637
34882
21638
51707
21639
28867
52406
52408
52410
52412
52414
16248
50821
46681
16249
32189
32190
20335
51621
51653
20336
34231
34232
17801
48365
52416
52418
52420
50979
51903
17802
28651
32965
32966
17737
48351
50977
17738
32933
32934
17769
48353
52422
52424
52426
52428
52430
52432
50973
51799
17770
32949
32950
19042
50819
49315
19043
33585
33586
9621
50815
40877
9622
28875
28877
9659
50813
40879
9660
28895
28896
9691
50811
40881
9692
28911
28912
10759
50797
41725
10760
29445
29446
11727
50799
42403
11728
29929
29930
12971
50801
43481
12972
30551
30552
13935
50803
44693
13936
31033
31034
21640
21641
34883
34884
21642
51705
21643
28870
19022
50809
49335
19023
33575
33576
19026
50807
49391
19027
33577
33578
9715
50805
40883
9716
27634
28924
9761
50817
40885
9762
28064
28947
52434
52436
52438
52440
52442
52444
52446
52448
52450
52452
52454
52456
52458
52460
9793
50827
40911
9794
28430
28963
52462
10779
50839
41807
10780
29210
29456
52464
52466
52468
11747
50855
42435
11748
29694
29940
52470
12991
50867
43517
12992
30316
30562
52472
13955
50883
44695
13956
30798
31044
52474
17657
50927
48189
17658
32893
32894
9591
42901
52476
52478
52480
52482
50971
51901
51947
9592
28804
28862
21646
51703
21647
28873
21650
51701
21651
28876
21654
51699
21655
28879
21658
51697
21659
28882
21662
51695
21663
28885
21666
51713
21667
21670
51693
21671
28923
52484
10739
52486
52488
52490
52492
52494
52496
52498
52500
52502
52504
42903
52506
52508
50969
10740
29419
29436
21674
51759
21675
28926
21678
51757
21679
28929
21682
51755
21683
28932
21686
51753
21687
28935
21690
51751
21691
28938
21694
51749
21695
28941
21698
51747
21699
28944
52510
52512
21702
51787
21703
52514
52516
52518
52520
52522
52524
21706
52526
52528
52530
51791
21707
52532
21710
52534
51793
21711
21712
52273
52275
52277
21713
34920
21714
52536
51795
21715
52538
21716
52267
52269
52271
21717
34921
34922
21718
52540
52542
51797
21719
21720
52261
52263
52265
21721
34923
34924
21722
51805
21723
21724
52255
52257
52259
21725
34925
34926
21726
52544
52546
52548
52550
52552
51827
21727
11707
52554
42905
50965
11708
29903
29920
21730
52556
52558
52560
51843
21731
52562
21734
52564
51847
21735
52566
21738
52568
51851
21739
52570
21742
52572
51855
21743
52574
21746
52576
51857
21747
21748
21749
34938
21750
52578
51859
21751
21752
21753
34939
34940
21754
21755
21756
21757
34941
34942
21758
21759
12951
52580
43691
52582
52584
52586
52588
51647
12952
30525
30542
21762
21763
52590
21766
51909
21767
52592
21770
52594
52596
52598
51913
21771
52600
21774
52602
51917
21775
52604
21778
52606
51921
21779
52608
21782
52610
51927
21783
21784
21785
33489
34956
21786
52612
52614
52616
51929
21787
52618
21788
21789
33507
34957
34958
21790
52620
52622
52624
51935
21791
13915
52626
44777
52628
51667
13916
31007
31024
21794
21795
52630
21798
51949
21799
52632
21802
52634
52636
52638
52640
52642
51953
21803
52644
21806
52646
51957
21807
52648
21810
52650
51961
21811
52652
21814
52654
51965
21815
52656
21818
52658
51969
21819
52660
21822
52662
51973
21823
52664
21826
52666
51977
21827
52668
21830
52670
51981
21831
52672
21834
52674
51985
21835
52676
21838
52678
51989
21839
52680
21842
52682
51993
21843
52684
21846
52686
51997
21847
52688
21850
52690
52001
21851
52692
21854
52694
52005
21855
52696
21858
52698
52009
21859
52700
21862
52702
52013
21863
52704
21866
52706
52017
21867
52708
21870
52710
52021
21871
52712
21874
21875
52714
21878
21879
52716
21882
21883
52718
21886
21887
52720
21890
21891
52722
21894
21895
52724
21898
21899
52726
21902
21903
52728
21906
21907
52730
21910
21911
52732
21914
21915
52734
21918
21919
52736
21922
21923
52738
21926
21927
52740
21930
21931
52742
21934
21935
52744
21938
21939
52746
21942
21943
52748
21946
21947
52750
21950
52752
52247
21951
52754
21954
52756
52245
21955
52758
21958
52760
52243
21959
52762
21962
52764
52069
21963
52766
21966
52768
52073
21967
52770
21970
52772
52077
21971
52774
21974
52776
52081
21975
52778
21978
52780
52085
21979
52782
21982
52784
52089
21983
52786
21986
52788
52093
21987
52790
21990
52792
52097
21991
52794
21994
52796
52101
21995
52798
21998
52800
52105
21999
52802
22002
52804
52109
22003
52806
22006
52808
52113
22007
52810
22010
52812
52117
22011
52814
22014
52816
52121
22015
52818
22018
52820
52125
22019
52822
22022
52824
52129
22023
52826
22026
52828
52133
22027
52830
22030
52832
52137
22031
52834
22034
52836
52141
22035
52838
22038
52840
52145
22039
52842
22042
52844
52149
22043
52846
22046
52848
52153
22047
52850
22050
52852
52157
22051
52854
22054
52856
52161
22055
52858
22058
52860
52165
22059
52862
22062
52864
52241
22063
52866
22066
52868
52171
22067
52870
22070
52872
52179
22071
22074
52177
22075
52874
52876
22078
52878
52880
52183
22079
52882
22082
52884
52239
22083
52886
22086
52888
52189
22087
52890
22090
52892
52197
22091
22094
52195
22095
52894
52896
22098
52898
52900
52201
22099
52902
22102
52904
52205
22103
52906
22106
52908
52209
22107
52910
22110
52912
52217
22111
22114
52215
22115
52914
52916
22118
52918
52920
52221
22119
52922
22122
52924
52225
22123
52926
22126
52928
52229
22127
52930
22130
52932
52237
22131
22134
52235
22135
52934
52936
22139
22140
28566
22141
52613
52615
22142
35134
22143
22144
28625
22145
52621
52623
22146
35135
35136
22147
22148
28684
22149
52585
52587
22150
35137
35138
22151
52279
22152
28743
22153
52547
52549
22154
35139
35140
22155
22156
28802
22157
52479
52481
22158
35141
35142
22159
52483
22160
28861
52938
22163
52509
22164
28920
52940
22167
52531
22168
28979
52942
22171
52535
22172
52944
22175
52537
22176
29961
22177
22178
35152
22179
52539
22180
29964
22181
22182
35153
35154
22183
22184
29967
22185
22186
35155
35156
22187
52553
22188
29970
22189
22190
35157
35158
22191
52561
22192
29973
14315
52946
44997
51867
52639
52641
14316
31223
31224
22195
52565
22196
29976
52948
22199
52569
22200
29979
52950
22203
52573
22204
29982
52952
22207
52577
22208
52954
22211
52579
22212
30020
22213
22214
35170
22215
22216
30023
22217
22218
35171
35172
22219
22220
30026
22221
22222
35173
35174
22223
52589
22224
30029
21620
52253
52505
21621
34873
34874
19190
52956
49553
51865
52429
52431
52583
19191
32127
33659
33660
19126
49535
52958
52960
52962
52964
52966
51863
52425
52427
52413
19127
33627
33628
19158
49539
52968
52970
51775
52465
52467
52545
19159
33643
33644
20359
51763
51689
20360
34243
34244
16252
51761
46679
16253
32191
32192
20339
51739
51651
20340
34233
34234
20343
51737
51649
20344
34235
34236
9721
51735
40887
9722
27662
28925
28927
9765
51733
40907
9766
28083
28948
28949
9797
51731
40913
9798
28449
28964
28965
10783
51729
41805
10784
29229
29457
29458
11751
51727
42433
11752
29713
29941
29942
12995
51725
43515
12996
30335
30563
30564
13959
51723
44697
13960
30817
31045
31046
16272
51721
46677
16273
31956
32202
19046
51719
49389
19047
33587
33588
16232
46827
52972
52974
52976
52978
52980
52982
52984
52986
51773
52507
52529
52387
16233
32165
32182
22227
52988
52990
52625
22228
30032
52992
22231
52599
22232
30035
52994
22235
52603
22236
30038
52996
22239
52607
22240
30041
52998
22243
52611
22244
53000
22247
53002
53004
53006
52617
22248
30079
22249
22250
34147
34789
35188
22251
52619
22252
30082
22253
22254
34165
34807
35189
35190
22255
52629
22256
30085
20507
53008
52281
20508
32831
34317
34318
20443
51937
51861
20444
34285
34286
20475
51869
20476
34301
34302
9627
51825
40909
9628
28878
28880
9663
51823
40915
9664
28897
28898
9695
51821
40917
9696
28913
28914
10763
51819
41727
10764
29447
29448
11731
51817
42405
11732
29931
29932
12975
51815
43483
12976
30553
30554
13939
51813
44721
13940
31035
31036
21644
52543
52385
52503
21645
34885
34886
17661
53010
53012
53014
53016
53018
53020
53022
53024
53026
53028
53030
52541
51811
48237
17662
32895
32896
21624
52251
52501
21625
34875
34876
21628
52249
52499
21629
34877
34878
16276
51809
46675
16277
31975
32203
32204
17681
51807
48235
17682
32660
32906
20363
51831
51687
20364
34245
34246
17641
48369
53032
53034
53036
53038
53040
53042
51839
52411
17642
32869
32886
21792
21793
33525
34959
34960
21728
53044
53046
53048
53050
53052
53054
52551
21729
34927
34928
21760
52627
21761
34943
34944
16256
51899
46673
16257
32193
32194
9727
51897
40919
9728
27690
28928
28930
9769
51895
40921
9770
28102
28950
28951
9801
51893
40923
9802
28468
28966
28967
10787
51891
41803
10788
29248
29459
29460
11755
51889
42431
11756
29732
29943
29944
12999
51887
43513
13000
30354
30565
30566
13963
51885
44719
13964
30836
31047
31048
19050
51883
49387
19051
33589
33590
17685
51881
48233
17686
32679
32907
32908
19070
51879
49385
19071
33354
33600
53056
53058
53060
53062
53064
53066
53068
53070
53072
9633
51877
40925
9634
28881
28883
9639
51873
40937
9640
28884
28886
22259
22260
30088
22263
52643
22264
30091
22267
52647
22268
30094
53074
22271
52651
22272
30097
53076
22275
52655
22276
30100
53078
22279
52659
22280
53080
22283
52663
22284
53082
22287
52667
22288
53084
22291
53086
53088
53090
53092
52671
22292
53094
22295
53096
52675
22296
53098
22299
53100
53102
53104
53106
53108
53110
53112
52679
22300
53114
22303
53116
52683
22304
53118
22307
52687
22308
53120
22311
53122
53124
53126
53128
52691
22312
53130
22315
53132
53134
52695
22316
53136
22319
53138
52699
22320
53140
22323
52703
22324
53142
22327
53144
52707
22328
53146
22331
53148
53150
52711
22332
53152
22335
22336
53154
22339
22340
53156
22343
22344
53158
22347
22348
53160
22351
22352
53162
22355
22356
53164
22359
22360
53166
22363
22364
53168
22367
22368
53170
22371
22372
53172
22375
22376
53174
22379
22380
53176
22383
22384
53178
22387
22388
53180
22391
22392
53182
22395
22396
53184
22399
22400
53186
22403
22404
53188
22407
22408
53190
22411
52753
22412
53192
22415
53194
52757
22416
53196
22419
53198
52761
22420
53200
22423
53202
52765
22424
53204
22427
53206
52769
22428
53208
22431
52773
22432
53210
22435
53212
52777
22436
53214
22439
53216
53218
52781
22440
53220
22443
53222
52785
22444
53224
22447
53226
52789
22448
53228
22451
53230
52793
22452
53232
22455
53234
52797
22456
53236
22459
53238
52801
22460
53240
22463
53242
52805
22464
53244
22467
53246
52809
22468
53248
22471
53250
52813
22472
53252
22475
53254
52817
22476
53256
22479
53258
52821
22480
53260
22483
53262
52825
22484
53264
22487
53266
52829
22488
53268
22491
53270
52833
22492
53272
22495
53274
52837
22496
53276
22499
53278
52841
22500
53280
22503
53282
52845
22504
53284
22507
53286
52849
22508
53288
22511
53290
52853
22512
53292
22515
53294
52857
22516
53296
22519
53298
52861
22520
53300
22523
53302
52865
22524
53304
22527
53306
52869
22528
53308
22531
53310
52873
22532
53312
22535
53314
52881
22536
22539
52879
22540
53316
53318
22543
53320
53322
52885
22544
53324
22547
53326
52889
22548
53328
22551
53330
52893
22552
53332
22555
53334
52901
22556
22559
52899
22560
53336
53338
22563
53340
53342
52905
22564
53344
22567
53346
52909
22568
53348
22571
53350
52913
22572
53352
22575
53354
52921
22576
22579
52919
22580
53356
53358
22583
53360
53362
52925
22584
53364
22587
53366
52929
22588
53368
22591
53370
52933
22592
53372
22595
22596
22599
52959
22600
53374
53376
22604
22605
29958
53378
22608
22609
30017
53380
22612
22613
30076
53382
22616
22617
30135
53384
22620
22621
53386
22624
22625
31121
53388
22628
22629
31124
53390
22632
22633
31127
53392
22636
22637
31130
53394
22640
22641
53396
22644
22645
31152
53398
22648
22649
31155
53400
22652
22653
31158
53402
22656
22657
31161
53404
22660
22661
53406
22664
22665
31183
53408
22668
22669
31186
53410
22672
22673
31189
53412
22676
22677
31192
53414
22680
22681
53416
22684
22685
53418
22688
22689
53420
22692
22693
53422
22696
22697
53424
22700
22701
53426
22704
22705
53428
22708
22709
53430
22712
22713
53432
22716
22717
53434
22720
22721
53436
22724
22725
53438
22728
22729
53440
22732
22733
53442
22736
22737
53444
22740
22741
53446
22744
22745
53448
22748
22749
53450
22752
22753
53452
22756
22757
53454
22760
22761
53456
22764
22765
53458
22768
22769
53460
22772
53219
22773
53462
22776
53223
22777
53464
22780
53227
22781
53466
22784
53231
22785
53468
22788
53235
22789
53470
22792
53239
22793
53472
22796
53243
22797
53474
22800
53247
22801
53476
22804
53251
22805
53478
22808
53255
22809
53480
22812
53259
22813
53482
22816
53263
22817
53484
22820
53267
22821
53486
22824
53271
22825
53488
22828
53275
22829
53490
22832
53279
22833
53492
22836
53283
22837
53494
22840
53287
22841
53496
22844
53291
22845
53498
22848
53295
22849
53500
22852
53299
22853
53502
22856
53504
53506
53303
22857
53508
22860
53510
53307
22861
53512
22864
53514
53311
22865
53516
22868
53518
53315
22869
53520
22872
53522
53323
22873
22876
53321
22877
53524
53526
22880
53528
53530
53327
22881
53532
22884
53534
53331
22885
53536
22888
53538
53335
22889
53540
22892
53542
53343
22893
22896
53341
22897
53544
53546
22900
53548
53550
53347
22901
53552
22904
53554
53351
22905
53556
22908
53558
53355
22909
53560
22912
53562
53363
22913
22916
53361
22917
53564
53566
22920
53568
53570
53367
22921
53572
22924
53574
53371
22925
53576
22928
22929
53578
22932
22933
22936
53505
22937
53580
53582
22941
22942
31118
53584
22945
22946
31149
53586
22949
22950
31180
53588
22953
22954
31211
53590
22957
22958
53592
22961
22962
31361
53594
22965
22966
31364
53596
22969
22970
31367
53598
22973
22974
31370
53600
22977
22978
53602
22981
22982
31392
53604
22985
22986
31395
53606
22989
22990
31398
53608
22993
22994
31401
53610
22997
22998
53612
23001
23002
31423
53614
23005
23006
31426
53616
23009
23010
31429
53618
23013
23014
31432
53620
23017
23018
53622
23021
23022
53624
23025
23026
53626
23029
23030
53628
23033
23034
53630
23037
23038
53632
23041
23042
53634
23045
23046
53636
23049
23050
53638
23053
23054
53640
23057
23058
53642
23061
23062
53644
23065
23066
53646
23069
23070
53648
23073
23074
53650
23077
23078
53652
23081
23082
53654
23085
23086
53656
23089
23090
53658
23093
23094
53660
23097
23098
53662
23101
23102
53664
23105
23106
53666
23109
23110
53668
23113
23114
53670
23117
23118
53672
23121
23122
53674
23125
53507
23126
53676
23129
53511
23130
53678
23133
53515
23134
53680
23137
53519
23138
53682
23141
53523
23142
53684
23145
53531
23146
23149
53529
23150
53686
53688
23153
53535
23154
53690
23157
53539
23158
53692
23161
53543
23162
53694
23165
53551
23166
23169
53549
23170
53696
53698
23173
53555
23174
53700
23177
53559
23178
53702
23181
53563
23182
53704
23185
53571
23186
23189
53569
23190
53706
53708
23193
53575
23194
53710
23197
23198
53712
23201
23202
53714
23205
23206
23209
23210
53716
53718
23214
23215
31358
53720
23218
23219
31389
53722
23222
23223
31420
53724
23226
23227
31451
53726
23230
23231
53728
23234
23235
31505
53730
23238
23239
31508
53732
23242
23243
31511
53734
23246
23247
31514
53736
23250
23251
53738
23254
23255
31536
53740
23258
23259
31539
53742
23262
23263
31542
53744
23266
23267
31545
53746
23270
23271
53748
23274
23275
31567
53750
23278
23279
31570
53752
23282
23283
31573
53754
23286
23287
31576
53756
23290
23291
53758
23294
23295
53760
23298
23299
53762
23302
23303
53764
23306
23307
53766
23310
23311
53768
23314
23315
53770
23318
23319
53772
23322
23323
53774
23326
23327
53776
23330
23331
53778
23334
23335
53780
23338
23339
53782
23342
23343
53784
23346
23347
53786
23350
23351
53788
23354
23355
23358
23359
53790
53792
23362
23363
53794
23366
23367
53796
23370
23371
53798
23374
23375
23378
23379
53800
53802
23382
23383
53804
23386
23387
53806
23390
23391
53808
23394
23395
23398
23399
53810
53812
23402
23403
53814
23406
23407
53816
23410
23411
53818
23414
23415
23418
23419
53820
53822
23423
23424
31502
53824
23427
23428
31533
53826
23431
23432
31564
53828
23435
23436
31595
53830
23439
23440
53832
23443
23444
31609
53834
23447
23448
31612
53836
23451
23452
31615
53838
23455
23456
31618
53840
23459
23460
53842
23463
23464
31632
53844
23467
23468
31635
53846
23471
23472
31638
53848
23475
23476
31641
53850
23479
23480
53852
23483
23484
31655
53854
23487
23488
31658
53856
23491
23492
31661
53858
23495
23496
31664
53860
23499
23500
23503
23504
53862
53864
23507
23508
53866
23511
23512
53868
23515
23516
53870
23519
23520
23523
23524
53872
53874
23527
23528
53876
23531
23532
53878
23535
23536
53880
23539
23540
23543
23544
53882
53884
23547
23548
53886
23551
23552
53888
23555
23556
53890
23559
23560
23563
23564
53892
53894
23568
23569
31606
53896
23572
23573
31629
53898
23576
23577
31652
53900
23580
23581
31675
23584
23585
31678
53902
53904
23588
23589
31681
53906
23592
23593
31684
53908
23596
23597
31687
53910
23600
23601
31690
23604
23605
31693
53912
53914
23608
23609
31696
53916
23612
23613
31699
53918
23616
23617
31702
53920
23620
23621
31705
23624
23625
31708
53922
53924
23628
23629
31711
53926
23632
23633
31714
53928
23636
23637
31717
53930
23640
23641
31720
23644
23645
31723
23649
23650
23651
23652
23655
23656
23657
23658
23661
23662
23663
23664
23667
23668
23669
23670
53932
23674
23675
53934
23678
23679
53936
23682
23683
53938
23686
23687
53940
23691
23692
53942
23695
23696
53944
23699
23700
53946
23703
23704
53948
23708
23709
53950
23712
23713
53952
23716
23717
53954
23720
23721
53956
23725
23726
53958
23729
23730
53960
23733
23734
53962
23737
23738
53964
23742
23743
53966
23746
23747
53968
23750
23751
53970
23754
23755
53972
23759
23760
53974
23763
23764
53976
23767
23768
53978
23771
23772
53980
23776
23777
53982
23780
23781
53984
23784
23785
53986
23788
23789
53988
23793
23794
53990
23797
23798
53992
23801
23802
53994
23805
23806
53996
23810
23811
53998
23814
23815
54000
23818
23819
54002
23822
23823
54004
23827
23828
54006
23831
23832
54008
23835
23836
54010
23839
23840
54012
23844
23845
35886
54014
23848
23849
35889
54016
23852
23853
35892
54018
23856
23857
35895
23861
23862
54020
23863
23864
23867
23868
54022
23869
23870
23873
23874
54024
23875
23876
23879
23880
54026
23881
23882
54028
23886
23887
54030
23890
23891
54032
23894
23895
54034
23898
23899
54036
23903
23904
54038
23907
23908
54040
23911
23912
54042
23915
23916
54044
23920
23921
54046
23924
23925
54048
23928
23929
54050
23932
23933
54052
23937
23938
54054
23941
23942
54056
23945
23946
54058
23949
23950
54060
23954
23955
54062
23958
23959
54064
23962
23963
54066
23966
23967
54068
23971
23972
54070
23975
23976
54072
23979
23980
54074
23983
23984
54076
23988
23989
54078
23992
23993
54080
23996
23997
54082
24000
24001
54084
24005
24006
54086
24009
24010
54088
24013
24014
54090
24017
24018
54092
24022
24023
54094
24026
24027
54096
24030
24031
54098
24034
24035
54100
24039
24040
54102
24043
24044
54104
24047
24048
54106
24051
24052
54108
24056
24057
35986
54110
24060
24061
35989
54112
24064
24065
35992
54114
24068
24069
35995
9667
53217
51945
54116
40927
9668
28899
28900
9671
51943
40939
9672
28901
28902
9699
53213
52305
40929
9700
28915
28916
9703
52303
40941
9704
28917
28918
10767
53207
52301
41729
10768
29449
29450
10771
52299
41731
10772
29451
29452
11735
53203
52297
42407
11736
29933
29934
11739
52295
42409
11740
29935
29936
12979
53199
52293
43485
12980
30555
30556
12983
52291
43487
12984
30557
30558
13943
53195
52289
44717
13944
31037
31038
13947
52287
44715
13948
31039
31040
21648
53151
52383
52497
21649
34887
34888
19030
54118
54120
54122
54124
54126
49545
52475
53051
53053
52459
19031
33563
33580
22257
53009
53149
53047
53049
22258
34183
34825
35191
35192
22193
52947
53145
53069
53071
22194
35159
35160
22225
52957
53007
53065
53067
22226
35175
35176
17665
53139
52285
48231
17666
32897
32898
11821
42907
52473
53045
52989
52557
11822
29975
29977
11857
42909
52471
52595
11858
29994
29995
11889
42913
52469
52635
11890
30010
30011
11933
42915
52307
52423
52393
52283
11934
30031
30033
11971
42919
52309
52327
11972
30051
30052
12003
42921
52313
52335
12004
30067
30068
12045
42923
52315
52457
52409
52311
12046
30087
30089
12085
43693
52317
52331
12086
30108
30109
12117
43703
52319
52339
12118
28742
30124
30125
13115
43719
52321
52359
13116
29399
30623
30624
14079
44783
52323
52357
14080
29883
31105
31106
14415
45079
52325
14416
30505
30987
31273
31274
13051
43705
52329
52965
13052
30591
30592
13083
43707
52333
52345
13084
30607
30608
14015
44779
52337
52963
14016
31073
31074
14047
44781
52341
52343
14048
31089
31090
14351
45049
52347
14352
31241
31242
14383
45063
52361
14384
31257
31258
16280
53135
52355
46729
16281
31994
32205
32206
20367
53133
52353
51685
20368
34247
34248
19074
53129
52351
49383
19075
33373
33601
33602
20387
52349
51715
20388
34012
34258
16260
53127
52381
46671
16261
32195
32196
16264
52379
46727
16265
32197
32198
20347
51829
52389
52985
20348
34221
34238
9733
53125
52377
40931
9734
27718
28931
28933
9773
53123
52375
40933
9774
28121
28952
28953
9805
53117
52373
40935
9806
28487
28968
28969
10791
53113
52371
41801
10792
29267
29461
29462
11759
53111
52369
42429
11760
29751
29945
29946
13003
53109
52367
43511
13004
30373
30567
30568
13967
53107
52365
44707
13968
30855
31049
31050
19054
53105
52363
49381
19055
33591
33592
16396
46933
52391
52983
16397
28726
32263
32264
16332
46837
52395
16333
32231
32232
16364
46909
52421
52969
16365
32247
32248
17689
53103
52405
48229
17690
32698
32909
32910
21652
52403
52495
21653
34889
34890
20391
52401
51783
20392
34031
34259
34260
21672
52407
52493
21673
34654
34900
17669
52399
48227
17670
32899
32900
17673
52397
48225
17674
32901
32902
21632
52581
52415
53041
21633
34863
34880
16284
52419
46725
16285
32013
32207
32208
20371
52417
51683
20372
34249
34250
17805
48383
52463
53029
17806
28710
32967
32968
17741
48375
52433
17742
32935
32936
17773
48377
52461
53027
17774
32951
32952
19078
52455
49379
19079
33392
33603
33604
9739
52453
40943
9740
27746
28934
28936
9777
52451
40945
9778
28140
28954
28955
9809
52449
40947
9810
28506
28970
28971
10795
52447
41743
10796
29286
29463
29464
11763
52445
42421
11764
29770
29947
29948
13007
52443
43503
13008
30392
30569
30570
13971
52441
44709
13972
30874
31051
31052
21676
52439
52523
21677
34673
34901
34902
19058
52437
49377
19059
33593
33594
19062
52435
49407
19063
33595
33596
22161
52939
53005
22162
35143
35144
17693
52477
48223
17694
32717
32911
32912
9709
43709
52485
53091
9710
28863
28921
10775
43713
52527
10776
29437
29454
11743
43913
54128
54130
54132
54134
54136
54138
54140
54142
54144
54146
54148
54150
54152
54154
54156
54158
54160
54162
54164
54166
54168
54170
54172
54174
54176
54178
54180
54182
54184
54186
54188
54190
54192
54194
54196
54198
54200
54202
54204
54206
54208
54210
54212
52559
11744
29921
29938
12987
43915
54214
52597
12988
30543
30560
13951
44785
54216
52637
13952
31025
31042
14319
44999
54218
54220
53003
14320
31225
31226
21656
52961
52491
21657
34891
34892
19194
49561
54222
54224
52967
53063
19195
32145
33661
33662
19130
49555
54226
52971
19131
33629
33630
19162
49559
54228
54230
52987
53061
19163
33645
33646
20395
52981
51781
20396
34050
34261
34262
16288
52979
46723
16289
32032
32209
32210
20375
52977
51681
20376
34251
34252
20379
52975
51679
20380
34253
34254
19082
52973
49375
19083
33411
33605
33606
16268
46881
52991
16269
32183
32200
20511
51939
54232
54234
54236
54238
54240
54242
53101
20512
32849
34319
34320
20447
51841
54244
53043
20448
34287
34288
20479
51871
54246
54248
53031
20480
34303
34304
9745
53025
40949
9746
27774
28937
28939
9781
53023
40951
9782
28159
28956
28957
9813
53021
40953
9814
28525
28972
28973
10799
53019
41799
10800
29305
29465
29466
11767
53017
42423
11768
29789
29949
29950
13011
53015
43505
13012
30411
30571
30572
13975
53013
44711
13976
30893
31053
31054
21680
53011
52521
21681
34692
34903
34904
17697
53039
48193
17698
32736
32913
32914
21660
53037
52489
21661
34893
34894
21664
53035
52487
21665
34895
34896
20399
53033
51779
20400
34069
34263
34264
17677
48387
53097
54213
17678
32887
32904
21796
52631
53055
54211
21797
33543
34961
34962
21732
52563
54250
54252
54254
54256
54258
54260
54262
54264
54266
54268
53093
54209
21733
34929
34930
21764
52591
54270
54272
54274
54276
53073
54207
21765
34945
34946
16292
53059
46717
16293
32051
32211
32212
19086
53057
49405
19087
33430
33607
33608
9751
53089
40955
9752
27802
28940
28942
9757
53087
40961
9758
27830
28943
28945
9785
54205
40957
9786
28178
28958
28959
9789
54203
40963
9790
28197
28960
28961
9817
54201
40959
9818
28544
28974
28975
9821
54199
40965
9822
28563
28976
28977
9827
44845
9828
28922
28980
10803
54197
41813
10804
29324
29467
29468
10807
54195
41811
10808
29343
29469
29470
10811
44857
10812
29455
29472
11771
54193
42425
11772
29808
29951
29952
11775
54191
42427
11776
29827
29953
29954
11779
44859
11780
29939
29956
13015
54189
43507
13016
30430
30573
30574
13019
54187
43509
13020
30449
30575
30576
13023
44861
13024
30561
30578
13979
54185
44713
13980
30912
31055
31056
13983
54183
44731
13984
30931
31057
31058
13987
44897
13988
31043
31060
14323
45035
14324
31227
31228
21684
54181
52519
21685
34711
34905
34906
19066
49569
54265
54267
54179
19067
33581
33598
22261
54261
54263
22262
34201
34843
35193
35194
22197
52949
54273
54275
22198
35161
35162
22229
52993
22230
35177
35178
17701
54177
48195
17702
32755
32915
32916
11827
43917
54259
54241
54215
11828
29978
29980
11833
44901
11834
29981
29983
11861
43919
54217
11862
29996
29997
11865
44903
11866
29998
29999
11893
43921
54219
11894
30012
30013
11897
44907
11898
30014
30015
11939
43923
54171
54173
54175
11940
30034
30036
11975
43925
54169
11976
30053
30054
12007
43927
54167
12008
30069
30070
12051
43943
54161
54163
54165
12052
30090
30092
12089
44787
54159
12090
30110
30111
12121
44789
54157
12122
28801
30126
30127
13119
44795
54155
13120
29417
30625
30626
14083
44807
54153
14084
29901
31107
31108
14419
45081
14420
30523
31005
31275
31276
13055
44791
54227
13056
30593
30594
13059
44931
13060
30595
30596
13087
44793
54151
13088
30609
30610
14019
44797
54225
14020
31075
31076
14023
44939
14024
31077
31078
14051
44799
54149
14052
31091
31092
14355
45051
14356
31243
31244
14359
45053
14360
31245
31246
14387
45065
14388
31259
31260
20403
54147
51777
20404
34088
34265
34266
16296
54145
46719
16297
32070
32213
32214
16300
54143
46721
16301
32089
32215
32216
16304
46927
16305
32201
32218
20383
51717
54239
20384
34239
34256
19090
54141
49403
19091
33449
33609
33610
16400
46919
54237
16401
28785
32265
32266
16336
46887
16337
32233
32234
16340
46931
16341
32235
32236
16368
46897
54229
16369
32249
32250
21688
54139
52517
21689
34730
34907
34908
17705
54137
48197
17706
32774
32917
32918
17709
54135
48221
17710
32793
32919
32920
17713
48401
17714
32905
32922
21668
52555
54257
21669
34881
34898
20407
54133
51745
20408
34107
34267
34268
17809
48399
54255
17810
28769
32969
32970
17745
48389
17746
32937
32938
17749
48407
17750
32939
32940
17777
48395
54247
17778
32953
32954
19094
54131
49401
19095
33468
33611
33612
19098
54129
49399
19099
33487
33613
33614
19102
49583
19103
33599
33616
22165
52941
54221
22166
35145
35146
21692
54223
52515
21693
34749
34909
34910
19198
49579
19199
32163
33663
33664
19134
49571
54231
19135
33631
33632
19138
49585
19139
33633
33634
19166
49575
54243
54271
19167
33647
33648
20411
54235
51743
20412
34126
34269
34270
20415
54233
51741
20416
34145
34271
34272
20419
51785
20420
34257
34274
20515
51941
54245
20516
32867
34321
34322
20451
51845
54249
20452
34289
34290
20455
51849
20456
34291
34292
20483
51875
20484
34305
34306
21696
54253
52513
21697
34768
34911
34912
21700
54251
52511
21701
34787
34913
34914
21704
52525
21705
34899
34916
22169
52943
22170
35147
35148
21800
52633
54269
21801
33561
34963
34964
21736
52567
54277
21737
34931
34932
21740
52571
21741
34933
34934
21768
52593
21769
34947
34948
22201
52951
22202
35163
35164
22205
52953
22206
35165
35166
22233
52995
22234
35179
35180
11945
44911
11946
30037
30039
11951
44963
11952
30040
30042
22265
22266
34219
34861
35195
35196
11979
44915
11980
30055
30056
11983
44967
11984
30057
30058
12011
44917
12012
30071
30072
12015
44969
12016
30073
30074
12057
44921
12058
30093
30095
12093
44925
12094
30112
30113
12125
44927
12126
28860
30128
30129
13123
44935
13124
29435
30627
30628
14087
44943
14088
29919
31109
31110
14423
45083
14424
30541
31023
31277
31278
13091
44933
13092
30611
30612
13095
45069
13096
30613
30614
14055
44941
14056
31093
31094
14059
45087
14060
31095
31096
14391
45067
14392
31261
31262
14395
45107
14396
31263
31264
16404
47169
16405
28844
32267
32268
16372
46941
16373
32251
32252
16376
46965
16377
32253
32254
17813
48413
17814
28828
32971
32972
17781
48411
17782
32955
32956
17785
48427
17786
32957
32958
11785
44949
11786
29959
13027
44951
13028
30580
13991
44955
13992
31062
14327
45037
14328
31230
14503
45121
14504
31318
19202
49589
19203
32181
33665
33666
19170
49587
19171
33649
33650
19174
49603
19175
33651
33652
16308
46945
16309
32220
20519
51951
20520
32885
34323
34324
20487
51911
20488
34307
34308
20491
51915
20492
34309
34310
17717
48419
17718
32924
21804
52645
21805
33579
34965
34966
21772
52601
21773
34949
34950
21776
52605
21777
34951
34952
19106
49597
19107
33618
22269
53075
22270
34237
34879
35197
35198
22237
52997
22238
35181
35182
22241
52999
22242
35183
35184
11903
44959
11904
29960
30018
12063
44973
12064
30096
30098
12069
45127
12070
30099
30101
12097
44977
12098
30114
30115
12101
45181
12102
30116
30117
12129
44985
12130
28919
30130
30131
12133
45187
12134
28978
30132
30133
13127
45077
13128
29453
30629
30630
13131
45191
13132
29471
30631
30632
14091
45097
14092
29937
31111
31112
14095
45195
14096
29955
31113
31114
14427
45109
14428
30559
31041
31279
31280
14431
45205
14432
30577
31059
31281
31282
13063
44987
13064
30581
30598
14027
45085
14028
31063
31080
14363
45105
14364
31231
31248
14507
45123
14508
31319
31320
14111
45099
14112
31122
14133
45101
14134
31133
14149
45103
14150
31141
14443
45111
14444
31288
14523
45183
14524
31328
20423
51789
20424
34276
16408
46969
16409
28903
32269
32270
16412
46973
16413
28962
32271
32272
16344
46961
16345
32221
32238
16424
46977
16425
32278
21708
52533
21709
34918
17817
48429
17818
28887
32973
32974
17821
48437
17822
28946
32975
32976
17753
48421
17754
32925
32942
17833
48431
17834
32982
22173
52945
22174
35150
19206
49605
19207
32199
33667
33668
19210
49613
19211
32217
33669
33670
19142
49601
19143
33619
33636
19222
49607
19223
33676
14117
45113
14118
31123
31125
14137
45115
14138
31134
31135
14153
45117
14154
31142
31143
14447
45119
14448
31289
31290
14527
45185
14528
31329
31330
22606
53379
22607
35366
20523
51955
20524
32903
34325
34326
20527
51959
20528
32921
34327
34328
20459
51853
20460
34277
34294
20539
51971
20540
34334
16428
46979
16429
32279
32280
21808
52649
21809
33597
34967
34968
21812
52653
21813
33615
34969
34970
21744
52575
21745
34919
34936
21824
52665
21825
34976
17837
48433
17838
32983
32984
22273
53077
22274
34255
34897
35199
35200
22277
53079
22278
34273
34915
35201
35202
22209
52955
22210
35151
35168
22289
53085
22290
35208
12021
45125
12022
30019
30077
12139
45233
12140
30078
30136
13099
45189
13100
30599
30616
13135
45235
13136
30617
30634
14063
45193
14064
31081
31098
14099
45237
14100
31099
31116
14399
45203
14400
31249
31266
14435
45245
14436
31267
31284
14511
45209
14512
31321
31322
14515
45249
14516
31323
31324
14173
45197
14174
31153
14195
45199
14196
31164
14211
45201
14212
31172
14463
45207
14464
31298
14543
45211
14544
31338
19226
49609
19227
33677
33678
22610
53381
22611
35367
35368
22626
53389
22627
35376
16380
46971
16381
32239
32256
16416
46975
16417
32257
32274
16444
46987
16445
32288
20543
51975
20544
34335
34336
17789
48435
17790
32943
32960
17825
48445
17826
32961
32978
17853
48439
17854
32992
21828
52669
21829
34977
34978
19178
49611
19179
33637
33654
19214
49621
19215
33655
33672
19242
49615
19243
33686
22293
53095
22294
35209
35210
14123
45213
14124
31126
31128
14129
45253
14130
31129
31131
14141
45215
14142
31136
31137
14145
45255
14146
31138
31139
14157
45217
14158
31144
31145
14161
45257
14162
31146
31147
14179
45219
14180
31154
31156
14199
45221
14200
31165
31166
14215
45223
14216
31173
31174
14451
45225
14452
31291
31292
14455
45271
14456
31293
31294
14467
45227
14468
31299
31300
14531
45229
14532
31331
31332
14535
45277
14536
31333
31334
14547
45231
14548
31339
31340
20495
51919
20496
34295
34312
20531
51963
20532
34313
34330
20559
51991
20560
34344
22630
53391
22631
35377
35378
16432
46981
16433
32281
32282
16436
46983
16437
32283
32284
16448
46989
16449
32289
32290
21780
52609
21781
34937
34954
21816
52657
21817
34955
34972
21844
52685
21845
34986
17841
48441
17842
32985
32986
17845
48449
17846
32987
32988
17857
48443
17858
32993
32994
22245
53001
22246
35169
35186
22281
53081
22282
35187
35204
22309
53121
22310
35218
14235
45239
14236
31184
14257
45241
14258
31195
14273
45243
14274
31203
14483
45247
14484
31308
14563
45251
14564
31348
19230
49617
19231
33679
33680
19234
49623
19235
33681
33682
19246
49619
19247
33687
33688
16464
46997
16465
32298
20547
51979
20548
34337
34338
20551
51983
20552
34339
34340
20563
51995
20564
34345
34346
17873
48447
17874
33002
21832
52673
21833
34979
34980
21836
52677
21837
34981
34982
22614
53383
22615
35369
35370
22618
53385
22619
35371
35372
21848
52689
21849
34987
34988
19262
49635
19263
33696
22297
53099
22298
35211
35212
22301
53115
22302
35213
35214
22313
53131
22314
35219
35220
14185
45259
14186
31157
31159
14191
45291
14192
31160
31162
22646
53399
22647
35386
14203
45261
14204
31167
31168
14207
45293
14208
31169
31170
14219
45263
14220
31175
31176
14223
45295
14224
31177
31178
14241
45265
14242
31185
31187
14261
45267
14262
31196
31197
14277
45269
14278
31204
31205
14471
45273
14472
31301
31302
14475
45307
14476
31303
31304
14487
45275
14488
31309
31310
14551
45279
14552
31341
31342
14555
45313
14556
31343
31344
14567
45281
14568
31349
31350
20579
52011
20580
34354
22634
53393
22635
35379
35380
22638
53395
22639
35381
35382
22650
53401
22651
35387
35388
16452
46991
16453
32291
32292
16456
46995
16457
32293
32294
16468
46999
16469
32299
32300
21864
52705
21865
34996
17861
48451
17862
32995
32996
17865
48459
17866
32997
32998
17877
48453
17878
33003
33004
22329
53147
22330
35228
14105
45283
14106
31119
14439
45285
14440
31286
14519
45287
14520
31326
14775
45301
14776
31454
19250
49625
19251
33689
33690
19254
49641
19255
33691
33692
19266
49637
19267
33697
33698
22666
53409
22667
35396
16420
46985
16421
32276
20567
51999
20568
34347
34348
20571
52003
20572
34349
34350
20583
52015
20584
34355
34356
17829
48455
17830
32980
21852
52693
21853
34989
34990
21856
52697
21857
34991
34992
21868
52709
21869
34997
34998
19218
49631
19219
33674
22317
53137
22318
35221
35222
22321
53141
22322
35223
35224
22333
53153
22334
35229
35230
14167
45289
14168
31120
31150
14247
45297
14248
31188
31190
14253
45697
14254
31191
31193
14265
45299
14266
31198
31199
14269
45337
14270
31200
31201
14281
45303
14282
31206
31207
14285
45339
14286
31208
31209
14459
45305
14460
31287
31296
14491
45309
14492
31311
31312
14495
45343
14496
31313
31314
14539
45311
14540
31327
31336
14571
45315
14572
31351
31352
14575
45347
14576
31353
31354
14779
45323
14780
31455
31456
14591
45317
14592
31362
14613
45319
14614
31373
14629
45321
14630
31381
14795
45325
14796
31464
20535
51967
20536
34332
22654
53403
22655
35389
35390
22658
53405
22659
35391
35392
22670
53411
22671
35397
35398
16440
46993
16441
32277
32286
16472
47001
16473
32301
32302
16476
47005
16477
32303
32304
16488
47009
16489
32310
21820
52661
21821
34974
17849
48457
17850
32981
32990
17881
48461
17882
33005
33006
17885
48471
17886
33007
33008
17897
48465
17898
33014
22285
53083
22286
35206
19238
49639
19239
33675
33684
19270
49667
19271
33699
33700
19274
49669
19275
33701
33702
19286
51673
19287
33708
14597
45327
14598
31363
31365
14617
45335
14618
31374
31375
14633
45329
14634
31382
31383
14799
45331
14800
31465
31466
22622
53387
22623
35374
20555
51987
20556
34333
34342
20587
52019
20588
34357
34358
20591
52023
20592
34359
34360
20603
52029
20604
34366
16492
47011
16493
32311
32312
22943
53585
22944
35534
21840
52681
21841
34975
34984
21872
52713
21873
34999
35000
21876
52715
21877
35001
35002
21888
52721
21889
35008
17901
48467
17902
33015
33016
22305
53119
22306
35207
35216
22337
53155
22338
35231
35232
22341
53157
22342
35233
35234
22353
53163
22354
35240
14229
45333
14230
31151
31181
14291
45421
14292
29957
31182
31212
14479
45341
14480
31297
31306
14499
45423
14500
30579
31307
31316
14559
45345
14560
31337
31346
14579
45425
14580
31061
31347
31356
14783
45355
14784
31457
31458
14787
45447
14788
31229
31459
31460
14653
45349
14654
31393
14675
45351
14676
31404
14691
45353
14692
31412
14815
45357
14816
31474
19290
51641
19291
33709
33710
22642
53397
22643
35375
35384
22674
53413
22675
35399
35400
22678
53415
22679
35401
35402
22690
53421
22691
35408
16460
47003
16461
32287
32296
16480
47007
16481
29473
32297
32306
16508
47015
16509
32320
20607
52031
20608
34367
34368
22947
53587
22948
35535
35536
22963
53595
22964
35544
17869
48469
17870
32991
33000
17889
48479
17890
28981
33001
33010
17917
48473
17918
33024
21892
52723
21893
35009
35010
19258
49665
19259
33685
33694
19278
50975
19279
32219
33695
33704
19306
50995
19307
33718
22357
53165
22358
35241
35242
14603
45359
14604
31366
31368
14609
45451
14610
30016
31369
31371
14621
45361
14622
31376
31377
14625
45453
14626
30597
31378
31379
14637
45363
14638
31384
31385
14641
45455
14642
31079
31386
31387
14659
45365
14660
31394
31396
14679
45367
14680
31405
31406
14695
45369
14696
31413
31414
14803
45401
14804
31467
31468
14807
45475
14808
31247
31469
31470
14819
45405
14820
31475
31476
20575
52007
20576
34343
34352
20595
52025
20596
32923
34353
34362
20623
52039
20624
34376
22694
53423
22695
35409
35410
16496
47013
16497
32313
32314
16500
47019
16501
30000
32315
32316
16512
47017
16513
32321
32322
21860
52701
21861
34985
34994
21880
52717
21881
33617
34995
35004
21908
52731
21909
35018
22967
53597
22968
35545
35546
17905
48475
17906
33017
33018
17909
48589
17910
29984
33019
33020
17921
48477
17922
33025
33026
22325
53143
22326
35217
35226
22345
53159
22346
34275
35227
35236
22373
53173
22374
35250
14715
45441
14716
31424
14737
45443
14738
31435
14753
45445
14754
31117
31443
14835
45449
14836
31285
31325
31484
19294
50981
19295
33711
33712
19298
50985
19299
32237
33713
33714
19310
50999
19311
33719
33720
22662
53407
22663
35385
35394
22682
53417
22683
34917
35395
35404
22710
53431
22711
35418
16528
47023
16529
30635
32330
20611
52033
20612
34369
34370
20615
52035
20616
32941
34371
34372
20627
52041
20628
34377
34378
17937
48481
17938
30137
33034
21896
52725
21897
35011
35012
21900
52727
21901
33635
35013
35014
21912
52733
21913
35019
35020
19326
51021
19327
32275
33728
22361
53167
22362
35243
35244
22365
53169
22366
34293
35245
35246
22951
53589
22952
35537
35538
22955
53591
22956
35149
35539
35540
22377
53175
22378
35251
35252
14665
45457
14666
31397
31399
14671
45491
14672
30075
31400
31402
14683
45459
14684
31407
31408
14687
45497
14688
30615
31409
31410
22983
53605
22984
35554
14699
45461
14700
31415
31416
14703
45501
14704
31097
31417
31418
14721
45463
14722
31425
31427
14741
45471
14742
31436
31437
14757
45473
14758
31148
31444
31445
14839
45479
14840
31295
31335
31485
31486
14823
45477
14824
31477
31478
14827
45511
14828
31265
31479
31480
20643
52049
20644
32979
34386
22698
53425
22699
35411
35412
22702
53427
22703
34935
35413
35414
22714
53433
22715
35419
35420
16532
47051
16533
31140
32331
32332
16516
47021
16517
32323
32324
16520
47067
16521
30059
32325
32326
21928
52741
21929
33673
35028
22971
53599
22972
35547
35548
22975
53601
22976
35167
35549
35550
22987
53607
22988
35555
35556
17941
48489
17942
31132
33035
33036
17925
48483
17926
33027
33028
17929
48501
17930
30043
33029
33030
22393
53183
22394
34331
35260
14585
45481
14586
31359
14791
45483
14792
31462
14855
45485
14856
31494
19330
51027
19331
32285
33729
33730
19314
51003
19315
33721
33722
19318
51011
19319
32255
33723
33724
22730
53441
22731
34973
35428
16484
47057
16485
32308
20647
52051
20648
32989
34387
34388
20631
52043
20632
34379
34380
20635
52045
20636
32959
34381
34382
23003
53615
23004
35205
35373
35564
17893
48495
17894
33012
21932
52743
21933
33683
35029
35030
21916
52735
21917
35021
35022
21920
52737
21921
33653
35023
35024
19282
50967
19283
33706
22397
53185
22398
34341
35261
35262
22381
53177
22382
35253
35254
22385
53179
22386
34311
35255
35256
14647
45487
14648
31360
31390
14727
45503
14728
31428
31430
14733
45535
14734
30134
31431
31433
14745
45505
14746
31438
31439
14749
45541
14750
30633
31440
31441
14761
45507
14762
31179
31446
31447
14765
45545
14766
31115
31210
31448
31449
14843
45513
14844
31305
31345
31487
31488
14847
45551
14848
31283
31315
31355
31489
31490
14811
45509
14812
31463
31472
14859
45515
14860
31495
31496
14879
45517
14880
31506
14901
45519
14902
31517
14917
45521
14918
31525
20599
52027
20600
34364
22734
53443
22735
34983
35429
35430
22718
53435
22719
35421
35422
22722
53437
22723
34953
35423
35424
16536
47073
16537
31171
32333
32334
16540
47087
16541
30118
31202
32335
32336
16504
47061
16505
32309
32318
16552
47079
16553
32342
21884
52719
21885
35006
23007
53617
23008
35215
35383
35565
35566
22991
53609
22992
35557
35558
22995
53611
22996
35185
35559
35560
17945
48505
17946
31163
33037
33038
17949
48517
17950
30102
31194
33039
33040
17913
48499
17914
33013
33022
17961
48509
17962
33046
22349
53161
22350
35238
19334
51031
19335
32295
33731
33732
19338
51033
19339
32273
32305
33733
33734
19302
50989
19303
33707
33716
19350
51045
19351
33740
14885
45525
14886
31507
31509
14905
45527
14906
31518
31519
14921
45529
14922
31526
31527
22686
53419
22687
35406
20651
52053
20652
32999
34389
34390
20655
52055
20656
32977
33009
34391
34392
20619
52037
20620
34365
34374
20667
52061
20668
34398
16556
47083
16557
32343
32344
22959
53593
22960
35542
21936
52745
21937
33693
35031
35032
21940
52747
21941
33671
33703
35033
35034
21904
52729
21905
35007
35016
21952
52755
21953
35040
17965
48511
17966
33047
33048
23216
53721
23217
35670
22401
53187
22402
34351
35263
35264
22405
53189
22406
34329
34361
35265
35266
22369
53171
22370
35239
35248
22417
53197
22418
35272
14709
45531
14710
31391
31421
14771
45591
14772
31422
31452
14831
45549
14832
31473
31482
14851
45593
14852
31483
31492
14863
45553
14864
31497
31498
14867
45595
14868
31499
31500
14941
45555
14942
31537
14963
45557
14964
31548
14979
45565
14980
31556
19354
51049
19355
33741
33742
22738
53445
22739
34993
35431
35432
22742
53447
22743
34971
35003
35433
35434
22706
53429
22707
35407
35416
22754
53453
22755
35440
16524
47085
16525
32319
32328
16544
47101
16545
32329
32338
16572
47091
16573
32352
20671
52063
20672
34399
34400
23011
53619
23012
35225
35393
35567
35568
23015
53621
23016
35203
35235
35403
35569
35570
22979
53603
22980
35543
35552
23027
53627
23028
35576
17933
48513
17934
33023
33032
17953
48529
17954
33033
33042
17981
48521
17982
33056
21956
52759
21957
35041
35042
23220
53723
23221
35671
35672
23236
53731
23237
35680
19322
51017
19323
33717
33726
19342
51037
19343
33727
33736
19370
51065
19371
33750
22421
53201
22422
35273
35274
14891
45567
14892
31510
31512
14897
45617
14898
31513
31515
14909
45569
14910
31520
31521
14913
45619
14914
31522
31523
14925
45571
14926
31528
31529
14929
45621
14930
31530
31531
14947
45581
14948
31538
31540
14967
45585
14968
31549
31550
14983
45589
14984
31557
31558
20639
52047
20640
34375
34384
20659
52057
20660
34385
34394
20687
52075
20688
34408
22758
53455
22759
35441
35442
16560
47095
16561
32345
32346
16564
47105
16565
32347
32348
16576
47097
16577
32353
32354
21924
52739
21925
35017
35026
21944
52749
21945
35027
35036
21972
52775
21973
35050
23031
53629
23032
35577
35578
17969
48523
17970
33049
33050
17973
48535
17974
33051
33052
17985
48527
17986
33057
33058
22389
53181
22390
35249
35258
22409
53191
22410
35259
35268
22437
53215
22438
35282
23240
53733
23241
35681
35682
15003
45605
15004
31568
15025
45609
15026
31579
15041
45613
15042
31357
31461
31587
19358
51055
19359
33743
33744
19362
51057
19363
33745
33746
19374
51069
19375
33751
33752
22726
53439
22727
35417
35426
22746
53449
22747
35427
35436
22774
53463
22775
35450
16592
47103
16593
31317
32362
20675
52065
20676
34401
34402
20679
52067
20680
34403
34404
20691
52079
20692
34409
34410
22999
53613
23000
35553
35562
23019
53623
23020
35563
35572
23047
53637
23048
35586
18001
48531
18002
31213
33066
21960
52763
21961
35043
35044
21964
52767
21965
35045
35046
21976
52779
21977
35051
35052
19390
51085
19391
32307
33760
22425
53205
22426
35275
35276
22429
53209
22430
35277
35278
22441
53221
22442
35283
35284
14953
45623
14954
31541
31543
14959
45663
14960
31544
31546
23224
53725
23225
35673
35674
23228
53727
23229
35675
35676
14971
45625
14972
31551
31552
14975
45667
14976
31553
31554
14987
45629
14988
31559
31560
14991
45677
14992
31561
31562
23256
53741
23257
35690
15009
45631
15010
31569
31571
15029
45633
15030
31580
31581
15045
45635
15046
31388
31471
31588
31589
20707
52095
20708
33011
34418
22762
53457
22763
35443
35444
22766
53459
22767
35445
35446
22778
53465
22779
35451
35452
16596
47109
16597
31380
32363
32364
16580
47107
16581
32355
32356
16584
47115
16585
32357
32358
21992
52795
21993
33705
35060
23035
53631
23036
35579
35580
23039
53633
23040
35581
35582
23051
53639
23052
35587
35588
18005
48547
18006
31372
33067
33068
17989
48541
17990
33059
33060
17993
48563
17994
33061
33062
22457
53237
22458
34363
35292
23244
53735
23245
35683
35684
23248
53737
23249
35685
35686
23260
53743
23261
35691
35692
14873
45645
14874
31503
15063
45649
15064
31598
19394
51089
19395
32317
33761
33762
19378
51073
19379
33753
33754
19382
51077
19383
33755
33756
22794
53473
22795
35005
35460
16548
47111
16549
32340
20711
52099
20712
33021
34419
34420
20695
52083
20696
34411
34412
20699
52087
20700
34413
34414
23067
53647
23068
35237
35596
17957
48551
17958
33044
21996
52799
21997
33715
35061
35062
21980
52783
21981
35053
35054
21984
52787
21985
35055
35056
23276
53751
23277
35405
35541
35700
19346
51041
19347
33738
22461
53241
22462
34373
35293
35294
22445
53225
22446
35285
35286
22449
53229
22450
35287
35288
14935
45659
14936
31504
31534
15015
45681
15016
31572
31574
15021
45751
15022
31575
31577
15033
45685
15034
31582
31583
15037
45753
15038
31584
31585
15049
45691
15050
31419
31481
31590
31591
15053
46331
15054
31450
31491
31592
31593
15067
45699
15068
31599
31600
15087
45701
15088
31610
15109
45705
15110
31621
20663
52059
20664
34396
22798
53475
22799
35015
35461
35462
22782
53467
22783
35453
35454
22786
53469
22787
35455
35456
16600
47117
16601
31411
32365
32366
16604
47125
16605
31442
32367
32368
16568
47113
16569
32341
32350
16616
47119
16617
32374
21948
52751
21949
35038
23071
53649
23072
35247
35597
35598
23055
53641
23056
35589
35590
23059
53643
23060
35591
35592
18009
48567
18010
31403
33069
33070
18013
48601
18014
31434
33071
33072
17977
48559
17978
33045
33054
18025
48575
18026
33078
22413
53193
22414
35270
23280
53753
23281
35415
35551
35701
35702
23264
53745
23265
35693
35694
23268
53747
23269
35695
35696
19398
51093
19399
32327
33763
33764
19402
51097
19403
32337
33765
33766
19366
51061
19367
33739
33748
19414
51109
19415
33772
15093
45707
15094
31611
31613
15113
45709
15114
31622
31623
22750
53451
22751
35438
20715
52103
20716
33031
34421
34422
20719
52107
20720
33041
34423
34424
20683
52071
20684
34397
34406
20731
52119
20732
34430
16620
47121
16621
32375
32376
23023
53625
23024
35574
22000
52803
22001
33725
35063
35064
22004
52807
22005
33735
35065
35066
21968
52771
21969
35039
35048
22016
52819
22017
35072
18029
48577
18030
33079
33080
23232
53729
23233
35678
22465
53245
22466
34383
35295
35296
22469
53249
22470
34393
35297
35298
22433
53211
22434
35271
35280
22481
53261
22482
35304
14997
45749
14998
31535
31565
15059
46953
15060
31566
31596
15071
46231
15072
31601
31602
15075
46955
15076
31603
31604
15133
46271
15134
31633
15155
46441
15156
31644
19418
51113
19419
33773
33774
23425
53825
23426
35774
22802
53477
22803
35025
35463
35464
22806
53479
22807
35035
35465
35466
22770
53461
22771
35439
35448
22818
53485
22819
35472
16588
47123
16589
32351
32360
16608
47139
16609
32361
32370
16636
47129
16637
32384
20735
52123
20736
34431
34432
23075
53651
23076
35257
35599
35600
23079
53653
23080
35267
35601
35602
23043
53635
23044
35575
35584
23091
53659
23092
35608
17997
48583
17998
33055
33064
18017
49643
18018
33065
33074
18045
48629
18046
33088
22020
52823
22021
35073
35074
23284
53755
23285
35425
35561
35703
35704
23288
53757
23289
35435
35571
35705
35706
23252
53739
23253
35679
35688
23300
53763
23301
35712
19386
51081
19387
33749
33758
19406
51101
19407
33759
33768
19434
51129
19435
33782
22485
53265
22486
35305
35306
15099
46549
15100
31614
31616
15105
47151
15106
31617
31619
15117
46947
15118
31624
31625
15121
47153
15122
31626
31627
15139
46949
15140
31634
31636
15159
46951
15160
31645
31646
23429
53827
23430
35775
35776
23445
53835
23446
35784
20703
52091
20704
34407
34416
20723
52111
20724
34417
34426
20751
52139
20752
34440
22822
53487
22823
35473
35474
16624
47131
16625
32377
32378
16628
47243
16629
32379
32380
16640
47133
16641
32385
32386
21988
52791
21989
35049
35058
22008
52811
22009
35059
35068
22036
52839
22037
35082
23095
53661
23096
35609
35610
18033
48659
18034
33081
33082
18037
49657
18038
33083
33084
18049
49629
18050
33089
33090
22453
53233
22454
35281
35290
22473
53253
22474
35291
35300
22501
53281
22502
35314
23304
53765
23305
35713
35714
15179
46957
15180
31656
15201
47137
15202
31501
31667
19422
51117
19423
33775
33776
19426
51121
19427
33777
33778
19438
51133
19439
33783
33784
22790
53471
22791
35449
35458
22810
53481
22811
35459
35468
22838
53495
22839
35482
23449
53837
23450
35785
35786
16656
47141
16657
31493
32394
20739
52127
20740
34433
34434
20743
52131
20744
34435
34436
20755
52143
20756
34441
34442
23063
53645
23064
35585
35594
23083
53655
23084
35595
35604
23111
53669
23112
35618
18065
49651
18066
31453
33098
22024
52827
22025
35075
35076
22028
52831
22029
35077
35078
22040
52843
22041
35083
35084
23272
53749
23273
35689
35698
23292
53759
23293
35699
35708
23320
53773
23321
35722
19454
51149
19455
32339
33792
22489
53269
22490
35307
35308
22493
53273
22494
35309
35310
22505
53285
22506
35315
35316
15145
47159
15146
31637
31639
15151
47267
15152
31640
31642
15163
47163
15164
31647
31648
15167
47269
15168
31649
31650
15185
47237
15186
31657
31659
15205
47241
15206
31532
31668
31669
23433
53829
23434
35777
35778
23437
53831
23438
35779
35780
20771
52159
20772
33043
34450
22826
53489
22827
35475
35476
22830
53491
22831
35477
35478
22842
53497
22843
35483
35484
16660
47247
16661
31524
32395
32396
16644
47245
16645
32387
32388
16648
47291
16649
32389
32390
23465
53845
23466
35794
22056
52859
22057
33737
35092
23099
53663
23100
35611
35612
23103
53665
23104
35613
35614
23115
53671
23116
35619
35620
18069
49673
18070
31516
33099
33100
18053
49663
18054
33091
33092
18057
49697
18058
33093
33094
22521
53301
22522
34395
35324
23308
53767
23309
35715
35716
23312
53769
23313
35717
35718
23324
53775
23325
35723
35724
15081
47249
15082
31607
19458
51153
19459
32349
33793
33794
19442
51137
19443
33785
33786
19446
51141
19447
33787
33788
22858
53509
22859
35037
35492
23453
53839
23454
35787
35788
23457
53841
23458
35789
35790
23469
53847
23470
35795
35796
15231
47253
15232
31682
16612
47255
16613
32372
20775
52163
20776
33053
34451
34452
20759
52147
20760
34443
34444
20763
52151
20764
34445
34446
23131
53679
23132
35269
35628
16680
47257
16681
32406
18021
49679
18022
33076
22060
52863
22061
33747
35093
35094
22044
52847
22045
35085
35086
22048
52851
22049
35087
35088
15261
47261
15262
31697
23340
53783
23341
35437
35732
18089
49687
18090
33110
19410
51105
19411
33770
22525
53305
22526
34405
35325
35326
22509
53289
22510
35317
35318
22513
53293
22514
35319
35320
15127
47263
15128
31608
31630
15191
47273
15192
31660
31662
15197
47309
15198
31663
31665
15209
47275
15210
31563
31670
31671
15213
47315
15214
31594
31672
31673
16700
47317
16701
32416
23485
53855
23486
35573
35677
35804
19478
51171
19479
33804
20727
52115
20728
34428
22862
53513
22863
35047
35493
35494
22846
53499
22847
35485
35486
22850
53501
22851
35487
35488
16664
47311
16665
31555
32397
32398
16668
47363
16669
31586
32399
32400
15237
47279
15238
31683
31685
16632
47283
16633
32373
32382
15291
47287
15292
31712
18109
49691
18110
33120
20795
52181
20796
34462
22012
52815
22013
35070
23135
53681
23136
35279
35629
35630
23119
53673
23120
35621
35622
23123
53675
23124
35623
35624
18073
49701
18074
31547
33101
33102
18077
49755
18078
31578
33103
33104
16684
47313
16685
32407
32408
18041
49693
18042
33077
33086
16720
47327
16721
31605
32426
19498
51189
19499
33814
15267
47297
15268
31698
31700
22080
52883
22081
35104
22477
53257
22478
35302
23344
53785
23345
35447
35733
35734
23328
53777
23329
35725
35726
23332
53779
23333
35727
35728
19462
51157
19463
32359
33795
33796
19466
51161
19467
32369
33797
33798
18093
49703
18094
33111
33112
19430
51125
19431
33771
33780
18129
49765
18130
31597
33130
20815
52199
20816
34472
16704
47319
16705
32417
32418
22545
53325
22546
35336
22814
53483
22815
35470
23489
53857
23490
35583
35687
35805
35806
23473
53849
23474
35797
35798
23477
53851
23478
35799
35800
20779
52167
20780
33063
34453
34454
20783
52169
20784
33073
34455
34456
19482
51175
19483
33805
33806
20747
52135
20748
34429
34438
19518
51205
19519
32371
33824
15297
47301
15298
31713
31715
22100
52903
22101
35114
18113
49747
18114
33121
33122
22882
53533
22883
35504
23087
53657
23088
35606
22064
52867
22065
33757
35095
35096
22068
52871
22069
33767
35097
35098
20799
52185
20800
34463
34464
22032
52835
22033
35071
35080
20835
52219
20836
33075
34482
16724
47353
16725
31628
32427
32428
22565
53345
22566
35346
19502
51193
19503
33815
33816
23155
53691
23156
35640
23296
53761
23297
35710
22529
53309
22530
34415
35327
35328
22533
53313
22534
34425
35329
35330
22084
52887
22085
35105
35106
22497
53277
22498
35303
35312
22120
52923
22121
33769
35124
15173
47305
15174
31631
31653
15219
47419
15220
31654
31676
18133
50617
18134
31620
33131
33132
22902
53553
22903
35514
20819
52203
20820
34473
34474
23364
53795
23365
35744
23441
53833
23442
35782
22866
53517
22867
35057
35495
35496
22870
53521
22871
35067
35497
35498
22549
53329
22550
35337
35338
22834
53493
22835
35471
35480
22585
53365
22586
34427
35356
15243
47347
15244
31686
31688
15249
47435
15250
31689
31691
16652
47359
16653
32383
32392
16672
49707
16673
32393
32402
19522
51209
19523
32381
33825
33826
23175
53701
23176
35650
22104
52907
22105
35115
35116
23509
53867
23510
35816
23570
53897
23571
35846
23139
53683
23140
35289
35631
35632
23143
53685
23144
35299
35633
35634
22886
53537
22887
35505
35506
23107
53667
23108
35607
35616
22922
53573
22923
35069
35524
16688
47365
16689
32409
32410
16692
49729
16693
32411
32412
18061
49741
18062
33087
33096
18081
50507
18082
33097
33106
20839
52223
20840
33085
34483
34484
23384
53805
23385
35754
22569
53349
22570
35347
35348
15273
47373
15274
31701
31703
15279
49719
15280
31704
31706
23590
53907
23591
35856
23348
53787
23349
35457
35735
35736
23352
53789
23353
35467
35737
35738
23159
53693
23160
35641
35642
23316
53771
23317
35711
35720
23195
53711
23196
35301
35660
18097
49757
18098
33113
33114
18101
50533
18102
33115
33116
19450
51145
19451
33781
33790
19470
51165
19471
33791
33800
22124
52927
22125
33779
35125
35126
23529
53877
23530
35826
22906
53557
22907
35515
35516
16708
47381
16709
32419
32420
16712
49735
16713
32421
32422
23493
53859
23494
35593
35697
35807
35808
23497
53861
23498
35603
35707
35809
35810
23368
53797
23369
35745
35746
23461
53843
23462
35783
35792
23404
53815
23405
35469
35764
19486
51179
19487
33807
33808
19490
51183
19491
33809
33810
20767
52155
20768
34439
34448
20787
52175
20788
34449
34458
22589
53369
22590
34437
35357
35358
15303
47397
15304
31716
31718
15309
49725
15310
31719
31721
23610
53917
23611
35866
23179
53703
23180
35651
35652
18117
50557
18118
33123
33124
18121
50605
18122
33125
33126
23513
53869
23514
35817
35818
23574
53899
23575
35847
35848
23549
53887
23550
35605
35836
20803
52187
20804
34465
34466
20807
52193
20808
34467
34468
22052
52855
22053
35081
35090
22072
52877
22073
35091
35100
22926
53577
22927
35079
35525
35526
16728
47415
16729
31651
32429
32430
16732
50367
16733
31674
32431
32432
23388
53807
23389
35755
35756
19506
51195
19507
33817
33818
19510
51199
19511
33819
33820
23594
53909
23595
35857
35858
23630
53927
23631
35709
35781
35876
22088
52891
22089
35107
35108
22092
52897
22093
35109
35110
22517
53297
22518
35313
35322
22537
53319
22538
35323
35332
23199
53713
23200
35311
35661
35662
18137
50633
18138
31643
33133
33134
18141
50635
18142
31666
33135
33136
23533
53879
23534
35827
35828
20823
52207
20824
34475
34476
20827
52213
20828
34477
34478
22553
53333
22554
35339
35340
22557
53339
22558
35341
35342
22854
53503
22855
35481
35490
22874
53527
22875
35491
35500
23408
53817
23409
35479
35765
35766
19526
51213
19527
32391
33827
33828
19530
51219
19531
32401
33829
33830
23614
53919
23615
35867
35868
22108
52911
22109
35117
35118
22112
52917
22113
35119
35120
22890
53541
22891
35507
35508
22894
53547
22895
35509
35510
23127
53677
23128
35617
35626
23147
53689
23148
35627
35636
23553
53889
23554
35615
35837
35838
20843
52227
20844
33095
34485
34486
20847
52233
20848
33105
34487
34488
22573
53353
22574
35349
35350
22577
53359
22578
35351
35352
23163
53695
23164
35643
35644
23167
53699
23168
35645
35646
23336
53781
23337
35721
35730
23356
53793
23357
35731
35740
23634
53929
23635
35719
35791
35877
35878
22128
52931
22129
33789
35127
35128
22132
52937
22133
33799
35129
35130
22910
53561
22911
35517
35518
22914
53567
22915
35519
35520
23372
53799
23373
35747
35748
23376
53803
23377
35749
35750
23481
53853
23482
35793
35802
23501
53865
23502
35803
35812
22593
53373
22594
34447
35359
35360
22597
53377
22598
34457
35361
35362
23183
53705
23184
35653
35654
23187
53709
23188
35655
35656
23517
53871
23518
35819
35820
23521
53875
23522
35821
35822
23578
53901
23579
35849
35850
23582
53905
23583
35851
35852
22930
53579
22931
35089
35527
35528
22934
53583
22935
35099
35529
35530
23392
53809
23393
35757
35758
23396
53813
23397
35759
35760
23598
53911
23599
35859
35860
23602
53915
23603
35861
35862
15225
45643
15226
31679
23203
53715
23204
35321
35663
35664
23207
53719
23208
35331
35665
35666
23537
53881
23538
35829
35830
23541
53885
23542
35831
35832
15255
45657
15256
31680
31694
16676
47127
16677
32404
23412
53819
23413
35489
35767
35768
23416
53823
23417
35499
35769
35770
23618
53921
23619
35869
35870
23622
53925
23623
35871
35872
16696
47135
16697
32405
32414
18085
48533
18086
33108
23557
53891
23558
35625
35839
35840
23561
53895
23562
35635
35841
35842
15285
45675
15286
31695
31709
15315
45689
15316
31710
31724
15317
31725
18105
48549
18106
33109
33118
19474
51163
19475
33802
23638
53931
23639
35729
35801
35879
35880
23642
54127
23643
35739
35811
35881
35882
16716
47149
16717
32415
32424
16736
47161
16737
32425
32434
16738
32435
19494
51181
19495
33803
33812
20791
52173
20792
34460
18125
48565
18126
33119
33128
18145
48581
18146
33129
33138
18147
33139
20811
52191
20812
34461
34470
22076
52875
22077
35102
19514
51197
19515
33813
33822
19534
51217
19535
33823
33832
19536
33833
22096
52895
22097
35103
35112
22541
53317
22542
35334
20831
52211
20832
34471
34480
20851
52231
20852
34481
34490
20853
34491
22561
53337
22562
35335
35344
22878
53525
22879
35502
22116
52915
22117
35113
35122
22136
52935
22137
35123
35132
22138
35133
22898
53545
22899
35503
35512
23151
53687
23152
35638
22581
53357
22582
35345
35354
22601
53375
22602
35355
35364
22603
35365
23171
53697
23172
35639
35648
23360
53791
23361
35742
22918
53565
22919
35513
35522
22938
53581
22939
35523
35532
22940
35533
23380
53801
23381
35743
35752
23505
53863
23506
35814
23191
53707
23192
35649
35658
23211
53717
23212
35659
35668
23213
35669
23525
53873
23526
35815
35824
23586
53903
23587
35854
23400
53811
23401
35753
35762
23420
53821
23421
35763
35772
23422
35773
23606
53913
23607
35855
35864
23653
54125
23654
35887
23545
53883
23546
35825
35834
23565
53893
23566
35835
35844
23567
35845
23659
54123
23660
35888
35890
23676
54121
23677
35898
23626
53923
23627
35865
35874
23646
54119
23647
35875
35884
23648
35885
23680
53937
23681
35899
35900
23693
53943
23694
35906
23665
53935
23666
35891
35893
23671
53933
23672
35894
35896
23673
35897
23697
53945
23698
35907
35908
23710
53951
23711
35914
23684
53939
23685
35901
35902
23688
53941
23689
35903
35904
23690
35905
23714
53953
23715
35915
35916
23727
53959
23728
35922
23701
53947
23702
35909
35910
23705
53949
23706
35911
35912
23707
35913
23731
53961
23732
35923
35924
23744
53967
23745
35930
23718
53955
23719
35917
35918
23722
53957
23723
35919
35920
23724
35921
23748
53969
23749
35931
35932
23761
53975
23762
35938
23735
53963
23736
35925
35926
23739
53965
23740
35927
35928
23741
35929
23765
53977
23766
35939
35940
23778
53983
23779
35946
23752
53971
23753
35933
35934
23756
53973
23757
35935
35936
23758
35937
23782
53985
23783
35947
35948
23795
53991
23796
35954
23769
53979
23770
35941
35942
23773
53981
23774
35943
35944
23775
35945
23799
53993
23800
35955
35956
23812
53999
23813
35962
23786
53987
23787
35949
35950
23790
53989
23791
35951
35952
23792
35953
23816
54001
23817
35963
35964
23829
54007
23830
35970
23803
53995
23804
35957
35958
23807
53997
23808
35959
35960
23809
35961
23833
54009
23834
35971
35972
23846
54015
23847
35978
23820
54003
23821
35965
35966
23824
54005
23825
35967
35968
23826
35969
23850
54017
23851
35979
35980
23865
54023
23866
31677
35987
23837
54011
23838
35973
35974
23841
54013
23842
35975
35976
23843
35977
23871
54025
23872
31692
35988
35990
23888
54031
23889
32403
35998
23854
54019
23855
35981
35982
23858
54021
23859
35983
35984
23860
35985
23892
54033
23893
32413
35999
36000
23905
54039
23906
33107
36006
23877
54027
23878
31707
35991
35993
23883
54029
23884
31722
35994
35996
23885
35997
23909
54041
23910
33117
36007
36008
23922
54047
23923
33801
36014
23896
54035
23897
32423
36001
36002
23900
54037
23901
32433
36003
36004
23902
36005
23926
54049
23927
33811
36015
36016
23939
54055
23940
34459
36022
23913
54043
23914
33127
36009
36010
23917
54045
23918
33137
36011
36012
23919
36013
23943
54057
23944
34469
36023
36024
23956
54063
23957
35101
36030
23930
54051
23931
33821
36017
36018
23934
54053
23935
33831
36019
36020
23936
36021
23960
54065
23961
35111
36031
36032
23973
54071
23974
35333
36038
23947
54059
23948
34479
36025
36026
23951
54061
23952
34489
36027
36028
23953
36029
23977
54073
23978
35343
36039
36040
23990
54079
23991
35501
36046
23964
54067
23965
35121
36033
36034
23968
54069
23969
35131
36035
36036
23970
36037
23994
54081
23995
35511
36047
36048
24007
54087
24008
35637
36054
23981
54075
23982
35353
36041
36042
23985
54077
23986
35363
36043
36044
23987
36045
24011
54089
24012
35647
36055
36056
24024
54095
24025
35741
36062
23998
54083
23999
35521
36049
36050
24002
54085
24003
35531
36051
36052
24004
36053
24028
54097
24029
35751
36063
36064
24041
54103
24042
35813
36070
24015
54091
24016
35657
36057
36058
24019
54093
24020
35667
36059
36060
24021
36061
24045
54105
24046
35823
36071
36072
24058
54111
24059
35853
36078
24032
54099
24033
35761
36065
36066
24036
54101
24037
35771
36067
36068
24038
36069
24062
54113
24063
35863
36079
36080
24049
54107
24050
35833
36073
36074
24053
54109
24054
35843
36075
36076
24055
36077
24066
54115
24067
35873
36081
36082
24070
54117
24071
35883
36083
36084
24072
36085
