56
57
58
59
90
91
128
129
180
181
236
237
286
287
318
319
320
321
4
5
20
21
6
7
16
17
32
33
42
43
68
69
78
79
36086
36088
36090
36092
36094
36096
36098
36100
106
107
36102
116
117
36104
158
159
36106
168
169
36108
214
215
36110
224
225
36112
264
265
36114
274
275
50
51
36116
22
23
36118
46
47
36120
82
83
36122
120
121
36124
172
173
36126
228
229
36128
278
279
36130
52
53
36132
86
87
36134
124
125
36136
330
331
36138
176
177
36140
232
233
36142
282
283
36144
340
341
36146
344
345
36148
348
349
352
353
94
95
36150
36152
96
97
36154
132
133
36156
184
185
36158
240
241
36160
290
291
36162
356
357
142
143
144
145
192
193
194
195
196
197
36164
380
381
248
249
250
251
252
253
36166
390
391
36168
394
395
36170
398
399
402
403
36172
36174
406
407
298
299
300
301
302
303
432
433
364
365
366
367
368
369
414
415
36176
36178
448
449
416
417
418
419
136
137
146
147
202
203
36180
36182
138
139
36184
188
189
36186
244
245
36188
294
295
36190
360
361
36192
410
411
312
313
36194
148
149
36196
198
199
36198
254
255
36200
304
305
36202
370
371
36204
420
421
36206
204
205
36208
308
309
36210
458
459
462
463
36212
466
467
470
471
36214
36216
474
475
36218
36220
478
479
482
483
484
485
486
487
36222
488
489
36224
424
425
436
437
36226
314
315
36228
428
429
36230
498
499
36232
438
439
0
1
2
3
8
9
24073
24074
24076
508
509
36234
512
513
36236
516
517
520
521
36238
36240
524
525
36242
36244
528
529
532
533
534
535
536
537
36246
538
539
36248
542
543
36250
546
547
550
551
36252
36254
554
555
558
559
36256
560
561
10
11
12
13
14
15
18
19
24078
24079
24080
24081
24
25
24084
570
571
26
27
28
29
30
31
34
35
24086
24087
24088
24089
580
581
584
585
588
589
592
593
36258
36260
596
597
36262
36264
600
601
604
605
606
607
608
609
36266
36268
36270
610
611
36
37
38
39
40
41
44
36183
45
24091
24092
24093
24094
48
36121
49
24096
54
36133
55
24099
60
36099
61
24077
24082
24100
24102
620
621
62
63
64
65
66
67
70
36119
71
24104
24105
24106
24107
630
631
36272
634
635
36274
638
639
642
643
36276
36278
646
647
36280
36282
36284
650
651
654
655
656
657
658
659
36286
660
661
36288
664
665
36290
668
669
672
673
36292
36294
676
677
36296
680
681
684
685
36298
686
687
72
73
74
75
76
77
80
36101
81
24109
24110
24111
24112
84
36123
85
24114
88
36135
89
24085
24116
92
36095
93
24090
24095
24117
24118
98
36155
99
24121
696
697
100
101
102
103
36300
36302
36304
36306
36308
36310
104
105
108
36103
109
24123
24124
24125
24126
706
707
36312
710
711
36314
714
715
718
719
36316
36318
722
723
36320
36322
36324
726
727
730
731
732
733
734
735
36326
736
737
110
111
112
113
114
115
36328
36330
36332
36334
36336
36338
36340
118
36105
119
24128
24129
24130
24131
122
36125
123
24133
126
36137
127
24097
24135
130
36093
131
24108
24113
24136
24137
134
36157
135
24139
140
36342
36185
141
24103
24142
150
36197
151
24143
24144
24145
24147
746
747
152
153
154
155
156
157
160
36107
161
24149
24150
24151
24152
756
757
760
761
764
765
768
36335
769
36344
36346
772
773
36348
36350
776
777
780
781
782
783
784
785
36352
36354
36356
786
787
36358
790
791
36360
794
795
798
36307
799
36362
36364
802
803
36366
806
807
162
163
164
165
166
167
170
36109
171
24154
24155
24156
24157
174
36127
175
24159
178
36141
179
24115
24161
182
36091
183
24127
24132
24162
24163
186
36159
187
24165
190
36368
36187
191
24119
24122
24167
200
36199
201
24168
24169
24170
24171
24172
206
36209
207
24175
816
817
208
209
210
211
212
213
216
36111
217
24177
24178
24179
24180
826
827
830
831
834
835
838
839
36370
36372
842
843
36374
36376
846
847
850
851
852
853
854
855
36378
36380
36382
856
857
218
219
220
221
222
223
226
36113
227
24182
24183
24184
24185
230
36129
231
24187
234
36143
235
24134
24189
238
36089
239
24153
24158
24190
24191
242
36161
243
24193
246
36384
36189
247
24138
24140
24195
256
36201
257
24196
24197
24198
24199
24200
866
867
258
259
260
261
262
263
266
36115
267
24202
24203
24204
24205
876
877
880
881
884
885
888
889
36386
36388
892
893
36390
36392
896
897
900
901
902
903
904
905
36394
36396
36398
906
907
36400
910
911
36402
914
915
918
919
36404
36406
922
923
36408
926
927
36410
930
931
934
935
36412
936
937
940
941
36414
942
943
36416
946
947
950
951
36418
952
953
268
269
270
271
36420
36422
36424
36426
36428
36430
36432
36434
36436
36438
36440
36442
36444
36446
36448
36450
36452
36454
36456
36458
36460
36462
36464
272
273
276
36117
277
24207
24208
24209
24210
280
36131
281
24212
284
36145
285
24160
24214
288
36087
289
24181
24186
24215
24216
292
36163
293
24218
296
36466
36191
297
24164
24166
24220
306
36203
307
24221
24222
24223
24224
24225
310
36211
311
24227
316
36229
317
24230
322
36097
323
24148
24173
24231
24233
962
963
324
325
326
327
328
329
332
36139
333
24235
24236
24237
24238
972
973
976
977
980
981
984
36423
985
36468
36470
988
989
36472
36474
992
993
996
997
998
999
1000
1001
36476
36478
36480
1002
1003
334
335
336
337
338
339
342
36147
343
24240
24241
24242
24243
346
36149
347
24245
350
36153
351
24188
24247
354
36151
355
24206
24211
24248
24249
358
36165
359
24251
362
36482
36193
363
24192
24194
24253
372
36205
373
24254
24255
24256
24257
24258
1012
1013
374
375
376
377
378
379
382
36167
383
24260
24261
24262
24263
1022
1023
1026
1027
1030
1031
1034
1035
36484
36486
1038
1039
36488
36490
1042
1043
1046
1047
1048
1049
1050
1051
36492
36494
36496
1052
1053
36498
1056
1057
36500
1060
1061
1064
36421
1065
36502
36504
1068
1069
36506
1072
36465
1073
384
385
386
387
388
389
392
36169
393
24265
24266
24267
24268
396
36171
397
24270
400
36175
401
24213
24272
404
36173
405
24239
24244
24273
24274
408
36179
409
24276
412
36508
36195
413
24217
24219
24278
422
36207
36459
36461
36463
423
24279
24280
24281
24282
24283
426
36227
427
24285
430
36231
431
24176
24287
434
36177
435
24201
24226
24288
24289
440
36245
441
24292
1082
1083
442
443
444
445
446
447
450
36181
451
24294
24295
24296
24297
1092
1093
1096
1097
1100
1101
1104
1105
36510
36512
1108
1109
36514
36516
1112
1113
1116
1117
1118
1119
1120
1121
36518
36520
36522
1122
1123
452
453
454
455
456
457
460
36221
461
24299
24300
24301
24302
464
36213
465
24304
468
36217
469
24246
24306
472
36215
473
24264
24269
24307
24308
476
36219
477
24310
480
36524
36223
481
24250
24252
24312
490
36225
36453
36455
36457
491
24313
24314
24315
24316
24317
1132
1133
492
493
494
495
496
497
500
36233
501
24319
24320
24321
24322
1142
1143
1146
1147
1150
1151
1154
1155
36526
36528
1158
1159
36530
36532
1162
1163
1166
1167
1168
1169
1170
1171
36534
36536
36538
1172
1173
36540
1176
1177
36542
1180
1181
1184
1185
36544
36546
1188
1189
36548
1192
1193
36550
1196
36451
1197
502
503
504
505
506
507
510
36235
511
24324
24325
24326
24327
514
36237
515
24329
518
36241
519
24271
24331
522
36239
523
24298
24303
24332
24333
526
36243
527
24335
530
36552
36247
531
24275
24277
24337
540
36249
36339
36341
36449
541
24338
24339
24340
24341
24342
544
36251
545
24344
548
36255
549
24228
24346
552
36253
553
24259
24284
24347
24348
556
36257
557
24350
562
563
24234
24353
1206
1207
564
565
566
567
568
569
572
36269
573
24355
24356
24357
24358
1216
1217
1220
1221
1224
1225
1228
1229
1232
1233
1236
1237
1240
1241
1242
1243
1244
1245
36554
36556
36558
1246
1247
574
575
576
577
578
579
582
36560
36267
583
24360
24361
24362
24363
586
36265
587
24365
590
36261
591
24305
24367
594
36259
595
24323
24328
24368
24369
598
36263
599
24371
602
36562
36271
603
24309
24311
24373
612
36285
36309
36311
36337
613
24374
24375
24376
24377
24378
1256
1257
614
615
616
617
618
619
622
36283
623
24380
24381
24382
24383
1266
1267
36564
1270
1271
36566
1274
1275
1278
1279
36568
36570
1282
1283
36572
36574
1286
1287
1290
1291
1292
1293
1294
1295
36576
36578
1296
1297
36580
1300
1301
36582
1304
1305
1308
1309
36584
36586
1312
1313
36588
1316
1317
624
625
626
627
628
629
632
36273
633
24385
24386
24387
24388
636
36275
637
24390
640
36279
641
24330
24392
644
36277
645
24359
24364
24393
24394
648
36281
649
24396
652
36590
36287
653
24334
24336
24398
662
36289
36301
36303
36305
663
24399
24400
24401
24402
24403
666
36291
667
24405
670
36295
671
24286
24407
674
36293
675
24318
24343
24408
24409
678
36297
679
24411
682
36299
683
24290
24293
24413
688
36325
689
24416
944
36417
945
24544
1326
1327
690
691
692
693
36592
36594
36596
36598
36600
36602
36604
36606
36608
36610
36612
36614
36616
36618
36620
36622
36624
36626
36628
694
695
698
36323
699
24418
24419
24420
24421
1336
1337
1340
1341
36630
1344
1345
1348
1349
36632
36634
1352
1353
36636
36638
1356
1357
1360
1361
1362
1363
1364
1365
36640
36642
1366
1367
700
701
702
703
704
705
708
36313
709
24423
24424
24425
24426
712
36315
713
24428
716
36319
717
24366
24430
720
36317
721
24384
24389
24431
24432
724
36321
725
24434
728
36644
36327
729
24370
24372
24436
738
36343
36329
36331
36333
739
24437
24438
24439
24440
24441
1376
1377
740
741
742
743
744
745
748
36355
749
24443
24444
24445
24446
1386
1387
1390
1391
36646
1394
1395
1398
1399
36648
36650
1402
1403
36652
36654
1406
1407
1410
1411
1412
1413
1414
1415
36656
36658
1416
1417
36660
1420
1421
36662
1424
1425
1428
36601
1429
36664
36666
1432
1433
36668
1436
1437
36670
1440
1441
36672
1444
36447
1445
36674
1448
36445
1449
36676
1452
1453
36678
1456
36443
1457
1460
1461
36680
1462
1463
1466
1467
36682
1468
1469
1472
1473
36684
1474
1475
36686
1478
1479
36688
1482
1483
1486
1487
36690
1488
1489
750
751
752
753
754
755
758
36353
759
24448
24449
24450
24451
762
36351
763
24453
766
36347
767
24391
24455
770
36345
771
24422
24427
24456
24457
774
36349
775
24459
778
36692
36357
779
24395
24397
24461
788
36359
36437
36439
36441
789
24462
24463
24464
24465
24466
792
36361
793
24468
796
36365
797
24345
24470
800
36363
801
24379
24404
24471
24472
804
36367
805
24474
808
36369
809
24349
24351
24476
1498
1499
810
811
812
813
814
815
818
36381
819
24478
24479
24480
24481
1508
1509
1512
1513
36694
1516
1517
1520
1521
36696
36698
1524
1525
36700
36702
1528
1529
1532
1533
1534
1535
1536
1537
36704
36706
1538
1539
820
821
822
823
824
825
36708
36710
828
36379
829
24483
24484
24485
24486
832
36377
833
24488
836
36373
837
24429
24490
840
36371
841
24447
24452
24491
24492
844
36375
845
24494
848
36712
36383
849
24433
24435
24496
858
36385
36431
36433
36435
859
24497
24498
24499
24500
24501
1548
1549
860
861
862
863
864
865
868
36397
869
24503
24504
24505
24506
1558
1559
1562
1563
36714
1566
1567
1570
1571
36716
36718
1574
1575
36720
36722
1578
1579
1582
1583
1584
1585
1586
1587
36724
36726
1588
1589
36728
1592
1593
36730
1596
1597
1600
1601
36732
36734
1604
1605
36736
1608
1609
870
871
872
873
36738
36740
36742
36744
36746
36748
36750
874
875
878
36395
879
24508
24509
24510
24511
882
36393
883
24513
886
36389
887
24454
24515
890
36387
891
24482
24487
24516
24517
894
36391
895
24519
898
36752
36399
899
24458
24460
24521
908
36401
36425
36427
36429
909
24522
24523
24524
24525
24526
912
36403
913
24528
916
36407
917
24406
24530
920
36405
921
24442
24467
24531
24532
924
36409
925
24534
928
36411
929
24410
24412
24536
932
36413
933
24538
948
36419
949
24546
938
36415
36611
939
24541
954
36467
36609
955
24542
24549
1470
1471
24417
24807
1476
1477
24545
24808
24810
1618
1619
956
957
958
959
960
961
964
36479
965
24551
24552
24553
24554
1628
1629
1632
1633
1636
1637
1640
36739
1641
1644
1645
1648
1649
1652
1653
1654
1655
1656
1657
36754
36756
36758
1658
1659
966
967
968
969
970
971
974
36760
36477
975
24556
24557
24558
24559
978
36475
979
24561
982
36471
983
24489
24563
986
36469
987
24507
24512
24564
24565
990
36473
991
24567
994
36762
36481
995
24493
24495
24569
1004
36483
1005
24570
24571
24572
24573
24574
1668
1669
1006
1007
1008
1009
36764
36766
36768
36770
36772
36774
36776
36778
36780
36782
36784
36786
36788
36790
1010
1011
1014
36495
1015
24576
24577
24578
24579
1678
1679
36792
1682
1683
36794
1686
1687
1690
1691
36796
36798
1694
1695
36800
36802
1698
1699
1702
1703
1704
1705
1706
1707
36804
36806
1708
1709
36808
1712
1713
36810
1716
1717
1720
36741
1721
36812
36814
1724
1725
36816
1728
1729
36818
1732
1733
1016
1017
1018
1019
1020
1021
1024
36493
1025
24581
24582
24583
24584
1028
36491
1029
24586
1032
36487
1033
24514
24588
1036
36485
1037
24555
24560
24589
24590
1040
36489
1041
24592
1044
36820
36497
1045
24518
24520
24594
1054
36499
36625
36627
36629
1055
24595
24596
24597
24598
24599
1058
36501
1059
24601
1062
36505
1063
24469
24603
1066
36503
1067
24502
24527
24604
24605
1070
36507
1071
24607
1074
36509
1075
24473
24475
24609
1742
1743
1076
1077
1078
1079
1080
1081
1084
36521
1085
24611
24612
24613
24614
1752
1753
1756
1757
36822
1760
1761
1764
1765
36824
36826
1768
1769
36828
36830
1772
1773
1776
1777
1778
1779
1780
1781
36832
36834
1782
1783
1086
1087
1088
1089
1090
1091
1094
36519
1095
24616
24617
24618
24619
1098
36517
1099
24621
1102
36513
1103
24562
24623
1106
36511
1107
24580
24585
24624
24625
1110
36515
1111
24627
1114
36836
36523
1115
24566
24568
24629
1124
36525
36619
36621
36623
1125
24630
24631
24632
24633
24634
1792
1793
1126
1127
1128
1129
1130
1131
1134
36537
1135
24636
24637
24638
24639
1802
1803
1806
1807
36838
1810
1811
1814
1815
36840
36842
1818
1819
36844
36846
1822
1823
1826
1827
1828
1829
1830
1831
36848
36850
1832
1833
36852
1836
1837
36854
1840
1841
1844
1845
36856
36858
1848
1849
36860
1852
1853
1136
1137
1138
1139
1140
1141
1144
36535
1145
24641
24642
24643
24644
1148
36533
1149
24646
1152
36529
1153
24587
24648
1156
36527
1157
24615
24620
24649
24650
1160
36531
1161
24652
1164
36862
36539
1165
24591
24593
24654
1174
36541
36613
36615
36617
1175
24655
24656
24657
24658
24659
1178
36543
1179
24661
1182
36547
1183
24529
24663
1186
36545
1187
24575
24600
24664
24665
1190
36549
1191
24667
1194
36551
1195
24533
24535
24669
1198
36553
1199
24671
1450
36687
1451
24797
1862
1863
1200
1201
1202
1203
1204
1205
1208
36577
1209
24673
24674
24675
24676
1872
1873
1876
1877
36864
1880
1881
1884
1885
36866
36868
1888
1889
36870
36872
1892
1893
1896
1897
1898
1899
1900
1901
36874
36876
1902
1903
1210
1211
1212
1213
1214
1215
1218
36563
1219
24678
24679
24680
24681
1222
36561
1223
24683
1226
36559
1227
24622
24685
1230
36555
1231
24640
24645
24686
24687
1234
36557
1235
24689
1238
36878
36685
1239
24626
24628
24691
1248
36677
36603
36605
36607
1249
24692
24693
24694
24695
24696
1912
1913
1250
1251
1252
1253
36880
36882
36884
36886
36888
36890
1254
1255
1258
36575
1259
24698
24699
24700
24701
1922
1923
1926
1927
36892
1930
1931
1934
1935
36894
36896
1938
1939
36898
36900
1942
1943
1946
1947
1948
1949
1950
1951
36902
36904
1952
1953
36906
1956
1957
36908
1960
1961
1964
1965
36910
36912
1968
1969
36914
1972
1973
36916
1976
1977
36918
1980
1981
36920
1984
1985
36922
1988
1989
36924
1992
1993
1260
1261
1262
1263
36926
36928
36930
36932
36934
1264
1265
1268
36565
1269
24703
24704
24705
24706
1272
36567
1273
24708
1276
36571
1277
24647
24710
1280
36569
1281
24677
24682
24711
24712
1284
36573
1285
24714
1288
36936
36579
1289
24651
24653
24716
1298
36581
36595
36597
36599
1299
24717
24718
24719
24720
24721
1302
36583
1303
24723
1306
36587
1307
24602
24725
1310
36585
1311
24635
24660
24726
24727
1314
36589
1315
24729
1318
36591
1319
24606
24608
24731
2002
2003
1320
1321
1322
1323
1324
1325
1328
36641
1329
24733
24734
24735
24736
2012
2013
2016
2017
36938
2020
2021
2024
36929
2025
36940
36942
2028
2029
36944
36946
2032
2033
2036
2037
2038
2039
2040
2041
36948
36950
2042
2043
1330
1331
1332
1333
1334
1335
1338
36639
1339
24738
24739
24740
24741
1342
36631
1343
24743
1346
36635
1347
24684
24745
1350
36633
1351
24702
24707
24746
24747
1354
36637
1355
24749
1358
36952
36643
1359
24688
24690
24751
1368
36645
1369
24752
24753
24754
24755
24756
2052
2053
1370
1371
1372
1373
36954
36956
36958
36960
36962
36964
36966
36968
36970
36972
36974
36976
1374
1375
1378
36657
1379
24758
24759
24760
24761
2062
2063
2066
2067
36978
2070
2071
2074
2075
36980
36982
2078
2079
36984
36986
2082
2083
2086
2087
2088
2089
2090
2091
36988
36990
2092
2093
36992
2096
2097
36994
2100
2101
2104
36927
2105
36996
36998
2108
2109
37000
2112
2113
1380
1381
1382
1383
1384
1385
1388
36655
1389
24763
24764
24765
24766
1392
36647
1393
24768
1396
36651
1397
24709
24770
1400
36649
1401
24737
24742
24771
24772
1404
36653
1405
24774
1408
37002
36659
1409
24713
24715
24776
1418
36661
36789
36791
1419
24777
24778
24779
24780
24781
1422
36663
1423
24783
1426
36667
1427
24662
24785
1430
36665
1431
24697
24722
24786
24787
1434
36669
1435
24789
1438
36671
1439
24666
24668
24791
1442
36673
1443
24793
1454
36679
1455
24799
1446
36675
36775
1447
24795
1458
36681
36773
1459
24796
24801
1480
36689
1481
24539
24672
24812
1484
36691
1485
24547
24798
24813
24814
1464
36683
36771
1465
24804
1490
36693
36769
1491
24805
24817
2122
2123
1492
1493
1494
1495
1496
1497
1500
36705
1501
24819
24820
24821
24822
2132
2133
2136
2137
37004
2140
2141
2144
2145
37006
37008
2148
2149
37010
37012
2152
2153
2156
2157
2158
2159
2160
2161
37014
37016
2162
2163
1502
1503
1504
1505
1506
1507
1510
36703
1511
24824
24825
24826
24827
1514
36695
1515
24829
1518
36699
1519
24744
24831
1522
36697
1523
24762
24767
24832
24833
1526
36701
1527
24835
1530
37018
36707
1531
24748
24750
24837
1540
36713
36783
36785
36787
1541
24838
24839
24840
24841
24842
2172
2173
1542
1543
1544
1545
1546
1547
1550
36725
1551
24844
24845
24846
24847
2182
2183
2186
2187
37020
2190
2191
2194
2195
37022
37024
2198
2199
37026
37028
2202
2203
2206
2207
2208
2209
2210
2211
37030
37032
2212
2213
37034
2216
2217
37036
2220
2221
2224
2225
37038
37040
2228
2229
37042
2232
2233
37044
2236
2237
1552
1553
1554
1555
1556
1557
1560
36723
1561
24849
24850
24851
24852
1564
36715
1565
24854
1568
36719
1569
24769
24856
1572
36717
1573
24823
24828
24857
24858
1576
36721
1577
24860
1580
37046
36727
1581
24773
24775
24862
1590
36729
36747
36749
36751
1591
24863
24864
24865
24866
24867
1594
36731
1595
24869
1598
36735
1599
24724
24871
1602
36733
1603
24757
24782
24872
24873
1606
36737
1607
24875
1610
36753
1611
24728
24730
24877
2246
2247
1612
1613
1614
1615
1616
1617
1620
36805
1621
24879
24880
24881
24882
2256
2257
2260
2261
37048
2264
2265
2268
2269
37050
37052
2272
2273
37054
37056
2276
2277
2280
2281
2282
2283
2284
2285
37058
2286
2287
1622
1623
1624
1625
1626
1627
1630
37060
36763
1631
24884
24885
24886
24887
1634
36761
1635
24889
1638
36759
1639
24830
24891
1642
36755
1643
24848
24853
24892
24893
1646
36757
1647
24895
1650
1651
24834
24836
24897
1660
36777
36779
36781
1661
24898
24899
24900
24901
24902
2296
2297
1662
1663
1664
1665
1666
1667
1670
36803
1671
24904
24905
24906
24907
2306
2307
2310
2311
2314
2315
2318
2319
2322
2323
37062
37064
2326
2327
2330
2331
2332
2333
2334
2335
37066
37068
2336
2337
37070
37072
2340
2341
37074
2344
2345
37076
2348
2349
37078
2352
2353
37080
2356
2357
1672
1673
1674
1675
1676
1677
1680
37082
36793
1681
24909
24910
24911
24912
1684
36795
1685
24914
1688
36799
1689
24855
24916
1692
36797
1693
24883
24888
24917
24918
1696
36801
1697
24920
1700
36807
1701
24859
24861
24922
1710
36809
36977
1711
24923
24924
24925
24926
24927
1714
36811
1715
24929
1718
36815
1719
24784
24931
1722
36813
1723
24843
24868
24932
24933
1726
36817
1727
24935
1730
36819
1731
24788
24790
24937
1734
36821
1735
24939
1986
36923
1987
25065
2366
2367
1736
1737
1738
1739
37084
37086
37088
1740
1741
1744
36833
1745
24941
24942
24943
24944
2376
2377
37090
2380
2381
37092
2384
2385
2388
2389
37094
37096
2392
2393
37098
37100
2396
2397
2400
2401
2402
2403
2404
2405
37102
2406
2407
1746
1747
1748
1749
1750
1751
1754
37104
36831
1755
24946
24947
24948
24949
1758
36823
1759
24951
1762
36827
1763
24890
24953
1766
36825
1767
24908
24913
24954
24955
1770
36829
1771
24957
1774
36835
1775
24894
24896
24959
1784
36837
36965
36967
36969
1785
24960
24961
24962
24963
24964
2416
2417
1786
1787
1788
1789
1790
1791
1794
36849
1795
24966
24967
24968
24969
2426
2427
37106
2430
2431
37108
2434
2435
2438
2439
37110
37112
2442
2443
37114
37116
2446
2447
2450
2451
2452
2453
2454
2455
37118
2456
2457
37120
2460
2461
37122
2464
2465
37124
2468
2469
37126
2472
2473
37128
2476
2477
37130
2480
2481
37132
2484
36975
2485
37134
2488
36973
2489
37136
2492
2493
37138
2496
36971
2497
37140
2500
36745
2501
37142
2504
36743
2505
37144
2508
36711
2509
37146
37148
2512
2513
37150
2516
2517
37152
2520
36709
2521
2524
2525
37154
2526
2527
2530
2531
37156
2532
2533
2534
2535
24550
25339
37158
37160
37162
2536
2537
2538
2539
2540
2541
24811
25340
25342
2542
2543
2544
2545
2546
2547
25345
2548
2549
25344
25346
2550
2551
2552
2553
25348
2554
2555
25349
2556
2557
2558
2559
2560
2561
25352
2562
2563
25351
25353
2564
2565
2566
2567
25355
2568
2569
25350
25356
2570
2571
2572
2573
25358
2574
2575
25359
2576
2577
2578
2579
25361
2580
2581
25347
25362
2582
2583
2584
2585
25364
2586
2587
25354
25363
25365
2588
2589
2590
2591
25367
2592
2593
25360
25368
2594
2595
37164
2598
2599
37166
37168
37170
37172
37174
37176
37178
2602
2603
37180
2604
2605
37182
37184
37186
37188
37190
37192
37194
37196
37198
37200
37202
37204
37206
37208
37210
37212
37214
37216
1796
1797
37218
37220
37222
37224
37226
1798
1799
37228
37230
37232
37234
37236
37238
37240
37242
37244
37246
37248
1800
1801
1804
36847
1805
24971
24972
24973
24974
1808
36839
1809
24976
1812
36843
1813
24915
24978
1816
36841
1817
24945
24950
24979
24980
1820
36845
1821
24982
1824
37250
36851
1825
24919
24921
24984
1834
36853
36891
36961
36963
1835
24985
24986
24987
24988
24989
1838
36855
1839
24991
1842
36859
1843
24870
24993
1846
36857
1847
24903
24928
24994
24995
1850
36861
1851
24997
1854
36863
1855
24874
24876
24999
2614
2615
1856
1857
1858
1859
1860
1861
1864
36875
1865
25001
25002
25003
25004
2624
2625
2628
2629
37252
2632
2633
2636
37205
2637
37254
37256
2640
2641
37258
37260
2644
2645
2648
2649
2650
2651
2652
2653
37262
37264
2654
2655
1866
1867
1868
1869
1870
1871
1874
36873
1875
25006
25007
25008
25009
1878
36865
1879
25011
1882
36869
1883
24952
25013
1886
36867
1887
24970
24975
25014
25015
1890
36871
1891
25017
1894
37266
36877
1895
24956
24958
25019
1904
36879
36885
36887
36889
1905
25020
25021
25022
25023
25024
2664
2665
1906
1907
1908
1909
1910
1911
1914
36903
1915
25026
25027
25028
25029
2674
2675
2678
2679
37268
2682
2683
2686
2687
37270
37272
2690
2691
37274
37276
2694
2695
2698
2699
2700
2701
2702
2703
37278
37280
2704
2705
37282
2708
2709
37284
2712
2713
2716
37203
2717
37286
37288
2720
2721
37290
2724
2725
1916
1917
1918
1919
1920
1921
1924
36901
1925
25031
25032
25033
25034
1928
36893
1929
25036
1932
36897
1933
24977
25038
1936
36895
1937
25005
25010
25039
25040
1940
36899
1941
25042
1944
37292
36905
1945
24981
24983
25044
1954
36907
36931
36933
36935
1955
25045
25046
25047
25048
25049
1958
36909
1959
25051
1962
36913
1963
24930
25053
1966
36911
1967
24965
24990
25054
25055
1970
36915
1971
25057
1974
36917
1975
24934
24936
25059
1978
36919
1979
25061
1990
36925
1991
25067
1982
36921
37245
37247
1983
25063
1994
36937
37241
37243
1995
25064
25069
2506
2507
24794
24940
25325
2510
2511
24800
25066
25326
25327
2734
2735
1996
1997
1998
1999
2000
2001
2004
36949
2005
25071
25072
25073
25074
2744
2745
2748
2749
2752
2753
2756
2757
2760
2761
2764
2765
2768
2769
2770
2771
2772
2773
37294
37296
37298
2774
2775
2006
2007
2008
2009
2010
2011
2014
37300
36947
2015
25076
25077
25078
25079
2018
36939
2019
25081
2022
36943
2023
25012
25083
2026
36941
2027
25030
25035
25084
25085
2030
36945
2031
25087
2034
37302
36951
2035
25016
25018
25089
2044
36953
36955
36957
36959
2045
25090
25091
25092
25093
25094
2784
2785
2046
2047
2048
2049
2050
2051
2054
36989
2055
25096
25097
25098
25099
2794
2795
37304
2798
2799
37306
2802
2803
2806
2807
37308
37310
2810
2811
37312
37314
2814
2815
2818
2819
2820
2821
2822
2823
37316
37318
2824
2825
37320
2828
2829
37322
2832
2833
2836
2837
37324
37326
2840
2841
37328
2844
2845
37330
2848
2849
2056
2057
2058
2059
2060
2061
2064
36987
2065
25101
25102
25103
25104
2068
36979
2069
25106
2072
36983
2073
25037
25108
2076
36981
2077
25075
25080
25109
25110
2080
36985
2081
25112
2084
37332
36991
2085
25041
25043
25114
2094
36993
37249
2095
25115
25116
25117
25118
25119
2098
36995
2099
25121
2102
36999
2103
24992
25123
2106
36997
2107
25025
25050
25124
25125
2110
37001
2111
25127
2114
37003
2115
24996
24998
25129
2858
2859
2116
2117
2118
2119
2120
2121
2124
37015
2125
25131
25132
25133
25134
2868
2869
2872
2873
37334
2876
2877
2880
2881
37336
37338
2884
2885
37340
37342
2888
2889
2892
2893
2894
2895
2896
2897
37344
37346
2898
2899
2126
2127
2128
2129
2130
2131
2134
37013
2135
25136
25137
25138
25139
2138
37005
2139
25141
2142
37009
2143
25082
25143
2146
37007
2147
25100
25105
25144
25145
2150
37011
2151
25147
2154
37348
37017
2155
25086
25088
25149
2164
37019
37235
37237
37239
2165
25150
25151
25152
25153
25154
2908
2909
2166
2167
2168
2169
2170
2171
2174
37031
2175
25156
25157
25158
25159
2918
2919
2922
2923
37350
2926
2927
2930
2931
37352
37354
2934
2935
37356
37358
2938
2939
2942
2943
2944
2945
2946
2947
37360
37362
2948
2949
37364
2952
2953
37366
2956
2957
2960
2961
37368
37370
2964
2965
37372
2968
2969
2176
2177
2178
2179
2180
2181
37374
37376
37378
37380
37382
37384
37386
2184
37029
2185
25161
25162
25163
25164
2188
37021
2189
25166
2192
37025
2193
25107
25168
2196
37023
2197
25135
25140
25169
25170
2200
37027
2201
25172
2204
37388
37033
2205
25111
25113
25174
2214
37035
37229
37231
37233
2215
25175
25176
25177
25178
25179
2218
37037
2219
25181
2222
37041
2223
25052
25183
2226
37039
2227
25095
25120
25184
25185
2230
37043
2231
25187
2234
37045
2235
25056
25058
25189
2238
37047
2239
25191
2490
37149
2491
25317
2978
2979
2240
2241
2242
2243
2244
2245
2248
37147
2249
25193
25194
25195
25196
2988
2989
24075
2992
2993
24083
37390
2996
2997
3000
3001
37392
37394
3004
3005
37396
37398
3008
3009
3012
3013
3014
3015
3016
3017
37400
37402
3018
3019
3022
3023
24098
3026
3027
24101
37404
37406
3030
3031
37408
37410
3034
3035
3038
3039
3040
3041
3042
3043
37412
3044
3045
37414
3048
3049
37416
3052
3053
3056
3057
37418
37420
3060
3061
37422
3064
3065
37424
3068
3069
37426
3072
37227
3073
37428
3076
37225
3077
37430
3080
3081
37432
3084
37223
3085
3088
3089
24120
37434
37436
3092
3093
3096
3097
3098
3099
3100
3101
37438
3102
3103
37440
3106
3107
24141
3110
3111
3112
3113
37442
3114
3115
24146
37444
3118
3119
24174
37446
3122
3123
3126
3127
37448
37450
3130
3131
37452
3134
3135
37454
3138
3139
24229
3142
3143
24232
37456
37458
3146
3147
37460
3150
3151
37462
3154
3155
37464
3158
3159
24291
37466
3162
3163
37468
3166
3167
24352
37470
3170
3171
24415
37472
3174
3175
24540
37474
3178
3179
37476
3182
3183
24543
37478
3186
3187
24548
37480
3190
37221
3191
24803
37482
3194
37219
3195
37484
3198
37217
3199
37486
3202
3203
24806
37488
3206
3207
24809
37490
3210
37215
3211
24816
37492
3214
37213
3215
37494
3218
37211
3219
25338
37496
3222
37209
3223
25341
37498
3226
37207
3227
3230
3231
37500
3232
3233
3236
3237
37502
3238
3239
3242
3243
3244
3245
25694
3246
37175
3247
25357
25695
3248
3249
3250
3251
25697
3252
37173
3253
25366
25696
25698
3254
3255
37504
3256
3257
37506
3260
3261
37508
3264
3265
3268
3269
37510
3270
3271
37512
3274
3275
25335
37514
3278
3279
25374
37516
3282
3283
37518
3286
3287
25691
37520
3290
3291
25700
37522
3294
3295
3298
3299
37524
3300
3301
3304
3305
37526
3306
3307
3310
3311
37528
3312
3313
37530
3316
3317
37532
3320
3321
3324
3325
37534
3326
3327
37536
3330
3331
25688
37538
3334
3335
25707
37540
3338
3339
37542
3342
3343
25725
37544
3346
3347
25728
37546
3350
3351
3354
3355
37548
3356
3357
3360
3361
37550
3362
3363
3366
3367
37552
3368
3369
37554
3372
3373
37556
3376
3377
3380
3381
37558
3382
3383
37560
3386
3387
25722
37562
3390
3391
25735
37564
3394
3395
37566
3398
3399
25753
37568
3402
3403
25756
37570
3406
3407
3410
3411
37572
3412
3413
3416
3417
37574
3418
3419
3422
3423
37576
3424
3425
37578
3428
3429
37580
3432
3433
3436
3437
37582
3438
3439
37584
3442
3443
25750
37586
3446
3447
25763
37588
3450
3451
37590
3454
3455
25781
37592
3458
3459
25784
37594
3462
3463
3466
3467
37596
3468
3469
3472
3473
37598
3474
3475
3478
3479
37600
3480
3481
37602
3484
3485
37604
3488
3489
3492
3493
37606
3494
3495
37608
3498
3499
25778
37610
3502
3503
25791
37612
3506
3507
37614
3510
3511
25809
37616
3514
3515
25812
37618
3518
3519
3522
3523
37620
3524
3525
3528
3529
37622
3530
3531
3534
3535
37624
3536
3537
37626
3540
3541
37628
3544
3545
3548
3549
37630
3550
3551
37632
3554
3555
25806
37634
3558
3559
25819
37636
3562
3563
25834
37638
3566
3567
25837
37640
3570
3571
25840
37642
3574
3575
25847
3578
3579
37644
3580
3581
25862
3584
3585
3586
3587
25865
3590
3591
37646
37648
3592
3593
3596
3597
37650
3598
3599
37652
3602
3603
25868
37654
3606
3607
25871
3610
3611
37656
37658
3612
3613
25878
3616
3617
3618
3619
25881
3622
3623
37660
37662
3624
3625
3628
3629
3630
3631
37664
3634
3635
25884
37666
3638
3639
25887
3642
3643
37668
37670
3644
3645
25894
3648
3649
3650
3651
25897
3654
3655
37672
37674
3656
3657
3660
3661
3662
3663
37676
3666
3667
25900
37678
3670
3671
25903
3674
3675
37680
37682
3676
3677
25910
3680
3681
3682
3683
25913
3686
3687
37684
37686
3688
3689
3692
3693
3694
3695
37688
3698
3699
25916
37690
3702
3703
25919
3706
3707
37692
37694
3708
3709
25926
3712
3713
3714
3715
25929
3718
3719
37696
37698
3720
3721
3724
3725
3726
3727
37700
3730
3731
25932
37702
3734
3735
25935
3738
3739
37704
37706
3740
3741
25942
3744
3745
3746
3747
25945
3750
3751
37708
37710
3752
3753
3756
3757
3758
3759
37712
3762
3763
25948
37714
3766
3767
25951
3770
3771
37716
37718
3772
3773
25958
3776
3777
3778
3779
25961
3782
3783
37720
37722
3784
3785
3788
3789
3790
3791
37724
3794
3795
25964
37726
3798
3799
25967
3802
3803
37728
37730
3804
3805
25974
3808
3809
3810
3811
25977
3815
3816
3817
3818
25980
3821
3822
3823
3824
25983
3827
3828
3829
3830
25986
3833
3834
3835
3836
25989
3839
3840
3841
3842
25992
3845
3846
3847
3848
25995
3851
3852
3853
3854
25998
3857
3858
37732
37734
3859
3860
26001
3864
3865
37736
3866
3867
26004
3870
3871
37738
3872
3873
26007
3876
3877
37740
3878
3879
26010
3882
3883
37742
3884
3885
26013
3888
3889
37744
3890
3891
26016
3894
3895
37746
3896
3897
26019
3900
3901
37748
3902
3903
26022
3906
3907
37750
3908
3909
26025
3913
3914
37752
3915
3916
26028
3919
3920
37754
3921
3922
26031
3925
3926
37756
3927
3928
26034
3931
3932
37758
3933
3934
26037
3937
3938
37760
3939
3940
26040
3943
3944
37762
3945
3946
26043
3949
3950
37764
3951
3952
26046
3955
3956
37766
3957
3958
26049
3962
3963
37768
3964
3965
26052
3968
3969
37770
3970
3971
26055
3974
3975
37772
3976
3977
26058
3980
3981
37774
3982
3983
26061
3986
3987
37776
3988
3989
26064
3992
3993
37778
3994
3995
26067
3998
3999
37780
4000
4001
26070
4004
4005
37782
4006
4007
26073
4011
4012
37784
37786
37788
37790
37792
37794
37796
37798
4013
4014
4017
4018
4019
4020
37800
4023
4024
37802
4027
4028
4031
4032
37804
4033
4034
4037
4038
37806
4039
4040
4043
4044
37808
4045
4046
37810
4049
4050
37812
4053
4054
4057
4058
37814
4059
4060
37816
4064
4065
26076
37818
4068
4069
26079
37820
4072
4073
37822
4076
4077
26089
37824
4080
4081
26092
37826
4084
4085
37828
4089
4090
26086
37830
4093
4094
26099
4098
4099
37832
4100
4101
4104
4105
37834
4106
4107
37836
4111
4112
37838
4115
4116
37840
4120
4121
26118
37842
4124
4125
26121
4129
4130
37844
4131
4132
4133
36765
36767
36883
4134
26133
4135
4136
4137
36881
4138
26135
4139
4140
4141
37201
4142
24537
26137
4143
4144
4145
4146
4147
4148
26140
4149
4150
4151
37199
4152
24610
26142
4153
4154
4155
4156
26144
4157
4158
4159
37197
4160
24670
26146
4161
4162
4163
4164
26148
4165
4166
4167
4168
4169
4170
26138
26151
4171
4172
4173
37195
4174
24732
26153
4175
4176
4177
4178
26155
4179
4180
4181
4182
26143
26157
4183
4184
4185
4186
24792
26159
4187
4188
4189
4190
26161
4191
4192
4193
4194
26147
26149
26163
4195
4196
4197
4198
4199
4200
26166
4201
4202
4203
4204
24878
26168
4205
4206
4207
4208
26170
4209
4210
4211
4212
26154
26156
26172
4213
4214
4215
4216
26174
4217
4218
4219
4220
24938
26176
4221
4222
4223
4224
26178
4225
4226
4227
4228
26160
26162
26180
4229
4230
4231
4232
26182
4233
4234
4235
4236
4237
4238
26185
4239
4240
4241
4242
4243
4244
26188
4245
4246
37846
37848
37850
37852
4247
4248
26190
4249
4250
4251
4252
26164
26192
37854
4253
4254
4255
4256
4257
4258
26186
26195
4259
4260
4261
4262
25000
26197
4263
4264
4265
4266
26199
4267
4268
4269
4270
26169
26171
26201
4271
4272
4273
4274
26203
4275
4276
4277
4278
25060
26205
4279
4280
4281
4282
26207
4283
4284
37856
37858
4285
4286
26177
26179
26209
4287
4288
4289
4290
26211
4291
4292
37860
4293
4294
26213
4295
4296
4297
4298
26173
26215
4299
4300
4301
4302
26181
26217
4303
4304
4305
4306
26214
26219
4307
4308
37862
4311
4312
37864
4315
4316
37866
4319
4320
37868
4323
4324
37870
4327
4328
37872
4331
4332
37874
4335
4336
37876
4339
4340
37878
4343
4344
37880
4347
4348
37882
4351
4352
37884
37886
37888
37890
4355
4356
37892
4357
4358
37894
37896
37898
4361
4362
37900
4363
4364
4365
4366
26249
37902
37904
37906
4367
4368
4369
4370
4371
4372
26250
26252
4373
4374
4375
4376
26254
4377
4378
4379
4380
26255
26256
4381
4382
37908
4385
4386
37910
37912
37914
37916
37918
4389
4390
37920
4391
4392
37922
4395
4396
37924
4397
4398
4399
4400
26266
37926
37928
4401
4402
4403
4404
4405
4406
26267
26269
4407
4408
4409
4410
26271
4411
4412
4413
4414
26272
26273
4415
4416
37930
4419
4420
37932
37934
37936
4423
4424
37938
4425
4426
37940
37942
4429
4430
37944
4431
4432
4433
4434
26283
37946
4435
4436
4437
4438
4439
4440
26284
26286
4441
4442
4443
4444
26288
4445
4446
4447
4448
26289
26290
4449
4450
37948
4453
4454
4457
4458
37950
4459
4460
37952
37954
37956
37958
4463
4464
37960
4465
4466
4467
4468
26300
37962
4469
4470
4471
4472
4473
4474
26301
26303
4475
4476
4477
4478
26305
4479
4480
4481
4482
26306
26307
4483
4484
37964
4487
4488
37966
37968
37970
37972
37974
4491
4492
37976
4493
4494
37978
37980
37982
37984
4497
4498
37986
4499
4500
4501
4502
26317
37988
37990
4503
4504
4505
4506
4507
4508
26318
26320
4509
4510
4511
4512
26322
4513
4514
4515
4516
26323
26324
4517
4518
37992
4521
4522
37994
37996
37998
38000
38002
38004
38006
38008
38010
38012
38014
38016
4525
4526
38018
4527
4528
38020
4531
4532
38022
4533
4534
4535
4536
26334
38024
38026
38028
4537
4538
4539
4540
4541
4542
26335
26337
4543
4544
4545
4546
26339
4547
4548
4549
4550
26340
26341
4551
4552
38030
4555
4556
4559
4560
38032
4561
4562
4565
4566
38034
4567
4568
4569
4570
26175
26351
4571
4572
4573
4574
4575
4576
26191
26352
26354
4577
4578
4579
4580
26183
26204
26356
4581
4582
4583
4584
26193
26216
26357
26358
4585
4586
38036
4589
4590
4593
4594
38038
4595
4596
38040
4599
4600
38042
4603
4604
38044
4607
4608
38046
4611
4612
38048
4615
4616
38050
4619
4620
38052
4623
4624
38054
4627
4628
38056
4631
4632
38058
4635
4636
38060
4639
4640
38062
4643
4644
38064
4647
4648
38066
4651
4652
38068
4655
4656
38070
4659
4660
38072
4663
4664
38074
4667
4668
38076
4671
4672
38078
4675
4676
38080
4679
4680
38082
4683
4684
38084
4687
4688
38086
4691
4692
38088
4695
4696
38090
4699
4700
38092
4703
4704
38094
4707
4708
38096
4711
4712
38098
4715
4716
38100
4719
4720
38102
4723
4724
38104
4727
4728
38106
4731
4732
38108
4735
4736
38110
4739
4740
38112
4743
4744
38114
4747
4748
38116
4751
4752
38118
4755
4756
38120
4759
4760
38122
4763
4764
38124
4767
4768
38126
4771
4772
38128
4775
4776
38130
4779
4780
38132
4783
4784
38134
4787
4788
38136
4791
4792
38138
4795
4796
38140
4799
4800
38142
4803
4804
38144
4807
4808
38146
4811
4812
38148
4815
4816
38150
4819
4820
38152
4823
4824
38154
4827
4828
38156
4831
4832
38158
4835
4836
38160
4839
4840
38162
4843
4844
38164
4847
4848
38166
4851
4852
38168
4855
4856
38170
4859
4860
38172
4863
4864
38174
4867
4868
4871
4872
38176
4873
4874
4877
4878
4879
4880
4881
4882
26507
4883
4884
26506
26508
4885
4886
4887
4888
4889
4890
26511
4891
4892
26509
26510
26512
4893
4894
4895
4896
4897
4898
26515
4899
4900
26513
26514
26516
4901
4902
4903
4904
4905
4906
26519
4907
4908
26517
26518
26520
4909
4910
4911
4912
4913
4914
26523
4915
4916
26521
26522
26524
4917
4918
4919
4920
4921
4922
26527
4923
4924
26525
26526
26528
4925
4926
4927
4928
4929
4930
26531
4931
4932
26529
26530
26532
4933
4934
4935
4936
26534
4939
4940
4941
4942
4943
4944
26538
4947
4948
38178
4949
4950
26541
4953
4954
4955
4956
38180
4957
4958
26545
4959
4960
26544
26546
4961
4962
4963
4964
4965
4966
26549
4967
4968
26547
26548
26550
4969
4970
4971
4972
4973
4974
26553
4975
4976
26551
26552
26554
4977
4978
4979
4980
4981
4982
26557
4983
4984
26555
26556
26558
4985
4986
4987
4988
4989
4990
26561
4991
4992
26559
26560
26562
4993
4994
4995
4996
4997
4998
26565
4999
5000
26563
26564
26566
5001
5002
5003
5004
5005
5006
26569
5007
5008
26567
26568
26570
5009
5010
5011
5012
26572
5015
5016
5017
5018
38182
5019
5020
26576
5023
5024
38184
5025
5026
26579
5029
5030
5031
5032
38186
5033
5034
26583
5035
5036
26582
26584
5037
5038
5039
5040
5041
5042
26587
5043
5044
26585
26586
26588
5045
5046
5047
5048
5049
5050
26591
5051
5052
26589
26590
26592
5053
5054
5055
5056
5057
5058
26595
5059
5060
26593
26594
26596
5061
5062
5063
5064
5065
5066
26599
5067
5068
26597
26598
26600
5069
5070
5071
5072
5073
5074
26603
5075
5076
26601
26602
26604
5077
5078
5079
5080
5081
5082
26607
5083
5084
26605
26606
26608
5085
5086
5087
5088
26610
5091
5092
5093
5094
38188
5095
5096
26614
5099
5100
38190
5101
5102
26617
5105
5106
5107
5108
38192
5109
5110
26621
5111
5112
26620
26622
5113
5114
5115
5116
5117
5118
26625
5119
5120
26623
26624
26626
5121
5122
5123
5124
5125
5126
26629
5127
5128
26627
26628
26630
5129
5130
5131
5132
5133
5134
26633
5135
5136
26631
26632
26634
5137
5138
5139
5140
5141
5142
26637
5143
5144
26635
26636
26638
5145
5146
5147
5148
5149
5150
26641
5151
5152
26639
26640
26642
5153
5154
5155
5156
5157
5158
26645
5159
5160
26643
26644
26646
5161
5162
5163
5164
26648
5167
5168
5169
5170
38194
5171
5172
26652
5175
5176
38196
5177
5178
26655
5181
5182
5183
5184
38198
5185
5186
26659
5187
5188
26658
26660
5189
5190
5191
5192
5193
5194
26663
5195
5196
26661
26662
26664
5197
5198
5199
5200
5201
5202
26667
5203
5204
26665
26666
26668
5205
5206
5207
5208
5209
5210
26671
5211
5212
26669
26670
26672
5213
5214
5215
5216
5217
5218
26675
5219
5220
26673
26674
26676
5221
5222
5223
5224
5225
5226
26679
5227
5228
26677
26678
26680
5229
5230
5231
5232
5233
5234
26683
5235
5236
26681
26682
26684
5237
5238
5239
5240
26686
5243
5244
5245
5246
38200
5247
5248
26690
5251
5252
38202
5253
5254
26693
5257
5258
5259
5260
38204
5261
5262
26697
5263
5264
26696
26698
5265
5266
5267
5268
5269
5270
26701
5271
5272
26699
26700
26702
5273
5274
5275
5276
5277
5278
26705
5279
5280
26703
26704
26706
5281
5282
5283
5284
5285
5286
26709
5287
5288
26707
26708
26710
5289
5290
5291
5292
5293
5294
26713
5295
5296
26711
26712
26714
5297
5298
5299
5300
5301
5302
26717
5303
5304
26715
26716
26718
5305
5306
5307
5308
5309
5310
26721
5311
5312
26719
26720
26722
5313
5314
5315
5316
26724
5319
5320
5321
5322
38206
5323
5324
26728
5327
5328
38208
5329
5330
26731
5333
5334
5335
5336
38210
5337
5338
26735
5339
5340
26734
26736
5341
5342
5343
5344
5345
5346
26739
5347
5348
26737
26738
26740
5349
5350
5351
5352
5353
5354
26743
5355
5356
26741
26742
26744
5357
5358
5359
5360
5361
5362
26747
5363
5364
26745
26746
26748
5365
5366
5367
5368
5369
5370
26751
5371
5372
26749
26750
26752
5373
5374
5375
5376
5377
5378
26755
5379
5380
26753
26754
26756
5381
5382
5383
5384
5385
5386
26759
5387
5388
26757
26758
26760
5389
5390
5391
5392
26762
5395
5396
5397
5398
38212
5399
5400
26766
5403
5404
38214
5405
5406
26769
5409
5410
5411
5412
5413
5414
38216
5415
5416
26774
5417
5418
26773
26775
5419
5420
5421
5422
5423
5424
26778
5425
5426
26776
26777
26779
5427
5428
5429
5430
5431
5432
26782
5433
5434
26780
26781
26783
5435
5436
5437
5438
5439
5440
26786
5441
5442
26784
26785
26787
5443
5444
5445
5446
5447
5448
26790
5449
5450
26788
26789
26791
5451
5452
5453
5454
5455
5456
26794
5457
5458
26792
26793
26795
5459
5460
5461
5462
5463
5464
26798
5465
5466
26796
26797
26799
5467
5468
5469
5470
26801
5473
5474
5475
5476
38218
5477
5478
26805
5481
5482
38220
5483
5484
26808
5487
5488
38222
5489
5490
26811
5493
5494
38224
5495
5496
26814
5499
5500
38226
5501
5502
26817
5505
5506
38228
5507
5508
26820
5511
5512
38230
5513
5514
26823
5517
5518
38232
5519
5520
26826
5523
5524
38234
5525
5526
26829
5529
5530
38236
5531
5532
26832
5535
5536
38238
5537
5538
26835
5541
5542
5543
5544
38240
5545
5546
26839
5549
5550
38242
5551
5552
26842
5555
5556
38244
5557
5558
26845
5561
5562
38246
5563
5564
26848
5567
5568
38248
5569
5570
26851
5573
5574
38250
5575
5576
26854
5579
5580
38252
5581
5582
26857
5585
5586
38254
5587
5588
26860
5591
5592
38256
5593
5594
26863
5597
5598
38258
5599
5600
26866
5603
5604
5605
5606
38260
5607
5608
26870
5611
5612
38262
5613
5614
26873
5617
5618
38264
5619
5620
26876
5623
5624
38266
5625
5626
26879
5629
5630
38268
5631
5632
26882
5635
5636
38270
5637
5638
26885
5641
5642
38272
5643
5644
26888
5647
5648
38274
5649
5650
26891
5653
5654
38276
5655
5656
26894
5659
5660
38278
5661
5662
26897
5665
5666
5667
5668
38280
5669
5670
26901
5673
5674
38282
5675
5676
26904
5679
5680
38284
5681
5682
26907
5685
5686
38286
5687
5688
26910
5691
5692
38288
5693
5694
26913
5697
5698
38290
5699
5700
26916
5703
5704
38292
5705
5706
26919
5709
5710
38294
5711
5712
26922
5715
5716
38296
5717
5718
26925
5721
5722
38298
5723
5724
26928
5727
5728
5729
5730
38300
5731
5732
26932
5735
5736
38302
5737
5738
26935
5741
5742
38304
5743
5744
26938
5747
5748
38306
5749
5750
26941
5753
5754
38308
5755
5756
26944
5759
5760
38310
5761
5762
26947
5765
5766
38312
5767
5768
26950
5771
5772
38314
5773
5774
26953
5777
5778
38316
5779
5780
26956
5783
5784
38318
5785
5786
26959
5789
5790
5791
5792
38320
5793
5794
26963
5797
5798
38322
5799
5800
26966
5803
5804
38324
5805
5806
26969
5809
5810
38326
5811
5812
26972
5815
5816
38328
5817
5818
26975
5821
5822
38330
5823
5824
26978
5827
5828
38332
5829
5830
26981
5833
5834
38334
5835
5836
26984
5839
5840
38336
5841
5842
26987
5845
5846
38338
5847
5848
26990
5851
5852
5853
5854
38340
5855
5856
26994
5859
5860
38342
5861
5862
26997
5865
5866
38344
5867
5868
27000
5871
5872
38346
5873
5874
27003
5877
5878
38348
5879
5880
27006
5883
5884
38350
5885
5886
27009
5889
5890
38352
5891
5892
27012
5895
5896
38354
5897
5898
27015
5901
5902
38356
5903
5904
27018
5907
5908
38358
5909
5910
27021
5913
5914
5915
5916
38360
5917
5918
27025
5921
5922
38362
5923
5924
27028
5927
5928
38364
5929
5930
27031
5933
5934
38366
5935
5936
5939
5940
38368
5941
5942
5945
5946
38370
5947
5948
27040
5951
5952
38372
5953
5954
27043
5957
5958
38374
5959
5960
27046
5963
5964
38376
5965
5966
27049
5969
5970
38378
5971
5972
27052
5975
5976
38380
5977
5978
27055
5981
5982
38382
5983
5984
27058
5987
5988
38384
5989
5990
27061
5993
5994
38386
5995
5996
5999
6000
38388
6001
6002
6005
6006
38390
6007
6008
27070
6011
6012
38392
6013
6014
27073
6017
6018
38394
6019
6020
27076
6023
6024
38396
6025
6026
27079
6029
6030
38398
6031
6032
27082
6035
6036
38400
6037
6038
27085
6041
6042
38402
6043
6044
27088
6047
6048
38404
6049
6050
27091
6053
6054
38406
6055
6056
6059
6060
38408
6061
6062
6065
6066
38410
6067
6068
27100
6071
6072
38412
6073
6074
27103
6077
6078
38414
6079
6080
27106
6083
6084
38416
6085
6086
27109
6089
6090
38418
6091
6092
27112
6095
6096
38420
6097
6098
27115
6101
6102
38422
6103
6104
27118
6107
6108
38424
6109
6110
27121
6113
6114
38426
6115
6116
6119
6120
38428
6121
6122
6125
6126
38430
6127
6128
27130
6131
6132
38432
6133
6134
27133
6137
6138
38434
6139
6140
27136
6143
6144
38436
6145
6146
27139
6149
6150
38438
6151
6152
27142
6155
6156
38440
6157
6158
27145
6161
6162
38442
6163
6164
27148
6167
6168
38444
6169
6170
27151
6173
6174
38446
6175
6176
6179
6180
38448
6181
6182
6185
6186
38450
6187
6188
27160
6191
6192
38452
6193
6194
27163
6197
6198
38454
6199
6200
27166
6203
6204
38456
6205
6206
27169
6209
6210
38458
6211
6212
27172
6215
6216
38460
6217
6218
27175
6221
6222
38462
6223
6224
27178
6227
6228
38464
6229
6230
27181
6233
6234
38466
6235
6236
6239
6240
38468
6241
6242
6245
6246
38470
6247
6248
27190
6251
6252
38472
6253
6254
27193
6257
6258
38474
6259
6260
27196
6263
6264
38476
6265
6266
27199
6269
6270
38478
6271
6272
27202
6275
6276
38480
6277
6278
27205
6281
6282
38482
6283
6284
27208
6287
6288
38484
6289
6290
27211
6293
6294
38486
6295
6296
6299
6300
38488
6301
6302
6305
6306
38490
6307
6308
27220
6311
6312
38492
6313
6314
27223
6317
6318
38494
6319
6320
27226
6323
6324
38496
6325
6326
27229
6329
6330
38498
6331
6332
27232
6335
6336
38500
6337
6338
27235
6341
6342
38502
6343
6344
27238
6347
6348
38504
6349
6350
27241
6353
6354
38506
6355
6356
6359
6360
38508
6361
6362
27247
6365
6366
38510
6367
6368
27250
6371
6372
38512
6373
6374
27253
6377
6378
38514
6379
6380
27256
6383
6384
38516
6385
6386
27259
6389
6390
38518
6391
6392
27262
6395
6396
38520
6397
6398
27265
6401
6402
38522
6403
6404
27268
6407
6408
38524
6409
6410
6413
6414
38526
6415
6416
6419
6420
38528
6421
6422
6425
6426
38530
6427
6428
6431
6432
38532
6433
6434
6437
6438
38534
6439
6440
6443
6444
38536
6445
6446
6449
6450
38538
6451
6452
6455
6456
38540
6457
6458
6461
6462
38542
6463
6464
27298
6467
6468
38544
6469
6470
27301
6473
6474
38546
6475
6476
27304
6479
6480
38548
6481
6482
27307
6485
6486
38550
6487
6488
27310
6491
6492
38552
6493
6494
27313
6497
6498
38554
6499
6500
27316
6503
6504
38556
6505
6506
27319
6509
6510
38558
6511
6512
6515
6516
38560
6517
6518
6521
6522
38562
6523
6524
6527
6528
38564
6529
6530
6533
6534
38566
6535
6536
6539
6540
38568
6541
6542
6545
6546
38570
6547
6548
6551
6552
38572
6553
6554
6557
6558
38574
6559
6560
6563
6564
38576
6565
6566
27349
6569
6570
38578
6571
6572
27352
6575
6576
38580
6577
6578
27355
6581
6582
38582
6583
6584
27358
6587
6588
38584
6589
6590
27361
6593
6594
38586
6595
6596
27364
6599
6600
38588
6601
6602
27367
6605
6606
38590
6607
6608
27370
6611
6612
38592
6613
6614
6617
6618
38594
6619
6620
6623
6624
38596
6625
6626
6629
6630
38598
6631
6632
6635
6636
38600
6637
6638
6641
6642
38602
6643
6644
6647
6648
38604
6649
6650
6653
6654
38606
6655
6656
6659
6660
38608
6661
6662
6665
6666
38610
6667
6668
27400
6671
6672
38612
6673
6674
27403
6677
6678
38614
6679
6680
27406
6683
6684
38616
6685
6686
27409
6689
6690
38618
6691
6692
27412
6695
6696
38620
6697
6698
27415
6701
6702
38622
6703
6704
27418
6707
6708
38624
6709
6710
27421
6713
6714
38626
6715
6716
6719
6720
38628
6721
6722
6725
6726
38630
6727
6728
6731
6732
38632
6733
6734
6737
6738
38634
6739
6740
6743
6744
38636
6745
6746
6749
6750
38638
6751
6752
6755
6756
38640
6757
6758
6761
6762
38642
6763
6764
6767
6768
38644
6769
6770
27451
6773
6774
38646
6775
6776
27454
6779
6780
38648
6781
6782
27457
6785
6786
38650
6787
6788
27460
6791
6792
38652
6793
6794
27463
6797
6798
38654
6799
6800
27466
6803
6804
38656
6805
6806
27469
6809
6810
38658
6811
6812
27472
6815
6816
38660
6817
6818
6821
6822
38662
6823
6824
6827
6828
38664
6829
6830
6833
6834
38666
6835
6836
6839
6840
38668
6841
6842
6845
6846
38670
6847
6848
6851
6852
38672
6853
6854
6857
6858
38674
6859
6860
6863
6864
38676
6865
6866
6869
6870
38678
6871
6872
27502
6875
6876
38680
6877
6878
27505
6881
6882
38682
6883
6884
27508
6887
6888
38684
6889
6890
27511
6893
6894
38686
6895
6896
27514
6899
6900
38688
6901
6902
27517
6905
6906
38690
6907
6908
27520
6911
6912
38692
6913
6914
27523
6917
6918
38694
6919
6920
6923
6924
38696
6925
6926
6929
6930
38698
6931
6932
6935
6936
38700
6937
6938
6941
6942
38702
6943
6944
6947
6948
38704
6949
6950
6953
6954
38706
6955
6956
6959
6960
38708
6961
6962
6965
6966
38710
6967
6968
6971
6972
38712
6973
6974
27553
6977
6978
38714
6979
6980
27556
6983
6984
38716
6985
6986
27559
6989
6990
38718
6991
6992
27562
6995
6996
38720
6997
6998
27565
7001
7002
38722
7003
7004
27568
7007
7008
38724
7009
7010
27571
7013
7014
38726
7015
7016
27574
7019
7020
38728
7021
7022
7025
7026
38730
7027
7028
7031
7032
7033
7034
38732
7035
7036
7039
7040
38734
7041
7042
7045
7046
38736
7047
7048
7051
7052
38738
7053
7054
7057
7058
38740
7059
7060
7063
7064
38742
7065
7066
7069
7070
38744
7071
7072
7075
7076
38746
7077
7078
27605
7081
7082
38748
7083
7084
27608
7087
7088
38750
7089
7090
27611
7093
7094
38752
7095
7096
27614
7099
7100
38754
7101
7102
27617
7105
7106
38756
7107
7108
27620
7111
7112
38758
7113
7114
27623
7117
7118
38760
7119
7120
27626
7123
7124
38762
7125
7126
7129
7130
38764
7131
7132
7135
7136
38766
7137
7138
7141
7142
38768
7143
7144
7147
7148
38770
7149
7150
7153
7154
38772
7155
7156
7159
7160
38774
7161
7162
7165
7166
38776
7167
7168
7171
7172
38778
7173
7174
7177
7178
38780
7179
7180
7183
7184
7185
7186
38782
7187
7188
7191
7192
38784
7193
7194
7197
7198
38786
7199
7200
7203
7204
38788
7205
7206
7209
7210
38790
7211
7212
7215
7216
38792
7217
7218
7221
7222
38794
7223
7224
7227
7228
38796
7229
7230
7233
7234
38798
7235
7236
7239
7240
7241
7242
38800
7243
7244
38802
38804
38806
38808
38810
38812
38814
38816
38818
38820
38822
38824
38826
38828
38830
38832
38834
7247
7248
38836
7249
7250
38838
38840
38842
7253
7254
38844
7255
7256
38846
38848
38850
38852
7259
7260
38854
7261
7262
38856
7265
7266
38858
7267
7268
7271
7272
38860
7273
7274
7277
7278
38862
7279
7280
7283
7284
38864
7285
7286
38866
7289
7290
38868
7291
7292
38870
7295
7296
7297
7298
38872
7299
7300
7303
7304
38874
7305
7306
7309
7310
38876
7311
7312
38878
7315
7316
38880
7317
7318
7321
7322
38882
7323
7324
7327
7328
38884
7329
7330
7333
7334
38886
7335
7336
38888
7339
7340
38890
7341
7342
7345
7346
38892
7347
7348
38894
7351
7352
7353
7354
38896
7355
7356
7359
7360
38898
7361
7362
38900
7365
7366
38902
7367
7368
7371
7372
38904
7373
7374
7377
7378
38906
7379
7380
7383
7384
38908
7385
7386
38910
7389
7390
38912
7391
7392
7395
7396
38914
7397
7398
38916
7401
7402
38918
7403
7404
38920
38922
38924
7407
7408
7409
7410
38926
7411
7412
7415
7416
38928
7417
7418
7421
7422
38930
7423
7424
7427
7428
38932
7429
7430
7433
7434
38934
7435
7436
7439
7440
38936
7441
7442
7445
7446
38938
7447
7448
7451
7452
38940
7453
7454
7457
7458
38942
7459
7460
38944
7463
7464
38946
7465
7466
38948
7467
7468
7471
7472
38950
7473
7474
7477
7478
38952
7479
7480
7483
7484
38954
7485
7486
38956
7489
7490
38958
7491
7492
7495
7496
38960
7497
7498
7501
7502
38962
7503
7504
7507
7508
38964
7509
7510
7513
7514
38966
7515
7516
38968
7519
7520
7521
7522
38970
7523
7524
7527
7528
38972
7529
7530
38974
38976
38978
7533
7534
38980
7537
7538
38982
7541
7542
38984
7545
7546
38986
7549
7550
38988
7553
7554
38990
7557
7558
38992
7561
7562
38994
7565
7566
38996
7569
7570
38998
7573
7574
39000
7577
7578
39002
7581
7582
39004
7585
7586
39006
7589
7590
39008
7593
7594
39010
7597
7598
39012
7601
7602
39014
7605
7606
39016
7609
7610
39018
7613
7614
39020
7617
7618
39022
7621
7622
39024
7625
7626
39026
7629
7630
39028
7633
7634
39030
7637
7638
39032
7641
7642
39034
7645
7646
39036
7649
7650
39038
7653
7654
39040
7657
7658
39042
7661
7662
39044
7665
7666
39046
7669
7670
7673
7674
7677
7678
39048
7681
7682
39050
7685
7686
39052
7689
7690
39054
7693
7694
39056
7697
7698
39058
7701
7702
39060
7705
7706
39062
7709
7710
39064
7713
7714
39066
7717
7718
39068
7721
7722
39070
7725
7726
39072
7729
7730
39074
7733
7734
39076
7737
7738
39078
7741
7742
39080
7745
7746
39082
7749
7750
39084
7753
7754
39086
7757
7758
39088
7761
7762
39090
7765
7766
39092
7769
7770
39094
7773
7774
39096
7777
7778
39098
7781
7782
39100
7785
7786
39102
7789
7790
39104
7793
7794
39106
7797
7798
39108
7801
7802
39110
7805
7806
39112
7809
7810
39114
7813
7814
39116
7817
7818
39118
7821
7822
39120
7825
7826
39122
7829
7830
39124
7833
7834
39126
7837
7838
39128
7841
7842
39130
7845
7846
39132
7849
7850
39134
7853
7854
39136
7857
7858
39138
7861
7862
39140
7865
7866
39142
7869
7870
39144
7873
7874
39146
7877
7878
39148
7881
7882
39150
7885
7886
39152
7889
7890
39154
7893
7894
39156
7897
7898
39158
7901
7902
39160
7905
7906
39162
7909
7910
39164
7913
7914
39166
7917
7918
39168
7921
7922
39170
7925
7926
39172
7929
7930
39174
7933
7934
39176
7937
7938
39178
7941
7942
39180
7945
7946
39182
7949
7950
39184
7953
7954
7957
7958
39186
7959
7960
39188
7963
7964
39190
7967
7968
39192
7971
7972
39194
7975
7976
39196
7979
7980
39198
7983
7984
39200
7987
7988
39202
7991
7992
39204
7995
7996
39206
7999
8000
39208
8003
8004
39210
8007
8008
39212
8011
8012
39214
8015
8016
39216
8019
8020
39218
8023
8024
39220
8027
8028
39222
8029
8030
39224
8033
8034
39226
8037
8038
39228
8041
8042
39230
8045
8046
39232
8049
8050
39234
8053
8054
39236
8057
8058
39238
8061
8062
39240
8065
8066
39242
8067
8068
39244
8071
8072
39246
8075
8076
39248
8079
8080
39250
8083
8084
39252
8087
8088
39254
8091
8092
39256
8095
8096
39258
8099
8100
39260
8103
8104
39262
8105
8106
39264
8109
8110
39266
8113
8114
39268
8117
8118
39270
8121
8122
39272
8125
8126
39274
8129
8130
39276
8133
8134
39278
8137
8138
39280
8141
8142
39282
8143
8144
39284
8147
8148
39286
8151
8152
39288
8155
8156
39290
8159
8160
39292
8163
8164
39294
8167
8168
39296
8171
8172
39298
8175
8176
39300
8179
8180
39302
8181
8182
39304
8185
8186
39306
8189
8190
39308
8193
8194
39310
8197
8198
39312
8201
8202
39314
8205
8206
39316
8209
8210
39318
8213
8214
39320
8217
8218
39322
8219
8220
39324
8223
8224
39326
8227
8228
39328
8231
8232
39330
8235
8236
39332
8239
8240
39334
8243
8244
39336
8247
8248
39338
8251
8252
39340
8255
8256
39342
8257
8258
39344
8261
8262
39346
39348
39350
8265
8266
39352
8269
8270
39354
8273
8274
39356
8277
8278
39358
8281
8282
39360
8285
8286
39362
8289
8290
39364
8293
8294
39366
8297
8298
39368
8301
8302
39370
8305
8306
39372
8309
8310
39374
8313
8314
39376
8317
8318
39378
8321
8322
39380
8325
8326
39382
8329
8330
39384
8333
8334
39386
8337
8338
39388
8341
8342
39390
8345
8346
39392
8349
8350
39394
8353
8354
39396
8357
8358
39398
8361
8362
39400
8365
8366
39402
8369
8370
39404
8373
8374
39406
8377
8378
39408
8381
8382
39410
8385
8386
39412
8389
8390
39414
8393
8394
39416
8397
8398
39418
8401
8402
8405
8406
8409
8410
39420
8413
8414
39422
8417
8418
39424
8421
8422
39426
8425
8426
39428
8429
8430
39430
8433
8434
39432
8437
8438
39434
8441
8442
39436
8445
8446
39438
8449
8450
39440
8453
8454
39442
8457
8458
39444
8461
8462
39446
8465
8466
39448
8469
8470
39450
8473
8474
39452
8477
8478
39454
8481
8482
39456
8485
8486
39458
8489
8490
39460
8493
8494
39462
8497
8498
39464
8501
8502
39466
8505
8506
39468
8509
8510
39470
8513
8514
39472
8517
8518
39474
8521
8522
39476
8525
8526
39478
8529
8530
39480
8533
8534
39482
8537
8538
39484
8541
8542
39486
8545
8546
39488
8549
8550
39490
8553
8554
39492
8557
8558
39494
8561
8562
39496
8565
8566
39498
8569
8570
39500
8573
8574
39502
8577
8578
39504
8581
8582
39506
8585
8586
39508
8589
8590
39510
8593
8594
39512
8597
8598
39514
8601
8602
39516
8605
8606
39518
8609
8610
39520
8613
8614
39522
8617
8618
39524
8621
8622
39526
8625
8626
39528
8629
8630
39530
8633
8634
39532
8637
8638
39534
8641
8642
39536
8645
8646
39538
8649
8650
39540
8653
8654
39542
8657
8658
39544
8661
8662
39546
8665
8666
39548
8669
8670
39550
8673
8674
39552
8677
8678
39554
8681
8682
39556
8685
8686
39558
8689
8690
39560
8691
8692
39562
8695
8696
39564
8699
8700
39566
8703
8704
39568
8707
8708
39570
8711
8712
39572
8715
8716
39574
8719
8720
39576
8723
8724
39578
8727
8728
39580
8731
8732
39582
8735
8736
39584
8739
8740
39586
8743
8744
39588
8747
8748
39590
8751
8752
39592
8755
8756
39594
8759
8760
39596
8761
8762
39598
8765
8766
39600
8769
8770
39602
8773
8774
39604
8777
8778
39606
8781
8782
39608
8785
8786
39610
8789
8790
39612
8793
8794
39614
8797
8798
39616
8799
8800
39618
8803
8804
39620
8807
8808
39622
8811
8812
39624
8815
8816
39626
8819
8820
39628
8823
8824
39630
8827
8828
39632
8831
8832
39634
8835
8836
39636
8837
8838
39638
8841
8842
39640
8845
8846
39642
8849
8850
39644
8853
8854
39646
8857
8858
39648
8861
8862
39650
8865
8866
39652
8869
8870
39654
8873
8874
39656
8875
8876
39658
8879
8880
39660
8883
8884
39662
8887
8888
39664
8891
8892
39666
8895
8896
39668
8899
8900
39670
8903
8904
39672
8907
8908
39674
8911
8912
39676
8913
8914
39678
8917
8918
39680
8921
8922
39682
8925
8926
39684
8929
8930
39686
8933
8934
39688
8937
8938
39690
8941
8942
39692
8945
8946
39694
8949
8950
39696
8951
8952
39698
8955
8956
39700
8959
8960
39702
8963
8964
39704
8967
8968
39706
8971
8972
39708
8975
8976
39710
8979
8980
39712
8983
8984
39714
8987
8988
39716
8989
8990
39718
8993
8994
39720
39722
39724
39726
39728
39730
39732
39734
39736
39738
39740
39742
39744
39746
8997
8998
39748
39750
39752
8999
9000
9003
9004
9005
9006
9009
9010
9011
9012
9015
9016
39754
9017
9018
9021
9022
39756
9023
9024
9027
9028
39758
9029
9030
9033
9034
39760
9035
9036
9039
9040
39762
9041
9042
9045
9046
39764
9047
9048
39766
9051
9052
39768
9055
9056
39770
9059
9060
39772
9063
9064
39774
9067
9068
39776
9071
9072
39778
9075
9076
39780
9079
9080
39782
9083
9084
39784
9087
9088
39786
9091
9092
39788
9095
9096
39790
9099
9100
39792
9103
9104
39794
9107
9108
39796
9111
9112
39798
39800
39802
39804
39806
39808
39810
39812
39814
39816
39818
39820
39822
39824
39826
39828
39830
39832
39834
39836
39838
39840
39842
39844
39846
39848
39850
39852
39854
39856
39858
39860
39862
39864
39866
39868
39870
39872
39874
39876
39878
39880
39882
39884
39886
39888
39890
9115
9116
39892
39894
39896
9117
9118
9121
9122
9123
9124
9127
9128
9129
9130
9133
9134
39898
9135
9136
9139
9140
39900
9141
9142
9145
9146
39902
9147
9148
9151
9152
39904
9153
9154
9157
9158
39906
9159
9160
9163
9164
39908
9165
9166
39910
9169
9170
39912
9173
9174
39914
9177
9178
39916
9181
9182
39918
9185
9186
39920
9189
9190
39922
9193
9194
39924
9197
9198
39926
9201
9202
39928
9205
9206
39930
9209
9210
39932
9213
9214
39934
9217
9218
39936
9221
9222
39938
9225
9226
39940
9229
9230
39942
39944
39946
39948
39950
39952
39954
39956
39958
39960
39962
39964
9233
9234
39966
39968
39970
9235
9236
9239
9240
9241
9242
9245
9246
9247
9248
9251
9252
39972
9253
9254
9257
9258
39974
9259
9260
9263
9264
39976
9265
9266
9269
9270
39978
9271
9272
9275
9276
39980
9277
9278
9281
9282
39982
9283
9284
39984
9287
9288
39986
9291
9292
39988
9295
9296
39990
9299
9300
39992
9303
9304
39994
9307
9308
39996
9311
9312
39998
9315
9316
40000
9319
9320
40002
9323
9324
40004
9327
9328
40006
9331
9332
40008
9335
9336
40010
9339
9340
40012
9343
9344
40014
9347
9348
40016
40018
40020
40022
40024
40026
40028
40030
40032
40034
40036
9351
9352
40038
40040
40042
9353
9354
9357
9358
9359
9360
9363
9364
9365
9366
9369
9370
40044
9371
9372
9375
9376
40046
9377
9378
9381
9382
40048
9383
9384
9387
9388
40050
9389
9390
9393
9394
40052
9395
9396
9399
9400
40054
9401
9402
40056
9405
9406
40058
9409
9410
40060
9413
9414
40062
9417
9418
40064
9421
9422
40066
9425
9426
40068
9429
9430
40070
9433
9434
40072
9437
9438
40074
9441
9442
40076
9445
9446
40078
9449
9450
40080
9453
9454
40082
9457
9458
40084
9461
9462
40086
9465
9466
40088
40090
40092
40094
40096
40098
40100
40102
40104
40106
40108
40110
40112
40114
40116
40118
40120
40122
40124
40126
40128
40130
40132
40134
40136
40138
40140
40142
40144
40146
9469
9470
40148
40150
40152
9471
9472
9475
9476
9477
9478
9481
9482
9483
9484
9487
9488
40154
9489
9490
9493
9494
40156
9495
9496
9499
9500
40158
9501
9502
9505
9506
40160
9507
9508
9511
9512
40162
9513
9514
9517
9518
40164
9519
9520
40166
9523
9524
40168
9527
9528
40170
9531
9532
40172
9535
9536
40174
9539
9540
40176
9543
9544
40178
9547
9548
40180
9551
9552
40182
9555
9556
40184
9559
9560
40186
9563
9564
40188
9567
9568
40190
9571
9572
40192
9575
9576
40194
9579
9580
40196
9583
9584
40198
40200
40202
40204
40206
40208
40210
40212
40214
40216
40218
40220
40222
40224
40226
40228
40230
9587
9588
40232
40234
40236
9589
9590
9593
9594
9595
9596
9599
9600
9601
9602
9605
9606
40238
9607
9608
9611
9612
40240
9613
9614
9617
9618
40242
9619
9620
9623
9624
40244
9625
9626
9629
9630
40246
9631
9632
9635
9636
40248
9637
9638
40250
9641
9642
40252
9645
9646
40254
9649
9650
40256
9653
9654
40258
9657
9658
40260
9661
9662
40262
9665
9666
40264
9669
9670
40266
9673
9674
40268
9677
9678
40270
9681
9682
40272
9685
9686
40274
9689
9690
40276
9693
9694
40278
9697
9698
40280
9701
9702
40282
40284
40286
40288
40290
40292
40294
40296
40298
40300
40302
40304
40306
9705
9706
40308
40310
40312
9707
9708
9711
9712
9713
9714
9717
9718
9719
9720
9723
9724
40314
9725
9726
9729
9730
40316
9731
9732
9735
9736
40318
9737
9738
9741
9742
40320
9743
9744
9747
9748
40322
9749
9750
9753
9754
40324
9755
9756
40326
9759
9760
40328
9763
9764
40330
9767
9768
40332
9771
9772
40334
9775
9776
40336
9779
9780
40338
9783
9784
40340
9787
9788
40342
9791
9792
40344
9795
9796
40346
9799
9800
40348
9803
9804
40350
9807
9808
40352
9811
9812
40354
9815
9816
40356
9819
9820
9823
9824
40358
40360
40362
9825
9826
40364
9829
9830
40366
9833
9834
40368
9837
9838
40370
9841
9842
40372
9845
9846
40374
9849
9850
40376
9853
9854
40378
9857
9858
40380
9861
9862
40382
9865
9866
40384
9869
9870
40386
9873
9874
40388
9877
9878
40390
9881
9882
40392
9885
9886
40394
9889
9890
40396
9893
9894
40398
9897
9898
40400
9901
9902
40402
9905
9906
40404
9909
9910
40406
9913
9914
40408
9917
9918
40410
9921
9922
40412
9925
9926
40414
9929
9930
40416
9933
9934
40418
9937
9938
40420
9941
9942
40422
9945
9946
40424
9949
9950
40426
9953
9954
40428
9957
9958
40430
9961
9962
9965
9966
9969
9970
40432
9973
9974
40434
9977
9978
40436
9981
9982
40438
9985
9986
40440
9989
9990
40442
9993
9994
40444
9997
9998
40446
10001
10002
40448
10005
10006
40450
10009
10010
40452
10013
10014
40454
10017
10018
40456
10021
10022
40458
10025
10026
40460
10029
10030
40462
10033
10034
40464
10037
10038
40466
10041
10042
40468
10045
10046
40470
10049
10050
40472
10053
10054
40474
10057
10058
40476
10061
10062
40478
10065
10066
40480
10069
10070
40482
10073
10074
40484
10077
10078
40486
10081
10082
40488
10085
10086
40490
10089
10090
40492
10093
10094
40494
10097
10098
40496
10101
10102
40498
10105
10106
40500
10109
10110
40502
10113
10114
40504
10117
10118
40506
10121
10122
40508
10125
10126
40510
10129
10130
40512
10133
10134
40514
10137
10138
40516
10141
10142
40518
10145
10146
40520
10149
10150
40522
10153
10154
40524
10157
10158
40526
10161
10162
40528
10165
10166
40530
10169
10170
40532
10173
10174
40534
10177
10178
40536
10181
10182
40538
10185
10186
40540
10189
10190
40542
10193
40305
10194
40544
10197
40303
10198
40546
10201
40301
10202
40548
10205
40299
10206
40550
10209
40231
10210
40552
10213
40229
10214
40554
10217
40227
10218
40556
10221
40225
10222
40558
10225
40223
10226
40560
10229
40221
10230
40562
10233
40219
10234
40564
10237
40147
10238
40566
10241
40145
10242
40568
10245
40143
10246
10249
10250
40570
10251
40141
10252
40572
10255
40139
10256
40574
10259
40137
10260
40576
10263
40135
10264
40578
10267
40133
10268
40580
10271
40131
10272
40582
10275
40129
10276
40584
10279
40127
10280
40586
10283
40125
10284
40588
10287
40123
10288
40590
10291
40121
10292
40592
10295
40119
10296
40594
10299
40117
10300
40596
10303
40115
10304
40598
10307
40113
10308
40600
10311
40111
10312
40602
10315
40109
10316
10319
10320
40604
10321
40033
10322
40606
10325
39965
10326
40608
10329
39963
10330
40610
10333
39961
10334
40612
10337
39959
10338
40614
10341
39891
10342
40616
10345
39889
10346
40618
10349
39887
10350
40620
10353
39885
10354
10357
10358
40622
10359
39883
10360
40624
10363
39881
10364
40626
10367
39879
10368
40628
10371
39877
10372
40630
10375
39875
10376
40632
10379
39873
10380
40634
10383
39871
10384
40636
10387
39869
10388
40638
10391
39867
10392
10395
10396
40640
10397
39865
10398
40642
10401
39863
10402
40644
10405
39861
10406
40646
10409
39859
10410
40648
10413
39857
10414
40650
10417
39855
10418
40652
10421
39853
10422
40654
10425
40656
39851
10426
40658
10429
39849
10430
40660
10433
10434
40662
10435
39847
10436
40664
10439
39845
10440
40666
10443
40668
39843
10444
40670
10447
39841
10448
40672
10451
39839
10452
40674
10455
39837
10456
40676
10459
40678
39835
10460
40680
10463
39833
10464
40682
10467
39831
10468
40684
10471
10472
40686
10473
39829
10474
40688
10477
40690
39827
10478
40692
10481
39825
10482
40694
10485
39823
10486
40696
10489
39821
10490
40698
10493
40700
39819
10494
40702
10497
40704
39817
10498
40706
10501
40708
39815
10502
40710
10505
40712
39747
10506
40714
40716
40718
40720
10509
10510
40722
10511
40724
39745
10512
40726
10515
39743
10516
40728
10519
39741
10520
40730
10523
39739
10524
40732
10527
40734
39737
10528
40736
10531
40738
39735
10532
40740
10535
40742
39733
10536
40744
10539
40746
39731
10540
40748
10543
40750
39729
10544
40752
40754
40756
40758
10547
10548
40760
10549
40762
39727
10550
40764
10553
39725
10554
40766
40768
40770
10557
10558
10561
39813
10562
10565
39811
10566
40772
10569
40774
39809
10570
40776
10573
40778
39807
10574
40780
10577
40782
39805
10578
40784
10581
40786
39803
10582
40788
10585
40790
39801
10586
40792
10589
40794
39799
10590
40796
40798
40800
10593
10594
10597
40802
39957
10598
10601
40804
39955
10602
40806
10605
40808
39953
10606
40810
10609
40812
39951
10610
40814
10613
40816
39949
10614
40818
10617
40820
39947
10618
40822
10621
40824
39945
10622
40826
10625
40828
39943
10626
40830
40832
40834
10629
10630
10633
40836
40031
10634
10637
40838
40029
10638
40840
10641
40842
40027
10642
40844
10645
40846
40025
10646
40848
10649
40850
40023
10650
40852
10653
40854
40021
10654
40856
10657
40858
40019
10658
40860
10661
40862
40017
10662
40864
40866
40868
10665
10666
10669
40870
40103
10670
10673
40872
40101
10674
40874
10677
40876
40099
10678
40878
10681
40880
40097
10682
40882
10685
40884
40095
10686
40886
10689
40888
40093
10690
40890
10693
40892
40091
10694
40894
10697
40896
40089
10698
40898
40900
40902
10701
10702
10705
40904
40213
10706
10709
40906
40211
10710
40908
10713
40910
40209
10714
40912
10717
40914
40207
10718
40916
10721
40918
40205
10722
40920
10725
40922
40203
10726
40924
10729
40926
40201
10730
40928
10733
40930
40199
10734
40932
40934
40936
10737
10738
10741
40938
40297
10742
10745
40940
40295
10746
40942
10749
40944
40293
10750
40946
10753
40948
40291
10754
40950
10757
40952
40289
10758
40954
10761
40956
40287
10762
40958
10765
40960
40285
10766
40962
10769
40964
40283
10770
40966
40968
40970
10773
10774
10777
10778
10781
10782
40972
10785
10786
40974
10789
10790
40976
10793
10794
40978
10797
10798
40980
10801
10802
40982
10805
10806
40984
40986
40988
10809
10810
40990
10813
10814
40992
10817
10818
40994
10821
10822
40996
10825
10826
40998
10829
10830
41000
10833
10834
41002
10837
10838
41004
10841
10842
41006
10845
10846
41008
10849
10850
41010
10853
10854
41012
10857
10858
41014
10861
10862
41016
10865
10866
41018
10869
10870
41020
10873
10874
41022
10877
10878
41024
10881
10882
41026
10885
10886
41028
10889
10890
41030
10893
10894
41032
10897
10898
41034
10901
10902
41036
10905
10906
41038
10909
10910
41040
10913
10914
41042
10917
10918
41044
10921
10922
41046
10925
10926
41048
10929
10930
10933
10934
10937
10938
41050
10941
10942
41052
10945
10946
41054
10949
10950
41056
10953
10954
41058
10957
10958
41060
10961
10962
41062
10965
10966
41064
10969
10970
41066
10973
10974
41068
10977
10978
41070
10981
10982
41072
10985
10986
41074
10989
10990
41076
10993
10994
41078
10997
10998
41080
11001
11002
41082
11005
11006
41084
11009
11010
41086
11013
11014
41088
11017
11018
41090
11021
11022
41092
11025
11026
41094
11029
11030
41096
11033
11034
41098
11037
11038
41100
11041
11042
41102
11045
11046
41104
11049
11050
41106
11053
11054
41108
11057
11058
41110
11061
11062
41112
11065
11066
41114
11069
11070
41116
11073
11074
41118
11077
11078
41120
11081
11082
41122
11085
11086
41124
11089
11090
41126
11093
11094
41128
11097
11098
41130
11101
11102
41132
11105
11106
41134
11109
11110
41136
11113
11114
41138
11117
11118
41140
11121
11122
41142
11125
11126
41144
11129
11130
41146
11133
11134
41148
11137
11138
41150
11141
11142
41152
11145
11146
41154
11149
11150
41156
11153
11154
41158
11157
11158
41160
11161
11162
41162
11165
11166
41164
11169
11170
41166
11173
11174
41168
11177
11178
41170
11181
11182
41172
11185
11186
41174
11189
11190
41176
11193
11194
41178
11197
11198
41180
11201
11202
41182
11205
11206
41184
11209
11210
41186
11213
11214
41188
41190
41192
41194
41196
11217
11218
41198
11219
11220
41200
11223
11224
41202
11227
11228
41204
11231
11232
41206
11235
11236
41208
11239
11240
41210
11243
11244
41212
11247
11248
41214
11251
11252
41216
11255
11256
41218
11259
11260
41220
11263
11264
41222
11267
11268
41224
11271
11272
41226
11275
11276
41228
11279
11280
41230
11283
11284
41232
11287
11288
41234
11289
11290
41236
11293
11294
41238
11297
11298
41240
11301
11302
41242
11305
11306
41244
11309
11310
41246
11313
11314
41248
11317
11318
41250
11321
11322
41252
11325
11326
41254
11327
11328
41256
11331
11332
41258
11335
11336
41260
11339
11340
41262
11343
11344
41264
11347
11348
41266
11351
11352
41268
11355
11356
41270
11359
11360
41272
11363
11364
41274
11365
11366
41276
11369
11370
41278
11373
11374
41280
11377
11378
41282
11381
11382
41284
11385
11386
41286
11389
11390
41288
11393
11394
41290
11397
11398
41292
11401
11402
41294
11403
11404
41296
11407
11408
41298
11411
11412
41300
11415
11416
41302
11419
11420
41304
11423
11424
41306
11427
11428
41308
11431
11432
41310
11435
11436
41312
11439
11440
41314
11441
11442
41316
11445
40721
11446
41318
11449
41320
40719
11450
41322
11453
40717
11454
41324
11457
40701
11458
41326
11461
40705
11462
41328
11465
41330
40709
11466
41332
11469
41334
40713
11470
41336
11473
41338
40715
11474
41340
41342
41344
41346
11477
11478
41348
11479
41350
40759
11480
41352
11483
40757
11484
41354
11487
40755
11488
41356
11491
40735
11492
41358
11495
41360
40739
11496
41362
11499
41364
40743
11500
41366
11503
41368
40747
11504
41370
11507
41372
40751
11508
41374
11511
41376
40753
11512
41378
41380
41382
41384
11515
11516
41386
11517
11518
41388
11521
11522
41390
41392
41394
11525
11526
11529
11530
11533
41396
40775
11534
41398
11537
40779
11538
41400
11541
40783
11542
41402
11545
40787
11546
41404
11549
41406
40791
11550
41408
11553
41410
40795
11554
41412
11557
41414
40803
11558
41416
41418
41420
11561
11562
11565
41422
40805
11566
11569
41424
40809
11570
41426
11573
41428
40813
11574
41430
11577
41432
40817
11578
41434
11581
41436
40821
11582
41438
11585
41440
40825
11586
41442
11589
41444
40829
11590
41446
11593
41448
40837
11594
41450
41452
41454
11597
11598
11601
41456
40839
11602
11605
41458
40843
11606
41460
11609
41462
40847
11610
41464
11613
41466
40851
11614
41468
11617
41470
40855
11618
41472
11621
41474
40859
11622
41476
11625
41478
40863
11626
41480
11629
41482
40871
11630
41484
41486
41488
11633
11634
11637
41490
40873
11638
11641
41492
40877
11642
41494
11645
41496
40881
11646
41498
11649
41500
40885
11650
41502
11653
41504
40889
11654
41506
11657
41508
40893
11658
41510
11661
41512
40897
11662
41514
11665
41516
40905
11666
41518
41520
41522
11669
11670
11673
41524
40907
11674
11677
41526
40911
11678
41528
11681
41530
40915
11682
41532
11685
41534
40919
11686
41536
11689
41538
40923
11690
41540
11693
41542
40927
11694
41544
11697
41546
40931
11698
41548
11701
41550
40939
11702
41552
41554
41556
11705
11706
11709
41558
40941
11710
11713
41560
40945
11714
41562
11717
41564
40949
11718
41566
11721
41568
40953
11722
41570
11725
41572
40957
11726
41574
11729
41576
40961
11730
41578
11733
41580
40965
11734
41582
11737
11738
41584
41586
41588
11741
11742
11745
11746
11749
11750
41590
11753
11754
41592
11757
11758
41594
11761
11762
41596
11765
11766
41598
11769
11770
41600
11773
11774
41602
41604
41606
11777
11778
41608
41610
41612
41614
41616
41618
41620
41622
41624
41626
41628
41630
41632
41634
41636
41638
41640
41642
41644
41646
41648
41650
41652
41654
41656
41658
41660
41662
41664
41666
41668
41670
41672
41674
41676
11781
11782
41678
11783
11784
41680
41682
41684
41686
41688
41690
41692
41694
41696
41698
41700
41702
41704
41706
41708
41710
41712
41714
41716
41718
41720
41722
41724
41726
41728
41730
41732
41734
41736
41738
41740
41742
41744
41746
41748
41750
41752
41754
41756
41758
41760
41762
41764
41766
41768
41770
41772
41774
41776
11787
11788
41778
11789
11790
41780
41782
41784
41786
41788
41790
41792
41794
41796
41798
41800
41802
41804
41806
41808
41810
41812
41814
41816
41818
41820
41822
41824
41826
41828
41830
41832
41834
41836
41838
41840
11793
11794
41842
11795
11796
41844
41846
41848
41850
41852
41854
11799
11800
41856
11801
11802
41858
41860
41862
41864
41866
41868
41870
11805
11806
41872
11807
11808
41874
11811
11812
41876
11813
11814
41878
11817
11818
41880
11819
11820
41882
11823
11824
41884
11825
11826
41886
11829
11830
41888
11831
11832
41890
11835
11836
41892
11839
11840
41894
11843
11844
41896
11847
11848
41898
11851
11852
41900
11855
11856
41902
11859
11860
41904
11863
11864
41906
11867
11868
41908
11871
11872
41910
11875
11876
41912
11879
11880
41914
11883
11884
41916
11887
11888
41918
11891
11892
41920
11895
11896
41922
11899
11900
41924
11901
11902
11905
11906
41926
11907
11908
41928
11911
11912
41930
11913
11914
11917
11918
41932
11919
11920
41934
11923
11924
41936
11925
11926
41938
11929
11930
41940
11931
11932
41942
11935
11936
41944
11937
11938
41946
11941
11942
41948
11943
11944
41950
11947
11948
41952
11949
11950
41954
11953
11954
41956
11957
11958
41958
11961
11962
41960
11965
11966
41962
11969
11970
41964
11973
11974
41966
11977
11978
41968
11981
11982
41970
11985
11986
41972
11989
11990
41974
11993
11994
41976
11997
11998
41978
12001
12002
41980
12005
12006
41982
12009
12010
41984
12013
12014
41986
12017
12018
41988
12019
12020
41990
12023
12024
41992
12025
12026
41994
12029
12030
41996
12031
12032
41998
12035
12036
42000
12037
12038
42002
12041
12042
42004
12043
12044
42006
12047
12048
42008
12049
12050
42010
12053
12054
42012
12055
12056
42014
12059
12060
42016
12061
12062
42018
12065
12066
42020
12067
12068
42022
12071
12072
42024
12075
12076
42026
12079
12080
42028
12083
12084
42030
12087
12088
42032
12091
12092
42034
12095
12096
42036
12099
12100
42038
12103
12104
42040
12107
12108
42042
12111
12112
42044
12115
12116
42046
12119
12120
42048
12123
12124
42050
12127
12128
42052
12131
12132
12135
12136
42054
12137
12138
42056
12141
12142
42058
12145
12146
42060
12149
12150
42062
12153
12154
42064
12157
12158
42066
12161
12162
42068
12165
12166
42070
12169
12170
42072
12173
12174
12177
12178
12181
12182
42074
12185
12186
42076
12189
12190
42078
12193
12194
42080
12197
12198
42082
12201
12202
42084
12205
12206
42086
12209
12210
42088
12213
12214
42090
12217
41869
12218
42092
12221
41867
12222
42094
12225
41865
12226
42096
12229
41863
12230
42098
12233
41861
12234
42100
12237
41859
12238
42102
12241
41855
12242
42104
12245
41853
12246
42106
12249
41851
12250
42108
12253
41849
12254
42110
12257
41847
12258
42112
12261
41845
12262
42114
12265
41841
12266
42116
12269
41839
12270
42118
12273
41837
12274
42120
12277
41835
12278
42122
12281
41833
12282
42124
12285
41831
12286
42126
12289
41829
12290
42128
12293
41827
12294
42130
12297
41825
12298
42132
12301
41823
12302
42134
12305
41821
12306
42136
12309
41819
12310
42138
12313
41817
12314
42140
12317
41815
12318
42142
12321
41813
12322
42144
12325
41811
12326
42146
12329
41809
12330
42148
12333
41807
12334
42150
12337
41805
12338
42152
12341
41803
12342
42154
12345
41801
12346
42156
12349
41799
12350
42158
12353
41797
12354
42160
12357
41795
12358
42162
12361
41793
12362
42164
12365
41791
12366
42166
12369
41789
12370
42168
12373
41787
12374
42170
12377
41785
12378
42172
12381
41783
12382
42174
12385
41781
12386
42176
12389
41777
12390
42178
12393
41775
12394
42180
12397
41773
12398
42182
12401
41771
12402
42184
12405
41769
12406
42186
12409
41767
12410
42188
12413
41765
12414
42190
12417
41763
12418
42192
12421
41761
12422
42194
12425
41759
12426
42196
12429
41757
12430
42198
12433
41755
12434
42200
12437
41753
12438
42202
12441
41197
12442
42204
12445
41195
12446
42206
12449
41193
12450
42208
12453
41191
12454
42210
12457
41189
12458
12461
12462
42212
12463
41751
12464
42214
12467
41749
12468
42216
12471
41747
12472
42218
12475
41745
12476
42220
12479
41743
12480
42222
12483
41741
12484
42224
12487
41739
12488
42226
12491
41737
12492
42228
12495
41735
12496
42230
12499
41733
12500
42232
12503
41731
12504
42234
12507
41729
12508
42236
12511
41727
12512
42238
12515
42240
41725
12516
42242
12519
41723
12520
42244
12523
41721
12524
42246
12527
41719
12528
42248
42250
42252
42254
12531
12532
42256
12533
42258
41717
12534
42260
12537
41715
12538
42262
12541
41713
12542
42264
12545
41711
12546
42266
12549
42268
41709
12550
42270
12553
42272
41707
12554
42274
12557
42276
41705
12558
42278
12561
42280
41703
12562
42282
12565
42284
41701
12566
42286
42288
42290
42292
12569
12570
42294
12571
42296
41699
12572
42298
12575
41697
12576
42300
12579
41695
12580
42302
12583
41693
12584
42304
12587
42306
41691
12588
42308
12591
42310
41689
12592
42312
12595
42314
41687
12596
42316
12599
42318
41685
12600
42320
12603
42322
41683
12604
42324
42326
42328
42330
12607
12608
42332
12609
42334
41681
12610
42336
12613
41677
12614
42338
12617
41675
12618
42340
12621
41673
12622
42342
12625
42344
41671
12626
42346
12629
42348
41669
12630
42350
12633
42352
41667
12634
42354
12637
42356
41665
12638
42358
12641
42360
41663
12642
42362
42364
42366
42368
12645
12646
42370
12647
42372
41661
12648
42374
12651
41659
12652
42376
12655
41657
12656
42378
12659
41655
12660
42380
12663
42382
41653
12664
42384
12667
42386
41651
12668
42388
12671
42390
41649
12672
42392
12675
42394
41647
12676
42396
12679
42398
41645
12680
42400
42402
42404
42406
12683
12684
42408
12685
42410
41643
12686
42412
12689
41641
12690
42414
12693
41347
12694
42416
12697
41345
12698
42418
12701
42420
41343
12702
42422
12705
42424
41331
12706
42426
12709
42428
41335
12710
42430
12713
42432
41339
12714
42434
12717
42436
41341
12718
42438
42440
42442
42444
12721
12722
42446
12723
42448
41385
12724
42450
12727
41383
12728
42452
12731
41381
12732
42454
12735
41361
12736
42456
12739
42458
41365
12740
42460
12743
42462
41369
12744
42464
12747
42466
41373
12748
42468
12751
42470
41377
12752
42472
12755
42474
41379
12756
42476
42478
42480
42482
12759
12760
42484
12761
42486
41639
12762
42488
12765
41637
12766
42490
42492
42494
12769
12770
12773
41635
12774
12777
41633
12778
42496
12781
42498
41631
12782
42500
12785
42502
41629
12786
42504
12789
42506
41407
12790
42508
12793
42510
41411
12794
42512
12797
42514
41415
12798
42516
12801
42518
41423
12802
42520
42522
42524
12805
12806
12809
42526
41425
12810
12813
42528
41429
12814
42530
12817
42532
41433
12818
42534
12821
42536
41437
12822
42538
12825
42540
41441
12826
42542
12829
42544
41445
12830
42546
12833
42548
41449
12834
42550
12837
42552
41457
12838
42554
42556
42558
12841
12842
12845
42560
41459
12846
12849
42562
41463
12850
42564
12853
42566
41467
12854
42568
12857
42570
41471
12858
42572
12861
42574
41475
12862
42576
12865
42578
41479
12866
42580
12869
42582
41483
12870
42584
12873
42586
41491
12874
42588
42590
42592
12877
12878
12881
42594
41493
12882
12885
42596
41497
12886
42598
12889
42600
41501
12890
42602
12893
42604
41505
12894
42606
12897
42608
41509
12898
42610
12901
42612
41513
12902
42614
12905
42616
41517
12906
42618
12909
42620
41525
12910
42622
42624
42626
12913
12914
12917
42628
41527
12918
12921
42630
41531
12922
42632
12925
42634
41535
12926
42636
12929
42638
41539
12930
42640
12933
42642
41543
12934
42644
12937
42646
41547
12938
42648
12941
42650
41551
12942
42652
12945
42654
41559
12946
42656
42658
42660
12949
12950
12953
42662
41561
12954
12957
42664
41565
12958
42666
12961
42668
41569
12962
42670
12965
42672
41573
12966
42674
12969
42676
41577
12970
42678
12973
42680
41581
12974
42682
12977
42684
41627
12978
42686
12981
42688
41625
12982
42690
42692
42694
12985
12986
12989
42696
41623
12990
12993
42698
41621
12994
42700
12997
42702
41619
12998
42704
13001
42706
41617
13002
42708
13005
42710
41615
13006
42712
13009
42714
41613
13010
42716
13013
42718
41611
13014
42720
13017
42722
41609
13018
42724
42726
42728
13021
13022
42730
13025
13026
42732
13029
13030
42734
13033
13034
42736
13037
13038
42738
13041
13042
42740
13045
13046
42742
13049
13050
42744
13053
13054
42746
13057
13058
42748
13061
13062
42750
13065
13066
42752
13069
13070
42754
13073
13074
42756
13077
13078
42758
13081
13082
42760
13085
13086
42762
13089
13090
42764
13093
13094
42766
13097
13098
42768
13101
13102
42770
13105
13106
42772
13109
13110
42774
13113
13114
42776
13117
13118
42778
13121
13122
42780
13125
13126
42782
13129
13130
42784
13133
13134
42786
13137
13138
13141
13142
13145
13146
42788
13149
13150
42790
13153
13154
42792
13157
13158
42794
13161
13162
42796
13165
13166
42798
13169
13170
42800
13173
13174
42802
13177
13178
42804
13181
13182
42806
13185
13186
42808
13189
13190
42810
13193
13194
42812
13197
13198
42814
13201
13202
42816
13205
13206
42818
13209
13210
42820
13213
13214
42822
13217
13218
42824
13221
13222
42826
13225
13226
42828
13229
13230
42830
13233
13234
42832
13237
13238
42834
13241
13242
42836
13245
13246
42838
13249
13250
42840
13253
13254
42842
13257
13258
42844
13261
13262
42846
13265
13266
42848
13269
13270
42850
13273
13274
42852
13277
13278
42854
13281
13282
42856
13285
13286
42858
13289
13290
42860
13293
13294
42862
13297
13298
42864
13301
13302
42866
13305
13306
42868
13309
13310
42870
13313
13314
42872
13317
13318
42874
13321
13322
42876
13325
13326
42878
13329
13330
42880
13333
13334
42882
13337
13338
42884
13341
13342
42886
13345
13346
42888
13349
13350
42890
13353
13354
42892
13357
13358
42894
13361
13362
42896
13365
13366
42898
13369
13370
42900
13373
13374
42902
13377
13378
42904
13381
13382
42906
13385
13386
42908
13389
13390
42910
13393
13394
42912
13397
13398
42914
13401
13402
42916
13405
13406
42918
13409
13410
42920
13413
13414
42922
13417
13418
42924
13421
13422
42926
42928
42930
42932
13425
13426
42934
13427
13428
42936
13431
13432
42938
13435
13436
42940
13439
13440
42942
13443
13444
42944
13447
13448
42946
13451
13452
42948
13455
13456
42950
13459
13460
42952
13463
13464
42954
13467
13468
42956
13471
13472
42958
13475
13476
42960
13479
42962
42255
13480
42964
13483
42253
13484
42966
13487
42251
13488
42968
13491
42249
13492
42970
42972
42974
42976
13495
13496
42978
13497
42980
42293
13498
42982
13501
42291
13502
42984
13505
42289
13506
42986
13509
42269
13510
42988
13513
42990
42273
13514
42992
13517
42994
42277
13518
42996
13521
42998
42281
13522
43000
13525
43002
42285
13526
43004
13529
43006
42287
13530
43008
43010
43012
43014
13533
13534
43016
13535
43018
42331
13536
43020
13539
42329
13540
43022
13543
42327
13544
43024
13547
42307
13548
43026
13551
43028
42311
13552
43030
13555
43032
42315
13556
43034
13559
43036
42319
13560
43038
13563
43040
42323
13564
43042
13567
43044
42325
13568
43046
43048
43050
43052
13571
13572
43054
13573
43056
42369
13574
43058
13577
42367
13578
43060
13581
42365
13582
43062
13585
42345
13586
43064
13589
43066
42349
13590
43068
13593
43070
42353
13594
43072
13597
43074
42357
13598
43076
13601
43078
42361
13602
43080
13605
43082
42363
13606
43084
43086
43088
43090
13609
13610
43092
13611
43094
42407
13612
43096
13615
42405
13616
43098
13619
42403
13620
43100
13623
42383
13624
43102
13627
43104
42387
13628
43106
13631
43108
42391
13632
43110
13635
43112
42395
13636
43114
13639
43116
42399
13640
43118
13643
43120
42401
13644
43122
43124
43126
43128
13647
13648
43130
13649
43132
42445
13650
43134
13653
42443
13654
43136
13657
42441
13658
43138
13661
42421
13662
43140
13665
43142
42425
13666
43144
13669
43146
42429
13670
43148
13673
43150
42433
13674
43152
13677
43154
42437
13678
43156
13681
43158
42439
13682
43160
43162
43164
43166
13685
13686
43168
13687
43170
42483
13688
43172
13691
42481
13692
43174
13695
42479
13696
43176
13699
42459
13700
43178
13703
43180
42463
13704
43182
13707
43184
42467
13708
43186
13711
43188
42471
13712
43190
13715
43192
42475
13716
43194
13719
43196
42477
13720
43198
43200
43202
43204
13723
13724
43206
13725
13726
43208
13729
13730
43210
43212
43214
13733
13734
13737
13738
13741
43216
42499
13742
43218
13745
42503
13746
43220
13749
42507
13750
43222
13753
42511
13754
43224
13757
43226
42515
13758
43228
13761
43230
42519
13762
43232
13765
43234
42527
13766
43236
43238
43240
13769
13770
13773
43242
42529
13774
13777
43244
42533
13778
43246
13781
43248
42537
13782
43250
13785
43252
42541
13786
43254
13789
43256
42545
13790
43258
13793
43260
42549
13794
43262
13797
43264
42553
13798
43266
13801
43268
42561
13802
43270
43272
43274
13805
13806
13809
43276
42563
13810
13813
43278
42567
13814
43280
13817
43282
42571
13818
43284
13821
43286
42575
13822
43288
13825
43290
42579
13826
43292
13829
43294
42583
13830
43296
13833
43298
42587
13834
43300
13837
43302
42595
13838
43304
43306
43308
13841
13842
13845
43310
42597
13846
13849
43312
42601
13850
43314
13853
43316
42605
13854
43318
13857
43320
42609
13858
43322
13861
43324
42613
13862
43326
13865
43328
42617
13866
43330
13869
43332
42621
13870
43334
13873
43336
42629
13874
43338
43340
43342
13877
13878
13881
43344
42631
13882
13885
43346
42635
13886
43348
13889
43350
42639
13890
43352
13893
43354
42643
13894
43356
13897
43358
42647
13898
43360
13901
43362
42651
13902
43364
13905
43366
42655
13906
43368
13909
43370
42663
13910
43372
43374
43376
13913
13914
13917
43378
42665
13918
13921
43380
42669
13922
43382
13925
43384
42673
13926
43386
13929
43388
42677
13930
43390
13933
43392
42681
13934
43394
13937
43396
42685
13938
43398
13941
43400
42689
13942
43402
13945
43404
42697
13946
43406
43408
43410
13949
13950
13953
43412
42699
13954
13957
43414
42703
13958
43416
13961
43418
42707
13962
43420
13965
43422
42711
13966
43424
13969
43426
42715
13970
43428
13973
43430
42719
13974
43432
13977
43434
42723
13978
43436
13981
13982
43438
43440
43442
13985
13986
43444
13989
13990
43446
13993
13994
43448
13997
13998
43450
14001
14002
43452
14005
14006
43454
14009
14010
43456
14013
14014
43458
14017
14018
43460
14021
14022
43462
14025
14026
43464
14029
14030
43466
14033
14034
43468
14037
14038
43470
14041
14042
43472
14045
14046
43474
14049
14050
43476
14053
14054
43478
14057
14058
43480
14061
14062
43482
14065
14066
43484
14069
14070
43486
14073
14074
43488
14077
14078
43490
14081
14082
43492
14085
14086
43494
14089
14090
43496
14093
14094
43498
14097
14098
43500
43502
43504
43506
43508
43510
43512
43514
43516
43518
43520
43522
43524
43526
43528
43530
43532
43534
43536
43538
43540
43542
43544
43546
43548
43550
43552
43554
43556
43558
43560
43562
43564
43566
43568
43570
43572
43574
43576
43578
43580
43582
43584
43586
43588
43590
43592
43594
43596
43598
43600
43602
43604
43606
43608
43610
43612
43614
43616
43618
43620
43622
43624
43626
43628
43630
43632
43634
43636
43638
43640
43642
43644
43646
43648
43650
43652
43654
43656
43658
43660
43662
43664
43666
43668
43670
43672
14101
14102
43674
14103
14104
43676
14107
14108
43678
14109
14110
43680
14113
14114
43682
14115
14116
43684
14119
14120
43686
14121
14122
43688
14125
14126
43690
14127
14128
43692
14131
14132
43694
14135
14136
43696
14139
14140
43698
14143
14144
43700
14147
14148
43702
14151
14152
43704
14155
14156
43706
14159
14160
43708
14163
14164
43710
14165
14166
43712
14169
14170
43714
14171
14172
14175
14176
43716
14177
14178
43718
14181
14182
43720
14183
14184
43722
14187
14188
43724
14189
14190
43726
14193
14194
43728
14197
14198
43730
14201
14202
43732
14205
14206
43734
14209
14210
43736
14213
14214
43738
14217
14218
43740
14221
14222
43742
14225
14226
43744
14227
14228
43746
14231
14232
43748
14233
14234
43750
14237
14238
43752
14239
14240
43754
14243
14244
43756
14245
14246
43758
14249
14250
43760
14251
14252
43762
14255
14256
43764
14259
14260
43766
14263
14264
43768
14267
14268
43770
14271
14272
43772
14275
14276
43774
14279
14280
43776
14283
14284
43778
14287
14288
43780
14289
14290
43782
14293
14294
43784
14297
14298
43786
14301
14302
43788
14305
14306
43790
14309
14310
43792
14313
14314
43794
14317
14318
43796
14321
14322
43798
14325
14326
43800
14329
14330
43802
14333
14334
43804
14337
14338
43806
14341
14342
43808
14345
14346
43810
14349
14350
43812
14353
14354
43814
14357
14358
43816
14361
14362
43818
14365
14366
43820
14369
14370
43822
14373
14374
43824
14377
14378
43826
14381
14382
43828
14385
14386
43830
14389
14390
43832
14393
14394
43834
14397
14398
43836
14401
14402
43838
14405
14406
43840
14409
14410
43842
14413
14414
43844
14417
14418
43846
14421
14422
43848
14425
14426
43850
14429
14430
43852
14433
14434
43854
14437
14438
43856
14441
14442
43858
14445
14446
43860
14449
14450
43862
14453
14454
43864
14457
14458
43866
14461
14462
43868
14465
14466
43870
14469
14470
43872
14473
14474
43874
14477
43876
43759
14478
43878
14481
14482
43880
14485
14486
43882
14489
14490
43884
14493
43886
43779
14494
43888
14497
14498
43890
14501
14502
43892
14505
14506
43894
14509
14510
43896
14513
14514
43898
14517
14518
43900
14521
14522
43902
14525
14526
43904
14529
14530
43906
14533
14534
43908
14537
14538
43910
14541
14542
43912
14545
14546
43914
14549
14550
43916
14553
14554
43918
14557
14558
43920
14561
14562
43922
14565
14566
43924
14569
14570
43926
14573
14574
43928
14577
14578
43930
14581
14582
43932
14583
14584
43934
14587
14588
43936
14589
14590
43938
14593
14594
43940
14595
14596
43942
14599
14600
43944
14601
14602
43946
14605
14606
43948
14607
14608
43950
14611
14612
43952
14615
14616
43954
14619
14620
43956
14623
14624
43958
14627
14628
43960
14631
14632
43962
14635
14636
43964
14639
14640
43966
14643
14644
43968
14645
14646
43970
14649
14650
43972
14651
14652
43974
14655
14656
43976
14657
14658
43978
14661
14662
43980
14663
14664
43982
14667
14668
43984
14669
14670
43986
14673
14674
43988
14677
14678
43990
14681
14682
43992
14685
14686
43994
14689
14690
43996
14693
14694
43998
14697
14698
44000
14701
14702
44002
14705
14706
44004
14707
14708
44006
14711
14712
44008
14713
14714
44010
14717
14718
44012
14719
14720
44014
14723
14724
44016
14725
14726
44018
14729
14730
44020
14731
14732
44022
14735
14736
44024
14739
14740
44026
14743
14744
44028
14747
14748
44030
14751
14752
44032
14755
14756
44034
14759
14760
44036
14763
14764
44038
14767
14768
44040
14769
14770
44042
14773
14774
44044
14777
14778
44046
14781
14782
44048
14785
14786
44050
14789
14790
44052
14793
14794
44054
14797
14798
44056
14801
14802
44058
14805
14806
44060
14809
14810
44062
14813
14814
44064
14817
14818
44066
14821
14822
44068
14825
14826
44070
14829
14830
44072
14833
14834
44074
14837
14838
44076
14841
14842
44078
14845
14846
44080
14849
14850
44082
14853
14854
44084
14857
14858
44086
14861
14862
44088
14865
14866
44090
14869
14870
44092
14871
14872
44094
14875
14876
44096
14877
14878
44098
14881
14882
44100
14883
14884
44102
14887
14888
44104
14889
14890
44106
14893
14894
44108
14895
14896
44110
14899
14900
44112
14903
14904
44114
14907
14908
44116
14911
14912
44118
14915
14916
44120
14919
14920
44122
14923
14924
44124
14927
14928
44126
14931
14932
44128
14933
14934
44130
14937
14938
44132
14939
14940
44134
14943
14944
44136
14945
14946
44138
14949
14950
44140
14951
14952
44142
14955
14956
44144
14957
14958
44146
14961
14962
44148
14965
14966
44150
14969
14970
44152
14973
14974
44154
14977
14978
44156
14981
14982
44158
14985
14986
44160
14989
14990
44162
14993
14994
44164
14995
14996
44166
14999
15000
44168
15001
15002
44170
15005
15006
44172
15007
15008
44174
15011
15012
44176
15013
15014
44178
15017
15018
44180
15019
15020
44182
15023
15024
44184
15027
15028
44186
15031
15032
44188
15035
15036
44190
15039
15040
44192
15043
15044
44194
15047
15048
44196
15051
15052
44198
15055
15056
44200
15057
15058
44202
15061
15062
44204
15065
15066
44206
15069
15070
44208
15073
15074
44210
15077
15078
44212
15079
15080
44214
15083
15084
44216
15085
15086
44218
15089
15090
44220
15091
15092
44222
15095
15096
44224
15097
15098
44226
15101
15102
44228
15103
15104
44230
15107
15108
44232
15111
15112
44234
15115
15116
44236
15119
15120
44238
15123
15124
44240
15125
15126
44242
15129
15130
44244
15131
15132
44246
15135
15136
44248
15137
15138
44250
15141
15142
44252
15143
15144
44254
15147
15148
44256
15149
15150
44258
15153
15154
44260
15157
15158
44262
15161
15162
44264
15165
15166
44266
15169
15170
44268
15171
15172
44270
15175
15176
44272
15177
15178
44274
15181
15182
44276
15183
15184
44278
15187
15188
44280
15189
15190
44282
15193
15194
44284
15195
15196
44286
15199
15200
44288
15203
15204
44290
15207
15208
44292
15211
15212
44294
15215
15216
44296
15217
15218
15221
15222
15223
15224
44298
44300
15227
15228
44302
44304
15229
15230
44306
15233
15234
44308
15235
15236
44310
15239
15240
44312
15241
15242
44314
15245
15246
44316
15247
15248
15251
15252
15253
15254
44318
44320
15257
15258
44322
44324
15259
15260
44326
15263
15264
44328
15265
15266
44330
15269
15270
44332
15271
15272
44334
15275
15276
44336
15277
15278
15281
15282
15283
15284
44338
44340
15287
15288
44342
44344
15289
15290
44346
15293
15294
44348
15295
15296
44350
15299
15300
44352
15301
15302
44354
15305
15306
44356
15307
15308
15311
15312
15313
15314
44358
44360
15318
44362
44364
43755
15319
15320
36593
38027
15321
31726
15322
15323
26132
15324
38025
15325
24354
24414
24477
31728
15326
43751
15327
15328
38021
15329
31730
15330
15331
15332
38017
15333
31732
15334
44366
44368
44370
42019
15335
15336
38015
15337
26134
31734
15338
15339
15340
38013
15341
26136
26141
26145
31736
15342
44372
44374
44376
42015
15343
15344
38011
15345
31738
15346
15347
15348
38009
15349
31740
15350
44378
42011
15351
15352
40217
15353
31742
15354
44380
42007
15355
15356
15357
31744
15358
15359
15360
15361
26152
26158
31746
15362
44382
44384
44386
42003
15363
15364
40215
15365
31743
31748
15366
44388
43747
15367
15368
37857
37885
15369
31750
15370
44390
44392
44394
44396
41999
15371
44398
15372
15373
31752
15374
44400
41995
15375
15376
15377
31753
31754
15378
43743
15379
44402
15380
37911
37913
15381
31751
31756
15382
44404
44406
44408
44410
41991
15383
15384
15385
31758
15386
44412
41987
15387
15388
15389
31759
31760
15390
44414
43723
15391
15392
37933
37935
15393
31757
31762
15394
41951
15395
44416
44418
44420
44422
15396
15397
31764
15398
44424
41947
15399
15400
15401
31765
31766
15402
43719
15403
44426
15404
37953
37955
15405
31763
31768
15406
44428
44430
44432
44434
41943
15407
15408
15409
31770
15410
44436
41939
15411
15412
15413
31771
31772
15414
44438
43713
15415
15416
37967
37969
15417
31769
31774
15418
41935
15419
44440
44442
44444
44446
15420
15421
31776
15422
44448
41887
15423
15424
15425
31777
31778
15426
43709
15427
44450
15428
37995
37997
15429
31775
31780
15430
44452
44454
44456
44458
41883
15431
15432
15433
31782
15434
44460
41879
15435
15436
15437
31783
31784
15438
44462
43689
15439
15440
38921
38923
15441
31781
31786
15442
41875
15443
44464
44466
44468
44470
15444
15445
26167
31741
31788
15446
44472
41871
15447
15448
15449
26189
31747
31789
31790
15450
43685
15451
15452
38911
38917
15453
31787
31792
15454
44474
44476
44478
44480
44482
43681
15455
15458
43677
15459
15462
43673
15463
44484
15466
43671
15467
44486
15470
43669
15471
44488
15474
43667
15475
44490
15478
43665
15479
44492
15482
43663
15483
44494
15486
43661
15487
44496
15490
43659
15491
44498
15494
43657
15495
44500
15498
43655
15499
44502
15502
43653
15503
44504
15506
43651
15507
44506
15510
43649
15511
44508
15514
43647
15515
44510
15518
43645
15519
44512
15522
43643
15523
44514
15526
43641
15527
44516
15530
43639
15531
44518
15534
43637
15535
44520
15538
43635
15539
44522
15542
43633
15543
44524
15546
43631
15547
44526
15550
43629
15551
44528
15554
43627
15555
44530
15558
43625
15559
44532
15562
43623
15563
44534
15566
43621
15567
44536
15570
43619
15571
44538
15574
43617
15575
44540
15578
43615
15579
44542
15582
43613
15583
44544
15586
43611
15587
44546
15590
43609
15591
44548
15594
43607
15595
44550
15598
43605
15599
44552
15602
43603
15603
44554
15606
43601
15607
44556
15610
43599
15611
44558
15614
43597
15615
44560
15618
43595
15619
44562
15622
43593
15623
44564
15626
43591
15627
44566
15630
43589
15631
44568
15634
43587
15635
44570
15638
43585
15639
44572
15642
43583
15643
44574
15646
43581
15647
44576
15650
43579
15651
44578
15654
43577
15655
44580
15658
43575
15659
44582
15662
43573
15663
44584
15666
43571
15667
44586
15670
44588
43569
15671
44590
15674
44592
43567
15675
44594
15678
44596
43565
15679
44598
15682
44600
43563
15683
44602
15686
44604
43561
15687
44606
15690
44608
43559
15691
44610
15694
44612
43557
15695
44614
15698
44616
43555
15699
44618
15702
44620
43553
15703
44622
15706
44624
43551
15707
44626
15710
44628
43549
15711
44630
15714
44632
43547
15715
44634
15718
44636
43545
15719
44638
15722
44640
43543
15723
44642
15726
44644
42933
15727
44646
15730
44648
42931
15731
44650
15734
44652
42929
15735
44654
15738
44656
42927
15739
44658
44660
44662
44664
15742
15743
44666
15744
44668
43541
15745
44670
15748
43539
15749
44672
15752
43537
15753
44674
15756
43535
15757
44676
15760
44678
43533
15761
44680
15764
44682
43531
15765
44684
15768
44686
43529
15769
44688
15772
44690
43527
15773
44692
15776
44694
43525
15777
44696
15780
44698
43523
15781
44700
15784
44702
43521
15785
44704
15788
44706
43519
15789
44708
15792
44710
43517
15793
44712
15796
44714
42977
15797
44716
15800
44718
42975
15801
44720
15804
44722
42973
15805
44724
15808
44726
42971
15809
44728
44730
44732
44734
15812
15813
44736
15814
44738
43015
15815
44740
15818
43013
15819
44742
15822
43011
15823
44744
15826
42991
15827
44746
15830
44748
42995
15831
44750
15834
44752
42999
15835
44754
15838
44756
43003
15839
44758
15842
44760
43007
15843
44762
15846
44764
43009
15847
44766
44768
44770
44772
15850
15851
44774
15852
44776
43053
15853
44778
15856
43051
15857
44780
15860
43049
15861
44782
15864
43029
15865
44784
15868
44786
43033
15869
44788
15872
44790
43037
15873
44792
15876
44794
43041
15877
44796
15880
44798
43045
15881
44800
15884
44802
43047
15885
44804
44806
44808
44810
15888
15889
44812
15890
44814
43091
15891
44816
15894
43089
15895
44818
15898
43087
15899
44820
15902
43067
15903
44822
15906
44824
43071
15907
44826
15910
44828
43075
15911
44830
15914
44832
43079
15915
44834
15918
44836
43083
15919
44838
15922
44840
43085
15923
44842
44844
44846
44848
15926
15927
44850
15928
44852
43129
15929
44854
15932
43127
15933
44856
15936
43125
15937
44858
15940
43105
15941
44860
15944
44862
43109
15945
44864
15948
44866
43113
15949
44868
15952
44870
43117
15953
44872
15956
44874
43121
15957
44876
15960
44878
43123
15961
44880
44882
44884
44886
15964
15965
44888
15966
44890
43167
15967
44892
15970
43165
15971
44894
15974
43163
15975
44896
15978
43143
15979
44898
15982
44900
43147
15983
44902
15986
44904
43151
15987
44906
15990
44908
43155
15991
44910
15994
44912
43159
15995
44914
15998
44916
43161
15999
44918
44920
44922
44924
16002
16003
44926
16004
44928
43205
16005
44930
16008
43203
16009
44932
16012
43201
16013
44934
16016
43181
16017
44936
16020
44938
43185
16021
44940
16024
44942
43189
16025
44944
16028
44946
43193
16029
44948
16032
44950
43197
16033
44952
16036
44954
43199
16037
44956
44958
44960
44962
16040
16041
44964
16042
44966
43515
16043
44968
16046
43513
16047
44970
44972
44974
16050
16051
16054
43511
16055
16058
43509
16059
44976
16062
44978
43507
16063
44980
16066
44982
43505
16067
44984
16070
44986
43227
16071
44988
16074
44990
43231
16075
44992
16078
44994
43235
16079
44996
16082
44998
43243
16083
45000
45002
45004
16086
16087
16090
45006
43245
16091
16094
45008
43249
16095
45010
16098
45012
43253
16099
45014
16102
45016
43257
16103
45018
16106
45020
43261
16107
45022
16110
45024
43265
16111
45026
16114
45028
43269
16115
45030
16118
45032
43277
16119
45034
45036
45038
16122
16123
16126
45040
43279
16127
16130
45042
43283
16131
45044
16134
45046
43287
16135
45048
16138
45050
43291
16139
45052
16142
45054
43295
16143
45056
16146
45058
43299
16147
45060
16150
45062
43303
16151
45064
16154
45066
43311
16155
45068
45070
45072
16158
16159
16162
45074
43313
16163
16166
45076
43317
16167
45078
16170
45080
43321
16171
45082
16174
45084
43325
16175
45086
16178
45088
43329
16179
45090
16182
45092
43333
16183
45094
16186
45096
43337
16187
45098
16190
45100
43345
16191
45102
45104
45106
16194
16195
16198
45108
43347
16199
16202
45110
43351
16203
45112
16206
45114
43355
16207
45116
16210
45118
43359
16211
45120
16214
45122
43363
16215
45124
16218
45126
43367
16219
45128
16222
45130
43371
16223
45132
16226
45134
43379
16227
45136
45138
45140
16230
16231
16234
45142
43381
16235
16238
45144
43385
16239
45146
16242
45148
43389
16243
45150
16246
45152
43393
16247
45154
16250
45156
43397
16251
45158
16254
45160
43401
16255
45162
16258
45164
43405
16259
45166
16262
45168
43413
16263
45170
45172
45174
16266
16267
16270
45176
43415
16271
16274
45178
43419
16275
45180
16278
45182
43423
16279
45184
16282
45186
43427
16283
45188
16286
45190
43431
16287
45192
16290
45194
43435
16291
45196
16294
45198
43503
16295
45200
16298
45202
43501
16299
45204
45206
45208
16302
16303
45210
16306
16307
45212
16310
16311
45214
16314
16315
45216
16318
16319
45218
16322
16323
45220
16326
16327
45222
16330
16331
45224
16334
16335
45226
16338
16339
45228
16342
16343
45230
16346
16347
45232
16350
16351
45234
16354
16355
45236
16358
16359
45238
16362
16363
45240
16366
16367
45242
16370
16371
45244
16374
16375
45246
16378
16379
45248
16382
16383
45250
16386
16387
45252
16390
16391
45254
16394
45256
45258
45260
45262
45264
45266
45268
45270
45272
45274
45276
45278
45280
45282
45284
45286
45288
45290
45292
45294
45296
45298
45300
45302
45304
45306
45308
45310
45312
45314
45316
45318
45320
45322
45324
45326
45328
45330
45332
45334
45336
45338
45340
45342
45344
45346
45348
45350
45352
45354
45356
45358
45360
45362
44039
16395
45364
16398
45366
44019
16399
45368
16402
45370
44015
16403
45372
16406
45374
43887
16407
45376
16410
45378
43877
16411
45380
16414
45382
44011
16415
45384
16418
16419
45386
16422
45388
44007
16423
45390
16426
45392
44003
16427
45394
16430
45396
43983
16431
45398
16434
45400
43979
16435
45402
16438
16439
45404
16442
45406
43975
16443
45408
16446
45410
43971
16447
45412
16450
45414
43967
16451
45416
16454
45418
43947
16455
45420
16458
16459
45422
16462
45424
43943
16463
45426
16466
45428
43939
16467
45430
16470
45432
43935
16471
45434
16474
45436
43931
16475
45438
16478
16479
45440
16482
16483
45442
16486
16487
45444
16490
16491
45446
16494
16495
45448
16498
16499
45450
16502
16503
45452
16506
16507
45454
16510
16511
45456
16514
16515
45458
16518
45460
44179
16519
45462
16522
45464
44143
16523
45466
16526
45468
44107
16527
45470
16530
45472
44103
16531
45474
16534
45476
44099
16535
45478
16538
45480
44095
16539
45482
16542
45484
44091
16543
45486
16546
16547
45488
16550
45490
44139
16551
45492
16554
45494
44135
16555
45496
16558
45498
44131
16559
45500
16562
45502
44127
16563
45504
16566
16567
45506
16570
45508
44175
16571
45510
16574
45512
44171
16575
45514
16578
45516
44167
16579
45518
16582
45520
44163
16583
45522
16586
16587
45524
16590
45526
44227
16591
45528
16594
45530
44223
16595
45532
16598
45534
44219
16599
45536
16602
45538
44199
16603
45540
16606
45542
44211
16607
45544
16610
45546
44215
16611
45548
16614
45550
44255
16615
45552
16618
45554
44251
16619
45556
16622
45558
44247
16623
45560
16626
45562
44239
16627
45564
16630
45566
44243
16631
45568
16634
45570
44283
16635
45572
16638
45574
44279
16639
45576
16642
45578
44275
16643
45580
16646
45582
44267
16647
45584
16650
45586
44271
16651
45588
16654
16655
45590
16658
16659
45592
16662
45594
44401
16663
45596
16666
45598
44295
16667
45600
16670
45602
44301
16671
16674
44299
16675
45604
45606
16678
45608
45610
44307
16679
45612
16682
45614
44311
16683
45616
16686
45618
44315
16687
45620
16690
45622
44321
16691
16694
44319
16695
45624
45626
16698
45628
45630
44327
16699
45632
16702
45634
44331
16703
45636
16706
45638
44335
16707
45640
16710
45642
44341
16711
16714
44339
16715
45644
45646
16718
45648
45650
44347
16719
45652
16722
45654
44351
16723
45656
16726
45658
44355
16727
45660
16730
45662
44365
16731
16734
44363
16735
45664
45666
16739
45668
45670
44371
16740
26139
16741
44367
44369
16742
32436
16743
44377
16744
16745
44375
16746
31727
32438
16747
16748
26150
16749
44373
16750
31729
31731
31733
32437
32440
16751
44379
16752
16753
44385
16754
32442
16755
16756
16757
44383
16758
32444
16759
45672
44381
16760
16761
16762
32446
16763
45674
44387
16764
16765
16766
32448
16767
16768
45676
16769
16770
31735
31737
32450
16771
45678
45680
44389
16772
16773
16774
32447
32452
16775
45682
44397
16776
16777
44393
44395
16778
32454
16779
45684
45686
45688
45690
44399
16780
45692
16781
16782
32456
16783
45694
44411
16784
16785
16786
32457
32458
16787
44403
16788
45696
16789
44407
44409
16790
32455
32460
16791
45698
45700
45702
45704
44413
16792
16793
16794
32462
16795
45706
44415
16796
16797
16798
32463
32464
16799
45708
44425
16800
16801
44419
44421
16802
32461
32466
16803
44423
16804
45710
45712
45714
45716
16805
16806
32468
16807
45718
44435
16808
16809
16810
32469
32470
16811
44427
16812
45720
16813
44431
44433
16814
32467
32472
16815
45722
45724
45726
45728
44437
16816
16817
16818
32474
16819
45730
44439
16820
16821
16822
32475
32476
16823
45732
44449
16824
16825
44443
44445
16826
32473
32478
16827
44447
16828
45734
45736
45738
45740
16829
16830
32480
16831
45742
44459
16832
16833
16834
32481
32482
16835
44451
16836
45744
16837
44455
44457
16838
32479
32484
16839
45746
45748
45750
45752
44461
16840
16841
16842
32486
16843
45754
44463
16844
16845
16846
32487
32488
16847
45756
44473
16848
16849
44467
44469
16850
32485
32490
16851
44471
16852
45758
45760
45762
45764
16853
16854
31739
32445
32492
16855
16856
16857
16858
31745
32451
32493
32494
16859
44483
16860
16861
44479
44481
16862
32491
32496
16863
16864
16867
45361
16868
16871
45359
16872
45766
16875
45357
16876
45768
16879
45355
16880
45770
16883
45353
16884
45772
16887
45351
16888
45774
16891
45349
16892
45776
16895
45347
16896
45778
16899
45345
16900
45780
16903
45343
16904
45782
16907
45341
16908
45784
16911
45339
16912
45786
16915
45337
16916
45788
16919
45335
16920
45790
16923
45333
16924
45792
16927
45331
16928
45794
16931
45329
16932
45796
16935
45327
16936
45798
16939
45325
16940
45800
16943
45323
16944
45802
16947
45321
16948
45804
16951
45319
16952
45806
16955
45317
16956
45808
16959
45315
16960
45810
16963
45313
16964
45812
16967
45311
16968
45814
16971
45309
16972
45816
16975
45307
16976
45818
16979
45305
16980
45820
16983
45303
16984
45822
16987
45301
16988
45824
16991
45299
16992
45826
16995
45297
16996
45828
16999
45295
17000
45830
17003
45293
17004
45832
17007
45291
17008
45834
17011
45289
17012
45836
17015
45287
17016
45838
17019
45285
17020
45840
17023
45283
17024
45842
17027
45281
17028
45844
17031
45279
17032
45846
17035
45277
17036
45848
17039
45275
17040
45850
17043
45273
17044
45852
17047
45854
45271
17048
45856
17051
45269
17052
45858
17055
45860
45267
17056
45862
17059
45864
45265
17060
45866
17063
45868
44665
17064
45870
17067
45872
44663
17068
45874
17071
45876
44661
17072
45878
17075
45880
44589
17076
45882
17079
45884
44593
17080
45886
17083
45888
44597
17084
45890
17087
45892
44601
17088
45894
17091
45896
44605
17092
45898
17095
45900
44609
17096
45902
17099
45904
44613
17100
45906
17103
45908
44617
17104
45910
17107
45912
44621
17108
45914
17111
45916
44625
17112
45918
17115
45920
44629
17116
45922
17119
45924
44633
17120
45926
17123
45928
44637
17124
45930
17127
45932
44641
17128
45934
17131
45936
44645
17132
45938
17135
45940
44649
17136
45942
17139
45944
44653
17140
45946
17143
45948
44657
17144
45950
17147
45952
44659
17148
45954
45956
45958
45960
45962
45964
17151
17152
45966
17153
44735
17154
45968
17157
44733
17158
45970
17161
45972
44731
17162
45974
17165
44679
17166
45976
17169
44683
17170
45978
17173
44687
17174
45980
17177
45982
44691
17178
45984
17181
45986
44695
17182
45988
17185
45990
44699
17186
45992
17189
45994
44703
17190
45996
17193
45998
44707
17194
46000
17197
46002
44711
17198
46004
17201
46006
44715
17202
46008
17205
46010
44719
17206
46012
17209
46014
44723
17210
46016
17213
46018
44727
17214
46020
17217
46022
44729
17218
46024
46026
46028
46030
17221
17222
46032
17223
46034
44773
17224
46036
17227
44771
17228
46038
17231
44769
17232
46040
17235
44749
17236
46042
17239
46044
44753
17240
46046
17243
46048
44757
17244
46050
17247
46052
44761
17248
46054
17251
46056
44765
17252
46058
17255
46060
44767
17256
46062
46064
46066
46068
17259
17260
46070
17261
46072
44811
17262
46074
17265
44809
17266
46076
17269
44807
17270
46078
17273
44787
17274
46080
17277
46082
44791
17278
46084
17281
46086
44795
17282
46088
17285
46090
44799
17286
46092
17289
46094
44803
17290
46096
17293
46098
44805
17294
46100
46102
46104
46106
17297
17298
46108
17299
46110
44849
17300
46112
17303
44847
17304
46114
17307
44845
17308
46116
17311
44825
17312
46118
17315
46120
44829
17316
46122
17319
46124
44833
17320
46126
17323
46128
44837
17324
46130
17327
46132
44841
17328
46134
17331
46136
44843
17332
46138
46140
46142
46144
17335
17336
46146
17337
46148
44887
17338
46150
17341
44885
17342
46152
17345
44883
17346
46154
17349
44863
17350
46156
17353
46158
44867
17354
46160
17357
46162
44871
17358
46164
17361
46166
44875
17362
46168
17365
46170
44879
17366
46172
17369
46174
44881
17370
46176
46178
46180
46182
17373
17374
46184
17375
46186
44925
17376
46188
17379
44923
17380
46190
17383
44921
17384
46192
17387
44901
17388
46194
17391
46196
44905
17392
46198
17395
46200
44909
17396
46202
17399
46204
44913
17400
46206
17403
46208
44917
17404
46210
17407
46212
44919
17408
46214
46216
46218
46220
17411
17412
46222
17413
46224
44963
17414
46226
17417
44961
17418
46228
17421
44959
17422
46230
17425
44939
17426
46232
17429
46234
44943
17430
46236
17433
46238
44947
17434
46240
17437
46242
44951
17438
46244
17441
46246
44955
17442
46248
17445
46250
44957
17446
46252
46254
46256
46258
17449
17450
46260
17451
46262
45263
17452
46264
17455
45261
17456
46266
46268
46270
17459
17460
17463
45259
17464
17467
44979
17468
46272
17471
46274
44983
17472
46276
17475
46278
44987
17476
46280
17479
46282
44991
17480
46284
17483
46286
44995
17484
46288
17487
46290
44999
17488
46292
17491
46294
45007
17492
46296
46298
46300
17495
17496
17499
46302
45009
17500
17503
46304
45013
17504
46306
17507
46308
45017
17508
46310
17511
46312
45021
17512
46314
17515
46316
45025
17516
46318
17519
46320
45029
17520
46322
17523
46324
45033
17524
46326
17527
46328
45041
17528
46330
46332
46334
17531
17532
17535
46336
45043
17536
17539
46338
45047
17540
46340
17543
46342
45051
17544
46344
17547
46346
45055
17548
46348
17551
46350
45059
17552
46352
17555
46354
45063
17556
46356
17559
46358
45067
17560
46360
17563
46362
45075
17564
46364
46366
46368
17567
17568
17571
46370
45077
17572
17575
46372
45081
17576
46374
17579
46376
45085
17580
46378
17583
46380
45089
17584
46382
17587
46384
45093
17588
46386
17591
46388
45097
17592
46390
17595
46392
45101
17596
46394
17599
46396
45109
17600
46398
46400
46402
17603
17604
17607
46404
45111
17608
17611
46406
45115
17612
46408
17615
46410
45119
17616
46412
17619
46414
45123
17620
46416
17623
46418
45127
17624
46420
17627
46422
45131
17628
46424
17631
46426
45135
17632
46428
17635
46430
45143
17636
46432
46434
46436
17639
17640
17643
46438
45145
17644
17647
46440
45149
17648
46442
17651
46444
45153
17652
46446
17655
46448
45157
17656
46450
17659
46452
45161
17660
46454
17663
46456
45165
17664
46458
17667
46460
45169
17668
46462
17671
46464
45177
17672
46466
46468
46470
17675
17676
17679
46472
45179
17680
17683
46474
45183
17684
46476
17687
46478
45187
17688
46480
17691
46482
45191
17692
46484
17695
46486
45195
17696
46488
17699
46490
45199
17700
46492
17703
46494
45203
17704
46496
17707
46498
45257
17708
46500
46502
46504
17711
17712
46506
17715
17716
46508
17719
17720
46510
17723
17724
46512
17727
17728
46514
17731
17732
46516
17735
17736
46518
17739
17740
46520
17743
17744
46522
17747
17748
46524
17751
17752
46526
17755
17756
46528
17759
17760
46530
17763
17764
46532
17767
17768
46534
17771
17772
46536
17775
17776
46538
17779
17780
46540
17783
17784
46542
17787
17788
46544
17791
17792
46546
17795
17796
46548
17799
46550
46552
46554
46556
46558
46560
46562
46564
46566
46568
46570
46572
46574
46576
46578
46580
46582
46584
46586
46588
46590
46592
46594
46596
46598
46600
46602
46604
46606
46608
46610
46612
46614
46616
46618
46620
46622
46624
46626
46628
46630
46632
46634
46636
46638
46640
46642
46644
45363
17800
46646
17803
46648
45367
17804
46650
17807
46652
45371
17808
46654
17811
46656
45375
17812
46658
17815
46660
45379
17816
46662
17819
46664
45383
17820
46666
17823
17824
46668
17827
46670
45389
17828
46672
17831
46674
45393
17832
46676
17835
46678
45397
17836
46680
17839
46682
45401
17840
46684
17843
17844
46686
17847
46688
45407
17848
46690
17851
46692
45411
17852
46694
17855
46696
45415
17856
46698
17859
46700
45419
17860
46702
17863
17864
46704
17867
46706
45425
17868
46708
17871
46710
45429
17872
46712
17875
46714
45433
17876
46716
17879
46718
45437
17880
46720
17883
17884
46722
17887
17888
46724
17891
17892
46726
17895
17896
46728
17899
17900
46730
17903
17904
46732
17907
17908
46734
17911
17912
46736
17915
17916
46738
17919
17920
46740
17923
46742
45461
17924
46744
17927
46746
45465
17928
46748
17931
46750
45469
17932
46752
17935
46754
45473
17936
46756
17939
46758
45477
17940
46760
17943
46762
45481
17944
46764
17947
46766
45485
17948
46768
17951
17952
46770
17955
46772
45491
17956
46774
17959
46776
45495
17960
46778
17963
46780
45499
17964
46782
17967
46784
45503
17968
46786
17971
17972
46788
17975
46790
45509
17976
46792
17979
46794
45513
17980
46796
17983
46798
45517
17984
46800
17987
46802
45521
17988
46804
17991
17992
46806
17995
46808
45527
17996
46810
17999
46812
45531
18000
46814
18003
46816
45535
18004
46818
18007
46820
45539
18008
46822
18011
46824
45543
18012
46826
18015
46828
45547
18016
46830
18019
46832
45551
18020
46834
18023
46836
45555
18024
46838
18027
46840
45559
18028
46842
18031
46844
45563
18032
46846
18035
46848
45567
18036
46850
18039
46852
45571
18040
46854
18043
46856
45575
18044
46858
18047
46860
45579
18048
46862
18051
46864
45583
18052
46866
18055
46868
45587
18056
46870
18059
18060
46872
18063
46874
45695
18064
46876
18067
46878
45595
18068
46880
18071
46882
45599
18072
46884
18075
46886
45603
18076
46888
18079
46890
45611
18080
18083
45609
18084
46892
46894
18087
46896
46898
45615
18088
46900
18091
46902
45619
18092
46904
18095
46906
45623
18096
46908
18099
46910
45631
18100
18103
45629
18104
46912
46914
18107
46916
46918
45635
18108
46920
18111
46922
45639
18112
46924
18115
46926
45643
18116
46928
18119
46930
45651
18120
18123
45649
18124
46932
46934
18127
46936
46938
45655
18128
46940
18131
46942
45659
18132
46944
18135
46946
45663
18136
46948
18139
46950
45671
18140
18143
45669
18144
46952
46954
18148
46956
46958
45673
18149
26165
18150
45677
45679
18151
33140
18152
45675
18153
26184
18154
18155
33142
18156
45681
18157
26187
18158
18159
32439
32441
33144
18160
45683
18161
26194
18162
18163
33143
33146
18164
45691
18165
18166
45687
45689
18167
31749
33148
18168
46960
46962
46964
45693
18169
26248
18170
18171
33150
18172
45705
18173
26251
18174
18175
33151
33152
18176
45697
18177
18178
45701
45703
18179
31755
33149
33154
18180
46966
46968
46970
45707
18181
26265
18182
18183
33156
18184
45709
18185
26268
18186
18187
33157
33158
18188
45719
18189
18190
45713
45715
18191
31761
33155
33160
18192
46972
46974
46976
45717
18193
26282
18194
18195
33162
18196
45729
18197
26285
18198
18199
33163
33164
18200
45721
18201
18202
45725
45727
18203
31767
33161
33166
18204
46978
46980
46982
45731
18205
26299
18206
18207
33168
18208
45733
18209
26302
18210
18211
33169
33170
18212
45743
18213
18214
45737
45739
18215
31773
33167
33172
18216
46984
46986
46988
45741
18217
26316
18218
18219
33174
18220
45753
18221
26319
18222
18223
33175
33176
18224
45745
18225
18226
45749
45751
18227
31779
33173
33178
18228
46990
46992
46994
45755
18229
26333
18230
18231
33180
18232
45757
18233
26336
18234
18235
33181
33182
18236
18237
18238
45761
45763
18239
31785
33179
33184
18240
45765
18241
26350
18242
18243
32443
33141
33186
18244
18245
26353
18246
18247
32449
33145
33187
33188
18248
18249
18250
18251
31791
33185
33190
18252
18253
18254
44477
18255
33192
18256
46643
18257
18260
46641
18261
18264
46639
18265
18268
46637
18269
18272
46635
18273
18276
46633
18277
18280
46631
18281
18284
46629
18285
18288
46627
18289
18292
46625
18293
18296
46623
18297
46996
18300
46621
18301
46998
18304
46619
18305
47000
18308
46617
18309
47002
18312
46615
18313
47004
18316
46613
18317
47006
18320
46611
18321
47008
18324
46609
18325
47010
18328
46607
18329
47012
18332
46605
18333
47014
18336
46603
18337
47016
18340
46601
18341
47018
18344
46599
18345
47020
18348
46597
18349
47022
18352
46595
18353
47024
18356
46593
18357
47026
18360
46591
18361
47028
18364
46589
18365
47030
18368
46587
18369
47032
18372
46585
18373
47034
18376
46583
18377
47036
18380
46581
18381
47038
18384
46579
18385
47040
18388
46577
18389
47042
18392
46575
18393
47044
18396
46573
18397
47046
18400
46571
18401
47048
18404
46569
18405
47050
18408
46567
18409
47052
18412
46565
18413
47054
18416
46563
18417
47056
18420
45965
18421
47058
18424
45963
18425
47060
18428
45961
18429
47062
18432
45959
18433
47064
18436
45957
18437
47066
18440
45861
18441
47068
18444
45865
18445
47070
18448
45869
18449
47072
18452
45873
18453
47074
18456
45877
18457
47076
18460
45881
18461
47078
18464
45885
18465
47080
18468
45889
18469
47082
18472
45893
18473
47084
18476
45897
18477
47086
18480
45901
18481
47088
18484
45905
18485
47090
18488
45909
18489
47092
18492
45913
18493
47094
18496
45917
18497
47096
18500
45921
18501
47098
18504
45925
18505
47100
18508
47102
45929
18509
47104
18512
45933
18513
47106
18516
47108
45937
18517
47110
18520
45941
18521
47112
18524
47114
45945
18525
47116
18528
47118
45949
18529
47120
18532
47122
45953
18533
47124
18536
47126
45955
18537
47128
47130
47132
47134
47136
47138
47140
47142
18540
18541
47144
18542
46561
18543
47146
18546
46559
18547
47148
18550
46031
18551
47150
18554
46029
18555
47152
18558
47154
46027
18559
47156
18562
45983
18563
47158
18566
45987
18567
47160
18570
45991
18571
47162
18574
47164
45995
18575
47166
18578
47168
45999
18579
47170
18582
47172
46003
18583
47174
18586
47176
46007
18587
47178
18590
47180
46011
18591
47182
18594
47184
46015
18595
47186
18598
47188
46019
18599
47190
18602
47192
46023
18603
47194
18606
47196
46025
18607
47198
47200
47202
47204
18610
18611
47206
18612
47208
46069
18613
47210
18616
46067
18617
47212
18620
46065
18621
47214
18624
46045
18625
47216
18628
47218
46049
18629
47220
18632
47222
46053
18633
47224
18636
47226
46057
18637
47228
18640
47230
46061
18641
47232
18644
47234
46063
18645
47236
47238
47240
47242
18648
18649
47244
18650
47246
46107
18651
47248
18654
46105
18655
47250
18658
46103
18659
47252
18662
46083
18663
47254
18666
47256
46087
18667
47258
18670
47260
46091
18671
47262
18674
47264
46095
18675
47266
18678
47268
46099
18679
47270
18682
47272
46101
18683
47274
47276
47278
47280
18686
18687
47282
18688
47284
46145
18689
47286
18692
46143
18693
47288
18696
46141
18697
47290
18700
46121
18701
47292
18704
47294
46125
18705
47296
18708
47298
46129
18709
47300
18712
47302
46133
18713
47304
18716
47306
46137
18717
47308
18720
47310
46139
18721
47312
47314
47316
47318
18724
18725
47320
18726
47322
46183
18727
47324
18730
46181
18731
47326
18734
46179
18735
47328
18738
46159
18739
47330
18742
47332
46163
18743
47334
18746
47336
46167
18747
47338
18750
47340
46171
18751
47342
18754
47344
46175
18755
47346
18758
47348
46177
18759
47350
47352
47354
47356
18762
18763
47358
18764
47360
46221
18765
47362
18768
46219
18769
47364
18772
46217
18773
47366
18776
46197
18777
47368
18780
47370
46201
18781
47372
18784
47374
46205
18785
47376
18788
47378
46209
18789
47380
18792
47382
46213
18793
47384
18796
47386
46215
18797
47388
47390
47392
47394
18800
18801
47396
18802
47398
46259
18803
47400
18806
46257
18807
47402
18810
46255
18811
47404
18814
46235
18815
47406
18818
47408
46239
18819
47410
18822
47412
46243
18823
47414
18826
47416
46247
18827
47418
18830
47420
46251
18831
47422
18834
47424
46253
18835
47426
47428
47430
47432
18838
18839
47434
18840
47436
46557
18841
47438
18844
46555
18845
47440
47442
47444
47446
47448
47450
47452
47454
47456
18848
18849
47458
18852
46553
18853
47460
18856
46275
18857
47462
18860
47464
46279
18861
47466
18864
47468
46283
18865
47470
18868
47472
46287
18869
47474
18872
47476
46291
18873
47478
18876
47480
46295
18877
47482
18880
47484
46303
18881
47486
47488
47490
18884
18885
18888
47492
46305
18889
18892
47494
46309
18893
47496
18896
47498
46313
18897
47500
18900
47502
46317
18901
47504
18904
47506
46321
18905
47508
18908
47510
46325
18909
47512
18912
47514
46329
18913
47516
18916
47518
46337
18917
47520
47522
47524
18920
18921
18924
47526
46339
18925
18928
47528
46343
18929
47530
18932
47532
46347
18933
47534
18936
47536
46351
18937
47538
18940
47540
46355
18941
47542
18944
47544
46359
18945
47546
18948
47548
46363
18949
47550
18952
47552
46371
18953
47554
47556
47558
18956
18957
18960
47560
46373
18961
18964
47562
46377
18965
47564
18968
47566
46381
18969
47568
18972
47570
46385
18973
47572
18976
47574
46389
18977
47576
18980
47578
46393
18981
47580
18984
47582
46397
18985
47584
18988
47586
46405
18989
47588
47590
47592
18992
18993
18996
47594
46407
18997
19000
47596
46411
19001
47598
19004
47600
46415
19005
47602
19008
47604
46419
19009
47606
19012
47608
46423
19013
47610
19016
47612
46427
19017
47614
19020
47616
46431
19021
47618
19024
47620
46439
19025
47622
47624
47626
19028
19029
19032
47628
46441
19033
19036
47630
46445
19037
47632
19040
47634
46449
19041
47636
19044
47638
46453
19045
47640
19048
47642
46457
19049
47644
19052
47646
46461
19053
47648
19056
47650
46465
19057
47652
19060
47654
46473
19061
47656
47658
47660
19064
19065
19068
47662
46475
19069
19072
47664
46479
19073
47666
19076
47668
46483
19077
47670
19080
47672
46487
19081
47674
19084
47676
46491
19085
47678
19088
47680
46495
19089
47682
19092
47684
46499
19093
47686
19096
47688
46551
19097
47690
47692
47694
19100
19101
47696
19104
19105
47698
19108
19109
47700
19112
19113
47702
19116
19117
47704
19120
19121
47706
19124
19125
47708
19128
19129
47710
19132
19133
47712
19136
19137
47714
19140
19141
47716
19144
19145
47718
19148
19149
47720
19152
19153
47722
19156
19157
47724
19160
19161
47726
19164
19165
47728
19168
19169
47730
19172
19173
47732
19176
19177
47734
19180
19181
47736
19184
47738
47740
47742
47744
47746
47748
47750
47752
47754
47756
47758
47760
47762
46645
19185
47764
19188
47766
47768
47770
47772
47774
47776
47778
47780
47782
46649
19189
47784
19192
47786
47788
47790
47792
47794
47796
47798
47800
47802
47804
47806
47808
47810
47812
47814
47816
47818
47820
47822
47824
47826
47828
47830
47832
47834
47836
47838
47840
47842
47844
47846
47848
47850
47852
47854
47856
47858
47860
47862
47864
47866
47868
47870
47872
47874
47876
46653
19193
47878
19196
47880
46657
19197
47882
19200
47884
46661
19201
47886
19204
47888
46665
19205
47890
19208
19209
47892
19212
47894
46671
19213
47896
19216
47898
46675
19217
47900
19220
47902
46679
19221
47904
19224
47906
46683
19225
47908
19228
19229
47910
19232
47912
46689
19233
47914
19236
47916
46693
19237
47918
19240
47920
46697
19241
47922
19244
47924
46701
19245
47926
19248
19249
47928
19252
47930
46707
19253
47932
19256
47934
46711
19257
47936
19260
47938
46715
19261
47940
19264
47942
46719
19265
47944
19268
19269
47946
19272
19273
47948
19276
19277
47950
19280
19281
47952
19284
19285
47954
19288
19289
47956
19292
19293
47958
19296
19297
47960
19300
19301
47962
19304
19305
47964
19308
47966
46743
19309
47968
19312
47970
46747
19313
47972
19316
47974
46751
19317
47976
19320
47978
46755
19321
47980
19324
47982
46759
19325
47984
19328
47986
46763
19329
47988
19332
47990
46767
19333
47992
19336
19337
47994
19340
47996
46773
19341
47998
19344
48000
46777
19345
48002
19348
48004
46781
19349
48006
19352
48008
46785
19353
48010
19356
19357
48012
19360
48014
46791
19361
48016
19364
48018
46795
19365
48020
19368
48022
46799
19369
48024
19372
48026
46803
19373
48028
19376
19377
48030
19380
48032
46809
19381
48034
19384
48036
46813
19385
48038
19388
48040
46817
19389
48042
19392
48044
46821
19393
48046
19396
48048
46825
19397
48050
19400
48052
46829
19401
48054
19404
48056
46833
19405
48058
19408
48060
46837
19409
48062
19412
48064
46841
19413
48066
19416
48068
46845
19417
48070
19420
48072
46849
19421
48074
19424
48076
46853
19425
48078
19428
48080
46857
19429
48082
19432
48084
46861
19433
48086
19436
48088
46865
19437
48090
19440
48092
46869
19441
48094
19444
19445
48096
19448
48098
46875
19449
48100
19452
48102
46879
19453
48104
19456
48106
46883
19457
48108
19460
48110
46887
19461
48112
19464
48114
46891
19465
48116
19468
48118
46899
19469
19472
46897
19473
48120
48122
19476
48124
48126
46903
19477
48128
19480
48130
46907
19481
48132
19484
48134
46911
19485
48136
19488
48138
46919
19489
19492
46917
19493
48140
48142
19496
48144
48146
46923
19497
48148
19500
48150
46927
19501
48152
19504
48154
46931
19505
48156
19508
48158
46939
19509
19512
46937
19513
48160
48162
19516
48164
48166
46943
19517
48168
19520
48170
46947
19521
48172
19524
48174
46951
19525
48176
19528
48178
46959
19529
19532
46957
19533
48180
48182
19537
48184
48186
46965
19538
26245
19539
46961
46963
19540
32453
33147
33834
19541
46971
19542
26262
19543
46967
46969
19544
32459
33153
33835
33836
19545
46977
19546
26279
19547
46973
46975
19548
32465
33159
33837
33838
19549
46983
19550
26296
19551
46979
46981
19552
32471
33165
33839
33840
19553
46989
19554
26313
19555
46985
46987
19556
32477
33171
33841
33842
19557
46995
19558
26330
19559
46991
46993
19560
32483
33177
33843
33844
19561
19562
26347
19563
19564
32489
33183
33845
33846
19565
19566
26364
19567
19568
32495
33189
33847
33848
19569
19570
19571
19572
33850
19573
47875
19574
19577
47873
19578
19581
47871
19582
19585
47869
19586
19589
47867
19590
19593
47865
19594
19597
47863
19598
19601
47861
19602
19605
47859
19606
19609
47857
19610
19613
47855
19614
48188
19617
47853
19618
48190
19621
47851
19622
48192
19625
47849
19626
48194
19629
47847
19630
48196
19633
47845
19634
48198
19637
47843
19638
48200
19641
47841
19642
48202
19645
47839
19646
48204
19649
47837
19650
48206
19653
47835
19654
48208
19657
47833
19658
48210
19661
47831
19662
48212
19665
47829
19666
48214
19669
47827
19670
48216
19673
47825
19674
48218
19677
47823
19678
48220
19681
47821
19682
48222
19685
47819
19686
48224
19689
47817
19690
48226
19693
47815
19694
48228
19697
47813
19698
48230
19701
47811
19702
48232
19705
47809
19706
48234
19709
47807
19710
48236
19713
47805
19714
48238
19717
47803
19718
48240
19721
47801
19722
48242
19725
47799
19726
48244
19729
47797
19730
48246
19733
47795
19734
48248
19737
47793
19738
48250
19741
47791
19742
48252
19745
47789
19746
48254
19749
47787
19750
48256
19753
47783
19754
48258
19757
47781
19758
48260
19761
47779
19762
48262
19765
47777
19766
48264
19769
47775
19770
48266
19773
47773
19774
48268
19777
47771
19778
48270
19781
47769
19782
48272
19785
47767
19786
48274
19789
47763
19790
48276
19793
47761
19794
48278
19797
47759
19798
48280
19801
47757
19802
48282
19805
47755
19806
48284
19809
47143
19810
48286
19813
47141
19814
48288
19817
47139
19818
48290
19821
47137
19822
48292
19825
47135
19826
48294
19829
47133
19830
48296
19833
47131
19834
48298
19837
47115
19838
48300
19841
47119
19842
48302
19845
47123
19846
48304
19849
47127
19850
48306
19853
47129
19854
19857
19858
48308
19859
47753
19860
48310
19863
47751
19864
48312
19867
47749
19868
48314
19871
47747
19872
48316
19875
47205
19876
48318
19879
48320
47203
19880
48322
19883
47201
19884
48324
19887
47165
19888
48326
19891
47169
19892
48328
19895
48330
47173
19896
48332
19899
47177
19900
48334
19903
48336
47181
19904
48338
19907
48340
47185
19908
48342
19911
48344
47189
19912
48346
19915
48348
47193
19916
48350
19919
48352
47197
19920
48354
19923
48356
47199
19924
48358
48360
48362
48364
48366
48368
48370
19927
19928
48372
19929
47243
19930
48374
19933
47241
19934
48376
19937
47239
19938
48378
19941
47219
19942
48380
19945
48382
47223
19946
48384
19949
47227
19950
48386
19953
47231
19954
48388
19957
47235
19958
48390
19961
48392
47237
19962
48394
48396
48398
48400
19965
19966
48402
19967
48404
47281
19968
48406
19971
47279
19972
48408
19975
47277
19976
48410
19979
47257
19980
48412
19983
48414
47261
19984
48416
19987
48418
47265
19988
48420
19991
48422
47269
19992
48424
19995
48426
47273
19996
48428
19999
48430
47275
20000
48432
48434
48436
48438
20003
20004
48440
20005
48442
47319
20006
48444
20009
47317
20010
48446
20013
47315
20014
48448
20017
47295
20018
48450
20021
48452
47299
20022
48454
20025
48456
47303
20026
48458
20029
48460
47307
20030
48462
20033
48464
47311
20034
48466
20037
48468
47313
20038
48470
48472
48474
48476
20041
20042
48478
20043
48480
47357
20044
48482
20047
47355
20048
48484
20051
47353
20052
48486
20055
47333
20056
48488
20059
48490
47337
20060
48492
20063
48494
47341
20064
48496
20067
48498
47345
20068
48500
20071
48502
47349
20072
48504
20075
48506
47351
20076
48508
48510
48512
48514
20079
20080
48516
20081
48518
47395
20082
48520
20085
47393
20086
48522
20089
47391
20090
48524
20093
47371
20094
48526
20097
48528
47375
20098
48530
20101
48532
47379
20102
48534
20105
48536
47383
20106
48538
20109
48540
47387
20110
48542
20113
48544
47389
20114
48546
48548
48550
48552
20117
20118
48554
20119
48556
47433
20120
48558
20123
47431
20124
48560
20127
47429
20128
48562
20131
47409
20132
48564
20135
48566
47413
20136
48568
20139
48570
47417
20140
48572
20143
48574
47421
20144
48576
20147
48578
47425
20148
48580
20151
48582
47427
20152
48584
48586
48588
48590
20155
20156
48592
20157
48594
47745
20158
48596
20161
47743
20162
48598
48600
48602
48604
48606
48608
48610
48612
48614
20165
20166
48616
20169
47741
20170
48618
20173
47465
20174
48620
20177
48622
47469
20178
48624
20181
48626
47473
20182
48628
20185
48630
47477
20186
48632
20189
48634
47481
20190
48636
20193
48638
47485
20194
48640
20197
48642
47493
20198
48644
48646
48648
20201
20202
20205
48650
47495
20206
20209
48652
47499
20210
48654
20213
48656
47503
20214
48658
20217
48660
47507
20218
48662
20221
48664
47511
20222
48666
20225
48668
47515
20226
48670
20229
48672
47519
20230
48674
20233
48676
47527
20234
48678
48680
48682
20237
20238
20241
48684
47529
20242
20245
48686
47533
20246
48688
20249
48690
47537
20250
48692
20253
48694
47541
20254
48696
20257
48698
47545
20258
48700
20261
48702
47549
20262
48704
20265
48706
47553
20266
48708
20269
48710
47561
20270
48712
48714
48716
20273
20274
20277
48718
47563
20278
20281
48720
47567
20282
48722
20285
48724
47571
20286
48726
20289
48728
47575
20290
48730
20293
48732
47579
20294
48734
20297
48736
47583
20298
48738
20301
48740
47587
20302
48742
20305
48744
47595
20306
48746
48748
48750
20309
20310
20313
48752
47597
20314
20317
48754
47601
20318
48756
20321
48758
47605
20322
48760
20325
48762
47609
20326
48764
20329
48766
47613
20330
48768
20333
48770
47617
20334
48772
20337
48774
47621
20338
48776
20341
48778
47629
20342
48780
48782
48784
20345
20346
20349
48786
47631
20350
20353
48788
47635
20354
48790
20357
48792
47639
20358
48794
20361
48796
47643
20362
48798
20365
48800
47647
20366
48802
20369
48804
47651
20370
48806
20373
48808
47655
20374
48810
20377
48812
47663
20378
48814
48816
48818
20381
20382
20385
48820
47665
20386
20389
48822
47669
20390
48824
20393
48826
47673
20394
48828
20397
48830
47677
20398
48832
20401
48834
47681
20402
48836
20405
48838
47685
20406
48840
20409
48842
47689
20410
48844
20413
48846
47739
20414
48848
48850
48852
20417
20418
48854
20421
20422
48856
20425
20426
48858
20429
20430
48860
20433
20434
48862
20437
20438
48864
20441
20442
48866
20445
20446
48868
20449
20450
48870
20453
20454
48872
20457
20458
48874
20461
20462
48876
20465
20466
48878
20469
20470
48880
20473
20474
48882
20477
20478
48884
20481
20482
48886
20485
20486
48888
20489
20490
48890
20493
20494
48892
20497
20498
48894
20501
20502
48896
20505
48898
48900
48902
48904
48906
48908
48910
48912
48914
48916
48918
48920
48922
47877
20506
48924
20509
48926
48928
48930
48932
48934
48936
48938
48940
48942
48944
48946
48948
48950
48952
48954
48956
48958
47881
20510
48960
20513
48962
48964
48966
48968
48970
48972
48974
48976
48978
48980
48982
48984
47885
20514
48986
20517
48988
48990
48992
48994
48996
48998
49000
49002
49004
49006
49008
49010
49012
49014
49016
49018
49020
49022
49024
49026
49028
49030
49032
49034
49036
49038
49040
49042
49044
49046
49048
49050
49052
49054
49056
49058
49060
49062
49064
49066
49068
49070
49072
47889
20518
49074
20521
20522
49076
20525
49078
47895
20526
49080
20529
49082
47899
20530
49084
20533
49086
47903
20534
49088
20537
49090
47907
20538
49092
20541
20542
49094
20545
49096
47913
20546
49098
20549
49100
47917
20550
49102
20553
49104
47921
20554
49106
20557
49108
47925
20558
49110
20561
20562
49112
20565
49114
47931
20566
49116
20569
49118
47935
20570
49120
20573
49122
47939
20574
49124
20577
49126
47943
20578
49128
20581
20582
49130
20585
20586
49132
20589
20590
49134
20593
20594
49136
20597
20598
49138
20601
20602
49140
20605
20606
49142
20609
20610
49144
20613
20614
49146
20617
20618
49148
20621
49150
47967
20622
49152
20625
49154
47971
20626
49156
20629
49158
47975
20630
49160
20633
49162
47979
20634
49164
20637
49166
47983
20638
49168
20641
49170
47987
20642
49172
20645
49174
47991
20646
49176
20649
20650
49178
20653
49180
47997
20654
49182
20657
49184
48001
20658
49186
20661
49188
48005
20662
49190
20665
49192
48009
20666
49194
20669
20670
49196
20673
49198
48015
20674
49200
20677
49202
48019
20678
49204
20681
49206
48023
20682
49208
20685
49210
48027
20686
49212
20689
20690
49214
20693
49216
48033
20694
49218
20697
49220
48037
20698
49222
20701
49224
48041
20702
49226
20705
49228
48045
20706
49230
20709
49232
48049
20710
49234
20713
49236
48053
20714
49238
20717
49240
48057
20718
49242
20721
49244
48061
20722
49246
20725
49248
48065
20726
49250
20729
49252
48069
20730
49254
20733
49256
48073
20734
49258
20737
49260
48077
20738
49262
20741
49264
48081
20742
49266
20745
49268
48085
20746
49270
20749
49272
48089
20750
49274
20753
49276
48093
20754
49278
20757
20758
49280
20761
49282
48099
20762
49284
20765
49286
48103
20766
49288
20769
49290
48107
20770
49292
20773
49294
48111
20774
49296
20777
49298
48115
20778
49300
20781
49302
48119
20782
49304
20785
49306
48127
20786
20789
48125
20790
49308
49310
20793
49312
49314
48131
20794
49316
20797
49318
48135
20798
49320
20801
49322
48139
20802
49324
20805
49326
48147
20806
20809
48145
20810
49328
49330
20813
49332
49334
48151
20814
49336
20817
49338
48155
20818
49340
20821
49342
48159
20822
49344
20825
49346
48167
20826
20829
48165
20830
49348
49350
20833
49352
49354
48171
20834
49356
20837
49358
48175
20838
49360
20841
49362
48179
20842
49364
20845
49366
48187
20846
20849
48185
20850
49368
49370
20854
20855
26503
20856
20857
33191
33849
34492
20858
49071
20859
27034
20862
49069
20863
27037
20866
49067
20867
27064
20870
49065
20871
27067
20874
49063
20875
27094
20878
49061
20879
27097
20882
49059
20883
27124
20886
49057
20887
27127
20890
49055
20891
27154
20894
49053
20895
27157
20898
49051
20899
27184
49372
20902
49049
20903
27187
49374
20906
49047
20907
27214
49376
20910
49045
20911
27217
49378
20914
49043
20915
27244
49380
20918
49041
20919
27271
49382
20922
49039
20923
27274
49384
20926
49037
20927
27277
49386
20930
49035
20931
27280
49388
20934
49033
20935
27283
49390
20938
49031
20939
27286
49392
20942
49029
20943
27289
49394
20946
49027
20947
27292
49396
20950
49025
20951
27295
49398
20954
49023
20955
27322
49400
20958
49021
20959
27325
49402
20962
49019
20963
27328
49404
20966
49017
20967
27331
49406
20970
49015
20971
27334
49408
20974
49013
20975
27337
49410
20978
49011
20979
27340
49412
20982
49009
20983
27343
49414
20986
49007
20987
27346
49416
20990
49005
20991
27373
49418
20994
49003
20995
27376
49420
20998
49001
20999
27379
49422
21002
48999
21003
27382
49424
21006
48997
21007
27385
49426
21010
48995
21011
27388
49428
21014
48993
21015
27391
49430
21018
48991
21019
27394
49432
21022
48989
21023
27397
49434
21026
48985
21027
27424
49436
21030
48983
21031
27427
49438
21034
48981
21035
27430
49440
21038
48979
21039
27433
49442
21042
48977
21043
27436
49444
21046
48975
21047
27439
49446
21050
48973
21051
27442
49448
21054
48971
21055
27445
49450
21058
48969
21059
27448
49452
21062
48967
21063
27475
49454
21066
48965
21067
27478
49456
21070
48963
21071
27481
49458
21074
48959
21075
27484
49460
21078
48957
21079
27487
49462
21082
48955
21083
27490
49464
21086
48953
21087
27493
49466
21090
48951
21091
27496
49468
21094
48949
21095
27499
49470
21098
48947
21099
27526
49472
21102
48945
21103
27529
49474
21106
48943
21107
27532
49476
21110
48941
21111
27535
49478
21114
48939
21115
27538
49480
21118
48937
21119
27541
49482
21122
48935
21123
27544
49484
21126
48933
21127
27547
49486
21130
48931
21131
27550
49488
21134
48929
21135
27577
49490
21138
48927
21139
27580
21142
21143
49492
21144
48923
21145
27584
49494
21148
48921
21149
27587
49496
21152
48919
21153
27590
49498
21156
48917
21157
27593
49500
21160
48915
21161
27596
49502
21164
48371
21165
27599
49504
21168
48367
21169
27602
49506
21172
48365
21173
27629
49508
21176
48363
21177
27632
49510
21180
48361
21181
27635
49512
21184
48337
21185
27638
49514
21188
48341
21189
27641
49516
21192
48345
21193
27644
49518
21196
48349
21197
27647
49520
21200
48353
21201
27650
49522
21204
48357
21205
27653
49524
21208
48359
21209
27656
21212
21213
49526
21214
48913
21215
27660
49528
21218
48911
21219
27663
49530
21222
48909
21223
27666
49532
21226
48907
21227
27669
49534
21230
48401
21231
27672
49536
21234
48399
21235
27675
49538
21238
48397
21239
27678
49540
21242
48393
21243
27681
49542
21246
48395
21247
27684
21250
21251
49544
21252
48439
21253
27688
49546
21256
48437
21257
27691
49548
21260
48435
21261
27694
49550
21264
48415
21265
27697
49552
21268
48419
21269
27700
49554
21272
48423
21273
27703
49556
21276
48427
21277
27706
49558
21280
48431
21281
27709
49560
21284
48433
21285
27712
21288
21289
49562
21290
48477
21291
27716
49564
21294
48475
21295
27719
49566
21298
48473
21299
27722
49568
21302
48453
21303
27725
49570
21306
48457
21307
27728
49572
21310
48461
21311
27731
49574
21314
48465
21315
27734
49576
21318
48469
21319
27737
49578
21322
48471
21323
27740
21326
21327
49580
21328
48515
21329
27744
49582
21332
48513
21333
27747
49584
21336
48511
21337
27750
49586
21340
48491
21341
27753
49588
21344
48495
21345
27756
49590
21348
48499
21349
27759
49592
21352
48503
21353
27762
49594
21356
48507
21357
27765
49596
21360
48509
21361
27768
21364
21365
49598
21366
48553
21367
27772
49600
21370
48551
21371
27775
49602
21374
48549
21375
27778
49604
21378
48529
21379
27781
49606
21382
48533
21383
27784
49608
21386
48537
21387
27787
49610
21390
48541
21391
27790
49612
21394
48545
21395
27793
49614
21398
48547
21399
27796
21402
21403
49616
21404
48591
21405
27800
49618
21408
48589
21409
27803
49620
21412
48587
21413
27806
49622
21416
48567
21417
27809
49624
21420
48571
21421
27812
49626
21424
48575
21425
27815
49628
21428
48579
21429
27818
49630
21432
48583
21433
27821
49632
21436
48585
21437
27824
21440
21441
49634
21442
48905
21443
27828
49636
21446
48903
21447
27831
49638
49640
49642
49644
49646
49648
49650
49652
49654
21450
21451
49656
21454
48901
21455
28569
49658
21458
48623
21459
28572
49660
21462
48627
21463
28575
49662
21466
48631
21467
28578
49664
21470
48635
21471
28581
49666
21474
48639
21475
28584
49668
21478
48643
21479
28587
49670
21482
48651
21483
28590
49672
49674
49676
21486
21487
21490
48653
21491
28628
21494
48657
21495
28631
49678
21498
48661
21499
28634
49680
21502
48665
21503
28637
49682
21506
48669
21507
28640
49684
21510
48673
21511
28643
49686
21514
48677
21515
28646
49688
21518
48685
21519
28649
49690
49692
49694
21522
21523
21526
48687
21527
28687
21530
48691
21531
28690
49696
21534
48695
21535
28693
49698
21538
48699
21539
28696
49700
21542
48703
21543
28699
49702
21546
48707
21547
28702
49704
21550
48711
21551
28705
49706
21554
48719
21555
28708
49708
49710
49712
21558
21559
21562
48721
21563
28746
21566
48725
21567
28749
49714
21570
48729
21571
28752
49716
21574
48733
21575
28755
49718
21578
48737
21579
28758
49720
21582
48741
21583
28761
49722
21586
48745
21587
28764
49724
21590
48753
21591
28767
49726
49728
49730
21594
21595
21598
48755
21599
28805
21602
48759
21603
28808
49732
21606
48763
21607
28811
49734
21610
48767
21611
28814
49736
21614
48771
21615
28817
49738
21618
48775
21619
28820
49740
21622
48779
21623
28823
49742
21626
48787
21627
28826
49744
49746
49748
21630
21631
21634
48789
21635
28864
21638
48793
21639
28867
49750
21642
48797
21643
28870
49752
21646
48801
21647
28873
49754
21650
48805
21651
28876
49756
21654
48809
21655
28879
49758
21658
48813
21659
28882
49760
21662
48821
21663
28885
49762
49764
49766
21666
21667
21670
48823
21671
28923
21674
48827
21675
28926
49768
21678
48831
21679
28929
49770
21682
48835
21683
28932
49772
21686
48839
21687
28935
49774
21690
48843
21691
28938
49776
21694
48847
21695
28941
49778
21698
48899
21699
28944
49780
49782
49784
21702
21703
49786
21706
21707
49788
21710
21711
49790
21714
21715
49792
21718
21719
49794
21722
21723
49796
21726
21727
49798
21730
21731
49800
21734
21735
49802
21738
21739
49804
21742
21743
49806
21746
21747
49808
21750
21751
49810
21754
21755
49812
21758
21759
49814
21762
21763
49816
21766
21767
49818
21770
21771
49820
21774
21775
49822
21778
21779
49824
21782
21783
49826
21786
21787
49828
21790
21791
49830
21794
21795
49832
21798
49073
21799
49834
21802
21803
49836
21806
49838
49840
49842
49844
49846
49848
49850
49852
49854
49856
49858
49079
21807
49860
21810
49862
49083
21811
49864
21814
49866
49087
21815
49868
21818
49870
49091
21819
49872
21822
21823
49874
21826
49876
49097
21827
49878
21830
49880
49101
21831
49882
21834
49884
49105
21835
49886
21838
49888
49109
21839
49890
21842
21843
49892
21846
49894
49115
21847
49896
21850
49898
49119
21851
49900
21854
49902
49123
21855
49904
21858
49906
49127
21859
49908
21862
21863
49910
21866
21867
49912
21870
21871
49914
21874
21875
49916
21878
21879
49918
21882
21883
49920
21886
21887
49922
21890
21891
49924
21894
21895
49926
21898
21899
49928
21902
49930
49151
21903
49932
21906
49934
49155
21907
49936
21910
49938
49159
21911
49940
21914
49942
49163
21915
49944
21918
49946
49167
21919
49948
21922
49950
49171
21923
49952
21926
49954
49175
21927
49956
21930
21931
49958
21934
49960
49181
21935
49962
21938
49964
49185
21939
49966
21942
49968
49189
21943
49970
21946
49972
49193
21947
49974
21950
21951
49976
21954
49978
49199
21955
49980
21958
49982
49203
21959
49984
21962
49986
49207
21963
49988
21966
49990
49211
21967
49992
21970
21971
49994
21974
49996
49217
21975
49998
21978
50000
49221
21979
50002
21982
50004
49225
21983
50006
21986
50008
49229
21987
50010
21990
50012
49233
21991
50014
21994
50016
49237
21995
50018
21998
50020
49241
21999
50022
22002
50024
49245
22003
50026
22006
50028
49249
22007
50030
22010
50032
49253
22011
50034
22014
50036
49257
22015
50038
22018
50040
49261
22019
50042
22022
50044
49265
22023
50046
22026
50048
49269
22027
50050
22030
50052
49273
22031
50054
22034
50056
49277
22035
50058
22038
22039
50060
22042
50062
49283
22043
50064
22046
50066
49287
22047
50068
22050
50070
49291
22051
50072
22054
50074
49295
22055
50076
22058
50078
49299
22059
50080
22062
50082
49303
22063
50084
22066
50086
49307
22067
50088
22070
50090
49315
22071
22074
49313
22075
50092
50094
22078
50096
50098
49319
22079
50100
22082
50102
49323
22083
50104
22086
50106
49327
22087
50108
22090
50110
49335
22091
22094
49333
22095
50112
50114
22098
50116
50118
49339
22099
50120
22102
50122
49343
22103
50124
22106
50126
49347
22107
50128
22110
50130
49355
22111
22114
49353
22115
50132
50134
22118
50136
50138
49359
22119
50140
22122
50142
49363
22123
50144
22126
50146
49367
22127
50148
22130
22131
22134
49857
22135
50150
50152
22139
22140
28566
50154
22143
22144
28625
50156
22147
22148
28684
50158
22151
22152
28743
50160
22155
22156
28802
50162
22159
22160
28861
50164
22163
22164
28920
50166
22167
22168
28979
50168
22171
22172
50170
22175
22176
29961
50172
22179
22180
29964
50174
22183
22184
29967
50176
22187
22188
29970
50178
22191
22192
29973
50180
22195
22196
29976
50182
22199
22200
29979
50184
22203
22204
29982
50186
22207
22208
50188
22211
22212
30020
50190
22215
22216
30023
50192
22219
22220
30026
50194
22223
22224
30029
50196
22227
22228
30032
50198
22231
22232
30035
50200
22235
22236
30038
50202
22239
22240
30041
50204
22243
22244
50206
22247
22248
30079
50208
22251
22252
30082
50210
22255
22256
30085
50212
22259
22260
30088
50214
22263
22264
30091
50216
22267
49859
22268
30094
50218
22271
49863
22272
30097
50220
22275
49867
22276
30100
50222
22279
49871
22280
50224
22283
22284
50226
22287
49877
22288
50228
22291
49881
22292
50230
22295
49885
22296
50232
22299
49889
22300
50234
22303
22304
50236
22307
49895
22308
50238
22311
49899
22312
50240
22315
49903
22316
50242
22319
49907
22320
50244
22323
22324
50246
22327
22328
50248
22331
22332
50250
22335
22336
50252
22339
22340
50254
22343
22344
50256
22347
22348
50258
22351
22352
50260
22355
22356
50262
22359
22360
50264
22363
49931
22364
50266
22367
49935
22368
50268
22371
49939
22372
50270
22375
49943
22376
50272
22379
49947
22380
50274
22383
49951
22384
50276
22387
49955
22388
50278
22391
22392
50280
22395
49961
22396
50282
22399
49965
22400
50284
22403
49969
22404
50286
22407
49973
22408
50288
22411
22412
50290
22415
49979
22416
50292
22419
49983
22420
50294
22423
49987
22424
50296
22427
49991
22428
50298
22431
22432
50300
22435
49997
22436
50302
22439
50001
22440
50304
22443
50005
22444
50306
22447
50009
22448
50308
22451
50013
22452
50310
22455
50017
22456
50312
22459
50021
22460
50314
22463
50316
50318
50025
22464
50320
22467
50322
50029
22468
50324
22471
50326
50033
22472
50328
22475
50330
50037
22476
50332
22479
50334
50041
22480
50336
22483
50338
50045
22484
50340
22487
50342
50049
22488
50344
22491
50346
50053
22492
50348
22495
50350
50057
22496
50352
22499
22500
50354
22503
50356
50063
22504
50358
22507
50360
50067
22508
50362
22511
50364
50071
22512
50366
22515
50368
50075
22516
50370
22519
50372
50079
22520
50374
22523
50376
50083
22524
50378
22527
50380
50087
22528
50382
22531
50384
50091
22532
50386
22535
50388
50099
22536
22539
50097
22540
50390
50392
22543
50394
50396
50103
22544
50398
22547
50400
50107
22548
50402
22551
50404
50111
22552
50406
22555
50408
50119
22556
22559
50117
22560
50410
50412
22563
50414
50416
50123
22564
50418
22567
50420
50127
22568
50422
22571
50424
50131
22572
50426
22575
50428
50139
22576
22579
50137
22580
50430
50432
22583
50434
50436
50143
22584
50438
22587
50440
50147
22588
50442
22591
22592
50444
22595
22596
22599
50317
22600
50446
50448
22604
22605
29958
50450
22608
22609
30017
50452
22612
22613
30076
50454
22616
22617
30135
50456
22620
22621
50458
22624
22625
31121
50460
22628
22629
31124
50462
22632
22633
31127
50464
22636
22637
31130
50466
22640
22641
50468
22644
22645
31152
50470
22648
22649
31155
50472
22652
22653
31158
50474
22656
22657
31161
50476
22660
22661
50478
22664
22665
31183
50480
22668
22669
31186
50482
22672
22673
31189
50484
22676
22677
31192
50486
22680
22681
50488
22684
22685
50490
22688
22689
50492
22692
22693
50494
22696
22697
50496
22700
22701
50498
22704
22705
50500
22708
22709
50502
22712
22713
50504
22716
22717
50506
22720
22721
50508
22724
22725
50510
22728
22729
50512
22732
22733
50514
22736
22737
50516
22740
22741
50518
22744
22745
50520
22748
22749
50522
22752
22753
50524
22756
22757
50526
22760
22761
50528
22764
22765
50530
22768
22769
50532
22772
22773
50534
22776
22777
50536
22780
22781
50538
22784
22785
50540
22788
22789
50542
22792
22793
50544
22796
50319
22797
50546
22800
50323
22801
50548
22804
50327
22805
50550
22808
50331
22809
50552
22812
50335
22813
50554
22816
50339
22817
50556
22820
50343
22821
50558
22824
50347
22825
50560
22828
50351
22829
50562
22832
22833
50564
22836
50357
22837
50566
22840
50361
22841
50568
22844
50365
22845
50570
22848
50369
22849
50572
22852
50373
22853
50574
22856
50377
22857
50576
22860
50381
22861
50578
22864
50580
50582
50385
22865
50584
22868
50586
50389
22869
50588
22872
50590
50397
22873
22876
50395
22877
50592
50594
22880
50596
50598
50401
22881
50600
22884
50602
50405
22885
50604
22888
50606
50409
22889
50608
22892
50610
50417
22893
22896
50415
22897
50612
50614
22900
50616
50618
50421
22901
50620
22904
50622
50425
22905
50624
22908
50626
50429
22909
50628
22912
50630
50437
22913
22916
50435
22917
50632
50634
22920
50636
50638
50441
22921
50640
22924
22925
50642
22928
22929
50644
22932
22933
22936
50581
22937
50646
50648
22941
22942
31118
50650
22945
22946
31149
50652
22949
22950
31180
50654
22953
22954
31211
50656
22957
22958
50658
22961
22962
31361
50660
22965
22966
31364
50662
22969
22970
31367
50664
22973
22974
31370
50666
22977
22978
50668
22981
22982
31392
50670
22985
22986
31395
50672
22989
22990
31398
50674
22993
22994
31401
50676
22997
22998
50678
23001
23002
31423
50680
23005
23006
31426
50682
23009
23010
31429
50684
23013
23014
31432
50686
23017
23018
50688
23021
23022
50690
23025
23026
50692
23029
23030
50694
23033
23034
50696
23037
23038
50698
23041
23042
50700
23045
23046
50702
23049
23050
50704
23053
23054
50706
23057
23058
50708
23061
23062
50710
23065
23066
50712
23069
23070
50714
23073
23074
50716
23077
23078
50718
23081
23082
50720
23085
23086
50722
23089
23090
50724
23093
23094
50726
23097
23098
50728
23101
23102
50730
23105
23106
50732
23109
23110
50734
23113
23114
50736
23117
23118
50738
23121
23122
50740
23125
23126
50742
23129
23130
50744
23133
50583
23134
50746
23137
50587
23138
50748
23141
50591
23142
50750
23145
50599
23146
23149
50597
23150
50752
50754
23153
50603
23154
50756
23157
50607
23158
50758
23161
50611
23162
50760
23165
50619
23166
23169
50617
23170
50762
50764
23173
50623
23174
50766
23177
50627
23178
50768
23181
50631
23182
50770
23185
50639
23186
23189
50637
23190
50772
50774
23193
23194
50776
23197
23198
50778
23201
23202
50780
23205
23206
23209
23210
50782
50784
23214
23215
31358
50786
23218
23219
31389
50788
23222
23223
31420
50790
23226
23227
31451
50792
23230
23231
50794
23234
23235
31505
50796
23238
23239
31508
50798
23242
23243
31511
50800
23246
23247
31514
50802
23250
23251
50804
23254
23255
31536
50806
23258
23259
31539
50808
23262
23263
31542
50810
23266
23267
31545
50812
23270
23271
50814
23274
23275
31567
50816
23278
23279
31570
50818
23282
23283
31573
50820
23286
23287
31576
50822
23290
23291
50824
23294
23295
50826
23298
23299
50828
23302
23303
50830
23306
23307
50832
23310
23311
50834
23314
23315
50836
23318
23319
50838
23322
23323
50840
23326
23327
50842
23330
23331
50844
23334
23335
50846
23338
23339
50848
23342
23343
50850
23346
23347
50852
23350
23351
50854
23354
23355
23358
23359
50856
50858
23362
23363
50860
23366
23367
50862
23370
23371
50864
23374
23375
23378
23379
50866
50868
23382
23383
50870
23386
23387
50872
23390
23391
50874
23394
23395
23398
23399
50876
50878
23402
23403
50880
23406
23407
50882
23410
23411
50884
23414
23415
23418
23419
50886
50888
23423
23424
31502
50890
23427
23428
31533
50892
23431
23432
31564
50894
23435
23436
31595
50896
23439
23440
50898
23443
23444
31609
50900
23447
23448
31612
50902
23451
23452
31615
50904
23455
23456
31618
50906
23459
23460
50908
23463
23464
31632
50910
23467
23468
31635
50912
23471
23472
31638
50914
23475
23476
31641
50916
23479
23480
50918
23483
23484
31655
50920
23487
23488
31658
50922
23491
23492
31661
50924
23495
23496
31664
50926
23499
23500
23503
23504
50928
50930
23507
23508
50932
23511
23512
50934
23515
23516
50936
23519
23520
23523
23524
50938
50940
23527
23528
50942
23531
23532
50944
23535
23536
50946
23539
23540
23543
23544
50948
50950
23547
23548
50952
23551
23552
50954
23555
23556
50956
23559
23560
23563
23564
50958
50960
23568
23569
31606
50962
23572
23573
31629
50964
23576
23577
31652
50966
23580
23581
31675
23584
23585
31678
50968
50970
23588
23589
31681
50972
23592
23593
31684
50974
23596
23597
31687
50976
23600
23601
31690
23604
23605
31693
50978
50980
23608
23609
31696
50982
23612
23613
31699
50984
23616
23617
31702
50986
23620
23621
31705
23624
23625
31708
50988
50990
23628
23629
31711
50992
23632
23633
31714
50994
23636
23637
31717
50996
23640
23641
31720
23644
23645
31723
23649
23650
23651
23652
23655
23656
50998
23657
23658
23661
23662
51000
23663
23664
23667
23668
51002
23669
23670
51004
23674
23675
51006
23678
23679
51008
23682
23683
51010
23686
23687
51012
23691
23692
51014
23695
23696
51016
23699
23700
51018
23703
23704
51020
23708
23709
51022
23712
23713
51024
23716
23717
51026
23720
23721
51028
23725
23726
51030
23729
23730
51032
23733
23734
51034
23737
23738
51036
23742
23743
51038
23746
23747
51040
23750
23751
51042
23754
23755
51044
23759
23760
51046
23763
23764
51048
23767
23768
51050
23771
23772
51052
23776
23777
51054
23780
23781
51056
23784
23785
51058
23788
23789
51060
23793
23794
51062
23797
23798
51064
23801
23802
51066
23805
23806
51068
23810
23811
51070
23814
23815
51072
23818
23819
51074
23822
23823
51076
23827
23828
51078
23831
23832
51080
23835
23836
51082
23839
23840
51084
23844
23845
35886
51086
23848
23849
35889
51088
23852
23853
35892
51090
23856
23857
35895
23861
23862
51092
23863
23864
23867
23868
51094
23869
23870
23873
23874
51096
23875
23876
23879
23880
51098
23881
23882
51100
23886
23887
51102
23890
23891
51104
23894
23895
51106
23898
23899
51108
23903
23904
51110
23907
23908
51112
23911
23912
51114
23915
23916
51116
23920
23921
51118
23924
23925
51120
23928
23929
51122
23932
23933
51124
23937
23938
51126
23941
23942
51128
23945
23946
51130
23949
23950
51132
23954
23955
51134
23958
23959
51136
23962
23963
51138
23966
23967
51140
23971
23972
51142
23975
23976
51144
23979
23980
51146
23983
23984
51148
23988
23989
51150
23992
23993
51152
23996
23997
51154
24000
24001
51156
24005
24006
51158
24009
24010
51160
24013
24014
51162
24017
24018
51164
24022
24023
51166
24026
24027
51168
24030
24031
51170
24034
24035
51172
24039
24040
51174
24043
24044
51176
24047
24048
51178
24051
24052
51180
24056
24057
35986
51182
24060
24061
35989
51184
24064
24065
35992
51186
24068
24069
35995
2250
2251
2252
2253
2254
2255
2258
51188
51190
51192
37057
2259
25198
25199
25200
25201
2262
41923
41929
37049
2263
25203
2266
40105
40107
37053
2267
25142
25205
2270
40307
37051
2271
25160
25165
25206
25207
2274
40035
40037
37055
2275
25209
2278
37059
38957
38969
2279
25146
25148
25211
2288
37061
37189
37191
37193
2289
25212
25213
25214
25215
25216
2290
2291
2292
2293
2294
2295
2298
37073
2299
25218
25219
25220
25221
2300
2301
2302
2303
2304
2305
2308
37071
2309
25223
25224
25225
25226
2312
37069
2313
25228
2316
37067
2317
25167
25230
2320
37063
2321
25197
25202
25231
25232
2324
37065
2325
25234
2328
37145
2329
25171
25173
25236
2338
37137
37087
37089
37187
2339
25237
25238
25239
25240
25241
2342
37075
38925
2343
25243
2346
37077
38005
38007
2347
25122
25245
2350
38029
37079
2351
25155
25180
25246
25247
2354
37081
38001
38003
2355
25249
2358
37083
37991
37999
2359
25126
25128
25251
4309
37985
37989
4310
25130
26221
4313
37865
37981
37983
4314
26223
4317
37867
37975
37979
4318
26198
26200
26225
4321
37869
37971
37973
4322
26227
4345
37881
4346
26202
26239
2360
2361
2362
2363
2364
2365
2368
37101
2369
25253
25254
25255
25256
2370
2371
2372
2373
2374
2375
2378
37091
2379
25258
25259
25260
25261
2382
37093
2383
25263
2386
37097
2387
25204
25265
2390
37095
2391
25222
25227
25266
25267
2394
37099
2395
25269
2398
37103
2399
25208
25210
25271
2408
37105
37179
37183
37185
2409
25272
25273
25274
25275
25276
2410
2411
2412
2413
2414
2415
2418
37117
2419
25278
25279
25280
25281
2420
2421
2422
2423
2424
2425
2428
37107
2429
25283
25284
25285
25286
2432
37109
2433
25288
2436
37113
2437
25229
25290
2440
37111
2441
25257
25262
25291
25292
2444
37115
2445
25294
2448
37119
2449
25233
25235
25296
2458
37121
37161
37163
37177
2459
25297
25298
25299
25300
25301
2462
37123
2463
25303
2466
37125
2467
25182
25305
2470
37127
2471
25217
25242
25306
25307
2474
37129
2475
25309
2478
37131
2479
25186
25188
25311
2482
37133
2483
25313
2494
37139
2495
25319
4325
37871
4326
25190
26229
2486
37135
37381
37851
2487
25315
2498
37141
37379
37849
2499
25316
25321
2514
37151
2515
25062
25192
25329
2518
37153
2519
25068
25318
25330
25331
2502
37143
37159
37377
2503
25323
2522
37155
37171
37375
2523
25324
25333
2596
37165
2597
24802
25070
25370
2600
37181
2601
24815
25328
25371
25372
2528
37157
37085
2529
25336
2606
37251
37169
37167
2607
25337
25375
3240
37659
3241
25692
3258
37649
37847
3259
25693
25701
4329
37873
4330
26231
4333
37875
4334
26206
26208
26233
4337
37877
4338
26235
4349
37883
4350
26210
26241
4341
37879
38895
4342
26237
4353
37893
38889
4354
26238
26243
4359
37901
45685
44391
4360
26196
26246
4383
37909
4384
26258
4387
37921
4388
26259
26260
4393
37925
45699
44405
4394
26247
26253
26263
4417
37931
4418
26275
4421
37939
4422
26276
26277
4427
37945
45711
44417
4428
26264
26270
26280
4451
37949
4452
26292
4455
37951
4456
26293
26294
4461
37961
45723
44429
4462
26281
26287
26297
4485
37965
4486
26309
4489
37977
4490
26310
26311
4495
37987
45735
44441
4496
26298
26304
26314
4519
37993
4520
26326
4523
38019
4524
26327
26328
4529
38023
45747
44453
4530
26315
26321
26331
4553
38031
4554
26343
4557
38033
4558
26344
26345
4563
38035
45759
44465
4564
26332
26338
26348
4587
38037
4588
26212
26228
26360
4591
38039
4592
26218
26240
26361
26362
4597
38041
45855
44475
4598
26349
26355
26365
16865
46271
47109
48369
16866
32497
32498
2608
2609
2610
2611
2612
2613
2616
37263
2617
25377
25378
25379
25380
2618
2619
2620
2621
2622
2623
2626
37261
2627
25382
25383
25384
25385
2630
37253
2631
25387
2634
37257
2635
25264
25389
2638
37255
2639
25282
25287
25390
25391
2642
37259
2643
25393
2646
37265
2647
25268
25270
25395
2656
37267
37957
37959
37963
2657
25396
25397
25398
25399
25400
2658
2659
2660
2661
2662
2663
2666
37279
2667
25402
25403
25404
25405
2668
2669
2670
2671
2672
2673
2676
37277
2677
25407
25408
25409
25410
2680
37269
2681
25412
2684
37273
2685
25289
25414
2688
37271
2689
25381
25386
25415
25416
2692
37275
2693
25418
2696
37281
2697
25293
25295
25420
2706
37283
37941
37943
37947
2707
25421
25422
25423
25424
25425
2710
37285
2711
25427
2714
37289
2715
25244
25429
2718
37287
2719
25277
25302
25430
25431
2722
37291
2723
25433
2726
37293
2727
25248
25250
25435
4601
38043
4602
25252
26367
4605
38045
4606
26369
4609
38047
4610
26222
26224
26371
4613
38049
4614
26373
4637
38061
4638
26226
26385
2728
2729
2730
2731
2732
2733
2736
37317
2737
25437
25438
25439
25440
2738
2739
2740
2741
2742
2743
2746
37303
2747
25442
25443
25444
25445
2750
37301
2751
25447
2754
37299
2755
25388
25449
2758
37295
2759
25406
25411
25450
25451
2762
37297
2763
25453
2766
37507
2767
25392
25394
25455
2776
37505
37927
37929
37937
2777
25456
25457
25458
25459
25460
2778
2779
2780
2781
2782
2783
2786
37315
2787
25462
25463
25464
25465
2788
2789
2790
2791
2792
2793
2796
37305
2797
25467
25468
25469
25470
2800
37307
2801
25472
2804
37311
2805
25413
25474
2808
37309
2809
25441
25446
25475
25476
2812
37313
2813
25478
2816
37319
2817
25417
25419
25480
2826
37321
37917
37919
37923
2827
25481
25482
25483
25484
25485
2830
37323
2831
25487
2834
37327
2835
25304
25489
2838
37325
2839
25401
25426
25490
25491
2842
37329
2843
25493
2846
37331
2847
25308
25310
25495
2850
37333
2851
25497
3078
37431
3079
25611
4617
38051
4618
25312
26375
4621
38053
4622
26377
4625
38055
4626
26230
26232
26379
4629
38057
4630
26381
4641
38063
4642
26234
26387
4633
38059
4634
26383
4645
38065
4646
26384
26389
4649
38067
4650
26220
26391
4653
38069
4654
26393
4657
38071
4658
26394
26395
4661
38073
4662
26257
26392
26397
4665
38075
4666
26399
4669
38077
4670
26400
26401
4673
38079
4674
26274
26398
26403
4677
38081
4678
26405
4681
38083
4682
26406
26407
4685
38085
4686
26291
26404
26409
4689
38087
4690
26411
4693
38089
4694
26412
26413
4697
38091
4698
26308
26410
26415
4701
38093
4702
26417
4705
38095
4706
26418
26419
4709
38097
4710
26325
26416
26421
4713
38099
4714
26423
4717
38101
4718
26424
26425
4721
38103
4722
26342
26422
26427
4725
38105
4726
26236
26374
26429
4729
38107
4730
26242
26386
26430
26431
4733
38109
4734
26359
26428
26433
15456
44975
15457
31793
31794
2852
2853
2854
2855
2856
2857
2860
37345
2861
25499
25500
25501
25502
2862
2863
2864
2865
2866
2867
2870
37343
2871
25504
25505
25506
25507
2874
37335
2875
25509
2878
37339
2879
25448
25511
2882
37337
2883
25466
25471
25512
25513
2886
37341
2887
25515
2890
37347
2891
25452
25454
25517
2900
37349
37905
37907
37915
2901
25518
25519
25520
25521
25522
2902
2903
2904
2905
2906
2907
2910
37361
2911
25524
25525
25526
25527
2912
2913
2914
2915
2916
2917
2920
37359
2921
25529
25530
25531
25532
2924
37351
2925
25534
2928
37355
2929
25473
25536
2932
37353
2933
25503
25508
25537
25538
2936
37357
2937
25540
2940
37363
2941
25477
25479
25542
2950
37365
37383
37385
37387
2951
25543
25544
25545
25546
25547
2954
37367
2955
25549
2958
37371
2959
25428
25551
2962
37369
2963
25461
25486
25552
25553
2966
37373
2967
25555
2970
37389
2971
25432
25434
25557
4737
38111
4738
25436
26435
4741
38113
4742
26437
4745
38115
4746
26368
26370
26439
4749
38117
4750
26441
4773
38129
4774
26372
26453
2972
2973
2974
2975
2976
2977
2980
37401
2981
25559
25560
25561
25562
2982
2983
2984
2985
2986
2987
2990
37399
2991
25564
25565
25566
25567
2994
37391
2995
25569
2998
37395
2999
25510
25571
3002
37393
3003
25528
25533
25572
25573
3024
37407
3025
25535
25570
25584
3028
37405
3029
25563
25568
25585
25586
3006
37397
3007
25575
3010
37403
3011
25514
25516
25577
3020
37411
37897
37899
37903
3021
25578
25579
25580
25581
25582
3032
37409
3033
25588
3036
37413
3037
25539
25541
25590
3046
37415
37889
37891
37895
3047
25591
25592
25593
25594
25595
3050
37417
3051
25597
3054
37421
3055
25488
25599
3058
37419
3059
25523
25548
25600
25601
3062
37423
3063
25603
3066
37425
3067
25492
25494
25605
3070
37427
3071
25607
3082
37433
3083
25613
4753
38119
4754
25496
26443
3074
37429
3075
25609
3086
37437
3087
25610
25615
3196
37485
3197
25314
25498
25670
3200
37487
3201
25320
25612
25671
25672
4757
38121
4758
26445
4761
38123
4762
26376
26378
26447
4765
38125
4766
26449
4777
38131
4778
26380
26455
4769
38127
4770
26451
4781
38133
4782
26452
26457
4785
38135
4786
26244
26459
4789
38137
4790
26461
4793
38139
4794
26462
26463
4797
38141
4798
26261
26460
26465
4801
38143
4802
26467
4805
38145
4806
26468
26469
4809
38147
4810
26278
26466
26471
4813
38149
4814
26473
4817
38151
4818
26474
26475
4821
38153
4822
26295
26472
26477
4825
38155
4826
26479
4829
38157
4830
26480
26481
4833
38159
4834
26312
26478
26483
4837
38161
4838
26485
4841
38163
4842
26486
26487
4845
38165
4846
26329
26484
26489
4849
38167
4850
26491
4853
38169
4854
26492
26493
4857
38171
4858
26346
26490
26495
4861
38173
4862
26382
26442
26497
4865
38175
4866
26388
26454
26498
26499
4869
38177
4870
26363
26496
26501
4875
38979
4876
26366
26504
3090
37435
3091
25617
3094
37439
3095
25574
25576
25619
3104
37441
37859
37861
37887
3105
25620
25621
25622
25623
25624
3108
37443
3109
25587
25589
25618
25626
3116
37445
37853
37855
3117
25627
25628
25629
25630
3120
37447
3121
25632
3124
37451
3125
25550
25634
3128
37449
3129
25583
25596
25635
25636
3140
37459
3141
25598
25633
25642
3144
37457
3145
25625
25631
25643
25644
3132
37453
3133
25638
3136
37455
3137
25554
25556
25640
7535
38981
7536
25558
27834
3148
37461
3149
25646
3152
37463
3153
25602
25604
25648
3156
37465
3157
25650
3180
37477
3181
25662
7551
38989
7552
25606
27842
3160
37467
3161
25652
3164
37469
3165
25637
25639
25654
3168
37471
3169
25645
25647
25653
25656
8267
39353
8268
25641
28200
3172
37473
3173
25658
3184
37479
3185
25664
8283
39361
8284
25649
28208
9831
40367
9832
25655
25657
28982
3176
37475
3177
25660
3204
37489
3205
25608
25651
25659
25674
3188
37481
3189
25661
25666
3208
37491
3209
25614
25663
25665
25675
25676
3192
37483
3193
25668
3220
37497
3221
25322
25616
25667
25682
3212
37493
3213
25669
25678
3224
37499
3225
25332
25673
25677
25683
25684
3216
37495
3217
25680
3228
37501
3229
25681
25686
3262
37509
3263
24818
25703
3266
37511
3267
25343
25704
25705
3276
37515
3277
25710
3280
37517
3281
25369
25711
25712
3288
37521
3289
25334
25679
25716
3292
37523
3293
25373
25685
25699
25717
25718
3234
37503
3235
25689
3272
37513
3273
25690
25708
3284
37519
3285
25714
3296
37525
3297
25715
25720
3332
37539
3333
25738
3336
37541
3337
25739
25740
3308
37529
3309
25726
3314
37531
3315
25727
25729
3318
37533
3319
25731
3322
37535
3323
25732
25733
3344
37545
3345
25744
3348
37547
3349
25745
25746
3302
37527
3303
25723
3328
37537
3329
25724
25736
3340
37543
3341
25742
3352
37549
3353
25743
25748
3388
37563
3389
25766
3392
37565
3393
25767
25768
3364
37553
3365
25754
3370
37555
3371
25755
25757
3374
37557
3375
25709
25759
3378
37559
3379
25730
25760
25761
3400
37569
3401
25721
25741
25772
3404
37571
3405
25734
25747
25773
25774
3358
37551
3359
25751
3384
37561
3385
25752
25764
3396
37567
3397
25770
3408
37573
3409
25771
25776
3444
37587
3445
25794
3448
37589
3449
25795
25796
3420
37577
3421
25782
3426
37579
3427
25783
25785
3430
37581
3431
25787
3434
37583
3435
25788
25789
3456
37593
3457
25800
3460
37595
3461
25801
25802
3414
37575
3415
25779
3440
37585
3441
25737
25780
25792
3452
37591
3453
25798
3464
37597
3465
25749
25799
25804
3500
37611
3501
25822
3504
37613
3505
25769
25823
25824
3476
37601
3477
25810
3482
37603
3483
25758
25811
25813
3486
37605
3487
25765
25815
3490
37607
3491
25762
25786
25816
25817
3512
37617
3513
25777
25797
25828
3516
37619
3517
25775
25790
25803
25829
25830
3470
37599
3471
25807
3496
37609
3497
25808
25820
3508
37615
3509
25826
3520
37621
3521
25827
25832
3526
37623
3527
25835
3594
37651
3595
25869
3626
37671
3627
25885
3658
37683
3659
25901
3690
37695
3691
25917
3722
37707
3723
25933
3754
37719
3755
25949
3786
37731
3787
25821
25965
3556
37635
3557
25850
3560
37637
3561
25851
25852
3564
37639
3565
25854
3604
37655
3605
25874
3636
37667
3637
25890
3668
37679
3669
25906
3700
37691
3701
25922
3732
37703
3733
25938
3764
37715
3765
25954
3796
37727
3797
25833
25853
25970
3532
37625
3533
25838
3538
37627
3539
25839
25841
3542
37629
3543
25793
25843
3546
37631
3547
25814
25844
25845
3552
37633
3553
25836
25848
3600
37653
3601
25870
25872
3632
37665
3633
25886
25888
3664
37677
3665
25902
25904
3696
37689
3697
25918
25920
3728
37701
3729
25934
25936
3760
37713
3761
25950
25952
3792
37725
3793
25842
25966
25968
3568
37641
3569
25805
25825
25856
3572
37643
3573
25818
25831
25857
25858
3576
37645
3577
25855
25860
3582
3583
25849
25861
25863
3608
37657
3609
25875
25876
3614
37663
3615
25873
25877
25879
3640
37669
3641
25891
25892
3646
37675
3647
25889
25893
25895
3672
37681
3673
25907
25908
3678
37687
3679
25905
25909
25911
3704
37693
3705
25923
25924
3710
37699
3711
25921
25925
25927
3736
37705
3737
25939
25940
3742
37711
3743
25937
25941
25943
3768
37717
3769
25955
25956
3774
37723
3775
25953
25957
25959
3800
37729
3801
25846
25859
25971
25972
3806
37799
3807
25969
25973
25975
4015
37863
4016
26077
4021
37801
4022
26078
26080
4025
37803
4026
26082
4029
37805
4030
26083
26084
4066
37819
4067
26102
4070
37821
4071
26103
26104
4041
37809
4042
26090
4047
37811
4048
26091
26093
4051
37813
4052
25713
26095
4055
37815
4056
25719
26096
26097
4078
37825
4079
25376
25687
26108
4082
37827
4083
25702
25706
26109
26110
4035
37807
4036
26087
4061
37817
4062
26088
26100
4074
37823
4075
26106
4086
37829
4087
26107
26112
4091
37831
4092
26114
4095
37833
4096
26115
26116
4102
37835
4103
26119
4108
37837
4109
26120
26122
4113
37839
4114
26085
26124
4117
37841
4118
26098
26125
26126
4122
37843
4123
26081
26105
26128
4126
37845
4127
26094
26111
26129
26130
7539
38983
7540
27836
7543
38985
7544
26436
26438
27838
7555
38991
7556
27844
7559
38993
7560
26444
26446
27846
8271
39355
8272
28202
8275
39357
8276
27835
27837
28204
8287
39363
8288
28210
8291
39365
8292
27843
27845
28212
9835
40369
9836
28984
9839
40371
9840
28201
28203
28986
9847
40375
9848
28990
9851
40377
9852
28209
28211
28992
10815
40993
10816
28983
28985
28991
29474
7547
38987
7548
27840
7571
38999
7572
26440
27852
7563
38995
7564
27848
7575
39001
7576
26448
27854
8279
39359
8280
28206
8303
39371
8304
27839
28218
8295
39367
8296
28214
8307
39373
8308
27847
28220
9843
40373
9844
28988
9863
40383
9864
28205
28998
9855
40379
9856
28994
9867
40385
9868
28213
29000
10819
40995
10820
29476
10831
41001
10832
28987
29482
10823
40997
10824
29478
10835
41003
10836
28993
29475
29484
7567
38997
7568
27850
7579
39003
7580
27851
27856
7583
39005
7584
26390
27858
8299
39369
8300
28216
8311
39375
8312
28217
28222
8315
39377
8316
26458
28224
9859
40381
9860
28996
9871
40387
9872
28997
29002
9875
40389
9876
27857
29004
10827
40999
10828
29480
10839
41005
10840
29481
29486
10843
41007
10844
28223
29488
12143
42059
12144
29003
29487
30138
7587
39007
7588
27860
7591
39009
7592
27861
27862
7595
39011
7596
26396
27859
27864
8319
39379
8320
28226
8323
39381
8324
28227
28228
8327
39383
8328
26464
28225
28230
9879
40391
9880
29006
9883
40393
9884
29007
29008
9887
40395
9888
27863
29005
29010
10847
41009
10848
29490
10851
41011
10852
29491
29492
10855
41013
10856
28229
29489
29494
12147
42061
12148
29009
29493
30139
30140
7599
39013
7600
27866
7603
39015
7604
27867
27868
7607
39017
7608
26402
27865
27870
8331
39385
8332
28232
8335
39387
8336
28233
28234
8339
39389
8340
26470
28231
28236
9891
40397
9892
29012
9895
40399
9896
29013
29014
9899
40401
9900
27869
29011
29016
10859
41015
10860
29496
10863
41017
10864
29497
29498
10867
41019
10868
28235
29495
29500
12151
42063
12152
29015
29499
30141
30142
7611
39019
7612
27872
7615
39021
7616
27873
27874
7619
39023
7620
26408
27871
27876
8343
39391
8344
28238
8347
39393
8348
28239
28240
8351
39395
8352
26476
28237
28242
9903
40403
9904
29018
9907
40405
9908
29019
29020
9911
40407
9912
27875
29017
29022
10871
41021
10872
29502
10875
41023
10876
29503
29504
10879
41025
10880
28241
29501
29506
12155
42065
12156
29021
29505
30143
30144
7623
39025
7624
27878
7627
39027
7628
27879
27880
7631
39029
7632
26414
27877
27882
8355
39397
8356
28244
8359
39399
8360
28245
28246
8363
39401
8364
26482
28243
28248
9915
40409
9916
29024
9919
40411
9920
29025
29026
9923
40413
9924
27881
29023
29028
10883
41027
10884
29508
10887
41029
10888
29509
29510
10891
41031
10892
28247
29507
29512
12159
42067
12160
29027
29511
30145
30146
7635
39031
7636
27884
7639
39033
7640
27885
27886
7643
39035
7644
26420
27883
27888
8367
39403
8368
28250
8371
39405
8372
28251
28252
8375
39407
8376
26488
28249
28254
9927
40415
9928
29030
9931
40417
9932
29031
29032
9935
40419
9936
27887
29029
29034
10895
41033
10896
29514
10899
41035
10900
29515
29516
10903
41037
10904
28253
29513
29518
12163
42069
12164
29033
29517
30147
30148
7647
39037
7648
27890
7651
39039
7652
27891
27892
7655
39041
7656
26426
27889
27894
7659
39043
7660
26450
27841
27896
7663
39045
7664
26456
27853
27897
27898
7667
39047
7668
26432
27895
27900
7671
39351
7672
26434
27902
8379
39409
8380
28256
8383
39411
8384
28257
28258
8387
39413
8388
26494
28255
28260
8391
39415
8392
27849
28207
28262
8395
39417
8396
27855
28219
28263
28264
8399
39419
8400
26500
28261
28266
8403
39753
8404
26502
28268
9939
40421
9940
29036
9943
40423
9944
29037
29038
9947
40425
9948
27893
29035
29040
9951
40427
9952
28215
28989
29042
9955
40429
9956
28221
28999
29043
29044
9959
40431
9960
27899
29041
29046
9963
40771
9964
27901
29048
10907
41039
10908
29520
10919
41045
10920
28995
29477
29479
29526
10911
41041
10912
29521
29522
10923
41047
10924
29001
29483
29485
29527
29528
10915
41043
10916
28259
29519
29524
10927
41049
10928
28265
29525
29530
12167
42071
12168
29039
29523
30149
30150
12171
42073
12172
29045
29529
30151
30152
10931
41395
10932
28267
29532
12175
42495
12176
29047
30154
13139
43215
13140
29531
30153
30636
4063
26101
4088
26113
4097
26117
4110
26123
4119
26127
4128
26131
4937
38977
4938
26535
4945
38179
38853
38833
4946
26533
26536
26537
26539
5013
38183
5014
26573
5021
38185
38851
38831
5022
26571
26574
26575
26577
4951
38181
4952
26542
5027
38187
5028
26543
26580
5089
38189
5090
26611
5097
38191
38849
38829
5098
26609
26612
26613
26615
5103
38193
5104
26581
26618
5503
38229
5504
26818
5509
38231
5510
26819
26821
5515
38233
5516
26822
26824
5165
38195
5166
26649
5173
38197
38847
38827
5174
26647
26650
26651
26653
5179
38199
5180
26619
26656
5521
38235
5522
26825
26827
5565
38249
5566
26849
5571
38251
5572
26850
26852
5577
38253
5578
26853
26855
5583
38255
5584
26856
26858
5241
38201
5242
26687
5249
38203
38843
38825
5250
26685
26688
26689
26691
5255
38205
5256
26657
26694
5527
38237
5528
26828
26830
5589
38257
5590
26859
26861
5627
38269
5628
26880
5633
38271
5634
26881
26883
5639
38273
5640
26884
26886
5645
38275
5646
26887
26889
5651
38277
5652
26890
26892
5317
38207
5318
26725
5325
38209
38841
38823
5326
26723
26726
26727
26729
5331
38211
5332
26695
26732
5533
38239
5534
26831
26833
5595
38259
5596
26862
26864
5657
38279
5658
26893
26895
5689
38289
5690
26911
5695
38291
5696
26912
26914
5701
38293
5702
26915
26917
5707
38295
5708
26918
26920
5713
38297
5714
26921
26923
5719
38299
5720
26924
26926
5393
38213
5394
26763
5401
38215
38839
38821
5402
26761
26764
26765
26767
5407
38217
5408
26733
26770
5539
38241
5540
26834
26836
5601
38261
5602
26865
26867
5663
38281
5664
26896
26898
5725
38301
5726
26927
26929
5751
38309
5752
26942
5757
38311
5758
26943
26945
5763
38313
5764
26946
26948
5769
38315
5770
26949
26951
5775
38317
5776
26952
26954
5781
38319
5782
26955
26957
5787
38321
5788
26958
26960
5471
38219
5472
26802
5479
38221
38835
38819
5480
26800
26803
26804
26806
5485
38223
38817
5486
26771
26772
26809
5547
38243
38815
5548
26837
26838
26840
5609
38263
38813
5610
26868
26869
26871
5671
38283
38811
5672
26899
26900
26902
5733
38303
38809
5734
26930
26931
26933
5795
38323
38807
5796
26961
26962
26964
5491
38225
5492
26810
26812
5553
38245
5554
26841
26843
5615
38265
5616
26872
26874
5677
38285
5678
26903
26905
5739
38305
5740
26934
26936
5801
38325
5802
26965
26967
5813
38329
5814
26973
5819
38331
5820
26974
26976
5875
38349
5876
26540
27004
5881
38351
5882
26578
27005
27007
5825
38333
5826
26977
26979
5887
38353
5888
26616
27008
27010
5831
38335
5832
26980
26982
5893
38355
5894
26654
27011
27013
5837
38337
5838
26983
26985
5899
38357
5900
26692
27014
27016
5843
38339
5844
26986
26988
5905
38359
5906
26730
27017
27019
5849
38341
5850
26989
26991
5857
38343
38805
5858
26992
26993
26995
5911
38361
5912
26768
27020
27022
5919
38363
38803
5920
26807
27023
27024
27026
5863
38345
5864
26996
26998
5925
38365
5926
27027
27029
5497
38227
5498
26815
5559
38247
5560
26816
26846
5621
38267
5622
26847
26877
5683
38287
5684
26878
26908
5745
38307
5746
26909
26939
5807
38327
5808
26940
26970
5869
38347
5870
26971
27001
5931
38367
5932
27002
27032
5949
38373
5950
27041
5955
38375
5956
27042
27044
5961
38377
5962
27045
27047
5967
38379
5968
27048
27050
5973
38381
5974
27051
27053
5979
38383
5980
27054
27056
5985
38385
5986
27057
27059
5991
38387
5992
27060
27062
6009
38393
6010
27071
6015
38395
6016
27072
27074
6021
38397
6022
27075
27077
6027
38399
6028
27078
27080
6033
38401
6034
27081
27083
6039
38403
6040
27084
27086
6045
38405
6046
27087
27089
6051
38407
6052
27090
27092
6069
38413
6070
27101
6075
38415
6076
27102
27104
6081
38417
6082
27105
27107
6087
38419
6088
27108
27110
6093
38421
6094
27111
27113
6099
38423
6100
27114
27116
6105
38425
6106
27117
27119
6111
38427
6112
27120
27122
6129
38433
6130
27131
6135
38435
6136
27132
27134
6141
38437
6142
27135
27137
6147
38439
6148
27138
27140
6153
38441
6154
27141
27143
6159
38443
6160
27144
27146
6165
38445
6166
27147
27149
6171
38447
6172
27150
27152
6189
38453
6190
27161
6195
38455
6196
27162
27164
6201
38457
6202
27165
27167
6207
38459
6208
27168
27170
6213
38461
6214
27171
27173
6219
38463
6220
27174
27176
6225
38465
6226
27177
27179
6231
38467
6232
27180
27182
6249
38473
6250
27191
6255
38475
6256
27192
27194
6261
38477
6262
27195
27197
6267
38479
6268
27198
27200
6273
38481
6274
27201
27203
6279
38483
6280
27204
27206
6285
38485
6286
27207
27209
6291
38487
6292
27210
27212
6309
38493
6310
27221
6315
38495
6316
27222
27224
6321
38497
6322
27225
27227
6327
38499
6328
27228
27230
6333
38501
6334
27231
27233
6339
38503
6340
27234
27236
6345
38505
6346
27237
27239
6351
38507
6352
27240
27242
6363
38511
6364
27248
6369
38513
6370
27249
27251
6375
38515
6376
27252
27254
6381
38517
6382
27255
27257
6387
38519
6388
27258
27260
6393
38521
6394
27261
27263
6399
38523
6400
27264
27266
6405
38525
6406
27267
27269
6465
38545
6466
27299
6471
38547
6472
27300
27302
6477
38549
6478
27303
27305
6483
38551
6484
27306
27308
6489
38553
6490
27309
27311
6495
38555
6496
27312
27314
6501
38557
6502
27315
27317
6507
38559
6508
27318
27320
6567
38579
6568
27350
6573
38581
6574
27351
27353
6579
38583
6580
27354
27356
6585
38585
6586
27357
27359
6591
38587
6592
27360
27362
6597
38589
6598
27363
27365
6603
38591
6604
27366
27368
6609
38593
6610
27369
27371
6669
38613
6670
27401
6675
38615
6676
27402
27404
6681
38617
6682
27405
27407
6687
38619
6688
27408
27410
6693
38621
6694
27411
27413
6699
38623
6700
27414
27416
6705
38625
6706
27417
27419
6711
38627
6712
27420
27422
6771
38647
6772
27452
6777
38649
6778
27453
27455
6783
38651
6784
27456
27458
6789
38653
6790
27459
27461
6795
38655
6796
27462
27464
6801
38657
6802
27465
27467
6807
38659
6808
27468
27470
6813
38661
6814
27471
27473
6873
38681
6874
27503
6879
38683
6880
27504
27506
6885
38685
6886
27507
27509
6891
38687
6892
27510
27512
6897
38689
6898
27513
27515
6903
38691
6904
27516
27518
6909
38693
6910
27519
27521
6915
38695
6916
27522
27524
6975
38715
6976
27554
6981
38717
6982
27555
27557
7079
38749
7080
26813
27606
7085
38751
7086
26844
27607
27609
6987
38719
6988
27558
27560
7091
38753
7092
26875
27610
27612
6993
38721
6994
27561
27563
7097
38755
7098
26906
27613
27615
6999
38723
7000
27564
27566
7103
38757
7104
26937
27616
27618
7005
38725
7006
27567
27569
7109
38759
7110
26968
27619
27621
7011
38727
7012
27570
27572
7115
38761
7116
26999
27622
27624
7017
38729
7018
27573
27575
7121
38763
7122
27030
27625
27627
3819
37797
3820
25981
3825
37795
3826
25982
25984
3831
37793
3832
25985
25987
3837
37791
3838
25988
25990
3843
37789
3844
25991
25993
3849
37787
3850
25994
25996
3855
37735
3856
25997
25999
3861
37737
3862
26000
26002
3868
37739
3869
26005
3874
37741
3875
26006
26008
3880
37743
3881
26009
26011
3886
37745
3887
26012
26014
3892
37747
3893
26015
26017
3898
37749
3899
26018
26020
3904
37751
3905
26021
26023
3910
37753
3911
26024
26026
3917
37755
3918
26029
3923
37757
3924
26030
26032
3929
37759
3930
26033
26035
3935
37761
3936
26036
26038
3941
37763
3942
26039
26041
3947
37765
3948
26042
26044
3953
37767
3954
26045
26047
3959
37769
3960
26048
26050
3966
37771
3967
26053
3972
37773
3973
26054
26056
3978
37775
3979
26057
26059
3984
37777
3985
26060
26062
3990
37779
3991
26063
26065
3996
37781
3997
26066
26068
4002
37783
4003
26069
26071
4008
37785
4009
26072
26074
3588
37647
3589
25864
25866
3620
37661
3621
25867
25880
25882
3652
37673
3653
25883
25896
25898
3684
37685
3685
25899
25912
25914
3716
37697
3717
25915
25928
25930
3748
37709
3749
25931
25944
25946
3780
37721
3781
25947
25960
25962
3812
37733
3813
25963
25976
25978
3814
25979
3863
26003
3912
26027
3961
26051
4010
26075
5937
38369
5938
27035
7675
39349
7676
27904
8407
39751
8408
28270
9967
40769
9968
29050
10935
41393
10936
29534
5997
38389
5998
27065
7683
39051
7684
27908
8415
39423
8416
28274
9975
40435
9976
29054
10943
41053
10944
29538
6057
38409
6058
27095
7691
39055
7692
27912
8423
39427
8424
28278
9983
40439
9984
29058
10951
41057
10952
29542
6117
38429
6118
27125
7699
39059
7700
27916
12179
42493
12180
30156
8431
39431
8432
28282
12187
42077
12188
30160
12195
42081
12196
30164
9991
40443
9992
29062
10959
41061
10960
29546
12203
42085
12204
30168
6177
38449
6178
27155
7707
39063
7708
27920
8439
39435
8440
28286
9999
40447
10000
29066
10967
41065
10968
29550
12211
42089
12212
30172
6237
38469
6238
27185
7715
39067
7716
27924
8447
39439
8448
28290
13143
43213
13144
30638
10007
40451
10008
29070
13151
42791
13152
30642
13159
42795
13160
30646
13167
42799
13168
30650
13175
42803
13176
30654
10975
41069
10976
29554
12219
42093
12220
30176
13183
42807
13184
30658
6297
38489
6298
27215
6357
38509
6358
26505
27245
7723
39071
7724
27928
7731
39075
7732
27903
27932
8455
39443
8456
28294
8463
39447
8464
28269
28298
10015
40455
10016
29074
10023
40459
10024
29049
29078
15460
44973
15461
31796
15468
44487
15469
31800
15476
44491
15477
31804
15484
44495
15485
31808
15492
44499
15493
31812
15500
44503
15501
31816
10983
41073
10984
29558
10991
41077
10992
29533
29562
12227
42097
12228
30180
12235
42101
12236
30155
30184
13191
42811
13192
30662
13199
42815
13200
30637
30666
15508
44507
15509
31820
15516
44511
15517
31795
31824
5943
38371
5944
27038
6003
38391
6004
27039
27068
6063
38411
6064
27069
27098
6123
38431
6124
27099
27128
6183
38451
6184
27129
27158
6243
38471
6244
27159
27188
6303
38491
6304
27189
27218
6411
38527
6412
27219
27272
7679
39049
7680
27906
7687
39053
7688
27907
27910
7695
39057
7696
27911
27914
7703
39061
7704
27915
27918
7711
39065
7712
27919
27922
7719
39069
7720
27923
27926
7727
39073
7728
27927
27930
7735
39077
7736
27931
27934
8411
39421
8412
28272
8419
39425
8420
28273
28276
8427
39429
8428
28277
28280
8435
39433
8436
28281
28284
8443
39437
8444
28285
28288
8451
39441
8452
28289
28292
8459
39445
8460
28293
28296
8467
39449
8468
28297
28300
9971
40433
9972
29052
9979
40437
9980
29053
29056
9987
40441
9988
29057
29060
9995
40445
9996
29061
29064
10003
40449
10004
29065
29068
10011
40453
10012
29069
29072
10019
40457
10020
29073
29076
10027
40461
10028
29077
29080
10939
41051
10940
29536
10947
41055
10948
29537
29540
10955
41059
10956
29541
29544
10963
41063
10964
29545
29548
10971
41067
10972
29549
29552
10979
41071
10980
29553
29556
10987
41075
10988
29557
29560
10995
41079
10996
29561
29564
6423
38531
6424
27278
6429
38533
6430
27279
27281
6435
38535
6436
27282
27284
6441
38537
6442
27285
27287
6447
38539
6448
27288
27290
6453
38541
6454
27291
27293
6459
38543
6460
27294
27296
6513
38561
6514
27297
27323
7743
39081
7744
27938
7747
39083
7748
27939
27940
7751
39085
7752
27941
27942
7755
39087
7756
27943
27944
7759
39089
7760
27945
27946
7763
39091
7764
27947
27948
7767
39093
7768
27949
27950
7771
39095
7772
27951
27952
8475
39453
8476
28304
8479
39455
8480
28305
28306
8483
39457
8484
28307
28308
8487
39459
8488
28309
28310
8491
39461
8492
28311
28312
8495
39463
8496
28313
28314
8499
39465
8500
28315
28316
8503
39467
8504
28317
28318
10035
40465
10036
29084
10039
40467
10040
29085
29086
10043
40469
10044
29087
29088
10047
40471
10048
29089
29090
10051
40473
10052
29091
29092
10055
40475
10056
29093
29094
10059
40477
10060
29095
29096
10063
40479
10064
29097
29098
11003
41083
11004
29568
11007
41085
11008
29569
29570
11011
41087
11012
29571
29572
11015
41089
11016
29573
29574
11019
41091
11020
29575
29576
11023
41093
11024
29577
29578
11027
41095
11028
29579
29580
11031
41097
11032
29581
29582
6525
38565
6526
27329
6531
38567
6532
27330
27332
6537
38569
6538
27333
27335
6543
38571
6544
27336
27338
6549
38573
6550
27339
27341
6555
38575
6556
27342
27344
6561
38577
6562
27345
27347
6615
38595
6616
27348
27374
7779
39099
7780
27956
7783
39101
7784
27957
27958
7787
39103
7788
27959
27960
7791
39105
7792
27961
27962
7795
39107
7796
27963
27964
7799
39109
7800
27965
27966
7803
39111
7804
27967
27968
7807
39113
7808
27969
27970
8511
39471
8512
28322
8515
39473
8516
28323
28324
8519
39475
8520
28325
28326
8523
39477
8524
28327
28328
8527
39479
8528
28329
28330
8531
39481
8532
28331
28332
8535
39483
8536
28333
28334
8539
39485
8540
28335
28336
10071
40483
10072
29102
10075
40485
10076
29103
29104
10079
40487
10080
29105
29106
10083
40489
10084
29107
29108
10087
40491
10088
29109
29110
10091
40493
10092
29111
29112
10095
40495
10096
29113
29114
10099
40497
10100
29115
29116
11039
41101
11040
29586
11043
41103
11044
29587
29588
11047
41105
11048
29589
29590
11051
41107
11052
29591
29592
11055
41109
11056
29593
29594
11059
41111
11060
29595
29596
11063
41113
11064
29597
29598
11067
41115
11068
29599
29600
6627
38599
6628
27380
6633
38601
6634
27381
27383
6639
38603
6640
27384
27386
6645
38605
6646
27387
27389
6651
38607
6652
27390
27392
6657
38609
6658
27393
27395
6663
38611
6664
27396
27398
6717
38629
6718
27399
27425
7815
39117
7816
27974
7819
39119
7820
27975
27976
7823
39121
7824
27977
27978
7827
39123
7828
27979
27980
7831
39125
7832
27981
27982
7835
39127
7836
27983
27984
7839
39129
7840
27985
27986
7843
39131
7844
27987
27988
12183
42075
12184
30158
12191
42079
12192
30159
30162
12199
42083
12200
30163
30166
12207
42087
12208
30167
30170
12215
42091
12216
30171
30174
12223
42095
12224
30175
30178
12231
42099
12232
30179
30182
12239
42103
12240
30183
30186
8547
39489
8548
28340
8551
39491
8552
28341
28342
8555
39493
8556
28343
28344
8559
39495
8560
28345
28346
8563
39497
8564
28347
28348
8567
39499
8568
28349
28350
8571
39501
8572
28351
28352
8575
39503
8576
28353
28354
12247
42107
12248
30190
12251
42109
12252
30191
30192
12255
42111
12256
30193
30194
12259
42113
12260
30195
30196
12263
42115
12264
30197
30198
12267
42117
12268
30199
30200
12271
42119
12272
30201
30202
12275
42121
12276
30203
30204
12283
42125
12284
30208
12287
42127
12288
30209
30210
12291
42129
12292
30211
30212
12295
42131
12296
30213
30214
12299
42133
12300
30215
30216
12303
42135
12304
30217
30218
12307
42137
12308
30219
30220
12311
42139
12312
30221
30222
10107
40501
10108
29120
10111
40503
10112
29121
29122
10115
40505
10116
29123
29124
10119
40507
10120
29125
29126
10123
40509
10124
29127
29128
10127
40511
10128
29129
29130
10131
40513
10132
29131
29132
10135
40515
10136
29133
29134
11075
41119
11076
29604
11079
41121
11080
29605
29606
11083
41123
11084
29607
29608
11087
41125
11088
29609
29610
11091
41127
11092
29611
29612
11095
41129
11096
29613
29614
11099
41131
11100
29615
29616
11103
41133
11104
29617
29618
12319
42143
12320
30226
12323
42145
12324
30227
30228
12327
42147
12328
30229
30230
12331
42149
12332
30231
30232
12335
42151
12336
30233
30234
12339
42153
12340
30235
30236
12343
42155
12344
30237
30238
12347
42157
12348
30239
30240
6729
38633
6730
27431
6735
38635
6736
27432
27434
6741
38637
6742
27435
27437
6747
38639
6748
27438
27440
6753
38641
6754
27441
27443
6759
38643
6760
27444
27446
6765
38645
6766
27447
27449
6819
38663
6820
27450
27476
7851
39135
7852
27992
7855
39137
7856
27993
27994
7859
39139
7860
27995
27996
7863
39141
7864
27997
27998
7867
39143
7868
27999
28000
7871
39145
7872
28001
28002
7875
39147
7876
28003
28004
7879
39149
7880
28005
28006
8583
39507
8584
28358
8587
39509
8588
28359
28360
8591
39511
8592
28361
28362
8595
39513
8596
28363
28364
8599
39515
8600
28365
28366
8603
39517
8604
28367
28368
8607
39519
8608
28369
28370
8611
39521
8612
28371
28372
10143
40519
10144
29138
10147
40521
10148
29139
29140
10151
40523
10152
29141
29142
10155
40525
10156
29143
29144
10159
40527
10160
29145
29146
10163
40529
10164
29147
29148
10167
40531
10168
29149
29150
10171
40533
10172
29151
29152
11111
41137
11112
29622
11115
41139
11116
29623
29624
11119
41141
11120
29625
29626
11123
41143
11124
29627
29628
11127
41145
11128
29629
29630
11131
41147
11132
29631
29632
11135
41149
11136
29633
29634
11139
41151
11140
29635
29636
12355
42161
12356
30244
12359
42163
12360
30245
30246
12363
42165
12364
30247
30248
12367
42167
12368
30249
30250
12371
42169
12372
30251
30252
12375
42171
12376
30253
30254
12379
42173
12380
30255
30256
12383
42175
12384
30257
30258
6831
38667
6832
27482
6837
38669
6838
27483
27485
6843
38671
6844
27486
27488
6849
38673
6850
27489
27491
6855
38675
6856
27492
27494
6861
38677
6862
27495
27497
6867
38679
6868
27498
27500
6921
38697
6922
27501
27527
7887
39153
7888
28010
7891
39155
7892
28011
28012
7895
39157
7896
28013
28014
7899
39159
7900
28015
28016
7903
39161
7904
28017
28018
7907
39163
7908
28019
28020
7911
39165
7912
28021
28022
7915
39167
7916
28023
28024
8619
39525
8620
28376
8623
39527
8624
28377
28378
8627
39529
8628
28379
28380
8631
39531
8632
28381
28382
8635
39533
8636
28383
28384
8639
39535
8640
28385
28386
8643
39537
8644
28387
28388
8647
39539
8648
28389
28390
13147
42789
13148
30640
13155
42793
13156
30641
30644
13163
42797
13164
30645
30648
13171
42801
13172
30649
30652
13179
42805
13180
30653
30656
13187
42809
13188
30657
30660
13195
42813
13196
30661
30664
13203
42817
13204
30665
30668
10179
40537
10180
29156
10183
40539
10184
29157
29158
10187
40541
10188
29159
29160
10191
40543
10192
29161
29162
10195
40545
10196
29163
29164
10199
40547
10200
29165
29166
10203
40549
10204
29167
29168
10207
40551
10208
29169
29170
13211
42821
13212
30672
13215
42823
13216
30673
30674
13219
42825
13220
30675
30676
13223
42827
13224
30677
30678
13227
42829
13228
30679
30680
13231
42831
13232
30681
30682
13235
42833
13236
30683
30684
13239
42835
13240
30685
30686
13247
42839
13248
30690
13251
42841
13252
30691
30692
13255
42843
13256
30693
30694
13259
42845
13260
30695
30696
13263
42847
13264
30697
30698
13267
42849
13268
30699
30700
13271
42851
13272
30701
30702
13275
42853
13276
30703
30704
13283
42857
13284
30708
13287
42859
13288
30709
30710
13291
42861
13292
30711
30712
13295
42863
13296
30713
30714
13299
42865
13300
30715
30716
13303
42867
13304
30717
30718
13307
42869
13308
30719
30720
13311
42871
13312
30721
30722
13319
42875
13320
30726
13323
42877
13324
30727
30728
13327
42879
13328
30729
30730
13331
42881
13332
30731
30732
13335
42883
13336
30733
30734
13339
42885
13340
30735
30736
13343
42887
13344
30737
30738
13347
42889
13348
30739
30740
11147
41155
11148
29640
11151
41157
11152
29641
29642
11155
41159
11156
29643
29644
11159
41161
11160
29645
29646
11163
41163
11164
29647
29648
11167
41165
11168
29649
29650
11171
41167
11172
29651
29652
11175
41169
11176
29653
29654
12391
42179
12392
30262
12395
42181
12396
30263
30264
12399
42183
12400
30265
30266
12403
42185
12404
30267
30268
12407
42187
12408
30269
30270
12411
42189
12412
30271
30272
12415
42191
12416
30273
30274
12419
42193
12420
30275
30276
13355
42893
13356
30744
13359
42895
13360
30745
30746
13363
42897
13364
30747
30748
13367
42899
13368
30749
30750
13371
42901
13372
30751
30752
13375
42903
13376
30753
30754
13379
42905
13380
30755
30756
13383
42907
13384
30757
30758
6933
38701
6934
27533
6939
38703
6940
27534
27536
6945
38705
6946
27537
27539
6951
38707
6952
27540
27542
6957
38709
6958
27543
27545
6963
38711
6964
27546
27548
6969
38713
6970
27549
27551
7023
38731
7024
27552
27578
7037
38735
7038
27036
27585
7043
38737
7044
27066
27586
27588
7049
38739
7050
27096
27589
27591
7055
38741
7056
27126
27592
27594
7061
38743
7062
27156
27595
27597
7067
38745
7068
27186
27598
27600
7073
38747
7074
27216
27601
27603
7127
38765
7128
27246
27604
27630
7923
39171
7924
28028
7927
39173
7928
28029
28030
7931
39175
7932
28031
28032
7935
39177
7936
28033
28034
7939
39179
7940
28035
28036
7943
39181
7944
28037
28038
7947
39183
7948
28039
28040
7951
39185
7952
28041
28042
7961
39189
7962
27905
28047
7965
39191
7966
27909
28048
28049
7969
39193
7970
27913
28050
28051
7973
39195
7974
27917
28052
28053
7977
39197
7978
27921
28054
28055
7981
39199
7982
27925
28056
28057
7985
39201
7986
27929
28058
28059
7989
39203
7990
27933
28060
28061
8655
39543
8656
28394
8659
39545
8660
28395
28396
8663
39547
8664
28397
28398
8667
39549
8668
28399
28400
8671
39551
8672
28401
28402
8675
39553
8676
28403
28404
8679
39555
8680
28405
28406
8683
39557
8684
28407
28408
8693
39563
8694
28271
28413
8697
39565
8698
28275
28414
28415
8701
39567
8702
28279
28416
28417
8705
39569
8706
28283
28418
28419
8709
39571
8710
28287
28420
28421
8713
39573
8714
28291
28422
28423
8717
39575
8718
28295
28424
28425
8721
39577
8722
28299
28426
28427
10215
40555
10216
29174
10219
40557
10220
29175
29176
10223
40559
10224
29177
29178
10227
40561
10228
29179
29180
10231
40563
10232
29181
29182
10235
40565
10236
29183
29184
10239
40567
10240
29185
29186
10243
40569
10244
29187
29188
10253
40573
10254
29051
29193
10257
40575
10258
29055
29194
29195
10261
40577
10262
29059
29196
29197
10265
40579
10266
29063
29198
29199
10269
40581
10270
29067
29200
29201
10273
40583
10274
29071
29202
29203
10277
40585
10278
29075
29204
29205
10281
40587
10282
29079
29206
29207
15464
44485
15465
31798
15472
44489
15473
31799
31802
15480
44493
15481
31803
31806
15488
44497
15489
31807
31810
15496
44501
15497
31811
31814
15504
44505
15505
31815
31818
15512
44509
15513
31819
31822
15520
44513
15521
31823
31826
15528
44517
15529
31830
15532
44519
15533
31831
31832
15536
44521
15537
31833
31834
15540
44523
15541
31835
31836
15544
44525
15545
31837
31838
15548
44527
15549
31839
31840
15552
44529
15553
31841
31842
15556
44531
15557
31843
31844
15564
44535
15565
31848
15568
44537
15569
31849
31850
15572
44539
15573
31851
31852
15576
44541
15577
31853
31854
15580
44543
15581
31855
31856
15584
44545
15585
31857
31858
15588
44547
15589
31859
31860
15592
44549
15593
31861
31862
15600
44553
15601
31866
15604
44555
15605
31867
31868
15608
44557
15609
31869
31870
15612
44559
15613
31871
31872
15616
44561
15617
31873
31874
15620
44563
15621
31875
31876
15624
44565
15625
31877
31878
15628
44567
15629
31879
31880
15636
44571
15637
31884
15640
44573
15641
31885
31886
15644
44575
15645
31887
31888
15648
44577
15649
31889
31890
15652
44579
15653
31891
31892
15656
44581
15657
31893
31894
15660
44583
15661
31895
31896
15664
44585
15665
31897
31898
15672
44591
15673
31902
15676
44595
15677
31903
31904
15680
44599
15681
31905
31906
15684
44603
15685
31907
31908
15688
44607
15689
31909
31910
15692
44611
15693
31911
31912
15696
44615
15697
31913
31914
15700
44619
15701
31915
31916
11183
41173
11184
29658
11187
41175
11188
29659
29660
11191
41177
11192
29661
29662
11195
41179
11196
29663
29664
11199
41181
11200
29665
29666
11203
41183
11204
29667
29668
11207
41185
11208
29669
29670
11211
41187
11212
29671
29672
11221
41201
11222
29535
29677
11225
41203
11226
29539
29678
29679
11229
41205
11230
29543
29680
29681
11233
41207
11234
29547
29682
29683
11237
41209
11238
29551
29684
29685
11241
41211
11242
29555
29686
29687
11245
41213
11246
29559
29688
29689
11249
41215
11250
29563
29690
29691
12427
42197
12428
30280
12431
42199
12432
30281
30282
12435
42201
12436
30283
30284
12439
42203
12440
30285
30286
12443
42205
12444
30287
30288
12447
42207
12448
30289
30290
12451
42209
12452
30291
30292
12455
42211
12456
30293
30294
12465
42215
12466
30157
30299
12469
42217
12470
30161
30300
30301
12473
42219
12474
30165
30302
30303
12477
42221
12478
30169
30304
30305
12481
42223
12482
30173
30306
30307
12485
42225
12486
30177
30308
30309
12489
42227
12490
30181
30310
30311
12493
42229
12494
30185
30312
30313
13391
42911
13392
30762
13395
42913
13396
30763
30764
13399
42915
13400
30765
30766
13403
42917
13404
30767
30768
13407
42919
13408
30769
30770
13411
42921
13412
30771
30772
13415
42923
13416
30773
30774
13419
42925
13420
30775
30776
13429
42937
13430
30639
30781
13433
42939
13434
30643
30782
30783
13437
42941
13438
30647
30784
30785
13441
42943
13442
30651
30786
30787
13445
42945
13446
30655
30788
30789
13449
42947
13450
30659
30790
30791
13453
42949
13454
30663
30792
30793
13457
42951
13458
30667
30794
30795
15708
44627
15709
31920
15712
44631
15713
31921
31922
15716
44635
15717
31923
31924
15720
44639
15721
31925
31926
15724
44643
15725
31927
31928
15728
44647
15729
31929
31930
15732
44651
15733
31931
31932
15736
44655
15737
31933
31934
15746
44671
15747
31797
31939
15750
44673
15751
31801
31940
31941
15754
44675
15755
31805
31942
31943
15758
44677
15759
31809
31944
31945
15762
44681
15763
31813
31946
31947
15766
44685
15767
31817
31948
31949
15770
44689
15771
31821
31950
31951
15774
44693
15775
31825
31952
31953
6417
38529
6418
27275
6519
38563
6520
27276
27326
6621
38597
6622
27327
27377
6723
38631
6724
27378
27428
6825
38665
6826
27429
27479
6927
38699
6928
27480
27530
7029
38733
7030
27531
27581
7133
38871
38767
7134
27582
27583
27633
7739
39079
7740
27936
7775
39097
7776
27937
27954
7811
39115
7812
27955
27972
7847
39133
7848
27973
27990
7883
39151
7884
27991
28008
7919
39169
7920
28009
28026
7955
39187
7956
28027
28044
7993
39723
39205
7994
28045
28046
28063
8471
39451
8472
28302
8507
39469
8508
28303
28320
8543
39487
8544
28321
28338
8579
39505
8580
28339
28356
8615
39523
8616
28357
28374
8651
39541
8652
28375
28392
8687
39561
8688
28393
28410
8725
39595
39579
8726
28411
28412
28429
10031
40463
10032
29082
10067
40481
10068
29083
29100
10103
40499
10104
29101
29118
10139
40517
10140
29119
29136
10175
40535
10176
29137
29154
10211
40553
10212
29155
29172
10247
40571
10248
29173
29190
10285
40685
40589
10286
29191
29192
29209
10999
41081
11000
29566
11035
41099
11036
29567
29584
11071
41117
11072
29585
29602
11107
41135
11108
29603
29620
11143
41153
11144
29621
29638
11179
41171
11180
29639
29656
11215
41199
11216
29657
29674
11253
41233
41217
11254
29675
29676
29693
7145
38771
7146
27639
7151
38773
7152
27640
27642
7157
38775
7158
27643
27645
7163
38777
7164
27646
27648
7169
38779
7170
27649
27651
7175
38781
7176
27652
27654
7181
38783
7182
27655
27657
7189
38867
38785
7190
27658
27659
27661
8001
39209
8002
28067
8005
39211
8006
28068
28069
8009
39213
8010
28070
28071
8013
39215
8014
28072
28073
8017
39217
8018
28074
28075
8021
39219
8022
28076
28077
8025
39223
8026
28078
28079
8031
39241
39225
8032
28080
28081
28082
8733
39583
8734
28433
8737
39585
8738
28434
28435
8741
39587
8742
28436
28437
8745
39589
8746
28438
28439
8749
39591
8750
28440
28441
8753
39593
8754
28442
28443
8757
39597
8758
28444
28445
8763
39615
39599
8764
28446
28447
28448
10293
40593
10294
29213
10297
40595
10298
29214
29215
10301
40597
10302
29216
29217
10305
40599
10306
29218
29219
10309
40601
10310
29220
29221
10313
40603
10314
29222
29223
10317
40605
10318
29224
29225
10323
40679
40607
10324
29226
29227
29228
11261
41221
11262
29697
11265
41223
11266
29698
29699
11269
41225
11270
29700
29701
11273
41227
11274
29702
29703
11277
41229
11278
29704
29705
11281
41231
11282
29706
29707
11285
41235
11286
29708
29709
11291
41253
41237
11292
29710
29711
29712
7201
38789
7202
27667
7207
38791
7208
27668
27670
7213
38793
7214
27671
27673
7219
38795
7220
27674
27676
7225
38797
7226
27677
27679
7231
38799
7232
27680
27682
7237
38801
7238
27683
27685
7245
38857
38837
7246
27686
27687
27689
8039
39229
8040
28086
8043
39231
8044
28087
28088
8047
39233
8048
28089
28090
8051
39235
8052
28091
28092
8055
39237
8056
28093
28094
8059
39239
8060
28095
28096
8063
39243
8064
28097
28098
8069
39261
39245
8070
28099
28100
28101
8771
39603
8772
28452
8775
39605
8776
28453
28454
8779
39607
8780
28455
28456
8783
39609
8784
28457
28458
8787
39611
8788
28459
28460
8791
39613
8792
28461
28462
8795
39617
8796
28463
28464
8801
39635
39619
8802
28465
28466
28467
10331
40611
10332
29232
10335
40613
10336
29233
29234
10339
40615
10340
29235
29236
10343
40617
10344
29237
29238
10347
40619
10348
29239
29240
10351
40621
10352
29241
29242
10355
40623
10356
29243
29244
10361
40661
40625
10362
29245
29246
29247
11299
41241
11300
29716
11303
41243
11304
29717
29718
11307
41245
11308
29719
29720
11311
41247
11312
29721
29722
11315
41249
11316
29723
29724
11319
41251
11320
29725
29726
11323
41255
11324
29727
29728
11329
41273
41257
11330
29729
29730
29731
7257
38855
7258
27695
7263
38859
7264
27696
27698
7269
38861
7270
27699
27701
7275
38863
7276
27702
27704
7281
38865
7282
27705
27707
7287
38869
7288
27708
27710
7293
38873
7294
27711
27713
7301
38879
38875
7302
27714
27715
27717
8077
39249
8078
28105
8081
39251
8082
28106
28107
8085
39253
8086
28108
28109
8089
39255
8090
28110
28111
8093
39257
8094
28112
28113
8097
39259
8098
28114
28115
8101
39263
8102
28116
28117
8107
39281
39265
8108
28118
28119
28120
12243
42105
12244
30188
12279
42123
12280
30189
30206
12315
42141
12316
30207
30224
12351
42159
12352
30225
30242
12387
42177
12388
30243
30260
12423
42195
12424
30261
30278
12459
42213
12460
30279
30296
12497
42241
42231
12498
30297
30298
30315
8809
39623
8810
28471
8813
39625
8814
28472
28473
8817
39627
8818
28474
28475
8821
39629
8822
28476
28477
8825
39631
8826
28478
28479
8829
39633
8830
28480
28481
8833
39637
8834
28482
28483
8839
39655
39639
8840
28484
28485
28486
12505
42235
12506
30319
12509
42237
12510
30320
30321
12513
42239
12514
30322
30323
12517
42243
12518
30324
30325
12521
42245
12522
30326
30327
12525
42247
12526
30328
30329
12529
42257
12530
30330
30331
12535
42259
42261
12536
30332
30333
30334
12543
42265
12544
30338
12547
42267
12548
30339
30340
12551
42271
12552
30341
30342
12555
42275
12556
30343
30344
12559
42279
12560
30345
30346
12563
42283
12564
30347
30348
12567
42295
12568
30349
30350
12573
42297
42299
12574
30351
30352
30353
10369
40629
10370
29251
10373
40631
10374
29252
29253
10377
40633
10378
29254
29255
10381
40635
10382
29256
29257
10385
40637
10386
29258
29259
10389
40639
10390
29260
29261
10393
40641
10394
29262
29263
10399
40657
40643
10400
29264
29265
29266
11337
41261
11338
29735
11341
41263
11342
29736
29737
11345
41265
11346
29738
29739
11349
41267
11350
29740
29741
11353
41269
11354
29742
29743
11357
41271
11358
29744
29745
11361
41275
11362
29746
29747
11367
41293
41277
11368
29748
29749
29750
12581
42303
12582
30357
12585
42305
12586
30358
30359
12589
42309
12590
30360
30361
12593
42313
12594
30362
30363
12597
42317
12598
30364
30365
12601
42321
12602
30366
30367
12605
42333
12606
30368
30369
12611
42335
42337
12612
30370
30371
30372
7313
38881
7314
27723
7319
38883
7320
27724
27726
7325
38885
7326
27727
27729
7331
38887
7332
27730
27732
7337
38891
7338
27733
27735
7343
38893
7344
27736
27738
7349
38897
7350
27739
27741
7357
38901
38899
7358
27742
27743
27745
8115
39269
8116
28124
8119
39271
8120
28125
28126
8123
39273
8124
28127
28128
8127
39275
8128
28129
28130
8131
39277
8132
28131
28132
8135
39279
8136
28133
28134
8139
39283
8140
28135
28136
8145
39301
39285
8146
28137
28138
28139
8847
39643
8848
28490
8851
39645
8852
28491
28492
8855
39647
8856
28493
28494
8859
39649
8860
28495
28496
8863
39651
8864
28497
28498
8867
39653
8868
28499
28500
8871
39657
8872
28501
28502
8877
39675
39659
8878
28503
28504
28505
10407
40647
10408
29270
10411
40649
10412
29271
29272
10415
40651
10416
29273
29274
10419
40653
10420
29275
29276
10423
40655
10424
29277
29278
10427
40659
10428
29279
29280
10431
40663
10432
29281
29282
10437
40669
40665
10438
29283
29284
29285
11375
41281
11376
29754
11379
41283
11380
29755
29756
11383
41285
11384
29757
29758
11387
41287
11388
29759
29760
11391
41289
11392
29761
29762
11395
41291
11396
29763
29764
11399
41295
11400
29765
29766
11405
41313
41297
11406
29767
29768
29769
12619
42341
12620
30376
12623
42343
12624
30377
30378
12627
42347
12628
30379
30380
12631
42351
12632
30381
30382
12635
42355
12636
30383
30384
12639
42359
12640
30385
30386
12643
42371
12644
30387
30388
12649
42373
42375
12650
30389
30390
30391
7369
38905
7370
27751
7375
38907
7376
27752
27754
7381
38909
7382
27755
27757
7387
38913
7388
27758
27760
7393
38915
7394
27761
27763
7399
38919
7400
27764
27766
7405
38927
7406
27767
27769
7413
38945
38929
7414
27770
27771
27773
8153
39289
8154
28143
8157
39291
8158
28144
28145
8161
39293
8162
28146
28147
8165
39295
8166
28148
28149
8169
39297
8170
28150
28151
8173
39299
8174
28152
28153
8177
39303
8178
28154
28155
8183
39321
39305
8184
28156
28157
28158
8885
39663
8886
28509
8889
39665
8890
28510
28511
8893
39667
8894
28512
28513
8897
39669
8898
28514
28515
8901
39671
8902
28516
28517
8905
39673
8906
28518
28519
8909
39677
8910
28520
28521
8915
39695
39679
8916
28522
28523
28524
13207
42819
13208
30670
13243
42837
13244
30671
30688
13279
42855
13280
30689
30706
13315
42873
13316
30707
30724
13351
42891
13352
30725
30742
13387
42909
13388
30743
30760
13423
42935
13424
30761
30778
13461
42963
42953
13462
30779
30780
30797
10445
40671
10446
29289
10449
40673
10450
29290
29291
10453
40675
10454
29292
29293
10457
40677
10458
29294
29295
10461
40681
10462
29296
29297
10465
40683
10466
29298
29299
10469
40687
10470
29300
29301
10475
40691
40689
10476
29302
29303
29304
13469
42957
13470
30801
13473
42959
13474
30802
30803
13477
42961
13478
30804
30805
13481
42965
13482
30806
30807
13485
42967
13486
30808
30809
13489
42969
13490
30810
30811
13493
42979
13494
30812
30813
13499
42981
42983
13500
30814
30815
30816
13507
42987
13508
30820
13511
42989
13512
30821
30822
13515
42993
13516
30823
30824
13519
42997
13520
30825
30826
13523
43001
13524
30827
30828
13527
43005
13528
30829
30830
13531
43017
13532
30831
30832
13537
43019
43021
13538
30833
30834
30835
13545
43025
13546
30839
13549
43027
13550
30840
30841
13553
43031
13554
30842
30843
13557
43035
13558
30844
30845
13561
43039
13562
30846
30847
13565
43043
13566
30848
30849
13569
43055
13570
30850
30851
13575
43057
43059
13576
30852
30853
30854
13583
43063
13584
30858
13587
43065
13588
30859
30860
13591
43069
13592
30861
30862
13595
43073
13596
30863
30864
13599
43077
13600
30865
30866
13603
43081
13604
30867
30868
13607
43093
13608
30869
30870
13613
43095
43097
13614
30871
30872
30873
11413
41301
11414
29773
11417
41303
11418
29774
29775
11421
41305
11422
29776
29777
11425
41307
11426
29778
29779
11429
41309
11430
29780
29781
11433
41311
11434
29782
29783
11437
41315
11438
29784
29785
11443
41321
41317
11444
29786
29787
29788
12657
42379
12658
30395
12661
42381
12662
30396
30397
12665
42385
12666
30398
30399
12669
42389
12670
30400
30401
12673
42393
12674
30402
30403
12677
42397
12678
30404
30405
12681
42409
12682
30406
30407
12687
42411
42413
12688
30408
30409
30410
13621
43101
13622
30877
13625
43103
13626
30878
30879
13629
43107
13630
30880
30881
13633
43111
13634
30882
30883
13637
43115
13638
30884
30885
13641
43119
13642
30886
30887
13645
43131
13646
30888
30889
13651
43133
43135
13652
30890
30891
30892
7425
38933
7426
27779
7431
38935
7432
27780
27782
7437
38937
7438
27783
27785
7443
38939
7444
27786
27788
7449
38941
7450
27789
27791
7455
38943
7456
27792
27794
7461
38949
7462
27795
27797
7469
38947
38951
7470
27798
27799
27801
7481
38955
7482
27273
27807
7487
38959
7488
27324
27808
27810
7493
38961
7494
27375
27811
27813
7499
38963
7500
27426
27814
27816
7505
38965
7506
27477
27817
27819
7511
38967
7512
27528
27820
27822
7517
38971
7518
27579
27823
27825
7525
39221
38973
7526
27631
27826
27827
27829
8191
39309
8192
28162
8195
39311
8196
28163
28164
8199
39313
8200
28165
28166
8203
39315
8204
28167
28168
8207
39317
8208
28169
28170
8211
39319
8212
28171
28172
8215
39323
8216
28173
28174
8221
39341
39325
8222
28175
28176
28177
8229
39329
8230
27935
28181
8233
39331
8234
27953
28182
28183
8237
39333
8238
27971
28184
28185
8241
39335
8242
27989
28186
28187
8245
39337
8246
28007
28188
28189
8249
39339
8250
28025
28190
28191
8253
39343
8254
28043
28192
28193
8259
39559
39345
8260
28062
28194
28195
28196
8923
39683
8924
28528
8927
39685
8928
28529
28530
8931
39687
8932
28531
28532
8935
39689
8936
28533
28534
8939
39691
8940
28535
28536
8943
39693
8944
28537
28538
8947
39697
8948
28539
28540
8953
39715
39699
8954
28541
28542
28543
8961
39703
8962
28301
28547
8965
39705
8966
28319
28548
28549
8969
39707
8970
28337
28550
28551
8973
39709
8974
28355
28552
28553
8977
39711
8978
28373
28554
28555
8981
39713
8982
28391
28556
28557
8985
39717
8986
28409
28558
28559
8991
39721
39719
8992
28428
28560
28561
28562
10483
40695
10484
29308
10487
40697
10488
29309
29310
10491
40699
10492
29311
29312
10495
40703
10496
29313
29314
10499
40707
10500
29315
29316
10503
40711
10504
29317
29318
10507
40723
10508
29319
29320
10513
40725
40727
10514
29321
29322
29323
10521
40731
10522
29081
29327
10525
40733
10526
29099
29328
29329
10529
40737
10530
29117
29330
29331
10533
40741
10534
29135
29332
29333
10537
40745
10538
29153
29334
29335
10541
40749
10542
29171
29336
29337
10545
40761
10546
29189
29338
29339
10551
40763
40765
10552
29208
29340
29341
29342
15524
44515
15525
31828
15560
44533
15561
31829
31846
15596
44551
15597
31847
31864
15632
44569
15633
31865
31882
15668
44587
15669
31883
31900
15704
44623
15705
31901
31918
15740
44667
15741
31919
31936
15778
44669
44697
15779
31937
31938
31955
15786
44705
15787
31959
15790
44709
15791
31960
31961
15794
44713
15795
31962
31963
15798
44717
15799
31964
31965
15802
44721
15803
31966
31967
15806
44725
15807
31968
31969
15810
44737
15811
31970
31971
15816
44739
44741
15817
31972
31973
31974
15824
44745
15825
31978
15828
44747
15829
31979
31980
15832
44751
15833
31981
31982
15836
44755
15837
31983
31984
15840
44759
15841
31985
31986
15844
44763
15845
31987
31988
15848
44775
15849
31989
31990
15854
44777
44779
15855
31991
31992
31993
15862
44783
15863
31997
15866
44785
15867
31998
31999
15870
44789
15871
32000
32001
15874
44793
15875
32002
32003
15878
44797
15879
32004
32005
15882
44801
15883
32006
32007
15886
44813
15887
32008
32009
15892
44815
44817
15893
32010
32011
32012
15900
44821
15901
32016
15904
44823
15905
32017
32018
15908
44827
15909
32019
32020
15912
44831
15913
32021
32022
15916
44835
15917
32023
32024
15920
44839
15921
32025
32026
15924
44851
15925
32027
32028
15930
44853
44855
15931
32029
32030
32031
15938
44859
15939
32035
15942
44861
15943
32036
32037
15946
44865
15947
32038
32039
15950
44869
15951
32040
32041
15954
44873
15955
32042
32043
15958
44877
15959
32044
32045
15962
44889
15963
32046
32047
15968
44891
44893
15969
32048
32049
32050
11451
41323
11452
29792
11455
41325
11456
29793
29794
11459
41327
11460
29795
29796
11463
41329
11464
29797
29798
11467
41333
11468
29799
29800
11471
41337
11472
29801
29802
11475
41349
11476
29803
29804
11481
41351
41353
11482
29805
29806
29807
11489
41357
11490
29565
29811
11493
41359
11494
29583
29812
29813
11497
41363
11498
29601
29814
29815
11501
41367
11502
29619
29816
29817
11505
41371
11506
29637
29818
29819
11509
41375
11510
29655
29820
29821
11513
41387
11514
29673
29822
29823
11519
41397
41389
11520
29692
29824
29825
29826
12695
42417
12696
30414
12699
42419
12700
30415
30416
12703
42423
12704
30417
30418
12707
42427
12708
30419
30420
12711
42431
12712
30421
30422
12715
42435
12716
30423
30424
12719
42447
12720
30425
30426
12725
42449
42451
12726
30427
30428
30429
12733
42455
12734
30187
30433
12737
42457
12738
30205
30434
30435
12741
42461
12742
30223
30436
30437
12745
42465
12746
30241
30438
30439
12749
42469
12750
30259
30440
30441
12753
42473
12754
30277
30442
30443
12757
42485
12758
30295
30444
30445
12763
42487
42489
12764
30314
30446
30447
30448
13659
43139
13660
30896
13663
43141
13664
30897
30898
13667
43145
13668
30899
30900
13671
43149
13672
30901
30902
13675
43153
13676
30903
30904
13679
43157
13680
30905
30906
13683
43169
13684
30907
30908
13689
43171
43173
13690
30909
30910
30911
13697
43177
13698
30669
30915
13701
43179
13702
30687
30916
30917
13705
43183
13706
30705
30918
30919
13709
43187
13710
30723
30920
30921
13713
43191
13714
30741
30922
30923
13717
43195
13718
30759
30924
30925
13721
43207
13722
30777
30926
30927
13727
43217
43209
13728
30796
30928
30929
30930
15976
44897
15977
32054
15980
44899
15981
32055
32056
15984
44903
15985
32057
32058
15988
44907
15989
32059
32060
15992
44911
15993
32061
32062
15996
44915
15997
32063
32064
16000
44927
16001
32065
32066
16006
44929
44931
16007
32067
32068
32069
16014
44935
16015
31827
32073
16018
44937
16019
31845
32074
32075
16022
44941
16023
31863
32076
32077
16026
44945
16027
31881
32078
32079
16030
44949
16031
31899
32080
32081
16034
44953
16035
31917
32082
32083
16038
44965
16039
31935
32084
32085
16044
44967
44969
16045
31954
32086
32087
32088
7139
38769
7140
27636
7195
38787
7196
27637
27664
7251
38845
7252
27665
27692
7307
38877
7308
27693
27720
7363
38903
7364
27721
27748
7419
38931
7420
27749
27776
7475
38953
7476
27777
27804
7531
38975
7532
27805
27832
16869
46269
16870
32500
16873
45767
16874
32502
16877
45769
16878
32504
16881
45771
16882
32503
32506
16885
45773
16886
32508
16889
45775
16890
32507
32510
16893
45777
16894
32512
16897
45779
16898
32511
32514
16901
45781
16902
32516
16905
45783
16906
32515
32518
16909
45785
16910
32520
16913
45787
16914
32519
32522
16917
45789
16918
32524
16921
45791
16922
32523
32526
16925
45793
16926
32499
32528
16929
45795
16930
32527
32530
16933
45797
16934
32532
16937
45799
16938
32534
16941
45801
16942
32535
32536
16945
45803
16946
32537
32538
16949
45805
16950
32539
32540
16953
45807
16954
32541
32542
16957
45809
16958
32543
32544
16961
45811
16962
32545
32546
16965
45813
16966
32547
32548
16969
45815
16970
32533
32550
16973
45817
16974
32552
16977
45819
16978
32553
32554
16981
45821
16982
32555
32556
16985
45823
16986
32557
32558
16989
45825
16990
32559
32560
16993
45827
16994
32561
32562
16997
45829
16998
32563
32564
17001
45831
17002
32565
32566
17005
45833
17006
32551
32568
17009
45835
17010
32570
17013
45837
17014
32571
32572
17017
45839
17018
32573
32574
17021
45841
17022
32575
32576
17025
45843
17026
32577
32578
17029
45845
17030
32579
32580
17033
45847
17034
32581
32582
17037
45849
17038
32583
32584
17041
45851
17042
32569
32586
17045
45853
17046
32588
17049
45857
17050
32589
32590
17053
45859
17054
32591
32592
17057
45863
17058
32593
32594
17061
45867
17062
32595
32596
17065
45871
17066
32597
32598
17069
45875
17070
32599
32600
17073
45879
17074
32601
32602
17077
45883
17078
32587
32604
17081
45887
17082
32606
17085
45891
17086
32607
32608
17089
45895
17090
32609
32610
17093
45899
17094
32611
32612
17097
45903
17098
32613
32614
17101
45907
17102
32615
32616
17105
45911
17106
32617
32618
17109
45915
17110
32619
32620
17113
45919
17114
32605
32622
17117
45923
17118
32624
17121
45927
17122
32625
32626
17125
45931
17126
32627
32628
17129
45935
17130
32629
32630
17133
45939
17134
32631
32632
17137
45943
17138
32633
32634
17141
45947
17142
32635
32636
17145
45951
17146
32637
32638
17149
45967
17150
32623
32640
17155
45969
17156
32501
32643
17159
45971
17160
32505
32644
32645
17163
45975
17164
32509
32646
32647
17167
45977
17168
32513
32648
32649
17171
45979
17172
32517
32650
32651
17175
45981
17176
32521
32652
32653
17179
45985
17180
32525
32654
32655
17183
45989
17184
32529
32656
32657
17187
45973
45993
17188
32641
32642
32659
7997
39207
7998
28065
8035
39227
8036
28066
28084
8073
39247
8074
28085
28103
8111
39267
8112
28104
28122
8149
39287
8150
28123
28141
8187
39307
8188
28142
28160
8225
39327
8226
28161
28179
8263
39347
8264
28180
28198
17195
46001
17196
32663
17199
46005
17200
32664
32665
17203
46009
17204
32666
32667
17207
46013
17208
32668
32669
17211
46017
17212
32670
32671
17215
46021
17216
32672
32673
17219
46033
17220
32674
32675
17225
46035
46037
17226
32676
32677
32678
17233
46041
17234
32682
17237
46043
17238
32683
32684
17241
46047
17242
32685
32686
17245
46051
17246
32687
32688
17249
46055
17250
32689
32690
17253
46059
17254
32691
32692
17257
46071
17258
32693
32694
17263
46073
46075
17264
32695
32696
32697
17271
46079
17272
32701
17275
46081
17276
32702
32703
17279
46085
17280
32704
32705
17283
46089
17284
32706
32707
17287
46093
17288
32708
32709
17291
46097
17292
32710
32711
17295
46109
17296
32712
32713
17301
46111
46113
17302
32714
32715
32716
17309
46117
17310
32720
17313
46119
17314
32721
32722
17317
46123
17318
32723
32724
17321
46127
17322
32725
32726
17325
46131
17326
32727
32728
17329
46135
17330
32729
32730
17333
46147
17334
32731
32732
17339
46149
46151
17340
32733
32734
32735
17347
46155
17348
32739
17351
46157
17352
32740
32741
17355
46161
17356
32742
32743
17359
46165
17360
32744
32745
17363
46169
17364
32746
32747
17367
46173
17368
32748
32749
17371
46185
17372
32750
32751
17377
46187
46189
17378
32752
32753
32754
17385
46193
17386
32758
17389
46195
17390
32759
32760
17393
46199
17394
32761
32762
17397
46203
17398
32763
32764
17401
46207
17402
32765
32766
17405
46211
17406
32767
32768
17409
46223
17410
32769
32770
17415
46225
46227
17416
32771
32772
32773
17423
46231
17424
32531
32777
17427
46233
17428
32549
32778
32779
17431
46237
17432
32567
32780
32781
17435
46241
17436
32585
32782
32783
17439
46245
17440
32603
32784
32785
17443
46249
17444
32621
32786
32787
17447
46261
17448
32639
32788
32789
17453
46263
46265
17454
32658
32790
32791
32792
8729
39581
8730
28431
8767
39601
8768
28432
28450
8805
39621
8806
28451
28469
8843
39641
8844
28470
28488
8881
39661
8882
28489
28507
8919
39681
8920
28508
28526
8957
39701
8958
28527
28545
8995
39749
8996
28546
28564
9001
39897
9002
28567
11791
41843
11792
29962
11909
41931
11910
30021
12027
41997
12028
30080
10289
40591
10290
29211
10327
40609
10328
29212
29230
10365
40627
10366
29231
29249
10403
40645
10404
29250
29268
10441
40667
10442
29269
29287
10479
40693
10480
29288
29306
10517
40729
10518
29307
29325
10555
40767
10556
29326
29344
10559
40801
10560
29346
11837
41893
11838
29985
11955
41957
11956
30044
12073
42025
12074
30103
11257
41219
11258
29695
11295
41239
11296
29696
29714
11333
41259
11334
29715
29733
11371
41279
11372
29734
29752
11409
41299
11410
29753
29771
11447
41319
11448
29772
29790
11485
41355
11486
29791
29809
11523
41391
11524
29810
29828
11527
41421
11528
29830
11869
41909
11870
30001
11987
41973
11988
30060
12105
42041
12106
28565
30119
12501
42233
12502
30317
12539
42263
12540
30318
30336
12577
42301
12578
30337
30355
12615
42339
12616
30356
30374
12653
42377
12654
30375
30393
12691
42415
12692
30394
30412
12729
42453
12730
30413
30431
12767
42491
12768
30432
30450
12771
42525
12772
30452
13031
42735
13032
30582
13067
42753
13068
30600
13103
42771
13104
29345
30618
13465
42955
13466
30799
13503
42985
13504
30800
30818
13541
43023
13542
30819
30837
13579
43061
13580
30838
30856
13617
43099
13618
30857
30875
13655
43137
13656
30876
30894
13693
43175
13694
30895
30913
13731
43211
13732
30914
30932
13735
43241
13736
30934
14295
43785
14296
31214
13995
43449
13996
31064
14331
43803
14332
31232
14031
43467
14032
31082
14067
43485
14068
29829
31100
14367
43821
14368
31250
14403
43839
14404
30451
30933
31268
15782
44701
15783
31957
15820
44743
15821
31958
31976
15858
44781
15859
31977
31995
15896
44819
15897
31996
32014
15934
44857
15935
32015
32033
15972
44895
15973
32034
32052
16010
44933
16011
32053
32071
16048
44971
16049
32072
32090
16052
45005
16053
32092
16312
45215
16313
32222
16348
45233
16349
32240
16384
45251
16385
28199
32258
17191
45997
17192
32661
17229
46039
17230
32662
32680
17267
46077
17268
32681
32699
17305
46115
17306
32700
32718
17343
46153
17344
32719
32737
17381
46191
17382
32738
32756
17419
46229
17420
32757
32775
17457
46267
17458
32776
32794
17461
46301
17462
32796
17721
46511
17722
32926
17757
46529
17758
32944
17793
46547
17794
27833
32962
18258
47103
47489
18259
33194
18262
47459
18263
33196
18266
47457
18267
33198
18270
47455
18271
33197
33200
18274
47453
18275
33202
18278
47451
18279
33201
33204
18282
47449
18283
33206
18286
47447
18287
33205
33208
18290
47445
18291
33210
18294
47443
18295
33209
33212
18298
46997
18299
33214
18302
46999
18303
33213
33216
18306
47001
18307
33218
18310
47003
18311
33217
33220
18314
47005
18315
33193
33222
18318
47007
18319
33221
33224
18322
47009
18323
33226
18326
47011
18327
33228
18330
47013
18331
33229
33230
18334
47015
18335
33231
33232
18338
47017
18339
33233
33234
18342
47019
18343
33235
33236
18346
47021
18347
33237
33238
18350
47023
18351
33239
33240
18354
47025
18355
33241
33242
18358
47027
18359
33227
33244
18362
47029
18363
33246
18366
47031
18367
33247
33248
18370
47033
18371
33249
33250
18374
47035
18375
33251
33252
18378
47037
18379
33253
33254
18382
47039
18383
33255
33256
18386
47041
18387
33257
33258
18390
47043
18391
33259
33260
18394
47045
18395
33245
33262
18398
47047
18399
33264
18402
47049
18403
33265
33266
18406
47051
18407
33267
33268
18410
47053
18411
33269
33270
18414
47055
18415
33271
33272
18418
47057
18419
33273
33274
18422
47059
18423
33275
33276
18426
47061
18427
33277
33278
18430
47063
18431
33263
33280
18434
47065
18435
33282
18438
47067
18439
33283
33284
18442
47069
18443
33285
33286
18446
47071
18447
33287
33288
18450
47073
18451
33289
33290
18454
47075
18455
33291
33292
18458
47077
18459
33293
33294
18462
47079
18463
33295
33296
18466
47081
18467
33281
33298
18470
47083
18471
33300
18474
47085
18475
33301
33302
18478
47087
18479
33303
33304
18482
47089
18483
33305
33306
18486
47091
18487
33307
33308
18490
47093
18491
33309
33310
18494
47095
18495
33311
33312
18498
47097
18499
33313
33314
18502
47099
18503
33299
33316
18506
47101
18507
33318
18510
47105
18511
33319
33320
18514
47107
18515
33321
33322
18518
47111
18519
33323
33324
18522
47113
18523
33325
33326
18526
47117
18527
33327
33328
18530
47121
18531
33329
33330
18534
47125
18535
33331
33332
18538
47145
18539
33317
33334
18544
47147
18545
33195
33337
18548
47149
18549
33199
33338
33339
18552
47151
18553
33203
33340
33341
18556
47153
18557
33207
33342
33343
18560
47157
18561
33211
33344
33345
18564
47159
18565
33215
33346
33347
18568
47161
18569
33219
33348
33349
18572
47163
18573
33223
33350
33351
18576
47155
47167
18577
33335
33336
33353
18580
47171
18581
33355
18584
47175
18585
33357
18588
47179
18589
33358
33359
18592
47183
18593
33360
33361
18596
47187
18597
33362
33363
18600
47191
18601
33364
33365
18604
47195
18605
33366
33367
18608
47207
18609
33368
33369
18614
47209
47211
18615
33370
33371
33372
18618
47213
18619
33356
33374
18622
47215
18623
33376
18626
47217
18627
33377
33378
18630
47221
18631
33379
33380
18634
47225
18635
33381
33382
18638
47229
18639
33383
33384
18642
47233
18643
33385
33386
18646
47245
18647
33387
33388
18652
47247
47249
18653
33389
33390
33391
18656
47251
18657
33375
33393
18660
47253
18661
33395
18664
47255
18665
33396
33397
18668
47259
18669
33398
33399
18672
47263
18673
33400
33401
18676
47267
18677
33402
33403
18680
47271
18681
33404
33405
18684
47283
18685
33406
33407
18690
47285
47287
18691
33408
33409
33410
18694
47289
18695
33394
33412
18698
47291
18699
33414
18702
47293
18703
33415
33416
18706
47297
18707
33417
33418
18710
47301
18711
33419
33420
18714
47305
18715
33421
33422
18718
47309
18719
33423
33424
18722
47321
18723
33425
33426
18728
47323
47325
18729
33427
33428
33429
18732
47327
18733
33413
33431
18736
47329
18737
33433
18740
47331
18741
33434
33435
18744
47335
18745
33436
33437
18748
47339
18749
33438
33439
18752
47343
18753
33440
33441
18756
47347
18757
33442
33443
18760
47359
18761
33444
33445
18766
47361
47363
18767
33446
33447
33448
18770
47365
18771
33432
33450
18774
47367
18775
33452
18778
47369
18779
33453
33454
18782
47373
18783
33455
33456
18786
47377
18787
33457
33458
18790
47381
18791
33459
33460
18794
47385
18795
33461
33462
18798
47397
18799
33463
33464
18804
47399
47401
18805
33465
33466
33467
18808
47403
18809
33451
33469
18812
47405
18813
33225
33471
18816
47407
18817
33243
33472
33473
18820
47411
18821
33261
33474
33475
18824
47415
18825
33279
33476
33477
18828
47419
18829
33297
33478
33479
18832
47423
18833
33315
33480
33481
18836
47435
18837
33333
33482
33483
18842
47437
47439
18843
33352
33484
33485
33486
18846
47441
18847
33470
33488
18850
47491
18851
33490
9007
39895
9008
28570
9013
39755
9014
28571
28573
9019
39757
9020
28574
28576
9025
39759
9026
28577
28579
9031
39761
9032
28580
28582
9037
39763
9038
28583
28585
9043
39765
9044
28586
28588
9049
39767
9050
28589
28591
9053
39769
9054
28593
9057
39771
9058
28594
28595
9061
39773
9062
28596
28597
9065
39775
9066
28598
28599
9069
39777
9070
28600
28601
9073
39779
9074
28602
28603
9077
39781
9078
28604
28605
9081
39783
9082
28606
28607
9085
39785
9086
28609
9089
39787
9090
28610
28611
9093
39789
9094
28612
28613
9097
39791
9098
28614
28615
9101
39793
9102
28616
28617
9105
39795
9106
28618
28619
9109
39797
9110
28620
28621
9113
39893
9114
28622
28623
9119
39971
9120
28568
28626
11797
41857
11798
29963
29965
11915
41933
11916
30022
30024
12033
42001
12034
30081
30083
10563
40799
10564
29348
10567
40773
10568
29349
29350
10571
40777
10572
29351
29352
10575
40781
10576
29353
29354
10579
40785
10580
29355
29356
10583
40789
10584
29357
29358
10587
40793
10588
29359
29360
10591
40797
10592
29361
29362
10595
40835
10596
29347
29364
11841
41895
11842
29986
29987
11959
41959
11960
30045
30046
12077
42027
12078
30104
30105
11531
41419
11532
29832
11535
41399
11536
29833
29834
11539
41401
11540
29835
29836
11543
41403
11544
29837
29838
11547
41405
11548
29839
29840
11551
41409
11552
29841
29842
11555
41413
11556
29843
29844
11559
41417
11560
29845
29846
11563
41455
11564
29831
29848
11873
41911
11874
30002
30003
11991
41975
11992
30061
30062
12109
42043
12110
28624
30120
30121
12775
42523
12776
30454
12779
42497
12780
30455
30456
12783
42501
12784
30457
30458
12787
42505
12788
30459
30460
12791
42509
12792
30461
30462
12795
42513
12796
30463
30464
12799
42517
12800
30465
30466
12803
42521
12804
30467
30468
12807
42559
12808
30453
30470
13035
42737
13036
30583
30584
13071
42755
13072
30601
30602
13107
42773
13108
29363
30619
30620
13739
43239
13740
30936
13743
43219
13744
30937
30938
13747
43221
13748
30939
30940
13751
43223
13752
30941
30942
13755
43225
13756
30943
30944
13759
43229
13760
30945
30946
13763
43233
13764
30947
30948
13767
43237
13768
30949
30950
13771
43275
13772
30935
30952
14299
43787
14300
31215
31216
13999
43451
14000
31065
31066
14335
43805
14336
31233
31234
14035
43469
14036
31083
31084
14071
43487
14072
29847
31101
31102
14371
43823
14372
31251
31252
14407
43841
14408
30469
30951
31269
31270
19110
47701
19111
33620
19146
47719
19147
33638
19182
47737
19183
32091
33656
19575
48331
48647
19576
33852
19579
48617
19580
33854
19583
48615
19584
33856
19587
48613
19588
33855
33858
19591
48611
19592
33860
19595
48609
19596
33859
33862
19599
48607
19600
33864
19603
48605
19604
33863
33866
19607
48603
19608
33868
19611
48601
19612
33867
33870
19615
48189
19616
33872
19619
48191
19620
33871
33874
19623
48193
19624
33876
19627
48195
19628
33875
33878
19631
48197
19632
33851
33880
19635
48199
19636
33879
33882
19639
48201
19640
33884
51194
51196
51198
51200
51202
51204
51206
51208
51210
51212
51214
51216
51218
51220
51222
51224
51226
51228
51230
51232
19643
48203
19644
33886
51234
51236
51238
51240
51242
51244
51246
51248
51250
51252
19647
48205
19648
33887
33888
19651
48207
19652
33889
33890
19655
48209
19656
33891
33892
19659
48211
19660
33893
33894
19663
48213
19664
33895
33896
19667
48215
19668
33897
33898
19671
48217
19672
33899
33900
19675
48219
19676
33885
33902
19679
48221
19680
33904
19683
48223
19684
33905
33906
19687
48225
19688
33907
33908
19691
48227
19692
33909
33910
19695
48229
19696
33911
33912
19699
48231
19700
33913
33914
19703
48233
19704
33915
33916
19707
48235
19708
33917
33918
19711
48237
19712
33903
33920
19715
48239
19716
33922
19719
48241
19720
33923
33924
19723
48243
19724
33925
33926
19727
48245
19728
33927
33928
19731
48247
19732
33929
33930
19735
48249
19736
33931
33932
19739
48251
19740
33933
33934
19743
48253
19744
33935
33936
19747
48255
19748
33921
33938
19751
48257
19752
33940
19755
48259
19756
33941
33942
19759
48261
19760
33943
33944
19763
48263
19764
33945
33946
19767
48265
19768
33947
33948
19771
48267
19772
33949
33950
19775
48269
19776
33951
33952
19779
48271
51219
19780
33953
33954
19783
48273
19784
33939
33956
19787
48275
19788
33958
19791
48277
19792
33959
33960
19795
48279
19796
33961
33962
19799
48281
19800
33963
33964
19803
48283
19804
33965
33966
19807
48285
19808
33967
33968
19811
48287
19812
33969
33970
19815
48289
51217
19816
33971
33972
19819
48291
19820
33957
33974
19823
48293
19824
33976
51254
51256
51258
51260
51262
51264
51266
51268
51270
51272
51274
51276
51278
51280
51282
51284
51286
51288
51290
51292
51294
51296
19827
48295
19828
33977
33978
19831
48297
19832
33979
33980
19835
48299
19836
33981
33982
19839
48301
19840
33983
33984
19843
48303
19844
33985
33986
19847
48305
19848
33987
33988
19851
48307
51215
19852
33989
33990
19855
48309
19856
33975
33992
19861
48311
19862
33853
33995
19865
48313
19866
33857
33996
33997
19869
48315
19870
33861
33998
33999
19873
48317
19874
33865
34000
34001
19877
48319
19878
33869
34002
34003
19881
48323
19882
33873
34004
34005
19885
48325
19886
33877
34006
34007
19889
48327
51213
19890
33881
34008
34009
19893
48321
48329
19894
33993
33994
34011
19897
48333
19898
34013
19901
48335
19902
34015
19905
48339
19906
34016
34017
19909
48343
19910
34018
34019
19913
48347
19914
34020
34021
19917
48351
19918
34022
34023
19921
48355
19922
34024
34025
19925
48373
19926
34026
34027
19931
48383
48375
19932
34028
34029
34030
19935
48377
19936
34014
34032
19939
48379
19940
34034
19943
48381
19944
34035
34036
19947
48385
19948
34037
34038
19951
48387
19952
34039
34040
19955
48389
19956
34041
34042
19959
48391
19960
34043
34044
19963
48403
19964
34045
34046
19969
48405
48407
19970
34047
34048
34049
19973
48409
19974
34033
34051
19977
48411
19978
34053
19981
48413
19982
34054
34055
19985
48417
19986
34056
34057
19989
48421
19990
34058
34059
19993
48425
19994
34060
34061
19997
48429
19998
34062
34063
20001
48441
20002
34064
34065
20007
48443
48445
20008
34066
34067
34068
20011
48447
20012
34052
34070
20015
48449
20016
34072
20019
48451
20020
34073
34074
20023
48455
20024
34075
34076
20027
48459
20028
34077
34078
20031
48463
20032
34079
34080
20035
48467
20036
34081
34082
20039
48479
20040
34083
34084
20045
48481
48483
20046
34085
34086
34087
20049
48485
20050
34071
34089
20053
48487
20054
34091
20057
48489
20058
34092
34093
20061
48493
20062
34094
34095
20065
48497
20066
34096
34097
20069
48501
20070
34098
34099
20073
48505
20074
34100
34101
20077
48517
20078
34102
34103
20083
48519
48521
20084
34104
34105
34106
20087
48523
20088
34090
34108
20091
48525
20092
34110
20095
48527
20096
34111
34112
20099
48531
20100
34113
34114
20103
48535
20104
34115
34116
20107
48539
20108
34117
34118
20111
48543
20112
34119
34120
20115
48555
20116
34121
34122
20121
48557
48559
20122
34123
34124
34125
20125
48561
20126
34109
34127
20129
48563
20130
33883
34129
20133
48565
20134
33901
34130
34131
20137
48569
20138
33919
34132
34133
20141
48573
20142
33937
34134
34135
20145
48577
20146
33955
34136
34137
20149
48581
20150
33973
34138
34139
20153
48593
20154
33991
34140
34141
20159
48595
48597
20160
34010
34142
34143
34144
20163
48599
20164
34128
34146
20167
48649
20168
34148
16056
45003
16057
32094
16060
44977
16061
32095
32096
16064
44981
16065
32097
32098
16068
44985
16069
32099
32100
16072
44989
16073
32101
32102
16076
44993
16077
32103
32104
16080
44997
16081
32105
32106
16084
45001
16085
32107
32108
16088
45039
16089
32093
32110
16316
45217
16317
32223
32224
16352
45235
16353
32241
32242
16388
45253
16389
28608
32259
32260
17465
46299
17466
32798
17469
46273
17470
32799
32800
17473
46277
17474
32801
32802
17477
46281
17478
32803
32804
17481
46285
17482
32805
32806
17485
46289
17486
32807
32808
17489
46293
17490
32809
32810
17493
46297
17494
32811
32812
17497
46335
17498
32797
32814
17725
46513
17726
32927
32928
17761
46531
17762
32945
32946
17797
46549
17798
28592
32963
32964
18854
47461
18855
33492
18858
47463
18859
33493
33494
18862
47467
18863
33495
33496
18866
47471
18867
33497
33498
18870
47475
18871
33499
33500
18874
47479
18875
33501
33502
18878
47483
18879
33503
33504
18882
47487
18883
33505
33506
18886
47525
18887
33491
33508
19114
47703
19115
33621
33622
19150
47721
19151
33639
33640
19186
47765
19187
32109
33657
33658
20171
48619
20172
34150
20175
48621
20176
34151
34152
20179
48625
20180
34153
34154
20183
48629
20184
34155
34156
20187
48633
20188
34157
34158
20191
48637
20192
34159
34160
20195
48641
20196
34161
34162
20199
48645
20200
34163
34164
20203
48683
20204
34149
34166
9125
39969
9126
28629
9131
39899
9132
28630
28632
9137
39901
9138
28633
28635
9143
39903
9144
28636
28638
9149
39905
9150
28639
28641
9155
39907
9156
28642
28644
9161
39909
9162
28645
28647
9167
39911
9168
28648
28650
9171
39913
9172
28652
9175
39915
9176
28653
28654
9179
39917
9180
28655
28656
9183
39919
9184
28657
28658
9187
39921
9188
28659
28660
9191
39923
9192
28661
28662
9195
39925
9196
28663
28664
9199
39927
9200
28665
28666
9203
39929
9204
28668
9207
39931
9208
28669
28670
9211
39933
9212
28671
28672
9215
39935
9216
28673
28674
9219
39937
9220
28675
28676
9223
39939
9224
28677
28678
9227
51297
39941
9228
28679
28680
9231
51295
39967
9232
28681
28682
9237
40043
9238
28627
28685
11803
41873
11804
29966
29968
11921
41937
11922
30025
30027
12039
42005
12040
30084
30086
20427
48859
20428
34278
20431
48861
20432
34279
34280
20463
48877
20464
34296
20467
48879
20468
34297
34298
20499
48895
20500
32795
34314
20503
48897
20504
32813
34315
34316
20860
49855
49675
51211
20861
27033
34494
20864
49657
20865
34496
20868
49655
51209
20869
27063
34498
20872
49653
20873
34497
34500
20876
49651
51207
20877
27093
34502
20880
49649
20881
34501
34504
20884
49647
51205
20885
27123
34506
20888
49645
20889
34505
34508
20892
49643
51203
20893
27153
34510
20896
49641
20897
34509
34512
20900
49373
51201
20901
27183
34514
20904
49375
20905
34513
34516
20908
49377
51199
20909
27213
34518
20912
49379
20913
34517
34520
20916
49381
51197
20917
27243
34493
34522
20920
49383
51195
20921
27270
34521
34524
20924
49385
20925
34526
20928
49387
20929
34528
51298
51300
51302
51304
51306
51308
51310
51312
51314
51316
51318
51320
51322
51324
51326
51328
51330
51332
51334
51336
51338
51340
51342
51344
20932
49389
20933
34529
34530
20936
49391
20937
34531
34532
20940
49393
20941
34533
34534
20944
49395
20945
34535
34536
20948
49397
20949
34537
34538
20952
49399
20953
34539
34540
20956
49401
51263
20957
27321
34541
34542
20960
49403
20961
34527
34544
20964
49405
20965
34546
20968
49407
20969
34547
34548
20972
49409
20973
34549
34550
20976
49411
20977
34551
34552
20980
49413
20981
34553
34554
20984
49415
20985
34555
34556
20988
49417
20989
34557
34558
20992
49419
51261
20993
27372
34559
34560
20996
49421
20997
34545
34562
21000
49423
21001
34564
21004
49425
21005
34565
34566
21008
49427
21009
34567
34568
21012
49429
21013
34569
34570
21016
49431
21017
34571
34572
21020
49433
21021
34573
34574
21024
49435
21025
34575
34576
21028
49437
51259
21029
27423
34577
34578
21032
49439
21033
34563
34580
21036
49441
21037
34582
21040
49443
21041
34583
34584
21044
49445
21045
34585
34586
21048
49447
21049
34587
34588
21052
49449
21053
34589
34590
21056
49451
21057
34591
34592
21060
49453
21061
34593
34594
21064
49455
51257
21065
27474
34595
34596
21068
49457
21069
34581
34598
21072
49459
21073
34600
21076
49461
21077
34601
34602
21080
49463
21081
34603
34604
21084
49465
21085
34605
34606
21088
49467
21089
34607
34608
21092
49469
21093
34609
34610
21096
49471
21097
34611
34612
21100
49473
51255
21101
27525
34613
34614
21104
49475
21105
34599
34616
21108
49477
21109
34618
21112
49479
21113
34619
34620
21116
49481
21117
34621
34622
21120
49483
21121
34623
34624
21124
49485
21125
34625
34626
21128
49487
21129
34627
34628
21132
49489
21133
34629
34630
21136
49491
51301
21137
27576
34631
34632
21140
49493
21141
34617
34634
21146
49495
21147
34495
34637
21150
49497
21151
34499
34638
34639
21154
49499
21155
34503
34640
34641
21158
49501
21159
34507
34642
34643
21162
49503
21163
34511
34644
34645
21166
49505
21167
34515
34646
34647
21170
49507
21171
34519
34648
34649
21174
49509
51299
21175
27628
34523
34650
34651
21178
49853
49511
21179
34635
34636
34653
21182
49513
21183
34655
21186
49515
21187
34657
21190
49517
21191
34658
34659
21194
49519
21195
34660
34661
21198
49521
21199
34662
34663
21202
49523
21203
34664
34665
21206
49525
21207
34666
34667
21210
49527
21211
34668
34669
21216
49851
49529
21217
34670
34671
34672
21220
49531
21221
34656
34674
21224
49533
21225
34676
21228
49535
21229
34677
34678
21232
49537
21233
34679
34680
21236
49539
21237
34681
34682
21240
49541
21241
34683
34684
21244
49543
21245
34685
34686
21248
49545
21249
34687
34688
21254
49849
49547
21255
34689
34690
34691
21258
49549
21259
34675
34693
21262
49551
21263
34695
21266
49553
21267
34696
34697
21270
49555
21271
34698
34699
21274
49557
21275
34700
34701
21278
49559
21279
34702
34703
21282
49561
21283
34704
34705
21286
49563
21287
34706
34707
21292
49847
49565
21293
34708
34709
34710
21296
49567
21297
34694
34712
21300
49569
21301
34714
21304
49571
21305
34715
34716
21308
49573
21309
34717
34718
21312
49575
21313
34719
34720
21316
49577
21317
34721
34722
21320
49579
21321
34723
34724
21324
49581
21325
34725
34726
21330
49845
49583
21331
34727
34728
34729
21334
49585
21335
34713
34731
21338
49587
21339
34733
21342
49589
21343
34734
34735
21346
49591
21347
34736
34737
21350
49593
21351
34738
34739
21354
49595
21355
34740
34741
21358
49597
21359
34742
34743
21362
49599
21363
34744
34745
21368
49843
49601
21369
34746
34747
34748
21372
49603
21373
34732
34750
21376
49605
21377
34752
21380
49607
21381
34753
34754
21384
49609
21385
34755
34756
21388
49611
21389
34757
34758
21392
49613
21393
34759
34760
21396
49615
21397
34761
34762
21400
49617
21401
34763
34764
21406
49841
49619
21407
34765
34766
34767
21410
49621
21411
34751
34769
21414
49623
21415
34525
34771
21418
49625
21419
34543
34772
34773
21422
49627
21423
34561
34774
34775
21426
49629
21427
34579
34776
34777
21430
49631
21431
34597
34778
34779
21434
49633
21435
34615
34780
34781
21438
49635
21439
34633
34782
34783
21444
49839
49637
21445
34652
34784
34785
34786
21448
49639
21449
34770
34788
21452
49677
21453
34790
21456
49659
21457
34792
21460
49661
21461
34793
34794
21464
49663
21465
34795
34796
21468
49665
21469
34797
34798
21472
49667
21473
34799
34800
21476
49669
21477
34801
34802
21480
49671
21481
34803
34804
21484
49673
21485
34805
34806
21488
49695
21489
34791
34808
10599
51293
40833
10600
29366
10603
51291
40807
10604
29367
29368
10607
51289
40811
10608
29369
29370
10611
51287
40815
10612
29371
29372
10615
51285
40819
10616
29373
29374
10619
51283
40823
10620
29375
29376
10623
51281
40827
10624
29377
29378
10627
51279
40831
10628
29379
29380
10631
40869
10632
29365
29382
11845
41897
11846
29988
29989
11963
41961
11964
30047
30048
12081
42029
12082
30106
30107
11567
51277
41453
11568
29850
11571
51275
41427
11572
29851
29852
11575
51273
41431
11576
29853
29854
11579
51271
41435
11580
29855
29856
11583
51269
41439
11584
29857
29858
11587
51267
41443
11588
29859
29860
11591
51265
41447
11592
29861
29862
11595
51253
41451
11596
29863
29864
11599
41489
11600
29849
29866
11877
41913
11878
30004
30005
11995
41977
11996
30063
30064
12113
42045
12114
28683
30122
30123
12811
51251
42557
12812
30472
12815
51249
42531
12816
30473
30474
12819
51247
42535
12820
30475
30476
12823
51245
42539
12824
30477
30478
12827
51243
42543
12828
30479
30480
12831
51241
42547
12832
30481
30482
12835
51239
42551
12836
30483
30484
12839
51237
42555
12840
30485
30486
12843
42593
12844
30471
30488
13039
42739
13040
30585
30586
13075
42757
13076
30603
30604
13111
42775
13112
29381
30621
30622
13775
51235
43273
13776
30954
13779
51233
43247
13780
30955
30956
13783
51231
43251
13784
30957
30958
13787
51229
43255
13788
30959
30960
13791
51227
43259
13792
30961
30962
13795
51225
43263
13796
30963
30964
13799
51223
43267
13800
30965
30966
13803
51221
43271
13804
30967
30968
13807
43309
13808
30953
30970
14303
43789
14304
31217
31218
14003
43453
14004
31067
31068
14339
43807
14340
31235
31236
14039
43471
14040
31085
31086
14075
43489
14076
29865
31103
31104
14375
43825
14376
31253
31254
14411
43843
14412
30487
30969
31271
31272
16092
45037
16093
32112
51346
51348
51350
51352
51354
51356
16096
45011
16097
32113
32114
16100
45015
16101
32115
32116
16104
45019
16105
32117
32118
16108
45023
16109
32119
32120
16112
45027
16113
32121
32122
16116
45031
16117
32123
32124
16120
45035
16121
32125
32126
16124
45073
16125
32111
32128
16320
45219
16321
32225
32226
16356
45237
16357
32243
32244
16392
45255
16393
28667
32261
32262
17501
46333
17502
32816
17505
46307
17506
32817
32818
17509
46311
17510
32819
32820
17513
46315
17514
32821
32822
17517
46319
17518
32823
32824
17521
46323
17522
32825
32826
17525
46327
17526
32827
32828
17529
46331
17530
32829
32830
17533
46369
17534
32815
32832
17729
46515
17730
32929
32930
17765
46533
17766
32947
32948
17801
46647
17802
28651
32965
32966
21712
49791
21713
34920
21716
49793
21717
34921
34922
21748
49809
21749
34938
51358
51360
51362
51364
51366
51368
21752
49811
21753
34939
34940
21784
49827
21785
33489
34956
51370
51372
51374
51376
51378
51380
51382
51384
51386
51388
51390
51392
51394
21788
49829
21789
33507
34957
34958
22141
50155
22142
35134
51396
51398
22145
50157
22146
35135
35136
22177
50173
22178
35152
51400
51402
51404
51406
51408
51410
51412
51414
51416
51418
22181
50175
22182
35153
35154
22213
50191
22214
35170
51420
51422
51424
51426
22217
50193
22218
35171
35172
22249
50209
22250
34147
34789
35188
51428
51430
51432
51434
51436
51438
51440
51442
51444
51446
22253
50211
22254
34165
34807
35189
35190
18890
47523
18891
33510
51448
51450
18894
47497
18895
33511
33512
18898
47501
18899
33513
33514
18902
47505
18903
33515
33516
18906
47509
18907
33517
33518
18910
47513
18911
33519
33520
18914
47517
18915
33521
33522
18918
47521
18919
33523
33524
18922
47559
18923
33509
33526
19118
47705
19119
33623
33624
19154
47723
19155
33641
33642
19190
47785
19191
32127
33659
33660
20207
48681
20208
34168
20211
48655
20212
34169
34170
20215
48659
20216
34171
34172
20219
48663
20220
34173
34174
20223
48667
20224
34175
34176
20227
48671
20228
34177
34178
20231
48675
20232
34179
34180
20235
48679
20236
34181
34182
20239
48717
20240
34167
34184
20435
48863
20436
34281
34282
20471
48881
20472
34299
34300
20507
48925
20508
32831
34317
34318
21492
49693
21493
34810
21496
49679
21497
34811
34812
21500
49681
21501
34813
34814
21504
49683
21505
34815
34816
21508
49685
21509
34817
34818
21512
49687
21513
34819
34820
21516
49689
21517
34821
34822
21520
49691
21521
34823
34824
21524
49713
21525
34809
34826
22149
50159
22150
35137
35138
21720
49795
21721
34923
34924
22185
50177
22186
35155
35156
21756
49813
21757
34941
34942
21792
49831
21793
33525
34959
34960
22221
50195
22222
35173
35174
22257
50213
22258
34183
34825
35191
35192
9243
51445
40041
9244
28688
9249
51443
39973
9250
28689
28691
9255
51345
39975
9256
28692
28694
9261
51343
39977
9262
28695
28697
9267
51341
39979
9268
28698
28700
9273
51339
39981
9274
28701
28703
9279
51337
39983
9280
28704
28706
9285
51335
39985
9286
28707
28709
9289
51333
39987
9290
28711
9293
51331
39989
9294
28712
28713
9297
51329
39991
9298
28714
28715
9301
51327
39993
9302
28716
28717
9305
51325
39995
9306
28718
28719
9309
51323
39997
9310
28720
28721
9313
51321
39999
9314
28722
28723
9317
51319
40001
9318
28724
28725
9321
51317
40003
9322
28727
9325
51315
40005
9326
28728
28729
9329
51313
40007
9330
28730
28731
9333
51311
40009
9334
28732
28733
9337
51309
40011
9338
28734
28735
9341
51307
40013
9342
28736
28737
9345
51305
40015
9346
28738
28739
9349
51303
40039
9350
28740
28741
9355
40153
9356
28686
28744
11809
41877
11810
29969
29971
11927
41941
11928
30028
30030
12045
42009
12046
30087
30089
10635
51441
40867
10636
29384
10639
51439
40841
10640
29385
29386
10643
51437
40845
10644
29387
29388
10647
51435
40849
10648
29389
29390
10651
51433
40853
10652
29391
29392
10655
51431
40857
10656
29393
29394
10659
51429
40861
10660
29395
29396
10663
51427
40865
10664
29397
29398
10667
40903
10668
29383
29400
11849
41899
11850
29990
29991
11967
41963
11968
30049
30050
12085
42031
12086
30108
30109
11603
51425
41487
11604
29868
11607
51423
41461
11608
29869
29870
11611
51421
41465
11612
29871
29872
11615
51419
41469
11616
29873
29874
11619
51452
51417
41473
11620
29875
29876
11623
51454
51415
41477
11624
29877
29878
11627
51456
51413
41481
11628
29879
29880
11631
51411
41485
11632
29881
29882
11635
41523
11636
29867
29884
11881
41915
11882
30006
30007
11999
41979
12000
30065
30066
12117
42047
12118
28742
30124
30125
12847
51409
42591
12848
30490
51458
51460
51462
51464
51466
12851
51407
42565
12852
30491
30492
12855
51405
42569
12856
30493
30494
12859
51403
42573
12860
30495
30496
12863
51468
51401
42577
12864
30497
30498
12867
51470
51399
42581
12868
30499
30500
12871
51472
51397
42585
12872
30501
30502
12875
51395
42589
12876
30503
30504
12879
42627
12880
30489
30506
13043
42741
13044
30587
30588
13079
42759
13080
30605
30606
13115
42777
13116
29399
30623
30624
13811
51393
43307
13812
30972
51474
51476
51478
51480
13815
51391
43281
13816
30973
30974
13819
51389
43285
13820
30975
30976
13823
51482
51357
43289
13824
30977
30978
13827
51484
51355
43293
13828
30979
30980
13831
51486
51353
43297
13832
30981
30982
13835
51488
51351
43301
13836
30983
30984
13839
51349
43305
13840
30985
30986
13843
43343
13844
30971
30988
14307
43791
14308
31219
31220
14007
43455
14008
31069
31070
14343
43809
14344
31237
31238
14043
43473
14044
31087
31088
14079
43491
14080
29883
31105
31106
14379
43827
14380
31255
31256
14415
43845
14416
30505
30987
31273
31274
16128
51347
45071
16129
32130
51490
51492
16132
51387
45045
16133
32131
32132
16136
51385
45049
16137
32133
32134
16140
51494
51383
45053
16141
32135
32136
16144
51496
51381
45057
16145
32137
32138
16148
51498
51379
45061
16149
32139
32140
16152
51500
51377
45065
16153
32141
32142
16156
51375
45069
16157
32143
32144
16160
45107
16161
32129
32146
16324
45221
16325
32227
32228
16360
45239
16361
32245
32246
16396
45365
16397
28726
32263
32264
17537
51373
46367
17538
32834
51502
51504
51506
51508
17541
51371
46341
17542
32835
32836
17545
51369
46345
17546
32837
32838
17549
51510
51367
46349
17550
32839
32840
17553
51512
51365
46353
17554
32841
32842
17557
51514
51363
46357
17558
32843
32844
17561
51516
51361
46361
17562
32845
32846
17565
51359
46365
17566
32847
32848
17569
46403
17570
32833
32850
17733
46517
17734
32931
32932
17769
46535
51518
51520
51451
17770
32949
32950
17805
46651
51522
51524
51526
51528
51530
51532
51534
51536
51538
51540
51542
51544
51546
51548
51550
51552
51554
51556
51558
51560
51562
51564
51566
51568
51570
51572
51574
51576
51578
51580
51582
51584
51586
51588
51590
51592
51594
51596
51447
17806
28710
32967
32968
18926
51449
47557
18927
33528
51598
51600
18930
47531
18931
33529
33530
18934
47535
18935
33531
33532
18938
47539
18939
33533
33534
18942
47543
18943
33535
33536
18946
47547
18947
33537
33538
18950
47551
18951
33539
33540
18954
47555
18955
33541
33542
18958
47593
18959
33527
33544
19122
47707
19123
33625
33626
19158
47725
19159
33643
33644
19194
47879
19195
32145
33661
33662
20243
48715
20244
34186
20247
48689
20248
34187
34188
20251
48693
20252
34189
34190
20255
48697
20256
34191
34192
20259
48701
20260
34193
34194
20263
48705
20264
34195
34196
20267
48709
20268
34197
34198
20271
48713
20272
34199
34200
20275
48751
20276
34185
34202
20439
48865
20440
34283
34284
20475
48883
20476
34301
34302
20511
48961
20512
32849
34319
34320
21528
49711
21529
34828
21532
49697
21533
34829
34830
21536
49699
21537
34831
34832
21540
49701
21541
34833
34834
21544
49703
21545
34835
34836
21548
49705
21549
34837
34838
21552
49707
21553
34839
34840
21556
49709
21557
34841
34842
21560
49731
21561
34827
34844
22153
50161
22154
35139
35140
21724
49797
21725
34925
34926
22189
50179
22190
35157
35158
21760
49815
21761
34943
34944
21796
49833
21797
33543
34961
34962
22225
50197
22226
35175
35176
22261
50215
22262
34201
34843
35193
35194
9361
51595
40151
9362
28747
9367
51593
40045
9368
28748
28750
9373
51591
40047
9374
28751
28753
9379
51589
40049
9380
28754
28756
9385
51587
40051
9386
28757
28759
9391
51585
40053
9392
28760
28762
9397
51583
40055
9398
28763
28765
9403
51581
40057
9404
28766
28768
9407
51579
40059
9408
28770
9411
51577
40061
9412
28771
28772
9415
51575
40063
9416
28773
28774
9419
51573
40065
9420
28775
28776
9423
51571
40067
9424
28777
28778
9427
51569
40069
9428
28779
28780
9431
51567
40071
9432
28781
28782
9435
51565
40073
9436
28783
28784
9439
51563
40075
9440
28786
9443
51561
40077
9444
28787
28788
9447
51559
40079
9448
28789
28790
9451
51557
40081
9452
28791
28792
9455
51555
40083
9456
28793
28794
9459
51553
40085
9460
28795
28796
9463
51551
40087
9464
28797
28798
9467
51549
40149
9468
28799
28800
9473
40237
9474
28745
28803
11815
41881
11816
29972
29974
11933
41945
11934
30031
30033
12051
42013
12052
30090
30092
10671
51547
40901
10672
29402
10675
51545
40875
10676
29403
29404
10679
51543
40879
10680
29405
29406
10683
51541
40883
10684
29407
29408
10687
51539
40887
10688
29409
29410
10691
51537
40891
10692
29411
29412
10695
51535
40895
10696
29413
29414
10699
51533
40899
10700
29415
29416
10703
40937
10704
29401
29418
11853
41901
11854
29992
29993
11971
41965
11972
30051
30052
12089
42033
12090
30110
30111
11639
51531
41521
11640
29886
11643
51467
41495
11644
29887
29888
11647
51465
41499
11648
29889
29890
11651
51453
41503
11652
29891
29892
11655
51602
51455
41507
11656
29893
29894
11659
51604
51457
41511
11660
29895
29896
11663
51606
51463
41515
11664
29897
29898
11667
51461
41519
11668
29899
29900
11671
41557
11672
29885
29902
11885
41917
11886
30008
30009
12003
41981
12004
30067
30068
12121
42049
12122
28801
30126
30127
12883
51459
42625
12884
30508
51608
51610
51612
51614
12887
51529
42599
12888
30509
30510
12891
51481
42603
12892
30511
30512
12895
51616
51469
42607
12896
30513
30514
12899
51618
51471
42611
12900
30515
30516
12903
51620
51473
42615
12904
30517
30518
12907
51622
51479
42619
12908
30519
30520
12911
51477
42623
12912
30521
30522
12915
42661
12916
30507
30524
13047
42743
13048
30589
30590
13083
42761
13084
30607
30608
13119
42779
13120
29417
30625
30626
13847
51475
43341
13848
30990
51624
51626
51628
13851
51527
43315
13852
30991
30992
13855
51630
51483
43319
13856
30993
30994
13859
51632
51485
43323
13860
30995
30996
13863
51634
51487
43327
13864
30997
30998
13867
51636
51489
43331
13868
30999
31000
13871
51638
51525
43335
13872
31001
31002
13875
51493
43339
13876
31003
31004
13879
43377
13880
30989
31006
14311
43793
14312
31221
31222
14011
43457
14012
31071
31072
14347
43811
14348
31239
31240
14047
43475
14048
31089
31090
14083
43493
14084
29901
31107
31108
14383
43829
14384
31257
31258
14419
43847
14420
30523
31005
31275
31276
16164
51491
45105
16165
32148
51640
51642
16168
51509
45079
16169
32149
32150
16172
51495
45083
16173
32151
32152
16176
51644
51497
45087
16177
32153
32154
16180
51646
51499
45091
16181
32155
32156
16184
51648
51501
45095
16185
32157
32158
16188
51650
51507
45099
16189
32159
32160
16192
51505
45103
16193
32161
32162
16196
45141
16197
32147
32164
16328
45223
16329
32229
32230
16364
45241
16365
32247
32248
16400
45369
16401
28785
32265
32266
17573
51503
46401
17574
32852
51652
51654
51656
51658
17577
51523
46375
17578
32853
32854
17581
51511
46379
17582
32855
32856
17585
51660
51513
46383
17586
32857
32858
17589
51662
51515
46387
17590
32859
32860
17593
51664
51517
46391
17594
32861
32862
17597
51666
51521
46395
17598
32863
32864
17601
51519
46399
17602
32865
32866
17605
46437
17606
32851
32868
17737
46519
17738
32933
32934
17773
46537
51668
51670
51672
51674
51676
51678
51680
51682
51597
17774
32951
32952
17809
46655
51684
51686
51688
51690
51692
51694
51696
51698
51700
51702
51704
51706
51708
51710
51712
51714
51716
51718
51720
51722
51724
51726
51728
51730
51732
51734
51736
51738
51740
51742
51744
51746
51601
17810
28769
32969
32970
18962
51599
47591
18963
33546
51748
51750
18966
47565
18967
33547
33548
18970
47569
18971
33549
33550
18974
47573
18975
33551
33552
18978
47577
18979
33553
33554
18982
47581
18983
33555
33556
18986
47585
18987
33557
33558
18990
47589
18991
33559
33560
18994
47627
18995
33545
33562
19126
47709
19127
33627
33628
19162
47727
19163
33645
33646
19198
47883
19199
32163
33663
33664
20279
48749
20280
34204
20283
48723
20284
34205
34206
20287
48727
20288
34207
34208
20291
48731
20292
34209
34210
20295
48735
20296
34211
34212
20299
48739
20300
34213
34214
20303
48743
20304
34215
34216
20307
48747
20308
34217
34218
20311
48785
20312
34203
34220
20443
48867
20444
34285
34286
20479
48885
20480
34303
34304
20515
48987
20516
32867
34321
34322
21564
49729
21565
34846
21568
49715
21569
34847
34848
21572
49717
21573
34849
34850
21576
49719
21577
34851
34852
21580
49721
21581
34853
34854
21584
49723
21585
34855
34856
21588
49725
21589
34857
34858
21592
49727
21593
34859
34860
21596
49749
21597
34845
34862
22157
50163
22158
35141
35142
21728
49799
21729
34927
34928
22193
50181
22194
35159
35160
21764
49817
21765
34945
34946
21800
49835
21801
33561
34963
34964
22229
50199
22230
35177
35178
22265
50217
22266
34219
34861
35195
35196
9479
51745
40235
9480
28806
9485
51743
40155
9486
28807
28809
9491
51741
40157
9492
28810
28812
9497
51739
40159
9498
28813
28815
9503
51737
40161
9504
28816
28818
9509
51735
40163
9510
28819
28821
9515
51733
40165
9516
28822
28824
9521
51731
40167
9522
28825
28827
9525
51729
40169
9526
28829
9529
51727
40171
9530
28830
28831
9533
51725
40173
9534
28832
28833
9537
51723
40175
9538
28834
28835
9541
51721
40177
9542
28836
28837
9545
51719
40179
9546
28838
28839
9549
51717
40181
9550
28840
28841
9553
51715
40183
9554
28842
28843
9557
51713
40185
9558
28845
9561
51711
40187
9562
28846
28847
9565
51709
40189
9566
28848
28849
9569
51707
40191
9570
28850
28851
9573
51705
40193
9574
28852
28853
9577
51703
40195
9578
28854
28855
9581
51701
40197
9582
28856
28857
9585
51699
40233
9586
28858
28859
9591
40313
9592
28804
28862
11821
41885
11822
29975
29977
11939
41949
11940
30034
30036
12057
42017
12058
30093
30095
10707
51697
40935
10708
29420
10711
51695
40909
10712
29421
29422
10715
51693
40913
10716
29423
29424
10719
51691
40917
10720
29425
29426
10723
51689
40921
10724
29427
29428
10727
51687
40925
10728
29429
29430
10731
51685
40929
10732
29431
29432
10735
51683
40933
10736
29433
29434
10739
40971
10740
29419
29436
11857
41903
11858
29994
29995
11975
41967
11976
30053
30054
12093
42035
12094
30112
30113
11675
51681
41555
11676
29904
11679
51679
41529
11680
29905
29906
11683
51615
41533
11684
29907
29908
11687
51603
41537
11688
29909
29910
11691
51752
51605
41541
11692
29911
29912
11695
51754
51607
41545
11696
29913
29914
11699
51756
51613
41549
11700
29915
29916
11703
51611
41553
11704
29917
29918
11707
41589
11708
29903
29920
11889
41919
11890
30010
30011
12007
41983
12008
30069
30070
12125
42051
12126
28860
30128
30129
12919
51609
42659
12920
30526
51758
51760
51762
51764
12923
51677
42633
12924
30527
30528
12927
51617
42637
12928
30529
30530
12931
51766
51619
42641
12932
30531
30532
12935
51768
51621
42645
12936
30533
30534
12939
51770
51623
42649
12940
30535
30536
12943
51772
51629
42653
12944
30537
30538
12947
51627
42657
12948
30539
30540
12951
42695
12952
30525
30542
13051
42745
13052
30591
30592
13087
42763
13088
30609
30610
13123
42781
13124
29435
30627
30628
13883
51625
43375
13884
31008
51774
51776
51778
13887
51631
43349
13888
31009
31010
13891
51780
51633
43353
13892
31011
31012
13895
51782
51635
43357
13896
31013
31014
13899
51784
51637
43361
13900
31015
31016
13903
51786
51639
43365
13904
31017
31018
13907
51788
51675
43369
13908
31019
31020
13911
51643
43373
13912
31021
31022
13915
43411
13916
31007
31024
14315
43795
14316
31223
31224
14015
43459
14016
31073
31074
14351
43813
14352
31241
31242
14051
43477
14052
31091
31092
14087
43495
14088
29919
31109
31110
14387
43831
14388
31259
31260
14423
43849
14424
30541
31023
31277
31278
16200
51641
45139
16201
32166
51790
51792
16204
51659
45113
16205
32167
32168
16208
51645
45117
16209
32169
32170
16212
51794
51647
45121
16213
32171
32172
16216
51796
51649
45125
16217
32173
32174
16220
51798
51651
45129
16221
32175
32176
16224
51800
51657
45133
16225
32177
32178
16228
51655
45137
16229
32179
32180
16232
45175
16233
32165
32182
16332
45225
16333
32231
32232
16368
45243
16369
32249
32250
16404
45373
16405
28844
32267
32268
17609
51653
46435
17610
32870
51802
51804
51806
51808
17613
51673
46409
17614
32871
32872
17617
51661
46413
17618
32873
32874
17621
51810
51663
46417
17622
32875
32876
17625
51812
51665
46421
17626
32877
32878
17629
51814
51667
46425
17630
32879
32880
17633
51816
51671
46429
17634
32881
32882
17637
51669
46433
17638
32883
32884
17641
46471
17642
32869
32886
17741
46521
17742
32935
32936
17777
46539
51818
51820
51747
17778
32953
32954
17813
46659
51822
51824
51826
51828
51751
17814
28828
32971
32972
18998
51749
47625
18999
33564
51830
51832
19002
47599
19003
33565
33566
19006
47603
19007
33567
33568
19010
47607
19011
33569
33570
19014
47611
19015
33571
33572
19018
47615
19019
33573
33574
19022
47619
19023
33575
33576
19026
47623
19027
33577
33578
19030
47661
19031
33563
33580
19130
47711
19131
33629
33630
19166
47729
19167
33647
33648
19202
47887
19203
32181
33665
33666
20315
48783
20316
34222
20319
48757
20320
34223
34224
20323
48761
20324
34225
34226
20327
48765
20328
34227
34228
20331
48769
20332
34229
34230
20335
48773
20336
34231
34232
20339
48777
20340
34233
34234
20343
48781
20344
34235
34236
20347
48819
20348
34221
34238
20447
48869
20448
34287
34288
20483
48887
20484
34305
34306
20519
49075
20520
32885
34323
34324
21600
49747
21601
34864
21604
49733
21605
34865
34866
21608
49735
21609
34867
34868
21612
49737
21613
34869
34870
21616
49739
21617
34871
34872
21620
49741
21621
34873
34874
21624
49743
21625
34875
34876
21628
49745
21629
34877
34878
21632
49767
21633
34863
34880
22161
50165
22162
35143
35144
21732
49801
21733
34929
34930
22197
50183
22198
35161
35162
21768
49819
21769
34947
34948
21804
49837
21805
33579
34965
34966
22233
50201
22234
35179
35180
22269
50219
22270
34237
34879
35197
35198
9597
40311
9598
28865
9603
40239
9604
28866
28868
9609
40241
9610
28869
28871
9615
40243
9616
28872
28874
9621
40245
9622
28875
28877
9627
40247
9628
28878
28880
9633
40249
9634
28881
28883
9639
40251
9640
28884
28886
9715
40361
9716
27634
28924
9721
40315
9722
27662
28925
28927
9727
40317
9728
27690
28928
28930
9733
40319
9734
27718
28931
28933
9739
40321
9740
27746
28934
28936
9745
40323
9746
27774
28937
28939
9751
40325
9752
27802
28940
28942
9757
40327
9758
27830
28943
28945
9643
40253
9644
28888
9647
40255
9648
28889
28890
9651
40257
9652
28891
28892
9655
40259
9656
28893
28894
9659
40261
9660
28895
28896
9663
40263
9664
28897
28898
9667
40265
9668
28899
28900
9671
40267
9672
28901
28902
9761
40329
9762
28064
28947
9765
40331
9766
28083
28948
28949
9769
40333
9770
28102
28950
28951
9773
40335
9774
28121
28952
28953
9777
40337
9778
28140
28954
28955
9781
40339
9782
28159
28956
28957
9785
40341
9786
28178
28958
28959
9789
40343
9790
28197
28960
28961
9675
40269
9676
28904
9679
40271
9680
28905
28906
9683
40273
9684
28907
28908
9687
40275
9688
28909
28910
9691
40277
9692
28911
28912
9695
40279
9696
28913
28914
9699
40281
9700
28915
28916
9703
40309
9704
28917
28918
9709
40363
9710
28863
28921
11827
41889
11828
29978
29980
11945
41953
11946
30037
30039
12063
42021
12064
30096
30098
9793
40345
9794
28430
28963
9797
40347
9798
28449
28964
28965
9801
40349
9802
28468
28966
28967
9805
40351
9806
28487
28968
28969
9809
40353
9810
28506
28970
28971
9813
40355
9814
28525
28972
28973
9817
40357
9818
28544
28974
28975
9821
40359
9822
28563
28976
28977
9827
40365
9828
28922
28980
11833
41891
11834
29981
29983
11951
41955
11952
30040
30042
12069
42023
12070
30099
30101
10743
40969
10744
29438
10747
40943
10748
29439
29440
10751
40947
10752
29441
29442
10755
40951
10756
29443
29444
10759
40955
10760
29445
29446
10763
40959
10764
29447
29448
10767
40963
10768
29449
29450
10771
40967
10772
29451
29452
10775
40989
10776
29437
29454
11861
41905
11862
29996
29997
11979
41969
11980
30055
30056
12097
42037
12098
30114
30115
10779
40987
10780
29210
29456
10783
40973
10784
29229
29457
29458
10787
40975
10788
29248
29459
29460
10791
40977
10792
29267
29461
29462
10795
40979
10796
29286
29463
29464
10799
40981
10800
29305
29465
29466
10803
40983
10804
29324
29467
29468
10807
40985
10808
29343
29469
29470
10811
40991
10812
29455
29472
11865
41907
11866
29998
29999
11983
41971
11984
30057
30058
12101
42039
12102
30116
30117
11711
41587
11712
29922
11715
41563
11716
29923
29924
11719
51765
41567
11720
29925
29926
11723
51753
41571
11724
29927
29928
11727
51755
41575
11728
29929
29930
11731
51757
41579
11732
29931
29932
11735
51763
41583
11736
29933
29934
11739
51761
41585
11740
29935
29936
11743
41607
11744
29921
29938
11893
41921
11894
30012
30013
12011
41985
12012
30071
30072
12129
42053
12130
28919
30130
30131
11747
41605
11748
29694
29940
11751
41591
11752
29713
29941
29942
11755
41593
11756
29732
29943
29944
11759
41595
11760
29751
29945
29946
11763
41597
11764
29770
29947
29948
11767
41599
11768
29789
29949
29950
11771
41601
11772
29808
29951
29952
11775
41603
11776
29827
29953
29954
11779
41679
11780
29939
29956
11897
41925
11898
30014
30015
12015
41989
12016
30073
30074
12133
42055
12134
28978
30132
30133
11785
41779
11786
29959
11903
41927
11904
29960
30018
12021
41993
12022
30019
30077
12139
42057
12140
30078
30136
14111
43683
14112
31122
14117
43687
14118
31123
31125
14123
43691
14124
31126
31128
14129
43693
14130
31129
31131
14173
43717
14174
31153
14179
43721
14180
31154
31156
14185
43725
14186
31157
31159
14191
43727
14192
31160
31162
14235
43753
14236
31184
14241
43757
14242
31185
31187
14247
43761
14248
31188
31190
14253
43763
14254
31191
31193
12955
51759
42693
12956
30544
12959
51827
42667
12960
30545
30546
12963
51767
42671
12964
30547
30548
12967
51769
42675
12968
30549
30550
12971
51771
42679
12972
30551
30552
12975
51773
42683
12976
30553
30554
12979
51779
42687
12980
30555
30556
12983
51777
42691
12984
30557
30558
12987
42729
12988
30543
30560
13055
42747
13056
30593
30594
13091
42765
13092
30611
30612
13127
42783
13128
29453
30629
30630
12991
42727
12992
30316
30562
12995
42701
12996
30335
30563
30564
12999
42705
13000
30354
30565
30566
13003
42709
13004
30373
30567
30568
13007
42713
13008
30392
30569
30570
13011
42717
13012
30411
30571
30572
13015
42721
13016
30430
30573
30574
13019
42725
13020
30449
30575
30576
13023
42731
13024
30561
30578
13059
42749
13060
30595
30596
13095
42767
13096
30613
30614
13131
42785
13132
29471
30631
30632
13027
42733
13028
30580
13063
42751
13064
30581
30598
13099
42769
13100
30599
30616
13135
42787
13136
30617
30634
14133
43695
14134
31133
14137
43697
14138
31134
31135
14141
43699
14142
31136
31137
14145
43701
14146
31138
31139
14195
43729
14196
31164
14199
43731
14200
31165
31166
14203
43733
14204
31167
31168
14207
43735
14208
31169
31170
14257
43765
14258
31195
14261
43767
14262
31196
31197
14265
43769
14266
31198
31199
14269
43771
14270
31200
31201
13919
51775
43409
13920
31026
13923
51781
43383
13924
31027
31028
13927
51783
43387
13928
31029
31030
13931
51785
43391
13932
31031
31032
13935
51787
43395
13936
31033
31034
13939
51789
43399
13940
31035
31036
13943
51825
43403
13944
31037
31038
13947
51793
43407
13948
31039
31040
13951
43443
13952
31025
31042
14319
43797
14320
31225
31226
14019
43461
14020
31075
31076
14355
43815
14356
31243
31244
14055
43479
14056
31093
31094
14091
43497
14092
29937
31111
31112
14391
43833
14392
31261
31262
14427
43851
14428
30559
31041
31279
31280
13955
43441
13956
30798
31044
13959
43417
13960
30817
31045
31046
13963
43421
13964
30836
31047
31048
13967
43425
13968
30855
31049
31050
13971
43429
13972
30874
31051
31052
13975
43433
13976
30893
31053
31054
13979
43437
13980
30912
31055
31056
13983
43439
13984
30931
31057
31058
13987
43445
13988
31043
31060
14323
43799
14324
31227
31228
14023
43463
14024
31077
31078
14359
43817
14360
31245
31246
14059
43481
14060
31095
31096
14095
43499
14096
29955
31113
31114
14395
43835
14396
31263
31264
14431
43853
14432
30577
31059
31281
31282
13991
43447
13992
31062
14027
43465
14028
31063
31080
14063
43483
14064
31081
31098
14099
43675
14100
31099
31116
14327
43801
14328
31230
14363
43819
14364
31231
31248
14399
43837
14400
31249
31266
14435
43855
14436
31267
31284
14503
43893
14504
31318
14507
43895
14508
31319
31320
14511
43897
14512
31321
31322
14515
43899
14516
31323
31324
14149
43703
14150
31141
14153
43705
14154
31142
31143
14157
43707
14158
31144
31145
14161
43711
14162
31146
31147
14443
43859
14444
31288
14447
43861
14448
31289
31290
14451
43863
14452
31291
31292
14455
43865
14456
31293
31294
14523
43903
14524
31328
14527
43905
14528
31329
31330
14531
43907
14532
31331
31332
14535
43909
14536
31333
31334
14211
43737
14212
31172
14215
43739
14216
31173
31174
14219
43741
14220
31175
31176
14223
43745
14224
31177
31178
14463
43869
14464
31298
14467
43871
14468
31299
31300
14471
43873
14472
31301
31302
14475
43875
14476
31303
31304
14543
43913
14544
31338
14547
43915
14548
31339
31340
14551
43917
14552
31341
31342
14555
43919
14556
31343
31344
14273
43773
14274
31203
14277
43775
14278
31204
31205
14281
43777
14282
31206
31207
14285
43781
14286
31208
31209
14483
43881
14484
31308
14487
43883
14488
31309
31310
14491
43885
14492
31311
31312
14495
43889
14496
31313
31314
14563
43923
14564
31348
14567
43925
14568
31349
31350
14571
43927
14572
31351
31352
14575
43929
14576
31353
31354
14105
43679
14106
31119
14167
43715
14168
31120
31150
14229
43749
14230
31151
31181
14291
43783
14292
29957
31182
31212
14439
43857
14440
31286
14459
43867
14460
31287
31296
14479
43879
14480
31297
31306
14499
43891
14500
30579
31307
31316
14519
43901
14520
31326
14539
43911
14540
31327
31336
14559
43921
14560
31337
31346
14579
43933
14580
31061
31347
31356
14775
44045
14776
31454
14779
44047
14780
31455
31456
14783
44049
14784
31457
31458
14787
44051
14788
31229
31459
31460
14591
43941
14592
31362
14597
43945
14598
31363
31365
14603
43949
14604
31366
31368
14609
43951
14610
30016
31369
31371
14613
43953
14614
31373
14617
43955
14618
31374
31375
14621
43957
14622
31376
31377
14625
43959
14626
30597
31378
31379
14629
43961
14630
31381
14633
43963
14634
31382
31383
14637
43965
14638
31384
31385
14641
43969
14642
31079
31386
31387
14795
44055
14796
31464
14799
44057
14800
31465
31466
14803
44059
14804
31467
31468
14807
44061
14808
31247
31469
31470
14653
43977
14654
31393
14659
43981
14660
31394
31396
14665
43985
14666
31397
31399
14671
43987
14672
30075
31400
31402
14675
43989
14676
31404
14679
43991
14680
31405
31406
14683
43993
14684
31407
31408
14687
43995
14688
30615
31409
31410
14691
43997
14692
31412
14695
43999
14696
31413
31414
14699
44001
14700
31415
31416
14703
44005
14704
31097
31417
31418
14815
44065
14816
31474
14819
44067
14820
31475
31476
14823
44069
14824
31477
31478
14827
44071
14828
31265
31479
31480
14715
44013
14716
31424
14721
44017
14722
31425
31427
14727
44021
14728
31428
31430
14733
44023
14734
30134
31431
31433
14737
44025
14738
31435
14741
44027
14742
31436
31437
14745
44029
14746
31438
31439
14749
44031
14750
30633
31440
31441
14753
44033
14754
31117
31443
14757
44035
14758
31148
31444
31445
14761
44037
14762
31179
31446
31447
14765
44041
14766
31115
31210
31448
31449
14835
44075
14836
31285
31325
31484
14839
44077
14840
31295
31335
31485
31486
14843
44079
14844
31305
31345
31487
31488
14847
44081
14848
31283
31315
31355
31489
31490
14585
43937
14586
31359
14647
43973
14648
31360
31390
14709
44009
14710
31391
31421
14771
44043
14772
31422
31452
14791
44053
14792
31462
14811
44063
14812
31463
31472
14831
44073
14832
31473
31482
14851
44083
14852
31483
31492
14855
44085
14856
31494
14859
44087
14860
31495
31496
14863
44089
14864
31497
31498
14867
44093
14868
31499
31500
14879
44101
14880
31506
14885
44105
14886
31507
31509
14891
44109
14892
31510
31512
14897
44111
14898
31513
31515
14901
44113
14902
31517
14905
44115
14906
31518
31519
14909
44117
14910
31520
31521
14913
44119
14914
31522
31523
14917
44121
14918
31525
14921
44123
14922
31526
31527
14925
44125
14926
31528
31529
14929
44129
14930
31530
31531
14941
44137
14942
31537
14947
44141
14948
31538
31540
14953
44145
14954
31541
31543
14959
44147
14960
31544
31546
14963
44149
14964
31548
14967
44151
14968
31549
31550
14971
44153
14972
31551
31552
14975
44155
14976
31553
31554
14979
44157
14980
31556
14983
44159
14984
31557
31558
14987
44161
14988
31559
31560
14991
44165
14992
31561
31562
15003
44173
15004
31568
15009
44177
15010
31569
31571
15015
44181
15016
31572
31574
15021
44183
15022
31575
31577
15025
44185
15026
31579
15029
44187
15030
31580
31581
15033
44189
15034
31582
31583
15037
44191
15038
31584
31585
15041
44193
15042
31357
31461
31587
15045
44195
15046
31388
31471
31588
31589
15049
44197
15050
31419
31481
31590
31591
15053
44201
15054
31450
31491
31592
31593
14873
44097
14874
31503
14935
44133
14936
31504
31534
14997
44169
14998
31535
31565
15059
44203
15060
31566
31596
15063
44205
15064
31598
15067
44207
15068
31599
31600
15071
44209
15072
31601
31602
15075
44213
15076
31603
31604
15087
44221
15088
31610
15093
44225
15094
31611
31613
15099
44229
15100
31614
31616
15105
44231
15106
31617
31619
15109
44233
15110
31621
15113
44235
15114
31622
31623
15117
44237
15118
31624
31625
15121
44241
15122
31626
31627
15133
44249
15134
31633
15139
44253
15140
31634
31636
15145
44257
15146
31637
31639
15151
44259
15152
31640
31642
15155
44261
15156
31644
15159
44263
15160
31645
31646
15163
44265
15164
31647
31648
15167
44269
15168
31649
31650
15179
44277
15180
31656
15185
44281
15186
31657
31659
15191
44285
15192
31660
31662
15197
44287
15198
31663
31665
15201
44289
15202
31501
31667
15205
44291
15206
31532
31668
31669
15209
44293
15210
31563
31670
31671
15213
44297
15214
31594
31672
31673
15081
44217
15082
31607
15127
44245
15128
31608
31630
15173
44273
15174
31631
31653
15219
44305
15220
31654
31676
15231
44309
15232
31682
15237
44313
15238
31683
31685
15243
44317
15244
31686
31688
15249
44325
15250
31689
31691
15261
44329
15262
31697
15267
44333
15268
31698
31700
15273
44337
15274
31701
31703
15279
44345
15280
31704
31706
15291
44349
15292
31712
15297
44353
15298
31713
31715
15303
44357
15304
31716
31718
15309
44361
15310
31719
31721
16236
51791
45173
16237
32184
16240
51809
45147
16241
32185
32186
16244
51795
45151
16245
32187
32188
16248
51797
45155
16249
32189
32190
16252
51799
45159
16253
32191
32192
16256
51801
45163
16257
32193
32194
16260
51807
45167
16261
32195
32196
16264
51805
45171
16265
32197
32198
16268
45209
16269
32183
32200
16336
45227
16337
32233
32234
16372
45245
16373
32251
32252
16408
45377
16409
28903
32269
32270
16272
45207
16273
31956
32202
16276
45181
16277
31975
32203
32204
16280
45185
16281
31994
32205
32206
16284
45189
16285
32013
32207
32208
16288
45193
16289
32032
32209
32210
16292
45197
16293
32051
32211
32212
16296
45201
16297
32070
32213
32214
16300
45205
16301
32089
32215
32216
16304
45211
16305
32201
32218
16340
45229
16341
32235
32236
16376
45247
16377
32253
32254
16412
45381
16413
28962
32271
32272
16308
45213
16309
32220
16344
45231
16345
32221
32238
16380
45249
16381
32239
32256
16416
45385
16417
32257
32274
16424
45391
16425
32278
16428
45395
16429
32279
32280
16432
45399
16433
32281
32282
16436
45403
16437
32283
32284
16444
45409
16445
32288
16448
45413
16449
32289
32290
16452
45417
16453
32291
32292
16456
45421
16457
32293
32294
16464
45427
16465
32298
16468
45431
16469
32299
32300
16472
45435
16473
32301
32302
16476
45439
16477
32303
32304
16420
45387
16421
32276
16440
45405
16441
32277
32286
16460
45423
16461
32287
32296
16480
45441
16481
29473
32297
32306
16488
45445
16489
32310
16492
45447
16493
32311
32312
16496
45449
16497
32313
32314
16500
45451
16501
30000
32315
32316
16508
45455
16509
32320
16512
45457
16513
32321
32322
16516
45459
16517
32323
32324
16520
45463
16521
30059
32325
32326
16528
45471
16529
30635
32330
16532
45475
16533
31140
32331
32332
16536
45479
16537
31171
32333
32334
16540
45483
16541
30118
31202
32335
32336
16484
45443
16485
32308
16504
45453
16505
32309
32318
16524
45467
16525
32319
32328
16544
45487
16545
32329
32338
16552
45493
16553
32342
16556
45497
16557
32343
32344
16560
45501
16561
32345
32346
16564
45505
16565
32347
32348
16572
45511
16573
32352
16576
45515
16577
32353
32354
16580
45519
16581
32355
32356
16584
45523
16585
32357
32358
16592
45529
16593
31317
32362
16596
45533
16597
31380
32363
32364
16600
45537
16601
31411
32365
32366
16604
45541
16605
31442
32367
32368
16548
45489
16549
32340
16568
45507
16569
32341
32350
16588
45525
16589
32351
32360
16608
45545
16609
32361
32370
16616
45553
16617
32374
16620
45557
16621
32375
32376
16624
45561
16625
32377
32378
16628
45565
16629
32379
32380
16636
45573
16637
32384
16640
45577
16641
32385
32386
16644
45581
16645
32387
32388
16648
45585
16649
32389
32390
16656
45591
16657
31493
32394
16660
45593
16661
31524
32395
32396
16664
45597
16665
31555
32397
32398
16668
45601
16669
31586
32399
32400
16612
45549
16613
32372
16632
45569
16633
32373
32382
16652
45589
16653
32383
32392
16672
45607
16673
32393
32402
16680
45613
16681
32406
16684
45617
16685
32407
32408
16688
45621
16689
32409
32410
16692
45627
16693
32411
32412
16700
45633
16701
32416
16704
45637
16705
32417
32418
16708
45641
16709
32419
32420
16712
45647
16713
32421
32422
16720
45653
16721
31605
32426
16724
45657
16725
31628
32427
32428
16728
45661
16729
31651
32429
32430
16732
45667
16733
31674
32431
32432
17645
51803
46469
17646
32888
17649
51823
46443
17650
32889
32890
17653
51811
46447
17654
32891
32892
17657
51813
46451
17658
32893
32894
17661
51815
46455
17662
32895
32896
17665
51817
46459
17666
32897
32898
17669
51821
46463
17670
32899
32900
17673
51819
46467
17674
32901
32902
17677
46505
17678
32887
32904
17745
46523
17746
32937
32938
17781
46541
51829
17782
32955
32956
17817
46663
51833
17818
28887
32973
32974
17681
46503
17682
32660
32906
17685
46477
17686
32679
32907
32908
17689
46481
17690
32698
32909
32910
17693
46485
17694
32717
32911
32912
17697
46489
17698
32736
32913
32914
17701
46493
17702
32755
32915
32916
17705
46497
17706
32774
32917
32918
17709
46501
17710
32793
32919
32920
17713
46507
17714
32905
32922
17749
46525
17750
32939
32940
17785
46543
17786
32957
32958
17821
46667
17822
28946
32975
32976
17717
46509
17718
32924
17753
46527
17754
32925
32942
17789
46545
17790
32943
32960
17825
46669
17826
32961
32978
17833
46677
17834
32982
17837
46681
17838
32983
32984
17841
46685
17842
32985
32986
17845
46687
17846
32987
32988
17853
46695
17854
32992
17857
46699
17858
32993
32994
17861
46703
17862
32995
32996
17865
46705
17866
32997
32998
17873
46713
17874
33002
17877
46717
17878
33003
33004
17881
46721
17882
33005
33006
17885
46723
17886
33007
33008
17829
46673
17830
32980
17849
46691
17850
32981
32990
17869
46709
17870
32991
33000
17889
46725
17890
28981
33001
33010
17897
46729
17898
33014
17901
46731
17902
33015
33016
17905
46733
17906
33017
33018
17909
46735
17910
29984
33019
33020
17917
46739
17918
33024
17921
46741
17922
33025
33026
17925
46745
17926
33027
33028
17929
46749
17930
30043
33029
33030
17937
46757
17938
30137
33034
17941
46761
17942
31132
33035
33036
17945
46765
17946
31163
33037
33038
17949
46769
17950
30102
31194
33039
33040
17893
46727
17894
33012
17913
46737
17914
33013
33022
17933
46753
17934
33023
33032
17953
46771
17954
33033
33042
17961
46779
17962
33046
17965
46783
17966
33047
33048
17969
46787
17970
33049
33050
17973
46789
17974
33051
33052
17981
46797
17982
33056
17985
46801
17986
33057
33058
17989
46805
17990
33059
33060
17993
46807
17994
33061
33062
18001
46815
18002
31213
33066
18005
46819
18006
31372
33067
33068
18009
46823
18010
31403
33069
33070
18013
46827
18014
31434
33071
33072
17957
46775
17958
33044
17977
46793
17978
33045
33054
17997
46811
17998
33055
33064
18017
46831
18018
33065
33074
18025
46839
18026
33078
18029
46843
18030
33079
33080
18033
46847
18034
33081
33082
18037
46851
18038
33083
33084
18045
46859
18046
33088
18049
46863
18050
33089
33090
18053
46867
18054
33091
33092
18057
46871
18058
33093
33094
18065
46877
18066
31453
33098
18069
46881
18070
31516
33099
33100
18073
46885
18074
31547
33101
33102
18077
46889
18078
31578
33103
33104
18021
46835
18022
33076
18041
46855
18042
33077
33086
18061
46873
18062
33087
33096
18081
46895
18082
33097
33106
18089
46901
18090
33110
18093
46905
18094
33111
33112
18097
46909
18098
33113
33114
18101
46915
18102
33115
33116
18109
46921
18110
33120
18113
46925
18114
33121
33122
18117
46929
18118
33123
33124
18121
46935
18122
33125
33126
18129
46941
18130
31597
33130
18133
46945
18134
31620
33131
33132
18137
46949
18138
31643
33133
33134
18141
46955
18142
31666
33135
33136
19034
51831
47659
19035
33582
19038
47633
19039
33583
33584
19042
47637
19043
33585
33586
19046
47641
19047
33587
33588
19050
47645
19051
33589
33590
19054
47649
19055
33591
33592
19058
47653
19059
33593
33594
19062
47657
19063
33595
33596
19066
47695
19067
33581
33598
19134
47713
19135
33631
33632
19170
47731
19171
33649
33650
19206
47891
19207
32199
33667
33668
19070
47693
19071
33354
33600
19074
47667
19075
33373
33601
33602
19078
47671
19079
33392
33603
33604
19082
47675
19083
33411
33605
33606
19086
47679
19087
33430
33607
33608
19090
47683
19091
33449
33609
33610
19094
47687
19095
33468
33611
33612
19098
47691
19099
33487
33613
33614
19102
47697
19103
33599
33616
19138
47715
19139
33633
33634
19174
47733
19175
33651
33652
19210
47893
19211
32217
33669
33670
19106
47699
19107
33618
19142
47717
19143
33619
33636
19178
47735
19179
33637
33654
19214
47897
19215
33655
33672
19222
47905
19223
33676
19226
47909
19227
33677
33678
19230
47911
19231
33679
33680
19234
47915
19235
33681
33682
19242
47923
19243
33686
19246
47927
19247
33687
33688
19250
47929
19251
33689
33690
19254
47933
19255
33691
33692
19262
47941
19263
33696
19266
47945
19267
33697
33698
19270
47947
19271
33699
33700
19274
47949
19275
33701
33702
19218
47901
19219
33674
19238
47919
19239
33675
33684
19258
47937
19259
33685
33694
19278
47951
19279
32219
33695
33704
19286
47955
19287
33708
19290
47957
19291
33709
33710
19294
47959
19295
33711
33712
19298
47961
19299
32237
33713
33714
19306
47965
19307
33718
19310
47969
19311
33719
33720
19314
47973
19315
33721
33722
19318
47977
19319
32255
33723
33724
19326
47985
19327
32275
33728
19330
47989
19331
32285
33729
33730
19334
47993
19335
32295
33731
33732
19338
47995
19339
32273
32305
33733
33734
19282
47953
19283
33706
19302
47963
19303
33707
33716
19322
47981
19323
33717
33726
19342
47999
19343
33727
33736
19350
48007
19351
33740
19354
48011
19355
33741
33742
19358
48013
19359
33743
33744
19362
48017
19363
33745
33746
19370
48025
19371
33750
19374
48029
19375
33751
33752
19378
48031
19379
33753
33754
19382
48035
19383
33755
33756
19390
48043
19391
32307
33760
19394
48047
19395
32317
33761
33762
19398
48051
19399
32327
33763
33764
19402
48055
19403
32337
33765
33766
19346
48003
19347
33738
19366
48021
19367
33739
33748
19386
48039
19387
33749
33758
19406
48059
19407
33759
33768
19414
48067
19415
33772
19418
48071
19419
33773
33774
19422
48075
19423
33775
33776
19426
48079
19427
33777
33778
19434
48087
19435
33782
19438
48091
19439
33783
33784
19442
48095
19443
33785
33786
19446
48097
19447
33787
33788
19454
48105
19455
32339
33792
19458
48109
19459
32349
33793
33794
19462
48113
19463
32359
33795
33796
19466
48117
19467
32369
33797
33798
19410
48063
19411
33770
19430
48083
19431
33771
33780
19450
48101
19451
33781
33790
19470
48123
19471
33791
33800
19478
48129
19479
33804
19482
48133
19483
33805
33806
19486
48137
19487
33807
33808
19490
48143
19491
33809
33810
19498
48149
19499
33814
19502
48153
19503
33815
33816
19506
48157
19507
33817
33818
19510
48163
19511
33819
33820
19518
48169
19519
32371
33824
19522
48173
19523
32381
33825
33826
19526
48177
19527
32391
33827
33828
19530
48183
19531
32401
33829
33830
20351
48817
20352
34240
20355
48791
20356
34241
34242
20359
48795
20360
34243
34244
20363
48799
20364
34245
34246
20367
48803
20368
34247
34248
20371
48807
20372
34249
34250
20375
48811
20376
34251
34252
20379
48815
20380
34253
34254
20383
48853
20384
34239
34256
20451
48871
20452
34289
34290
20487
48889
20488
34307
34308
20523
49077
20524
32903
34325
34326
20387
48851
20388
34012
34258
20391
48825
20392
34031
34259
34260
20395
48829
20396
34050
34261
34262
20399
48833
20400
34069
34263
34264
20403
48837
20404
34088
34265
34266
20407
48841
20408
34107
34267
34268
20411
48845
20412
34126
34269
34270
20415
48849
20416
34145
34271
34272
20419
48855
20420
34257
34274
20455
48873
20456
34291
34292
20491
48891
20492
34309
34310
20527
49081
20528
32921
34327
34328
20423
48857
20424
34276
20459
48875
20460
34277
34294
20495
48893
20496
34295
34312
20531
49085
20532
34313
34330
20539
49093
20540
34334
20543
49095
20544
34335
34336
20547
49099
20548
34337
34338
20551
49103
20552
34339
34340
20559
49111
20560
34344
20563
49113
20564
34345
34346
20567
49117
20568
34347
34348
20571
49121
20572
34349
34350
20579
49129
20580
34354
20583
49131
20584
34355
34356
20587
49133
20588
34357
34358
20591
49135
20592
34359
34360
20535
49089
20536
34332
20555
49107
20556
34333
34342
20575
49125
20576
34343
34352
20595
49137
20596
32923
34353
34362
20603
49141
20604
34366
20607
49143
20608
34367
34368
20611
49145
20612
34369
34370
20615
49147
20616
32941
34371
34372
20623
49153
20624
34376
20627
49157
20628
34377
34378
20631
49161
20632
34379
34380
20635
49165
20636
32959
34381
34382
20643
49173
20644
32979
34386
20647
49177
20648
32989
34387
34388
20651
49179
20652
32999
34389
34390
20655
49183
20656
32977
33009
34391
34392
20599
49139
20600
34364
20619
49149
20620
34365
34374
20639
49169
20640
34375
34384
20659
49187
20660
34385
34394
20667
49195
20668
34398
20671
49197
20672
34399
34400
20675
49201
20676
34401
34402
20679
49205
20680
34403
34404
20687
49213
20688
34408
20691
49215
20692
34409
34410
20695
49219
20696
34411
34412
20699
49223
20700
34413
34414
20707
49231
20708
33011
34418
20711
49235
20712
33021
34419
34420
20715
49239
20716
33031
34421
34422
20719
49243
20720
33041
34423
34424
20663
49191
20664
34396
20683
49209
20684
34397
34406
20703
49227
20704
34407
34416
20723
49247
20724
34417
34426
20731
49255
20732
34430
20735
49259
20736
34431
34432
20739
49263
20740
34433
34434
20743
49267
20744
34435
34436
20751
49275
20752
34440
20755
49279
20756
34441
34442
20759
49281
20760
34443
34444
20763
49285
20764
34445
34446
20771
49293
20772
33043
34450
20775
49297
20776
33053
34451
34452
20779
49301
20780
33063
34453
34454
20783
49305
20784
33073
34455
34456
20727
49251
20728
34428
20747
49271
20748
34429
34438
20767
49289
20768
34439
34448
20787
49311
20788
34449
34458
20795
49317
20796
34462
20799
49321
20800
34463
34464
20803
49325
20804
34465
34466
20807
49331
20808
34467
34468
20815
49337
20816
34472
20819
49341
20820
34473
34474
20823
49345
20824
34475
34476
20827
49351
20828
34477
34478
20835
49357
20836
33075
34482
20839
49361
20840
33085
34483
34484
20843
49365
20844
33095
34485
34486
20847
49371
20848
33105
34487
34488
21636
49765
21637
34882
21640
49751
21641
34883
34884
21644
49753
21645
34885
34886
21648
49755
21649
34887
34888
21652
49757
21653
34889
34890
21656
49759
21657
34891
34892
21660
49761
21661
34893
34894
21664
49763
21665
34895
34896
21668
49785
21669
34881
34898
22165
50167
22166
35145
35146
21736
49803
21737
34931
34932
22201
50185
22202
35163
35164
21772
49821
21773
34949
34950
21808
49861
21809
33597
34967
34968
22237
50203
22238
35181
35182
22273
50221
22274
34255
34897
35199
35200
21672
49783
21673
34654
34900
21676
49769
21677
34673
34901
34902
21680
49771
21681
34692
34903
34904
21684
49773
21685
34711
34905
34906
21688
49775
21689
34730
34907
34908
21692
49777
21693
34749
34909
34910
21696
49779
21697
34768
34911
34912
21700
49781
21701
34787
34913
34914
21704
49787
21705
34899
34916
22169
50169
22170
35147
35148
21740
49805
21741
34933
34934
22205
50187
22206
35165
35166
21776
49823
21777
34951
34952
21812
49865
21813
33615
34969
34970
22241
50205
22242
35183
35184
22277
50223
22278
34273
34915
35201
35202
21708
49789
21709
34918
21744
49807
21745
34919
34936
21780
49825
21781
34937
34954
21816
49869
21817
34955
34972
22173
50171
22174
35150
22209
50189
22210
35151
35168
22245
50207
22246
35169
35186
22281
50225
22282
35187
35204
22606
50451
22607
35366
22610
50453
22611
35367
35368
22614
50455
22615
35369
35370
22618
50457
22619
35371
35372
21824
49875
21825
34976
21828
49879
21829
34977
34978
21832
49883
21833
34979
34980
21836
49887
21837
34981
34982
22289
50229
22290
35208
22293
50231
22294
35209
35210
22297
50233
22298
35211
35212
22301
50235
22302
35213
35214
22626
50461
22627
35376
22630
50463
22631
35377
35378
22634
50465
22635
35379
35380
22638
50467
22639
35381
35382
21844
49893
21845
34986
21848
49897
21849
34987
34988
21852
49901
21853
34989
34990
21856
49905
21857
34991
34992
22309
50239
22310
35218
22313
50241
22314
35219
35220
22317
50243
22318
35221
35222
22321
50245
22322
35223
35224
22646
50471
22647
35386
22650
50473
22651
35387
35388
22654
50475
22655
35389
35390
22658
50477
22659
35391
35392
21864
49911
21865
34996
21868
49913
21869
34997
34998
21872
49915
21873
34999
35000
21876
49917
21877
35001
35002
22329
50249
22330
35228
22333
50251
22334
35229
35230
22337
50253
22338
35231
35232
22341
50255
22342
35233
35234
22666
50481
22667
35396
22670
50483
22671
35397
35398
22674
50485
22675
35399
35400
22678
50487
22679
35401
35402
21820
49873
21821
34974
21840
49891
21841
34975
34984
21860
49909
21861
34985
34994
21880
49919
21881
33617
34995
35004
22285
50227
22286
35206
22305
50237
22306
35207
35216
22325
50247
22326
35217
35226
22345
50257
22346
34275
35227
35236
22622
50459
22623
35374
22642
50469
22643
35375
35384
22662
50479
22663
35385
35394
22682
50489
22683
34917
35395
35404
22943
50651
22944
35534
22947
50653
22948
35535
35536
22951
50655
22952
35537
35538
22955
50657
22956
35149
35539
35540
21888
49923
21889
35008
21892
49925
21893
35009
35010
21896
49927
21897
35011
35012
21900
49929
21901
33635
35013
35014
22353
50261
22354
35240
22357
50263
22358
35241
35242
22361
50265
22362
35243
35244
22365
50267
22366
34293
35245
35246
22690
50493
22691
35408
22694
50495
22695
35409
35410
22698
50497
22699
35411
35412
22702
50499
22703
34935
35413
35414
22963
50661
22964
35544
22967
50663
22968
35545
35546
22971
50665
22972
35547
35548
22975
50667
22976
35167
35549
35550
21908
49937
21909
35018
21912
49941
21913
35019
35020
21916
49945
21917
35021
35022
21920
49949
21921
33653
35023
35024
21928
49957
21929
33673
35028
21932
49959
21933
33683
35029
35030
21936
49963
21937
33693
35031
35032
21940
49967
21941
33671
33703
35033
35034
22373
50271
22374
35250
22377
50273
22378
35251
35252
22381
50275
22382
35253
35254
22385
50277
22386
34311
35255
35256
22393
50281
22394
34331
35260
22397
50283
22398
34341
35261
35262
22401
50285
22402
34351
35263
35264
22405
50287
22406
34329
34361
35265
35266
22710
50503
22711
35418
22714
50505
22715
35419
35420
22718
50507
22719
35421
35422
22722
50509
22723
34953
35423
35424
22730
50513
22731
34973
35428
22734
50515
22735
34983
35429
35430
22738
50517
22739
34993
35431
35432
22742
50519
22743
34971
35003
35433
35434
22983
50671
22984
35554
22987
50673
22988
35555
35556
22991
50675
22992
35557
35558
22995
50677
22996
35185
35559
35560
23003
50681
23004
35205
35373
35564
23007
50683
23008
35215
35383
35565
35566
23011
50685
23012
35225
35393
35567
35568
23015
50687
23016
35203
35235
35403
35569
35570
21884
49921
21885
35006
21904
49933
21905
35007
35016
21924
49953
21925
35017
35026
21944
49971
21945
35027
35036
22349
50259
22350
35238
22369
50269
22370
35239
35248
22389
50279
22390
35249
35258
22409
50289
22410
35259
35268
22686
50491
22687
35406
22706
50501
22707
35407
35416
22726
50511
22727
35417
35426
22746
50521
22747
35427
35436
22959
50659
22960
35542
22979
50669
22980
35543
35552
22999
50679
23000
35553
35562
23019
50689
23020
35563
35572
21952
49977
21953
35040
21956
49981
21957
35041
35042
21960
49985
21961
35043
35044
21964
49989
21965
35045
35046
23216
50787
23217
35670
23220
50789
23221
35671
35672
23224
50791
23225
35673
35674
23228
50793
23229
35675
35676
22417
50293
22418
35272
22421
50295
22422
35273
35274
22425
50297
22426
35275
35276
22429
50299
22430
35277
35278
22754
50525
22755
35440
22758
50527
22759
35441
35442
22762
50529
22763
35443
35444
22766
50531
22767
35445
35446
23027
50693
23028
35576
23031
50695
23032
35577
35578
23035
50697
23036
35579
35580
23039
50699
23040
35581
35582
23236
50797
23237
35680
23240
50799
23241
35681
35682
23244
50801
23245
35683
35684
23248
50803
23249
35685
35686
21972
49995
21973
35050
21976
49999
21977
35051
35052
21980
50003
21981
35053
35054
21984
50007
21985
35055
35056
21992
50015
21993
33705
35060
21996
50019
21997
33715
35061
35062
22000
50023
22001
33725
35063
35064
22004
50027
22005
33735
35065
35066
22437
50303
22438
35282
22441
50305
22442
35283
35284
22445
50307
22446
35285
35286
22449
50309
22450
35287
35288
22457
50313
22458
34363
35292
22461
50315
22462
34373
35293
35294
22465
50321
22466
34383
35295
35296
22469
50325
22470
34393
35297
35298
22774
50535
22775
35450
22778
50537
22779
35451
35452
22782
50539
22783
35453
35454
22786
50541
22787
35455
35456
22794
50545
22795
35005
35460
22798
50547
22799
35015
35461
35462
22802
50549
22803
35025
35463
35464
22806
50551
22807
35035
35465
35466
23047
50703
23048
35586
23051
50705
23052
35587
35588
23055
50707
23056
35589
35590
23059
50709
23060
35591
35592
23067
50713
23068
35237
35596
23071
50715
23072
35247
35597
35598
23075
50717
23076
35257
35599
35600
23079
50719
23080
35267
35601
35602
23256
50807
23257
35690
23260
50809
23261
35691
35692
23264
50811
23265
35693
35694
23268
50813
23269
35695
35696
23276
50817
23277
35405
35541
35700
23280
50819
23281
35415
35551
35701
35702
23284
50821
23285
35425
35561
35703
35704
23288
50823
23289
35435
35571
35705
35706
21948
49975
21949
35038
21968
49993
21969
35039
35048
21988
50011
21989
35049
35058
22008
50031
22009
35059
35068
22413
50291
22414
35270
22433
50301
22434
35271
35280
22453
50311
22454
35281
35290
22473
50329
22474
35291
35300
22750
50523
22751
35438
22770
50533
22771
35439
35448
22790
50543
22791
35449
35458
22810
50553
22811
35459
35468
23023
50691
23024
35574
23043
50701
23044
35575
35584
23063
50711
23064
35585
35594
23083
50721
23084
35595
35604
22016
50039
22017
35072
22020
50043
22021
35073
35074
22024
50047
22025
35075
35076
22028
50051
22029
35077
35078
23232
50795
23233
35678
23252
50805
23253
35679
35688
23272
50815
23273
35689
35698
23292
50825
23293
35699
35708
22481
50337
22482
35304
22485
50341
22486
35305
35306
22489
50345
22490
35307
35308
22493
50349
22494
35309
35310
23425
50891
23426
35774
23429
50893
23430
35775
35776
23433
50895
23434
35777
35778
23437
50897
23438
35779
35780
22818
50557
22819
35472
22822
50559
22823
35473
35474
22826
50561
22827
35475
35476
22830
50563
22831
35477
35478
23091
50725
23092
35608
23095
50727
23096
35609
35610
23099
50729
23100
35611
35612
23103
50731
23104
35613
35614
23300
50829
23301
35712
23304
50831
23305
35713
35714
23308
50833
23309
35715
35716
23312
50835
23313
35717
35718
23445
50901
23446
35784
23449
50903
23450
35785
35786
23453
50905
23454
35787
35788
23457
50907
23458
35789
35790
22036
50059
22037
35082
22040
50061
22041
35083
35084
22044
50065
22045
35085
35086
22048
50069
22049
35087
35088
22056
50077
22057
33737
35092
22060
50081
22061
33747
35093
35094
22064
50085
22065
33757
35095
35096
22068
50089
22069
33767
35097
35098
22501
50355
22502
35314
22505
50359
22506
35315
35316
22509
50363
22510
35317
35318
22513
50367
22514
35319
35320
22521
50375
22522
34395
35324
22525
50379
22526
34405
35325
35326
22529
50383
22530
34415
35327
35328
22533
50387
22534
34425
35329
35330
22838
50567
22839
35482
22842
50569
22843
35483
35484
22846
50571
22847
35485
35486
22850
50573
22851
35487
35488
22858
50577
22859
35037
35492
22862
50579
22863
35047
35493
35494
22866
50585
22867
35057
35495
35496
22870
50589
22871
35067
35497
35498
23111
50735
23112
35618
23115
50737
23116
35619
35620
23119
50739
23120
35621
35622
23123
50741
23124
35623
35624
23131
50745
23132
35269
35628
23135
50747
23136
35279
35629
35630
23139
50749
23140
35289
35631
35632
23143
50751
23144
35299
35633
35634
23320
50839
23321
35722
23324
50841
23325
35723
35724
23328
50843
23329
35725
35726
23332
50845
23333
35727
35728
23340
50849
23341
35437
35732
23344
50851
23345
35447
35733
35734
23348
50853
23349
35457
35735
35736
23352
50855
23353
35467
35737
35738
23465
50911
23466
35794
23469
50913
23470
35795
35796
23473
50915
23474
35797
35798
23477
50917
23478
35799
35800
23485
50921
23486
35573
35677
35804
23489
50923
23490
35583
35687
35805
35806
23493
50925
23494
35593
35697
35807
35808
23497
50927
23498
35603
35707
35809
35810
22012
50035
22013
35070
22032
50055
22033
35071
35080
22052
50073
22053
35081
35090
22072
50095
22073
35091
35100
22080
50101
22081
35104
22084
50105
22085
35105
35106
22088
50109
22089
35107
35108
22092
50115
22093
35109
35110
22477
50333
22478
35302
22497
50353
22498
35303
35312
22517
50371
22518
35313
35322
22537
50393
22538
35323
35332
22545
50399
22546
35336
22549
50403
22550
35337
35338
22553
50407
22554
35339
35340
22557
50413
22558
35341
35342
22814
50555
22815
35470
22834
50565
22835
35471
35480
22854
50575
22855
35481
35490
22874
50595
22875
35491
35500
22100
50121
22101
35114
22104
50125
22105
35115
35116
22108
50129
22109
35117
35118
22112
50135
22113
35119
35120
22120
50141
22121
33769
35124
22124
50145
22125
33779
35125
35126
22128
50149
22129
33789
35127
35128
22132
50153
22133
33799
35129
35130
22882
50601
22883
35504
22886
50605
22887
35505
35506
22890
50609
22891
35507
35508
22894
50615
22895
35509
35510
23087
50723
23088
35606
23107
50733
23108
35607
35616
23127
50743
23128
35617
35626
23147
50755
23148
35627
35636
22565
50419
22566
35346
22569
50423
22570
35347
35348
22573
50427
22574
35349
35350
22577
50433
22578
35351
35352
22585
50439
22586
34427
35356
22589
50443
22590
34437
35357
35358
22593
50445
22594
34447
35359
35360
22597
50449
22598
34457
35361
35362
23155
50757
23156
35640
23159
50759
23160
35641
35642
23163
50761
23164
35643
35644
23167
50765
23168
35645
35646
23296
50827
23297
35710
23316
50837
23317
35711
35720
23336
50847
23337
35721
35730
23356
50859
23357
35731
35740
22902
50621
22903
35514
22906
50625
22907
35515
35516
22910
50629
22911
35517
35518
22914
50635
22915
35519
35520
22922
50641
22923
35069
35524
22926
50643
22927
35079
35525
35526
22930
50645
22931
35089
35527
35528
22934
50649
22935
35099
35529
35530
23364
50861
23365
35744
23368
50863
23369
35745
35746
23372
50865
23373
35747
35748
23376
50869
23377
35749
35750
23441
50899
23442
35782
23461
50909
23462
35783
35792
23481
50919
23482
35793
35802
23501
50931
23502
35803
35812
23175
50767
23176
35650
23179
50769
23180
35651
35652
23183
50771
23184
35653
35654
23187
50775
23188
35655
35656
23195
50777
23196
35301
35660
23199
50779
23200
35311
35661
35662
23203
50781
23204
35321
35663
35664
23207
50785
23208
35331
35665
35666
23509
50933
23510
35816
23513
50935
23514
35817
35818
23517
50937
23518
35819
35820
23521
50941
23522
35821
35822
23570
50963
23571
35846
23574
50965
23575
35847
35848
23578
50967
23579
35849
35850
23582
50971
23583
35851
35852
23384
50871
23385
35754
23388
50873
23389
35755
35756
23392
50875
23393
35757
35758
23396
50879
23397
35759
35760
23404
50881
23405
35469
35764
23408
50883
23409
35479
35765
35766
23412
50885
23413
35489
35767
35768
23416
50889
23417
35499
35769
35770
23590
50973
23591
35856
23594
50975
23595
35857
35858
23598
50977
23599
35859
35860
23602
50981
23603
35861
35862
23529
50943
23530
35826
23533
50945
23534
35827
35828
23537
50947
23538
35829
35830
23541
50951
23542
35831
35832
23549
50953
23550
35605
35836
23553
50955
23554
35615
35837
35838
23557
50957
23558
35625
35839
35840
23561
50961
23562
35635
35841
35842
23610
50983
23611
35866
23614
50985
23615
35867
35868
23618
50987
23619
35869
35870
23622
50991
23623
35871
35872
23630
50993
23631
35709
35781
35876
23634
50995
23635
35719
35791
35877
35878
23638
50997
23639
35729
35801
35879
35880
23642
51193
23643
35739
35811
35881
35882
15225
44303
15226
31679
15255
44323
15256
31680
31694
15285
44343
15286
31695
31709
15315
44359
15316
31710
31724
15317
31725
16676
45605
16677
32404
16696
45625
16697
32405
32414
16716
45645
16717
32415
32424
16736
45665
16737
32425
32434
16738
32435
18085
46893
18086
33108
18105
46913
18106
33109
33118
18125
46933
18126
33119
33128
18145
46953
18146
33129
33138
18147
33139
19474
48121
19475
33802
19494
48141
19495
33803
33812
19514
48161
19515
33813
33822
19534
48181
19535
33823
33832
19536
33833
20791
49309
20792
34460
20811
49329
20812
34461
34470
20831
49349
20832
34471
34480
20851
49369
20852
34481
34490
20853
34491
22076
50093
22077
35102
22096
50113
22097
35103
35112
22116
50133
22117
35113
35122
22136
50151
22137
35123
35132
22138
35133
22541
50391
22542
35334
22561
50411
22562
35335
35344
22581
50431
22582
35345
35354
22601
50447
22602
35355
35364
22603
35365
22878
50593
22879
35502
22898
50613
22899
35503
35512
22918
50633
22919
35513
35522
22938
50647
22939
35523
35532
22940
35533
23151
50753
23152
35638
23171
50763
23172
35639
35648
23191
50773
23192
35649
35658
23211
50783
23212
35659
35668
23213
35669
23360
50857
23361
35742
23380
50867
23381
35743
35752
23400
50877
23401
35753
35762
23420
50887
23421
35763
35772
23422
35773
23505
50929
23506
35814
23525
50939
23526
35815
35824
23545
50949
23546
35825
35834
23565
50959
23566
35835
35844
23567
35845
23586
50969
23587
35854
23606
50979
23607
35855
35864
23626
50989
23627
35865
35874
23646
51191
23647
35875
35884
23648
35885
23653
50999
23654
35887
23659
51001
23660
35888
35890
23665
51003
23666
35891
35893
23671
51005
23672
35894
35896
23673
35897
23865
51095
23866
31677
35987
23871
51097
23872
31692
35988
35990
23877
51099
23878
31707
35991
35993
23883
51101
23884
31722
35994
35996
23676
51007
23677
35898
23680
51009
23681
35899
35900
23684
51011
23685
35901
35902
23688
51013
23689
35903
35904
23690
35905
23888
51103
23889
32403
35998
23892
51105
23893
32413
35999
36000
23896
51107
23897
32423
36001
36002
23900
51109
23901
32433
36003
36004
23693
51015
23694
35906
23697
51017
23698
35907
35908
23701
51019
23702
35909
35910
23705
51021
23706
35911
35912
23707
35913
23905
51111
23906
33107
36006
23909
51113
23910
33117
36007
36008
23913
51115
23914
33127
36009
36010
23917
51117
23918
33137
36011
36012
23710
51023
23711
35914
23714
51025
23715
35915
35916
23718
51027
23719
35917
35918
23722
51029
23723
35919
35920
23724
35921
23922
51119
23923
33801
36014
23926
51121
23927
33811
36015
36016
23930
51123
23931
33821
36017
36018
23934
51125
23935
33831
36019
36020
23727
51031
23728
35922
23731
51033
23732
35923
35924
23735
51035
23736
35925
35926
23739
51037
23740
35927
35928
23741
35929
23939
51127
23940
34459
36022
23943
51129
23944
34469
36023
36024
23947
51131
23948
34479
36025
36026
23951
51133
23952
34489
36027
36028
23744
51039
23745
35930
23748
51041
23749
35931
35932
23752
51043
23753
35933
35934
23756
51045
23757
35935
35936
23758
35937
23956
51135
23957
35101
36030
23960
51137
23961
35111
36031
36032
23964
51139
23965
35121
36033
36034
23968
51141
23969
35131
36035
36036
23761
51047
23762
35938
23765
51049
23766
35939
35940
23769
51051
23770
35941
35942
23773
51053
23774
35943
35944
23775
35945
23973
51143
23974
35333
36038
23977
51145
23978
35343
36039
36040
23981
51147
23982
35353
36041
36042
23985
51149
23986
35363
36043
36044
23778
51055
23779
35946
23782
51057
23783
35947
35948
23786
51059
23787
35949
35950
23790
51061
23791
35951
35952
23792
35953
23990
51151
23991
35501
36046
23994
51153
23995
35511
36047
36048
23998
51155
23999
35521
36049
36050
24002
51157
24003
35531
36051
36052
23795
51063
23796
35954
23799
51065
23800
35955
35956
23803
51067
23804
35957
35958
23807
51069
23808
35959
35960
23809
35961
24007
51159
24008
35637
36054
24011
51161
24012
35647
36055
36056
24015
51163
24016
35657
36057
36058
24019
51165
24020
35667
36059
36060
23812
51071
23813
35962
23816
51073
23817
35963
35964
23820
51075
23821
35965
35966
23824
51077
23825
35967
35968
23826
35969
24024
51167
24025
35741
36062
24028
51169
24029
35751
36063
36064
24032
51171
24033
35761
36065
36066
24036
51173
24037
35771
36067
36068
23829
51079
23830
35970
23833
51081
23834
35971
35972
23837
51083
23838
35973
35974
23841
51085
23842
35975
35976
23843
35977
24041
51175
24042
35813
36070
24045
51177
24046
35823
36071
36072
24049
51179
24050
35833
36073
36074
24053
51181
24054
35843
36075
36076
23846
51087
23847
35978
23850
51089
23851
35979
35980
23854
51091
23855
35981
35982
23858
51093
23859
35983
35984
23860
35985
23885
35997
23902
36005
23919
36013
23936
36021
23953
36029
23970
36037
23987
36045
24004
36053
24021
36061
24038
36069
24055
36077
24058
51183
24059
35853
36078
24062
51185
24063
35863
36079
36080
24066
51187
24067
35873
36081
36082
24070
51189
24071
35883
36083
36084
24072
36085
