56
57
58
59
90
91
128
129
4
5
20
21
6
7
16
17
32
33
42
43
68
69
78
79
36086
36088
36090
106
107
36092
116
117
50
51
36094
22
23
36096
46
47
36098
36100
82
83
36102
120
121
36104
52
53
36106
86
87
36108
124
125
36110
158
159
94
95
36112
96
97
36114
132
133
142
143
144
145
36116
168
169
36118
172
173
36120
176
177
180
181
36122
36124
184
185
192
193
194
195
196
197
136
137
146
147
36126
36128
138
139
36130
188
189
202
203
36132
148
149
36134
198
199
36136
204
205
0
1
36138
214
215
2
3
8
9
24073
24074
24076
10
11
12
13
224
225
228
229
36140
232
233
236
237
36142
36144
240
241
36146
36148
36150
244
245
248
249
250
251
252
253
36152
254
255
14
15
18
19
24078
24079
24080
24081
24
25
24084
26
27
28
29
264
265
30
31
34
35
24086
24087
24088
24089
36
37
38
39
274
275
278
279
282
283
286
287
36154
36156
290
291
36158
36160
294
295
298
299
300
301
302
303
36162
304
305
36164
308
309
312
313
36166
314
315
318
319
320
321
40
41
44
36168
36170
36129
45
24091
24092
24093
24094
48
36101
49
24096
54
36107
55
24099
60
36099
61
24077
24082
24100
24102
62
63
64
65
330
331
66
67
70
36097
71
24104
24105
24106
24107
72
73
74
75
340
341
36172
344
345
36174
348
349
352
353
36176
36178
356
357
36180
36182
360
361
364
365
366
367
368
369
36184
370
371
76
77
80
36186
36091
81
24109
24110
24111
24112
84
36103
85
24114
88
36109
89
24085
24116
92
36089
93
24090
24095
24117
24118
98
36115
99
24121
100
101
102
103
380
381
104
105
108
36093
109
24123
24124
24125
24126
110
111
112
113
390
391
36188
394
395
36190
398
399
402
403
36192
36194
406
407
36196
36198
410
411
414
415
416
417
418
419
36200
420
421
36202
424
425
36204
428
429
432
433
436
437
36206
36208
438
439
114
115
118
36210
36095
119
24128
24129
24130
24131
122
36105
123
24133
126
36111
127
24097
24135
130
36087
131
24108
24113
24136
24137
134
36117
135
24139
140
36131
141
24103
24142
150
36135
151
24143
24144
24145
24147
152
153
154
155
448
449
156
157
160
36113
161
24149
24150
24151
24152
162
163
164
165
458
459
36212
462
463
36214
466
467
470
471
36216
36218
474
475
36220
36222
478
479
482
483
484
485
486
487
36224
488
489
166
167
170
36226
36119
171
24154
24155
24156
24157
174
36121
175
24159
178
36125
179
24115
24161
182
36123
183
24127
24132
24162
24163
186
36127
187
24165
190
36133
191
24119
24122
24167
200
36137
201
24168
24169
24170
24171
24172
206
36139
207
24175
208
209
210
211
498
499
212
213
216
36151
217
24177
24178
24179
24180
218
219
220
221
508
509
36228
512
513
36230
516
517
520
521
36232
36234
524
525
36236
36238
528
529
532
533
534
535
536
537
36240
538
539
36242
542
543
36244
546
547
550
551
36246
36248
554
555
558
559
36250
560
561
222
223
226
36252
36149
227
24182
24183
24184
24185
230
36141
231
24187
234
36145
235
24134
24189
238
36143
239
24153
24158
24190
24191
242
36147
243
24193
246
36153
247
24138
24140
24195
256
257
24196
24197
24198
24199
24200
258
259
260
261
570
571
262
263
266
267
24202
24203
24204
24205
268
269
270
271
580
581
584
585
588
589
592
593
596
597
36254
600
601
604
605
606
607
608
609
36256
610
611
272
273
276
277
24207
24208
24209
24210
280
36161
281
24212
284
36157
285
24160
24214
288
36155
289
24181
24186
24215
24216
292
36159
293
24218
296
36258
36163
297
24164
24166
24220
306
36165
307
24221
24222
24223
24224
24225
310
36167
311
24227
316
36171
317
24230
322
36169
323
24148
24173
24231
24233
324
325
326
327
620
621
328
329
332
36183
333
24235
24236
24237
24238
334
335
336
337
630
631
634
635
36260
638
639
36262
642
643
36264
646
647
36266
36268
650
651
654
655
656
657
658
659
36270
660
661
36272
664
665
36274
668
669
36276
672
673
36278
676
677
36280
680
681
684
685
36282
686
687
338
339
342
36284
36173
343
24240
24241
24242
24243
346
36175
347
24245
350
36179
351
24188
24247
354
36177
355
24206
24211
24248
24249
358
36181
359
24251
362
36185
363
24192
24194
24253
372
36187
373
24254
24255
24256
24257
24258
374
375
376
377
696
697
378
379
382
36199
383
24260
24261
24262
24263
384
385
386
387
706
707
36286
710
711
36288
714
715
36290
718
719
36292
722
723
36294
36296
726
727
730
731
732
733
734
735
36298
736
737
388
389
392
36300
36189
393
24265
24266
24267
24268
396
36191
397
24270
400
36195
401
24213
24272
404
36193
405
24239
24244
24273
24274
408
36197
409
24276
412
36201
413
24217
24219
24278
422
36203
423
24279
24280
24281
24282
24283
426
36205
427
24285
430
36209
431
24176
24287
434
36207
435
24201
24226
24288
24289
440
36211
441
24292
442
443
444
445
746
747
446
447
450
36223
451
24294
24295
24296
24297
452
453
454
455
756
757
36302
760
761
36304
764
765
36306
768
769
36308
772
773
36310
36312
776
777
780
781
782
783
784
785
36314
786
787
36316
790
791
36318
794
795
36320
798
799
36322
802
803
36324
806
807
456
457
460
36326
36213
461
24299
24300
24301
24302
464
36215
465
24304
468
36219
469
24246
24306
472
36217
473
24264
24269
24307
24308
476
36221
477
24310
480
36225
481
24250
24252
24312
490
36227
491
24313
24314
24315
24316
24317
492
493
494
495
816
817
496
497
500
36239
501
24319
24320
24321
24322
502
503
504
505
826
827
36328
830
831
36330
834
835
36332
838
839
36334
842
843
36336
36338
846
847
850
851
852
853
854
855
36340
856
857
506
507
510
36342
36229
511
24324
24325
24326
24327
514
36231
515
24329
518
36235
519
24271
24331
522
36233
523
24298
24303
24332
24333
526
36237
527
24335
530
36241
531
24275
24277
24337
540
36243
541
24338
24339
24340
24341
24342
544
36245
545
24344
548
36249
549
24228
24346
552
36247
553
24259
24284
24347
24348
556
36251
557
24350
562
36253
563
24234
24353
564
565
566
567
866
867
568
569
572
573
24355
24356
24357
24358
574
575
576
577
876
877
880
881
36344
884
885
36346
888
889
36348
892
893
36350
36352
36354
896
897
900
901
902
903
904
905
36356
906
907
36358
910
911
36360
914
915
918
919
36362
36364
922
923
36366
926
927
36368
930
931
934
935
36370
936
937
940
941
36372
942
943
36374
946
947
950
951
36376
952
953
36378
578
579
36380
582
583
24360
24361
24362
24363
586
587
24365
590
591
24305
24367
594
595
24323
24328
24368
24369
598
36255
599
24371
602
36257
603
24309
24311
24373
612
36259
613
24374
24375
24376
24377
24378
614
615
616
617
962
963
618
619
622
623
24380
24381
24382
24383
624
625
626
627
972
973
976
977
980
981
984
985
988
989
36382
36384
36386
992
993
996
997
998
999
1000
1001
36388
1002
1003
628
629
632
36390
36269
633
24385
24386
24387
24388
636
36261
637
24390
640
36263
641
24330
24392
644
36265
645
24359
24364
24393
24394
648
36267
649
24396
652
36271
653
24334
24336
24398
662
36273
663
24399
24400
24401
24402
24403
666
36275
667
24405
670
36277
671
24286
24407
674
36279
675
24318
24343
24408
24409
678
36281
679
24411
682
36283
683
24290
24293
24413
688
36285
689
24416
944
36375
945
24544
690
691
692
693
1012
1013
694
695
698
36297
699
24418
24419
24420
24421
700
701
702
703
1022
1023
36392
1026
1027
36394
1030
1031
1034
1035
36396
36398
1038
1039
36400
36402
1042
1043
1046
1047
1048
1049
1050
1051
36404
1052
1053
36406
1056
1057
36408
1060
1061
36410
1064
1065
36412
1068
1069
36414
1072
1073
704
705
36416
36418
36420
36422
36424
36426
36428
708
36430
36287
709
24423
24424
24425
24426
712
36289
713
24428
716
36291
717
24366
24430
720
36293
721
24384
24389
24431
24432
724
36295
725
24434
728
36299
729
24370
24372
24436
738
36301
739
24437
24438
24439
24440
24441
740
741
742
743
1082
1083
744
745
748
36313
749
24443
24444
24445
24446
750
751
752
753
1092
1093
36432
1096
1097
36434
1100
1101
1104
1105
36436
36438
1108
1109
36440
36442
1112
1113
1116
1117
1118
1119
1120
1121
36444
1122
1123
754
755
758
36446
36303
759
24448
24449
24450
24451
762
36305
763
24453
766
36307
767
24391
24455
770
36309
771
24422
24427
24456
24457
774
36311
775
24459
778
36315
779
24395
24397
24461
788
36317
789
24462
24463
24464
24465
24466
792
36319
793
24468
796
36321
797
24345
24470
800
36323
801
24379
24404
24471
24472
804
36325
805
24474
808
36327
809
24349
24351
24476
810
811
812
813
1132
1133
814
815
818
36339
819
24478
24479
24480
24481
820
821
822
823
1142
1143
36448
1146
1147
36450
1150
1151
1154
1155
36452
36454
1158
1159
36456
36458
1162
1163
1166
1167
1168
1169
1170
1171
36460
1172
1173
36462
1176
1177
36464
1180
1181
36466
1184
1185
36468
1188
1189
36470
1192
1193
36472
1196
1197
824
825
828
36474
36329
829
24483
24484
24485
24486
832
36331
833
24488
836
36333
837
24429
24490
840
36335
841
24447
24452
24491
24492
844
36337
845
24494
848
36341
849
24433
24435
24496
858
36343
859
24497
24498
24499
24500
24501
860
861
862
863
1206
1207
864
865
868
36355
869
24503
24504
24505
24506
870
871
872
873
1216
1217
36476
1220
1221
36478
1224
1225
1228
1229
36480
36482
1232
1233
36484
36486
1236
1237
1240
1241
1242
1243
1244
1245
36488
1246
1247
874
875
878
36490
36353
879
24508
24509
24510
24511
882
36345
883
24513
886
36347
887
24454
24515
890
36349
891
24482
24487
24516
24517
894
36351
895
24519
898
36357
899
24458
24460
24521
908
36359
909
24522
24523
24524
24525
24526
912
36361
913
24528
916
36365
917
24406
24530
920
36363
921
24442
24467
24531
24532
924
36367
925
24534
928
36369
929
24410
24412
24536
932
36371
933
24538
948
36377
949
24546
938
36373
939
24541
954
955
24542
24549
956
957
958
959
1256
1257
960
961
964
965
24551
24552
24553
24554
966
967
968
969
1266
1267
1270
1271
1274
1275
1278
1279
1282
1283
36492
36494
36496
1286
1287
1290
1291
1292
1293
1294
1295
36498
1296
1297
36500
1300
1301
36502
1304
1305
36504
1308
1309
36506
1312
1313
36508
1316
1317
970
971
974
975
24556
24557
24558
24559
978
979
24561
982
36387
983
24489
24563
986
36385
987
24507
24512
24564
24565
990
36383
991
24567
994
36510
36389
995
24493
24495
24569
1004
36391
36427
36429
1005
24570
24571
24572
24573
24574
1006
1007
1008
1009
1326
1327
1010
1011
1014
36403
1015
24576
24577
24578
24579
1016
1017
1018
1019
1336
1337
1340
1341
1344
1345
1348
1349
36512
36514
1352
1353
36516
36518
1356
1357
1360
1361
1362
1363
1364
1365
36520
1366
1367
1020
1021
1024
36522
36393
1025
24581
24582
24583
24584
1028
36395
1029
24586
1032
36399
1033
24514
24588
1036
36397
1037
24555
24560
24589
24590
1040
36401
1041
24592
1044
36405
1045
24518
24520
24594
1054
36407
36421
36423
36425
1055
24595
24596
24597
24598
24599
1058
36409
1059
24601
1062
36411
1063
24469
24603
1066
36413
1067
24502
24527
24604
24605
1070
36415
1071
24607
1074
36431
1075
24473
24475
24609
1076
1077
1078
1079
1376
1377
1080
1081
1084
36443
1085
24611
24612
24613
24614
1086
1087
1088
1089
1386
1387
36524
1390
1391
36526
1394
1395
1398
1399
36528
36530
1402
1403
36532
36534
1406
1407
1410
1411
1412
1413
1414
1415
36536
1416
1417
36538
1420
1421
36540
1424
1425
36542
1428
1429
36544
1432
1433
36546
1436
1437
36548
1440
1441
36550
1444
36419
1445
36552
1448
36381
1449
36554
36556
36558
36560
1452
1453
36562
1456
36379
1457
1460
1461
36564
1462
1463
1466
1467
36566
1468
1469
1470
1471
24417
24807
36568
36570
36572
1472
1473
1474
1475
1476
1477
24545
24808
24810
1478
1479
36574
1482
1483
36576
1486
1487
36578
1488
1489
36580
36582
36584
36586
1090
1091
36588
36590
36592
36594
36596
36598
36600
36602
1094
36433
1095
24616
24617
24618
24619
1098
36435
1099
24621
1102
36439
1103
24562
24623
1106
36437
1107
24580
24585
24624
24625
1110
36441
1111
24627
1114
36604
36445
1115
24566
24568
24629
1124
36447
1125
24630
24631
24632
24633
24634
1126
1127
1128
1129
1498
1499
1130
1131
1134
36459
1135
24636
24637
24638
24639
1136
1137
1138
1139
1508
1509
1512
1513
1516
1517
1520
1521
36606
36608
1524
1525
36610
36612
1528
1529
1532
1533
1534
1535
1536
1537
36614
1538
1539
1140
1141
1144
36616
36449
1145
24641
24642
24643
24644
1148
36451
1149
24646
1152
36455
1153
24587
24648
1156
36453
1157
24615
24620
24649
24650
1160
36457
1161
24652
1164
36461
1165
24591
24593
24654
1174
36463
1175
24655
24656
24657
24658
24659
1178
36465
1179
24661
1182
36467
1183
24529
24663
1186
36469
1187
24575
24600
24664
24665
1190
36471
1191
24667
1194
36473
1195
24533
24535
24669
1198
36475
1199
24671
1450
1451
24797
1200
1201
1202
1203
1548
1549
1204
1205
1208
36487
1209
24673
24674
24675
24676
1210
1211
1212
1213
1558
1559
1562
1563
1566
1567
1570
1571
36618
36620
1574
1575
36622
36624
1578
1579
1582
1583
1584
1585
1586
1587
36626
1588
1589
36628
1592
1593
36630
1596
1597
36632
1600
1601
36634
1604
1605
36636
1608
1609
1214
1215
1218
36638
36477
1219
24678
24679
24680
24681
1222
36479
1223
24683
1226
36483
1227
24622
24685
1230
36481
1231
24640
24645
24686
24687
1234
36485
1235
24689
1238
36489
1239
24626
24628
24691
1248
36491
1249
24692
24693
24694
24695
24696
1250
1251
1252
1253
1618
1619
1254
1255
1258
1259
24698
24699
24700
24701
1260
1261
1262
1263
1628
1629
1632
1633
36640
1636
1637
1640
1641
36642
36644
1644
1645
36646
36648
36650
1648
1649
1652
1653
1654
1655
1656
1657
36652
1658
1659
1264
1265
1268
36561
1269
24703
24704
24705
24706
1272
36559
1273
24708
1276
36497
1277
24647
24710
1280
36495
1281
24677
24682
24711
24712
1284
36493
1285
24714
1288
36654
36499
1289
24651
24653
24716
1298
36501
1299
24717
24718
24719
24720
24721
1302
36503
1303
24723
1306
36505
1307
24602
24725
1310
36507
1311
24635
24660
24726
24727
1314
36509
1315
24729
1318
36511
1319
24606
24608
24731
1320
1321
1322
1323
1668
1669
1324
1325
1328
36557
1329
24733
24734
24735
24736
1330
1331
1332
1333
1678
1679
1682
1683
36656
1686
1687
1690
1691
36658
36660
1694
1695
36662
36664
1698
1699
1702
1703
1704
1705
1706
1707
36666
1708
1709
36668
1712
1713
36670
1716
1717
36672
1720
1721
36674
1724
1725
36676
1728
1729
36678
1732
1733
1334
1335
1338
36680
36555
1339
24738
24739
24740
24741
1342
36519
1343
24743
1346
36515
1347
24684
24745
1350
36513
1351
24702
24707
24746
24747
1354
36517
1355
24749
1358
36521
1359
24688
24690
24751
1368
36523
1369
24752
24753
24754
24755
24756
1370
1371
1372
1373
1742
1743
1374
1375
1378
36535
1379
24758
24759
24760
24761
1380
1381
1382
1383
1752
1753
36682
1756
1757
36684
1760
1761
1764
1765
36686
36688
1768
1769
36690
36692
1772
1773
1776
1777
1778
1779
1780
1781
36694
1782
1783
1384
1385
1388
36696
36525
1389
24763
24764
24765
24766
1392
36527
1393
24768
1396
36531
1397
24709
24770
1400
36529
1401
24737
24742
24771
24772
1404
36533
1405
24774
1408
36537
1409
24713
24715
24776
1418
36539
36599
36601
36603
1419
24777
24778
24779
24780
24781
1422
36541
1423
24783
1426
36543
1427
24662
24785
1430
36545
1431
24697
24722
24786
24787
1434
36547
1435
24789
1438
36549
1439
24666
24668
24791
1442
36551
1443
24793
1454
36563
1455
24799
1446
36553
36597
1447
24795
1458
36565
36595
1459
24796
24801
1480
36575
1481
24539
24672
24812
1484
36579
1485
24547
24798
24813
24814
1464
36567
36593
1465
24804
1490
36605
36591
1491
24805
24817
1492
1493
1494
1495
1792
1793
1496
1497
1500
1501
24819
24820
24821
24822
1502
1503
1504
1505
1802
1803
1806
1807
36698
1810
1811
1814
1815
36700
36702
1818
1819
36704
36706
36708
1822
1823
1826
1827
1828
1829
1830
1831
36710
1832
1833
36712
1836
1837
36714
1840
1841
1844
1845
36716
36718
1848
1849
36720
1852
1853
1506
1507
36722
36724
36726
36728
36730
36732
36734
36736
36738
36740
36742
36744
36746
36748
36750
36752
1510
1511
24824
24825
24826
24827
1514
36613
1515
24829
1518
36609
1519
24744
24831
1522
36607
1523
24762
24767
24832
24833
1526
36611
1527
24835
1530
36754
36615
1531
24748
24750
24837
1540
36617
1541
24838
24839
24840
24841
24842
1542
1543
1544
1545
1862
1863
1546
1547
1550
1551
24844
24845
24846
24847
1552
1553
1554
1555
1872
1873
1876
1877
1880
1881
1884
1885
1888
1889
36756
36758
36760
1892
1893
1896
1897
1898
1899
1900
1901
36762
1902
1903
1556
1557
1560
1561
24849
24850
24851
24852
1564
36625
1565
24854
1568
36621
1569
24769
24856
1572
36619
1573
24823
24828
24857
24858
1576
36623
1577
24860
1580
36764
36627
1581
24773
24775
24862
1590
36629
1591
24863
24864
24865
24866
24867
1594
36631
1595
24869
1598
36633
1599
24724
24871
1602
36635
1603
24757
24782
24872
24873
1606
36637
1607
24875
1610
36639
1611
24728
24730
24877
1612
1613
1614
1615
1912
1913
1616
1617
1620
36651
1621
24879
24880
24881
24882
1622
1623
1624
1625
1922
1923
1926
1927
36766
1930
1931
1934
1935
36768
36770
1938
1939
36772
36774
1942
1943
1946
1947
1948
1949
1950
1951
36776
1952
1953
36778
1956
1957
36780
1960
1961
36782
1964
1965
36784
1968
1969
36786
1972
1973
36788
1976
1977
36790
1980
36589
1981
36792
1984
36587
1985
36794
36796
36798
1988
1989
36800
1992
36585
1993
1626
1627
1630
36649
1631
24884
24885
24886
24887
1634
36641
1635
24889
1638
36645
1639
24830
24891
1642
36643
1643
24848
24853
24892
24893
1646
36647
1647
24895
1650
36802
36653
1651
24834
24836
24897
1660
36655
1661
24898
24899
24900
24901
24902
1662
1663
1664
1665
2002
2003
1666
1667
1670
1671
24904
24905
24906
24907
1672
1673
1674
1675
2012
2013
2016
2017
2020
2021
2024
2025
36804
36806
2028
2029
36808
36810
2032
2033
2036
2037
2038
2039
2040
2041
36812
2042
2043
1676
1677
1680
36814
36665
1681
24909
24910
24911
24912
1684
36657
1685
24914
1688
36661
1689
24855
24916
1692
36659
1693
24883
24888
24917
24918
1696
36663
1697
24920
1700
36667
1701
24859
24861
24922
1710
36669
1711
24923
24924
24925
24926
24927
1714
36671
1715
24929
1718
36673
1719
24784
24931
1722
36675
1723
24843
24868
24932
24933
1726
36677
1727
24935
1730
36679
1731
24788
24790
24937
1734
36681
1735
24939
1986
1987
25065
1736
1737
1738
1739
2052
2053
1740
1741
1744
36693
1745
24941
24942
24943
24944
1746
1747
1748
1749
2062
2063
2066
2067
2070
2071
2074
2075
36816
36818
2078
2079
36820
36822
2082
2083
2086
2087
2088
2089
2090
2091
36824
2092
2093
36826
2096
2097
36828
2100
2101
36830
2104
2105
36832
2108
2109
36834
2112
2113
1750
1751
1754
36836
36683
1755
24946
24947
24948
24949
1758
36685
1759
24951
1762
36689
1763
24890
24953
1766
36687
1767
24908
24913
24954
24955
1770
36691
1771
24957
1774
36695
1775
24894
24896
24959
1784
36697
36751
36753
1785
24960
24961
24962
24963
24964
1786
1787
1788
1789
2122
2123
1790
1791
1794
36709
1795
24966
24967
24968
24969
1796
1797
1798
1799
2132
2133
36838
2136
2137
36840
2140
2141
2144
2145
36842
36844
2148
2149
36846
36848
2152
2153
2156
2157
2158
2159
2160
2161
36850
2162
2163
1800
1801
36852
36854
36856
36858
36860
1804
36862
36707
1805
24971
24972
24973
24974
1808
36699
1809
24976
1812
36703
1813
24915
24978
1816
36701
1817
24945
24950
24979
24980
1820
36705
1821
24982
1824
36711
1825
24919
24921
24984
1834
36713
36745
36747
36749
1835
24985
24986
24987
24988
24989
1838
36715
1839
24991
1842
36719
1843
24870
24993
1846
36717
1847
24903
24928
24994
24995
1850
36721
1851
24997
1854
36755
1855
24874
24876
24999
1856
1857
1858
1859
2172
2173
1860
1861
1864
1865
25001
25002
25003
25004
1866
1867
1868
1869
2182
2183
2186
2187
36864
2190
2191
2194
2195
36866
36868
2198
2199
36870
36872
36874
2202
2203
2206
2207
2208
2209
2210
2211
36876
2212
2213
36878
2216
2217
36880
2220
2221
2224
2225
36882
36884
2228
2229
36886
2232
2233
36888
2236
2237
1870
1871
1874
36799
1875
25006
25007
25008
25009
1878
36797
1879
25011
1882
36761
1883
24952
25013
1886
36759
1887
24970
24975
25014
25015
1890
36757
1891
25017
1894
36890
36763
1895
24956
24958
25019
1904
36765
1905
25020
25021
25022
25023
25024
1906
1907
1908
1909
2246
2247
1910
1911
36892
36894
36896
36898
36900
36902
36904
1914
36795
1915
25026
25027
25028
25029
1916
1917
1918
1919
2256
2257
2260
2261
36906
2264
2265
2268
2269
36908
36910
2272
2273
36912
36914
2276
2277
2280
2281
2282
2283
2284
2285
36916
2286
2287
1920
1921
36918
36920
36922
36924
36926
36928
1924
36930
36775
1925
25031
25032
25033
25034
1928
36767
1929
25036
1932
36771
1933
24977
25038
1936
36769
1937
25005
25010
25039
25040
1940
36773
1941
25042
1944
36777
1945
24981
24983
25044
1954
36779
1955
25045
25046
25047
25048
25049
1958
36781
1959
25051
1962
36783
1963
24930
25053
1966
36785
1967
24965
24990
25054
25055
1970
36787
1971
25057
1974
36789
1975
24934
24936
25059
1978
36791
1979
25061
1990
36801
1991
25067
1982
36793
36743
1983
25063
1994
36803
36741
1995
25064
25069
1996
1997
1998
1999
2296
2297
2000
2001
2004
2005
25071
25072
25073
25074
2006
2007
2008
2009
2306
2307
2310
2311
36932
2314
2315
2318
2319
36934
36936
2322
2323
36938
36940
36942
2326
2327
2330
2331
2332
2333
2334
2335
36944
2336
2337
36946
2340
2341
36948
2344
2345
2348
2349
36950
36952
2352
2353
36954
2356
2357
2010
2011
2014
2015
25076
25077
25078
25079
2018
36811
2019
25081
2022
36807
2023
25012
25083
2026
36805
2027
25030
25035
25084
25085
2030
36809
2031
25087
2034
36956
36813
2035
25016
25018
25089
2044
36815
2045
25090
25091
25092
25093
25094
2046
2047
2048
2049
2366
2367
2050
2051
2054
2055
25096
25097
25098
25099
2056
2057
2058
2059
2376
2377
2380
2381
2384
2385
2388
2389
2392
2393
36958
36960
36962
2396
2397
2400
2401
2402
2403
2404
2405
36964
2406
2407
2060
2061
2064
2065
25101
25102
25103
25104
2068
36823
2069
25106
2072
36819
2073
25037
25108
2076
36817
2077
25075
25080
25109
25110
2080
36821
2081
25112
2084
36966
36825
2085
25041
25043
25114
2094
36827
36925
36927
36929
2095
25115
25116
25117
25118
25119
2098
36829
2099
25121
2102
36831
2103
24992
25123
2106
36833
2107
25025
25050
25124
25125
2110
36835
2111
25127
2114
36837
2115
24996
24998
25129
2116
2117
2118
2119
2416
2417
2120
2121
2124
36849
2125
25131
25132
25133
25134
2126
2127
2128
2129
2426
2427
2430
2431
36968
2434
2435
2438
2439
36970
36972
2442
2443
36974
36976
2446
2447
2450
2451
2452
2453
2454
2455
36978
2456
2457
36980
2460
2461
36982
2464
2465
36984
2468
2469
36986
2472
2473
36988
2476
2477
36990
2480
36905
2481
36992
2484
36903
2485
36994
2488
36901
2489
36996
36998
2492
2493
37000
2496
36899
2497
37002
2500
36573
2501
37004
2504
36583
2505
2506
2507
24794
24940
25325
2508
36577
2509
2510
2511
24800
25066
25326
25327
2512
2513
37006
2516
2517
37008
2520
36581
2521
2524
2525
37010
2526
2527
2530
2531
37012
2532
2533
2534
36737
36739
2535
24550
25339
2536
2537
2538
2539
2540
36733
36735
2541
24811
25340
25342
2542
2543
2544
2545
2546
2547
25345
2548
2549
25344
25346
2550
2551
2552
2553
25348
2554
2555
25349
2556
2557
2558
2559
2560
2561
25352
2562
2563
25351
25353
2564
2565
2566
2567
25355
2568
2569
25350
25356
2570
2571
2572
2573
25358
2574
2575
25359
2576
2577
2578
2579
25361
2580
2581
25347
25362
2582
2583
2584
2585
25364
2586
2587
25354
25363
25365
2588
2589
2590
2591
25367
2592
2593
25360
25368
2594
2595
37014
2598
2599
2602
2603
37016
2604
2605
37018
37020
37022
37024
37026
37028
37030
2130
2131
37032
37034
2134
37036
36839
2135
25136
25137
25138
25139
2138
36841
2139
25141
2142
36845
2143
25082
25143
2146
36843
2147
25100
25105
25144
25145
2150
36847
2151
25147
2154
36851
2155
25086
25088
25149
2164
36863
36857
36859
36861
2165
25150
25151
25152
25153
25154
2166
2167
2168
2169
2614
2615
2170
2171
2174
36875
2175
25156
25157
25158
25159
2176
2177
2178
2179
2624
2625
37038
2628
2629
37040
2632
2633
2636
2637
37042
37044
2640
2641
37046
37048
2644
2645
2648
2649
2650
2651
2652
2653
37050
2654
2655
2180
2181
37052
37054
2184
37056
36873
2185
25161
25162
25163
25164
2188
36865
2189
25166
2192
36869
2193
25107
25168
2196
36867
2197
25135
25140
25169
25170
2200
36871
2201
25172
2204
36877
2205
25111
25113
25174
2214
36879
36893
36895
36897
2215
25175
25176
25177
25178
25179
2218
36881
2219
25181
2222
36885
2223
25052
25183
2226
36883
2227
25095
25120
25184
25185
2230
36887
2231
25187
2234
36889
2235
25056
25058
25189
2238
36891
2239
25191
2490
2491
25317
2240
2241
2242
2243
2664
2665
37058
37060
37062
37064
37066
37068
2244
2245
2248
2249
25193
25194
25195
25196
2250
2251
2252
2253
2674
2675
2678
2679
2682
2683
2686
2687
2690
2691
37070
37072
37074
2694
2695
2698
2699
2700
2701
2702
2703
37076
2704
2705
37078
2708
2709
37080
2712
2713
37082
2716
2717
37084
2720
2721
37086
2724
2725
2254
2255
2258
37088
36915
2259
25198
25199
25200
25201
2262
36907
2263
25203
2266
36911
2267
25142
25205
2270
36909
2271
25160
25165
25206
25207
2274
36913
2275
25209
2278
36917
2279
25146
25148
25211
2288
36931
36919
36921
36923
2289
25212
25213
25214
25215
25216
2290
2291
2292
2293
2734
2735
2294
2295
2298
36943
2299
25218
25219
25220
25221
2300
2301
2302
2303
2744
2745
37090
2748
2749
37092
2752
2753
2756
2757
37094
37096
2760
2761
37098
37100
2764
2765
2768
2769
2770
2771
2772
2773
37102
2774
2775
37104
37106
37108
2304
2305
37110
37112
37114
37116
2308
37118
36941
2309
25223
25224
25225
25226
2312
36933
2313
25228
2316
36937
2317
25167
25230
2320
36935
2321
25197
25202
25231
25232
2324
36939
2325
25234
2328
36945
2329
25171
25173
25236
2338
36947
2339
25237
25238
25239
25240
25241
2342
36949
2343
25243
2346
36953
2347
25122
25245
2350
36951
2351
25155
25180
25246
25247
2354
36955
2355
25249
2358
36957
2359
25126
25128
25251
2360
2361
2362
2363
2784
2785
2364
2365
2368
2369
25253
25254
25255
25256
2370
2371
2372
2373
2794
2795
2798
2799
37120
2802
2803
2806
2807
37122
37124
2810
2811
37126
37128
37130
2814
2815
2818
2819
2820
2821
2822
2823
37132
2824
2825
37134
2828
2829
37136
2832
2833
2836
2837
37138
37140
2840
2841
37142
2844
2845
37144
2848
2849
2374
2375
2378
2379
25258
25259
25260
25261
2382
36999
2383
25263
2386
36963
2387
25204
25265
2390
36961
2391
25222
25227
25266
25267
2394
36959
2395
25269
2398
36965
2399
25208
25210
25271
2408
36967
2409
25272
25273
25274
25275
25276
2410
2411
2412
2413
2858
2859
2414
2415
2418
36997
2419
25278
25279
25280
25281
2420
2421
2422
2423
2868
2869
37146
2872
2873
37148
2876
2877
2880
2881
37150
37152
2884
2885
37154
37156
2888
2889
2892
2893
2894
2895
2896
2897
37158
2898
2899
2424
2425
2428
37160
36977
2429
25283
25284
25285
25286
2432
36969
2433
25288
2436
36973
2437
25229
25290
2440
36971
2441
25257
25262
25291
25292
2444
36975
2445
25294
2448
36979
2449
25233
25235
25296
2458
36981
2459
25297
25298
25299
25300
25301
2462
36983
2463
25303
2466
36985
2467
25182
25305
2470
36987
2471
25217
25242
25306
25307
2474
36989
2475
25309
2478
36991
2479
25186
25188
25311
2482
36993
2483
25313
2494
37001
2495
25319
2486
36995
2487
25315
2498
37003
2499
25316
25321
2514
37007
2515
25062
25192
25329
2518
37009
2519
25068
25318
25330
25331
2502
37005
2503
25323
2522
37011
2523
25324
25333
2596
37015
2597
24802
25070
25370
2600
37017
2601
24815
25328
25371
25372
2528
37013
36731
2529
25336
2606
37037
2607
25337
25375
2608
2609
2610
2611
2908
2909
2612
2613
2616
37049
2617
25377
25378
25379
25380
2618
2619
2620
2621
2918
2919
37162
2922
2923
37164
2926
2927
2930
2931
37166
37168
2934
2935
37170
37172
2938
2939
2942
2943
2944
2945
2946
2947
37174
2948
2949
37176
2952
2953
37178
2956
2957
37180
2960
2961
37182
2964
2965
37184
2968
2969
2622
2623
2626
37186
37039
2627
25382
25383
25384
25385
2630
37041
2631
25387
2634
37045
2635
25264
25389
2638
37043
2639
25282
25287
25390
25391
2642
37047
2643
25393
2646
37051
2647
25268
25270
25395
2656
37057
37117
2657
25396
25397
25398
25399
25400
2658
2659
2660
2661
2978
2979
2662
2663
2666
2667
25402
25403
25404
25405
2668
2669
2670
2671
2988
2989
24075
2992
2993
24083
37188
2996
2997
3000
3001
37190
37192
3004
3005
37194
37196
3008
3009
3012
3013
3014
3015
3016
3017
37198
3018
3019
37200
3022
3023
24098
3026
3027
24101
3030
3031
37202
37204
37206
3034
3035
3038
3039
3040
3041
3042
3043
37208
3044
3045
37210
3048
3049
37212
3052
3053
37214
3056
3057
37216
3060
3061
37218
3064
3065
37220
3068
3069
37222
3072
37069
3073
37224
3076
37067
3077
37226
37228
3080
3081
37230
3084
37065
3085
3088
3089
24120
37232
37234
3092
3093
3096
3097
3098
3099
3100
3101
37236
3102
3103
37238
3106
3107
24141
3110
3111
3112
3113
37240
3114
3115
24146
37242
3118
3119
24174
37244
3122
3123
3126
3127
37246
37248
3130
3131
37250
3134
3135
37252
3138
3139
24229
3142
3143
24232
37254
37256
3146
3147
37258
3150
3151
37260
3154
3155
37262
3158
3159
24291
37264
3162
3163
37266
3166
3167
24352
37268
3170
3171
24415
37270
3174
3175
24540
37272
3178
3179
37274
3182
3183
24543
37276
3186
3187
24548
37278
3190
37063
3191
24803
37280
3194
37055
3195
37282
3198
37053
3199
37284
3202
3203
24806
37286
3206
3207
24809
37288
3210
37035
3211
24816
37290
3214
37033
3215
37292
3218
37031
3219
25338
37294
3222
37029
3223
25341
37296
3226
37027
3227
3230
3231
37298
3232
3233
3236
3237
37300
3238
3239
3240
3241
25692
3242
3243
3244
3245
25694
3246
37025
3247
25357
25695
3248
3249
3250
3251
25697
3252
37023
3253
25366
25696
25698
3254
3255
3256
3257
3258
3259
25693
25701
3260
3261
37302
3264
3265
3268
3269
37304
3270
3271
37306
3274
3275
25335
37308
3278
3279
25374
37310
3282
3283
37312
3286
3287
25691
37314
3290
3291
25700
37316
3294
3295
3298
3299
37318
3300
3301
3304
3305
37320
3306
3307
3310
3311
37322
3312
3313
37324
3316
3317
37326
3320
3321
3324
3325
37328
3326
3327
37330
3330
3331
25688
37332
3334
3335
25707
37334
3338
3339
37336
3342
3343
25725
37338
3346
3347
25728
37340
3350
3351
3354
3355
37342
3356
3357
3360
3361
37344
3362
3363
3366
3367
37346
3368
3369
37348
3372
3373
37350
3376
3377
3380
3381
37352
3382
3383
37354
3386
3387
25722
37356
3390
3391
25735
37358
3394
3395
37360
3398
3399
25753
37362
3402
3403
25756
37364
3406
3407
3410
3411
37366
3412
3413
3416
3417
37368
3418
3419
3422
3423
37370
3424
3425
37372
3428
3429
37374
3432
3433
3436
3437
37376
3438
3439
37378
3442
3443
25750
37380
3446
3447
25763
37382
3450
3451
37384
3454
3455
25781
37386
3458
3459
25784
37388
3462
3463
3466
3467
37390
3468
3469
3472
3473
37392
3474
3475
3478
3479
37394
3480
3481
37396
3484
3485
37398
3488
3489
3492
3493
37400
3494
3495
37402
3498
3499
25778
37404
3502
3503
25791
37406
3506
3507
37408
3510
3511
25809
37410
3514
3515
25812
37412
3518
3519
3522
3523
37414
3524
3525
3528
3529
37416
3530
3531
3534
3535
37418
3536
3537
37420
3540
3541
37422
3544
3545
3548
3549
37424
3550
3551
37426
3554
3555
25806
37428
3558
3559
25819
37430
3562
3563
25834
37432
3566
3567
25837
37434
3570
3571
25840
37436
3574
3575
25847
3578
3579
37438
3580
3581
25862
3584
3585
3586
3587
25865
3590
3591
37440
37442
3592
3593
3596
3597
37444
3598
3599
37446
3602
3603
25868
37448
3606
3607
25871
3610
3611
37450
3612
3613
25878
3616
3617
3618
3619
25881
3622
3623
37452
37454
3624
3625
3628
3629
37456
3630
3631
37458
3634
3635
25884
37460
3638
3639
25887
3642
3643
37462
3644
3645
25894
3648
3649
3650
3651
25897
3654
3655
37464
37466
3656
3657
3660
3661
37468
3662
3663
37470
3666
3667
25900
37472
3670
3671
25903
3674
3675
37474
3676
3677
25910
3680
3681
3682
3683
25913
3686
3687
37476
37478
3688
3689
3692
3693
37480
3694
3695
37482
3698
3699
25916
37484
3702
3703
25919
3706
3707
37486
3708
3709
25926
3712
3713
3714
3715
25929
3718
3719
37488
37490
3720
3721
3724
3725
37492
3726
3727
37494
3730
3731
25932
37496
3734
3735
25935
3738
3739
37498
3740
3741
25942
3744
3745
3746
3747
25945
3750
3751
37500
37502
3752
3753
3756
3757
37504
3758
3759
37506
3762
3763
25948
37508
3766
3767
25951
3770
3771
37510
3772
3773
25958
3776
3777
3778
3779
25961
3782
3783
37512
37514
3784
3785
3788
3789
37516
3790
3791
37518
3794
3795
25964
37520
3798
3799
25967
3802
3803
37522
3804
3805
25974
3808
3809
3810
3811
25977
3815
3816
3817
3818
25980
3821
3822
37524
37526
3823
3824
25983
3827
3828
37528
3829
3830
25986
3833
3834
37530
3835
3836
25989
3839
3840
37532
3841
3842
25992
3845
3846
37534
3847
3848
25995
3851
3852
37536
3853
3854
25998
3857
3858
37538
3859
3860
26001
3864
3865
37540
3866
3867
26004
3870
3871
37542
3872
3873
26007
3876
3877
37544
3878
3879
26010
3882
3883
37546
3884
3885
26013
3888
3889
37548
3890
3891
26016
3894
3895
37550
3896
3897
26019
3900
3901
37552
3902
3903
26022
3906
3907
37554
3908
3909
26025
3913
3914
37556
3915
3916
26028
3919
3920
37558
3921
3922
26031
3925
3926
37560
3927
3928
26034
3931
3932
37562
3933
3934
26037
3937
3938
37564
3939
3940
26040
3943
3944
37566
3945
3946
26043
3949
3950
37568
3951
3952
26046
3955
3956
37570
3957
3958
26049
3962
3963
37572
3964
3965
26052
3968
3969
37574
3970
3971
26055
3974
3975
37576
3976
3977
26058
3980
3981
37578
3982
3983
26061
3986
3987
37580
3988
3989
26064
3992
3993
37582
3994
3995
26067
3998
3999
37584
4000
4001
26070
4004
4005
37586
4006
4007
26073
4011
4012
37588
37590
4013
4014
4017
4018
37592
4019
4020
37594
4023
4024
37596
4027
4028
4031
4032
37598
4033
4034
4037
4038
37600
4039
4040
4043
4044
37602
4045
4046
37604
4049
4050
37606
4053
4054
4057
4058
37608
4059
4060
37610
4064
4065
26076
37612
4068
4069
26079
37614
4072
4073
37616
4076
4077
26089
37618
4080
4081
26092
37620
4084
4085
37622
4089
4090
26086
37624
4093
4094
26099
4098
4099
37626
4100
4101
4104
4105
37628
4106
4107
37630
4111
4112
37632
4115
4116
37634
4120
4121
26118
37636
4124
4125
26121
4129
4130
37638
4131
4132
4133
36569
36571
36729
4134
26133
4135
4136
4137
36727
4138
26135
4139
4140
4141
36725
4142
24537
26137
4143
4144
4145
4146
4147
4148
26140
4149
4150
4151
36723
4152
24610
26142
4153
4154
4155
4156
26144
4157
4158
4159
36855
4160
24670
26146
4161
4162
4163
4164
26148
4165
4166
4167
4168
4169
4170
26138
26151
4171
4172
4173
36853
4174
24732
26153
4175
4176
4177
4178
26155
4179
4180
4181
4182
26143
26157
4183
4184
4185
37021
4186
24792
26159
4187
4188
4189
4190
26161
4191
4192
4193
4194
26147
26149
26163
37640
37642
37644
37646
37648
37650
37652
37654
37656
37658
37660
4195
4196
4197
4198
4199
4200
26166
4201
4202
4203
37662
37019
4204
24878
26168
4205
4206
4207
4208
26170
4209
4210
4211
4212
26154
26156
26172
4213
4214
4215
4216
26174
4217
4218
4219
37664
37061
4220
24938
26176
4221
4222
4223
4224
26178
4225
4226
4227
4228
26160
26162
26180
4229
4230
4231
4232
26182
37666
4233
4234
4235
4236
37668
4237
4238
26185
37670
37672
37674
37676
4239
4240
4241
4242
4243
4244
26188
4245
4246
4247
4248
26190
4249
4250
4251
4252
26164
26192
37678
4253
4254
4255
4256
4257
4258
26186
26195
4259
4260
4261
37059
4262
25000
26197
4263
4264
4265
4266
26199
4267
4268
4269
4270
26169
26171
26201
4271
4272
4273
4274
26203
4275
4276
4277
4278
25060
26205
4279
4280
4281
4282
26207
4283
4284
37680
4285
4286
26177
26179
26209
4287
4288
4289
4290
26211
4291
4292
37682
4293
4294
26213
4295
4296
4297
4298
26173
26215
4299
4300
4301
4302
26181
26217
4303
4304
4305
4306
26214
26219
4307
4308
4309
4310
25130
26221
4311
4312
4313
4314
26223
4315
4316
4317
4318
26198
26200
26225
4319
4320
4321
4322
26227
4323
4324
4325
4326
25190
26229
4327
4328
4329
4330
26231
4331
4332
4333
4334
26206
26208
26233
4335
4336
4337
4338
26235
4339
4340
4341
4342
26237
4343
4344
37684
4345
4346
26202
26239
4347
4348
4349
4350
26210
26241
4351
4352
4353
4354
26238
26243
37686
37688
37690
37692
37694
37696
4355
4356
4357
4358
4359
4360
26246
37698
37700
37702
37704
37706
37708
4361
4362
4363
4364
4365
4366
26249
37710
37712
37714
37716
37718
37720
37722
37724
4367
4368
4369
4370
4371
4372
26250
26252
4373
4374
4375
4376
26254
4377
4378
4379
4380
26255
26256
4381
4382
4383
4384
26258
4385
4386
4387
4388
26259
26260
37726
37728
4389
4390
4391
4392
4393
4394
26247
26263
4395
4396
4397
4398
4399
4400
26266
37730
37732
4401
4402
4403
4404
4405
4406
26267
26269
4407
4408
4409
4410
26271
4411
4412
4413
4414
26272
26273
4415
4416
4417
4418
26275
4419
4420
4421
4422
26276
26277
37734
37736
37738
4423
4424
4425
4426
4427
4428
26264
26280
37740
37742
4429
4430
4431
4432
4433
4434
26283
37744
4435
4436
4437
4438
4439
4440
26284
26286
4441
4442
4443
4444
26288
4445
4446
4447
4448
26289
26290
4449
4450
4451
4452
26292
4453
4454
4455
4456
26293
26294
4457
4458
4459
4460
4461
4462
26281
26297
4463
4464
4465
4466
4467
4468
26300
37746
37748
4469
4470
4471
4472
4473
4474
26301
26303
4475
4476
4477
4478
26305
4479
4480
4481
4482
26306
26307
4483
4484
4485
4486
26309
4487
4488
4489
4490
26310
26311
4491
4492
4493
4494
4495
4496
26298
26314
37750
37752
37754
4497
4498
4499
4500
4501
4502
26317
37756
4503
4504
4505
4506
4507
4508
26318
26320
4509
4510
4511
4512
26322
4513
4514
4515
4516
26323
26324
4517
4518
4519
4520
26326
4521
4522
4523
4524
26327
26328
37758
4525
4526
4527
4528
4529
4530
26315
26331
37760
37762
4531
4532
4533
4534
4535
4536
26334
37764
4537
4538
4539
4540
4541
4542
26335
26337
4543
4544
4545
4546
26339
4547
4548
4549
4550
26340
26341
4551
4552
4553
4554
26343
4555
4556
4557
4558
26344
26345
37766
4559
4560
4561
4562
4563
4564
26332
26348
37768
37770
4565
4566
4567
4568
4569
4570
26175
26351
4571
4572
4573
4574
4575
4576
26191
26352
26354
4577
4578
4579
4580
26183
26204
26356
4581
4582
4583
4584
26193
26216
26357
26358
4585
4586
4587
4588
26212
26228
26360
4589
4590
4591
4592
26218
26240
26361
26362
4593
4594
4595
4596
4597
4598
26349
26365
4599
4600
37772
4603
4604
37774
4607
4608
37776
4611
4612
37778
4615
4616
37780
4619
4620
37782
4623
4624
37784
4627
4628
37786
4631
4632
37788
4635
4636
37790
4639
4640
37792
4643
4644
37794
4647
4648
37796
4651
4652
37798
4655
4656
37800
4659
4660
37802
4663
4664
37804
4667
4668
37806
4671
4672
37808
4675
4676
37810
4679
4680
37812
4683
4684
37814
4687
4688
37816
4691
4692
37818
4695
4696
37820
4699
4700
37822
4703
4704
37824
4707
4708
37826
4711
4712
37828
4715
4716
37830
4719
4720
37832
4723
4724
37834
4727
4728
37836
4731
4732
37838
4735
4736
37840
4739
4740
37842
4743
4744
37844
4747
4748
37846
4751
4752
37848
4755
4756
37850
4759
4760
37852
4763
4764
37854
4767
4768
37856
4771
4772
37858
4775
4776
37860
4779
4780
37862
4783
4784
37864
4787
4788
37866
4791
4792
37868
4795
4796
37870
4799
4800
37872
4803
4804
37874
4807
4808
37876
4811
4812
37878
4815
4816
37880
4819
4820
37882
4823
4824
37884
4827
4828
37886
4831
4832
37888
4835
4836
37890
4839
4840
37892
4843
4844
37894
4847
4848
37896
4851
4852
37898
4855
4856
37900
4859
4860
37902
4863
4864
37904
4867
4868
4871
4872
37906
4873
4874
4877
4878
4879
4880
4881
4882
26507
4883
4884
26506
26508
4885
4886
4887
4888
4889
4890
26511
4891
4892
26509
26510
26512
4893
4894
4895
4896
4897
4898
26515
4899
4900
26513
26514
26516
4901
4902
4903
4904
4905
4906
26519
4907
4908
26517
26518
26520
4909
4910
4911
4912
4913
4914
26523
4915
4916
26521
26522
26524
4917
4918
4919
4920
4921
4922
26527
4923
4924
26525
26526
26528
4925
4926
4927
4928
4929
4930
26531
4931
4932
26529
26530
26532
4933
4934
4935
4936
26534
4939
4940
4941
4942
4943
4944
26538
4947
4948
4949
4950
26541
4953
4954
4955
4956
4957
4958
26545
4959
4960
26544
26546
4961
4962
4963
4964
4965
4966
26549
4967
4968
26547
26548
26550
4969
4970
4971
4972
4973
4974
26553
4975
4976
26551
26552
26554
4977
4978
4979
4980
4981
4982
26557
4983
4984
26555
26556
26558
4985
4986
4987
4988
4989
4990
26561
4991
4992
26559
26560
26562
4993
4994
4995
4996
4997
4998
26565
4999
5000
26563
26564
26566
5001
5002
5003
5004
5005
5006
26569
5007
5008
26567
26568
26570
5009
5010
5011
5012
26572
5015
5016
5017
5018
37908
5019
5020
26576
5023
5024
37910
5025
5026
26579
5029
5030
5031
5032
37912
5033
5034
26583
5035
5036
26582
26584
5037
5038
5039
5040
5041
5042
26587
5043
5044
26585
26586
26588
5045
5046
5047
5048
5049
5050
26591
5051
5052
26589
26590
26592
5053
5054
5055
5056
5057
5058
26595
5059
5060
26593
26594
26596
5061
5062
5063
5064
5065
5066
26599
5067
5068
26597
26598
26600
5069
5070
5071
5072
5073
5074
26603
5075
5076
26601
26602
26604
5077
5078
5079
5080
5081
5082
26607
5083
5084
26605
26606
26608
5085
5086
5087
5088
26610
5091
5092
5093
5094
37914
5095
5096
26614
5099
5100
37916
5101
5102
26617
5105
5106
5107
5108
37918
5109
5110
26621
5111
5112
26620
26622
5113
5114
5115
5116
5117
5118
26625
5119
5120
26623
26624
26626
5121
5122
5123
5124
5125
5126
26629
5127
5128
26627
26628
26630
5129
5130
5131
5132
5133
5134
26633
5135
5136
26631
26632
26634
5137
5138
5139
5140
5141
5142
26637
5143
5144
26635
26636
26638
5145
5146
5147
5148
5149
5150
26641
5151
5152
26639
26640
26642
5153
5154
5155
5156
5157
5158
26645
5159
5160
26643
26644
26646
5161
5162
5163
5164
26648
5167
5168
5169
5170
37920
5171
5172
26652
5175
5176
37922
5177
5178
26655
5181
5182
5183
5184
37924
5185
5186
26659
5187
5188
26658
26660
5189
5190
5191
5192
5193
5194
26663
5195
5196
26661
26662
26664
5197
5198
5199
5200
5201
5202
26667
5203
5204
26665
26666
26668
5205
5206
5207
5208
5209
5210
26671
5211
5212
26669
26670
26672
5213
5214
5215
5216
5217
5218
26675
5219
5220
26673
26674
26676
5221
5222
5223
5224
5225
5226
26679
5227
5228
26677
26678
26680
5229
5230
5231
5232
5233
5234
26683
5235
5236
26681
26682
26684
5237
5238
5239
5240
26686
5243
5244
5245
5246
37926
5247
5248
26690
5251
5252
37928
5253
5254
26693
5257
5258
5259
5260
37930
5261
5262
26697
5263
5264
26696
26698
5265
5266
5267
5268
5269
5270
26701
5271
5272
26699
26700
26702
5273
5274
5275
5276
5277
5278
26705
5279
5280
26703
26704
26706
5281
5282
5283
5284
5285
5286
26709
5287
5288
26707
26708
26710
5289
5290
5291
5292
5293
5294
26713
5295
5296
26711
26712
26714
5297
5298
5299
5300
5301
5302
26717
5303
5304
26715
26716
26718
5305
5306
5307
5308
5309
5310
26721
5311
5312
26719
26720
26722
5313
5314
5315
5316
26724
5319
5320
5321
5322
37932
5323
5324
26728
5327
5328
37934
5329
5330
26731
5333
5334
5335
5336
37936
5337
5338
26735
5339
5340
26734
26736
5341
5342
5343
5344
5345
5346
26739
5347
5348
26737
26738
26740
5349
5350
5351
5352
5353
5354
26743
5355
5356
26741
26742
26744
5357
5358
5359
5360
5361
5362
26747
5363
5364
26745
26746
26748
5365
5366
5367
5368
5369
5370
26751
5371
5372
26749
26750
26752
5373
5374
5375
5376
5377
5378
26755
5379
5380
26753
26754
26756
5381
5382
5383
5384
5385
5386
26759
5387
5388
26757
26758
26760
5389
5390
5391
5392
26762
5395
5396
5397
5398
37938
5399
5400
26766
5403
5404
37940
5405
5406
26769
5409
5410
5411
5412
5413
5414
37942
5415
5416
26774
5417
5418
26773
26775
5419
5420
5421
5422
5423
5424
26778
5425
5426
26776
26777
26779
5427
5428
5429
5430
5431
5432
26782
5433
5434
26780
26781
26783
5435
5436
5437
5438
5439
5440
26786
5441
5442
26784
26785
26787
5443
5444
5445
5446
5447
5448
26790
5449
5450
26788
26789
26791
5451
5452
5453
5454
5455
5456
26794
5457
5458
26792
26793
26795
5459
5460
5461
5462
5463
5464
26798
5465
5466
26796
26797
26799
5467
5468
5469
5470
26801
5473
5474
5475
5476
37944
5477
5478
26805
5481
5482
37946
5483
5484
26808
5487
5488
37948
5489
5490
26811
5493
5494
37950
5495
5496
26814
5499
5500
37952
5501
5502
26817
5505
5506
37954
5507
5508
26820
5511
5512
37956
5513
5514
26823
5517
5518
37958
5519
5520
26826
5523
5524
37960
5525
5526
26829
5529
5530
37962
5531
5532
26832
5535
5536
37964
5537
5538
26835
5541
5542
5543
5544
37966
5545
5546
26839
5549
5550
37968
5551
5552
26842
5555
5556
37970
5557
5558
26845
5561
5562
37972
5563
5564
26848
5567
5568
37974
5569
5570
26851
5573
5574
37976
5575
5576
26854
5579
5580
37978
5581
5582
26857
5585
5586
37980
5587
5588
26860
5591
5592
37982
5593
5594
26863
5597
5598
37984
5599
5600
26866
5603
5604
5605
5606
37986
5607
5608
26870
5611
5612
37988
5613
5614
26873
5617
5618
37990
5619
5620
26876
5623
5624
37992
5625
5626
26879
5629
5630
37994
5631
5632
26882
5635
5636
37996
5637
5638
26885
5641
5642
37998
5643
5644
26888
5647
5648
38000
5649
5650
26891
5653
5654
38002
5655
5656
26894
5659
5660
38004
5661
5662
26897
5665
5666
5667
5668
38006
5669
5670
26901
5673
5674
38008
5675
5676
26904
5679
5680
38010
5681
5682
26907
5685
5686
38012
5687
5688
26910
5691
5692
38014
5693
5694
26913
5697
5698
38016
5699
5700
26916
5703
5704
38018
5705
5706
26919
5709
5710
38020
5711
5712
26922
5715
5716
38022
5717
5718
26925
5721
5722
38024
5723
5724
26928
5727
5728
5729
5730
38026
5731
5732
26932
5735
5736
38028
5737
5738
26935
5741
5742
38030
5743
5744
26938
5747
5748
38032
5749
5750
26941
5753
5754
38034
5755
5756
26944
5759
5760
38036
5761
5762
26947
5765
5766
38038
5767
5768
26950
5771
5772
38040
5773
5774
26953
5777
5778
38042
5779
5780
26956
5783
5784
38044
5785
5786
26959
5789
5790
5791
5792
38046
5793
5794
26963
5797
5798
38048
5799
5800
26966
5803
5804
38050
5805
5806
26969
5809
5810
38052
5811
5812
26972
5815
5816
38054
5817
5818
26975
5821
5822
38056
5823
5824
26978
5827
5828
38058
5829
5830
26981
5833
5834
38060
5835
5836
26984
5839
5840
38062
5841
5842
26987
5845
5846
38064
5847
5848
26990
5851
5852
5853
5854
38066
5855
5856
26994
5859
5860
38068
5861
5862
26997
5865
5866
38070
5867
5868
27000
5871
5872
38072
5873
5874
27003
5877
5878
38074
5879
5880
27006
5883
5884
38076
5885
5886
27009
5889
5890
38078
5891
5892
27012
5895
5896
38080
5897
5898
27015
5901
5902
38082
5903
5904
27018
5907
5908
38084
5909
5910
27021
5913
5914
5915
5916
38086
5917
5918
27025
5921
5922
38088
5923
5924
27028
5927
5928
38090
5929
5930
27031
5933
5934
38092
5935
5936
5939
5940
38094
5941
5942
5945
5946
38096
5947
5948
27040
5951
5952
38098
5953
5954
27043
5957
5958
38100
5959
5960
27046
5963
5964
38102
5965
5966
27049
5969
5970
38104
5971
5972
27052
5975
5976
38106
5977
5978
27055
5981
5982
38108
5983
5984
27058
5987
5988
38110
5989
5990
27061
5993
5994
38112
5995
5996
5999
6000
38114
6001
6002
6005
6006
38116
6007
6008
27070
6011
6012
38118
6013
6014
27073
6017
6018
38120
6019
6020
27076
6023
6024
38122
6025
6026
27079
6029
6030
38124
6031
6032
27082
6035
6036
38126
6037
6038
27085
6041
6042
38128
6043
6044
27088
6047
6048
38130
6049
6050
27091
6053
6054
38132
6055
6056
6059
6060
38134
6061
6062
6065
6066
38136
6067
6068
27100
6071
6072
38138
6073
6074
27103
6077
6078
38140
6079
6080
27106
6083
6084
38142
6085
6086
27109
6089
6090
38144
6091
6092
27112
6095
6096
38146
6097
6098
27115
6101
6102
38148
6103
6104
27118
6107
6108
38150
6109
6110
27121
6113
6114
38152
6115
6116
6119
6120
38154
6121
6122
6125
6126
38156
6127
6128
27130
6131
6132
38158
6133
6134
27133
6137
6138
38160
6139
6140
27136
6143
6144
38162
6145
6146
27139
6149
6150
38164
6151
6152
27142
6155
6156
38166
6157
6158
27145
6161
6162
38168
6163
6164
27148
6167
6168
38170
6169
6170
27151
6173
6174
38172
6175
6176
6179
6180
38174
6181
6182
6185
6186
38176
6187
6188
27160
6191
6192
38178
6193
6194
27163
6197
6198
38180
6199
6200
27166
6203
6204
38182
6205
6206
27169
6209
6210
38184
6211
6212
27172
6215
6216
38186
6217
6218
27175
6221
6222
38188
6223
6224
27178
6227
6228
38190
6229
6230
27181
6233
6234
38192
6235
6236
6239
6240
38194
6241
6242
6245
6246
38196
6247
6248
27190
6251
6252
38198
6253
6254
27193
6257
6258
38200
6259
6260
27196
6263
6264
38202
6265
6266
27199
6269
6270
38204
6271
6272
27202
6275
6276
38206
6277
6278
27205
6281
6282
38208
6283
6284
27208
6287
6288
38210
6289
6290
27211
6293
6294
38212
6295
6296
6299
6300
38214
6301
6302
6305
6306
38216
6307
6308
27220
6311
6312
38218
6313
6314
27223
6317
6318
38220
6319
6320
27226
6323
6324
38222
6325
6326
27229
6329
6330
38224
6331
6332
27232
6335
6336
38226
6337
6338
27235
6341
6342
38228
6343
6344
27238
6347
6348
38230
6349
6350
27241
6353
6354
38232
6355
6356
6359
6360
38234
6361
6362
27247
6365
6366
38236
6367
6368
27250
6371
6372
38238
6373
6374
27253
6377
6378
38240
6379
6380
27256
6383
6384
38242
6385
6386
27259
6389
6390
38244
6391
6392
27262
6395
6396
38246
6397
6398
27265
6401
6402
38248
6403
6404
27268
6407
6408
38250
6409
6410
6413
6414
38252
6415
6416
6419
6420
38254
6421
6422
6425
6426
38256
6427
6428
6431
6432
38258
6433
6434
6437
6438
38260
6439
6440
6443
6444
38262
6445
6446
6449
6450
38264
6451
6452
6455
6456
38266
6457
6458
6461
6462
38268
6463
6464
27298
6467
6468
38270
6469
6470
27301
6473
6474
38272
6475
6476
27304
6479
6480
38274
6481
6482
27307
6485
6486
38276
6487
6488
27310
6491
6492
38278
6493
6494
27313
6497
6498
38280
6499
6500
27316
6503
6504
38282
6505
6506
27319
6509
6510
38284
6511
6512
6515
6516
38286
6517
6518
6521
6522
38288
6523
6524
6527
6528
38290
6529
6530
6533
6534
38292
6535
6536
6539
6540
38294
6541
6542
6545
6546
38296
6547
6548
6551
6552
38298
6553
6554
6557
6558
38300
6559
6560
6563
6564
38302
6565
6566
27349
6569
6570
38304
6571
6572
27352
6575
6576
38306
6577
6578
27355
6581
6582
38308
6583
6584
27358
6587
6588
38310
6589
6590
27361
6593
6594
38312
6595
6596
27364
6599
6600
38314
6601
6602
27367
6605
6606
38316
6607
6608
27370
6611
6612
38318
6613
6614
6617
6618
38320
6619
6620
6623
6624
38322
6625
6626
6629
6630
38324
6631
6632
6635
6636
38326
6637
6638
6641
6642
38328
6643
6644
6647
6648
38330
6649
6650
6653
6654
38332
6655
6656
6659
6660
38334
6661
6662
6665
6666
38336
6667
6668
27400
6671
6672
38338
6673
6674
27403
6677
6678
38340
6679
6680
27406
6683
6684
38342
6685
6686
27409
6689
6690
38344
6691
6692
27412
6695
6696
38346
6697
6698
27415
6701
6702
38348
6703
6704
27418
6707
6708
38350
6709
6710
27421
6713
6714
38352
6715
6716
6719
6720
38354
6721
6722
6725
6726
38356
6727
6728
6731
6732
38358
6733
6734
6737
6738
38360
6739
6740
6743
6744
38362
6745
6746
6749
6750
38364
6751
6752
6755
6756
38366
6757
6758
6761
6762
38368
6763
6764
6767
6768
38370
6769
6770
27451
6773
6774
38372
6775
6776
27454
6779
6780
38374
6781
6782
27457
6785
6786
38376
6787
6788
27460
6791
6792
38378
6793
6794
27463
6797
6798
38380
6799
6800
27466
6803
6804
38382
6805
6806
27469
6809
6810
38384
6811
6812
27472
6815
6816
38386
6817
6818
6821
6822
38388
6823
6824
6827
6828
38390
6829
6830
6833
6834
38392
6835
6836
6839
6840
38394
6841
6842
6845
6846
38396
6847
6848
6851
6852
38398
6853
6854
6857
6858
38400
6859
6860
6863
6864
38402
6865
6866
6869
6870
38404
6871
6872
27502
6875
6876
38406
6877
6878
27505
6881
6882
38408
6883
6884
27508
6887
6888
38410
6889
6890
27511
6893
6894
38412
6895
6896
27514
6899
6900
38414
6901
6902
27517
6905
6906
38416
6907
6908
27520
6911
6912
38418
6913
6914
27523
6917
6918
38420
6919
6920
6923
6924
38422
6925
6926
6929
6930
38424
6931
6932
6935
6936
38426
6937
6938
6941
6942
38428
6943
6944
6947
6948
38430
6949
6950
6953
6954
38432
6955
6956
6959
6960
38434
6961
6962
6965
6966
38436
6967
6968
6971
6972
38438
6973
6974
27553
6977
6978
38440
6979
6980
27556
6983
6984
38442
6985
6986
27559
6989
6990
38444
6991
6992
27562
6995
6996
38446
6997
6998
27565
7001
7002
38448
7003
7004
27568
7007
7008
38450
7009
7010
27571
7013
7014
38452
7015
7016
27574
7019
7020
38454
7021
7022
7025
7026
38456
7027
7028
7031
7032
7033
7034
38458
7035
7036
7039
7040
38460
7041
7042
7045
7046
38462
7047
7048
7051
7052
38464
7053
7054
7057
7058
38466
7059
7060
7063
7064
38468
7065
7066
7069
7070
38470
7071
7072
7075
7076
38472
7077
7078
27605
7081
7082
38474
7083
7084
27608
7087
7088
38476
7089
7090
27611
7093
7094
38478
7095
7096
27614
7099
7100
38480
7101
7102
27617
7105
7106
38482
7107
7108
27620
7111
7112
38484
7113
7114
27623
7117
7118
38486
7119
7120
27626
7123
7124
38488
7125
7126
7129
7130
38490
7131
7132
7135
7136
38492
7137
7138
7141
7142
38494
7143
7144
7147
7148
38496
7149
7150
7153
7154
38498
7155
7156
7159
7160
38500
7161
7162
7165
7166
38502
7167
7168
7171
7172
38504
7173
7174
7177
7178
38506
7179
7180
7183
7184
7185
7186
38508
7187
7188
7191
7192
38510
7193
7194
7197
7198
38512
7199
7200
7203
7204
38514
7205
7206
7209
7210
38516
7211
7212
7215
7216
38518
7217
7218
7221
7222
38520
7223
7224
7227
7228
38522
7229
7230
7233
7234
38524
7235
7236
7239
7240
7241
7242
38526
7243
7244
7247
7248
38528
7249
7250
7253
7254
38530
7255
7256
7259
7260
38532
7261
7262
7265
7266
38534
7267
7268
7271
7272
38536
7273
7274
7277
7278
38538
7279
7280
7283
7284
38540
7285
7286
7289
7290
38542
7291
7292
7295
7296
38544
7297
7298
38546
7299
7300
7303
7304
38548
7305
7306
7309
7310
38550
7311
7312
7315
7316
38552
7317
7318
38554
7321
7322
38556
7323
7324
7327
7328
38558
7329
7330
7333
7334
38560
7335
7336
7339
7340
38562
7341
7342
38564
7345
7346
38566
7347
7348
38568
7351
7352
7353
7354
38570
7355
7356
7359
7360
38572
7361
7362
7365
7366
38574
7367
7368
38576
7371
7372
38578
7373
7374
7377
7378
38580
7379
7380
7383
7384
38582
7385
7386
7389
7390
38584
7391
7392
38586
38588
38590
38592
7395
7396
38594
7397
7398
38596
38598
38600
38602
38604
38606
38608
38610
38612
38614
38616
38618
7401
7402
38620
7403
7404
38622
38624
38626
38628
38630
38632
38634
38636
38638
38640
7407
7408
7409
7410
38642
7411
7412
7415
7416
38644
7417
7418
7421
7422
38646
7423
7424
38648
7427
7428
38650
7429
7430
7433
7434
38652
7435
7436
7439
7440
38654
7441
7442
7445
7446
38656
7447
7448
38658
7451
7452
38660
7453
7454
7457
7458
38662
7459
7460
38664
7463
7464
7465
7466
38666
7467
7468
7471
7472
38668
7473
7474
7477
7478
38670
7479
7480
7483
7484
38672
7485
7486
7489
7490
38674
7491
7492
7495
7496
38676
7497
7498
7501
7502
38678
7503
7504
7507
7508
38680
7509
7510
7513
7514
38682
7515
7516
7519
7520
7521
7522
38684
7523
7524
7527
7528
38686
7529
7530
38688
38690
38692
38694
38696
7533
7534
38698
7537
7538
38700
7541
7542
38702
7545
7546
38704
7549
7550
38706
7553
7554
38708
7557
7558
38710
7561
7562
38712
7565
7566
38714
7569
7570
38716
7573
7574
38718
7577
7578
38720
7581
7582
38722
7585
7586
38724
7589
7590
38726
7593
7594
38728
7597
7598
38730
7601
7602
38732
7605
7606
38734
7609
7610
38736
7613
7614
38738
7617
7618
38740
7621
7622
38742
7625
7626
38744
7629
7630
38746
7633
7634
38748
7637
7638
38750
7641
7642
38752
7645
7646
38754
7649
7650
38756
7653
7654
38758
7657
7658
38760
7661
7662
38762
7665
7666
38764
7669
7670
7673
7674
7677
7678
7681
7682
7685
7686
38766
7689
7690
38768
7693
7694
38770
7697
7698
38772
7701
7702
38774
7705
7706
38776
7709
7710
38778
7713
7714
38780
7717
7718
38782
7721
7722
38784
7725
7726
38786
7729
7730
38788
7733
7734
38790
7737
7738
38792
7741
7742
38794
7745
7746
38796
7749
7750
38798
7753
7754
38800
7757
7758
38802
7761
7762
38804
7765
7766
38806
7769
7770
38808
7773
7774
38810
7777
7778
38812
7781
7782
38814
7785
7786
38816
7789
7790
38818
7793
7794
38820
7797
7798
38822
7801
7802
38824
7805
7806
38826
7809
7810
38828
7813
7814
38830
7817
7818
38832
7821
7822
38834
7825
7826
38836
7829
7830
38838
7833
7834
38840
7837
7838
38842
7841
7842
38844
7845
7846
38846
7849
7850
38848
7853
7854
38850
7857
7858
38852
7861
7862
38854
7865
7866
38856
7869
7870
38858
7873
7874
38860
7877
7878
38862
7881
7882
38864
7885
7886
38866
7889
7890
38868
7893
7894
38870
7897
7898
38872
7901
7902
38874
7905
7906
38876
7909
7910
38878
7913
7914
38880
7917
7918
38882
7921
7922
38884
7925
7926
38886
7929
7930
38888
7933
7934
38890
7937
7938
38892
7941
7942
38894
7945
7946
38896
7949
7950
38898
7953
7954
7957
7958
38900
7959
7960
38902
7963
7964
38904
7967
7968
38906
7971
7972
38908
7975
7976
38910
7979
7980
38912
7983
7984
38914
7987
7988
38916
7991
7992
38918
7995
7996
38920
7999
8000
38922
8003
8004
38924
8007
8008
38926
8011
8012
38928
8015
8016
38930
8019
8020
38932
8023
8024
8027
8028
38934
8029
8030
38936
8033
8034
38938
8037
8038
38940
8041
8042
38942
8045
8046
38944
8049
8050
38946
8053
8054
38948
8057
8058
38950
8061
8062
8065
8066
38952
8067
8068
38954
8071
8072
38956
8075
8076
38958
8079
8080
38960
8083
8084
38962
8087
8088
38964
8091
8092
38966
8095
8096
38968
8099
8100
38970
8103
8104
38972
8105
8106
38974
8109
8110
38976
8113
8114
38978
8117
8118
38980
8121
8122
38982
8125
8126
38984
8129
8130
38986
8133
8134
38988
8137
8138
38990
8141
8142
38992
8143
8144
38994
8147
8148
38996
8151
8152
38998
8155
8156
39000
8159
8160
39002
8163
8164
39004
8167
8168
39006
8171
8172
39008
8175
8176
39010
8179
8180
39012
8181
8182
39014
8185
8186
39016
8189
8190
39018
8193
8194
39020
8197
8198
39022
8201
8202
39024
8205
8206
39026
8209
8210
39028
8213
8214
39030
8217
8218
39032
8219
8220
39034
8223
8224
39036
8227
8228
39038
8231
8232
39040
8235
8236
39042
8239
8240
39044
8243
8244
39046
8247
8248
39048
8251
8252
39050
8255
8256
39052
8257
8258
39054
8261
8262
39056
39058
39060
39062
39064
8265
8266
39066
8269
8270
39068
8273
8274
39070
8277
8278
39072
8281
8282
39074
8285
8286
39076
8289
8290
39078
8293
8294
39080
8297
8298
39082
8301
8302
39084
8305
8306
39086
8309
8310
39088
8313
8314
39090
8317
8318
39092
8321
8322
39094
8325
8326
39096
8329
8330
39098
8333
8334
39100
8337
8338
39102
8341
8342
39104
8345
8346
39106
8349
8350
39108
8353
8354
39110
8357
8358
39112
8361
8362
39114
8365
8366
39116
8369
8370
39118
8373
8374
39120
8377
8378
39122
8381
8382
39124
8385
8386
39126
8389
8390
39128
8393
8394
39130
8397
8398
39132
8401
8402
8405
8406
8409
8410
8413
8414
8417
8418
39134
8421
8422
39136
8425
8426
39138
8429
8430
39140
8433
8434
39142
8437
8438
39144
8441
8442
39146
8445
8446
39148
8449
8450
39150
8453
8454
39152
8457
8458
39154
8461
8462
39156
8465
8466
39158
8469
8470
39160
8473
8474
39162
8477
8478
39164
8481
8482
39166
8485
8486
39168
8489
8490
39170
8493
8494
39172
8497
8498
39174
8501
8502
39176
8505
8506
39178
8509
8510
39180
8513
8514
39182
8517
8518
39184
8521
8522
39186
8525
8526
39188
8529
8530
39190
8533
8534
39192
8537
8538
39194
8541
8542
39196
8545
8546
39198
8549
8550
39200
8553
8554
39202
8557
8558
39204
8561
8562
39206
8565
8566
39208
8569
8570
39210
8573
8574
39212
8577
8578
39214
8581
8582
39216
8585
8586
39218
8589
8590
39220
8593
8594
39222
8597
8598
39224
8601
8602
39226
8605
8606
39228
8609
8610
39230
8613
8614
39232
8617
8618
39234
8621
8622
39236
8625
8626
39238
8629
8630
39240
8633
8634
39242
8637
8638
39244
8641
8642
39246
8645
8646
39248
8649
8650
39250
8653
8654
39252
8657
8658
39254
8661
8662
39256
8665
8666
39258
8669
8670
39260
8673
8674
39262
8677
8678
39264
8681
8682
39266
8685
8686
39268
8689
8690
39270
8691
8692
39272
8695
8696
39274
8699
8700
39276
8703
8704
39278
8707
8708
39280
8711
8712
39282
8715
8716
39284
8719
8720
39286
8723
8724
39288
8727
8728
39290
8731
8732
39292
8735
8736
39294
8739
8740
39296
8743
8744
39298
8747
8748
39300
8751
8752
39302
8755
8756
39304
8759
8760
39306
8761
8762
39308
8765
8766
39310
8769
8770
39312
8773
8774
39314
8777
8778
39316
8781
8782
39318
8785
8786
39320
8789
8790
39322
8793
8794
39324
8797
8798
39326
8799
8800
39328
8803
8804
39330
8807
8808
39332
8811
8812
39334
8815
8816
39336
8819
8820
39338
8823
8824
39340
8827
8828
39342
8831
8832
39344
8835
8836
39346
8837
8838
39348
8841
8842
39350
8845
8846
39352
8849
8850
39354
8853
8854
39356
8857
8858
39358
8861
8862
39360
8865
8866
39362
8869
8870
39364
8873
8874
39366
8875
8876
39368
8879
8880
39370
8883
8884
39372
8887
8888
39374
8891
8892
39376
8895
8896
39378
8899
8900
39380
8903
8904
39382
8907
8908
39384
8911
8912
39386
8913
8914
39388
8917
8918
39390
8921
8922
39392
8925
8926
39394
8929
8930
39396
8933
8934
39398
8937
8938
39400
8941
8942
39402
8945
8946
39404
8949
8950
39406
8951
8952
39408
8955
8956
39410
8959
8960
39412
8963
8964
39414
8967
8968
39416
8971
8972
39418
8975
8976
39420
8979
8980
39422
8983
8984
39424
8987
8988
39426
8989
8990
39428
8993
8994
39430
39432
39434
8997
8998
39436
39438
39440
39442
39444
8999
9000
9003
9004
9005
9006
9009
9010
9011
9012
9015
9016
9017
9018
9021
9022
9023
9024
9027
9028
39446
9029
9030
9033
9034
39448
9035
9036
39450
9039
9040
39452
9041
9042
9045
9046
39454
9047
9048
39456
9051
9052
39458
9055
9056
39460
9059
9060
39462
9063
9064
39464
9067
9068
39466
9071
9072
39468
9075
9076
39470
9079
9080
39472
9083
9084
39474
9087
9088
39476
9091
9092
39478
9095
9096
39480
9099
9100
39482
9103
9104
39484
9107
9108
39486
9111
9112
39488
39490
39492
39494
39496
39498
39500
39502
39504
39506
39508
39510
39512
39514
39516
39518
39520
39522
39524
39526
39528
39530
39532
39534
39536
39538
9115
9116
39540
39542
39544
39546
39548
9117
9118
9121
9122
9123
9124
9127
9128
9129
9130
9133
9134
9135
9136
9139
9140
9141
9142
9145
9146
39550
9147
9148
9151
9152
39552
9153
9154
9157
9158
39554
9159
9160
9163
9164
39556
9165
9166
39558
9169
9170
39560
9173
9174
39562
9177
9178
39564
9181
9182
39566
9185
9186
39568
9189
9190
39570
9193
9194
39572
9197
9198
39574
9201
9202
39576
9205
9206
39578
9209
9210
39580
9213
9214
39582
9217
9218
39584
9221
9222
39586
9225
9226
39588
9229
9230
39590
39592
39594
39596
39598
39600
39602
39604
39606
39608
39610
9233
9234
39612
39614
39616
39618
39620
9235
9236
9239
9240
9241
9242
9245
9246
9247
9248
9251
9252
9253
9254
9257
9258
9259
9260
9263
9264
39622
9265
9266
9269
9270
39624
9271
9272
9275
9276
39626
9277
9278
9281
9282
39628
9283
9284
39630
9287
9288
39632
9291
9292
39634
9295
9296
39636
9299
9300
39638
9303
9304
39640
9307
9308
39642
9311
9312
39644
9315
9316
39646
9319
9320
39648
9323
9324
39650
9327
9328
39652
9331
9332
39654
9335
9336
39656
9339
9340
39658
9343
9344
39660
9347
9348
39662
39664
39666
39668
39670
39672
39674
39676
39678
9351
9352
39680
39682
39684
39686
39688
9353
9354
9357
9358
9359
9360
9363
9364
9365
9366
9369
9370
9371
9372
9375
9376
9377
9378
9381
9382
39690
9383
9384
9387
9388
39692
9389
9390
9393
9394
39694
9395
9396
9399
9400
39696
9401
9402
39698
9405
9406
39700
9409
9410
39702
9413
9414
39704
9417
9418
39706
9421
9422
39708
9425
9426
39710
9429
9430
39712
9433
9434
39714
9437
9438
39716
9441
9442
39718
9445
9446
39720
9449
9450
39722
9453
9454
39724
9457
9458
39726
9461
9462
39728
9465
9466
39730
39732
39734
39736
39738
39740
39742
39744
39746
9469
9470
39748
39750
39752
39754
39756
9471
9472
9475
9476
9477
9478
9481
9482
9483
9484
9487
9488
9489
9490
9493
9494
9495
9496
9499
9500
39758
9501
9502
9505
9506
39760
9507
9508
9511
9512
39762
9513
9514
9517
9518
39764
9519
9520
39766
9523
9524
39768
9527
9528
39770
9531
9532
39772
9535
9536
39774
9539
9540
39776
9543
9544
39778
9547
9548
39780
9551
9552
39782
9555
9556
39784
9559
9560
39786
9563
9564
39788
9567
9568
39790
9571
9572
39792
9575
9576
39794
9579
9580
39796
9583
9584
39798
39800
39802
39804
39806
39808
39810
39812
39814
9587
9588
39816
39818
39820
39822
39824
9589
9590
9593
9594
9595
9596
9599
9600
9601
9602
9605
9606
9607
9608
9611
9612
9613
9614
9617
9618
39826
9619
9620
9623
9624
39828
9625
9626
9629
9630
39830
9631
9632
9635
9636
39832
9637
9638
39834
9641
9642
39836
9645
9646
39838
9649
9650
39840
9653
9654
39842
9657
9658
39844
9661
9662
39846
9665
9666
39848
9669
9670
39850
9673
9674
39852
9677
9678
39854
9681
9682
39856
9685
9686
39858
9689
9690
39860
9693
9694
39862
9697
9698
39864
9701
9702
39866
39868
39870
39872
39874
39876
39878
39880
39882
9705
9706
39884
39886
39888
39890
39892
9707
9708
9711
9712
9713
9714
9717
9718
9719
9720
9723
9724
9725
9726
9729
9730
9731
9732
9735
9736
39894
9737
9738
9741
9742
9743
9744
9747
9748
9749
9750
9753
9754
9755
9756
9759
9760
9763
9764
9767
9768
9771
9772
9775
9776
39896
9779
9780
39898
9783
9784
39900
9787
9788
39902
9791
9792
39904
9795
9796
39906
9799
9800
39908
9803
9804
39910
9807
9808
39912
9811
9812
39914
9815
9816
39916
9819
9820
39918
39920
39922
39924
39926
39928
39930
39932
39934
9823
9824
39936
39938
39940
39942
39944
39946
39948
39950
39952
9825
9826
39954
9829
9830
39956
39958
39960
39962
39964
9833
9834
39966
9837
9838
39968
9841
9842
39970
9845
9846
39972
9849
9850
39974
9853
9854
39976
9857
9858
39978
9861
9862
39980
9865
9866
39982
9869
9870
39984
9873
9874
39986
9877
9878
39988
9881
9882
39990
9885
9886
39992
9889
9890
39994
9893
9894
39996
9897
9898
39998
9901
9902
40000
9905
9906
40002
9909
9910
40004
9913
9914
40006
9917
9918
40008
9921
9922
40010
9925
9926
40012
9929
9930
40014
9933
9934
40016
9937
9938
40018
9941
9942
40020
9945
9946
40022
9949
9950
40024
9953
9954
40026
9957
9958
40028
9961
9962
9965
9966
9969
9970
9973
9974
9977
9978
40030
9981
9982
40032
9985
9986
40034
9989
9990
40036
9993
9994
40038
9997
9998
40040
10001
10002
40042
10005
10006
40044
10009
10010
40046
10013
10014
40048
10017
10018
40050
10021
10022
40052
10025
10026
40054
10029
10030
40056
10033
10034
40058
10037
10038
40060
10041
10042
40062
10045
10046
40064
10049
10050
40066
10053
10054
40068
10057
10058
40070
10061
10062
40072
10065
10066
40074
10069
10070
40076
10073
10074
40078
10077
10078
40080
10081
10082
40082
10085
10086
40084
10089
10090
40086
10093
10094
40088
10097
10098
40090
10101
10102
40092
10105
10106
40094
10109
10110
40096
10113
10114
40098
10117
10118
40100
10121
10122
40102
10125
10126
40104
10129
10130
40106
10133
10134
40108
10137
10138
40110
10141
10142
40112
10145
10146
40114
10149
10150
40116
10153
10154
40118
10157
10158
40120
10161
10162
40122
10165
10166
40124
10169
10170
40126
10173
10174
40128
10177
10178
40130
10181
10182
40132
10185
10186
40134
10189
10190
40136
10193
10194
40138
10197
10198
40140
10201
10202
40142
10205
10206
40144
10209
10210
40146
10213
10214
40148
10217
10218
40150
10221
10222
40152
10225
10226
40154
10229
10230
40156
10233
10234
40158
10237
10238
40160
10241
10242
40162
10245
10246
10249
10250
40164
10251
10252
40166
10255
10256
40168
10259
10260
40170
10263
10264
40172
10267
10268
40174
10271
10272
40176
10275
10276
40178
10279
10280
40180
10283
10284
40182
10287
10288
40184
10291
10292
40186
10295
10296
40188
10299
10300
40190
10303
10304
40192
10307
10308
40194
10311
10312
40196
10315
10316
10319
10320
40198
10321
10322
40200
10325
10326
40202
10329
10330
40204
10333
10334
40206
10337
10338
40208
10341
10342
40210
10345
10346
40212
10349
10350
40214
10353
10354
10357
10358
40216
10359
10360
40218
10363
10364
40220
10367
10368
40222
10371
10372
40224
10375
10376
40226
10379
10380
40228
10383
10384
40230
10387
10388
40232
10391
10392
10395
10396
40234
10397
10398
40236
10401
10402
40238
10405
10406
40240
10409
10410
40242
10413
10414
40244
10417
10418
40246
10421
10422
40248
10425
10426
40250
10429
10430
10433
10434
40252
10435
10436
40254
10439
10440
40256
10443
10444
40258
10447
10448
40260
10451
10452
40262
10455
10456
40264
10459
10460
40266
10463
10464
40268
10467
10468
10471
10472
40270
10473
10474
40272
10477
10478
40274
10481
10482
40276
10485
10486
40278
10489
10490
40280
10493
10494
40282
10497
10498
40284
10501
10502
40286
10505
10506
10509
10510
40288
10511
10512
40290
10515
10516
40292
10519
10520
40294
10523
10524
40296
10527
10528
40298
10531
10532
40300
10535
10536
40302
10539
10540
40304
10543
10544
10547
10548
40306
10549
10550
40308
10553
10554
40310
40312
40314
40316
40318
10557
10558
10561
10562
10565
10566
10569
10570
10573
10574
40320
10577
10578
40322
10581
10582
40324
10585
10586
40326
10589
10590
40328
40330
40332
40334
40336
10593
40338
40340
40342
40344
40346
40348
40350
40352
40354
39611
10594
10597
39609
10598
10601
39607
10602
10605
39605
10606
10609
39603
10610
40356
10613
39601
10614
40358
10617
39599
10618
40360
10621
39597
10622
40362
10625
39595
10626
40364
40366
40368
40370
40372
10629
40374
39679
10630
10633
39677
10634
10637
39675
10638
10641
39673
10642
10645
39671
10646
40376
10649
39669
10650
40378
10653
39667
10654
40380
10657
39665
10658
40382
10661
39663
10662
40384
40386
40388
40390
40392
10665
40394
40396
40398
40400
40402
40404
40406
40408
40410
39747
10666
10669
39745
10670
10673
39743
10674
10677
39741
10678
10681
39739
10682
40412
10685
39737
10686
40414
10689
39735
10690
40416
10693
39733
10694
40418
10697
39731
10698
40420
40422
40424
40426
40428
10701
40430
40432
40434
40436
40438
40440
40442
40444
40446
39815
10702
10705
39813
10706
10709
39811
10710
10713
39809
10714
10717
39807
10718
40448
10721
39805
10722
40450
10725
39803
10726
40452
10729
39801
10730
40454
10733
39799
10734
40456
40458
40460
40462
40464
10737
40466
40468
40470
40472
40474
40476
40478
40480
40482
39883
10738
10741
39881
10742
10745
39879
10746
10749
39877
10750
10753
39875
10754
40484
10757
39873
10758
40486
10761
39871
10762
40488
10765
39869
10766
40490
10769
39867
10770
40492
40494
40496
40498
40500
10773
40502
40504
40506
40508
40510
40512
40514
40516
40518
39935
10774
10777
39933
10778
10781
39931
10782
10785
39929
10786
10789
39927
10790
40520
10793
39925
10794
40522
10797
39923
10798
40524
10801
39921
10802
40526
10805
39919
10806
40528
40530
40532
40534
40536
10809
10810
40538
10813
10814
40540
10817
10818
40542
10821
10822
40544
10825
10826
40546
10829
10830
40548
10833
10834
40550
10837
10838
40552
10841
10842
40554
10845
10846
40556
10849
10850
40558
10853
10854
40560
10857
10858
40562
10861
10862
40564
10865
10866
40566
10869
10870
40568
10873
10874
40570
10877
10878
40572
10881
10882
40574
10885
10886
40576
10889
10890
40578
10893
10894
40580
10897
10898
40582
10901
10902
40584
10905
10906
40586
10909
10910
40588
10913
10914
40590
10917
10918
40592
10921
10922
40594
10925
10926
40596
10929
10930
10933
10934
10937
10938
10941
10942
10945
10946
40598
10949
10950
40600
10953
10954
40602
10957
10958
40604
10961
10962
40606
10965
10966
40608
10969
10970
40610
10973
10974
40612
10977
10978
40614
10981
10982
40616
10985
10986
40618
10989
10990
40620
10993
10994
40622
10997
10998
40624
11001
11002
40626
11005
11006
40628
11009
11010
40630
11013
11014
40632
11017
11018
40634
11021
11022
40636
11025
11026
40638
11029
11030
40640
11033
11034
40642
11037
11038
40644
11041
11042
40646
11045
11046
40648
11049
11050
40650
11053
11054
40652
11057
11058
40654
11061
11062
40656
11065
11066
40658
11069
11070
40660
11073
11074
40662
11077
11078
40664
11081
11082
40666
11085
11086
40668
11089
11090
40670
11093
11094
40672
11097
11098
40674
11101
11102
40676
11105
11106
40678
11109
11110
40680
11113
11114
40682
11117
11118
40684
11121
11122
40686
11125
11126
40688
11129
11130
40690
11133
11134
40692
11137
11138
40694
11141
11142
40696
11145
11146
40698
11149
11150
40700
11153
11154
40702
11157
11158
40704
11161
11162
40706
11165
11166
40708
11169
11170
40710
11173
11174
40712
11177
11178
40714
11181
11182
40716
11185
11186
40718
11189
11190
40720
11193
11194
40722
11197
11198
40724
11201
11202
40726
11205
11206
40728
11209
11210
40730
11213
11214
11217
11218
40732
11219
11220
40734
11223
11224
40736
11227
11228
40738
11231
11232
40740
11235
11236
40742
11239
11240
40744
11243
11244
40746
11247
11248
40748
11251
11252
40750
11255
11256
40752
11259
11260
40754
11263
11264
40756
11267
11268
40758
11271
11272
40760
11275
11276
40762
11279
11280
40764
11283
11284
11287
11288
40766
11289
11290
40768
11293
11294
40770
11297
11298
40772
11301
11302
40774
11305
11306
40776
11309
11310
40778
11313
11314
40780
11317
11318
40782
11321
11322
11325
11326
40784
11327
11328
40786
11331
11332
40788
11335
11336
40790
11339
11340
40792
11343
11344
40794
11347
11348
40796
11351
11352
40798
11355
11356
40800
11359
11360
11363
11364
40802
11365
11366
40804
11369
11370
40806
11373
11374
40808
11377
11378
40810
11381
11382
40812
11385
11386
40814
11389
11390
40816
11393
11394
40818
11397
11398
11401
11402
40820
11403
11404
40822
11407
11408
40824
11411
11412
40826
11415
11416
40828
11419
11420
40830
11423
11424
40832
11427
11428
40834
11431
11432
40836
11435
11436
11439
11440
40838
11441
11442
40840
11445
11446
40842
11449
11450
40844
11453
11454
40846
11457
11458
40848
11461
11462
40850
11465
11466
40852
11469
11470
40854
11473
11474
11477
11478
40856
11479
11480
40858
11483
11484
40860
11487
11488
40862
11491
11492
40864
11495
11496
40866
11499
11500
40868
11503
11504
40870
11507
11508
40872
11511
11512
11515
11516
40874
11517
11518
40876
11521
11522
40878
40880
40882
40884
40886
11525
11526
11529
11530
11533
11534
11537
11538
11541
11542
40888
11545
11546
40890
11549
11550
40892
11553
11554
40894
11557
11558
40896
40898
40900
40902
40904
11561
11562
11565
11566
11569
11570
11573
11574
11577
11578
40906
11581
11582
40908
11585
11586
40910
11589
11590
40912
11593
11594
40914
40916
40918
40920
40922
11597
40924
40926
40928
40930
40932
40934
40936
40938
40940
40411
11598
11601
40409
11602
11605
40407
11606
11609
40405
11610
11613
40403
11614
40942
11617
40401
11618
40944
11621
40399
11622
40946
11625
40397
11626
40948
11629
40395
11630
40950
40952
40954
40956
40958
11633
40960
40447
11634
11637
40445
11638
11641
40443
11642
11645
40441
11646
11649
40439
11650
40962
11653
40437
11654
40964
11657
40435
11658
40966
11661
40433
11662
40968
11665
40431
11666
40970
40972
40974
40976
40978
11669
40980
40483
11670
11673
40481
11674
11677
40479
11678
11681
40477
11682
11685
40475
11686
40982
11689
40473
11690
40984
11693
40471
11694
40986
11697
40469
11698
40988
11701
40467
11702
40990
40992
40994
40996
40998
11705
41000
40519
11706
11709
40517
11710
11713
40515
11714
11717
40513
11718
11721
40511
11722
41002
11725
40509
11726
41004
11729
40507
11730
41006
11733
40505
11734
41008
11737
40503
11738
41010
41012
41014
41016
41018
11741
11742
11745
11746
11749
11750
11753
11754
11757
11758
41020
11761
11762
41022
11765
11766
41024
11769
11770
41026
11773
11774
41028
41030
41032
41034
41036
11777
11778
41038
11781
11782
41040
11783
11784
41042
11787
11788
41044
11789
11790
41046
11793
11794
41048
11795
11796
41050
11799
11800
41052
11801
11802
41054
11805
11806
41056
11807
11808
41058
11811
11812
41060
11813
11814
41062
11817
11818
41064
11819
11820
41066
11823
11824
41068
11825
11826
41070
11829
11830
41072
11831
11832
41074
11835
11836
41076
11839
11840
41078
11843
11844
41080
11847
11848
41082
11851
11852
41084
11855
11856
41086
11859
11860
41088
11863
11864
41090
11867
11868
41092
11871
11872
41094
11875
11876
41096
11879
11880
41098
11883
11884
41100
11887
11888
41102
11891
11892
41104
11895
11896
41106
11899
11900
41108
11901
11902
41110
11905
11906
41112
11907
11908
41114
11911
11912
41116
11913
11914
41118
11917
11918
41120
11919
11920
41122
11923
11924
41124
11925
11926
41126
11929
11930
41128
11931
11932
41130
11935
11936
41132
11937
11938
41134
11941
11942
41136
11943
11944
41138
11947
11948
41140
11949
11950
41142
11953
11954
41144
11957
11958
41146
11961
11962
41148
11965
11966
41150
11969
11970
41152
11973
11974
41154
11977
11978
41156
11981
11982
41158
11985
11986
41160
11989
11990
41162
11993
11994
41164
11997
11998
41166
12001
12002
41168
12005
12006
41170
12009
12010
41172
12013
12014
41174
12017
12018
41176
12019
12020
41178
12023
12024
41180
12025
12026
41182
12029
12030
41184
12031
12032
41186
12035
12036
41188
12037
12038
41190
12041
12042
41192
12043
12044
41194
12047
12048
41196
12049
12050
41198
12053
12054
41200
12055
12056
41202
12059
12060
41204
12061
12062
41206
12065
12066
41208
12067
12068
41210
12071
12072
41212
12075
12076
41214
12079
12080
41216
12083
12084
41218
12087
12088
41220
12091
12092
41222
12095
12096
41224
12099
12100
41226
12103
12104
41228
12107
12108
41230
12111
12112
41232
12115
12116
41234
12119
12120
41236
12123
12124
41238
12127
12128
41240
12131
12132
41242
12135
12136
41244
12137
12138
41246
12141
12142
41248
12145
12146
41250
12149
12150
41252
12153
12154
41254
12157
12158
41256
12161
12162
41258
12165
12166
41260
12169
12170
41262
12173
12174
12177
12178
12181
12182
12185
12186
12189
12190
41264
12193
12194
41266
12197
12198
41268
12201
12202
41270
12205
12206
41272
12209
12210
41274
12213
12214
41276
12217
12218
41278
12221
12222
41280
12225
12226
41282
12229
12230
41284
12233
12234
41286
12237
12238
41288
12241
12242
41290
12245
12246
41292
12249
12250
41294
12253
12254
41296
12257
12258
41298
12261
12262
41300
12265
12266
41302
12269
12270
41304
12273
12274
41306
12277
12278
41308
12281
12282
41310
12285
12286
41312
12289
12290
41314
12293
12294
41316
12297
12298
41318
12301
12302
41320
12305
12306
41322
12309
12310
41324
12313
12314
41326
12317
12318
41328
12321
12322
41330
12325
12326
41332
12329
12330
41334
12333
12334
41336
12337
12338
41338
12341
12342
41340
12345
12346
41342
12349
12350
41344
12353
12354
41346
12357
12358
41348
12361
12362
41350
12365
12366
41352
12369
12370
41354
12373
12374
41356
12377
12378
41358
12381
12382
41360
12385
12386
41362
12389
12390
41364
12393
12394
41366
12397
12398
41368
12401
12402
41370
12405
12406
41372
12409
12410
41374
12413
12414
41376
12417
12418
41378
12421
12422
41380
12425
12426
41382
12429
12430
41384
12433
12434
41386
12437
12438
41388
12441
12442
41390
12445
12446
41392
12449
12450
41394
12453
12454
41396
12457
12458
12461
12462
41398
12463
12464
41400
12467
12468
41402
12471
12472
41404
12475
12476
41406
12479
12480
41408
12483
12484
41410
12487
12488
41412
12491
12492
41414
12495
12496
41416
12499
12500
41418
12503
12504
41420
12507
12508
41422
12511
12512
41424
12515
12516
41426
12519
12520
41428
12523
12524
41430
12527
12528
12531
12532
41432
12533
12534
41434
12537
12538
41436
12541
12542
41438
12545
12546
41440
12549
12550
41442
12553
12554
41444
12557
12558
41446
12561
12562
41448
12565
12566
12569
12570
41450
12571
12572
41452
12575
12576
41454
12579
12580
41456
12583
12584
41458
12587
12588
41460
12591
12592
41462
12595
12596
41464
12599
12600
41466
12603
12604
12607
12608
41468
12609
12610
41470
12613
12614
41472
12617
12618
41474
12621
12622
41476
12625
12626
41478
12629
12630
41480
12633
12634
41482
12637
12638
41484
12641
12642
41486
12645
12646
41488
12647
12648
41490
12651
12652
41492
12655
12656
41494
12659
12660
41496
12663
12664
41498
12667
12668
41500
12671
12672
41502
12675
12676
41504
12679
12680
41506
12683
12684
41508
12685
12686
41510
12689
12690
41512
12693
12694
41514
12697
12698
41516
12701
12702
41518
12705
12706
41520
12709
12710
41522
12713
12714
41524
12717
12718
41526
12721
12722
41528
12723
12724
41530
12727
12728
41532
12731
12732
41534
12735
12736
41536
12739
12740
41538
12743
12744
41540
12747
12748
41542
12751
12752
41544
12755
12756
41546
12759
12760
41548
12761
12762
41550
12765
12766
41552
41554
41556
41558
41560
12769
12770
12773
12774
12777
12778
12781
12782
12785
12786
41562
12789
12790
41564
12793
12794
41566
12797
12798
41568
12801
12802
41570
41572
41574
41576
41578
12805
12806
12809
12810
12813
12814
12817
12818
12821
12822
41580
12825
12826
41582
12829
12830
41584
12833
12834
41586
12837
12838
41588
41590
41592
41594
41596
12841
12842
12845
12846
12849
12850
12853
12854
12857
12858
41598
12861
12862
41600
12865
12866
41602
12869
12870
41604
12873
12874
41606
41608
41610
41612
41614
12877
12878
12881
12882
12885
12886
12889
12890
12893
12894
41616
12897
12898
41618
12901
12902
41620
12905
12906
41622
12909
12910
41624
41626
41628
41630
41632
12913
12914
12917
12918
12921
12922
12925
12926
12929
12930
41634
12933
12934
41636
12937
12938
41638
12941
12942
41640
12945
12946
41642
41644
41646
41648
41650
12949
12950
12953
12954
12957
12958
12961
12962
12965
12966
41652
12969
12970
41654
12973
12974
41656
12977
12978
41658
12981
12982
41660
41662
41664
41666
41668
12985
12986
12989
12990
12993
12994
12997
12998
13001
13002
41670
13005
13006
41672
13009
13010
41674
13013
13014
41676
13017
13018
41678
41680
41682
41684
41686
13021
13022
41688
13025
13026
41690
13029
13030
41692
13033
13034
41694
13037
13038
41696
13041
13042
41698
13045
13046
41700
13049
13050
41702
13053
41704
41706
41708
41710
41712
41139
13054
41714
13057
41716
41135
13058
41718
13061
41720
41131
13062
41722
13065
41724
41207
13066
41726
13069
41728
41203
13070
41730
13073
41732
41199
13074
41734
13077
41736
41195
13078
41738
13081
41740
41191
13082
41742
13085
41744
41187
13086
41746
13089
41748
41183
13090
41750
13093
41752
41175
13094
41754
13097
41756
41179
13098
41758
13101
13102
41760
13105
13106
41762
13109
13110
41764
13113
13114
41766
13117
13118
41768
13121
13122
41770
13125
13126
41772
13129
41774
41243
13130
41776
13133
13134
41778
13137
13138
13141
13142
13145
13146
13149
13150
13153
13154
41780
13157
13158
41782
13161
13162
41784
13165
13166
41786
13169
13170
41788
13173
13174
41790
13177
13178
41792
13181
13182
41794
13185
13186
41796
13189
13190
41798
13193
13194
41800
13197
13198
41802
13201
13202
41804
13205
13206
41806
13209
13210
41808
13213
13214
41810
13217
13218
41812
13221
13222
41814
13225
13226
41816
13229
13230
41818
13233
13234
41820
13237
13238
41822
13241
13242
41824
13245
13246
41826
13249
13250
41828
13253
13254
41830
13257
13258
41832
13261
13262
41834
13265
13266
41836
13269
13270
41838
13273
13274
41840
13277
13278
41842
13281
13282
41844
13285
13286
41846
13289
13290
41848
13293
13294
41850
13297
13298
41852
13301
13302
41854
13305
13306
41856
13309
13310
41858
13313
13314
41860
13317
13318
41862
13321
13322
41864
13325
13326
41866
13329
13330
41868
13333
13334
41870
13337
13338
41872
13341
13342
41874
13345
13346
41876
13349
13350
41878
13353
13354
41880
13357
13358
41882
13361
13362
41884
13365
13366
41886
13369
13370
41888
13373
13374
41890
13377
13378
41892
13381
13382
41894
13385
13386
41896
13389
13390
41898
13393
13394
41900
13397
13398
41902
13401
13402
41904
13405
13406
41906
13409
13410
41908
13413
13414
41910
13417
13418
41912
13421
13422
13425
13426
41914
13427
13428
41916
13431
13432
41918
13435
13436
41920
13439
13440
41922
13443
13444
41924
13447
13448
41926
13451
13452
41928
13455
13456
41930
13459
13460
41932
13463
13464
41934
13467
13468
41936
13471
13472
41938
13475
13476
41940
13479
13480
41942
13483
13484
41944
13487
13488
41946
13491
13492
13495
13496
41948
13497
13498
41950
13501
13502
41952
13505
13506
41954
13509
13510
41956
13513
13514
41958
13517
13518
41960
13521
13522
41962
13525
13526
41964
13529
13530
13533
13534
41966
13535
13536
41968
13539
13540
41970
13543
13544
41972
13547
13548
41974
13551
13552
41976
13555
13556
41978
13559
13560
41980
13563
13564
41982
13567
13568
13571
13572
41984
13573
13574
41986
13577
13578
41988
13581
13582
41990
13585
13586
41992
13589
13590
41994
13593
13594
41996
13597
13598
41998
13601
13602
42000
13605
13606
42002
13609
13610
42004
13611
13612
42006
13615
13616
42008
13619
13620
42010
13623
13624
42012
13627
13628
42014
13631
13632
42016
13635
13636
42018
13639
13640
42020
13643
13644
42022
13647
13648
42024
13649
13650
42026
13653
13654
42028
13657
13658
42030
13661
13662
42032
13665
13666
42034
13669
13670
42036
13673
13674
42038
13677
13678
42040
13681
13682
42042
13685
13686
42044
13687
13688
42046
13691
13692
42048
13695
13696
42050
13699
13700
42052
13703
13704
42054
13707
13708
42056
13711
13712
42058
13715
13716
42060
13719
13720
42062
13723
13724
42064
13725
13726
42066
13729
13730
42068
42070
42072
42074
42076
13733
13734
13737
13738
13741
13742
13745
13746
13749
13750
42078
13753
13754
42080
13757
13758
42082
13761
13762
42084
13765
13766
42086
42088
42090
42092
42094
13769
13770
13773
13774
13777
13778
13781
13782
13785
13786
42096
13789
13790
42098
13793
13794
42100
13797
13798
42102
13801
13802
42104
42106
42108
42110
42112
13805
13806
13809
13810
13813
13814
13817
13818
13821
13822
42114
13825
13826
42116
13829
13830
42118
13833
13834
42120
13837
13838
42122
42124
42126
42128
42130
13841
13842
13845
13846
13849
13850
13853
13854
13857
13858
42132
13861
13862
42134
13865
13866
42136
13869
13870
42138
13873
13874
42140
42142
42144
42146
42148
13877
13878
13881
13882
13885
13886
13889
13890
13893
13894
42150
13897
13898
42152
13901
13902
42154
13905
13906
42156
13909
13910
42158
42160
42162
42164
42166
13913
13914
13917
13918
13921
13922
13925
13926
13929
13930
42168
13933
13934
42170
13937
13938
42172
13941
13942
42174
13945
13946
42176
42178
42180
42182
42184
13949
13950
13953
13954
13957
13958
13961
13962
13965
13966
42186
13969
13970
42188
13973
13974
42190
13977
13978
42192
13981
13982
42194
42196
42198
42200
42202
13985
13986
42204
13989
13990
42206
13993
13994
42208
13997
13998
42210
14001
14002
42212
14005
14006
42214
14009
14010
42216
14013
14014
42218
14017
14018
42220
14021
14022
42222
14025
14026
42224
14029
14030
42226
14033
14034
42228
14037
14038
42230
14041
14042
42232
14045
42234
42236
42238
42240
42242
42244
42246
42248
42250
42252
42254
42256
42258
42260
42262
42264
42266
42268
42270
42272
42274
42276
42278
42280
42282
42284
42286
42288
42290
42292
42294
42296
42298
42300
42302
42304
42306
42308
42310
42312
42314
42316
42318
42320
42322
42324
42326
42328
42330
42332
42334
42336
42338
42340
42342
42344
42346
42348
42350
42352
42354
42356
41745
14046
42358
14049
42360
42362
42364
42366
42368
42370
42372
41749
14050
42374
14053
42376
42378
42380
42382
42384
42386
42388
42390
42392
42394
42396
42398
42400
42402
42404
42406
42408
42410
42412
42414
42416
42418
42420
42422
42424
42426
42428
42430
42432
42434
42436
42438
42440
42442
41753
14054
42444
14057
42446
42448
42450
42452
42454
41757
14058
42456
14061
14062
42458
14065
14066
42460
14069
14070
42462
14073
14074
42464
14077
14078
42466
14081
14082
42468
14085
14086
42470
14089
42472
42474
42476
42478
42480
41775
14090
42482
14093
14094
42484
14097
14098
42486
42488
42490
42492
42494
14101
14102
42496
14103
14104
42498
42500
42502
42504
42506
42508
42510
42512
42514
42516
42518
14107
14108
42520
14109
14110
42522
42524
42526
42528
14113
14114
42530
14115
14116
42532
42534
42536
42538
42540
42542
42544
42546
14119
14120
42548
14121
14122
42550
42552
42554
42556
42558
42560
42562
42564
42566
14125
14126
42568
14127
14128
42570
14131
14132
42572
14135
14136
42574
14139
14140
42576
14143
14144
42578
14147
14148
42580
14151
14152
42582
14155
14156
42584
14159
14160
42586
42588
42590
42592
42594
42596
42598
42600
42602
42604
42606
42608
42610
42612
42614
42616
42618
42620
42622
14163
14164
42624
14165
14166
42626
42628
42630
42632
42634
42636
42638
14169
14170
42640
14171
14172
42642
42644
42646
42648
42650
14175
14176
42652
14177
14178
42654
42656
42658
42660
42662
42664
42666
42668
42670
42672
42674
42676
42678
14181
14182
42680
14183
14184
42682
42684
42686
42688
42690
42692
42694
42696
42698
42700
42702
14187
14188
42704
14189
14190
42706
14193
14194
42708
14197
14198
42710
14201
14202
42712
14205
14206
42714
14209
14210
42716
14213
14214
42718
14217
14218
42720
14221
14222
14225
14226
42722
14227
14228
42724
14231
14232
42726
14233
14234
42728
14237
14238
42730
14239
14240
42732
14243
14244
42734
14245
14246
42736
14249
14250
42738
14251
14252
42740
14255
14256
42742
14259
14260
42744
14263
14264
42746
14267
14268
42748
14271
14272
42750
14275
14276
42752
14279
14280
42754
14283
14284
42756
14287
14288
42758
14289
14290
42760
14293
14294
42762
14297
14298
42764
14301
14302
42766
14305
14306
42768
14309
14310
42770
14313
14314
42772
14317
14318
42774
14321
14322
42776
14325
14326
42778
14329
14330
42780
14333
14334
42782
14337
14338
42784
14341
14342
42786
14345
14346
42788
14349
14350
42790
14353
14354
42792
14357
14358
42794
14361
14362
42796
14365
14366
42798
14369
14370
42800
14373
14374
42802
14377
14378
42804
14381
14382
42806
14385
14386
42808
14389
14390
42810
14393
14394
42812
14397
14398
42814
14401
14402
42816
14405
14406
42818
14409
14410
42820
14413
14414
42822
14417
14418
42824
14421
14422
42826
14425
14426
42828
14429
14430
42830
14433
14434
42832
14437
14438
42834
14441
14442
42836
14445
14446
42838
14449
14450
42840
14453
14454
42842
14457
14458
42844
14461
14462
42846
14465
42848
42737
14466
42850
14469
42852
42733
14470
42854
14473
42856
42729
14474
42858
14477
42860
42725
14478
42862
14481
14482
42864
14485
14486
42866
14489
14490
42868
14493
42757
14494
42870
14497
14498
42872
14501
14502
42874
14505
14506
42876
14509
14510
42878
14513
14514
42880
14517
14518
42882
14521
14522
42884
14525
14526
42886
14529
14530
42888
14533
14534
42890
14537
14538
42892
14541
14542
42894
14545
14546
42896
14549
14550
42898
14553
14554
42900
14557
14558
42902
14561
14562
42904
14565
14566
42906
14569
14570
42908
14573
14574
42910
14577
14578
42912
14581
14582
42914
14583
14584
42916
14587
14588
42918
14589
14590
42920
14593
14594
42922
14595
14596
42924
14599
14600
42926
14601
14602
42928
14605
14606
42930
14607
14608
42932
14611
14612
42934
14615
14616
42936
14619
14620
42938
14623
14624
42940
14627
14628
42942
14631
14632
42944
14635
14636
42946
14639
14640
42948
14643
14644
42950
14645
14646
42952
14649
14650
42954
14651
14652
42956
14655
14656
42958
14657
14658
42960
14661
14662
42962
14663
14664
42964
14667
14668
42966
14669
14670
42968
14673
14674
42970
14677
14678
42972
14681
14682
42974
14685
14686
42976
14689
14690
42978
14693
14694
42980
14697
14698
42982
14701
14702
42984
14705
14706
42986
14707
14708
42988
14711
14712
42990
14713
14714
42992
14717
14718
42994
14719
14720
42996
14723
14724
42998
14725
14726
43000
14729
14730
43002
14731
14732
43004
14735
14736
43006
14739
14740
43008
14743
14744
43010
14747
14748
43012
14751
14752
43014
14755
14756
43016
14759
14760
43018
14763
14764
43020
14767
14768
43022
14769
14770
43024
14773
14774
43026
14777
14778
43028
14781
14782
43030
14785
14786
43032
14789
14790
43034
14793
14794
43036
14797
14798
43038
14801
14802
43040
14805
14806
43042
14809
14810
43044
14813
14814
43046
14817
14818
43048
14821
14822
43050
14825
14826
43052
14829
14830
43054
14833
14834
43056
14837
14838
43058
14841
14842
43060
14845
14846
43062
14849
14850
43064
14853
14854
43066
14857
14858
43068
14861
14862
43070
14865
14866
43072
14869
14870
43074
14871
14872
43076
14875
14876
43078
14877
14878
43080
14881
14882
43082
14883
14884
43084
14887
14888
43086
14889
14890
43088
14893
14894
43090
14895
14896
43092
14899
14900
43094
14903
14904
43096
14907
14908
43098
14911
14912
43100
14915
14916
43102
14919
14920
43104
14923
14924
43106
14927
14928
43108
14931
14932
43110
14933
14934
43112
14937
14938
43114
14939
14940
43116
14943
14944
43118
14945
14946
43120
14949
14950
43122
14951
14952
43124
14955
14956
43126
14957
14958
43128
14961
14962
43130
14965
14966
43132
14969
14970
43134
14973
14974
43136
14977
14978
43138
14981
14982
43140
14985
14986
43142
14989
14990
43144
14993
14994
43146
14995
14996
43148
14999
15000
43150
15001
15002
43152
15005
15006
43154
15007
15008
43156
15011
15012
43158
15013
15014
43160
15017
15018
43162
15019
15020
43164
15023
15024
43166
15027
15028
43168
15031
15032
43170
15035
15036
43172
15039
15040
43174
15043
15044
43176
15047
15048
43178
15051
15052
43180
15055
15056
43182
15057
15058
43184
15061
15062
43186
15065
15066
43188
15069
15070
43190
15073
15074
43192
15077
15078
43194
15079
15080
43196
15083
15084
43198
15085
15086
43200
15089
15090
43202
15091
15092
43204
15095
15096
43206
15097
15098
43208
15101
15102
43210
15103
15104
43212
15107
15108
43214
15111
15112
43216
15115
15116
43218
15119
15120
43220
15123
15124
43222
15125
15126
43224
15129
15130
43226
15131
15132
43228
15135
15136
43230
15137
15138
43232
15141
15142
43234
15143
15144
43236
15147
15148
43238
15149
15150
43240
15153
15154
43242
15157
15158
43244
15161
15162
43246
15165
15166
43248
15169
15170
43250
15171
15172
43252
15175
15176
43254
15177
15178
43256
15181
15182
43258
15183
15184
43260
15187
15188
43262
15189
15190
43264
15193
15194
43266
15195
15196
43268
15199
15200
43270
15203
15204
43272
15207
15208
43274
15211
15212
43276
15215
15216
43278
15217
15218
15221
15222
15223
15224
43280
43282
15227
15228
43284
43286
15229
15230
43288
15233
15234
43290
15235
15236
43292
15239
15240
43294
15241
15242
43296
15245
15246
43298
15247
15248
15251
15252
15253
15254
43300
43302
15257
15258
43304
43306
15259
15260
43308
15263
15264
43310
15265
15266
43312
15269
15270
43314
15271
15272
43316
15275
15276
43318
15277
15278
15281
15282
15283
15284
43320
43322
15287
15288
43324
43326
15289
15290
43328
15293
15294
43330
15295
15296
43332
15299
15300
43334
15301
15302
43336
15305
15306
43338
15307
15308
15311
15312
15313
15314
43340
43342
15318
43344
43346
40375
15319
15320
36417
39593
15321
31726
15322
15323
26132
15324
39591
15325
24354
24414
24477
31728
15326
40355
15327
15328
39539
15329
31730
15330
15331
15332
39537
15333
31732
15334
43348
43350
43352
41127
15335
15336
39535
15337
26134
31734
15338
15339
15340
39533
15341
26136
26141
26145
31736
15342
43354
43356
43358
41123
15343
15344
39531
15345
31738
15346
15347
15348
39529
15349
31740
15350
43360
41119
15351
15352
39527
15353
31742
15354
43362
41115
15355
15356
15357
31744
15358
15359
15360
15361
26152
26158
31746
15362
43364
41111
15363
15364
39525
15365
31743
31748
15366
43366
41741
15367
15368
39521
39523
15369
31750
15370
43368
43370
43372
43374
41107
15371
43376
15372
15373
31752
15374
43378
43380
43382
41071
15375
15376
15377
31753
31754
15378
41737
15379
43384
15380
39517
39519
15381
31751
31756
15382
43386
43388
43390
43392
41067
15383
15384
15385
31758
15386
43394
41063
15387
15388
15389
31759
31760
15390
43396
41733
15391
15392
39513
39515
15393
31757
31762
15394
41059
15395
43398
43400
15396
15397
31764
15398
43402
43404
43406
41055
15399
15400
15401
31765
31766
15402
41729
15403
43408
15404
39509
39511
15405
31763
31768
15406
43410
43412
43414
43416
41051
15407
15408
15409
31770
15410
43418
41047
15411
15412
15413
31771
31772
15414
43420
41725
15415
15416
39505
39507
15417
31769
31774
15418
41043
15419
43422
43424
15420
15421
31776
15422
43426
43428
43430
41039
15423
15424
15425
31777
31778
15426
41721
15427
43432
15428
39501
39503
15429
31775
31780
15430
43434
43436
43438
43440
41001
15431
15432
15433
31782
15434
43442
40981
15435
15436
15437
31783
31784
15438
43444
41717
15439
15440
39497
39499
15441
31781
31786
15442
40961
15443
43446
43448
15444
15445
26167
31741
31788
15446
43450
43452
43454
40941
15447
15448
15449
26189
31747
31789
31790
15450
41713
15451
15452
39493
39495
15453
31787
31792
15454
43456
43458
43460
43462
43464
42703
15455
15458
42701
15459
15462
42699
15463
15466
42697
15467
15470
42695
15471
43466
15474
42693
15475
43468
15478
42691
15479
43470
15482
42689
15483
43472
15486
42687
15487
43474
15490
42685
15491
43476
15494
42683
15495
43478
15498
42679
15499
43480
15502
42677
15503
43482
15506
42675
15507
43484
15510
42673
15511
43486
15514
42671
15515
43488
15518
42669
15519
43490
15522
42667
15523
43492
15526
42665
15527
43494
15530
42663
15531
43496
15534
42661
15535
43498
15538
42659
15539
43500
15542
42657
15543
43502
15546
42655
15547
43504
15550
42651
15551
43506
15554
42649
15555
43508
15558
42647
15559
43510
15562
42645
15563
43512
15566
42643
15567
43514
15570
42639
15571
43516
15574
42637
15575
43518
15578
42635
15579
43520
15582
42633
15583
43522
15586
42631
15587
43524
15590
42629
15591
43526
15594
42627
15595
43528
15598
42623
15599
43530
15602
42621
15603
43532
15606
42619
15607
43534
15610
42617
15611
43536
15614
42615
15615
43538
15618
42613
15619
43540
15622
42611
15623
43542
15626
42609
15627
43544
15630
42607
15631
43546
15634
42605
15635
43548
15638
42603
15639
43550
15642
42601
15643
43552
15646
42599
15647
43554
15650
42597
15651
43556
15654
42595
15655
43558
15658
42593
15659
43560
15662
42591
15663
43562
15666
42589
15667
43564
15670
42587
15671
43566
15674
42567
15675
43568
15678
42565
15679
43570
15682
42563
15683
43572
15686
42561
15687
43574
15690
42559
15691
43576
15694
42557
15695
43578
15698
42555
15699
43580
15702
42553
15703
43582
15706
42551
15707
43584
15710
42547
15711
43586
15714
42545
15715
43588
15718
42543
15719
43590
15722
42541
15723
43592
15726
42539
15727
43594
15730
42537
15731
43596
15734
42535
15735
43598
15738
42533
15739
43600
43602
43604
43606
15742
15743
43608
15744
43610
42529
15745
43612
15748
42527
15749
43614
15752
42525
15753
43616
15756
42523
15757
43618
15760
43620
42519
15761
43622
15764
43624
42517
15765
43626
15768
43628
42515
15769
43630
15772
43632
42513
15773
43634
15776
43636
42511
15777
43638
15780
43640
42509
15781
43642
15784
43644
42507
15785
43646
15788
43648
42505
15789
43650
15792
43652
42503
15793
43654
15796
43656
42501
15797
43658
15800
43660
42499
15801
43662
15804
43664
42495
15805
43666
15808
43668
42493
15809
43670
43672
43674
43676
15812
15813
43678
15814
43680
42491
15815
43682
15818
42489
15819
43684
15822
42487
15823
43686
15826
42481
15827
43688
15830
43690
42479
15831
43692
15834
43694
42477
15835
43696
15838
43698
42475
15839
43700
15842
43702
42473
15843
43704
15846
43706
42455
15847
43708
43710
43712
43714
15850
15851
43716
15852
43718
42453
15853
43720
15856
42451
15857
43722
15860
42449
15861
43724
15864
42447
15865
43726
15868
43728
42443
15869
43730
15872
43732
42441
15873
43734
15876
43736
42439
15877
43738
15880
43740
42437
15881
43742
15884
43744
42435
15885
43746
43748
43750
43752
15888
15889
43754
15890
43756
42433
15891
43758
15894
42431
15895
43760
15898
42429
15899
43762
15902
42427
15903
43764
15906
43766
42425
15907
43768
15910
43770
42423
15911
43772
15914
43774
42421
15915
43776
15918
43778
42419
15919
43780
15922
43782
42417
15923
43784
43786
43788
43790
15926
15927
43792
15928
43794
42415
15929
43796
15932
42413
15933
43798
15936
42411
15937
43800
15940
42409
15941
43802
15944
43804
42407
15945
43806
15948
43808
42405
15949
43810
15952
43812
42403
15953
43814
15956
43816
42401
15957
43818
15960
43820
42399
15961
43822
43824
43826
43828
15964
15965
43830
15966
43832
42397
15967
43834
15970
42395
15971
43836
15974
42393
15975
43838
15978
42391
15979
43840
15982
43842
42389
15983
43844
15986
43846
42387
15987
43848
15990
43850
42385
15991
43852
15994
43854
42383
15995
43856
15998
43858
42381
15999
43860
43862
43864
43866
16002
16003
43868
16004
43870
42379
16005
43872
16008
42377
16009
43874
16012
42373
16013
43876
16016
42371
16017
43878
16020
43880
42369
16021
43882
16024
43884
42367
16025
43886
16028
43888
42365
16029
43890
16032
43892
42363
16033
43894
16036
43896
42361
16037
43898
43900
43902
43904
16040
16041
43906
16042
43908
42357
16043
43910
16046
42355
16047
43912
43914
43916
43918
43920
16050
16051
16054
42353
16055
16058
42351
16059
16062
43922
42349
16063
16066
43924
42347
16067
43926
16070
43928
42345
16071
43930
16074
43932
42343
16075
43934
16078
43936
42341
16079
43938
16082
43940
42339
16083
43942
43944
43946
43948
43950
16086
16087
16090
43952
42337
16091
16094
42335
16095
16098
42333
16099
16102
42331
16103
43954
16106
42329
16107
43956
16110
42327
16111
43958
16114
42325
16115
43960
16118
42323
16119
43962
43964
43966
43968
43970
16122
16123
16126
42321
16127
16130
43972
42319
16131
16134
43974
42317
16135
16138
43976
42315
16139
43978
16142
43980
42313
16143
43982
16146
43984
42311
16147
43986
16150
43988
42309
16151
43990
16154
43992
42307
16155
43994
43996
43998
44000
44002
16158
16159
16162
44004
42305
16163
16166
42303
16167
16170
42301
16171
16174
42299
16175
44006
16178
42297
16179
44008
16182
42295
16183
44010
16186
42293
16187
44012
16190
42291
16191
44014
44016
44018
44020
44022
16194
16195
16198
42289
16199
16202
44024
42287
16203
16206
44026
42285
16207
16210
44028
42283
16211
44030
16214
44032
42281
16215
44034
16218
44036
42279
16219
44038
16222
44040
42277
16223
44042
16226
44044
42275
16227
44046
44048
44050
44052
44054
16230
16231
16234
44056
42273
16235
16238
42271
16239
16242
42269
16243
16246
42267
16247
44058
16250
42265
16251
44060
16254
42263
16255
44062
16258
42261
16259
44064
16262
42259
16263
44066
44068
44070
44072
44074
16266
16267
16270
42257
16271
16274
44076
42255
16275
16278
44078
42253
16279
16282
44080
42251
16283
44082
16286
44084
42249
16287
44086
16290
44088
42247
16291
44090
16294
44092
42245
16295
44094
16298
44096
42243
16299
44098
44100
44102
44104
44106
16302
16303
44108
16306
16307
44110
16310
16311
44112
16314
16315
44114
16318
16319
44116
16322
16323
44118
16326
16327
44120
16330
16331
44122
16334
16335
44124
16338
16339
44126
16342
16343
44128
16346
16347
44130
16350
16351
44132
16354
16355
44134
16358
16359
44136
16362
16363
44138
16366
16367
44140
16370
16371
44142
16374
16375
44144
16378
16379
44146
16382
16383
44148
16386
44150
43021
16387
44152
16390
44154
43001
16391
44156
16394
44158
42997
16395
44160
16398
44162
42861
16399
44164
16402
44166
42857
16403
44168
16406
44170
42853
16407
44172
16410
44174
42849
16411
44176
16414
44178
42993
16415
44180
16418
16419
44182
16422
44184
42989
16423
44186
16426
44188
42985
16427
44190
16430
44192
42965
16431
44194
16434
44196
42961
16435
44198
16438
16439
44200
16442
44202
42957
16443
44204
16446
44206
42953
16447
44208
16450
44210
42949
16451
44212
16454
44214
42929
16455
44216
16458
16459
44218
16462
44220
42925
16463
44222
16466
44224
42921
16467
44226
16470
44228
42917
16471
44230
16474
44232
42913
16475
44234
16478
16479
44236
16482
16483
44238
16486
16487
44240
16490
16491
44242
16494
16495
44244
16498
16499
44246
16502
16503
44248
16506
16507
44250
16510
16511
44252
16514
16515
44254
16518
44256
43161
16519
44258
16522
44260
43125
16523
44262
16526
44264
43089
16527
44266
16530
44268
43085
16531
44270
16534
44272
43081
16535
44274
16538
44276
43077
16539
44278
16542
44280
43073
16543
44282
16546
16547
44284
16550
44286
43121
16551
44288
16554
44290
43117
16555
44292
16558
44294
43113
16559
44296
16562
44298
43109
16563
44300
16566
16567
44302
16570
44304
43157
16571
44306
16574
44308
43153
16575
44310
16578
44312
43149
16579
44314
16582
44316
43145
16583
44318
16586
16587
44320
16590
44322
43209
16591
44324
16594
44326
43205
16595
44328
16598
44330
43201
16599
44332
16602
44334
43181
16603
44336
16606
44338
43193
16607
44340
16610
44342
43197
16611
44344
16614
44346
43237
16615
44348
16618
44350
43233
16619
44352
16622
44354
43229
16623
44356
16626
44358
43221
16627
44360
16630
44362
43225
16631
44364
16634
44366
43265
16635
44368
16638
44370
43261
16639
44372
16642
44374
43257
16643
44376
16646
44378
43249
16647
44380
16650
44382
43253
16651
44384
16654
16655
44386
16658
16659
44388
16662
44390
43383
16663
44392
16666
44394
43277
16667
44396
16670
44398
43283
16671
16674
44400
43281
16675
44402
44404
16678
44406
43289
16679
44408
16682
44410
43293
16683
44412
16686
44414
43297
16687
44416
16690
44418
43303
16691
16694
44420
43301
16695
44422
44424
16698
44426
43309
16699
44428
16702
44430
43313
16703
44432
16706
44434
43317
16707
44436
16710
44438
43323
16711
16714
44440
43321
16715
44442
44444
16718
44446
43329
16719
44448
16722
44450
43333
16723
44452
16726
44454
43337
16727
44456
16730
44458
43347
16731
16734
44460
43345
16735
44462
44464
16739
44466
43353
16740
26139
16741
43349
44468
43351
16742
32436
16743
44470
43359
16744
16745
44472
43357
16746
31727
32438
16747
16748
26150
16749
43355
16750
31729
31731
31733
32437
32440
16751
43361
16752
16753
43381
16754
32442
16755
16756
16757
43379
16758
32444
16759
44474
43363
16760
44476
16761
16762
32446
16763
44478
43365
16764
44480
16765
16766
32448
16767
16768
16769
16770
31735
31737
32450
16771
44482
43367
16772
16773
16774
32447
32452
16775
43375
16776
44484
16777
43371
43373
16778
26196
32454
16779
44486
44488
44490
43377
16780
44492
16781
16782
32456
16783
44494
44496
43393
16784
16785
16786
32457
32458
16787
43385
16788
44498
16789
43389
43391
16790
26253
32455
32460
16791
43395
16792
44500
16793
16794
32462
16795
44502
44504
44506
43397
16796
16797
16798
32463
32464
16799
43407
16800
44508
16801
43403
43405
16802
26270
32461
32466
16803
43401
16804
44510
16805
16806
32468
16807
44512
44514
44516
43417
16808
16809
16810
32469
32470
16811
43409
16812
44518
16813
43413
43415
16814
26287
32467
32472
16815
43419
16816
44520
16817
16818
32474
16819
44522
44524
44526
43421
16820
16821
16822
32475
32476
16823
43431
16824
44528
16825
43427
43429
16826
26304
32473
32478
16827
43425
16828
44530
16829
16830
32480
16831
44532
44534
44536
43441
16832
16833
16834
32481
32482
16835
43433
16836
44538
16837
43437
43439
16838
26321
32479
32484
16839
43443
16840
44540
16841
16842
32486
16843
44542
44544
44546
43445
16844
16845
16846
32487
32488
16847
43455
16848
44548
16849
43451
43453
16850
26338
32485
32490
16851
43449
16852
44550
16853
16854
31739
32445
32492
16855
16856
16857
16858
31745
32451
32493
32494
16859
43465
16860
16861
43461
43463
16862
26355
32491
32496
16863
16864
16865
39491
43459
16866
32498
16867
16868
16871
16872
16875
16876
16879
16880
16883
16884
16887
16888
16891
16892
16895
16896
16899
16900
16903
16904
16907
16908
16911
16912
16915
16916
44552
16919
16920
44554
16923
16924
44556
16927
16928
44558
16931
16932
44560
16935
16936
44562
16939
16940
44564
16943
16944
44566
16947
16948
44568
16951
16952
44570
16955
16956
44572
16959
16960
44574
16963
16964
44576
16967
16968
44578
16971
16972
44580
16975
16976
44582
16979
16980
44584
16983
16984
44586
16987
16988
44588
16991
16992
44590
16995
16996
44592
16999
17000
44594
17003
17004
44596
17007
17008
44598
17011
17012
44600
17015
17016
44602
17019
17020
44604
17023
17024
44606
17027
17028
44608
17031
17032
44610
17035
17036
44612
17039
17040
44614
17043
17044
44616
17047
17048
44618
17051
17052
44620
17055
17056
44622
17059
17060
44624
17063
17064
44626
17067
17068
44628
17071
17072
44630
17075
17076
44632
17079
17080
44634
17083
17084
44636
17087
17088
44638
17091
17092
44640
17095
17096
44642
17099
17100
44644
17103
17104
44646
17107
17108
44648
17111
17112
44650
17115
17116
44652
17119
17120
44654
17123
17124
44656
17127
17128
44658
17131
17132
44660
17135
43607
17136
44662
17139
43605
17140
44664
17143
43603
17144
44666
17147
43601
17148
17151
17152
44668
17153
43677
17154
44670
17157
43675
17158
44672
17161
43673
17162
44674
17165
43621
17166
44676
17169
43625
17170
44678
17173
43629
17174
44680
17177
43633
17178
44682
17181
43637
17182
44684
17185
43641
17186
44686
17189
43645
17190
44688
17193
43649
17194
44690
17197
43653
17198
44692
17201
44694
43657
17202
44696
17205
43661
17206
44698
17209
43665
17210
44700
17213
43669
17214
44702
17217
44704
43671
17218
44706
44708
44710
44712
44714
44716
17221
17222
44718
17223
43715
17224
44720
17227
43713
17228
44722
17231
43711
17232
44724
17235
43691
17236
44726
17239
44728
43695
17240
44730
17243
43699
17244
44732
17247
43703
17248
44734
17251
43707
17252
44736
17255
44738
43709
17256
44740
44742
44744
44746
17259
17260
44748
17261
44750
43753
17262
44752
17265
43751
17266
44754
17269
43749
17270
44756
17273
43729
17274
44758
17277
44760
43733
17278
44762
17281
44764
43737
17282
44766
17285
44768
43741
17286
44770
17289
44772
43745
17290
44774
17293
44776
43747
17294
44778
44780
44782
44784
17297
17298
44786
17299
44788
43791
17300
44790
17303
43789
17304
44792
17307
43787
17308
44794
17311
43767
17312
44796
17315
44798
43771
17316
44800
17319
44802
43775
17320
44804
17323
44806
43779
17324
44808
17327
44810
43783
17328
44812
17331
44814
43785
17332
44816
44818
44820
44822
17335
17336
44824
17337
44826
43829
17338
44828
17341
43827
17342
44830
17345
43825
17346
44832
17349
43805
17350
44834
17353
44836
43809
17354
44838
17357
44840
43813
17358
44842
17361
44844
43817
17362
44846
17365
44848
43821
17366
44850
17369
44852
43823
17370
44854
44856
44858
44860
17373
17374
44862
17375
44864
43867
17376
44866
17379
43865
17380
44868
17383
43863
17384
44870
17387
43843
17388
44872
17391
44874
43847
17392
44876
17395
44878
43851
17396
44880
17399
44882
43855
17400
44884
17403
44886
43859
17404
44888
17407
44890
43861
17408
44892
44894
44896
44898
17411
17412
44900
17413
44902
43905
17414
44904
17417
43903
17418
44906
17421
43901
17422
44908
17425
43881
17426
44910
17429
44912
43885
17430
44914
17433
44916
43889
17434
44918
17437
44920
43893
17438
44922
17441
44924
43897
17442
44926
17445
44928
43899
17446
44930
44932
44934
44936
17449
17450
44938
17451
17452
44940
17455
17456
44942
44944
44946
44948
44950
44952
44954
44956
44958
17459
17460
44960
17463
17464
17467
44962
43923
17468
17471
43925
17472
17475
43929
17476
17479
43933
17480
17483
44964
43937
17484
17487
44966
43941
17488
17491
17492
44968
44970
44972
44974
44976
44978
44980
44982
17495
44984
44986
44988
44990
44992
44994
44996
43953
17496
44998
17499
17500
17503
17504
17507
17508
17511
17512
17515
17516
17519
17520
17523
17524
17527
17528
45000
45002
45004
45006
45008
45010
45012
45014
17531
17532
45016
17535
43973
17536
17539
43975
17540
17543
43977
17544
17547
43981
17548
17551
43985
17552
17555
43989
17556
17559
45018
43993
17560
17563
17564
45020
45022
45024
45026
45028
45030
45032
45034
17567
45036
45038
45040
45042
45044
45046
45048
45050
44005
17568
45052
17571
17572
17575
17576
17579
17580
17583
17584
17587
17588
17591
17592
17595
17596
17599
17600
45054
45056
45058
45060
45062
45064
45066
45068
17603
17604
45070
17607
44025
17608
17611
44027
17612
17615
44029
17616
17619
44033
17620
17623
44037
17624
17627
44041
17628
17631
44045
17632
17635
17636
45072
45074
45076
45078
45080
45082
45084
45086
17639
45088
45090
45092
45094
45096
45098
45100
45102
45104
44057
17640
45106
17643
17644
17647
17648
17651
17652
17655
17656
17659
17660
17663
17664
17667
17668
17671
17672
45108
45110
45112
45114
45116
45118
45120
45122
17675
17676
45124
17679
44077
17680
17683
44079
17684
17687
44081
17688
17691
44085
17692
17695
44089
17696
17699
44093
17700
17703
44097
17704
17707
17708
45126
45128
45130
45132
45134
45136
45138
45140
17711
17712
45142
17715
17716
45144
17719
17720
45146
17723
17724
45148
17727
17728
45150
17731
17732
45152
17735
17736
45154
17739
17740
45156
17743
17744
45158
17747
17748
45160
17751
17752
45162
17755
17756
45164
17759
17760
45166
17763
17764
45168
17767
17768
45170
17771
17772
45172
17775
17776
45174
17779
17780
45176
17783
17784
45178
17787
17788
45180
17791
45182
44151
17792
45184
17795
45186
44155
17796
45188
17799
45190
44159
17800
45192
17803
45194
44163
17804
45196
17807
45198
44167
17808
45200
17811
45202
44171
17812
45204
17815
45206
44175
17816
45208
17819
45210
44179
17820
45212
17823
17824
45214
17827
45216
44185
17828
45218
17831
45220
44189
17832
45222
17835
45224
44193
17836
45226
17839
45228
44197
17840
45230
17843
17844
45232
17847
45234
44203
17848
45236
17851
45238
44207
17852
45240
17855
45242
44211
17856
45244
17859
45246
44215
17860
45248
17863
17864
45250
17867
45252
44221
17868
45254
17871
45256
44225
17872
45258
17875
45260
44229
17876
45262
17879
45264
44233
17880
45266
17883
17884
45268
17887
17888
45270
17891
17892
45272
17895
17896
45274
17899
17900
45276
17903
17904
45278
17907
17908
45280
17911
17912
45282
17915
17916
45284
17919
17920
45286
17923
45288
44257
17924
45290
17927
45292
44261
17928
45294
17931
45296
44265
17932
45298
17935
45300
44269
17936
45302
17939
45304
44273
17940
45306
17943
45308
44277
17944
45310
17947
45312
44281
17948
45314
17951
45316
44481
17952
45318
17955
45320
44287
17956
45322
17959
45324
44291
17960
45326
17963
45328
44295
17964
45330
17967
45332
44299
17968
45334
17971
45336
44479
17972
45338
17975
45340
44305
17976
45342
17979
45344
44309
17980
45346
17983
45348
44313
17984
45350
17987
45352
44317
17988
45354
17991
45356
44473
17992
45358
17995
45360
44323
17996
45362
17999
45364
44327
18000
45366
18003
45368
44331
18004
45370
18007
45372
44335
18008
45374
18011
45376
44339
18012
45378
18015
45380
44343
18016
45382
18019
45384
44347
18020
45386
18023
45388
44351
18024
45390
18027
45392
44355
18028
45394
18031
45396
44359
18032
45398
18035
45400
44363
18036
45402
18039
45404
44367
18040
45406
18043
45408
44371
18044
45410
18047
45412
44375
18048
45414
18051
45416
44379
18052
45418
18055
45420
44383
18056
45422
18059
45424
44471
18060
45426
18063
45428
44469
18064
45430
18067
45432
44391
18068
45434
18071
45436
44395
18072
45438
18075
45440
44399
18076
45442
18079
45444
44401
18080
45446
18083
44407
18084
45448
18087
45450
45452
44411
18088
45454
18091
45456
44415
18092
45458
18095
45460
44419
18096
45462
18099
45464
44421
18100
45466
18103
44427
18104
45468
18107
45470
45472
44431
18108
45474
18111
45476
44435
18112
45478
18115
45480
44439
18116
45482
18119
45484
44441
18120
45486
18123
44447
18124
45488
18127
45490
45492
44451
18128
45494
18131
45496
44455
18132
45498
18135
45500
44459
18136
45502
18139
45504
44461
18140
45506
18143
44467
18144
45508
18148
45510
45512
44475
18149
26165
18150
44495
45514
44497
18151
33140
18152
45516
44477
18153
26184
18154
18155
33142
18156
45518
44483
18157
26187
18158
18159
32439
32441
33144
18160
44491
18161
26194
18162
18163
33143
33146
18164
44485
18165
18166
44487
44489
18167
31749
33148
18168
45520
45522
45524
44493
18169
26248
18170
18171
33150
18172
45526
44507
18173
26251
18174
18175
33151
33152
18176
44499
18177
18178
44503
44505
18179
31755
33149
33154
18180
44501
18181
26265
18182
18183
33156
18184
45528
45530
45532
44517
18185
26268
18186
18187
33157
33158
18188
44509
18189
18190
44513
44515
18191
31761
33155
33160
18192
44511
18193
26282
18194
18195
33162
18196
45534
45536
45538
44527
18197
26285
18198
18199
33163
33164
18200
44519
18201
18202
44523
44525
18203
31767
33161
33166
18204
44521
18205
26299
18206
18207
33168
18208
45540
45542
45544
44537
18209
26302
18210
18211
33169
33170
18212
44529
18213
18214
44533
44535
18215
31773
33167
33172
18216
44531
18217
26316
18218
18219
33174
18220
45546
45548
45550
44547
18221
26319
18222
18223
33175
33176
18224
44539
18225
18226
44543
44545
18227
31779
33173
33178
18228
44541
18229
26333
18230
18231
33180
18232
18233
26336
18234
18235
33181
33182
18236
44549
18237
18238
18239
31785
33179
33184
18240
44551
18241
26350
18242
18243
32443
33141
33186
18244
18245
26353
18246
18247
32449
33145
33187
33188
18248
18249
18250
18251
31791
33185
33190
18252
18253
18254
18255
33192
18256
18257
18260
18261
18264
18265
18268
18269
18272
18273
18276
18277
18280
18281
18284
18285
18288
18289
45552
18292
18293
45554
18296
18297
45556
18300
18301
45558
18304
18305
45560
18308
18309
45562
18312
18313
45564
18316
18317
45566
18320
18321
45568
18324
18325
45570
18328
18329
45572
18332
18333
45574
18336
18337
45576
18340
18341
45578
18344
18345
45580
18348
18349
45582
18352
18353
45584
18356
18357
45586
18360
18361
45588
18364
18365
45590
18368
18369
45592
18372
18373
45594
18376
18377
45596
18380
18381
45598
18384
18385
45600
18388
18389
45602
18392
18393
45604
18396
18397
45606
18400
18401
45608
18404
18405
45610
18408
18409
45612
18412
18413
45614
18416
18417
45616
18420
18421
45618
18424
18425
45620
18428
18429
45622
18432
18433
45624
18436
18437
45626
18440
18441
45628
18444
18445
45630
18448
18449
45632
18452
18453
45634
18456
18457
45636
18460
18461
45638
18464
18465
45640
18468
18469
45642
18472
18473
45644
18476
18477
45646
18480
18481
45648
18484
18485
45650
18488
18489
45652
18492
18493
45654
18496
18497
45656
18500
18501
45658
18504
18505
45660
18508
18509
45662
18512
18513
45664
18516
18517
45666
18520
18521
45668
18524
18525
45670
18528
18529
45672
18532
18533
45674
18536
18537
18540
18541
45676
18542
18543
45678
18546
18547
45680
18550
18551
45682
18554
18555
45684
18558
18559
45686
18562
18563
45688
18566
18567
45690
18570
18571
45692
18574
18575
45694
18578
18579
45696
18582
18583
45698
18586
18587
45700
18590
44717
18591
45702
18594
44715
18595
45704
18598
44713
18599
45706
18602
44711
18603
45708
18606
44709
18607
18610
18611
45710
18612
18613
45712
18616
18617
45714
18620
18621
45716
18624
18625
45718
18628
44747
18629
45720
18632
44745
18633
45722
18636
44743
18637
45724
18640
44739
18641
45726
18644
44741
18645
18648
18649
45728
18650
44785
18651
45730
18654
44783
18655
45732
18658
44781
18659
45734
18662
44761
18663
45736
18666
44765
18667
45738
18670
44769
18671
45740
18674
44773
18675
45742
18678
44777
18679
45744
18682
44779
18683
18686
18687
45746
18688
44823
18689
45748
18692
44821
18693
45750
18696
44819
18697
45752
18700
44799
18701
45754
18704
44803
18705
45756
18708
44807
18709
45758
18712
44811
18713
45760
18716
44815
18717
45762
18720
44817
18721
45764
18724
18725
45766
18726
44861
18727
45768
18730
44859
18731
45770
18734
45772
44857
18735
45774
18738
44837
18739
45776
18742
44841
18743
45778
18746
44845
18747
45780
18750
45782
44849
18751
45784
18754
44853
18755
45786
18758
44855
18759
45788
18762
18763
45790
18764
44899
18765
45792
18768
45794
44897
18769
45796
18772
44895
18773
45798
18776
44875
18777
45800
18780
44879
18781
45802
18784
45804
44883
18785
45806
18788
44887
18789
45808
18792
44891
18793
45810
18796
44893
18797
45812
45814
45816
45818
45820
45822
18800
18801
45824
18802
44937
18803
45826
18806
44935
18807
45828
18810
44933
18811
45830
18814
44913
18815
45832
18818
45834
44917
18819
45836
18822
44921
18823
45838
18826
44925
18827
45840
18830
44929
18831
45842
18834
45844
44931
18835
45846
45848
45850
45852
18838
18839
45854
18840
18841
45856
18844
18845
45858
45860
45862
45864
45866
45868
45870
45872
45874
18848
45876
45878
45880
45882
45884
45886
45888
45890
45892
45894
45896
45898
45900
45902
45904
45906
45908
45910
45912
45914
45916
45918
45920
45922
45924
45926
45928
45930
44997
18849
45932
18852
44995
18853
18856
44993
18857
18860
44991
18861
18864
44989
18865
18868
44965
18869
18872
44967
18873
18876
44987
18877
18880
44985
18881
45934
45936
45938
45940
45942
45944
45946
45948
18884
18885
45950
18888
18889
18892
18893
18896
18897
18900
18901
18904
18905
18908
18909
18912
18913
18916
18917
45952
45954
45956
45958
45960
45962
45964
45966
18920
45968
45970
45972
45974
45976
45978
45980
45982
45984
45051
18921
45986
18924
45049
18925
18928
45047
18929
18932
45045
18933
18936
45043
18937
18940
45041
18941
18944
45019
18945
18948
45039
18949
18952
45037
18953
45988
45990
45992
45994
45996
45998
46000
46002
18956
18957
46004
18960
18961
18964
18965
18968
18969
18972
18973
18976
18977
18980
18981
18984
18985
18988
18989
46006
46008
46010
46012
46014
46016
46018
46020
18992
46022
46024
46026
46028
46030
46032
46034
46036
46038
45105
18993
46040
18996
45103
18997
19000
45101
19001
19004
45099
19005
19008
45097
19009
19012
45095
19013
19016
45093
19017
19020
45091
19021
19024
45089
19025
46042
46044
46046
46048
46050
46052
46054
46056
19028
19029
46058
19032
19033
19036
19037
19040
19041
19044
19045
19048
19049
19052
19053
19056
19057
19060
19061
46060
46062
46064
46066
46068
46070
46072
46074
19064
19065
46076
19068
19069
19072
19073
19076
19077
19080
19081
19084
19085
19088
19089
19092
19093
19096
19097
46078
46080
46082
46084
46086
46088
46090
46092
19100
19101
46094
19104
19105
46096
19108
19109
46098
19112
19113
46100
19116
19117
46102
19120
19121
46104
19124
19125
46106
19128
19129
46108
19132
19133
46110
19136
19137
46112
19140
19141
46114
19144
19145
46116
19148
19149
46118
19152
19153
46120
19156
19157
46122
19160
19161
46124
19164
19165
46126
19168
19169
46128
19172
19173
46130
19176
46132
45183
19177
46134
19180
46136
45187
19181
46138
19184
46140
45191
19185
46142
19188
46144
45195
19189
46146
19192
46148
45199
19193
46150
19196
46152
45203
19197
46154
19200
46156
45207
19201
46158
19204
46160
45211
19205
46162
19208
19209
46164
19212
46166
45217
19213
46168
19216
46170
45221
19217
46172
19220
46174
45225
19221
46176
19224
46178
45229
19225
46180
19228
19229
46182
19232
46184
45235
19233
46186
19236
46188
45239
19237
46190
19240
46192
45243
19241
46194
19244
46196
45247
19245
46198
19248
19249
46200
19252
46202
45253
19253
46204
19256
46206
45257
19257
46208
19260
46210
45261
19261
46212
19264
46214
45265
19265
46216
19268
19269
46218
19272
19273
46220
19276
19277
46222
19280
19281
46224
19284
19285
46226
19288
19289
46228
19292
46230
45527
19293
46232
19296
46234
45519
19297
46236
19300
46238
45517
19301
46240
19304
46242
45515
19305
46244
19308
46246
45289
19309
46248
19312
46250
45293
19313
46252
19316
46254
45297
19317
46256
19320
46258
45301
19321
46260
19324
46262
45305
19325
46264
19328
46266
45309
19329
46268
19332
46270
45313
19333
46272
19336
46274
45317
19337
46276
19340
46278
45321
19341
46280
19344
46282
45325
19345
46284
19348
46286
45329
19349
46288
19352
46290
45333
19353
46292
19356
46294
45337
19357
46296
19360
46298
45341
19361
46300
19364
46302
45345
19365
46304
19368
46306
45349
19369
46308
19372
46310
45353
19373
46312
19376
46314
45357
19377
46316
19380
46318
45361
19381
46320
19384
46322
45365
19385
46324
19388
46326
45369
19389
46328
19392
46330
45373
19393
46332
19396
46334
45377
19397
46336
19400
46338
45381
19401
46340
19404
46342
45385
19405
46344
19408
46346
45389
19409
46348
19412
46350
45393
19413
46352
19416
46354
45397
19417
46356
19420
46358
45401
19421
46360
19424
46362
45405
19425
46364
19428
46366
45409
19429
46368
19432
46370
45413
19433
46372
19436
46374
45417
19437
46376
19440
46378
45421
19441
46380
19444
46382
45425
19445
46384
19448
46386
45429
19449
46388
19452
46390
45433
19453
46392
19456
46394
45437
19457
46396
19460
46398
45441
19461
46400
19464
46402
45445
19465
46404
19468
46406
45453
19469
46408
19472
45451
19473
46410
19476
46412
46414
45457
19477
46416
19480
46418
45461
19481
46420
19484
46422
45465
19485
46424
19488
46426
45473
19489
46428
19492
45471
19493
46430
19496
46432
46434
45477
19497
46436
19500
46438
45481
19501
46440
19504
46442
45485
19505
46444
19508
46446
45493
19509
46448
19512
45491
19513
46450
19516
46452
46454
45497
19517
46456
19520
46458
45501
19521
46460
19524
46462
45505
19525
46464
19528
46466
45513
19529
46468
19532
45511
19533
46470
19537
46472
46474
45525
19538
26245
19539
45521
45523
19540
32453
33147
33834
19541
45533
19542
26262
19543
45529
45531
19544
32459
33153
33835
33836
19545
46476
45539
19546
26279
19547
45535
45537
19548
32465
33159
33837
33838
19549
45545
19550
26296
19551
45541
45543
19552
32471
33165
33839
33840
19553
45551
19554
26313
19555
45547
45549
19556
32477
33171
33841
33842
19557
19558
26330
19559
19560
32483
33177
33843
33844
19561
19562
26347
19563
19564
32489
33183
33845
33846
19565
19566
26364
19567
19568
32495
33189
33847
33848
19569
19570
19571
19572
32497
33850
19573
19574
19577
19578
19581
19582
19585
19586
19589
19590
19593
19594
19597
19598
19601
19602
19605
19606
46478
19609
19610
46480
19613
19614
46482
19617
19618
46484
19621
19622
46486
19625
19626
46488
19629
19630
46490
19633
19634
46492
19637
19638
46494
19641
19642
46496
19645
19646
46498
19649
19650
46500
19653
19654
46502
19657
19658
46504
19661
19662
46506
19665
19666
46508
19669
19670
46510
19673
19674
46512
19677
19678
46514
19681
19682
46516
19685
19686
46518
19689
19690
46520
19693
19694
46522
19697
19698
46524
19701
19702
46526
19705
19706
46528
19709
19710
46530
19713
19714
46532
19717
19718
46534
19721
19722
46536
19725
19726
46538
19729
19730
46540
19733
19734
46542
19737
19738
46544
19741
19742
46546
19745
19746
46548
19749
19750
46550
19753
19754
46552
19757
19758
46554
19761
19762
46556
19765
19766
46558
19769
19770
46560
19773
19774
46562
19777
19778
46564
19781
19782
46566
19785
19786
46568
19789
19790
46570
19793
19794
46572
19797
19798
46574
19801
19802
46576
19805
19806
46578
19809
19810
46580
19813
19814
46582
19817
19818
46584
19821
19822
46586
19825
19826
46588
19829
19830
46590
19833
19834
46592
19837
19838
46594
19841
19842
46596
19845
19846
46598
19849
19850
46600
19853
19854
19857
19858
46602
19859
19860
46604
19863
19864
46606
19867
19868
46608
19871
19872
46610
19875
19876
46612
19879
19880
46614
19883
19884
46616
19887
19888
46618
19891
19892
46620
19895
19896
46622
19899
19900
46624
19903
19904
46626
19907
19908
46628
19911
19912
46630
19915
19916
46632
19919
19920
46634
19923
19924
19927
19928
46636
19929
19930
46638
19933
19934
46640
19937
19938
46642
19941
19942
46644
19945
19946
46646
19949
19950
46648
19953
19954
46650
19957
19958
46652
19961
19962
19965
19966
46654
19967
19968
46656
19971
19972
46658
19975
19976
46660
19979
19980
46662
19983
19984
46664
19987
19988
46666
19991
19992
46668
19995
19996
46670
19999
20000
20003
20004
46672
20005
20006
46674
20009
20010
46676
20013
45931
20014
46678
20017
45929
20018
46680
20021
45927
20022
46682
20025
45925
20026
46684
20029
45923
20030
46686
20033
45921
20034
46688
20037
45919
20038
20041
20042
46690
20043
45917
20044
46692
20047
45915
20048
46694
20051
45913
20052
46696
20055
45911
20056
46698
20059
45909
20060
46700
20063
45907
20064
46702
20067
45905
20068
46704
20071
45903
20072
46706
20075
45901
20076
20079
20080
46708
20081
45899
20082
46710
20085
45897
20086
46712
20089
45895
20090
46714
20093
45893
20094
46716
20097
45891
20098
46718
20101
45823
20102
46720
20105
45821
20106
46722
20109
45819
20110
46724
20113
45817
20114
20117
20118
46726
20119
45889
20120
46728
20123
45887
20124
46730
20127
45885
20128
46732
20131
45883
20132
46734
20135
45853
20136
46736
20139
45851
20140
46738
20143
45849
20144
46740
20147
45845
20148
46742
20151
45847
20152
20155
20156
46744
20157
45881
20158
46746
20161
45879
20162
46748
46750
46752
46754
46756
46758
46760
46762
46764
20165
20166
46766
20169
20170
20173
20174
20177
20178
20181
20182
20185
20186
20189
20190
20193
20194
20197
20198
46768
46770
46772
46774
46776
46778
46780
46782
20201
46784
46786
46788
46790
46792
46794
46796
46798
46800
46802
46804
46806
46808
46810
46812
46814
46816
46818
45985
20202
46820
20205
45983
20206
20209
45981
20210
20213
45979
20214
20217
45977
20218
20221
45975
20222
20225
45973
20226
20229
45971
20230
20233
45969
20234
46822
46824
46826
46828
46830
46832
46834
46836
20237
20238
46838
20241
20242
20245
20246
20249
20250
20253
20254
20257
20258
20261
20262
20265
20266
20269
20270
46840
46842
46844
46846
46848
46850
46852
46854
20273
46856
46858
46860
46862
46864
46866
46868
46870
46872
46039
20274
46874
20277
46037
20278
20281
46035
20282
20285
46033
20286
20289
46031
20290
20293
46029
20294
20297
46027
20298
20301
46025
20302
20305
46023
20306
46876
46878
46880
46882
46884
46886
46888
46890
20309
20310
46892
20313
20314
20317
20318
20321
20322
20325
20326
20329
20330
20333
20334
20337
20338
20341
20342
46894
46896
46898
46900
46902
46904
46906
46908
20345
20346
46910
20349
20350
20353
20354
20357
20358
20361
20362
20365
20366
20369
20370
20373
20374
20377
20378
46912
46914
46916
46918
46920
46922
46924
46926
20381
20382
46928
20385
20386
20389
20390
20393
20394
20397
20398
20401
20402
20405
20406
20409
20410
20413
20414
46930
46932
46934
46936
46938
46940
46942
46944
20417
20418
46946
20421
20422
46948
20425
20426
46950
20429
20430
46952
20433
20434
46954
20437
20438
46956
20441
20442
46958
20445
20446
46960
20449
20450
46962
20453
20454
46964
20457
20458
46966
20461
20462
46968
20465
20466
46970
20469
20470
46972
20473
20474
46974
20477
20478
46976
20481
20482
46978
20485
20486
46980
20489
46982
46133
20490
46984
20493
46986
46137
20494
46988
20497
46990
46141
20498
46992
20501
46994
46145
20502
46996
20505
46998
46149
20506
47000
20509
47002
46153
20510
47004
20513
47006
46157
20514
47008
20517
47010
46161
20518
47012
20521
20522
47014
20525
47016
46167
20526
47018
20529
47020
46171
20530
47022
20533
47024
46175
20534
47026
20537
47028
46179
20538
47030
20541
20542
47032
20545
47034
46185
20546
47036
20549
47038
46189
20550
47040
20553
47042
46193
20554
47044
20557
47046
46197
20558
47048
20561
20562
47050
20565
47052
46203
20566
47054
20569
47056
46207
20570
47058
20573
47060
46211
20574
47062
20577
47064
46215
20578
47066
20581
20582
47068
20585
20586
47070
20589
20590
47072
20593
20594
47074
20597
20598
47076
20601
47078
46477
20602
47080
20605
47082
46231
20606
47084
20609
47086
46235
20610
47088
20613
47090
46239
20614
47092
20617
47094
46243
20618
47096
20621
47098
46247
20622
47100
20625
47102
46251
20626
47104
20629
47106
46255
20630
47108
20633
47110
46259
20634
47112
20637
47114
46263
20638
47116
20641
47118
46267
20642
47120
20645
47122
46271
20646
47124
20649
47126
46275
20650
47128
20653
47130
46279
20654
47132
20657
47134
46283
20658
47136
20661
47138
46287
20662
47140
20665
47142
46291
20666
47144
20669
47146
46295
20670
47148
20673
47150
46299
20674
47152
20677
47154
46303
20678
47156
20681
47158
46307
20682
47160
20685
47162
46311
20686
47164
20689
47166
46315
20690
47168
20693
47170
46319
20694
47172
20697
47174
46323
20698
47176
20701
47178
46327
20702
47180
20705
47182
46331
20706
47184
20709
47186
46335
20710
47188
20713
47190
46339
20714
47192
20717
47194
46343
20718
47196
20721
47198
46347
20722
47200
20725
47202
46351
20726
47204
20729
47206
46355
20730
47208
20733
47210
46359
20734
47212
20737
47214
46363
20738
47216
20741
47218
46367
20742
47220
20745
47222
46371
20746
47224
20749
47226
46375
20750
47228
20753
47230
46379
20754
47232
20757
47234
46383
20758
47236
20761
47238
46387
20762
47240
20765
47242
46391
20766
47244
20769
47246
46395
20770
47248
20773
47250
46399
20774
47252
20777
47254
46403
20778
47256
20781
47258
46407
20782
47260
20785
47262
46415
20786
47264
20789
46413
20790
47266
20793
47268
47270
46419
20794
47272
20797
47274
46423
20798
47276
20801
47278
46427
20802
47280
20805
47282
46435
20806
47284
20809
46433
20810
47286
20813
47288
47290
46439
20814
47292
20817
47294
46443
20818
47296
20821
47298
46447
20822
47300
20825
47302
46455
20826
47304
20829
46453
20830
47306
20833
47308
47310
46459
20834
47312
20837
47314
46463
20838
47316
20841
47318
46467
20842
47320
20845
47322
46475
20846
47324
20849
46473
20850
47326
20854
20855
26503
20856
20857
33191
33849
34492
20858
20859
27034
20862
20863
27037
20866
20867
27064
20870
20871
27067
20874
20875
27094
20878
20879
27097
20882
20883
27124
20886
20887
27127
20890
20891
27154
47328
20894
20895
27157
47330
20898
20899
27184
47332
20902
20903
27187
47334
20906
20907
27214
47336
20910
20911
27217
47338
20914
20915
27244
47340
20918
20919
27271
47342
20922
20923
27274
47344
20926
20927
27277
47346
20930
20931
27280
47348
20934
20935
27283
47350
20938
20939
27286
47352
20942
20943
27289
47354
20946
20947
27292
47356
20950
20951
27295
47358
20954
20955
27322
47360
20958
20959
27325
47362
20962
20963
27328
47364
20966
20967
27331
47366
20970
20971
27334
47368
20974
20975
27337
47370
20978
20979
27340
47372
20982
20983
27343
47374
20986
20987
27346
47376
20990
20991
27373
47378
20994
20995
27376
47380
20998
20999
27379
47382
21002
21003
27382
47384
21006
21007
27385
47386
21010
21011
27388
47388
21014
21015
27391
47390
21018
21019
27394
47392
21022
21023
27397
47394
21026
21027
27424
47396
21030
21031
27427
47398
21034
21035
27430
47400
21038
21039
27433
47402
21042
21043
27436
47404
21046
21047
27439
47406
21050
21051
27442
47408
21054
21055
27445
47410
21058
21059
27448
47412
21062
21063
27475
47414
21066
21067
27478
47416
21070
21071
27481
47418
21074
21075
27484
47420
21078
21079
27487
47422
21082
21083
27490
47424
21086
21087
27493
47426
21090
21091
27496
47428
21094
21095
27499
47430
21098
21099
27526
47432
21102
21103
27529
47434
21106
21107
27532
47436
21110
21111
27535
47438
21114
21115
27538
47440
21118
21119
27541
47442
21122
21123
27544
47444
21126
21127
27547
47446
21130
21131
27550
47448
21134
21135
27577
47450
21138
21139
27580
21142
21143
47452
21144
21145
27584
47454
21148
21149
27587
47456
21152
21153
27590
47458
21156
21157
27593
47460
21160
21161
27596
47462
21164
21165
27599
47464
21168
21169
27602
47466
21172
21173
27629
47468
21176
21177
27632
47470
21180
21181
27635
47472
21184
21185
27638
47474
21188
21189
27641
47476
21192
21193
27644
47478
21196
21197
27647
47480
21200
21201
27650
47482
21204
21205
27653
47484
21208
21209
27656
21212
21213
47486
21214
21215
27660
47488
21218
21219
27663
47490
21222
21223
27666
47492
21226
21227
27669
47494
21230
21231
27672
47496
21234
21235
27675
47498
21238
21239
27678
47500
21242
21243
27681
47502
21246
21247
27684
21250
21251
47504
21252
21253
27688
47506
21256
21257
27691
47508
21260
21261
27694
47510
21264
21265
27697
47512
21268
21269
27700
47514
21272
21273
27703
47516
21276
21277
27706
47518
21280
21281
27709
47520
21284
21285
27712
21288
21289
47522
21290
21291
27716
47524
21294
21295
27719
47526
21298
21299
27722
47528
21302
21303
27725
47530
21306
21307
27728
47532
21310
21311
27731
47534
21314
21315
27734
47536
21318
21319
27737
47538
21322
21323
27740
21326
21327
47540
21328
21329
27744
47542
21332
21333
27747
47544
21336
21337
27750
47546
21340
21341
27753
47548
21344
21345
27756
47550
21348
21349
27759
47552
21352
21353
27762
47554
21356
21357
27765
47556
21360
21361
27768
21364
21365
47558
21366
21367
27772
47560
21370
21371
27775
47562
21374
21375
27778
47564
21378
21379
27781
47566
21382
21383
27784
47568
21386
21387
27787
47570
21390
21391
27790
47572
21394
21395
27793
47574
21398
21399
27796
21402
21403
47576
21404
21405
27800
47578
21408
21409
27803
47580
21412
21413
27806
47582
21416
21417
27809
47584
21420
21421
27812
47586
21424
21425
27815
47588
21428
21429
27818
47590
21432
21433
27821
47592
21436
21437
27824
21440
21441
47594
21442
21443
27828
47596
21446
21447
27831
47598
47600
47602
47604
47606
47608
47610
47612
47614
21450
46819
21451
47616
21454
46817
21455
28569
21458
46815
21459
28572
21462
46813
21463
28575
21466
46811
21467
28578
21470
46809
21471
28581
21474
46807
21475
28584
21478
46805
21479
28587
21482
46803
21483
28590
47618
47620
47622
47624
47626
47628
47630
47632
21486
21487
47634
21490
21491
28628
21494
21495
28631
21498
21499
28634
21502
21503
28637
21506
21507
28640
21510
21511
28643
21514
21515
28646
21518
21519
28649
47636
47638
47640
47642
47644
47646
47648
47650
21522
46873
21523
47652
21526
46871
21527
28687
21530
46869
21531
28690
21534
46867
21535
28693
21538
46865
21539
28696
21542
46863
21543
28699
21546
46861
21547
28702
21550
46859
21551
28705
21554
46857
21555
28708
47654
47656
47658
47660
47662
47664
47666
47668
21558
21559
47670
21562
21563
28746
21566
21567
28749
21570
21571
28752
21574
21575
28755
21578
21579
28758
21582
21583
28761
21586
21587
28764
21590
21591
28767
47672
47674
47676
47678
47680
47682
47684
47686
21594
21595
47688
21598
21599
28805
21602
21603
28808
21606
21607
28811
21610
21611
28814
21614
21615
28817
21618
21619
28820
21622
21623
28823
21626
21627
28826
47690
47692
47694
47696
47698
47700
47702
47704
21630
21631
47706
21634
21635
28864
21638
21639
28867
21642
21643
28870
21646
21647
28873
21650
21651
28876
21654
21655
28879
21658
21659
28882
21662
21663
28885
47708
47710
47712
47714
47716
47718
47720
47722
21666
21667
47724
21670
21671
28923
21674
21675
28926
21678
21679
28929
21682
21683
28932
21686
21687
28935
21690
21691
28938
21694
21695
28941
21698
21699
28944
47726
47728
47730
47732
47734
47736
47738
47740
21702
21703
47742
21706
21707
47744
21710
21711
47746
21714
21715
47748
21718
21719
47750
21722
21723
47752
21726
21727
47754
21730
21731
47756
21734
21735
47758
21738
21739
47760
21742
21743
47762
21746
21747
47764
21750
21751
47766
21754
21755
47768
21758
21759
47770
21762
21763
47772
21766
21767
47774
21770
46983
21771
47776
21774
46987
21775
47778
21778
46991
21779
47780
21782
46995
21783
47782
21786
46999
21787
47784
21790
47003
21791
47786
21794
47007
21795
47788
21798
47011
21799
47790
21802
21803
47792
21806
47017
21807
47794
21810
47021
21811
47796
21814
47025
21815
47798
21818
47800
47029
21819
47802
21822
21823
47804
21826
47806
47808
47810
47035
21827
47812
21830
47814
47039
21831
47816
21834
47818
47820
47043
21835
47822
21838
47824
47826
47828
47047
21839
47830
21842
21843
47832
21846
47834
47053
21847
47836
21850
47838
47057
21851
47840
21854
47842
47061
21855
47844
21858
47846
47065
21859
47848
21862
21863
47850
21866
21867
47852
21870
21871
47854
21874
21875
47856
21878
21879
47858
21882
47860
47079
21883
47862
21886
47864
47083
21887
47866
21890
47868
47087
21891
47870
21894
47872
47091
21895
47874
21898
47876
47095
21899
47878
21902
47880
47099
21903
47882
21906
47884
47103
21907
47886
21910
47888
47107
21911
47890
21914
47892
47111
21915
47894
21918
47896
47115
21919
47898
21922
47900
47119
21923
47902
21926
47904
47123
21927
47906
21930
47908
47127
21931
47910
21934
47912
47131
21935
47914
21938
47916
47135
21939
47918
21942
47920
47139
21943
47922
21946
47924
47143
21947
47926
21950
47928
47147
21951
47930
21954
47932
47151
21955
47934
21958
47936
47155
21959
47938
21962
47940
47159
21963
47942
21966
47944
47163
21967
47946
21970
47948
47167
21971
47950
21974
47952
47171
21975
47954
21978
47956
47175
21979
47958
21982
47960
47179
21983
47962
21986
47964
47183
21987
47966
21990
47968
47187
21991
47970
21994
47972
47191
21995
47974
21998
47976
47195
21999
47978
22002
47980
47199
22003
47982
22006
47984
47203
22007
47986
22010
47988
47207
22011
47990
22014
47992
47211
22015
47994
22018
47996
47215
22019
47998
22022
48000
47219
22023
48002
22026
48004
47223
22027
48006
22030
48008
47227
22031
48010
22034
48012
47231
22035
48014
22038
48016
47235
22039
48018
22042
48020
47239
22043
48022
22046
48024
47243
22047
48026
22050
48028
47247
22051
48030
22054
48032
47251
22055
48034
22058
48036
47255
22059
48038
22062
48040
47259
22063
48042
22066
48044
47263
22067
48046
22070
48048
47271
22071
48050
22074
47269
22075
48052
22078
48054
48056
47275
22079
48058
22082
48060
47279
22083
48062
22086
48064
47283
22087
48066
22090
48068
47291
22091
48070
22094
47289
22095
48072
22098
48074
48076
47295
22099
48078
22102
48080
47299
22103
48082
22106
48084
47303
22107
48086
22110
48088
47311
22111
48090
22114
47309
22115
48092
22118
48094
48096
47315
22119
48098
22122
48100
47319
22123
48102
22126
48104
47323
22127
48106
22130
22131
48108
22134
22135
48110
22139
22140
28566
48112
22143
22144
28625
48114
22147
22148
28684
48116
22151
22152
28743
48118
22155
22156
28802
48120
22159
22160
28861
48122
22163
22164
28920
48124
22167
22168
28979
48126
22171
22172
48128
22175
22176
29961
48130
22179
22180
29964
48132
22183
22184
29967
48134
22187
22188
29970
48136
22191
22192
29973
48138
22195
22196
29976
48140
22199
22200
29979
48142
22203
22204
29982
48144
22207
22208
48146
22211
22212
30020
48148
22215
22216
30023
48150
22219
22220
30026
48152
22223
22224
30029
48154
22227
22228
30032
48156
22231
22232
30035
48158
22235
22236
30038
48160
22239
22240
30041
48162
22243
22244
48164
22247
22248
30079
48166
22251
22252
30082
48168
22255
22256
30085
48170
22259
22260
30088
48172
22263
22264
30091
48174
22267
22268
30094
48176
22271
22272
30097
48178
22275
22276
30100
48180
22279
22280
48182
22283
22284
48184
22287
22288
48186
22291
22292
48188
22295
22296
48190
22299
47829
22300
48192
22303
22304
48194
22307
47835
22308
48196
22311
47839
22312
48198
22315
47843
22316
48200
22319
47847
22320
48202
22323
22324
48204
22327
22328
48206
22331
22332
48208
22335
22336
48210
22339
22340
48212
22343
47861
22344
48214
22347
47865
22348
48216
22351
47869
22352
48218
22355
47873
22356
48220
22359
47877
22360
48222
22363
47881
22364
48224
22367
47885
22368
48226
22371
47889
22372
48228
22375
47893
22376
48230
22379
47897
22380
48232
22383
47901
22384
48234
22387
47905
22388
48236
22391
47909
22392
48238
22395
47913
22396
48240
22399
47917
22400
48242
22403
47921
22404
48244
22407
47925
22408
48246
22411
47929
22412
48248
22415
47933
22416
48250
22419
47937
22420
48252
22423
47941
22424
48254
22427
47945
22428
48256
22431
47949
22432
48258
22435
47953
22436
48260
22439
47957
22440
48262
22443
47961
22444
48264
22447
47965
22448
48266
22451
47969
22452
48268
22455
47973
22456
48270
22459
47977
22460
48272
22463
47981
22464
48274
22467
47985
22468
48276
22471
48278
47989
22472
48280
22475
48282
47993
22476
48284
22479
48286
47997
22480
48288
22483
48290
48001
22484
48292
22487
48294
48005
22488
48296
22491
48298
48009
22492
48300
22495
48302
48013
22496
48304
22499
48306
48017
22500
48308
22503
48310
48021
22504
48312
22507
48314
48025
22508
48316
22511
48318
48029
22512
48320
22515
48322
48033
22516
48324
22519
48326
48037
22520
48328
22523
48330
48041
22524
48332
22527
48334
48045
22528
48336
22531
48338
48049
22532
48340
22535
48342
48057
22536
48344
22539
48055
22540
48346
22543
48348
48350
48061
22544
48352
22547
48354
48065
22548
48356
22551
48358
48069
22552
48360
22555
48362
48077
22556
48364
22559
48075
22560
48366
22563
48368
48370
48081
22564
48372
22567
48374
48085
22568
48376
22571
48378
48089
22572
48380
22575
48382
48097
22576
48384
22579
48095
22580
48386
22583
48388
48390
48101
22584
48392
22587
48394
48105
22588
48396
22591
22592
48398
22595
22596
48400
22599
22600
48402
22604
22605
29958
48404
22608
22609
30017
48406
22612
22613
30076
48408
22616
22617
30135
48410
22620
22621
48412
22624
22625
31121
48414
22628
22629
31124
48416
22632
22633
31127
48418
22636
22637
31130
48420
22640
22641
48422
22644
22645
31152
48424
22648
22649
31155
48426
22652
22653
31158
48428
22656
22657
31161
48430
22660
22661
48432
22664
22665
31183
48434
22668
22669
31186
48436
22672
22673
31189
48438
22676
22677
31192
48440
22680
22681
48442
22684
22685
48444
22688
22689
48446
22692
22693
48448
22696
22697
48450
22700
22701
48452
22704
22705
48454
22708
22709
48456
22712
22713
48458
22716
22717
48460
22720
22721
48462
22724
22725
48464
22728
22729
48466
22732
22733
48468
22736
22737
48470
22740
22741
48472
22744
22745
48474
22748
22749
48476
22752
22753
48478
22756
22757
48480
22760
22761
48482
22764
22765
48484
22768
22769
48486
22772
22773
48488
22776
22777
48490
22780
22781
48492
22784
22785
48494
22788
22789
48496
22792
22793
48498
22796
22797
48500
22800
22801
48502
22804
48279
22805
48504
22808
48283
22809
48506
22812
48287
22813
48508
22816
48291
22817
48510
22820
48295
22821
48512
22824
48299
22825
48514
22828
48303
22829
48516
22832
48307
22833
48518
22836
48311
22837
48520
22840
48315
22841
48522
22844
48319
22845
48524
22848
48323
22849
48526
22852
48327
22853
48528
22856
48331
22857
48530
22860
48335
22861
48532
22864
48339
22865
48534
22868
48536
48343
22869
48538
22872
48540
48351
22873
48542
22876
48349
22877
48544
22880
48546
48548
48355
22881
48550
22884
48552
48359
22885
48554
22888
48556
48363
22889
48558
22892
48560
48371
22893
48562
22896
48369
22897
48564
22900
48566
48568
48375
22901
48570
22904
48572
48379
22905
48574
22908
48576
48383
22909
48578
22912
48580
48391
22913
48582
22916
48389
22917
48584
22920
48586
48588
48395
22921
48590
22924
22925
48592
22928
22929
48594
22932
22933
48596
22936
22937
48598
22941
22942
31118
48600
22945
22946
31149
48602
22949
22950
31180
48604
22953
22954
31211
48606
22957
22958
48608
22961
22962
31361
48610
22965
22966
31364
48612
22969
22970
31367
48614
22973
22974
31370
48616
22977
22978
48618
22981
22982
31392
48620
22985
22986
31395
48622
22989
22990
31398
48624
22993
22994
31401
48626
22997
22998
48628
23001
23002
31423
48630
23005
23006
31426
48632
23009
23010
31429
48634
23013
23014
31432
48636
23017
23018
48638
23021
23022
48640
23025
23026
48642
23029
23030
48644
23033
23034
48646
23037
23038
48648
23041
23042
48650
23045
23046
48652
23049
23050
48654
23053
23054
48656
23057
23058
48658
23061
23062
48660
23065
23066
48662
23069
23070
48664
23073
23074
48666
23077
23078
48668
23081
23082
48670
23085
23086
48672
23089
23090
48674
23093
23094
48676
23097
23098
48678
23101
23102
48680
23105
23106
48682
23109
23110
48684
23113
23114
48686
23117
23118
48688
23121
23122
48690
23125
23126
48692
23129
23130
48694
23133
23134
48696
23137
48537
23138
48698
23141
48541
23142
48700
23145
48549
23146
48702
23149
48547
23150
48704
23153
48553
23154
48706
23157
48557
23158
48708
23161
48561
23162
48710
23165
48569
23166
48712
23169
48567
23170
48714
23173
48573
23174
48716
23177
48577
23178
48718
23181
48581
23182
48720
23185
48589
23186
48722
23189
48587
23190
48724
23193
23194
48726
23197
23198
48728
23201
23202
48730
23205
23206
48732
23209
23210
48734
23214
23215
31358
48736
23218
23219
31389
48738
23222
23223
31420
48740
23226
23227
31451
48742
23230
23231
48744
23234
23235
31505
48746
23238
23239
31508
48748
23242
23243
31511
48750
23246
23247
31514
48752
23250
23251
48754
23254
23255
31536
48756
23258
23259
31539
48758
23262
23263
31542
48760
23266
23267
31545
48762
23270
23271
48764
23274
23275
31567
48766
23278
23279
31570
48768
23282
23283
31573
48770
23286
23287
31576
48772
23290
23291
48774
23294
23295
48776
23298
23299
48778
23302
23303
48780
23306
23307
48782
23310
23311
48784
23314
23315
48786
23318
23319
48788
23322
23323
48790
23326
23327
48792
23330
23331
48794
23334
23335
48796
23338
23339
48798
23342
23343
48800
23346
23347
48802
23350
23351
48804
23354
23355
48806
23358
23359
48808
23362
23363
48810
23366
23367
48812
23370
23371
48814
23374
23375
48816
23378
23379
48818
23382
23383
48820
23386
23387
48822
23390
23391
48824
23394
23395
48826
23398
23399
48828
23402
23403
48830
23406
23407
48832
23410
23411
48834
23414
23415
48836
23418
23419
48838
23423
23424
31502
48840
23427
23428
31533
48842
23431
23432
31564
48844
23435
23436
31595
48846
23439
23440
48848
23443
23444
31609
48850
23447
23448
31612
48852
23451
23452
31615
48854
23455
23456
31618
48856
23459
23460
48858
23463
23464
31632
48860
23467
23468
31635
48862
23471
23472
31638
48864
23475
23476
31641
48866
23479
23480
48868
23483
23484
31655
48870
23487
23488
31658
48872
23491
23492
31661
48874
23495
23496
31664
48876
23499
23500
48878
23503
23504
48880
23507
23508
48882
23511
23512
48884
23515
23516
48886
23519
23520
48888
23523
23524
48890
23527
23528
48892
23531
23532
48894
23535
23536
48896
23539
23540
48898
23543
23544
48900
23547
23548
48902
23551
23552
48904
23555
23556
48906
23559
23560
48908
23563
23564
48910
23568
23569
31606
48912
23572
23573
31629
48914
23576
23577
31652
48916
23580
23581
31675
48918
23584
23585
31678
48920
23588
23589
31681
48922
23592
23593
31684
48924
23596
23597
31687
48926
23600
23601
31690
48928
23604
23605
31693
48930
23608
23609
31696
48932
23612
23613
31699
48934
23616
23617
31702
48936
23620
23621
31705
48938
23624
23625
31708
48940
23628
23629
31711
48942
23632
23633
31714
48944
23636
23637
31717
48946
23640
23641
31720
48948
23644
23645
31723
23649
23650
23651
23652
23655
23656
23657
23658
23661
23662
23663
23664
23667
23668
23669
23670
23674
23675
23678
23679
23682
23683
23686
23687
48950
23691
23692
48952
23695
23696
48954
23699
23700
48956
23703
23704
48958
23708
23709
48960
23712
23713
48962
23716
23717
48964
23720
23721
48966
23725
23726
48968
23729
23730
48970
23733
23734
48972
23737
23738
48974
23742
23743
48976
23746
23747
48978
23750
23751
48980
23754
23755
48982
23759
23760
48984
23763
23764
48986
23767
23768
48988
23771
23772
48990
23776
23777
48992
23780
23781
48994
23784
23785
48996
23788
23789
48998
23793
23794
49000
23797
23798
49002
23801
23802
49004
23805
23806
49006
23810
23811
49008
23814
23815
49010
23818
23819
49012
23822
23823
49014
23827
23828
49016
23831
23832
49018
23835
23836
49020
23839
23840
49022
23844
23845
35886
49024
23848
23849
35889
49026
23852
23853
35892
49028
23856
23857
35895
23861
23862
49030
23863
23864
23867
23868
49032
23869
23870
23873
23874
49034
23875
23876
23879
23880
49036
23881
23882
49038
23886
23887
49040
23890
23891
49042
23894
23895
49044
23898
23899
49046
23903
23904
49048
23907
23908
49050
23911
23912
49052
23915
23916
49054
23920
23921
49056
23924
23925
49058
23928
23929
49060
23932
23933
49062
23937
23938
49064
23941
23942
49066
23945
23946
49068
23949
23950
49070
23954
23955
49072
23958
23959
49074
23962
23963
49076
23966
23967
49078
23971
23972
49080
23975
23976
49082
23979
23980
49084
23983
23984
49086
23988
23989
49088
23992
23993
49090
23996
23997
49092
24000
24001
49094
24005
24006
49096
24009
24010
49098
24013
24014
49100
24017
24018
49102
24022
24023
49104
24026
24027
49106
24030
24031
49108
24034
24035
49110
24039
24040
49112
24043
24044
49114
24047
24048
49116
24051
24052
49118
24056
24057
35986
49120
24060
24061
35989
49122
24064
24065
35992
49124
24068
24069
35995
2672
2673
2676
37771
38665
2677
25407
25408
25409
25410
2680
37765
37767
2681
25412
2684
37759
37763
37075
2685
25289
25414
2688
37757
37073
2689
25381
25386
25415
25416
2692
37753
37755
37071
2693
25418
2696
49126
49128
49130
49132
49134
49136
49138
49140
49142
37077
37745
37749
2697
25293
25295
25420
2706
37079
37111
37113
37115
2707
25421
25422
25423
25424
25425
2710
37081
37739
37743
2711
25427
2714
37083
37735
37737
2715
25244
25429
2718
37733
37085
2719
25277
25302
25430
25431
2722
37087
37727
37729
2723
25433
2726
37089
37723
37725
2727
25248
25250
25435
4601
37719
37721
4602
25252
26367
4605
37775
37715
37717
4606
26369
4609
37777
37711
37713
4610
26222
26224
26371
4613
37779
37707
37709
4614
26373
4637
37791
4638
26226
26385
2728
2729
2730
2731
2732
2733
2736
37101
2737
25437
25438
25439
25440
2738
2739
2740
2741
2742
2743
2746
37091
2747
25442
25443
25444
25445
2750
37093
2751
25447
2754
37097
2755
25388
25449
2758
37095
2759
25406
25411
25450
25451
2762
37099
2763
25453
2766
37103
2767
25392
25394
25455
2776
37119
37105
37107
37109
2777
25456
25457
25458
25459
25460
2778
2779
2780
2781
2782
2783
2786
37131
2787
25462
25463
25464
25465
2788
2789
2790
2791
2792
2793
2796
37129
2797
25467
25468
25469
25470
2800
37121
2801
25472
2804
37125
2805
25413
25474
2808
37123
2809
25441
25446
25475
25476
2812
37127
2813
25478
2816
37133
2817
25417
25419
25480
2826
37135
37701
37703
37705
2827
25481
25482
25483
25484
25485
2830
37137
2831
25487
2834
37141
2835
25304
25489
2838
37139
2839
25401
25426
25490
25491
2842
37143
2843
25493
2846
37145
2847
25308
25310
25495
2850
37773
2851
25497
3078
37229
3079
25611
4617
37781
4618
25312
26375
4621
37783
4622
26377
4625
37785
4626
26230
26232
26379
4629
37787
4630
26381
4641
37793
4642
26234
26387
4633
37789
38659
4634
26383
4645
37795
38641
4646
26384
26389
4649
37797
43369
37699
4650
26220
26391
4653
37799
4654
26393
4657
37801
4658
26394
26395
4661
37803
43387
37731
4662
26257
26392
26397
4665
37805
4666
26399
4669
37807
4670
26400
26401
4673
37809
43399
37741
4674
26274
26398
26403
4677
37811
4678
26405
4681
37813
4682
26406
26407
4685
37815
43411
37747
4686
26291
26404
26409
4689
37817
4690
26411
4693
37819
4694
26412
26413
4697
37821
43423
37751
4698
26308
26410
26415
4701
37823
4702
26417
4705
37825
4706
26418
26419
4709
37827
43435
37761
4710
26325
26416
26421
4713
37829
4714
26423
4717
37831
4718
26424
26425
4721
37833
43447
37769
4722
26342
26422
26427
4725
37835
4726
26236
26374
26429
4729
37837
4730
26242
26386
26430
26431
4733
37839
43457
38639
4734
26359
26428
26433
15456
43921
44707
45815
15457
31793
31794
2852
2853
2854
2855
2856
2857
2860
37157
2861
25499
25500
25501
25502
2862
2863
2864
2865
2866
2867
2870
37147
2871
25504
25505
25506
25507
2874
37149
2875
25509
2878
37153
2879
25448
25511
2882
37151
2883
25466
25471
25512
25513
2886
37155
2887
25515
2890
37159
2891
25452
25454
25517
2900
37161
37693
37695
37697
2901
25518
25519
25520
25521
25522
2902
2903
2904
2905
2906
2907
2910
37173
2911
25524
25525
25526
25527
2912
2913
2914
2915
2916
2917
2920
37163
2921
25529
25530
25531
25532
2924
37165
2925
25534
2928
37169
2929
25473
25536
2932
37167
2933
25503
25508
25537
25538
2936
37171
2937
25540
2940
37175
2941
25477
25479
25542
2950
37177
37687
37689
37691
2951
25543
25544
25545
25546
25547
2954
37179
2955
25549
2958
37181
2959
25428
25551
2962
37183
2963
25461
25486
25552
25553
2966
37185
2967
25555
2970
37187
2971
25432
25434
25557
4737
37841
4738
25436
26435
4741
37843
4742
26437
4745
37845
4746
26368
26370
26439
4749
37847
4750
26441
4773
37859
4774
26372
26453
2972
2973
2974
2975
2976
2977
2980
37227
2981
25559
25560
25561
25562
2982
2983
2984
2985
2986
2987
2990
37197
2991
25564
25565
25566
25567
2994
37189
2995
25569
2998
37193
2999
25510
25571
3002
37191
3003
25528
25533
25572
25573
3024
37207
3025
25535
25570
25584
3028
37205
3029
25563
25568
25585
25586
3006
37195
3007
25575
3010
37199
3011
25514
25516
25577
3020
37201
37681
37683
37685
3021
25578
25579
25580
25581
25582
3032
37203
3033
25588
3036
37209
3037
25539
25541
25590
3046
37211
37675
37677
37679
3047
25591
25592
25593
25594
25595
3050
37213
3051
25597
3054
37215
3055
25488
25599
3058
37217
3059
25523
25548
25600
25601
3062
37219
3063
25603
3066
37221
3067
25492
25494
25605
3070
37223
3071
25607
3082
37231
3083
25613
4753
37849
4754
25496
26443
3074
37225
37673
3075
25609
3086
37235
37671
3087
25610
25615
3196
37283
3197
25314
25498
25670
3200
37285
3201
25320
25612
25671
25672
4757
37851
4758
26445
4761
37853
4762
26376
26378
26447
4765
37855
4766
26449
4777
37861
4778
26380
26455
4769
37857
4770
26451
4781
37863
4782
26452
26457
4785
37865
4786
26244
26459
4789
37867
4790
26461
4793
37869
4794
26462
26463
4797
37871
4798
26261
26460
26465
4801
37873
4802
26467
4805
37875
4806
26468
26469
4809
37877
4810
26278
26466
26471
4813
37879
4814
26473
4817
37881
4818
26474
26475
4821
37883
4822
26295
26472
26477
4825
37885
4826
26479
4829
37887
4830
26480
26481
4833
37889
4834
26312
26478
26483
4837
37891
4838
26485
4841
37893
4842
26486
26487
4845
37895
4846
26329
26484
26489
4849
37897
4850
26491
4853
37899
4854
26492
26493
4857
37901
4858
26346
26490
26495
4861
37903
4862
26382
26442
26497
4865
37905
4866
26388
26454
26498
26499
4869
37907
4870
26363
26496
26501
4875
38697
4876
26366
26504
3090
37233
3091
25617
3094
37237
3095
25574
25576
25619
3104
37239
37665
37667
37669
3105
25620
25621
25622
25623
25624
3108
37241
3109
25587
25589
25618
25626
3116
37243
37661
37663
3117
25627
25628
25629
25630
3120
37245
3121
25632
3124
37249
3125
25550
25634
3128
37247
3129
25583
25596
25635
25636
3140
37257
3141
25598
25633
25642
3144
37255
3145
25625
25631
25643
25644
3132
37251
3133
25638
3136
37253
3137
25554
25556
25640
7535
38699
7536
25558
27834
3148
37259
3149
25646
3152
37261
3153
25602
25604
25648
3156
37263
3157
25650
3180
37275
3181
25662
7551
38707
7552
25606
27842
3160
37265
3161
25652
3164
37267
3165
25637
25639
25654
3168
37269
3169
25645
25647
25653
25656
8267
39067
8268
25641
28200
3172
37271
3173
25658
3184
37277
3185
25664
8283
39075
8284
25649
28208
9831
39965
9832
25655
25657
28982
3176
37273
3177
25660
3188
37279
3189
25661
25666
3204
37287
3205
25608
25651
25659
25674
3208
37289
3209
25614
25663
25665
25675
25676
3192
37281
37659
3193
25668
3212
37291
37657
3213
25669
25678
3220
37295
3221
25322
25616
25667
25682
3224
37297
3225
25332
25673
25677
25683
25684
3216
37293
37653
37655
3217
25680
3228
37299
37647
37649
37651
3229
25681
25686
3262
37303
3263
24818
25703
3266
37305
37645
3267
25343
25704
25705
3276
37309
3277
25710
3280
37311
3281
25369
25711
25712
3288
37315
3289
25334
25679
25716
3292
37317
3293
25373
25685
25699
25717
25718
3234
37301
37643
3235
25689
3272
37307
37641
3273
25690
25708
3284
37313
3285
25714
3296
37319
3297
25715
25720
3332
37333
3333
25738
3336
37335
3337
25739
25740
3308
37323
3309
25726
3314
37325
3315
25727
25729
3318
37327
3319
25731
3322
37329
3323
25732
25733
3344
37339
3345
25744
3348
37341
3349
25745
25746
3302
37321
3303
25723
3328
37331
3329
25724
25736
3340
37337
3341
25742
3352
37343
3353
25743
25748
3388
37357
3389
25766
3392
37359
3393
25767
25768
3364
37347
3365
25754
3370
37349
3371
25755
25757
3374
37351
3375
25709
25759
3378
37353
3379
25730
25760
25761
3400
37363
3401
25721
25741
25772
3404
37365
3405
25734
25747
25773
25774
3358
37345
3359
25751
3384
37355
3385
25752
25764
3396
37361
3397
25770
3408
37367
3409
25771
25776
3444
37381
3445
25794
3448
37383
3449
25795
25796
3420
37371
3421
25782
3426
37373
3427
25783
25785
3430
37375
3431
25787
3434
37377
3435
25788
25789
3456
37387
3457
25800
3460
37389
3461
25801
25802
3414
37369
3415
25779
3440
37379
3441
25737
25780
25792
3452
37385
3453
25798
3464
37391
3465
25749
25799
25804
3500
37405
3501
25822
3504
37407
3505
25769
25823
25824
3476
37395
3477
25810
3482
37397
3483
25758
25811
25813
3486
37399
3487
25765
25815
3490
37401
3491
25762
25786
25816
25817
3512
37411
3513
25777
25797
25828
3516
37413
3517
25775
25790
25803
25829
25830
3470
37393
3471
25807
3496
37403
3497
25808
25820
3508
37409
3509
25826
3520
37415
3521
25827
25832
3526
37417
3527
25835
3594
37445
3595
25869
3626
37457
3627
25885
3658
37469
3659
25901
3690
37481
3691
25917
3722
37493
3723
25933
3754
37505
3755
25949
3786
37517
3787
25821
25965
3556
37429
3557
25850
3560
37431
3561
25851
25852
3564
37433
3565
25854
3604
37449
3605
25874
3636
37461
3637
25890
3668
37473
3669
25906
3700
37485
3701
25922
3732
37497
3733
25938
3764
37509
3765
25954
3796
37521
3797
25833
25853
25970
3532
37419
3533
25838
3538
37421
3539
25839
25841
3542
37423
3543
25793
25843
3546
37425
3547
25814
25844
25845
3552
37427
3553
25836
25848
3600
37447
3601
25870
25872
3632
37459
3633
25886
25888
3664
37471
3665
25902
25904
3696
37483
3697
25918
25920
3728
37495
3729
25934
25936
3760
37507
3761
25950
25952
3792
37519
3793
25842
25966
25968
3568
37435
3569
25805
25825
25856
3572
37437
3573
25818
25831
25857
25858
3576
37439
3577
25855
25860
3582
37443
3583
25849
25861
25863
3608
37451
3609
25875
25876
3614
37455
3615
25873
25877
25879
3640
37463
3641
25891
25892
3646
37467
3647
25889
25893
25895
3672
37475
3673
25907
25908
3678
37479
3679
25905
25909
25911
3704
37487
3705
25923
25924
3710
37491
3711
25921
25925
25927
3736
37499
3737
25939
25940
3742
37503
3743
25937
25941
25943
3768
37511
3769
25955
25956
3774
37515
3775
25953
25957
25959
3800
37523
3801
25846
25859
25971
25972
3806
37591
3807
25969
25973
25975
4015
37593
4016
26077
4021
37595
4022
26078
26080
4025
37597
4026
26082
4029
37599
4030
26083
26084
4066
37613
4067
26102
4070
37615
4071
26103
26104
4041
37603
4042
26090
4047
37605
4048
26091
26093
4051
37607
4052
25713
26095
4055
37609
4056
25719
26096
26097
4078
37619
4079
25376
25687
26108
4082
37621
4083
25702
25706
26109
26110
4035
37601
4036
26087
4061
37611
4062
26088
26100
4074
37617
4075
26106
4086
37623
4087
26107
26112
4091
37625
4092
26114
4095
37627
4096
26115
26116
4102
37629
4103
26119
4108
37631
4109
26120
26122
4113
37633
4114
26085
26124
4117
37635
4118
26098
26125
26126
4122
37637
4123
26081
26105
26128
4126
37639
4127
26094
26111
26129
26130
7539
38701
7540
27836
7543
38703
7544
26436
26438
27838
7555
38709
7556
27844
7559
38711
7560
26444
26446
27846
8271
39069
8272
28202
8275
39071
8276
27835
27837
28204
8287
39077
8288
28210
8291
39079
8292
27843
27845
28212
9835
39967
9836
28984
9839
39969
9840
28201
28203
28986
9847
39973
9848
28990
9851
39975
9852
28209
28211
28992
10815
40541
10816
28983
28985
28991
29474
7547
38705
7548
27840
7571
38717
7572
26440
27852
7563
38713
7564
27848
7575
38719
7576
26448
27854
8279
39073
8280
28206
8303
39085
8304
27839
28218
8295
39081
8296
28214
8307
39087
8308
27847
28220
9843
39971
9844
28988
9863
39981
9864
28205
28998
9855
39977
9856
28994
9867
39983
9868
28213
29000
4063
26101
4088
26113
4097
26117
4110
26123
4119
26127
4128
26131
7567
38715
7568
27850
7579
38721
7580
27851
27856
7583
38723
7584
26390
27858
8299
39083
8300
28216
8311
39089
8312
28217
28222
8315
39091
8316
26458
28224
9859
39979
9860
28996
9871
39985
9872
28997
29002
9875
39987
9876
27857
29004
7587
38725
7588
27860
7591
38727
7592
27861
27862
7595
38729
7596
26396
27859
27864
8319
39093
8320
28226
8323
39095
8324
28227
28228
8327
39097
8328
26464
28225
28230
9879
39989
9880
29006
9883
39991
9884
29007
29008
9887
39993
9888
27863
29005
29010
10819
40543
10820
29476
10823
40545
10824
29478
10827
40547
10828
29480
10831
40549
10832
28987
29482
10835
40551
10836
28993
29475
29484
10839
40553
10840
29481
29486
10843
40555
10844
28223
29488
10847
40557
10848
29490
10851
40559
10852
29491
29492
10855
40561
10856
28229
29489
29494
7599
38731
7600
27866
7603
38733
7604
27867
27868
7607
38735
7608
26402
27865
27870
8331
39099
8332
28232
8335
39101
8336
28233
28234
8339
39103
8340
26470
28231
28236
9891
39995
9892
29012
9895
39997
9896
29013
29014
9899
39999
9900
27869
29011
29016
10859
40563
10860
29496
10863
40565
10864
29497
29498
10867
40567
10868
28235
29495
29500
7611
38737
7612
27872
7615
38739
7616
27873
27874
7619
38741
7620
26408
27871
27876
8343
39105
8344
28238
8347
39107
8348
28239
28240
8351
39109
8352
26476
28237
28242
12143
41249
12144
29003
29487
30138
12147
41251
12148
29009
29493
30139
30140
12151
41253
12152
29015
29499
30141
30142
9903
40001
9904
29018
9907
40003
9908
29019
29020
9911
40005
9912
27875
29017
29022
10871
40569
10872
29502
10875
40571
10876
29503
29504
10879
40573
10880
28241
29501
29506
12155
41255
12156
29021
29505
30143
30144
7623
38743
7624
27878
7627
38745
7628
27879
27880
7631
38747
7632
26414
27877
27882
8355
39111
8356
28244
8359
39113
8360
28245
28246
8363
39115
8364
26482
28243
28248
9915
40007
9916
29024
9919
40009
9920
29025
29026
9923
40011
9924
27881
29023
29028
10883
40575
10884
29508
10887
40577
10888
29509
29510
10891
40579
10892
28247
29507
29512
12159
41257
12160
29027
29511
30145
30146
7635
38749
7636
27884
7639
38751
7640
27885
27886
7643
38753
7644
26420
27883
27888
8367
39117
8368
28250
8371
39119
8372
28251
28252
8375
39121
8376
26488
28249
28254
9927
40013
9928
29030
9931
40015
9932
29031
29032
9935
40017
9936
27887
29029
29034
10895
40581
10896
29514
10899
40583
10900
29515
29516
10903
40585
10904
28253
29513
29518
12163
41259
12164
29033
29517
30147
30148
7647
38755
7648
27890
7651
38757
7652
27891
27892
7655
38759
7656
26426
27889
27894
7659
38761
7660
26450
27841
27896
7663
38763
7664
26456
27853
27897
27898
7667
38765
7668
26432
27895
27900
7671
39065
7672
26434
27902
8379
39123
8380
28256
8383
39125
8384
28257
28258
8387
39127
8388
26494
28255
28260
8391
39129
8392
27849
28207
28262
8395
39131
8396
27855
28219
28263
28264
8399
39133
8400
26500
28261
28266
8403
39445
8404
26502
28268
9939
40019
9940
29036
9943
40021
9944
29037
29038
9947
40023
9948
27893
29035
29040
9951
40025
9952
28215
28989
29042
9955
40027
9956
28221
28999
29043
29044
9959
40029
9960
27899
29041
29046
9963
40319
9964
27901
29048
10907
40587
10908
29520
10911
40589
10912
29521
29522
10919
40593
10920
28995
29477
29479
29526
10923
40595
10924
29001
29483
29485
29527
29528
10915
40591
10916
28259
29519
29524
10927
40597
10928
28265
29525
29530
12167
41261
12168
29039
29523
30149
30150
12171
41263
12172
29045
29529
30151
30152
10931
40887
10932
28267
29532
12175
41561
12176
29047
30154
13139
42077
13140
29531
30153
30636
4937
38695
4938
26535
4945
38693
38635
38637
4946
26533
26536
26537
26539
5013
38691
5014
26573
5021
37911
38631
38633
5022
26571
26574
26575
26577
4951
37909
4952
26542
5027
37913
5028
26543
26580
5089
37915
5090
26611
5097
37917
38627
38629
5098
26609
26612
26613
26615
5103
37919
5104
26581
26618
5503
37955
5504
26818
5509
37957
5510
26819
26821
5515
37959
5516
26822
26824
5165
37921
5166
26649
5173
37923
38623
38625
5174
26647
26650
26651
26653
5179
37925
5180
26619
26656
5521
37961
5522
26825
26827
5565
37975
5566
26849
5571
37977
5572
26850
26852
5577
37979
5578
26853
26855
5583
37981
5584
26856
26858
5241
37927
5242
26687
5249
37929
38617
38619
5250
26685
26688
26689
26691
5255
37931
5256
26657
26694
5527
37963
5528
26828
26830
5589
37983
5590
26859
26861
5627
37995
5628
26880
5633
37997
5634
26881
26883
5639
37999
5640
26884
26886
5645
38001
5646
26887
26889
5651
38003
5652
26890
26892
5317
37933
5318
26725
5325
37935
38613
38615
5326
26723
26726
26727
26729
5331
37937
5332
26695
26732
5533
37965
5534
26831
26833
5595
37985
5596
26862
26864
5657
38005
5658
26893
26895
5689
38015
5690
26911
5695
38017
5696
26912
26914
5701
38019
5702
26915
26917
5707
38021
5708
26918
26920
5713
38023
5714
26921
26923
5719
38025
5720
26924
26926
5393
37939
5394
26763
5401
37941
38609
38611
5402
26761
26764
26765
26767
5407
37943
5408
26733
26770
5539
37967
5540
26834
26836
5601
37987
5602
26865
26867
5663
38007
5664
26896
26898
5725
38027
5726
26927
26929
5751
38035
5752
26942
5757
38037
5758
26943
26945
5763
38039
5764
26946
26948
5769
38041
5770
26949
26951
5775
38043
5776
26952
26954
5781
38045
5782
26955
26957
5787
38047
5788
26958
26960
5471
37945
5472
26802
5479
37947
38605
38607
5480
26800
26803
26804
26806
5485
37949
38603
5486
26771
26772
26809
5547
37969
38601
5548
26837
26838
26840
5609
37989
38599
5610
26868
26869
26871
5671
38009
38597
5672
26899
26900
26902
5733
38029
38593
5734
26930
26931
26933
5795
38049
38591
5796
26961
26962
26964
5491
37951
5492
26810
26812
5553
37971
5554
26841
26843
5615
37991
5616
26872
26874
5677
38011
5678
26903
26905
5739
38031
5740
26934
26936
5801
38051
5802
26965
26967
5813
38055
5814
26973
5819
38057
5820
26974
26976
5875
38075
5876
26540
27004
5881
38077
5882
26578
27005
27007
5825
38059
5826
26977
26979
5887
38079
5888
26616
27008
27010
5831
38061
5832
26980
26982
5893
38081
5894
26654
27011
27013
5837
38063
5838
26983
26985
5899
38083
5900
26692
27014
27016
5843
38065
5844
26986
26988
5905
38085
5906
26730
27017
27019
5849
38067
5850
26989
26991
5857
38069
38589
5858
26992
26993
26995
5911
38087
5912
26768
27020
27022
5919
38089
38587
5920
26807
27023
27024
27026
5863
38071
5864
26996
26998
5925
38091
5926
27027
27029
5497
37953
5498
26815
5559
37973
5560
26816
26846
5621
37993
5622
26847
26877
5683
38013
5684
26878
26908
5745
38033
5746
26909
26939
5807
38053
5808
26940
26970
5869
38073
5870
26971
27001
5931
38093
5932
27002
27032
5949
38099
5950
27041
5955
38101
5956
27042
27044
5961
38103
5962
27045
27047
5967
38105
5968
27048
27050
5973
38107
5974
27051
27053
5979
38109
5980
27054
27056
5985
38111
5986
27057
27059
5991
38113
5992
27060
27062
6009
38119
6010
27071
6015
38121
6016
27072
27074
6021
38123
6022
27075
27077
6027
38125
6028
27078
27080
6033
38127
6034
27081
27083
6039
38129
6040
27084
27086
6045
38131
6046
27087
27089
6051
38133
6052
27090
27092
6069
38139
6070
27101
6075
38141
6076
27102
27104
6081
38143
6082
27105
27107
6087
38145
6088
27108
27110
6093
38147
6094
27111
27113
6099
38149
6100
27114
27116
6105
38151
6106
27117
27119
6111
38153
6112
27120
27122
6129
38159
6130
27131
6135
38161
6136
27132
27134
6141
38163
6142
27135
27137
6147
38165
6148
27138
27140
6153
38167
6154
27141
27143
6159
38169
6160
27144
27146
6165
38171
6166
27147
27149
6171
38173
6172
27150
27152
6189
38179
6190
27161
6195
38181
6196
27162
27164
6201
38183
6202
27165
27167
6207
38185
6208
27168
27170
6213
38187
6214
27171
27173
6219
38189
6220
27174
27176
6225
38191
6226
27177
27179
6231
38193
6232
27180
27182
6249
38199
6250
27191
6255
38201
6256
27192
27194
6261
38203
6262
27195
27197
6267
38205
6268
27198
27200
6273
38207
6274
27201
27203
6279
38209
6280
27204
27206
6285
38211
6286
27207
27209
6291
38213
6292
27210
27212
6309
38219
6310
27221
6315
38221
6316
27222
27224
6321
38223
6322
27225
27227
6327
38225
6328
27228
27230
6333
38227
6334
27231
27233
6339
38229
6340
27234
27236
6345
38231
6346
27237
27239
6351
38233
6352
27240
27242
6363
38237
6364
27248
6369
38239
6370
27249
27251
6375
38241
6376
27252
27254
6381
38243
6382
27255
27257
6387
38245
6388
27258
27260
6393
38247
6394
27261
27263
6399
38249
6400
27264
27266
6405
38251
6406
27267
27269
6465
38271
6466
27299
6471
38273
6472
27300
27302
6477
38275
6478
27303
27305
6483
38277
6484
27306
27308
6489
38279
6490
27309
27311
6495
38281
6496
27312
27314
6501
38283
6502
27315
27317
6507
38285
6508
27318
27320
6567
38305
6568
27350
6573
38307
6574
27351
27353
6579
38309
6580
27354
27356
6585
38311
6586
27357
27359
6591
38313
6592
27360
27362
6597
38315
6598
27363
27365
6603
38317
6604
27366
27368
6609
38319
6610
27369
27371
6669
38339
6670
27401
6675
38341
6676
27402
27404
6681
38343
6682
27405
27407
6687
38345
6688
27408
27410
6693
38347
6694
27411
27413
6699
38349
6700
27414
27416
6705
38351
6706
27417
27419
6711
38353
6712
27420
27422
6771
38373
6772
27452
6777
38375
6778
27453
27455
6783
38377
6784
27456
27458
6789
38379
6790
27459
27461
6795
38381
6796
27462
27464
6801
38383
6802
27465
27467
6807
38385
6808
27468
27470
6813
38387
6814
27471
27473
6873
38407
6874
27503
6879
38409
6880
27504
27506
6885
38411
6886
27507
27509
6891
38413
6892
27510
27512
6897
38415
6898
27513
27515
6903
38417
6904
27516
27518
6909
38419
6910
27519
27521
6915
38421
6916
27522
27524
6975
38441
6976
27554
6981
38443
6982
27555
27557
7079
38475
7080
26813
27606
7085
38477
7086
26844
27607
27609
6987
38445
6988
27558
27560
7091
38479
7092
26875
27610
27612
6993
38447
6994
27561
27563
7097
38481
7098
26906
27613
27615
6999
38449
7000
27564
27566
7103
38483
7104
26937
27616
27618
7005
38451
7006
27567
27569
7109
38485
7110
26968
27619
27621
7011
38453
7012
27570
27572
7115
38487
7116
26999
27622
27624
7017
38455
7018
27573
27575
7121
38489
7122
27030
27625
27627
3819
37527
3820
25981
3825
37529
3826
25982
25984
3831
37531
3832
25985
25987
3837
37533
3838
25988
25990
3843
37535
3844
25991
25993
3849
37537
3850
25994
25996
3855
37539
3856
25997
25999
3861
37541
3862
26000
26002
3868
37543
3869
26005
3874
37545
3875
26006
26008
3880
37547
3881
26009
26011
3886
37549
3887
26012
26014
3892
37551
3893
26015
26017
3898
37553
3899
26018
26020
3904
37555
3905
26021
26023
3910
37557
3911
26024
26026
3917
37559
3918
26029
3923
37561
3924
26030
26032
3929
37563
3930
26033
26035
3935
37565
3936
26036
26038
3941
37567
3942
26039
26041
3947
37569
3948
26042
26044
3953
37571
3954
26045
26047
3959
37573
3960
26048
26050
3966
37575
3967
26053
3972
37577
3973
26054
26056
3978
37579
3979
26057
26059
3984
37581
3985
26060
26062
3990
37583
3991
26063
26065
3996
37585
3997
26066
26068
4002
37587
4003
26069
26071
4008
37589
4009
26072
26074
3588
37441
3589
25864
25866
3620
37453
3621
25867
25880
25882
3652
37465
3653
25883
25896
25898
3684
37477
3685
25899
25912
25914
3716
37489
3717
25915
25928
25930
3748
37501
3749
25931
25944
25946
3780
37513
3781
25947
25960
25962
3812
37525
3813
25963
25976
25978
3814
25979
3863
26003
3912
26027
3961
26051
4010
26075
5937
38095
5938
27035
7675
39063
7676
27904
8407
39443
8408
28270
5997
38115
5998
27065
7683
39061
7684
27908
8415
39441
8416
28274
6057
38135
6058
27095
7691
39059
7692
27912
8423
39439
8424
28278
6117
38155
6118
27125
7699
38773
7700
27916
8431
39141
8432
28282
6177
38175
6178
27155
7707
38777
7708
27920
8439
39145
8440
28286
6237
38195
6238
27185
7715
38781
7716
27924
9967
40317
9968
29050
8447
39149
8448
28290
9975
40315
9976
29054
9983
40313
9984
29058
9991
40037
9992
29062
9999
40041
10000
29066
10007
40045
10008
29070
6297
38215
6298
27215
6357
38235
6358
26505
27245
7723
38785
7724
27928
7731
38789
7732
27903
27932
8455
39153
8456
28294
8463
39157
8464
28269
28298
10015
40049
10016
29074
10023
40053
10024
29049
29078
5943
38097
5944
27038
6003
38117
6004
27039
27068
6063
38137
6064
27069
27098
6123
38157
6124
27099
27128
6183
38177
6184
27129
27158
6243
38197
6244
27159
27188
6303
38217
6304
27189
27218
6411
38253
6412
27219
27272
7679
38769
7680
27906
7687
38767
7688
27907
27910
7695
38771
7696
27911
27914
7703
38775
7704
27915
27918
7711
38779
7712
27919
27922
7719
38783
7720
27923
27926
7727
38787
7728
27927
27930
7735
38791
7736
27931
27934
8411
39137
8412
28272
8419
39135
8420
28273
28276
8427
39139
8428
28277
28280
8435
39143
8436
28281
28284
8443
39147
8444
28285
28288
8451
39151
8452
28289
28292
8459
39155
8460
28293
28296
8467
39159
8468
28297
28300
6423
38257
6424
27278
6429
38259
6430
27279
27281
6435
38261
6436
27282
27284
6441
38263
6442
27285
27287
6447
38265
6448
27288
27290
6453
38267
6454
27291
27293
6459
38269
6460
27294
27296
6513
38287
6514
27297
27323
7743
38795
7744
27938
7747
38797
7748
27939
27940
7751
38799
7752
27941
27942
7755
38801
7756
27943
27944
7759
38803
7760
27945
27946
7763
38805
7764
27947
27948
7767
38807
7768
27949
27950
7771
38809
7772
27951
27952
8475
39163
8476
28304
8479
39165
8480
28305
28306
8483
39167
8484
28307
28308
8487
39169
8488
28309
28310
8491
39171
8492
28311
28312
8495
39173
8496
28313
28314
8499
39175
8500
28315
28316
8503
39177
8504
28317
28318
6525
38291
6526
27329
6531
38293
6532
27330
27332
6537
38295
6538
27333
27335
6543
38297
6544
27336
27338
6549
38299
6550
27339
27341
6555
38301
6556
27342
27344
6561
38303
6562
27345
27347
6615
38321
6616
27348
27374
7779
38813
7780
27956
7783
38815
7784
27957
27958
7787
38817
7788
27959
27960
7791
38819
7792
27961
27962
7795
38821
7796
27963
27964
7799
38823
7800
27965
27966
7803
38825
7804
27967
27968
7807
38827
7808
27969
27970
8511
39181
8512
28322
8515
39183
8516
28323
28324
8519
39185
8520
28325
28326
8523
39187
8524
28327
28328
8527
39189
8528
28329
28330
8531
39191
8532
28331
28332
8535
39193
8536
28333
28334
8539
39195
8540
28335
28336
6627
38325
6628
27380
6633
38327
6634
27381
27383
6639
38329
6640
27384
27386
6645
38331
6646
27387
27389
6651
38333
6652
27390
27392
6657
38335
6658
27393
27395
6663
38337
6664
27396
27398
6717
38355
6718
27399
27425
7815
38831
7816
27974
7819
38833
7820
27975
27976
7823
38835
7824
27977
27978
7827
38837
7828
27979
27980
7831
38839
7832
27981
27982
7835
38841
7836
27983
27984
7839
38843
7840
27985
27986
7843
38845
7844
27987
27988
8547
39199
8548
28340
8551
39201
8552
28341
28342
8555
39203
8556
28343
28344
8559
39205
8560
28345
28346
8563
39207
8564
28347
28348
8567
39209
8568
28349
28350
8571
39211
8572
28351
28352
8575
39213
8576
28353
28354
6729
38359
6730
27431
6735
38361
6736
27432
27434
6741
38363
6742
27435
27437
6747
38365
6748
27438
27440
6753
38367
6754
27441
27443
6759
38369
6760
27444
27446
6765
38371
6766
27447
27449
6819
38389
6820
27450
27476
7851
38849
7852
27992
7855
38851
7856
27993
27994
7859
38853
7860
27995
27996
7863
38855
7864
27997
27998
7867
38857
7868
27999
28000
7871
38859
7872
28001
28002
7875
38861
7876
28003
28004
7879
38863
7880
28005
28006
8583
39217
8584
28358
8587
39219
8588
28359
28360
8591
39221
8592
28361
28362
8595
39223
8596
28363
28364
8599
39225
8600
28365
28366
8603
39227
8604
28367
28368
8607
39229
8608
28369
28370
8611
39231
8612
28371
28372
6831
38393
6832
27482
6837
38395
6838
27483
27485
6843
38397
6844
27486
27488
6849
38399
6850
27489
27491
6855
38401
6856
27492
27494
6861
38403
6862
27495
27497
6867
38405
6868
27498
27500
6921
38423
6922
27501
27527
7887
38867
7888
28010
7891
38869
7892
28011
28012
7895
38871
7896
28013
28014
7899
38873
7900
28015
28016
7903
38875
7904
28017
28018
7907
38877
7908
28019
28020
7911
38879
7912
28021
28022
7915
38881
7916
28023
28024
9971
40033
9972
29052
9979
40031
9980
29053
29056
9987
40035
9988
29057
29060
9995
40039
9996
29061
29064
10003
40043
10004
29065
29068
10011
40047
10012
29069
29072
10019
40051
10020
29073
29076
10027
40055
10028
29077
29080
8619
39235
8620
28376
8623
39237
8624
28377
28378
8627
39239
8628
28379
28380
8631
39241
8632
28381
28382
8635
39243
8636
28383
28384
8639
39245
8640
28385
28386
8643
39247
8644
28387
28388
8647
39249
8648
28389
28390
10035
40059
10036
29084
10039
40061
10040
29085
29086
10043
40063
10044
29087
29088
10047
40065
10048
29089
29090
10051
40067
10052
29091
29092
10055
40069
10056
29093
29094
10059
40071
10060
29095
29096
10063
40073
10064
29097
29098
10071
40077
10072
29102
10075
40079
10076
29103
29104
10079
40081
10080
29105
29106
10083
40083
10084
29107
29108
10087
40085
10088
29109
29110
10091
40087
10092
29111
29112
10095
40089
10096
29113
29114
10099
40091
10100
29115
29116
10107
40095
10108
29120
10111
40097
10112
29121
29122
10115
40099
10116
29123
29124
10119
40101
10120
29125
29126
10123
40103
10124
29127
29128
10127
40105
10128
29129
29130
10131
40107
10132
29131
29132
10135
40109
10136
29133
29134
10143
40113
10144
29138
10147
40115
10148
29139
29140
10151
40117
10152
29141
29142
10155
40119
10156
29143
29144
10159
40121
10160
29145
29146
10163
40123
10164
29147
29148
10167
40125
10168
29149
29150
10171
40127
10172
29151
29152
10179
40131
10180
29156
10183
40133
10184
29157
29158
10187
40135
10188
29159
29160
10191
40137
10192
29161
29162
10195
40139
10196
29163
29164
10199
40141
10200
29165
29166
10203
40143
10204
29167
29168
10207
40145
10208
29169
29170
6933
38427
6934
27533
6939
38429
6940
27534
27536
6945
38431
6946
27537
27539
6951
38433
6952
27540
27542
6957
38435
6958
27543
27545
6963
38437
6964
27546
27548
6969
38439
6970
27549
27551
7023
38457
7024
27552
27578
7037
38461
7038
27036
27585
7043
38463
7044
27066
27586
27588
7049
38465
7050
27096
27589
27591
7055
38467
7056
27126
27592
27594
7061
38469
7062
27156
27595
27597
7067
38471
7068
27186
27598
27600
7073
38473
7074
27216
27601
27603
7127
38491
7128
27246
27604
27630
7923
38885
7924
28028
7927
38887
7928
28029
28030
7931
38889
7932
28031
28032
7935
38891
7936
28033
28034
7939
38893
7940
28035
28036
7943
38895
7944
28037
28038
7947
38897
7948
28039
28040
7951
38899
7952
28041
28042
7961
38903
7962
27905
28047
7965
38905
7966
27909
28048
28049
7969
38907
7970
27913
28050
28051
7973
38909
7974
27917
28052
28053
7977
38911
7978
27921
28054
28055
7981
38913
7982
27925
28056
28057
7985
38915
7986
27929
28058
28059
7989
38917
7990
27933
28060
28061
8655
39253
8656
28394
8659
39255
8660
28395
28396
8663
39257
8664
28397
28398
8667
39259
8668
28399
28400
8671
39261
8672
28401
28402
8675
39263
8676
28403
28404
8679
39265
8680
28405
28406
8683
39267
8684
28407
28408
8693
39273
8694
28271
28413
8697
39275
8698
28275
28414
28415
8701
39277
8702
28279
28416
28417
8705
39279
8706
28283
28418
28419
8709
39281
8710
28287
28420
28421
8713
39283
8714
28291
28422
28423
8717
39285
8718
28295
28424
28425
8721
39287
8722
28299
28426
28427
10215
40149
10216
29174
10219
40151
10220
29175
29176
10223
40153
10224
29177
29178
10227
40155
10228
29179
29180
10231
40157
10232
29181
29182
10235
40159
10236
29183
29184
10239
40161
10240
29185
29186
10243
40163
10244
29187
29188
10253
40167
10254
29051
29193
10257
40169
10258
29055
29194
29195
10261
40171
10262
29059
29196
29197
10265
40173
10266
29063
29198
29199
10269
40175
10270
29067
29200
29201
10273
40177
10274
29071
29202
29203
10277
40179
10278
29075
29204
29205
10281
40181
10282
29079
29206
29207
6417
38255
6418
27275
6519
38289
6520
27276
27326
6621
38323
6622
27327
27377
6723
38357
6724
27378
27428
6825
38391
6826
27429
27479
6927
38425
6928
27480
27530
7029
38459
7030
27531
27581
7133
38569
38493
7134
27582
27583
27633
7739
38793
7740
27936
7775
38811
7776
27937
27954
7811
38829
7812
27955
27972
7847
38847
7848
27973
27990
7883
38865
7884
27991
28008
7919
38883
7920
28009
28026
7955
38901
7956
28027
28044
7993
39489
38919
7994
28045
28046
28063
8471
39161
8472
28302
8507
39179
8508
28303
28320
8543
39197
8544
28321
28338
8579
39215
8580
28339
28356
8615
39233
8616
28357
28374
8651
39251
8652
28375
28392
8687
39271
8688
28393
28410
8725
39451
39289
8726
28411
28412
28429
7145
38497
7146
27639
7151
38499
7152
27640
27642
7157
38501
7158
27643
27645
7163
38503
7164
27646
27648
7169
38505
7170
27649
27651
7175
38507
7176
27652
27654
7181
38509
7182
27655
27657
7189
38565
38511
7190
27658
27659
27661
8001
38923
8002
28067
8005
38925
8006
28068
28069
8009
38927
8010
28070
28071
8013
38929
8014
28072
28073
8017
38931
8018
28074
28075
8021
38933
8022
28076
28077
8025
38935
8026
28078
28079
8031
39435
38937
8032
28080
28081
28082
8733
39293
8734
28433
8737
39295
8738
28434
28435
8741
39297
8742
28436
28437
8745
39299
8746
28438
28439
8749
39301
8750
28440
28441
8753
39303
8754
28442
28443
8757
39307
8758
28444
28445
8763
39433
39309
8764
28446
28447
28448
7201
38515
7202
27667
7207
38517
7208
27668
27670
7213
38519
7214
27671
27673
7219
38521
7220
27674
27676
7225
38523
7226
27677
27679
7231
38525
7232
27680
27682
7237
38527
7238
27683
27685
7245
38555
38529
7246
27686
27687
27689
8039
38941
8040
28086
8043
38943
8044
28087
28088
8047
38945
8048
28089
28090
8051
38947
8052
28091
28092
8055
38949
8056
28093
28094
8059
38951
8060
28095
28096
8063
38953
8064
28097
28098
8069
39325
38955
8070
28099
28100
28101
8771
39313
8772
28452
8775
39315
8776
28453
28454
8779
39317
8780
28455
28456
8783
39319
8784
28457
28458
8787
39321
8788
28459
28460
8791
39323
8792
28461
28462
8795
39327
8796
28463
28464
8801
39345
39329
8802
28465
28466
28467
7257
38533
7258
27695
7263
38535
7264
27696
27698
7269
38537
7270
27699
27701
7275
38539
7276
27702
27704
7281
38541
7282
27705
27707
7287
38543
7288
27708
27710
7293
38547
7294
27711
27713
7301
38545
38549
7302
27714
27715
27717
8077
38959
8078
28105
8081
38961
8082
28106
28107
8085
38963
8086
28108
28109
8089
38965
8090
28110
28111
8093
38967
8094
28112
28113
8097
38969
8098
28114
28115
8101
38973
8102
28116
28117
8107
39305
38975
8108
28118
28119
28120
8809
39333
8810
28471
8813
39335
8814
28472
28473
8817
39337
8818
28474
28475
8821
39339
8822
28476
28477
8825
39341
8826
28478
28479
8829
39343
8830
28480
28481
8833
39347
8834
28482
28483
8839
39365
39349
8840
28484
28485
28486
7313
38553
7314
27723
7319
38557
7320
27724
27726
7325
38559
7326
27727
27729
7331
38561
7332
27730
27732
7337
38563
7338
27733
27735
7343
38567
7344
27736
27738
7349
38571
7350
27739
27741
7357
38577
38573
7358
27742
27743
27745
8115
38979
8116
28124
8119
38981
8120
28125
28126
8123
38983
8124
28127
28128
8127
38985
8128
28129
28130
8131
38987
8132
28131
28132
8135
38989
8136
28133
28134
8139
38993
8140
28135
28136
8145
39011
38995
8146
28137
28138
28139
8847
39353
8848
28490
8851
39355
8852
28491
28492
8855
39357
8856
28493
28494
8859
39359
8860
28495
28496
8863
39361
8864
28497
28498
8867
39363
8868
28499
28500
8871
39367
8872
28501
28502
8877
39385
39369
8878
28503
28504
28505
7369
38579
7370
27751
7375
38581
7376
27752
27754
7381
38583
7382
27755
27757
7387
38585
7388
27758
27760
7393
38595
7394
27761
27763
7399
38621
7400
27764
27766
7405
38643
7406
27767
27769
7413
38649
38645
7414
27770
27771
27773
8153
38999
8154
28143
8157
39001
8158
28144
28145
8161
39003
8162
28146
28147
8165
39005
8166
28148
28149
8169
39007
8170
28150
28151
8173
39009
8174
28152
28153
8177
39013
8178
28154
28155
8183
39031
39015
8184
28156
28157
28158
10031
40057
10032
29082
10067
40075
10068
29083
29100
10103
40093
10104
29101
29118
10139
40111
10140
29119
29136
10175
40129
10176
29137
29154
10211
40147
10212
29155
29172
10247
40165
10248
29173
29190
10285
40353
40183
10286
29191
29192
29209
8885
39373
8886
28509
8889
39375
8890
28510
28511
8893
39377
8894
28512
28513
8897
39379
8898
28514
28515
8901
39381
8902
28516
28517
8905
39383
8906
28518
28519
8909
39387
8910
28520
28521
8915
39405
39389
8916
28522
28523
28524
10293
40187
10294
29213
10297
40189
10298
29214
29215
10301
40191
10302
29216
29217
10305
40193
10306
29218
29219
10309
40195
10310
29220
29221
10313
40197
10314
29222
29223
10317
40199
10318
29224
29225
10323
40351
40201
10324
29226
29227
29228
10331
40205
10332
29232
10335
40207
10336
29233
29234
10339
40209
10340
29235
29236
10343
40211
10344
29237
29238
10347
40213
10348
29239
29240
10351
40215
10352
29241
29242
10355
40217
10356
29243
29244
10361
40349
40219
10362
29245
29246
29247
10369
40223
10370
29251
10373
40225
10374
29252
29253
10377
40227
10378
29254
29255
10381
40229
10382
29256
29257
10385
40231
10386
29258
29259
10389
40233
10390
29260
29261
10393
40235
10394
29262
29263
10399
40347
40237
10400
29264
29265
29266
10407
40241
10408
29270
10411
40243
10412
29271
29272
10415
40245
10416
29273
29274
10419
40247
10420
29275
29276
10423
40249
10424
29277
29278
10427
40251
10428
29279
29280
10431
40253
10432
29281
29282
10437
40345
40255
10438
29283
29284
29285
10445
40259
10446
29289
10449
40261
10450
29290
29291
10453
40263
10454
29292
29293
10457
40265
10458
29294
29295
10461
40267
10462
29296
29297
10465
40269
10466
29298
29299
10469
40271
10470
29300
29301
10475
40343
40273
10476
29302
29303
29304
7425
38651
7426
27779
7431
38653
7432
27780
27782
7437
38655
7438
27783
27785
7443
38657
7444
27786
27788
7449
38661
7450
27789
27791
7455
38663
7456
27792
27794
7461
38667
7462
27795
27797
7469
38991
38669
7470
27798
27799
27801
7481
38673
7482
27273
27807
7487
38675
7488
27324
27808
27810
7493
38677
7494
27375
27811
27813
7499
38679
7500
27426
27814
27816
7505
38681
7506
27477
27817
27819
7511
38683
7512
27528
27820
27822
7517
38685
7518
27579
27823
27825
7525
38971
38687
7526
27631
27826
27827
27829
8191
39019
8192
28162
8195
39021
8196
28163
28164
8199
39023
8200
28165
28166
8203
39025
8204
28167
28168
8207
39027
8208
28169
28170
8211
39029
8212
28171
28172
8215
39033
8216
28173
28174
8221
39051
39035
8222
28175
28176
28177
8229
39039
8230
27935
28181
8233
39041
8234
27953
28182
28183
8237
39043
8238
27971
28184
28185
8241
39045
8242
27989
28186
28187
8245
39047
8246
28007
28188
28189
8249
39049
8250
28025
28190
28191
8253
39053
8254
28043
28192
28193
8259
39269
39055
8260
28062
28194
28195
28196
8923
39393
8924
28528
8927
39395
8928
28529
28530
8931
39397
8932
28531
28532
8935
39399
8936
28533
28534
8939
39401
8940
28535
28536
8943
39403
8944
28537
28538
8947
39407
8948
28539
28540
8953
39425
39409
8954
28541
28542
28543
8961
39413
8962
28301
28547
8965
39415
8966
28319
28548
28549
8969
39417
8970
28337
28550
28551
8973
39419
8974
28355
28552
28553
8977
39421
8978
28373
28554
28555
8981
39423
8982
28391
28556
28557
8985
39427
8986
28409
28558
28559
8991
39431
39429
8992
28428
28560
28561
28562
10483
40277
10484
29308
10487
40279
10488
29309
29310
10491
40281
10492
29311
29312
10495
40283
10496
29313
29314
10499
40285
10500
29315
29316
10503
40287
10504
29317
29318
10507
40289
10508
29319
29320
10513
40341
40291
10514
29321
29322
29323
10521
40295
10522
29081
29327
10525
40297
10526
29099
29328
29329
10529
40299
10530
29117
29330
29331
10533
40301
10534
29135
29332
29333
10537
40303
10538
29153
29334
29335
10541
40305
10542
29171
29336
29337
10545
40307
10546
29189
29338
29339
10551
40339
40309
10552
29208
29340
29341
29342
7139
38495
7140
27636
7195
38513
7196
27637
27664
7251
38531
7252
27665
27692
7307
38551
7308
27693
27720
7363
38575
7364
27721
27748
7419
38647
7420
27749
27776
7475
38671
7476
27777
27804
7531
38689
7532
27805
27832
10935
40885
10936
29534
10939
40883
10940
29536
10943
40881
10944
29538
10947
40599
10948
29537
29540
10951
40601
10952
29542
10955
40603
10956
29541
29544
10959
40605
10960
29546
10963
40607
10964
29545
29548
10967
40609
10968
29550
10971
40611
10972
29549
29552
10975
40613
10976
29554
10979
40615
10980
29553
29556
10983
40617
10984
29558
10987
40619
10988
29557
29560
10991
40621
10992
29533
29562
10995
40623
10996
29561
29564
10999
40625
11000
29566
11003
40627
11004
29568
11007
40629
11008
29569
29570
11011
40631
11012
29571
29572
11015
40633
11016
29573
29574
11019
40635
11020
29575
29576
11023
40637
11024
29577
29578
11027
40639
11028
29579
29580
11031
40641
11032
29581
29582
11035
40643
11036
29567
29584
11039
40645
11040
29586
11043
40647
11044
29587
29588
11047
40649
11048
29589
29590
11051
40651
11052
29591
29592
11055
40653
11056
29593
29594
11059
40655
11060
29595
29596
11063
40657
11064
29597
29598
11067
40659
11068
29599
29600
11071
40661
11072
29585
29602
11075
40663
11076
29604
11079
40665
11080
29605
29606
11083
40667
11084
29607
29608
11087
40669
11088
29609
29610
11091
40671
11092
29611
29612
11095
40673
11096
29613
29614
11099
40675
11100
29615
29616
11103
40677
11104
29617
29618
11107
40679
11108
29603
29620
11111
40681
11112
29622
11115
40683
11116
29623
29624
11119
40685
11120
29625
29626
11123
40687
11124
29627
29628
11127
40689
11128
29629
29630
11131
40691
11132
29631
29632
11135
40693
11136
29633
29634
11139
40695
11140
29635
29636
11143
40697
11144
29621
29638
11147
40699
11148
29640
11151
40701
11152
29641
29642
11155
40703
11156
29643
29644
11159
40705
11160
29645
29646
11163
40707
11164
29647
29648
11167
40709
11168
29649
29650
11171
40711
11172
29651
29652
11175
40713
11176
29653
29654
11179
40715
11180
29639
29656
11183
40717
11184
29658
11187
40719
11188
29659
29660
11191
40721
11192
29661
29662
11195
40723
11196
29663
29664
11199
40725
11200
29665
29666
11203
40727
11204
29667
29668
11207
40729
11208
29669
29670
11211
40731
11212
29671
29672
11215
40733
11216
29657
29674
11221
40735
11222
29535
29677
11225
40737
11226
29539
29678
29679
11229
40739
11230
29543
29680
29681
11233
40741
11234
29547
29682
29683
11237
40743
11238
29551
29684
29685
11241
40745
11242
29555
29686
29687
11245
40747
11246
29559
29688
29689
11249
40749
11250
29563
29690
29691
11253
40939
40751
11254
29675
29676
29693
7997
38921
7998
28065
8035
38939
8036
28066
28084
8073
38957
8074
28085
28103
8111
38977
8112
28104
28122
8149
38997
8150
28123
28141
8187
39017
8188
28142
28160
8225
39037
8226
28161
28179
8263
39057
8264
28180
28198
11261
40755
11262
29697
11265
40757
11266
29698
29699
11269
40759
11270
29700
29701
11273
40761
11274
29702
29703
11277
40763
11278
29704
29705
11281
40765
11282
29706
29707
11285
40767
11286
29708
29709
11291
40937
40769
11292
29710
29711
29712
11299
40773
11300
29716
11303
40775
11304
29717
29718
11307
40777
11308
29719
29720
11311
40779
11312
29721
29722
11315
40781
11316
29723
29724
11319
40783
11320
29725
29726
11323
40785
11324
29727
29728
11329
40935
40787
11330
29729
29730
29731
11337
40791
11338
29735
11341
40793
11342
29736
29737
11345
40795
11346
29738
29739
11349
40797
11350
29740
29741
11353
40799
11354
29742
29743
11357
40801
11358
29744
29745
11361
40803
11362
29746
29747
11367
40933
40805
11368
29748
29749
29750
11375
40809
11376
29754
11379
40811
11380
29755
29756
11383
40813
11384
29757
29758
11387
40815
11388
29759
29760
11391
40817
11392
29761
29762
11395
40819
11396
29763
29764
11399
40821
11400
29765
29766
11405
40931
40823
11406
29767
29768
29769
11413
40827
11414
29773
11417
40829
11418
29774
29775
11421
40831
11422
29776
29777
11425
40833
11426
29778
29779
11429
40835
11430
29780
29781
11433
40837
11434
29782
29783
11437
40839
11438
29784
29785
11443
40929
40841
11444
29786
29787
29788
11451
40845
11452
29792
11455
40847
11456
29793
29794
11459
40849
11460
29795
29796
11463
40851
11464
29797
29798
11467
40853
11468
29799
29800
11471
40855
11472
29801
29802
11475
40857
11476
29803
29804
11481
40927
40859
11482
29805
29806
29807
11489
40863
11490
29565
29811
11493
40865
11494
29583
29812
29813
11497
40867
11498
29601
29814
29815
11501
40869
11502
29619
29816
29817
11505
40871
11506
29637
29818
29819
11509
40873
11510
29655
29820
29821
11513
40875
11514
29673
29822
29823
11519
40925
40877
11520
29692
29824
29825
29826
8729
39291
8730
28431
8767
39311
8768
28432
28450
8805
39331
8806
28451
28469
8843
39351
8844
28470
28488
8881
39371
8882
28489
28507
8919
39391
8920
28508
28526
8957
39411
8958
28527
28545
8995
39437
8996
28546
28564
9001
39549
9002
28567
10289
40185
10290
29211
10327
40203
10328
29212
29230
10365
40221
10366
29231
29249
10403
40239
10404
29250
29268
10441
40257
10442
29269
29287
10479
40275
10480
29288
29306
10517
40293
10518
29307
29325
10555
40311
10556
29326
29344
10559
40337
10560
29346
11257
40753
11258
29695
11295
40771
11296
29696
29714
11333
40789
11334
29715
29733
11371
40807
11372
29734
29752
11409
40825
11410
29753
29771
11447
40843
11448
29772
29790
11485
40861
11486
29791
29809
11523
40879
11524
29810
29828
11527
40905
11528
29830
9007
39547
9008
28570
9013
39545
9014
28571
28573
9019
39543
9020
28574
28576
9025
39447
9026
28577
28579
9031
39449
9032
28580
28582
9037
39453
9038
28583
28585
9043
39455
9044
28586
28588
9049
39457
9050
28589
28591
9053
39459
9054
28593
9057
39461
9058
28594
28595
9061
39463
9062
28596
28597
9065
39465
9066
28598
28599
9069
39467
9070
28600
28601
9073
39469
9074
28602
28603
9077
39471
9078
28604
28605
9081
39473
9082
28606
28607
9085
39475
9086
28609
9089
39477
9090
28610
28611
9093
39479
9094
28612
28613
9097
39481
9098
28614
28615
9101
39483
9102
28616
28617
9105
39485
9106
28618
28619
9109
39487
9110
28620
28621
9113
39541
9114
28622
28623
9119
39621
9120
28568
28626
10563
40335
10564
29348
10567
40333
10568
29349
29350
10571
40331
10572
29351
29352
10575
40321
10576
29353
29354
10579
40323
10580
29355
29356
10583
40325
10584
29357
29358
10587
40327
10588
29359
29360
10591
40329
10592
29361
29362
10595
40373
10596
29347
29364
11791
41049
11792
29962
11797
41053
11798
29963
29965
11837
41077
11838
29985
11841
41079
11842
29986
29987
11869
41093
11870
30001
11909
41117
11910
30021
11915
41121
11916
30022
30024
11955
41145
11956
30044
11959
41147
11960
30045
30046
11987
41161
11988
30060
12027
41185
12028
30080
12033
41189
12034
30081
30083
12073
41213
12074
30103
12077
41215
12078
30104
30105
12105
41229
12106
28565
30119
12179
41559
12180
30156
12183
41557
12184
30158
12187
41555
12188
30160
12191
41265
12192
30159
30162
12195
41267
12196
30164
12199
41269
12200
30163
30166
12203
41271
12204
30168
12207
41273
12208
30167
30170
12211
41275
12212
30172
12215
41277
12216
30171
30174
12219
41279
12220
30176
12223
41281
12224
30175
30178
12227
41283
12228
30180
12231
41285
12232
30179
30182
12235
41287
12236
30155
30184
12239
41289
12240
30183
30186
12243
41291
12244
30188
12247
41293
12248
30190
12251
41295
12252
30191
30192
12255
41297
12256
30193
30194
12259
41299
12260
30195
30196
12263
41301
12264
30197
30198
12267
41303
12268
30199
30200
12271
41305
12272
30201
30202
12275
41307
12276
30203
30204
12279
41309
12280
30189
30206
12283
41311
12284
30208
12287
41313
12288
30209
30210
12291
41315
12292
30211
30212
12295
41317
12296
30213
30214
12299
41319
12300
30215
30216
12303
41321
12304
30217
30218
12307
41323
12308
30219
30220
12311
41325
12312
30221
30222
12315
41327
12316
30207
30224
12319
41329
12320
30226
12323
41331
12324
30227
30228
12327
41333
12328
30229
30230
12331
41335
12332
30231
30232
12335
41337
12336
30233
30234
12339
41339
12340
30235
30236
12343
41341
12344
30237
30238
12347
41343
12348
30239
30240
12351
41345
12352
30225
30242
12355
41347
12356
30244
12359
41349
12360
30245
30246
12363
41351
12364
30247
30248
12367
41353
12368
30249
30250
12371
41355
12372
30251
30252
12375
41357
12376
30253
30254
12379
41359
12380
30255
30256
12383
41361
12384
30257
30258
12387
41363
12388
30243
30260
12391
41365
12392
30262
12395
41367
12396
30263
30264
12399
41369
12400
30265
30266
12403
41371
12404
30267
30268
12407
41373
12408
30269
30270
12411
41375
12412
30271
30272
12415
41377
12416
30273
30274
12419
41379
12420
30275
30276
12423
41381
12424
30261
30278
12427
41383
12428
30280
12431
41385
12432
30281
30282
12435
41387
12436
30283
30284
12439
41389
12440
30285
30286
12443
41391
12444
30287
30288
12447
41393
12448
30289
30290
12451
41395
12452
30291
30292
12455
41397
12456
30293
30294
12459
41399
12460
30279
30296
12465
41401
12466
30157
30299
12469
41403
12470
30161
30300
30301
12473
41405
12474
30165
30302
30303
12477
41407
12478
30169
30304
30305
12481
41409
12482
30173
30306
30307
12485
41411
12486
30177
30308
30309
12489
41413
12490
30181
30310
30311
12493
41415
12494
30185
30312
30313
12497
41711
41417
12498
30297
30298
30315
12501
41419
12502
30317
12505
41421
12506
30319
12509
41423
12510
30320
30321
12513
41425
12514
30322
30323
12517
41427
12518
30324
30325
12521
41429
12522
30326
30327
12525
41431
12526
30328
30329
12529
41433
12530
30330
30331
12535
41709
41435
12536
30332
30333
30334
12539
41437
12540
30318
30336
12543
41439
12544
30338
12547
41441
12548
30339
30340
12551
41443
12552
30341
30342
12555
41445
12556
30343
30344
12559
41447
12560
30345
30346
12563
41449
12564
30347
30348
12567
41451
12568
30349
30350
12573
41707
41453
12574
30351
30352
30353
12577
41455
12578
30337
30355
12581
41457
12582
30357
12585
41459
12586
30358
30359
12589
41461
12590
30360
30361
12593
41463
12594
30362
30363
12597
41465
12598
30364
30365
12601
41467
12602
30366
30367
12605
41469
12606
30368
30369
12611
41487
41471
12612
30370
30371
30372
12615
41473
12616
30356
30374
12619
41475
12620
30376
12623
41477
12624
30377
30378
12627
41479
12628
30379
30380
12631
41481
12632
30381
30382
12635
41483
12636
30383
30384
12639
41485
12640
30385
30386
12643
41489
12644
30387
30388
12649
41507
41491
12650
30389
30390
30391
12653
41493
12654
30375
30393
12657
41495
12658
30395
12661
41497
12662
30396
30397
12665
41499
12666
30398
30399
12669
41501
12670
30400
30401
12673
41503
12674
30402
30403
12677
41505
12678
30404
30405
12681
41509
12682
30406
30407
12687
41527
41511
12688
30408
30409
30410
12691
41513
12692
30394
30412
12695
41515
12696
30414
12699
41517
12700
30415
30416
12703
41519
12704
30417
30418
12707
41521
12708
30419
30420
12711
41523
12712
30421
30422
12715
41525
12716
30423
30424
12719
41529
12720
30425
30426
12725
41547
41531
12726
30427
30428
30429
12729
41533
12730
30413
30431
12733
41535
12734
30187
30433
12737
41537
12738
30205
30434
30435
12741
41539
12742
30223
30436
30437
12745
41541
12746
30241
30438
30439
12749
41543
12750
30259
30440
30441
12753
41545
12754
30277
30442
30443
12757
41549
12758
30295
30444
30445
12763
41705
41551
12764
30314
30446
30447
30448
12767
41553
12768
30432
30450
12771
41579
12772
30452
11531
40903
11532
29832
11535
40901
11536
29833
29834
11539
40899
11540
29835
29836
11543
40889
11544
29837
29838
11547
40891
11548
29839
29840
11551
40893
11552
29841
29842
11555
40895
11556
29843
29844
11559
40897
11560
29845
29846
11563
40923
11564
29831
29848
11873
41095
11874
30002
30003
11991
41163
11992
30061
30062
12109
41231
12110
28624
30120
30121
12775
41577
12776
30454
12779
41575
12780
30455
30456
12783
41573
12784
30457
30458
12787
41563
12788
30459
30460
12791
41565
12792
30461
30462
12795
41567
12796
30463
30464
12799
41569
12800
30465
30466
12803
41571
12804
30467
30468
12807
41597
12808
30453
30470
9125
39619
9126
28629
9131
39617
9132
28630
28632
9137
39615
9138
28633
28635
9143
39551
9144
28636
28638
9149
39553
9150
28639
28641
9155
39555
9156
28642
28644
9161
39557
9162
28645
28647
9167
39559
9168
28648
28650
9171
39561
9172
28652
9175
39563
9176
28653
28654
9179
39565
9180
28655
28656
9183
39567
9184
28657
28658
9187
39569
9188
28659
28660
9191
39571
9192
28661
28662
9195
39573
9196
28663
28664
9199
39575
9200
28665
28666
9203
39577
9204
28668
9207
39579
9208
28669
28670
9211
39581
9212
28671
28672
9215
39583
9216
28673
28674
9219
39585
9220
28675
28676
9223
39587
9224
28677
28678
9227
39589
9228
28679
28680
9231
39613
9232
28681
28682
9237
39689
9238
28627
28685
11803
41057
11804
29966
29968
11921
41125
11922
30025
30027
12039
41193
12040
30084
30086
10599
40371
10600
29366
10603
40369
10604
29367
29368
10607
40367
10608
29369
29370
10611
40357
10612
29371
29372
10615
40359
10616
29373
29374
10619
40361
10620
29375
29376
10623
40363
10624
29377
29378
10627
40365
10628
29379
29380
10631
40393
10632
29365
29382
11845
41081
11846
29988
29989
11963
41149
11964
30047
30048
12081
41217
12082
30106
30107
11567
40921
11568
29850
11571
40919
11572
29851
29852
11575
40917
11576
29853
29854
11579
40907
11580
29855
29856
11583
40909
11584
29857
29858
11587
40911
11588
29859
29860
11591
40913
11592
29861
29862
11595
40915
11596
29863
29864
11599
40959
11600
29849
29866
11877
41097
11878
30004
30005
11995
41165
11996
30063
30064
12113
41233
12114
28683
30122
30123
13031
41693
13032
30582
13035
41695
13036
30583
30584
13067
41727
13068
30600
13071
41731
13072
30601
30602
13103
41761
13104
29345
30618
13107
41763
13108
29363
30619
30620
13143
42075
13144
30638
13147
42073
13148
30640
13151
42071
13152
30642
13155
41781
13156
30641
30644
13159
41783
13160
30646
13163
41785
13164
30645
30648
13167
41787
13168
30650
13171
41789
13172
30649
30652
13175
41791
13176
30654
13179
41793
13180
30653
30656
13183
41795
13184
30658
13187
41797
13188
30657
30660
13191
41799
13192
30662
13195
41801
13196
30661
30664
13199
41803
13200
30637
30666
13203
41805
13204
30665
30668
13207
41807
13208
30670
13211
41809
13212
30672
13215
41811
13216
30673
30674
13219
41813
13220
30675
30676
13223
41815
13224
30677
30678
13227
41817
13228
30679
30680
13231
41819
13232
30681
30682
13235
41821
13236
30683
30684
13239
41823
13240
30685
30686
13243
41825
13244
30671
30688
13247
41827
13248
30690
13251
41829
13252
30691
30692
13255
41831
13256
30693
30694
13259
41833
13260
30695
30696
13263
41835
13264
30697
30698
13267
41837
13268
30699
30700
13271
41839
13272
30701
30702
13275
41841
13276
30703
30704
13279
41843
13280
30689
30706
13283
41845
13284
30708
13287
41847
13288
30709
30710
13291
41849
13292
30711
30712
13295
41851
13296
30713
30714
13299
41853
13300
30715
30716
13303
41855
13304
30717
30718
13307
41857
13308
30719
30720
13311
41859
13312
30721
30722
13315
41861
13316
30707
30724
13319
41863
13320
30726
13323
41865
13324
30727
30728
13327
41867
13328
30729
30730
13331
41869
13332
30731
30732
13335
41871
13336
30733
30734
13339
41873
13340
30735
30736
13343
41875
13344
30737
30738
13347
41877
13348
30739
30740
13351
41879
13352
30725
30742
13355
41881
13356
30744
13359
41883
13360
30745
30746
13363
41885
13364
30747
30748
13367
41887
13368
30749
30750
13371
41889
13372
30751
30752
13375
41891
13376
30753
30754
13379
41893
13380
30755
30756
13383
41895
13384
30757
30758
13387
41897
13388
30743
30760
13391
41899
13392
30762
13395
41901
13396
30763
30764
13399
41903
13400
30765
30766
13403
41905
13404
30767
30768
13407
41907
13408
30769
30770
13411
41909
13412
30771
30772
13415
41911
13416
30773
30774
13419
41913
13420
30775
30776
13423
41915
13424
30761
30778
13429
41917
13430
30639
30781
13433
41919
13434
30643
30782
30783
13437
41921
13438
30647
30784
30785
13441
41923
13442
30651
30786
30787
13445
41925
13446
30655
30788
30789
13449
41927
13450
30659
30790
30791
13453
41929
13454
30663
30792
30793
13457
41931
13458
30667
30794
30795
13461
42241
41933
13462
30779
30780
30797
13465
41935
13466
30799
13469
41937
13470
30801
13473
41939
13474
30802
30803
13477
41941
13478
30804
30805
13481
41943
13482
30806
30807
13485
41945
13486
30808
30809
13489
41947
13490
30810
30811
13493
41949
13494
30812
30813
13499
42239
41951
13500
30814
30815
30816
13503
41953
13504
30800
30818
13507
41955
13508
30820
13511
41957
13512
30821
30822
13515
41959
13516
30823
30824
13519
41961
13520
30825
30826
13523
41963
13524
30827
30828
13527
41965
13528
30829
30830
13531
41967
13532
30831
30832
13537
42237
41969
13538
30833
30834
30835
13541
41971
13542
30819
30837
13545
41973
13546
30839
13549
41975
13550
30840
30841
13553
41977
13554
30842
30843
13557
41979
13558
30844
30845
13561
41981
13562
30846
30847
13565
41983
13566
30848
30849
13569
41985
13570
30850
30851
13575
42003
41987
13576
30852
30853
30854
13579
41989
13580
30838
30856
13583
41991
13584
30858
13587
41993
13588
30859
30860
13591
41995
13592
30861
30862
13595
41997
13596
30863
30864
13599
41999
13600
30865
30866
13603
42001
13604
30867
30868
13607
42005
13608
30869
30870
13613
42023
42007
13614
30871
30872
30873
13617
42009
13618
30857
30875
13621
42011
13622
30877
13625
42013
13626
30878
30879
13629
42015
13630
30880
30881
13633
42017
13634
30882
30883
13637
42019
13638
30884
30885
13641
42021
13642
30886
30887
13645
42025
13646
30888
30889
13651
42043
42027
13652
30890
30891
30892
13655
42029
13656
30876
30894
13659
42031
13660
30896
13663
42033
13664
30897
30898
13667
42035
13668
30899
30900
13671
42037
13672
30901
30902
13675
42039
13676
30903
30904
13679
42041
13680
30905
30906
13683
42045
13684
30907
30908
13689
42063
42047
13690
30909
30910
30911
13693
42049
13694
30895
30913
13697
42051
13698
30669
30915
13701
42053
13702
30687
30916
30917
13705
42055
13706
30705
30918
30919
13709
42057
13710
30723
30920
30921
13713
42059
13714
30741
30922
30923
13717
42061
13718
30759
30924
30925
13721
42065
13722
30777
30926
30927
13727
42235
42067
13728
30796
30928
30929
30930
13731
42069
13732
30914
30932
13735
42095
13736
30934
13739
42093
13740
30936
13743
42091
13744
30937
30938
13747
42089
13748
30939
30940
13751
42079
13752
30941
30942
13755
42081
13756
30943
30944
13759
42083
13760
30945
30946
13763
42085
13764
30947
30948
13767
42087
13768
30949
30950
13771
42113
13772
30935
30952
12811
41595
12812
30472
12815
41593
12816
30473
30474
12819
41591
12820
30475
30476
12823
41581
12824
30477
30478
12827
41583
12828
30479
30480
12831
41585
12832
30481
30482
12835
41587
12836
30483
30484
12839
41589
12840
30485
30486
12843
41615
12844
30471
30488
13039
41697
13040
30585
30586
13075
41735
13076
30603
30604
13111
41765
13112
29381
30621
30622
13775
42111
13776
30954
13779
42109
13780
30955
30956
13783
42107
13784
30957
30958
13787
42097
13788
30959
30960
13791
42099
13792
30961
30962
13795
42101
13796
30963
30964
13799
42103
13800
30965
30966
13803
42105
13804
30967
30968
13807
42131
13808
30953
30970
9243
39687
9244
28688
9249
39685
9250
28689
28691
9255
39683
9256
28692
28694
9261
39623
9262
28695
28697
9267
39625
9268
28698
28700
9273
39627
9274
28701
28703
9279
39629
9280
28704
28706
9285
39631
9286
28707
28709
9289
39633
9290
28711
9293
39635
9294
28712
28713
9297
39637
9298
28714
28715
9301
39639
9302
28716
28717
9305
39641
9306
28718
28719
9309
39643
9310
28720
28721
9313
39645
9314
28722
28723
9317
39647
9318
28724
28725
9321
39649
9322
28727
9325
39651
9326
28728
28729
9329
39653
9330
28730
28731
9333
39655
9334
28732
28733
9337
39657
9338
28734
28735
9341
39659
9342
28736
28737
9345
39661
9346
28738
28739
9349
39681
9350
28740
28741
9355
39757
9356
28686
28744
11809
41061
11810
29969
29971
11927
41129
11928
30028
30030
12045
41197
12046
30087
30089
10635
40391
10636
29384
10639
40389
10640
29385
29386
10643
40387
10644
29387
29388
10647
40377
10648
29389
29390
10651
40379
10652
29391
29392
10655
40381
10656
29393
29394
10659
40383
10660
29395
29396
10663
40385
10664
29397
29398
10667
40429
10668
29383
29400
11849
41083
11850
29990
29991
11967
41151
11968
30049
30050
12085
41219
12086
30108
30109
13995
42209
13996
31064
13999
42211
14000
31065
31066
14003
42213
14004
31067
31068
14031
42227
14032
31082
14035
42229
14036
31083
31084
14039
42231
14040
31085
31086
14067
42461
14068
29829
31100
14071
42463
14072
29847
31101
31102
14075
42465
14076
29865
31103
31104
14295
42763
14296
31214
14299
42765
14300
31215
31216
14303
42767
14304
31217
31218
14331
42781
14332
31232
14335
42783
14336
31233
31234
14339
42785
14340
31235
31236
14367
42799
14368
31250
14371
42801
14372
31251
31252
14375
42803
14376
31253
31254
14403
42817
14404
30451
30933
31268
14407
42819
14408
30469
30951
31269
31270
14411
42821
14412
30487
30969
31271
31272
15460
43919
15461
31796
15464
43917
15465
31798
15468
43915
15469
31800
15472
43467
15473
31799
31802
15476
43469
15477
31804
15480
43471
15481
31803
31806
15484
43473
15485
31808
15488
43475
15489
31807
31810
15492
43477
15493
31812
15496
43479
15497
31811
31814
15500
43481
15501
31816
15504
43483
15505
31815
31818
15508
43485
15509
31820
15512
43487
15513
31819
31822
15516
43489
15517
31795
31824
15520
43491
15521
31823
31826
15524
43493
15525
31828
15528
43495
15529
31830
15532
43497
15533
31831
31832
15536
43499
15537
31833
31834
15540
43501
15541
31835
31836
15544
43503
15545
31837
31838
15548
43505
15549
31839
31840
15552
43507
15553
31841
31842
15556
43509
15557
31843
31844
15560
43511
15561
31829
31846
15564
43513
15565
31848
15568
43515
15569
31849
31850
15572
43517
15573
31851
31852
15576
43519
15577
31853
31854
15580
43521
15581
31855
31856
15584
43523
15585
31857
31858
15588
43525
15589
31859
31860
15592
43527
15593
31861
31862
15596
43529
15597
31847
31864
15600
43531
15601
31866
15604
43533
15605
31867
31868
15608
43535
15609
31869
31870
15612
43537
15613
31871
31872
15616
43539
15617
31873
31874
15620
43541
15621
31875
31876
15624
43543
15625
31877
31878
15628
43545
15629
31879
31880
15632
43547
15633
31865
31882
15636
43549
15637
31884
15640
43551
15641
31885
31886
15644
43553
15645
31887
31888
15648
43555
15649
31889
31890
15652
43557
15653
31891
31892
15656
43559
15657
31893
31894
15660
43561
15661
31895
31896
15664
43563
15665
31897
31898
15668
43565
15669
31883
31900
15672
43567
15673
31902
15676
43569
15677
31903
31904
15680
43571
15681
31905
31906
15684
43573
15685
31907
31908
15688
43575
15689
31909
31910
15692
43577
15693
31911
31912
15696
43579
15697
31913
31914
15700
43581
15701
31915
31916
15704
43583
15705
31901
31918
15708
43585
15709
31920
15712
43587
15713
31921
31922
15716
43589
15717
31923
31924
15720
43591
15721
31925
31926
15724
43593
15725
31927
31928
15728
43595
15729
31929
31930
15732
43597
15733
31931
31932
15736
43599
15737
31933
31934
15740
43609
15741
31919
31936
15746
43613
15747
31797
31939
15750
43615
15751
31801
31940
31941
15754
43617
15755
31805
31942
31943
15758
43619
15759
31809
31944
31945
15762
43623
15763
31813
31946
31947
15766
43627
15767
31817
31948
31949
15770
43631
15771
31821
31950
31951
15774
43635
15775
31825
31952
31953
15778
43611
43639
15779
31937
31938
31955
15782
43643
15783
31957
15786
43647
15787
31959
15790
43651
15791
31960
31961
15794
43655
15795
31962
31963
15798
43659
15799
31964
31965
15802
43663
15803
31966
31967
15806
43667
15807
31968
31969
15810
43679
15811
31970
31971
15816
43681
43683
15817
31972
31973
31974
15820
43685
15821
31958
31976
15824
43687
15825
31978
15828
43689
15829
31979
31980
15832
43693
15833
31981
31982
15836
43697
15837
31983
31984
15840
43701
15841
31985
31986
15844
43705
15845
31987
31988
15848
43717
15849
31989
31990
15854
43719
43721
15855
31991
31992
31993
15858
43723
15859
31977
31995
15862
43725
15863
31997
15866
43727
15867
31998
31999
15870
43731
15871
32000
32001
15874
43735
15875
32002
32003
15878
43739
15879
32004
32005
15882
43743
15883
32006
32007
15886
43755
15887
32008
32009
15892
43757
43759
15893
32010
32011
32012
15896
43761
15897
31996
32014
15900
43763
15901
32016
15904
43765
15905
32017
32018
15908
43769
15909
32019
32020
15912
43773
15913
32021
32022
15916
43777
15917
32023
32024
15920
43781
15921
32025
32026
15924
43793
15925
32027
32028
15930
43795
43797
15931
32029
32030
32031
15934
43799
15935
32015
32033
15938
43801
15939
32035
15942
43803
15943
32036
32037
15946
43807
15947
32038
32039
15950
43811
15951
32040
32041
15954
43815
15955
32042
32043
15958
43819
15959
32044
32045
15962
43831
15963
32046
32047
15968
43833
43835
15969
32048
32049
32050
15972
43837
15973
32034
32052
15976
43839
15977
32054
15980
43841
15981
32055
32056
15984
43845
15985
32057
32058
15988
43849
15989
32059
32060
15992
43853
15993
32061
32062
15996
43857
15997
32063
32064
16000
43869
16001
32065
32066
16006
43871
43873
16007
32067
32068
32069
16010
43875
16011
32053
32071
16014
43877
16015
31827
32073
16018
43879
16019
31845
32074
32075
16022
43883
16023
31863
32076
32077
16026
43887
16027
31881
32078
32079
16030
43891
16031
31899
32080
32081
16034
43895
16035
31917
32082
32083
16038
43907
16039
31935
32084
32085
16044
43909
43911
16045
31954
32086
32087
32088
16048
43913
16049
32072
32090
16052
43951
16053
32092
16056
43949
16057
32094
16060
43947
16061
32095
32096
16064
43945
16065
32097
32098
16068
43927
16069
32099
32100
16072
43931
16073
32101
32102
16076
43935
16077
32103
32104
16080
43939
16081
32105
32106
16084
43943
16085
32107
32108
16088
43971
16089
32093
32110
16092
43969
16093
32112
16096
43967
16097
32113
32114
16100
43965
16101
32115
32116
16104
43955
16105
32117
32118
16108
43957
16109
32119
32120
16112
43959
16113
32121
32122
16116
43961
16117
32123
32124
16120
43963
16121
32125
32126
16124
44003
16125
32111
32128
11603
40957
11604
29868
11607
40955
11608
29869
29870
11611
40953
11612
29871
29872
11615
40943
11616
29873
29874
11619
40945
11620
29875
29876
11623
40947
11624
29877
29878
11627
40949
11628
29879
29880
11631
40951
11632
29881
29882
11635
40979
11636
29867
29884
11881
41099
11882
30006
30007
11999
41167
12000
30065
30066
12117
41235
12118
28742
30124
30125
12847
41613
12848
30490
12851
41611
12852
30491
30492
12855
41609
12856
30493
30494
12859
41599
12860
30495
30496
12863
41601
12864
30497
30498
12867
41603
12868
30499
30500
12871
41605
12872
30501
30502
12875
41607
12876
30503
30504
12879
41633
12880
30489
30506
13043
41699
13044
30587
30588
13079
41739
13080
30605
30606
13115
41767
13116
29399
30623
30624
13811
42129
13812
30972
13815
42127
13816
30973
30974
13819
42125
13820
30975
30976
13823
42115
13824
30977
30978
13827
42117
13828
30979
30980
13831
42119
13832
30981
30982
13835
42121
13836
30983
30984
13839
42123
13840
30985
30986
13843
42149
13844
30971
30988
14307
42769
14308
31219
31220
14007
42215
14008
31069
31070
14343
42787
14344
31237
31238
14043
42233
14044
31087
31088
14079
42467
14080
29883
31105
31106
14379
42805
14380
31255
31256
14415
42823
14416
30505
30987
31273
31274
16128
44001
16129
32130
16132
43999
16133
32131
32132
16136
43997
16137
32133
32134
16140
43979
16141
32135
32136
16144
43983
16145
32137
32138
16148
43987
16149
32139
32140
16152
43991
16153
32141
32142
16156
43995
16157
32143
32144
16160
44023
16161
32129
32146
9361
39755
9362
28747
9367
39753
9368
28748
28750
9373
39751
9374
28751
28753
9379
39691
9380
28754
28756
9385
39693
9386
28757
28759
9391
39695
9392
28760
28762
9397
39697
9398
28763
28765
9403
39699
9404
28766
28768
16312
44113
16313
32222
16316
44115
16317
32223
32224
16320
44117
16321
32225
32226
16324
44119
16325
32227
32228
16348
44131
16349
32240
16352
44133
16353
32241
32242
16356
44135
16357
32243
32244
16360
44137
16361
32245
32246
16384
44149
16385
28199
32258
16388
44153
16389
28608
32259
32260
16392
44157
16393
28667
32261
32262
16396
44161
16397
28726
32263
32264
16869
44705
16870
32500
16873
16874
32502
16877
16878
32504
16881
16882
32503
32506
16885
44959
16886
32508
16889
44957
16890
32507
32510
16893
44955
16894
32512
16897
44953
16898
32511
32514
16901
44951
16902
32516
16905
44949
16906
32515
32518
16909
44947
16910
32520
16913
44945
16914
32519
32522
16917
44553
16918
32524
16921
44555
16922
32523
32526
16925
44557
16926
32499
32528
16929
44559
16930
32527
32530
16933
44561
16934
32532
16937
44563
16938
32534
16941
44565
16942
32535
32536
16945
44567
16946
32537
32538
16949
44569
16950
32539
32540
16953
44571
16954
32541
32542
16957
44573
16958
32543
32544
16961
44575
16962
32545
32546
16965
44577
16966
32547
32548
16969
44579
16970
32533
32550
16973
44581
16974
32552
16977
44583
16978
32553
32554
16981
44585
16982
32555
32556
16985
44587
16986
32557
32558
16989
44589
16990
32559
32560
16993
44591
16994
32561
32562
16997
44593
16998
32563
32564
17001
44595
17002
32565
32566
17005
44597
17006
32551
32568
17009
44599
17010
32570
17013
44601
17014
32571
32572
17017
44603
17018
32573
32574
17021
44605
17022
32575
32576
17025
44607
17026
32577
32578
17029
44609
17030
32579
32580
17033
44611
17034
32581
32582
17037
44613
17038
32583
32584
17041
44615
17042
32569
32586
17045
44617
17046
32588
17049
44619
17050
32589
32590
17053
44621
17054
32591
32592
17057
44623
17058
32593
32594
17061
44625
17062
32595
32596
17065
44627
17066
32597
32598
17069
44629
17070
32599
32600
17073
44631
17074
32601
32602
17077
44633
17078
32587
32604
17081
44635
17082
32606
17085
44637
17086
32607
32608
17089
44639
17090
32609
32610
17093
44641
17094
32611
32612
17097
44643
17098
32613
32614
17101
44645
17102
32615
32616
17105
44647
17106
32617
32618
17109
44649
17110
32619
32620
17113
44651
17114
32605
32622
17117
44653
17118
32624
17121
44655
17122
32625
32626
17125
44657
17126
32627
32628
17129
44659
17130
32629
32630
17133
44661
17134
32631
32632
17137
44663
17138
32633
32634
17141
44665
17142
32635
32636
17145
44667
17146
32637
32638
17149
44669
17150
32623
32640
17155
44671
17156
32501
32643
17159
44673
17160
32505
32644
32645
17163
44675
17164
32509
32646
32647
17167
44677
17168
32513
32648
32649
17171
44679
17172
32517
32650
32651
17175
44681
17176
32521
32652
32653
17179
44683
17180
32525
32654
32655
17183
44685
17184
32529
32656
32657
17187
44695
44687
17188
32641
32642
32659
17191
44689
17192
32661
17195
44691
17196
32663
17199
44693
17200
32664
32665
17203
44697
17204
32666
32667
17207
44699
17208
32668
32669
17211
44701
17212
32670
32671
17215
44703
17216
32672
32673
17219
44719
17220
32674
32675
17225
44729
44721
17226
32676
32677
32678
17229
44723
17230
32662
32680
17233
44725
17234
32682
17237
44727
17238
32683
32684
17241
44731
17242
32685
32686
17245
44733
17246
32687
32688
17249
44735
17250
32689
32690
17253
44737
17254
32691
32692
17257
44749
17258
32693
32694
17263
44751
44753
17264
32695
32696
32697
17267
44755
17268
32681
32699
17271
44757
17272
32701
17275
44759
17276
32702
32703
17279
44763
17280
32704
32705
17283
44767
17284
32706
32707
17287
44771
17288
32708
32709
17291
44775
17292
32710
32711
17295
44787
17296
32712
32713
17301
44789
44791
17302
32714
32715
32716
17305
44793
17306
32700
32718
17309
44795
17310
32720
17313
44797
17314
32721
32722
17317
44801
17318
32723
32724
17321
44805
17322
32725
32726
17325
44809
17326
32727
32728
17329
44813
17330
32729
32730
17333
44825
17334
32731
32732
17339
44827
44829
17340
32733
32734
32735
17343
44831
17344
32719
32737
17347
44833
17348
32739
17351
44835
17352
32740
32741
17355
44839
17356
32742
32743
17359
44843
17360
32744
32745
17363
44847
17364
32746
32747
17367
44851
17368
32748
32749
17371
44863
17372
32750
32751
17377
44865
44867
17378
32752
32753
32754
17381
44869
17382
32738
32756
17385
44871
17386
32758
17389
44873
17390
32759
32760
17393
44877
17394
32761
32762
17397
44881
17398
32763
32764
17401
44885
17402
32765
32766
17405
44889
17406
32767
32768
17409
44901
17410
32769
32770
17415
44903
44905
17416
32771
32772
32773
17419
44907
17420
32757
32775
17423
44909
17424
32531
32777
17427
44911
17428
32549
32778
32779
17431
44915
17432
32567
32780
32781
17435
44919
17436
32585
32782
32783
17439
44923
17440
32603
32784
32785
17443
44927
17444
32621
32786
32787
17447
44939
17448
32639
32788
32789
17453
44963
44941
17454
32658
32790
32791
32792
17457
44943
17458
32776
32794
17461
44961
17462
32796
17465
44983
17466
32798
17469
44981
17470
32799
32800
17473
44979
17474
32801
32802
17477
44977
17478
32803
32804
17481
44975
17482
32805
32806
17485
44973
17486
32807
32808
17489
44971
17490
32809
32810
17493
44969
17494
32811
32812
17497
44999
17498
32797
32814
17501
45015
17502
32816
17505
45013
17506
32817
32818
17509
45011
17510
32819
32820
17513
45009
17514
32821
32822
17517
45007
17518
32823
32824
17521
45005
17522
32825
32826
17525
45003
17526
32827
32828
17529
45001
17530
32829
32830
17533
45017
17534
32815
32832
17537
45035
17538
32834
17541
45033
17542
32835
32836
17545
45031
17546
32837
32838
17549
45029
17550
32839
32840
17553
45027
17554
32841
32842
17557
45025
17558
32843
32844
17561
45023
17562
32845
32846
17565
45021
17566
32847
32848
17569
45053
17570
32833
32850
9407
39701
9408
28770
9411
39703
9412
28771
28772
9415
39705
9416
28773
28774
9419
39707
9420
28775
28776
9423
39709
9424
28777
28778
9427
39711
9428
28779
28780
9431
39713
9432
28781
28782
9435
39715
9436
28783
28784
9439
39717
9440
28786
9443
39719
9444
28787
28788
9447
39721
9448
28789
28790
9451
39723
9452
28791
28792
9455
39725
9456
28793
28794
9459
39727
9460
28795
28796
9463
39729
9464
28797
28798
9467
39749
9468
28799
28800
9473
39825
9474
28745
28803
11815
41065
11816
29972
29974
11933
41133
11934
30031
30033
12051
41201
12052
30090
30092
10671
40427
10672
29402
10675
40425
10676
29403
29404
10679
40423
10680
29405
29406
10683
40413
10684
29407
29408
10687
40415
10688
29409
29410
10691
40417
10692
29411
29412
10695
40419
10696
29413
29414
10699
40421
10700
29415
29416
10703
40465
10704
29401
29418
11853
41085
11854
29992
29993
11971
41153
11972
30051
30052
12089
41221
12090
30110
30111
11639
40977
11640
29886
11643
40975
11644
29887
29888
11647
40973
11648
29889
29890
11651
40963
11652
29891
29892
11655
40965
11656
29893
29894
11659
40967
11660
29895
29896
11663
40969
11664
29897
29898
11667
40971
11668
29899
29900
11671
40999
11672
29885
29902
11885
41101
11886
30008
30009
12003
41169
12004
30067
30068
12121
41237
12122
28801
30126
30127
17721
45147
17722
32926
17725
45149
17726
32927
32928
17729
45151
17730
32929
32930
17733
45153
17734
32931
32932
17757
45165
17758
32944
17761
45167
17762
32945
32946
17765
45169
17766
32947
32948
17769
45171
17770
32949
32950
17793
45185
17794
27833
32962
17797
45189
17798
28592
32963
32964
17801
45193
17802
28651
32965
32966
17805
45197
17806
28710
32967
32968
18258
45813
45875
18259
33194
18262
45873
18263
33196
18266
45871
18267
33198
18270
45869
18271
33197
33200
18274
45867
18275
33202
18278
45865
18279
33201
33204
18282
45863
18283
33206
18286
45861
18287
33205
33208
18290
45553
18291
33210
18294
45555
18295
33209
33212
18298
45557
18299
33214
18302
45559
18303
33213
33216
18306
45561
18307
33218
18310
45563
18311
33217
33220
18314
45565
18315
33193
33222
18318
45567
18319
33221
33224
18322
45569
18323
33226
18326
45571
18327
33228
18330
45573
18331
33229
33230
18334
45575
18335
33231
33232
18338
45577
18339
33233
33234
18342
45579
18343
33235
33236
18346
45581
18347
33237
33238
18350
45583
18351
33239
33240
18354
45585
18355
33241
33242
18358
45587
18359
33227
33244
18362
45589
18363
33246
18366
45591
18367
33247
33248
18370
45593
18371
33249
33250
18374
45595
18375
33251
33252
18378
45597
18379
33253
33254
18382
45599
18383
33255
33256
18386
45601
18387
33257
33258
18390
45603
18391
33259
33260
18394
45605
18395
33245
33262
18398
45607
18399
33264
18402
45609
18403
33265
33266
18406
45611
18407
33267
33268
18410
45613
18411
33269
33270
18414
45615
18415
33271
33272
18418
45617
18419
33273
33274
18422
45619
18423
33275
33276
18426
45621
18427
33277
33278
18430
45623
18431
33263
33280
18434
45625
18435
33282
49144
18438
45627
18439
33283
33284
18442
45629
18443
33285
33286
18446
45631
18447
33287
33288
18450
45633
18451
33289
33290
18454
45635
18455
33291
33292
18458
45637
18459
33293
33294
18462
45639
18463
33295
33296
18466
45641
18467
33281
33298
18470
45643
18471
33300
18474
45645
18475
33301
33302
18478
45647
18479
33303
33304
18482
45649
18483
33305
33306
18486
45651
18487
33307
33308
18490
45653
18491
33309
33310
18494
45655
18495
33311
33312
18498
45657
18499
33313
33314
18502
45659
18503
33299
33316
18506
45661
18507
33318
49146
18510
45663
18511
33319
33320
18514
45665
18515
33321
33322
18518
45667
18519
33323
33324
18522
45669
18523
33325
33326
18526
45671
18527
33327
33328
18530
45673
18531
33329
33330
18534
45675
18535
33331
33332
18538
45677
18539
33317
33334
18544
45679
18545
33195
33337
18548
45681
18549
33199
33338
33339
18552
45683
18553
33203
33340
33341
18556
45685
18557
33207
33342
33343
18560
45687
18561
33211
33344
33345
18564
45689
18565
33215
33346
33347
18568
45691
18569
33219
33348
33349
18572
45693
18573
33223
33350
33351
18576
45805
45695
18577
33335
33336
33353
18580
45697
18581
33355
18584
45699
18585
33357
18588
45701
18589
33358
33359
18592
45703
18593
33360
33361
18596
45705
18597
33362
33363
18600
45707
18601
33364
33365
18604
45709
18605
33366
33367
18608
45711
18609
33368
33369
18614
45789
45713
18615
33370
33371
33372
18618
45715
18619
33356
33374
18622
45717
18623
33376
18626
45719
18627
33377
33378
18630
45721
18631
33379
33380
18634
45723
18635
33381
33382
18638
45725
18639
33383
33384
18642
45727
18643
33385
33386
18646
45729
18647
33387
33388
18652
45783
45731
18653
33389
33390
33391
18656
45733
18657
33375
33393
18660
45735
18661
33395
18664
45737
18665
33396
33397
18668
45739
18669
33398
33399
18672
45741
18673
33400
33401
18676
45743
18677
33402
33403
18680
45745
18681
33404
33405
18684
45747
18685
33406
33407
18690
45765
45749
18691
33408
33409
33410
18694
45751
18695
33394
33412
18698
45753
18699
33414
18702
45755
18703
33415
33416
18706
45757
18707
33417
33418
18710
45759
18711
33419
33420
18714
45761
18715
33421
33422
18718
45763
18719
33423
33424
18722
45767
18723
33425
33426
18728
45773
45769
18729
33427
33428
33429
18732
45771
18733
33413
33431
18736
45775
18737
33433
18740
45777
18741
33434
33435
18744
45779
18745
33436
33437
18748
45781
18749
33438
33439
18752
45785
18753
33440
33441
18756
45787
18757
33442
33443
18760
45791
18761
33444
33445
18766
45795
45793
18767
33446
33447
33448
18770
45797
18771
33432
33450
18774
45799
18775
33452
18778
45801
18779
33453
33454
18782
45803
18783
33455
33456
18786
45807
18787
33457
33458
18790
45809
18791
33459
33460
18794
45811
18795
33461
33462
18798
45825
18799
33463
33464
18804
45835
45827
18805
33465
33466
33467
18808
45829
18809
33451
33469
18812
45831
18813
33225
33471
18816
45833
18817
33243
33472
33473
18820
45837
18821
33261
33474
33475
18824
45839
18825
33279
33476
33477
18828
45841
18829
33297
33478
33479
18832
45843
18833
33315
33480
33481
18836
45855
18837
33333
33482
33483
18842
45877
45857
18843
33352
33484
33485
33486
18846
45859
18847
33470
33488
18850
45933
18851
33490
18854
45949
18855
33492
18858
45947
18859
33493
33494
18862
45945
18863
33495
33496
18866
45943
18867
33497
33498
18870
45941
18871
33499
33500
18874
45939
18875
33501
33502
18878
45937
18879
33503
33504
18882
45935
18883
33505
33506
18886
45951
18887
33491
33508
18890
45967
18891
33510
18894
45965
18895
33511
33512
18898
45963
18899
33513
33514
18902
45961
18903
33515
33516
18906
45959
18907
33517
33518
18910
45957
18911
33519
33520
18914
45955
18915
33521
33522
18918
45953
18919
33523
33524
18922
45987
18923
33509
33526
18926
46003
18927
33528
18930
46001
18931
33529
33530
18934
45999
18935
33531
33532
18938
45997
18939
33533
33534
18942
45995
18943
33535
33536
18946
45993
18947
33537
33538
18950
45991
18951
33539
33540
18954
45989
18955
33541
33542
18958
46005
18959
33527
33544
12883
41631
12884
30508
12887
41629
12888
30509
30510
12891
41627
12892
30511
30512
12895
41617
12896
30513
30514
12899
41619
12900
30515
30516
12903
41621
12904
30517
30518
12907
41623
12908
30519
30520
12911
41625
12912
30521
30522
12915
41651
12916
30507
30524
13047
41701
13048
30589
30590
13083
41743
13084
30607
30608
13119
41769
13120
29417
30625
30626
13847
42147
13848
30990
13851
42145
13852
30991
30992
13855
42143
13856
30993
30994
13859
42133
13860
30995
30996
13863
42135
13864
30997
30998
13867
42137
13868
30999
31000
13871
42139
13872
31001
31002
13875
42141
13876
31003
31004
13879
42167
13880
30989
31006
14311
42771
14312
31221
31222
14011
42217
14012
31071
31072
14347
42789
14348
31239
31240
14047
42359
14048
31089
31090
14083
42469
14084
29901
31107
31108
14383
42807
14384
31257
31258
14419
42825
14420
30523
31005
31275
31276
16164
44021
16165
32148
16168
44019
16169
32149
32150
16172
44017
16173
32151
32152
16176
44007
16177
32153
32154
16180
44009
16181
32155
32156
16184
44011
16185
32157
32158
16188
44013
16189
32159
32160
16192
44015
16193
32161
32162
16196
44055
16197
32147
32164
16328
44121
16329
32229
32230
16364
44139
16365
32247
32248
16400
44165
16401
28785
32265
32266
17573
45069
17574
32852
17577
45067
17578
32853
32854
17581
45065
17582
32855
32856
17585
45063
17586
32857
32858
17589
45061
17590
32859
32860
17593
45059
17594
32861
32862
17597
45057
17598
32863
32864
17601
45055
17602
32865
32866
17605
45071
17606
32851
32868
17737
45155
17738
32933
32934
17773
45173
17774
32951
32952
17809
45201
17810
28769
32969
32970
19110
46099
19111
33620
19114
46101
19115
33621
33622
19118
46103
19119
33623
33624
19122
46105
19123
33625
33626
19146
46117
19147
33638
19150
46119
19151
33639
33640
19154
46121
19155
33641
33642
19158
46123
19159
33643
33644
19182
46139
19183
32091
33656
19186
46143
19187
32109
33657
33658
19190
46147
19191
32127
33659
33660
19194
46151
19195
32145
33661
33662
19575
46801
46765
19576
33852
19579
46763
19580
33854
19583
46761
19584
33856
19587
46759
19588
33855
33858
19591
46757
19592
33860
19595
46755
19596
33859
33862
19599
46753
19600
33864
19603
46751
19604
33863
33866
19607
46479
19608
33868
19611
46481
19612
33867
33870
19615
46483
19616
33872
19619
46485
19620
33871
33874
19623
46487
19624
33876
19627
46489
19628
33875
33878
19631
46491
19632
33851
33880
19635
46493
19636
33879
33882
19639
46495
19640
33884
49148
19643
46497
19644
33886
49150
19647
46499
19648
33887
33888
19651
46501
19652
33889
33890
19655
46503
19656
33891
33892
19659
46505
19660
33893
33894
19663
46507
19664
33895
33896
19667
46509
19668
33897
33898
19671
46511
19672
33899
33900
19675
46513
19676
33885
33902
19679
46515
19680
33904
19683
46517
19684
33905
33906
19687
46519
19688
33907
33908
19691
46521
19692
33909
33910
19695
46523
19696
33911
33912
19699
46525
19700
33913
33914
19703
46527
19704
33915
33916
19707
46529
19708
33917
33918
19711
46531
19712
33903
33920
19715
46533
19716
33922
49152
19719
46535
19720
33923
33924
19723
46537
19724
33925
33926
19727
46539
19728
33927
33928
19731
46541
19732
33929
33930
19735
46543
19736
33931
33932
19739
46545
19740
33933
33934
19743
46547
19744
33935
33936
19747
46549
19748
33921
33938
19751
46551
19752
33940
19755
46553
19756
33941
33942
19759
46555
19760
33943
33944
19763
46557
19764
33945
33946
19767
46559
19768
33947
33948
19771
46561
19772
33949
33950
19775
46563
19776
33951
33952
19779
46565
19780
33953
33954
19783
46567
19784
33939
33956
19787
46569
19788
33958
49154
19791
46571
19792
33959
33960
19795
46573
19796
33961
33962
19799
46575
19800
33963
33964
19803
46577
19804
33965
33966
19807
46579
19808
33967
33968
19811
46581
19812
33969
33970
19815
46583
19816
33971
33972
19819
46585
19820
33957
33974
19823
46587
19824
33976
19827
46589
19828
33977
33978
19831
46591
19832
33979
33980
19835
46593
19836
33981
33982
19839
46595
19840
33983
33984
19843
46597
19844
33985
33986
19847
46599
19848
33987
33988
19851
46601
19852
33989
33990
19855
46603
19856
33975
33992
19861
46605
19862
33853
33995
49156
49158
49160
49162
19865
46607
19866
33857
33996
33997
19869
46609
19870
33861
33998
33999
19873
46611
19874
33865
34000
34001
19877
46613
19878
33869
34002
34003
19881
46615
19882
33873
34004
34005
19885
46617
19886
33877
34006
34007
19889
46619
19890
33881
34008
34009
19893
46799
46621
19894
33993
33994
34011
19897
46623
19898
34013
19901
46625
19902
34015
19905
46627
19906
34016
34017
19909
46629
19910
34018
34019
19913
46631
19914
34020
34021
19917
46633
19918
34022
34023
19921
46635
19922
34024
34025
19925
46637
19926
34026
34027
19931
46797
46639
19932
34028
34029
34030
19935
46641
19936
34014
34032
19939
46643
19940
34034
19943
46645
19944
34035
34036
19947
46647
19948
34037
34038
19951
46649
19952
34039
34040
19955
46651
19956
34041
34042
19959
46653
19960
34043
34044
19963
46655
19964
34045
34046
19969
46795
46657
19970
34047
34048
34049
19973
46659
19974
34033
34051
19977
46661
19978
34053
19981
46663
19982
34054
34055
19985
46665
19986
34056
34057
19989
46667
19990
34058
34059
19993
46669
19994
34060
34061
19997
46671
19998
34062
34063
20001
46673
20002
34064
34065
20007
46793
46675
20008
34066
34067
34068
20011
46677
20012
34052
34070
20015
46679
20016
34072
20019
46681
20020
34073
34074
20023
46683
20024
34075
34076
20027
46685
20028
34077
34078
20031
46687
20032
34079
34080
20035
46689
20036
34081
34082
20039
46691
20040
34083
34084
20045
46791
46693
20046
34085
34086
34087
20049
46695
20050
34071
34089
20053
46697
20054
34091
20057
46699
20058
34092
34093
20061
46701
20062
34094
34095
20065
46703
20066
34096
34097
20069
46705
20070
34098
34099
20073
46707
20074
34100
34101
20077
46709
20078
34102
34103
20083
46789
46711
20084
34104
34105
34106
20087
46713
20088
34090
34108
20091
46715
20092
34110
20095
46717
20096
34111
34112
20099
46719
20100
34113
34114
20103
46721
20104
34115
34116
20107
46723
20108
34117
34118
20111
46725
20112
34119
34120
20115
46727
20116
34121
34122
20121
46787
46729
20122
34123
34124
34125
20125
46731
20126
34109
34127
20129
46733
20130
33883
34129
20133
46735
20134
33901
34130
34131
20137
46737
20138
33919
34132
34133
20141
46739
20142
33937
34134
34135
20145
46741
20146
33955
34136
34137
20149
46743
20150
33973
34138
34139
20153
46745
20154
33991
34140
34141
20159
46785
46747
20160
34010
34142
34143
34144
20163
46749
20164
34128
34146
20167
46767
20168
34148
20171
46783
20172
34150
20175
46781
20176
34151
34152
20179
46779
20180
34153
34154
20183
46777
20184
34155
34156
20187
46775
20188
34157
34158
20191
46773
20192
34159
34160
20195
46771
20196
34161
34162
20199
46769
20200
34163
34164
20203
46821
20204
34149
34166
20207
46837
20208
34168
20211
46835
20212
34169
34170
20215
46833
20216
34171
34172
20219
46831
20220
34173
34174
20223
46829
20224
34175
34176
20227
46827
20228
34177
34178
20231
46825
20232
34179
34180
20235
46823
20236
34181
34182
20239
46839
20240
34167
34184
20243
46855
20244
34186
20247
46853
20248
34187
34188
20251
46851
20252
34189
34190
20255
46849
20256
34191
34192
20259
46847
20260
34193
34194
20263
46845
20264
34195
34196
20267
46843
20268
34197
34198
20271
46841
20272
34199
34200
20275
46875
20276
34185
34202
18962
46021
18963
33546
18966
46019
18967
33547
33548
18970
46017
18971
33549
33550
18974
46015
18975
33551
33552
18978
46013
18979
33553
33554
18982
46011
18983
33555
33556
18986
46009
18987
33557
33558
18990
46007
18991
33559
33560
18994
46041
18995
33545
33562
19126
46107
19127
33627
33628
19162
46125
19163
33645
33646
19198
46155
19199
32163
33663
33664
20279
46891
20280
34204
20283
46889
20284
34205
34206
20287
46887
20288
34207
34208
20291
46885
20292
34209
34210
20295
46883
20296
34211
34212
20299
46881
20300
34213
34214
20303
46879
20304
34215
34216
20307
46877
20308
34217
34218
20311
46893
20312
34203
34220
9479
39823
9480
28806
9485
39821
9486
28807
28809
9491
39819
9492
28810
28812
9497
39759
9498
28813
28815
9503
39761
9504
28816
28818
9509
39763
9510
28819
28821
9515
39765
9516
28822
28824
9521
39767
9522
28825
28827
9525
39769
9526
28829
9529
39771
9530
28830
28831
9533
39773
9534
28832
28833
9537
39775
9538
28834
28835
9541
39777
9542
28836
28837
9545
39779
9546
28838
28839
9549
39781
9550
28840
28841
9553
39783
9554
28842
28843
20427
46951
20428
34278
20431
46953
20432
34279
34280
20435
46955
20436
34281
34282
20439
46957
20440
34283
34284
20443
46959
20444
34285
34286
20463
46969
20464
34296
20467
46971
20468
34297
34298
20471
46973
20472
34299
34300
20475
46975
20476
34301
34302
20479
46977
20480
34303
34304
20499
46993
20500
32795
34314
20503
46997
20504
32813
34315
34316
20507
47001
20508
32831
34317
34318
20511
47005
20512
32849
34319
34320
20515
47009
20516
32867
34321
34322
20860
47827
47615
20861
27033
34494
20864
47613
20865
34496
20868
47611
20869
27063
34498
20872
47609
20873
34497
34500
20876
47607
20877
27093
34502
20880
47605
20881
34501
34504
20884
47603
20885
27123
34506
20888
47601
20889
34505
34508
20892
47329
20893
27153
34510
20896
47331
20897
34509
34512
20900
47333
20901
27183
34514
49164
49166
49168
49170
49172
49174
49176
49178
49180
49182
49184
49186
49188
49190
49192
49194
49196
20904
47335
20905
34513
34516
20908
47337
20909
27213
34518
20912
47339
20913
34517
34520
20916
47341
20917
27243
34493
34522
20920
47343
20921
27270
34521
34524
20924
47345
20925
34526
20928
47347
20929
34528
49198
20932
47349
20933
34529
34530
20936
47351
20937
34531
34532
20940
47353
20941
34533
34534
20944
47355
20945
34535
34536
20948
47357
20949
34537
34538
20952
47359
20953
34539
34540
20956
47361
20957
27321
34541
34542
20960
47363
20961
34527
34544
20964
47365
20965
34546
20968
47367
20969
34547
34548
20972
47369
20973
34549
34550
20976
47371
20977
34551
34552
20980
47373
20981
34553
34554
20984
47375
20985
34555
34556
20988
47377
20989
34557
34558
20992
47379
20993
27372
34559
34560
20996
47381
20997
34545
34562
21000
47383
21001
34564
21004
47385
21005
34565
34566
21008
47387
21009
34567
34568
21012
47389
21013
34569
34570
21016
47391
21017
34571
34572
21020
47393
21021
34573
34574
21024
47395
21025
34575
34576
21028
47397
21029
27423
34577
34578
21032
47399
21033
34563
34580
21036
47401
21037
34582
49200
21040
47403
21041
34583
34584
21044
47405
21045
34585
34586
21048
47407
21049
34587
34588
21052
47409
21053
34589
34590
21056
47411
21057
34591
34592
21060
47413
21061
34593
34594
21064
47415
21065
27474
34595
34596
21068
47417
21069
34581
34598
21072
47419
21073
34600
21076
47421
21077
34601
34602
21080
47423
21081
34603
34604
21084
47425
21085
34605
34606
21088
47427
21089
34607
34608
21092
47429
21093
34609
34610
21096
47431
21097
34611
34612
21100
47433
21101
27525
34613
34614
21104
47435
21105
34599
34616
21108
47437
21109
34618
49202
21112
47439
21113
34619
34620
21116
47441
21117
34621
34622
21120
47443
21121
34623
34624
21124
47445
21125
34625
34626
21128
47447
21129
34627
34628
21132
47449
21133
34629
34630
21136
47451
21137
27576
34631
34632
21140
47453
21141
34617
34634
21146
47455
21147
34495
34637
21150
47457
21151
34499
34638
34639
21154
47459
21155
34503
34640
34641
21158
47461
21159
34507
34642
34643
21162
47463
21163
34511
34644
34645
21166
47465
21167
34515
34646
34647
21170
47467
21171
34519
34648
34649
21174
47469
21175
27628
34523
34650
34651
21178
47825
47471
21179
34635
34636
34653
21182
47473
21183
34655
21186
47475
21187
34657
21190
47477
21191
34658
34659
21194
47479
21195
34660
34661
21198
47481
21199
34662
34663
21202
47483
21203
34664
34665
21206
47485
21207
34666
34667
21210
47487
21211
34668
34669
21216
47821
47489
21217
34670
34671
34672
21220
47491
21221
34656
34674
21224
47493
21225
34676
21228
47495
21229
34677
34678
21232
47497
21233
34679
34680
21236
47499
21237
34681
34682
21240
47501
21241
34683
34684
21244
47503
21245
34685
34686
21248
47505
21249
34687
34688
21254
47819
47507
21255
34689
34690
34691
21258
47509
21259
34675
34693
21262
47511
21263
34695
21266
47513
21267
34696
34697
21270
47515
21271
34698
34699
21274
47517
21275
34700
34701
21278
47519
21279
34702
34703
21282
47521
21283
34704
34705
21286
47523
21287
34706
34707
21292
47815
47525
21293
34708
34709
34710
21296
47527
21297
34694
34712
21300
47529
21301
34714
21304
47531
21305
34715
34716
21308
47533
21309
34717
34718
21312
47535
21313
34719
34720
21316
47537
21317
34721
34722
21320
47539
21321
34723
34724
21324
47541
21325
34725
34726
21330
47811
47543
21331
34727
34728
34729
21334
47545
21335
34713
34731
21338
47547
21339
34733
21342
47549
21343
34734
34735
21346
47551
21347
34736
34737
21350
47553
21351
34738
34739
21354
47555
21355
34740
34741
21358
47557
21359
34742
34743
21362
47559
21363
34744
34745
21368
47809
47561
21369
34746
34747
34748
21372
47563
21373
34732
34750
21376
47565
21377
34752
21380
47567
21381
34753
34754
21384
47569
21385
34755
34756
21388
47571
21389
34757
34758
21392
47573
21393
34759
34760
21396
47575
21397
34761
34762
21400
47577
21401
34763
34764
21406
47807
47579
21407
34765
34766
34767
21410
47581
21411
34751
34769
21414
47583
21415
34525
34771
21418
47585
21419
34543
34772
34773
21422
47587
21423
34561
34774
34775
21426
47589
21427
34579
34776
34777
21430
47591
21431
34597
34778
34779
21434
47593
21435
34615
34780
34781
21438
47595
21439
34633
34782
34783
21444
47801
47597
21445
34652
34784
34785
34786
21448
47599
21449
34770
34788
21452
47617
21453
34790
21456
47633
21457
34792
21460
47631
21461
34793
34794
21464
47629
21465
34795
34796
21468
47627
21469
34797
34798
21472
47625
21473
34799
34800
21476
47623
21477
34801
34802
21480
47621
21481
34803
34804
21484
47619
21485
34805
34806
21488
47635
21489
34791
34808
21492
47651
21493
34810
21496
47649
21497
34811
34812
21500
47647
21501
34813
34814
21504
47645
21505
34815
34816
21508
47643
21509
34817
34818
21512
47641
21513
34819
34820
21516
47639
21517
34821
34822
21520
47637
21521
34823
34824
21524
47653
21525
34809
34826
21528
47669
21529
34828
21532
47667
21533
34829
34830
21536
47665
21537
34831
34832
21540
47663
21541
34833
34834
21544
47661
21545
34835
34836
21548
47659
21549
34837
34838
21552
47657
21553
34839
34840
21556
47655
21557
34841
34842
21560
47671
21561
34827
34844
21564
47687
21565
34846
21568
47685
21569
34847
34848
21572
47683
21573
34849
34850
21576
47681
21577
34851
34852
21580
47679
21581
34853
34854
21584
47677
21585
34855
34856
21588
47675
21589
34857
34858
21592
47673
21593
34859
34860
21596
47689
21597
34845
34862
9557
39785
9558
28845
9561
39787
9562
28846
28847
9565
39789
9566
28848
28849
9569
39791
9570
28850
28851
9573
39793
9574
28852
28853
9577
39795
9578
28854
28855
9581
39797
9582
28856
28857
9585
39817
9586
28858
28859
9591
39893
9592
28804
28862
11821
41069
11822
29975
29977
11939
41137
11940
30034
30036
12057
41205
12058
30093
30095
10707
40463
10708
29420
10711
40461
10712
29421
29422
10715
40459
10716
29423
29424
10719
40449
10720
29425
29426
10723
40451
10724
29427
29428
10727
40453
10728
29429
29430
10731
40455
10732
29431
29432
10735
40457
10736
29433
29434
10739
40501
10740
29419
29436
11857
41087
11858
29994
29995
11975
41155
11976
30053
30054
12093
41223
12094
30112
30113
11675
40997
11676
29904
11679
40995
11680
29905
29906
11683
40993
11684
29907
29908
11687
40983
11688
29909
29910
11691
40985
11692
29911
29912
11695
40987
11696
29913
29914
11699
40989
11700
29915
29916
11703
40991
11704
29917
29918
11707
41019
11708
29903
29920
11889
41103
11890
30010
30011
12007
41171
49147
12008
30069
30070
12125
41239
49145
12126
28860
30128
30129
21712
47747
21713
34920
21716
47749
21717
34921
34922
21720
47751
21721
34923
34924
21724
47753
21725
34925
34926
21728
47755
21729
34927
34928
21748
47765
21749
34938
21752
47767
21753
34939
34940
21756
47769
21757
34941
34942
21760
47771
21761
34943
34944
21764
47773
21765
34945
34946
21784
47783
21785
33489
34956
21788
47785
21789
33507
34957
34958
21792
47787
21793
33525
34959
34960
21796
47789
21797
33543
34961
34962
21800
47791
21801
33561
34963
34964
22141
48113
22142
35134
49204
22145
48115
22146
35135
35136
22149
48117
22150
35137
35138
22153
48119
22154
35139
35140
22157
48121
22158
35141
35142
22177
48131
22178
35152
49206
22181
48133
22182
35153
35154
22185
48135
22186
35155
35156
22189
48137
22190
35157
35158
22193
48139
22194
35159
35160
22213
48149
22214
35170
49208
22217
48151
22218
35171
35172
22221
48153
22222
35173
35174
22225
48155
22226
35175
35176
22229
48157
22230
35177
35178
22249
48167
22250
34147
34789
35188
49210
22253
48169
22254
34165
34807
35189
35190
22257
48171
22258
34183
34825
35191
35192
22261
48173
22262
34201
34843
35193
35194
22265
48175
22266
34219
34861
35195
35196
12919
41649
12920
30526
49212
49214
49216
49218
49220
49222
49224
12923
41647
12924
30527
30528
12927
41645
12928
30529
30530
12931
41635
12932
30531
30532
12935
41637
12936
30533
30534
12939
41639
12940
30535
30536
12943
41641
12944
30537
30538
12947
41643
12948
30539
30540
12951
41669
12952
30525
30542
13051
41703
13052
30591
30592
13087
41747
13088
30609
30610
13123
41771
13124
29435
30627
30628
13883
42165
13884
31008
13887
42163
13888
31009
31010
13891
42161
13892
31011
31012
13895
42151
13896
31013
31014
13899
42153
13900
31015
31016
13903
42155
13904
31017
31018
13907
42157
13908
31019
31020
13911
42159
13912
31021
31022
13915
42185
13916
31007
31024
14315
42773
14316
31223
31224
14015
42219
14016
31073
31074
14351
42791
14352
31241
31242
14051
42375
14052
31091
31092
14087
42471
14088
29919
31109
31110
14387
42809
14388
31259
31260
14423
42827
14424
30541
31023
31277
31278
16200
44053
16201
32166
16204
44051
16205
32167
32168
16208
44049
16209
32169
32170
16212
44031
16213
32171
32172
16216
44035
16217
32173
32174
16220
44039
16221
32175
32176
16224
44043
16225
32177
32178
16228
44047
16229
32179
32180
16232
44075
16233
32165
32182
16332
44123
16333
32231
32232
16368
44141
16369
32249
32250
16404
44169
16405
28844
32267
32268
17609
45087
17610
32870
17613
45085
17614
32871
32872
17617
45083
17618
32873
32874
17621
45081
17622
32875
32876
17625
49163
45079
17626
32877
32878
17629
49161
45077
17630
32879
32880
17633
49159
45075
17634
32881
32882
17637
49157
45073
17638
32883
32884
17641
45107
49155
17642
32869
32886
17741
45157
49226
49153
17742
32935
32936
17777
45175
49228
49151
17778
32953
32954
17813
45205
49230
49149
17814
28828
32971
32972
18998
46057
18999
33564
49232
49234
19002
46055
19003
33565
33566
19006
46053
19007
33567
33568
19010
46051
19011
33569
33570
19014
46049
19015
33571
33572
19018
46047
19019
33573
33574
19022
46045
19023
33575
33576
19026
46043
19027
33577
33578
19030
46059
19031
33563
33580
19130
46109
19131
33629
33630
19166
46127
19167
33647
33648
19202
46159
19203
32181
33665
33666
20315
46909
20316
34222
20319
46907
20320
34223
34224
20323
46905
20324
34225
34226
20327
46903
20328
34227
34228
20331
46901
20332
34229
34230
20335
46899
20336
34231
34232
20339
46897
20340
34233
34234
20343
46895
20344
34235
34236
20347
46911
49203
20348
34221
34238
20447
46961
49201
20448
34287
34288
20483
46979
49236
49199
20484
34305
34306
20519
47013
49238
49197
20520
32885
34323
34324
21600
47705
21601
34864
49240
49242
21604
47703
21605
34865
34866
21608
47701
21609
34867
34868
21612
47699
21613
34869
34870
21616
47697
21617
34871
34872
21620
47695
21621
34873
34874
21624
47693
21625
34875
34876
21628
47691
21629
34877
34878
21632
47707
21633
34863
34880
22161
48123
22162
35143
35144
21732
47757
21733
34929
34930
22197
48141
22198
35161
35162
21768
47775
21769
34947
34948
21804
47793
21805
33579
34965
34966
22233
48159
22234
35179
35180
22269
48177
22270
34237
34879
35197
35198
9597
49195
39891
9598
28865
9603
49193
39889
9604
28866
28868
9609
49191
39887
9610
28869
28871
9615
49189
39827
9616
28872
28874
9621
49187
39829
9622
28875
28877
9627
49185
39831
9628
28878
28880
9633
49183
39833
9634
28881
28883
9639
49181
39835
9640
28884
28886
9715
39963
9716
27634
28924
9721
39961
9722
27662
28925
28927
9727
39959
9728
27690
28928
28930
9733
39957
9734
27718
28931
28933
9739
39953
9740
27746
28934
28936
9745
39951
9746
27774
28937
28939
9751
39949
9752
27802
28940
28942
9757
39947
9758
27830
28943
28945
9643
49179
39837
9644
28888
9647
49177
39839
9648
28889
28890
9651
49175
39841
9652
28891
28892
9655
49173
39843
9656
28893
28894
9659
49171
39845
9660
28895
28896
9663
49169
39847
9664
28897
28898
9667
49167
39849
9668
28899
28900
9671
49165
39851
9672
28901
28902
9761
39945
9762
28064
28947
9765
39943
9766
28083
28948
28949
9769
39941
9770
28102
28950
28951
9773
39939
9774
28121
28952
28953
9777
39897
9778
28140
28954
28955
9781
39899
9782
28159
28956
28957
9785
39901
9786
28178
28958
28959
9789
39903
9790
28197
28960
28961
9675
39853
9676
28904
9679
39855
9680
28905
28906
9683
39857
9684
28907
28908
9687
39859
9688
28909
28910
9691
39861
9692
28911
28912
9695
39863
9696
28913
28914
9699
39865
9700
28915
28916
9703
39885
9704
28917
28918
9709
39895
9710
28863
28921
11827
41073
11828
29978
29980
11945
41141
11946
30037
30039
12063
41209
12064
30096
30098
9793
39905
9794
28430
28963
9797
39907
9798
28449
28964
28965
9801
39909
9802
28468
28966
28967
9805
39911
9806
28487
28968
28969
9809
39913
9810
28506
28970
28971
9813
39915
9814
28525
28972
28973
9817
39917
9818
28544
28974
28975
9821
39937
9822
28563
28976
28977
9827
39955
9828
28922
28980
11833
41075
11834
29981
29983
11951
41143
11952
30040
30042
12069
41211
12070
30099
30101
10743
40499
10744
29438
10747
40497
10748
29439
29440
10751
40495
10752
29441
29442
10755
40485
10756
29443
29444
10759
40487
10760
29445
29446
10763
40489
10764
29447
29448
10767
40491
10768
29449
29450
10771
40493
10772
29451
29452
10775
40537
10776
29437
29454
11861
41089
11862
29996
29997
11979
41157
11980
30055
30056
12097
41225
12098
30114
30115
10779
40535
10780
29210
29456
10783
40533
10784
29229
29457
29458
10787
40531
10788
29248
29459
29460
10791
40521
10792
29267
29461
29462
10795
40523
10796
29286
29463
29464
10799
40525
10800
29305
29465
29466
10803
40527
10804
29324
29467
29468
10807
40529
10808
29343
29469
29470
10811
40539
10812
29455
29472
11865
41091
11866
29998
29999
11983
41159
11984
30057
30058
12101
41227
12102
30116
30117
11711
41017
11712
29922
11715
41015
11716
29923
29924
11719
49225
41013
11720
29925
29926
11723
49223
41003
11724
29927
29928
11727
49221
41005
11728
29929
29930
11731
49219
41007
11732
29931
29932
11735
49217
41009
11736
29933
29934
11739
49215
41011
11740
29935
29936
11743
41037
49211
11744
29921
29938
11893
41105
49209
11894
30012
30013
12011
41173
49207
12012
30071
30072
12129
41241
49205
12130
28919
30130
30131
11747
41035
11748
29694
29940
11751
41033
11752
29713
29941
29942
11755
41031
11756
29732
29943
29944
11759
41021
11760
29751
29945
29946
11763
41023
11764
29770
29947
29948
11767
41025
11768
29789
29949
29950
11771
41027
11772
29808
29951
29952
11775
41029
11776
29827
29953
29954
11779
41041
11780
29939
29956
11897
41109
11898
30014
30015
12015
41177
12016
30073
30074
12133
41245
12134
28978
30132
30133
11785
41045
11786
29959
11903
41113
11904
29960
30018
12021
41181
12022
30019
30077
12139
41247
12140
30078
30136
14111
42531
14112
31122
14117
42549
14118
31123
31125
14123
42569
14124
31126
31128
14129
42571
14130
31129
31131
14173
42653
14174
31153
14179
42681
14180
31154
31156
14185
42705
14186
31157
31159
14191
42707
14192
31160
31162
14235
42731
14236
31184
14241
42735
14242
31185
31187
14247
42739
14248
31188
31190
14253
42741
14254
31191
31193
12955
49213
41667
12956
30544
12959
41665
12960
30545
30546
12963
41663
12964
30547
30548
12967
41653
12968
30549
30550
12971
41655
12972
30551
30552
12975
41657
12976
30553
30554
12979
41659
12980
30555
30556
12983
41661
12984
30557
30558
12987
41687
12988
30543
30560
13055
41715
13056
30593
30594
13091
41751
13092
30611
30612
13127
41773
13128
29453
30629
30630
12991
41685
12992
30316
30562
12995
41683
12996
30335
30563
30564
12999
41681
13000
30354
30565
30566
13003
41671
13004
30373
30567
30568
13007
41673
13008
30392
30569
30570
13011
41675
13012
30411
30571
30572
13015
41677
13016
30430
30573
30574
13019
41679
13020
30449
30575
30576
13023
41689
13024
30561
30578
13059
41719
13060
30595
30596
13095
41755
13096
30613
30614
13131
41777
13132
29471
30631
30632
13027
41691
13028
30580
13063
41723
13064
30581
30598
13099
41759
13100
30599
30616
13135
41779
13136
30617
30634
14133
42573
14134
31133
14137
42575
14138
31134
31135
14141
42577
14142
31136
31137
14145
42579
14146
31138
31139
14195
42709
14196
31164
14199
42711
14200
31165
31166
14203
42713
14204
31167
31168
14207
42715
14208
31169
31170
14257
42743
14258
31195
14261
42745
14262
31196
31197
14265
42747
14266
31198
31199
14269
42749
14270
31200
31201
13919
42183
13920
31026
13923
42181
13924
31027
31028
13927
42179
13928
31029
31030
13931
42169
13932
31031
31032
13935
42171
13936
31033
31034
13939
42173
13940
31035
31036
13943
42175
13944
31037
31038
13947
42177
13948
31039
31040
13951
42203
13952
31025
31042
14319
42775
14320
31225
31226
14019
42221
14020
31075
31076
14355
42793
14356
31243
31244
14055
42445
14056
31093
31094
14091
42483
14092
29937
31111
31112
14391
42811
14392
31261
31262
14427
42829
14428
30559
31041
31279
31280
13955
42201
13956
30798
31044
13959
42199
13960
30817
31045
31046
13963
42197
13964
30836
31047
31048
13967
42187
13968
30855
31049
31050
13971
42189
13972
30874
31051
31052
13975
42191
13976
30893
31053
31054
13979
42193
13980
30912
31055
31056
13983
42195
13984
30931
31057
31058
13987
42205
13988
31043
31060
14323
42777
14324
31227
31228
14023
42223
14024
31077
31078
14359
42795
14360
31245
31246
14059
42457
14060
31095
31096
14095
42485
14096
29955
31113
31114
14395
42813
14396
31263
31264
14431
42831
14432
30577
31059
31281
31282
13991
42207
13992
31062
14027
42225
14028
31063
31080
14063
42459
14064
31081
31098
14099
42497
14100
31099
31116
14327
42779
14328
31230
14363
42797
14364
31231
31248
14399
42815
14400
31249
31266
14435
42833
14436
31267
31284
14503
42875
14504
31318
14507
42877
14508
31319
31320
14511
42879
14512
31321
31322
14515
42881
14516
31323
31324
14149
42581
14150
31141
14153
42583
14154
31142
31143
14157
42585
14158
31144
31145
14161
42625
14162
31146
31147
14443
42837
14444
31288
14447
42839
14448
31289
31290
14451
42841
14452
31291
31292
14455
42843
14456
31293
31294
14523
42885
14524
31328
14527
42887
14528
31329
31330
14531
42889
14532
31331
31332
14535
42891
14536
31333
31334
14211
42717
14212
31172
14215
42719
14216
31173
31174
14219
42721
14220
31175
31176
14223
42723
14224
31177
31178
14463
42847
14464
31298
14467
42851
14468
31299
31300
14471
42855
14472
31301
31302
14475
42859
14476
31303
31304
14543
42895
14544
31338
14547
42897
14548
31339
31340
14551
42899
14552
31341
31342
14555
42901
14556
31343
31344
14273
42751
14274
31203
14277
42753
14278
31204
31205
14281
42755
14282
31206
31207
14285
42759
14286
31208
31209
14483
42865
14484
31308
14487
42867
14488
31309
31310
14491
42869
14492
31311
31312
14495
42871
14496
31313
31314
14563
42905
14564
31348
14567
42907
14568
31349
31350
14571
42909
14572
31351
31352
14575
42911
14576
31353
31354
14105
42521
14106
31119
14167
42641
14168
31120
31150
14229
42727
14230
31151
31181
14291
42761
14292
29957
31182
31212
14439
42835
14440
31286
14459
42845
14460
31287
31296
14479
42863
14480
31297
31306
14499
42873
14500
30579
31307
31316
14519
42883
14520
31326
14539
42893
14540
31327
31336
14559
42903
14560
31337
31346
14579
42915
14580
31061
31347
31356
14775
43027
14776
31454
14779
43029
14780
31455
31456
14783
43031
14784
31457
31458
14787
43033
14788
31229
31459
31460
14591
42923
14592
31362
14597
42927
14598
31363
31365
14603
42931
14604
31366
31368
14609
42933
14610
30016
31369
31371
14613
42935
14614
31373
14617
42937
14618
31374
31375
14621
42939
14622
31376
31377
14625
42941
14626
30597
31378
31379
14629
42943
14630
31381
14633
42945
14634
31382
31383
14637
42947
14638
31384
31385
14641
42951
14642
31079
31386
31387
14795
43037
14796
31464
14799
43039
14800
31465
31466
14803
43041
14804
31467
31468
14807
43043
14808
31247
31469
31470
14653
42959
14654
31393
14659
42963
14660
31394
31396
14665
42967
14666
31397
31399
14671
42969
14672
30075
31400
31402
14675
42971
14676
31404
14679
42973
14680
31405
31406
14683
42975
14684
31407
31408
14687
42977
14688
30615
31409
31410
14691
42979
14692
31412
14695
42981
14696
31413
31414
14699
42983
14700
31415
31416
14703
42987
14704
31097
31417
31418
14815
43047
14816
31474
14819
43049
14820
31475
31476
14823
43051
14824
31477
31478
14827
43053
14828
31265
31479
31480
14715
42995
14716
31424
14721
42999
14722
31425
31427
14727
43003
14728
31428
31430
14733
43005
14734
30134
31431
31433
14737
43007
14738
31435
14741
43009
14742
31436
31437
14745
43011
14746
31438
31439
14749
43013
14750
30633
31440
31441
14753
43015
14754
31117
31443
14757
43017
14758
31148
31444
31445
14761
43019
14762
31179
31446
31447
14765
43023
14766
31115
31210
31448
31449
14835
43057
14836
31285
31325
31484
14839
43059
14840
31295
31335
31485
31486
14843
43061
14844
31305
31345
31487
31488
14847
43063
14848
31283
31315
31355
31489
31490
14585
42919
14586
31359
14647
42955
14648
31360
31390
14709
42991
14710
31391
31421
14771
43025
14772
31422
31452
14791
43035
14792
31462
14811
43045
14812
31463
31472
14831
43055
14832
31473
31482
14851
43065
14852
31483
31492
14855
43067
14856
31494
14859
43069
14860
31495
31496
14863
43071
14864
31497
31498
14867
43075
14868
31499
31500
14879
43083
14880
31506
14885
43087
14886
31507
31509
14891
43091
14892
31510
31512
14897
43093
14898
31513
31515
14901
43095
14902
31517
14905
43097
14906
31518
31519
14909
43099
14910
31520
31521
14913
43101
14914
31522
31523
14917
43103
14918
31525
14921
43105
14922
31526
31527
14925
43107
14926
31528
31529
14929
43111
14930
31530
31531
14941
43119
14942
31537
14947
43123
14948
31538
31540
14953
43127
14954
31541
31543
14959
43129
14960
31544
31546
14963
43131
14964
31548
14967
43133
14968
31549
31550
14971
43135
14972
31551
31552
14975
43137
14976
31553
31554
14979
43139
14980
31556
14983
43141
14984
31557
31558
14987
43143
14988
31559
31560
14991
43147
14992
31561
31562
15003
43155
15004
31568
15009
43159
15010
31569
31571
15015
43163
15016
31572
31574
15021
43165
15022
31575
31577
15025
43167
15026
31579
15029
43169
15030
31580
31581
15033
43171
15034
31582
31583
15037
43173
15038
31584
31585
15041
43175
15042
31357
31461
31587
15045
43177
15046
31388
31471
31588
31589
15049
43179
15050
31419
31481
31590
31591
15053
43183
15054
31450
31491
31592
31593
14873
43079
14874
31503
14935
43115
14936
31504
31534
14997
43151
14998
31535
31565
15059
43185
15060
31566
31596
15063
43187
15064
31598
15067
43189
15068
31599
31600
15071
43191
15072
31601
31602
15075
43195
15076
31603
31604
15087
43203
15088
31610
15093
43207
15094
31611
31613
15099
43211
15100
31614
31616
15105
43213
15106
31617
31619
15109
43215
15110
31621
15113
43217
15114
31622
31623
15117
43219
15118
31624
31625
15121
43223
15122
31626
31627
15133
43231
15134
31633
15139
43235
15140
31634
31636
15145
43239
15146
31637
31639
15151
43241
15152
31640
31642
15155
43243
15156
31644
15159
43245
15160
31645
31646
15163
43247
15164
31647
31648
15167
43251
15168
31649
31650
15179
43259
15180
31656
15185
43263
15186
31657
31659
15191
43267
15192
31660
31662
15197
43269
15198
31663
31665
15201
43271
15202
31501
31667
15205
43273
15206
31532
31668
31669
15209
43275
15210
31563
31670
31671
15213
43279
15214
31594
31672
31673
15081
43199
15082
31607
15127
43227
15128
31608
31630
15173
43255
15174
31631
31653
15219
43287
15220
31654
31676
15231
43291
15232
31682
15237
43295
15238
31683
31685
15243
43299
15244
31686
31688
15249
43307
15250
31689
31691
15261
43311
15262
31697
15267
43315
15268
31698
31700
15273
43319
15274
31701
31703
15279
43327
15280
31704
31706
15291
43331
15292
31712
15297
43335
15298
31713
31715
15303
43339
15304
31716
31718
15309
43343
15310
31719
31721
16236
44073
16237
32184
16240
44071
16241
32185
32186
16244
44069
16245
32187
32188
16248
44059
16249
32189
32190
16252
44061
16253
32191
32192
16256
44063
16257
32193
32194
16260
44065
16261
32195
32196
16264
44067
16265
32197
32198
16268
44107
16269
32183
32200
16336
44125
16337
32233
32234
16372
44143
16373
32251
32252
16408
44173
16409
28903
32269
32270
16272
44105
16273
31956
32202
16276
44103
16277
31975
32203
32204
16280
44101
16281
31994
32205
32206
16284
44083
16285
32013
32207
32208
16288
44087
16289
32032
32209
32210
16292
44091
16293
32051
32211
32212
16296
44095
16297
32070
32213
32214
16300
44099
16301
32089
32215
32216
16304
44109
16305
32201
32218
16340
44127
16341
32235
32236
16376
44145
16377
32253
32254
16412
44177
16413
28962
32271
32272
16308
44111
16309
32220
16344
44129
16345
32221
32238
16380
44147
16381
32239
32256
16416
44181
16417
32257
32274
16424
44187
16425
32278
16428
44191
16429
32279
32280
16432
44195
16433
32281
32282
16436
44199
16437
32283
32284
16444
44205
16445
32288
16448
44209
16449
32289
32290
16452
44213
16453
32291
32292
16456
44217
16457
32293
32294
16464
44223
16465
32298
16468
44227
16469
32299
32300
16472
44231
16473
32301
32302
16476
44235
16477
32303
32304
16420
44183
16421
32276
16440
44201
16441
32277
32286
16460
44219
16461
32287
32296
16480
44237
16481
29473
32297
32306
16488
44241
16489
32310
16492
44243
16493
32311
32312
16496
44245
16497
32313
32314
16500
44247
16501
30000
32315
32316
16508
44251
16509
32320
16512
44253
16513
32321
32322
16516
44255
16517
32323
32324
16520
44259
16521
30059
32325
32326
16528
44267
16529
30635
32330
16532
44271
16533
31140
32331
32332
16536
44275
16537
31171
32333
32334
16540
44279
16541
30118
31202
32335
32336
16484
44239
16485
32308
16504
44249
16505
32309
32318
16524
44263
16525
32319
32328
16544
44283
16545
32329
32338
16552
44289
16553
32342
16556
44293
16557
32343
32344
16560
44297
16561
32345
32346
16564
44301
16565
32347
32348
16572
44307
16573
32352
16576
44311
16577
32353
32354
16580
44315
16581
32355
32356
16584
44319
16585
32357
32358
16592
44325
16593
31317
32362
16596
44329
16597
31380
32363
32364
16600
44333
16601
31411
32365
32366
16604
44337
16605
31442
32367
32368
16548
44285
16549
32340
16568
44303
16569
32341
32350
16588
44321
16589
32351
32360
16608
44341
16609
32361
32370
16616
44349
16617
32374
16620
44353
16621
32375
32376
16624
44357
16625
32377
32378
16628
44361
16629
32379
32380
16636
44369
16637
32384
16640
44373
16641
32385
32386
16644
44377
16645
32387
32388
16648
44381
16649
32389
32390
16656
44387
16657
31493
32394
16660
44389
16661
31524
32395
32396
16664
44393
16665
31555
32397
32398
16668
44397
16669
31586
32399
32400
16612
44345
16613
32372
16632
44365
16633
32373
32382
16652
44385
16653
32383
32392
16672
44405
16673
32393
32402
16680
44409
16681
32406
16684
44413
16685
32407
32408
16688
44417
16689
32409
32410
16692
44425
16693
32411
32412
16700
44429
16701
32416
16704
44433
16705
32417
32418
16708
44437
16709
32419
32420
16712
44445
16713
32421
32422
16720
44449
16721
31605
32426
16724
44453
16725
31628
32427
32428
16728
44457
16729
31651
32429
32430
16732
44465
16733
31674
32431
32432
17645
45123
17646
32888
17649
45121
17650
32889
32890
17653
45119
17654
32891
32892
17657
45117
17658
32893
32894
17661
45115
17662
32895
32896
17665
45113
17666
32897
32898
17669
45111
17670
32899
32900
17673
45109
17674
32901
32902
17677
45125
49227
17678
32887
32904
17745
45159
49229
17746
32937
32938
17781
45177
49231
17782
32955
32956
17817
45209
49235
17818
28887
32973
32974
17681
45141
17682
32660
32906
17685
45139
17686
32679
32907
32908
17689
45137
17690
32698
32909
32910
17693
45135
17694
32717
32911
32912
17697
45133
17698
32736
32913
32914
17701
45131
17702
32755
32915
32916
17705
45129
17706
32774
32917
32918
17709
45127
17710
32793
32919
32920
17713
45143
17714
32905
32922
17749
45161
17750
32939
32940
17785
45179
17786
32957
32958
17821
45213
17822
28946
32975
32976
17717
45145
17718
32924
17753
45163
17754
32925
32942
17789
45181
17790
32943
32960
17825
45215
17826
32961
32978
17833
45223
17834
32982
17837
45227
17838
32983
32984
17841
45231
17842
32985
32986
17845
45233
17846
32987
32988
17853
45241
17854
32992
17857
45245
17858
32993
32994
17861
45249
17862
32995
32996
17865
45251
17866
32997
32998
17873
45259
17874
33002
17877
45263
17878
33003
33004
17881
45267
17882
33005
33006
17885
45269
17886
33007
33008
17829
45219
17830
32980
17849
45237
17850
32981
32990
17869
45255
17870
32991
33000
17889
45271
17890
28981
33001
33010
17897
45275
17898
33014
17901
45277
17902
33015
33016
17905
45279
17906
33017
33018
17909
45281
17910
29984
33019
33020
17917
45285
17918
33024
17921
45287
17922
33025
33026
17925
45291
17926
33027
33028
17929
45295
17930
30043
33029
33030
17937
45303
17938
30137
33034
17941
45307
17942
31132
33035
33036
17945
45311
17946
31163
33037
33038
17949
45315
17950
30102
31194
33039
33040
17893
45273
17894
33012
17913
45283
17914
33013
33022
17933
45299
17934
33023
33032
17953
45319
17954
33033
33042
17961
45327
17962
33046
17965
45331
17966
33047
33048
17969
45335
17970
33049
33050
17973
45339
17974
33051
33052
17981
45347
17982
33056
17985
45351
17986
33057
33058
17989
45355
17990
33059
33060
17993
45359
17994
33061
33062
18001
45367
18002
31213
33066
18005
45371
18006
31372
33067
33068
18009
45375
18010
31403
33069
33070
18013
45379
18014
31434
33071
33072
17957
45323
17958
33044
17977
45343
17978
33045
33054
17997
45363
17998
33055
33064
18017
45383
18018
33065
33074
18025
45391
18026
33078
18029
45395
18030
33079
33080
18033
45399
18034
33081
33082
18037
45403
18038
33083
33084
18045
45411
18046
33088
18049
45415
18050
33089
33090
18053
45419
18054
33091
33092
18057
45423
18058
33093
33094
18065
45431
18066
31453
33098
18069
45435
18070
31516
33099
33100
18073
45439
18074
31547
33101
33102
18077
45443
18078
31578
33103
33104
18021
45387
18022
33076
18041
45407
18042
33077
33086
18061
45427
18062
33087
33096
18081
45447
18082
33097
33106
18089
45455
18090
33110
18093
45459
18094
33111
33112
18097
45463
18098
33113
33114
18101
45467
18102
33115
33116
18109
45475
18110
33120
18113
45479
18114
33121
33122
18117
45483
18118
33123
33124
18121
45487
18122
33125
33126
18129
45495
18130
31597
33130
18133
45499
18134
31620
33131
33132
18137
45503
18138
31643
33133
33134
18141
45507
18142
31666
33135
33136
19034
49233
46075
19035
33582
19038
46073
19039
33583
33584
19042
46071
19043
33585
33586
19046
46069
19047
33587
33588
19050
46067
19051
33589
33590
19054
46065
19055
33591
33592
19058
46063
19059
33593
33594
19062
46061
19063
33595
33596
19066
46077
19067
33581
33598
19134
46111
19135
33631
33632
19170
46129
19171
33649
33650
19206
46163
19207
32199
33667
33668
19070
46093
19071
33354
33600
19074
46091
19075
33373
33601
33602
19078
46089
19079
33392
33603
33604
19082
46087
19083
33411
33605
33606
19086
46085
19087
33430
33607
33608
19090
46083
19091
33449
33609
33610
19094
46081
19095
33468
33611
33612
19098
46079
19099
33487
33613
33614
19102
46095
19103
33599
33616
19138
46113
19139
33633
33634
19174
46131
19175
33651
33652
19210
46165
19211
32217
33669
33670
19106
46097
19107
33618
19142
46115
19143
33619
33636
19178
46135
19179
33637
33654
19214
46169
19215
33655
33672
19222
46177
19223
33676
19226
46181
19227
33677
33678
19230
46183
19231
33679
33680
19234
46187
19235
33681
33682
19242
46195
19243
33686
19246
46199
19247
33687
33688
19250
46201
19251
33689
33690
19254
46205
19255
33691
33692
19262
46213
19263
33696
19266
46217
19267
33697
33698
19270
46219
19271
33699
33700
19274
46221
19275
33701
33702
19218
46173
19219
33674
19238
46191
19239
33675
33684
19258
46209
19259
33685
33694
19278
46223
19279
32219
33695
33704
19286
46227
19287
33708
19290
46229
19291
33709
33710
19294
46233
19295
33711
33712
19298
46237
19299
32237
33713
33714
19306
46245
19307
33718
19310
46249
19311
33719
33720
19314
46253
19315
33721
33722
19318
46257
19319
32255
33723
33724
19326
46265
19327
32275
33728
19330
46269
19331
32285
33729
33730
19334
46273
19335
32295
33731
33732
19338
46277
19339
32273
32305
33733
33734
19282
46225
19283
33706
19302
46241
19303
33707
33716
19322
46261
19323
33717
33726
19342
46281
19343
33727
33736
19350
46289
19351
33740
19354
46293
19355
33741
33742
19358
46297
19359
33743
33744
19362
46301
19363
33745
33746
19370
46309
19371
33750
19374
46313
19375
33751
33752
19378
46317
19379
33753
33754
19382
46321
19383
33755
33756
19390
46329
19391
32307
33760
19394
46333
19395
32317
33761
33762
19398
46337
19399
32327
33763
33764
19402
46341
19403
32337
33765
33766
19346
46285
19347
33738
19366
46305
19367
33739
33748
19386
46325
19387
33749
33758
19406
46345
19407
33759
33768
19414
46353
19415
33772
19418
46357
19419
33773
33774
19422
46361
19423
33775
33776
19426
46365
19427
33777
33778
19434
46373
19435
33782
19438
46377
19439
33783
33784
19442
46381
19443
33785
33786
19446
46385
19447
33787
33788
19454
46393
19455
32339
33792
19458
46397
19459
32349
33793
33794
19462
46401
19463
32359
33795
33796
19466
46405
19467
32369
33797
33798
19410
46349
19411
33770
19430
46369
19431
33771
33780
19450
46389
19451
33781
33790
19470
46409
19471
33791
33800
19478
46417
19479
33804
19482
46421
19483
33805
33806
19486
46425
19487
33807
33808
19490
46429
19491
33809
33810
19498
46437
19499
33814
19502
46441
19503
33815
33816
19506
46445
19507
33817
33818
19510
46449
19511
33819
33820
19518
46457
19519
32371
33824
19522
46461
19523
32381
33825
33826
19526
46465
19527
32391
33827
33828
19530
46469
19531
32401
33829
33830
20351
46927
20352
34240
20355
46925
20356
34241
34242
20359
46923
20360
34243
34244
20363
46921
20364
34245
34246
20367
46919
20368
34247
34248
20371
46917
20372
34249
34250
20375
46915
20376
34251
34252
20379
46913
20380
34253
34254
20383
46929
20384
34239
34256
20451
46963
49237
20452
34289
34290
20487
46981
49239
20488
34307
34308
20523
47015
49243
20524
32903
34325
34326
20387
46945
20388
34012
34258
20391
46943
20392
34031
34259
34260
20395
46941
20396
34050
34261
34262
20399
46939
20400
34069
34263
34264
20403
46937
20404
34088
34265
34266
20407
46935
20408
34107
34267
34268
20411
46933
20412
34126
34269
34270
20415
46931
20416
34145
34271
34272
20419
46947
20420
34257
34274
20455
46965
20456
34291
34292
20491
46985
20492
34309
34310
20527
47019
20528
32921
34327
34328
20423
46949
20424
34276
20459
46967
20460
34277
34294
20495
46989
20496
34295
34312
20531
47023
20532
34313
34330
20539
47031
20540
34334
20543
47033
20544
34335
34336
20547
47037
20548
34337
34338
20551
47041
20552
34339
34340
20559
47049
20560
34344
20563
47051
20564
34345
34346
20567
47055
20568
34347
34348
20571
47059
20572
34349
34350
20579
47067
20580
34354
20583
47069
20584
34355
34356
20587
47071
20588
34357
34358
20591
47073
20592
34359
34360
20535
47027
20536
34332
20555
47045
20556
34333
34342
20575
47063
20576
34343
34352
20595
47075
20596
32923
34353
34362
20603
47081
20604
34366
20607
47085
20608
34367
34368
20611
47089
20612
34369
34370
20615
47093
20616
32941
34371
34372
20623
47101
20624
34376
20627
47105
20628
34377
34378
20631
47109
20632
34379
34380
20635
47113
20636
32959
34381
34382
20643
47121
20644
32979
34386
20647
47125
20648
32989
34387
34388
20651
47129
20652
32999
34389
34390
20655
47133
20656
32977
33009
34391
34392
20599
47077
20600
34364
20619
47097
20620
34365
34374
20639
47117
20640
34375
34384
20659
47137
20660
34385
34394
20667
47145
20668
34398
20671
47149
20672
34399
34400
20675
47153
20676
34401
34402
20679
47157
20680
34403
34404
20687
47165
20688
34408
20691
47169
20692
34409
34410
20695
47173
20696
34411
34412
20699
47177
20700
34413
34414
20707
47185
20708
33011
34418
20711
47189
20712
33021
34419
34420
20715
47193
20716
33031
34421
34422
20719
47197
20720
33041
34423
34424
20663
47141
20664
34396
20683
47161
20684
34397
34406
20703
47181
20704
34407
34416
20723
47201
20724
34417
34426
20731
47209
20732
34430
20735
47213
20736
34431
34432
20739
47217
20740
34433
34434
20743
47221
20744
34435
34436
20751
47229
20752
34440
20755
47233
20756
34441
34442
20759
47237
20760
34443
34444
20763
47241
20764
34445
34446
20771
47249
20772
33043
34450
20775
47253
20776
33053
34451
34452
20779
47257
20780
33063
34453
34454
20783
47261
20784
33073
34455
34456
20727
47205
20728
34428
20747
47225
20748
34429
34438
20767
47245
20768
34439
34448
20787
47265
20788
34449
34458
20795
47273
20796
34462
20799
47277
20800
34463
34464
20803
47281
20804
34465
34466
20807
47285
20808
34467
34468
20815
47293
20816
34472
20819
47297
20820
34473
34474
20823
47301
20824
34475
34476
20827
47305
20828
34477
34478
20835
47313
20836
33075
34482
20839
47317
20840
33085
34483
34484
20843
47321
20844
33095
34485
34486
20847
47325
20848
33105
34487
34488
21636
49241
47723
21637
34882
21640
47721
21641
34883
34884
21644
47719
21645
34885
34886
21648
47717
21649
34887
34888
21652
47715
21653
34889
34890
21656
47713
21657
34891
34892
21660
47711
21661
34893
34894
21664
47709
21665
34895
34896
21668
47725
21669
34881
34898
22165
48125
22166
35145
35146
21736
47759
21737
34931
34932
22201
48143
22202
35163
35164
21772
47777
21773
34949
34950
21808
47795
21809
33597
34967
34968
22237
48161
22238
35181
35182
22273
48179
22274
34255
34897
35199
35200
21672
47741
21673
34654
34900
21676
47739
21677
34673
34901
34902
21680
47737
21681
34692
34903
34904
21684
47735
21685
34711
34905
34906
21688
47733
21689
34730
34907
34908
21692
47731
21693
34749
34909
34910
21696
47729
21697
34768
34911
34912
21700
47727
21701
34787
34913
34914
21704
47743
21705
34899
34916
22169
48127
22170
35147
35148
21740
47761
21741
34933
34934
22205
48145
22206
35165
35166
21776
47779
21777
34951
34952
21812
47797
21813
33615
34969
34970
22241
48163
22242
35183
35184
22277
48181
22278
34273
34915
35201
35202
21708
47745
21709
34918
21744
47763
21745
34919
34936
21780
47781
21781
34937
34954
21816
47799
21817
34955
34972
22173
48129
22174
35150
22209
48147
22210
35151
35168
22245
48165
22246
35169
35186
22281
48183
22282
35187
35204
22606
48405
22607
35366
22610
48407
22611
35367
35368
22614
48409
22615
35369
35370
22618
48411
22619
35371
35372
21824
47805
21825
34976
21828
47813
21829
34977
34978
21832
47817
21833
34979
34980
21836
47823
21837
34981
34982
22289
48187
22290
35208
22293
48189
22294
35209
35210
22297
48191
22298
35211
35212
22301
48193
22302
35213
35214
22626
48415
22627
35376
22630
48417
22631
35377
35378
22634
48419
22635
35379
35380
22638
48421
22639
35381
35382
21844
47833
21845
34986
21848
47837
21849
34987
34988
21852
47841
21853
34989
34990
21856
47845
21857
34991
34992
22309
48197
22310
35218
22313
48199
22314
35219
35220
22317
48201
22318
35221
35222
22321
48203
22322
35223
35224
22646
48425
22647
35386
22650
48427
22651
35387
35388
22654
48429
22655
35389
35390
22658
48431
22659
35391
35392
21864
47851
21865
34996
21868
47853
21869
34997
34998
21872
47855
21873
34999
35000
21876
47857
21877
35001
35002
22329
48207
22330
35228
22333
48209
22334
35229
35230
22337
48211
22338
35231
35232
22341
48213
22342
35233
35234
22666
48435
22667
35396
22670
48437
22671
35397
35398
22674
48439
22675
35399
35400
22678
48441
22679
35401
35402
21820
47803
21821
34974
21840
47831
21841
34975
34984
21860
47849
21861
34985
34994
21880
47859
21881
33617
34995
35004
22285
48185
22286
35206
22305
48195
22306
35207
35216
22325
48205
22326
35217
35226
22345
48215
22346
34275
35227
35236
22622
48413
22623
35374
22642
48423
22643
35375
35384
22662
48433
22663
35385
35394
22682
48443
22683
34917
35395
35404
22943
48601
22944
35534
22947
48603
22948
35535
35536
22951
48605
22952
35537
35538
22955
48607
22956
35149
35539
35540
21888
47867
21889
35008
21892
47871
21893
35009
35010
21896
47875
21897
35011
35012
21900
47879
21901
33635
35013
35014
22353
48219
22354
35240
22357
48221
22358
35241
35242
22361
48223
22362
35243
35244
22365
48225
22366
34293
35245
35246
22690
48447
22691
35408
22694
48449
22695
35409
35410
22698
48451
22699
35411
35412
22702
48453
22703
34935
35413
35414
22963
48611
22964
35544
22967
48613
22968
35545
35546
22971
48615
22972
35547
35548
22975
48617
22976
35167
35549
35550
21908
47887
21909
35018
21912
47891
21913
35019
35020
21916
47895
21917
35021
35022
21920
47899
21921
33653
35023
35024
21928
47907
21929
33673
35028
21932
47911
21933
33683
35029
35030
21936
47915
21937
33693
35031
35032
21940
47919
21941
33671
33703
35033
35034
22373
48229
22374
35250
22377
48231
22378
35251
35252
22381
48233
22382
35253
35254
22385
48235
22386
34311
35255
35256
22393
48239
22394
34331
35260
22397
48241
22398
34341
35261
35262
22401
48243
22402
34351
35263
35264
22405
48245
22406
34329
34361
35265
35266
22710
48457
22711
35418
22714
48459
22715
35419
35420
22718
48461
22719
35421
35422
22722
48463
22723
34953
35423
35424
22730
48467
22731
34973
35428
22734
48469
22735
34983
35429
35430
22738
48471
22739
34993
35431
35432
22742
48473
22743
34971
35003
35433
35434
22983
48621
22984
35554
22987
48623
22988
35555
35556
22991
48625
22992
35557
35558
22995
48627
22996
35185
35559
35560
23003
48631
23004
35205
35373
35564
23007
48633
23008
35215
35383
35565
35566
23011
48635
23012
35225
35393
35567
35568
23015
48637
23016
35203
35235
35403
35569
35570
21884
47863
21885
35006
21904
47883
21905
35007
35016
21924
47903
21925
35017
35026
21944
47923
21945
35027
35036
22349
48217
22350
35238
22369
48227
22370
35239
35248
22389
48237
22390
35249
35258
22409
48247
22410
35259
35268
22686
48445
22687
35406
22706
48455
22707
35407
35416
22726
48465
22727
35417
35426
22746
48475
22747
35427
35436
22959
48609
22960
35542
22979
48619
22980
35543
35552
22999
48629
23000
35553
35562
23019
48639
23020
35563
35572
21952
47931
21953
35040
21956
47935
21957
35041
35042
21960
47939
21961
35043
35044
21964
47943
21965
35045
35046
22417
48251
22418
35272
22421
48253
22422
35273
35274
22425
48255
22426
35275
35276
22429
48257
22430
35277
35278
23216
48737
23217
35670
23220
48739
23221
35671
35672
23224
48741
23225
35673
35674
23228
48743
23229
35675
35676
22754
48479
22755
35440
22758
48481
22759
35441
35442
22762
48483
22763
35443
35444
22766
48485
22767
35445
35446
23027
48643
23028
35576
23031
48645
23032
35577
35578
23035
48647
23036
35579
35580
23039
48649
23040
35581
35582
23236
48747
23237
35680
23240
48749
23241
35681
35682
23244
48751
23245
35683
35684
23248
48753
23249
35685
35686
21972
47951
21973
35050
21976
47955
21977
35051
35052
21980
47959
21981
35053
35054
21984
47963
21985
35055
35056
21992
47971
21993
33705
35060
21996
47975
21997
33715
35061
35062
22000
47979
22001
33725
35063
35064
22004
47983
22005
33735
35065
35066
22437
48261
22438
35282
22441
48263
22442
35283
35284
22445
48265
22446
35285
35286
22449
48267
22450
35287
35288
22457
48271
22458
34363
35292
22461
48273
22462
34373
35293
35294
22465
48275
22466
34383
35295
35296
22469
48277
22470
34393
35297
35298
22774
48489
22775
35450
22778
48491
22779
35451
35452
22782
48493
22783
35453
35454
22786
48495
22787
35455
35456
22794
48499
22795
35005
35460
22798
48501
22799
35015
35461
35462
22802
48503
22803
35025
35463
35464
22806
48505
22807
35035
35465
35466
23047
48653
23048
35586
23051
48655
23052
35587
35588
23055
48657
23056
35589
35590
23059
48659
23060
35591
35592
23067
48663
23068
35237
35596
23071
48665
23072
35247
35597
35598
23075
48667
23076
35257
35599
35600
23079
48669
23080
35267
35601
35602
23256
48757
23257
35690
23260
48759
23261
35691
35692
23264
48761
23265
35693
35694
23268
48763
23269
35695
35696
23276
48767
23277
35405
35541
35700
23280
48769
23281
35415
35551
35701
35702
23284
48771
23285
35425
35561
35703
35704
23288
48773
23289
35435
35571
35705
35706
21948
47927
21949
35038
21968
47947
21969
35039
35048
21988
47967
21989
35049
35058
22008
47987
22009
35059
35068
22413
48249
22414
35270
22433
48259
22434
35271
35280
22453
48269
22454
35281
35290
22473
48281
22474
35291
35300
22750
48477
22751
35438
22770
48487
22771
35439
35448
22790
48497
22791
35449
35458
22810
48507
22811
35459
35468
23023
48641
23024
35574
23043
48651
23044
35575
35584
23063
48661
23064
35585
35594
23083
48671
23084
35595
35604
22016
47995
22017
35072
22020
47999
22021
35073
35074
22024
48003
22025
35075
35076
22028
48007
22029
35077
35078
22481
48289
22482
35304
22485
48293
22486
35305
35306
22489
48297
22490
35307
35308
22493
48301
22494
35309
35310
23232
48745
23233
35678
23252
48755
23253
35679
35688
23272
48765
23273
35689
35698
23292
48775
23293
35699
35708
22818
48511
22819
35472
22822
48513
22823
35473
35474
22826
48515
22827
35475
35476
22830
48517
22831
35477
35478
23091
48675
23092
35608
23095
48677
23096
35609
35610
23099
48679
23100
35611
35612
23103
48681
23104
35613
35614
23300
48779
23301
35712
23304
48781
23305
35713
35714
23308
48783
23309
35715
35716
23312
48785
23313
35717
35718
22036
48015
22037
35082
22040
48019
22041
35083
35084
22044
48023
22045
35085
35086
22048
48027
22049
35087
35088
22056
48035
22057
33737
35092
22060
48039
22061
33747
35093
35094
22064
48043
22065
33757
35095
35096
22068
48047
22069
33767
35097
35098
22501
48309
22502
35314
22505
48313
22506
35315
35316
22509
48317
22510
35317
35318
22513
48321
22514
35319
35320
22521
48329
22522
34395
35324
22525
48333
22526
34405
35325
35326
22529
48337
22530
34415
35327
35328
22533
48341
22534
34425
35329
35330
23425
48841
23426
35774
23429
48843
23430
35775
35776
23433
48845
23434
35777
35778
23437
48847
23438
35779
35780
22838
48521
22839
35482
22842
48523
22843
35483
35484
22846
48525
22847
35485
35486
22850
48527
22851
35487
35488
22858
48531
22859
35037
35492
22862
48533
22863
35047
35493
35494
22866
48535
22867
35057
35495
35496
22870
48539
22871
35067
35497
35498
23445
48851
23446
35784
23449
48853
23450
35785
35786
23453
48855
23454
35787
35788
23457
48857
23458
35789
35790
23111
48685
23112
35618
23115
48687
23116
35619
35620
23119
48689
23120
35621
35622
23123
48691
23124
35623
35624
23131
48695
23132
35269
35628
23135
48697
23136
35279
35629
35630
23139
48699
23140
35289
35631
35632
23143
48701
23144
35299
35633
35634
23320
48789
23321
35722
23324
48791
23325
35723
35724
23328
48793
23329
35725
35726
23332
48795
23333
35727
35728
23340
48799
23341
35437
35732
23344
48801
23345
35447
35733
35734
23348
48803
23349
35457
35735
35736
23352
48805
23353
35467
35737
35738
23465
48861
23466
35794
23469
48863
23470
35795
35796
23473
48865
23474
35797
35798
23477
48867
23478
35799
35800
23485
48871
23486
35573
35677
35804
23489
48873
23490
35583
35687
35805
35806
23493
48875
23494
35593
35697
35807
35808
23497
48877
23498
35603
35707
35809
35810
22012
47991
22013
35070
22032
48011
22033
35071
35080
22052
48031
22053
35081
35090
22072
48051
22073
35091
35100
22080
48059
22081
35104
22084
48063
22085
35105
35106
22088
48067
22089
35107
35108
22092
48071
22093
35109
35110
22477
48285
22478
35302
22497
48305
22498
35303
35312
22517
48325
22518
35313
35322
22537
48345
22538
35323
35332
22545
48353
22546
35336
22549
48357
22550
35337
35338
22553
48361
22554
35339
35340
22557
48365
22558
35341
35342
22814
48509
22815
35470
22834
48519
22835
35471
35480
22854
48529
22855
35481
35490
22874
48543
22875
35491
35500
22100
48079
22101
35114
22104
48083
22105
35115
35116
22108
48087
22109
35117
35118
22112
48091
22113
35119
35120
22120
48099
22121
33769
35124
22124
48103
22125
33779
35125
35126
22128
48107
22129
33789
35127
35128
22132
48109
22133
33799
35129
35130
22882
48551
22883
35504
22886
48555
22887
35505
35506
22890
48559
22891
35507
35508
22894
48563
22895
35509
35510
23087
48673
23088
35606
23107
48683
23108
35607
35616
23127
48693
23128
35617
35626
23147
48703
23148
35627
35636
22565
48373
22566
35346
22569
48377
22570
35347
35348
22573
48381
22574
35349
35350
22577
48385
22578
35351
35352
22585
48393
22586
34427
35356
22589
48397
22590
34437
35357
35358
22593
48399
22594
34447
35359
35360
22597
48401
22598
34457
35361
35362
23155
48707
23156
35640
23159
48709
23160
35641
35642
23163
48711
23164
35643
35644
23167
48713
23168
35645
35646
23296
48777
23297
35710
23316
48787
23317
35711
35720
23336
48797
23337
35721
35730
23356
48807
23357
35731
35740
22902
48571
22903
35514
22906
48575
22907
35515
35516
22910
48579
22911
35517
35518
22914
48583
22915
35519
35520
22922
48591
22923
35069
35524
22926
48593
22927
35079
35525
35526
22930
48595
22931
35089
35527
35528
22934
48597
22935
35099
35529
35530
23364
48811
23365
35744
23368
48813
23369
35745
35746
23372
48815
23373
35747
35748
23376
48817
23377
35749
35750
23441
48849
23442
35782
23461
48859
23462
35783
35792
23481
48869
23482
35793
35802
23501
48879
23502
35803
35812
23175
48717
23176
35650
23179
48719
23180
35651
35652
23183
48721
23184
35653
35654
23187
48723
23188
35655
35656
23195
48727
23196
35301
35660
23199
48729
23200
35311
35661
35662
23203
48731
23204
35321
35663
35664
23207
48733
23208
35331
35665
35666
23509
48883
23510
35816
23513
48885
23514
35817
35818
23517
48887
23518
35819
35820
23521
48889
23522
35821
35822
23570
48913
23571
35846
23574
48915
23575
35847
35848
23578
48917
23579
35849
35850
23582
48919
23583
35851
35852
23384
48821
23385
35754
23388
48823
23389
35755
35756
23392
48825
23393
35757
35758
23396
48827
23397
35759
35760
23404
48831
23405
35469
35764
23408
48833
23409
35479
35765
35766
23412
48835
23413
35489
35767
35768
23416
48837
23417
35499
35769
35770
23590
48923
23591
35856
23594
48925
23595
35857
35858
23598
48927
23599
35859
35860
23602
48929
23603
35861
35862
23529
48893
23530
35826
23533
48895
23534
35827
35828
23537
48897
23538
35829
35830
23541
48899
23542
35831
35832
23549
48903
23550
35605
35836
23553
48905
23554
35615
35837
35838
23557
48907
23558
35625
35839
35840
23561
48909
23562
35635
35841
35842
23610
48933
23611
35866
23614
48935
23615
35867
35868
23618
48937
23619
35869
35870
23622
48939
23623
35871
35872
23630
48943
23631
35709
35781
35876
23634
48945
23635
35719
35791
35877
35878
23638
48947
23639
35729
35801
35879
35880
23642
48949
23643
35739
35811
35881
35882
15225
43285
15226
31679
15255
43305
15256
31680
31694
15285
43325
15286
31695
31709
15315
43341
15316
31710
31724
15317
31725
16676
44403
16677
32404
16696
44423
16697
32405
32414
16716
44443
16717
32415
32424
16736
44463
16737
32425
32434
16738
32435
18085
45449
18086
33108
18105
45469
18106
33109
33118
18125
45489
18126
33119
33128
18145
45509
18146
33129
33138
18147
33139
19474
46411
19475
33802
19494
46431
19495
33803
33812
19514
46451
19515
33813
33822
19534
46471
19535
33823
33832
19536
33833
20791
47267
20792
34460
20811
47287
20812
34461
34470
20831
47307
20832
34471
34480
20851
47327
20852
34481
34490
20853
34491
22076
48053
22077
35102
22096
48073
22097
35103
35112
22116
48093
22117
35113
35122
22136
48111
22137
35123
35132
22138
35133
22541
48347
22542
35334
22561
48367
22562
35335
35344
22581
48387
22582
35345
35354
22601
48403
22602
35355
35364
22603
35365
22878
48545
22879
35502
22898
48565
22899
35503
35512
22918
48585
22919
35513
35522
22938
48599
22939
35523
35532
22940
35533
23151
48705
23152
35638
23171
48715
23172
35639
35648
23191
48725
23192
35649
35658
23211
48735
23212
35659
35668
23213
35669
23360
48809
23361
35742
23380
48819
23381
35743
35752
23400
48829
23401
35753
35762
23420
48839
23421
35763
35772
23422
35773
23505
48881
23506
35814
23525
48891
23526
35815
35824
23545
48901
23546
35825
35834
23565
48911
23566
35835
35844
23567
35845
23586
48921
23587
35854
23606
48931
23607
35855
35864
23626
48941
23627
35865
35874
23646
49143
23647
35875
35884
23648
35885
23653
49141
23654
35887
23659
49139
23660
35888
35890
23665
49137
23666
35891
35893
23671
49135
23672
35894
35896
23673
35897
23865
49133
23866
31677
35987
23871
49131
23872
31692
35988
35990
23877
49129
23878
31707
35991
35993
23883
49039
23884
31722
35994
35996
23676
49037
23677
35898
23680
49035
23681
35899
35900
23684
49033
23685
35901
35902
23688
48951
23689
35903
35904
23690
35905
23888
49041
23889
32403
35998
23892
49043
23893
32413
35999
36000
23896
49045
23897
32423
36001
36002
23900
49047
23901
32433
36003
36004
23693
48953
23694
35906
23697
48955
23698
35907
35908
23701
48957
23702
35909
35910
23705
48959
23706
35911
35912
23707
35913
23905
49049
23906
33107
36006
23909
49051
23910
33117
36007
36008
23913
49053
23914
33127
36009
36010
23917
49055
23918
33137
36011
36012
23710
48961
23711
35914
23714
48963
23715
35915
35916
23718
48965
23719
35917
35918
23722
48967
23723
35919
35920
23724
35921
23922
49057
23923
33801
36014
23926
49059
23927
33811
36015
36016
23930
49061
23931
33821
36017
36018
23934
49063
23935
33831
36019
36020
23727
48969
23728
35922
23731
48971
23732
35923
35924
23735
48973
23736
35925
35926
23739
48975
23740
35927
35928
23741
35929
23939
49065
23940
34459
36022
23943
49067
23944
34469
36023
36024
23947
49069
23948
34479
36025
36026
23951
49071
23952
34489
36027
36028
23744
48977
23745
35930
23748
48979
23749
35931
35932
23752
48981
23753
35933
35934
23756
48983
23757
35935
35936
23758
35937
23956
49073
23957
35101
36030
23960
49075
23961
35111
36031
36032
23964
49077
23965
35121
36033
36034
23968
49079
23969
35131
36035
36036
23761
48985
23762
35938
23765
48987
23766
35939
35940
23769
48989
23770
35941
35942
23773
48991
23774
35943
35944
23775
35945
23973
49081
23974
35333
36038
23977
49083
23978
35343
36039
36040
23981
49085
23982
35353
36041
36042
23985
49087
23986
35363
36043
36044
23778
48993
23779
35946
23782
48995
23783
35947
35948
23786
48997
23787
35949
35950
23790
48999
23791
35951
35952
23792
35953
23990
49089
23991
35501
36046
23994
49091
23995
35511
36047
36048
23998
49093
23999
35521
36049
36050
24002
49095
24003
35531
36051
36052
23795
49001
23796
35954
23799
49003
23800
35955
35956
23803
49005
23804
35957
35958
23807
49007
23808
35959
35960
23809
35961
24007
49097
24008
35637
36054
24011
49099
24012
35647
36055
36056
24015
49101
24016
35657
36057
36058
24019
49103
24020
35667
36059
36060
23812
49009
23813
35962
23816
49011
23817
35963
35964
23820
49013
23821
35965
35966
23824
49015
23825
35967
35968
23826
35969
24024
49105
24025
35741
36062
24028
49107
24029
35751
36063
36064
24032
49109
24033
35761
36065
36066
24036
49111
24037
35771
36067
36068
23829
49017
23830
35970
23833
49019
23834
35971
35972
23837
49021
23838
35973
35974
23841
49023
23842
35975
35976
23843
35977
24041
49113
24042
35813
36070
24045
49115
24046
35823
36071
36072
24049
49117
24050
35833
36073
36074
24053
49119
24054
35843
36075
36076
23846
49025
23847
35978
23850
49027
23851
35979
35980
23854
49029
23855
35981
35982
23858
49031
23859
35983
35984
23860
35985
23885
35997
23902
36005
23919
36013
23936
36021
23953
36029
23970
36037
23987
36045
24004
36053
24021
36061
24038
36069
24055
36077
24058
49121
24059
35853
36078
24062
49123
24063
35863
36079
36080
24066
49125
24067
35873
36081
36082
24070
49127
24071
35883
36083
36084
24072
36085
