4004
4005
4006
4007
26073
3998
3999
4000
4001
26070
3992
3993
3994
3995
26067
3986
3987
3988
3989
26064
3980
3981
3982
3983
26061
3974
3975
3976
3977
26058
3968
3969
3970
3971
26055
3962
3963
3964
3965
26052
3578
3579
3580
3581
25862
3548
3549
3574
3575
3534
3535
36086
36088
36090
36092
36094
36096
36098
36100
36102
3570
3571
3528
3529
36104
3566
3567
3436
3437
36106
3502
3503
3410
3411
36108
3498
3499
3380
3381
36110
3446
3447
3354
3355
36112
3442
3443
3324
3325
36114
3390
3391
3298
3299
36116
3386
3387
3268
3269
36118
3334
3335
3230
3231
36120
3330
3331
2602
2603
36122
3278
3279
2524
2525
36124
3274
3275
1486
1487
36126
3210
3211
1472
1473
36128
3206
3207
1466
1467
3202
3203
684
685
36130
3170
3171
558
559
36132
3166
3167
436
437
36134
3158
3159
318
319
3142
3143
312
313
36136
36138
3138
3139
202
203
36140
3118
3119
146
147
36142
3114
3115
3112
3113
3110
3111
136
137
36144
3106
3107
94
95
3088
3089
56
57
3026
3027
50
51
36146
36148
3022
3023
20
21
2992
2993
4
5
36150
2988
2989
2986
2987
2984
2985
2982
2983
2990
2991
25564
25565
25566
25567
2978
2979
2976
2977
2974
2975
2972
2973
2980
2981
25559
25560
25561
25562
2918
2919
2916
2917
2914
2915
2912
2913
2920
2921
25529
25530
25531
25532
2994
2995
25569
2922
2923
2908
2909
2906
2907
2904
2905
2902
2903
2910
2911
25524
25525
25526
25527
2868
2869
2866
2867
2864
2865
2862
2863
2870
2871
25504
25505
25506
25507
2924
2925
25534
3024
3025
25584
3028
36147
3029
25563
25568
25585
25586
3000
3001
2996
2997
2872
2873
2858
2859
2856
2857
2854
2855
2852
2853
2860
2861
25499
25500
25501
25502
2794
2795
2792
2793
2790
2791
2788
2789
2796
2797
25467
25468
25469
25470
2874
2875
25509
2998
2999
25570
25571
3002
3003
25528
25533
25572
25573
3090
36151
3091
25617
3030
3031
2930
2931
2926
2927
2798
2799
36152
36154
2784
2785
2782
2783
2780
2781
2778
2779
2786
2787
25462
25463
25464
25465
2744
2745
2742
2743
2740
2741
2738
2739
2746
2747
25442
25443
25444
25445
2800
2801
25472
2928
2929
25535
25536
2932
36153
2933
25503
25508
25537
25538
3032
36155
3033
25588
3108
3109
25587
25626
3116
3117
25627
25628
25629
25630
3102
3103
3100
3101
3098
3099
3096
3097
3092
3093
3004
3005
2880
2881
2876
2877
2748
2749
36156
36158
2734
2735
2732
2733
2730
2731
2728
2729
2736
2737
25437
25438
25439
25440
2674
2675
2672
2673
2670
2671
2668
2669
2676
2677
25407
25408
25409
25410
2750
2751
25447
2878
2879
25510
25511
2882
36157
2883
25466
25471
25512
25513
3006
36159
3007
25575
3094
3095
25574
25618
25619
3104
3105
25620
25621
25622
25623
25624
3044
3045
3042
3043
3040
3041
3038
3039
3034
3035
2934
2935
2806
2807
2802
2803
2678
2679
36160
36162
2664
2665
2662
2663
2660
2661
2658
2659
2666
2667
25402
25403
25404
25405
2624
2625
2622
2623
2620
2621
2618
2619
2626
2627
25382
25383
25384
25385
2680
2681
25412
2804
2805
25473
25474
2808
36161
2809
25441
25446
25475
25476
2936
36163
2937
25540
3036
3037
25539
25589
25590
3046
3047
25591
25592
25593
25594
25595
3120
36149
3121
25632
3048
3049
3018
3019
3016
3017
3014
3015
3012
3013
3008
3009
2884
2885
2756
2757
36164
36166
2752
2753
2628
2629
36168
2614
2615
2612
2613
2610
2611
2608
2609
2616
2617
25377
25378
25379
25380
2426
2427
2424
2425
2422
2423
2420
2421
2428
2429
25283
25284
25285
25286
2630
2631
25387
2754
2755
25448
25449
2758
36165
2759
25406
25411
25450
25451
2886
36169
2887
25515
3010
3011
25514
25576
25577
3020
3021
25578
25579
25580
25581
25582
2948
2949
2946
2947
2944
2945
2942
2943
2938
2939
2810
2811
2686
2687
2682
2683
2430
2431
36170
36172
2416
2417
2414
2415
2412
2413
2410
2411
2418
2419
25278
25279
25280
25281
2376
2377
2374
2375
2372
2373
2370
2371
2378
2379
25258
25259
25260
25261
2432
2433
25288
2684
2685
25413
25414
2688
36171
2689
25381
25386
25415
25416
2812
36173
2813
25478
2940
2941
25477
25541
25542
2950
2951
25543
25544
25545
25546
25547
3050
36167
3051
25597
3140
36145
3141
25642
3144
36137
3145
25625
25631
25643
25644
3126
3127
3122
3123
2952
2953
2898
2899
2896
2897
2894
2895
2892
2893
36174
36176
2888
2889
36178
2760
2761
2636
2637
2632
2633
36180
36182
2380
2381
36184
2366
2367
2364
2365
2362
2363
2360
2361
2368
2369
25253
25254
25255
25256
2306
2307
2304
2305
2302
2303
2300
2301
36186
36188
36190
2308
2309
25223
25224
25225
25226
2382
2383
25263
2634
36185
2635
25388
25389
2638
36181
2639
25282
25287
25390
25391
2762
36183
2763
25453
2890
2891
25452
25516
25517
2900
2901
25518
25519
25520
25521
25522
2824
2825
2822
2823
2820
2821
2818
2819
2814
2815
2690
2691
2438
2439
2434
2435
2310
2311
36192
36194
2296
2297
2294
2295
2292
2293
2290
2291
2298
2299
25218
25219
25220
25221
2256
2257
2254
2255
2252
2253
2250
2251
2258
2259
25198
25199
25200
25201
2312
2313
25228
2436
2437
25289
25290
2440
36193
2441
25257
25262
25291
25292
2692
36195
2693
25418
2816
2817
25417
25479
25480
2826
2827
25481
25482
25483
25484
25485
2954
36179
2955
25549
3124
36177
3125
25633
25634
3128
36175
3129
25583
25596
25635
25636
3160
36143
3161
25652
3146
3147
3056
3057
3052
3053
2828
2829
36196
36198
2774
2775
2772
2773
2770
2771
2768
2769
36200
2764
2765
36202
2640
2641
2388
2389
2384
2385
2260
2261
36204
36206
2246
2247
2244
2245
2242
2243
36208
36210
36212
36214
2240
2241
2248
2249
25193
25194
25195
25196
2182
2183
2180
2181
2178
2179
2176
2177
2184
2185
25161
25162
25163
25164
2262
2263
25203
2386
2387
25264
25265
2390
36205
2391
25222
25227
25266
25267
2642
36207
2643
25393
2766
2767
25392
25454
25455
2776
2777
25456
25457
25458
25459
25460
2704
2705
2702
2703
2700
2701
2698
2699
2694
2695
2442
2443
2318
2319
2314
2315
2186
2187
36216
36218
2172
2173
2170
2171
2168
2169
2166
2167
2174
2175
25156
25157
25158
25159
2132
2133
2130
2131
2128
2129
2126
2127
2134
2135
25136
25137
25138
25139
2188
2189
25166
2316
2317
25229
25230
2320
36217
2321
25197
25202
25231
25232
2444
36219
2445
25294
2696
2697
25293
25419
25420
2706
2707
25421
25422
25423
25424
25425
2830
36203
2831
25487
3054
36201
3055
25598
25599
3058
36197
3059
25523
25548
25600
25601
3148
36199
3149
25646
3168
36141
3169
25645
25656
3162
3163
3130
3131
2960
2961
2956
2957
36220
36222
2708
2709
36224
2654
2655
2652
2653
2650
2651
2648
2649
36226
2644
2645
2392
2393
2268
2269
36228
36230
2264
2265
2136
2137
36232
2122
2123
2120
2121
2118
2119
2116
2117
2124
2125
25131
25132
25133
25134
2062
2063
2060
2061
2058
2059
2056
2057
2064
2065
25101
25102
25103
25104
2138
2139
25141
2266
2267
25204
25205
2270
36229
2271
25160
25165
25206
25207
2394
36233
2395
25269
2646
2647
25268
25394
25395
2656
2657
25396
25397
25398
25399
25400
2456
2457
2454
2455
2452
2453
2450
2451
2446
2447
2322
2323
2194
2195
2190
2191
2066
2067
36234
36236
2052
2053
2050
2051
2048
2049
2046
2047
2054
2055
25096
25097
25098
25099
2012
2013
2010
2011
2008
2009
2006
2007
2014
2015
25076
25077
25078
25079
2068
2069
25106
2192
2193
25167
25168
2196
36235
2197
25135
25140
25169
25170
2324
36237
2325
25234
2448
2449
25233
25295
25296
2458
2459
25297
25298
25299
25300
25301
2710
36231
2711
25427
2958
36227
2959
25550
25551
2962
36221
2963
25461
25486
25552
25553
3132
36225
3133
25638
3164
36223
3165
25637
25653
25654
3150
3151
3060
3061
2836
2837
2832
2833
36238
36240
2460
2461
36242
2406
2407
2404
2405
2402
2403
2400
2401
36244
2396
2397
2272
2273
2144
2145
36246
36248
2140
2141
2016
2017
36250
2002
2003
2000
2001
1998
1999
1996
1997
2004
2005
25071
25072
25073
25074
1922
1923
1920
1921
1918
1919
1916
1917
1924
1925
25031
25032
25033
25034
2018
2019
25081
2142
2143
25142
25143
2146
36247
2147
25100
25105
25144
25145
2274
36251
2275
25209
2398
2399
25208
25270
25271
2408
2409
25272
25273
25274
25275
25276
2336
2337
2334
2335
2332
2333
2330
2331
2326
2327
2198
2199
2074
2075
2070
2071
1926
1927
36252
36254
1912
1913
1910
1911
1908
1909
1906
1907
1914
1915
25026
25027
25028
25029
1872
1873
1870
1871
1868
1869
1866
1867
1874
1875
25006
25007
25008
25009
1928
1929
25036
2072
2073
25107
25108
2076
36253
2077
25075
25080
25109
25110
2200
36255
2201
25172
2328
2329
25171
25235
25236
2338
2339
25237
25238
25239
25240
25241
2462
36249
2463
25303
2834
36245
2835
25488
25489
2838
36239
2839
25401
25426
25490
25491
3062
36243
3063
25603
3152
36241
3153
25602
25647
25648
3172
36139
3173
25658
3154
3155
3134
3135
2964
2965
2716
2717
36256
36258
2712
2713
36260
2340
2341
36262
2286
2287
2284
2285
2282
2283
2280
2281
36264
2276
2277
2148
2149
2024
2025
36266
36268
2020
2021
1876
1877
36270
1862
1863
1860
1861
1858
1859
1856
1857
1864
1865
25001
25002
25003
25004
1802
1803
1800
1801
1798
1799
1796
1797
1804
1805
24971
24972
24973
24974
1878
1879
25011
2022
2023
25082
25083
2026
36267
2027
25030
25035
25084
25085
2150
36271
2151
25147
2278
2279
25146
25210
25211
2288
2289
25212
25213
25214
25215
25216
2212
2213
2210
2211
2208
2209
2206
2207
2202
2203
2078
2079
1934
1935
1930
1931
1806
1807
36272
36274
1792
1793
1790
1791
1788
1789
1786
1787
1794
1795
24966
24967
24968
24969
1752
1753
1750
1751
1748
1749
1746
1747
1754
1755
24946
24947
24948
24949
1808
1809
24976
1932
1933
25037
25038
1936
36273
1937
25005
25010
25039
25040
2080
36275
2081
25112
2204
2205
25111
25173
25174
2214
2215
25175
25176
25177
25178
25179
2342
36269
2343
25243
2714
36265
2715
25428
25429
2718
36257
2719
25277
25302
25430
25431
2966
36263
2967
25555
3136
36261
3137
25554
25639
25640
3064
3065
2840
2841
2468
2469
2464
2465
36276
36278
2216
2217
36280
2162
2163
2160
2161
2158
2159
2156
2157
36282
2152
2153
2028
2029
1884
1885
36284
36286
1880
1881
1756
1757
36288
1742
1743
1740
1741
1738
1739
1736
1737
1744
1745
24941
24942
24943
24944
1678
1679
1676
1677
1674
1675
1672
1673
1680
1681
24909
24910
24911
24912
1758
1759
24951
1882
1883
25012
25013
1886
36285
1887
24970
24975
25014
25015
2030
36289
2031
25087
2154
2155
25086
25148
25149
2164
2165
25150
25151
25152
25153
25154
2092
2093
2090
2091
2088
2089
2086
2087
2082
2083
1938
1939
1814
1815
1810
1811
1682
1683
36290
36292
1668
1669
1666
1667
1664
1665
1662
1663
1670
1671
24904
24905
24906
24907
1628
1629
1626
1627
1624
1625
1622
1623
1630
1631
24884
24885
24886
24887
1684
1685
24914
1812
1813
24977
24978
1816
36291
1817
24945
24950
24979
24980
1940
36293
1941
25042
2084
2085
25041
25113
25114
2094
2095
25115
25116
25117
25118
25119
2218
36287
2219
25181
2466
36283
2467
25304
25305
2470
36277
2471
25217
25242
25306
25307
2842
36281
2843
25493
3066
36279
3067
25492
25604
25605
3156
36259
3157
25650
3068
3069
2968
2969
2720
2721
2348
2349
36294
36296
2344
2345
36298
2096
2097
36300
2042
2043
2040
2041
2038
2039
2036
2037
36302
2032
2033
1888
1889
1764
1765
36304
36306
1760
1761
1632
1633
36308
1618
1619
1616
1617
1614
1615
1612
1613
1620
1621
24879
24880
24881
24882
1558
1559
1556
1557
1554
1555
1552
1553
1560
1561
24849
24850
24851
24852
1634
1635
24889
1762
1763
24952
24953
1766
36305
1767
24908
24913
24954
24955
1890
36309
1891
25017
2034
2035
25016
25088
25089
2044
2045
25090
25091
25092
25093
25094
1952
1953
1950
1951
1948
1949
1946
1947
1942
1943
1818
1819
1690
1691
1686
1687
1562
1563
36310
36312
1548
1549
1546
1547
1544
1545
1542
1543
1550
1551
24844
24845
24846
24847
1508
1509
1506
1507
1504
1505
1502
1503
36314
36316
1510
1511
24824
24825
24826
24827
1564
1565
24854
1688
1689
24915
24916
1692
36311
1693
24883
24888
24917
24918
1820
36313
1821
24982
1944
1945
24981
25043
25044
1954
1955
25045
25046
25047
25048
25049
2098
36307
2099
25121
2346
36303
2347
25244
25245
2350
36295
2351
25155
25180
25246
25247
2722
36301
2723
25433
2970
36299
2971
25432
25556
25557
2844
2845
2472
2473
2224
2225
2220
2221
36318
36320
1956
1957
36322
1902
1903
1900
1901
1898
1899
1896
1897
36324
1892
1893
1768
1769
1640
1641
36326
36328
1636
1637
1512
1513
36330
1498
1499
1496
1497
1494
1495
1492
1493
1500
1501
24819
24820
24821
24822
1386
1387
1384
1385
1382
1383
1380
1381
1388
1389
24763
24764
24765
24766
1514
1515
24829
1638
1639
24890
24891
1642
36327
1643
24848
24853
24892
24893
1770
36331
1771
24957
1894
1895
24956
25018
25019
1904
1905
25020
25021
25022
25023
25024
1832
1833
1830
1831
1828
1829
1826
1827
1822
1823
1694
1695
1570
1571
1566
1567
1390
1391
36332
36334
1376
1377
1374
1375
1372
1373
1370
1371
1378
1379
24758
24759
24760
24761
1336
1337
1334
1335
1332
1333
1330
1331
1338
1339
24738
24739
24740
24741
1392
1393
24768
1568
1569
24855
24856
1572
36333
1573
24823
24828
24857
24858
1696
36335
1697
24920
1824
1825
24919
24983
24984
1834
1835
24985
24986
24987
24988
24989
1958
36329
1959
25051
2222
36325
2223
25182
25183
2226
36319
2227
25095
25120
25184
25185
2474
36323
2475
25309
2846
36321
2847
25308
25494
25495
3070
36297
3071
25607
3204
36135
3205
25674
940
941
3182
3183
3184
3185
25664
3178
3179
3180
3181
25662
3080
3081
3082
3083
25613
3208
36133
3209
25675
25676
3198
3199
3194
3195
2848
2849
36336
2724
2725
36338
2352
2353
2104
2105
36340
36342
2100
2101
36344
1836
1837
36346
1782
1783
1780
1781
1778
1779
1776
1777
36348
1772
1773
1644
1645
1520
1521
36350
36352
1516
1517
1340
1341
36354
1326
1327
1324
1325
1322
1323
1320
1321
1328
1329
24733
24734
24735
24736
1266
1267
1264
1265
1262
1263
1260
1261
1268
1269
24703
24704
24705
24706
1342
1343
24743
1518
1519
24830
24831
1522
36351
1523
24762
24767
24832
24833
1646
36355
1647
24895
1774
1775
24894
24958
24959
1784
1785
24960
24961
24962
24963
24964
1708
1709
1706
1707
1704
1705
1702
1703
1698
1699
1574
1575
1398
1399
1394
1395
1270
1271
36356
36358
1256
1257
1254
1255
1252
1253
1250
1251
1258
1259
24698
24699
24700
24701
1216
1217
1214
1215
1212
1213
1210
1211
36360
36362
36364
36366
36368
36370
36372
36374
36376
1218
1219
24678
24679
24680
24681
1272
1273
24708
1396
1397
24769
24770
1400
36357
1401
24737
24742
24771
24772
1576
36359
1577
24860
1700
1701
24859
24921
24922
1710
1711
24923
24924
24925
24926
24927
1838
36353
1839
24991
2102
36349
2103
25122
25123
2106
36341
2107
25025
25050
25124
25125
2354
36347
2355
25249
2726
36345
2727
25248
25434
25435
2476
2477
2228
2229
1964
1965
1960
1961
36378
36380
1712
1713
36382
1658
1659
1656
1657
1654
1655
1652
1653
36384
1648
1649
1524
1525
1348
1349
36386
36388
1344
1345
1220
1221
36390
1206
1207
1204
1205
1202
1203
1200
1201
1208
1209
24673
24674
24675
24676
1142
1143
1140
1141
1138
1139
1136
1137
1144
1145
24641
24642
24643
24644
1222
1223
24683
1346
1347
24744
24745
1350
36387
1351
24702
24707
24746
24747
1526
36391
1527
24835
1650
1651
24834
24896
24897
1660
1661
24898
24899
24900
24901
24902
1588
1589
1586
1587
1584
1585
1582
1583
1578
1579
1402
1403
1278
1279
1274
1275
1146
1147
36392
36394
1132
1133
1130
1131
1128
1129
1126
1127
1134
1135
24636
24637
24638
24639
1092
1093
1090
1091
1088
1089
1086
1087
1094
1095
24616
24617
24618
24619
1148
1149
24646
1276
1277
24709
24710
1280
36393
1281
24677
24682
24711
24712
1404
36395
1405
24774
1580
1581
24773
24861
24862
1590
1591
24863
24864
24865
24866
24867
1714
36389
1715
24929
1962
36385
1963
25052
25053
1966
36379
1967
24965
24990
25054
25055
2230
36383
2231
25187
2478
36381
2479
25186
25310
25311
2850
36343
2851
25497
2480
2481
2356
2357
2108
2109
1844
1845
36396
36398
1840
1841
36400
1592
1593
36402
1538
1539
1536
1537
1534
1535
1532
1533
36404
1528
1529
1352
1353
1228
1229
36406
36408
1224
1225
1096
1097
36410
1082
1083
1080
1081
1078
1079
1076
1077
1084
1085
24611
24612
24613
24614
1022
1023
1020
1021
1018
1019
1016
1017
1024
1025
24581
24582
24583
24584
1098
1099
24621
1226
1227
24684
24685
1230
36407
1231
24640
24645
24686
24687
1354
36411
1355
24749
1530
1531
24748
24836
24837
1540
1541
24838
24839
24840
24841
24842
1416
1417
1414
1415
1412
1413
1410
1411
1406
1407
1282
1283
1154
1155
1150
1151
1026
1027
36412
36414
1012
1013
1010
1011
1008
1009
1006
1007
1014
1015
24576
24577
24578
24579
972
973
970
971
968
969
966
967
974
975
24556
24557
24558
24559
1028
1029
24586
1152
1153
24647
24648
1156
36413
1157
24615
24620
24649
24650
1284
36415
1285
24714
1408
1409
24713
24775
24776
1418
1419
24777
24778
24779
24780
24781
1594
36409
1595
24869
1842
36405
1843
24992
24993
1846
36397
1847
24903
24928
24994
24995
2110
36403
2111
25127
2358
36401
2359
25126
25250
25251
2232
2233
1968
1969
1720
1721
1716
1717
36416
36418
1420
1421
36420
1366
1367
1364
1365
1362
1363
1360
1361
36422
1356
1357
1232
1233
1104
1105
36424
36426
1100
1101
976
977
36428
962
963
960
961
958
959
956
957
964
965
24551
24552
24553
24554
876
877
874
875
872
873
870
871
878
879
24508
24509
24510
24511
978
979
24561
1102
1103
24622
24623
1106
36425
1107
24580
24585
24624
24625
1234
36429
1235
24689
1358
1359
24688
24750
24751
1368
1369
24752
24753
24754
24755
24756
1296
1297
1294
1295
1292
1293
1290
1291
1286
1287
1158
1159
1034
1035
1030
1031
880
881
36430
36432
866
867
864
865
862
863
860
861
868
869
24503
24504
24505
24506
826
827
824
825
822
823
820
821
828
829
24483
24484
24485
24486
882
883
24513
1032
1033
24587
24588
1036
36431
1037
24555
24560
24589
24590
1160
36433
1161
24652
1288
1289
24651
24715
24716
1298
1299
24717
24718
24719
24720
24721
1422
36427
1423
24783
1718
36423
1719
24930
24931
1722
36417
1723
24843
24868
24932
24933
1970
36421
1971
25057
2234
36419
2235
25056
25188
25189
2482
36399
2483
25313
3196
36339
3197
25670
3076
3077
3078
3079
25611
2492
2493
2494
2495
25319
3200
36337
3201
25671
25672
1460
1461
3190
3191
950
951
3186
3187
934
935
3174
3175
3176
3177
25651
25659
25660
3188
3189
25661
25663
25665
25666
3084
3085
3072
3073
3074
3075
25498
25608
25609
3086
3087
25610
25612
25614
25615
2496
2497
2488
2489
36434
2112
2113
36436
1848
1849
1600
1601
36438
36440
1596
1597
36442
1300
1301
36444
1246
1247
1244
1245
1242
1243
1240
1241
36446
1236
1237
1108
1109
984
985
36448
36450
980
981
830
831
36452
816
817
814
815
812
813
810
811
818
819
24478
24479
24480
24481
756
757
754
755
752
753
750
751
36454
36456
36458
36460
36462
36464
36466
36468
36470
758
759
24448
24449
24450
24451
832
833
24488
982
983
24562
24563
986
36449
987
24507
24512
24564
24565
1110
36453
1111
24627
1238
1239
24626
24690
24691
1248
1249
24692
24693
24694
24695
24696
1172
1173
1170
1171
1168
1169
1166
1167
1162
1163
1038
1039
888
889
884
885
760
761
36472
36474
746
747
744
745
742
743
740
741
748
749
24443
24444
24445
24446
706
707
704
705
702
703
700
701
36476
36478
36480
708
709
24423
24424
24425
24426
762
763
24453
886
887
24514
24515
890
36473
891
24482
24487
24516
24517
1040
36475
1041
24592
1164
1165
24591
24653
24654
1174
1175
24655
24656
24657
24658
24659
1302
36451
1303
24723
1598
36447
1599
24870
24871
1602
36439
1603
24757
24782
24872
24873
1850
36445
1851
24997
2114
36443
2115
24996
25128
25129
1972
1973
1724
1725
1428
1429
1424
1425
36482
36484
1176
1177
36486
1122
1123
1120
1121
1118
1119
1116
1117
36488
1112
1113
988
989
838
36477
839
36490
36492
834
835
710
711
36494
696
697
694
695
692
693
690
691
698
699
24418
24419
24420
24421
630
631
628
629
626
627
624
625
632
633
24385
24386
24387
24388
712
713
24428
836
837
24489
24490
840
36491
841
24447
24452
24491
24492
990
36495
991
24567
1114
1115
24566
24628
24629
1124
1125
24630
24631
24632
24633
24634
1052
1053
1050
1051
1048
1049
1046
1047
1042
1043
892
893
768
769
764
765
634
635
36496
36498
620
621
618
619
616
617
614
615
622
623
24380
24381
24382
24383
580
581
578
579
576
577
574
575
582
583
24360
24361
24362
24363
636
637
24390
766
767
24454
24455
770
36497
771
24422
24427
24456
24457
894
36499
895
24519
1044
1045
24518
24593
24594
1054
1055
24595
24596
24597
24598
24599
1178
36493
1179
24661
1426
36489
1427
24784
24785
1430
36483
1431
24697
24722
24786
24787
1726
36487
1727
24935
1974
36485
1975
24934
25058
25059
2490
36441
2491
25317
2484
2485
2236
2237
2238
2239
25191
1976
1977
1852
1853
36500
1604
1605
1308
1309
36502
36504
1304
1305
36506
1056
1057
36508
1002
1003
1000
1001
998
999
996
997
36510
992
993
842
843
718
719
36512
36514
714
715
584
585
36516
570
571
568
569
566
567
564
565
572
573
24355
24356
24357
24358
508
509
506
507
504
505
502
503
510
511
24324
24325
24326
24327
586
587
24365
716
717
24429
24430
720
36513
721
24384
24389
24431
24432
844
36517
845
24494
994
995
24493
24568
24569
1004
1005
24570
24571
24572
24573
24574
906
907
904
905
902
903
900
901
896
897
772
773
642
643
638
639
512
513
36518
36520
498
499
496
497
494
495
492
493
500
501
24319
24320
24321
24322
458
459
456
457
454
455
452
453
460
461
24299
24300
24301
24302
514
515
24329
640
641
24391
24392
644
36519
645
24359
24364
24393
24394
774
36521
775
24459
898
899
24458
24520
24521
908
909
24522
24523
24524
24525
24526
1058
36515
1059
24601
1306
36511
1307
24724
24725
1310
36503
1311
24635
24660
24726
24727
1606
36509
1607
24875
1854
36507
1855
24874
24998
24999
1728
1729
1432
1433
1184
1185
1180
1181
36522
36524
910
911
36526
856
857
854
855
852
853
850
851
36528
846
847
722
723
592
593
36530
36532
588
589
462
463
36534
448
449
446
447
444
445
442
443
450
451
24294
24295
24296
24297
390
391
388
389
386
387
384
385
392
393
24265
24266
24267
24268
464
465
24304
590
591
24366
24367
594
36531
595
24323
24328
24368
24369
724
36535
725
24434
848
849
24433
24495
24496
858
859
24497
24498
24499
24500
24501
786
787
784
785
782
783
780
781
776
777
646
647
520
521
516
517
394
395
36536
36538
380
381
378
379
376
377
374
375
382
383
24260
24261
24262
24263
340
341
338
339
336
337
334
335
342
343
24240
24241
24242
24243
396
397
24270
518
519
24330
24331
522
36537
523
24298
24303
24332
24333
648
36539
649
24396
778
779
24395
24460
24461
788
789
24462
24463
24464
24465
24466
912
36533
913
24528
1182
36529
1183
24662
24663
1186
36523
1187
24575
24600
24664
24665
1434
36527
1435
24789
1730
36525
1731
24788
24936
24937
1978
36505
1979
25061
2486
36501
2487
25315
1988
1989
1990
1991
25067
2498
36437
36479
2499
25316
25321
3192
36435
36465
36467
3193
25668
2516
2517
2512
2513
2514
2515
25192
25314
25329
2518
2519
25318
25320
25330
25331
3212
36131
36463
36373
3213
25669
25678
2520
2521
2508
2509
2504
2505
36540
1732
1733
36542
1608
1609
36544
1312
1313
1064
1065
36546
36548
1060
1061
36550
790
791
36552
736
737
734
735
732
733
730
731
36554
726
727
596
597
470
471
36556
36558
466
467
344
345
36560
330
331
328
329
326
327
324
325
332
333
24235
24236
24237
24238
274
275
272
273
270
271
268
269
276
277
24207
24208
24209
24210
346
347
24245
468
469
24305
24306
472
36557
473
24264
24269
24307
24308
598
36561
599
24371
728
729
24370
24435
24436
738
739
24437
24438
24439
24440
24441
660
661
658
659
656
657
654
655
650
651
524
525
402
403
398
399
278
279
36562
36564
264
265
262
263
260
261
258
259
266
267
24202
24203
24204
24205
224
225
222
223
220
221
218
219
226
227
24182
24183
24184
24185
280
281
24212
400
401
24271
24272
404
36563
405
24239
24244
24273
24274
526
36565
527
24335
652
653
24334
24397
24398
662
663
24399
24400
24401
24402
24403
792
36559
793
24468
1062
36555
1063
24602
24603
1066
36547
1067
24502
24527
24604
24605
1314
36553
1315
24729
1610
36551
1611
24728
24876
24877
1436
1437
1188
1189
918
919
914
915
36566
36568
664
665
36570
610
611
608
609
606
607
604
605
36572
600
601
474
475
352
353
36574
36576
348
349
228
229
36578
214
215
212
213
210
211
208
209
216
217
24177
24178
24179
24180
168
169
166
167
164
165
162
163
170
171
24154
24155
24156
24157
230
231
24187
350
351
24246
24247
354
36575
355
24206
24211
24248
24249
476
36579
477
24310
602
603
24309
24372
24373
612
613
24374
24375
24376
24377
24378
538
539
536
537
534
535
532
533
528
529
406
407
286
287
282
283
172
173
36580
36582
158
159
156
157
154
155
152
153
160
161
24149
24150
24151
24152
116
117
114
115
112
113
110
111
118
119
24128
24129
24130
24131
174
175
24159
284
285
24213
24214
288
36581
289
24181
24186
24215
24216
408
36583
409
24276
530
531
24275
24336
24337
540
541
24338
24339
24340
24341
24342
666
36577
667
24405
916
36573
917
24529
24530
920
36567
921
24442
24467
24531
24532
1190
36571
1191
24667
1438
36569
1439
24666
24790
24791
1734
36549
1735
24939
1440
1441
1316
1317
1068
1069
798
799
36584
36586
794
795
36588
542
543
36590
488
489
486
487
484
485
482
483
36592
478
479
356
357
236
237
36594
36596
232
233
120
121
36598
106
107
104
105
102
103
100
101
108
109
24123
24124
24125
24126
78
79
76
77
74
75
72
73
80
81
24109
24110
24111
24112
122
123
24133
234
235
24188
24189
238
36595
239
24153
24158
24190
24191
358
36599
359
24251
480
481
24250
24311
24312
490
491
24313
24314
24315
24316
24317
420
421
418
419
416
417
414
415
410
411
290
291
180
181
176
177
82
83
36600
36602
68
69
66
67
64
65
62
63
70
71
24104
24105
24106
24107
42
43
40
41
38
39
36
37
44
45
24091
24092
24093
24094
84
85
24114
178
179
24160
24161
182
36601
183
24127
24132
24162
24163
292
36603
293
24218
412
413
24217
24277
24278
422
423
24279
24280
24281
24282
24283
544
36597
545
24344
796
36593
797
24469
24470
800
36585
801
24379
24404
24471
24472
1070
36591
1071
24607
1318
36589
1319
24606
24730
24731
1192
1193
922
923
672
673
668
669
36604
36606
424
425
36608
370
371
368
369
366
367
364
365
36610
360
361
240
241
128
129
36612
36614
124
125
46
47
36616
32
33
30
31
28
29
36618
36620
36622
36624
36626
36628
36630
36632
36634
36636
36638
36640
36642
36644
36646
36648
26
27
34
35
24086
24087
24088
24089
16
17
14
15
12
13
10
11
18
19
24078
24079
24080
24081
48
49
24096
126
127
24134
24135
130
36613
131
24108
24113
24136
24137
242
36617
243
24193
362
363
24192
24252
24253
372
373
24254
24255
24256
24257
24258
304
305
302
303
300
301
298
299
294
295
184
185
90
36643
91
86
87
22
23
24083
36650
36652
6
7
24075
2
3
0
1
8
9
24073
24074
24076
24
25
24084
88
89
24115
24116
92
36651
93
24090
24095
24117
24118
186
36653
187
24165
296
297
24164
24219
24220
306
307
24221
24222
24223
24224
24225
426
36615
427
24285
670
36611
671
24406
24407
674
36605
675
24318
24343
24408
24409
924
36609
925
24534
1194
36607
1195
24533
24668
24669
1442
36587
1443
24793
2506
36545
2507
25325
1984
1985
1986
1987
25065
1452
1453
1454
1455
24799
2510
36543
2511
25326
25327
2500
2501
1992
36481
1993
1980
1981
1982
1983
24940
25062
25063
1994
1995
25064
25066
25068
25069
1456
1457
1448
1449
36654
1072
1073
36656
802
803
550
36641
551
36658
36660
546
547
36662
308
309
36664
254
255
252
253
250
251
248
249
36666
244
245
132
133
58
59
24101
36668
36670
52
53
24098
54
55
24085
24097
24099
60
36669
61
24077
24082
24100
24102
134
135
24139
246
247
24138
24194
24195
256
257
24196
24197
24198
24199
24200
198
199
196
197
194
195
192
193
188
189
96
97
24120
98
99
24121
190
191
24119
24166
24167
200
201
24168
24169
24170
24171
24172
310
36671
311
24227
548
36667
549
24345
24346
552
36659
553
24259
24284
24347
24348
804
36665
805
24474
1074
36663
1075
24473
24608
24609
926
927
676
677
432
433
428
429
36672
36674
204
205
24174
36676
148
149
24146
144
145
142
143
36678
138
139
24141
140
141
24103
24122
24140
24142
150
151
24143
24144
24145
24147
206
207
24175
430
36679
431
24286
24287
434
36673
435
24201
24226
24288
24289
678
36677
679
24411
928
36675
929
24410
24535
24536
1450
36661
1451
24797
1444
1445
1196
1197
1198
1199
24671
930
931
806
807
36680
554
555
320
321
24232
36682
36684
314
315
24229
316
317
24176
24228
24230
322
36683
323
24148
24173
24231
24233
556
557
24350
808
809
24349
24475
24476
680
681
438
439
24291
440
441
24292
682
683
24290
24412
24413
932
36685
933
24538
1446
36681
1447
24795
946
947
948
949
24546
1458
36657
1459
24796
24801
2502
36655
36639
2503
25323
1482
36649
1483
1478
36647
1479
1480
1481
24672
24794
24812
1484
1485
24798
24800
24813
24814
2522
36541
36637
2523
25324
25333
3276
36127
36627
3277
25710
2536
2537
3222
3223
2530
2531
3218
3219
3220
36633
36635
3221
25616
25667
25682
3224
36629
36631
3225
25673
25677
25683
25684
2598
2599
2594
2595
2596
2597
25070
25322
25370
2600
2601
25328
25332
25371
25372
2588
2589
2590
2591
25367
2582
2583
2584
2585
25364
2576
2577
2578
2579
25361
2544
2545
2546
2547
25345
2542
2543
2548
2549
25344
25346
2580
2581
25362
2558
2559
2560
2561
25352
2556
2557
2562
2563
25351
25353
2586
2587
25363
25365
2570
2571
2572
2573
25358
2564
2565
2566
2567
25355
2550
2551
2552
2553
25348
2554
2555
25347
25349
2568
2569
25350
25354
25356
2574
2575
25359
2592
2593
25360
25368
3280
36125
3281
25711
25712
3226
36471
3227
3214
36469
3215
1488
36645
1489
24816
36686
1474
1475
24809
36688
1468
1469
24806
36690
686
687
24415
36692
560
561
24352
562
563
24234
24293
24351
24353
688
689
24416
1470
1471
24807
942
943
24543
944
945
24544
1476
36693
1477
24808
24810
1462
1463
24803
952
953
24548
936
937
24540
938
939
24417
24539
24541
954
955
24542
24545
24547
24549
1464
1465
24804
1490
36691
1491
24805
24817
3216
36689
3217
25680
2538
2539
25341
2532
2533
25338
2534
2535
24550
24802
25339
2540
2541
24811
24815
25340
25342
3228
36687
3229
25681
25686
3332
36123
3333
25738
3254
3255
3290
3291
3236
3237
3286
3287
3288
3289
25716
3248
3249
3250
3251
25697
3242
3243
3244
3245
25694
3246
3247
25357
25695
3252
3253
25366
25696
25698
3292
3293
25717
25718
3264
3265
3260
3261
3262
3263
25679
25703
3266
3267
25685
25704
25705
3336
36121
3337
25739
25740
3294
36377
3295
3282
36375
3283
2604
2605
25374
36694
2526
2527
25335
2528
2529
25336
2606
2607
25337
25369
25375
3284
3285
25714
3256
3257
25700
3238
3239
25691
3240
3241
24818
25334
25692
3258
3259
25343
25373
25693
25699
25701
3296
36695
3297
25715
25720
3388
36119
3389
25766
3310
3311
3346
3347
3304
3305
3342
3343
3344
3345
25744
3348
3349
25745
25746
3320
3321
3316
3317
3318
3319
25731
3322
3323
25732
25733
3392
36117
3393
25767
25768
3350
36317
3351
3338
36315
3339
3270
3271
25707
36696
3232
3233
25688
3234
3235
25689
3272
3273
25690
25708
3340
3341
25742
3312
3313
25728
3306
3307
25725
3308
3309
25726
3314
3315
25727
25729
3352
36697
3353
25743
25748
3444
36115
3445
25794
3366
3367
3402
3403
3360
3361
3398
3399
3400
3401
25772
3404
3405
25773
25774
3376
3377
3372
3373
3374
3375
25741
25759
3378
3379
25747
25760
25761
3448
36113
3449
25795
25796
3406
36215
3407
3394
36213
3395
3326
3327
25735
36698
3300
3301
25722
3302
3303
25723
3328
3329
25724
25736
3396
3397
25770
3368
3369
25756
3362
3363
25753
3364
3365
25709
25721
25754
3370
3371
25730
25734
25755
25757
3408
36699
3409
25771
25776
3500
36111
3501
25822
3422
3423
3458
3459
3416
3417
3454
3455
3456
3457
25800
3460
3461
25801
25802
3432
3433
3428
3429
3430
3431
25787
3434
3435
25788
25789
3504
36109
3505
25769
25823
25824
3462
36211
3463
3450
36209
3451
3382
3383
25763
36700
3356
3357
25750
3358
3359
25751
3384
3385
25752
25764
3452
3453
25798
3424
3425
25784
3418
3419
25781
3420
3421
25782
3426
3427
25783
25785
3464
36701
3465
25749
25799
25804
3568
36107
3569
25856
3478
3479
3514
3515
3472
3473
3510
3511
3512
3513
25828
3516
3517
25775
25829
25830
3488
3489
3484
3485
3486
3487
25797
25815
3490
3491
25762
25803
25816
25817
3572
36105
3573
25857
25858
3522
3523
3562
3563
3492
3493
3558
3559
3466
3467
3554
3555
3556
3557
25850
3560
3561
25851
25852
3518
3519
3506
3507
36702
3438
3439
25791
36704
3412
3413
25778
3414
3415
25779
3440
3441
25737
25780
25792
3508
3509
25826
3480
3481
25812
3474
3475
25809
3476
3477
25765
25777
25810
3482
3483
25758
25786
25790
25811
25813
3520
36705
3521
25827
25832
3564
36703
3565
25854
3544
36191
3545
3540
36189
3541
3542
3543
25825
25843
3546
3547
25831
25844
25845
3576
36103
3577
25855
25860
3550
36187
3551
25847
3536
3537
25840
3530
3531
25837
3532
3533
25838
3538
3539
25839
25841
3524
3525
25834
3494
3495
25819
36706
3468
3469
25806
3470
3471
25793
25805
25807
3496
3497
25808
25814
25818
25820
3526
3527
25835
3552
36707
3553
25836
25848
3582
36129
3583
25849
25861
25863
3966
36101
3967
26053
3610
3611
3612
3613
25878
3596
3597
3606
3607
3590
3591
3602
3603
3604
3605
25874
3608
3609
25875
25876
3598
3599
25871
3592
3593
25868
3594
3595
25869
3600
3601
25870
25872
3614
3615
25873
25877
25879
3972
36099
3973
26054
26056
3642
3643
3644
3645
25894
3628
3629
3638
3639
3622
3623
3634
3635
3636
3637
25890
3640
3641
25891
25892
3630
3631
25887
3624
3625
25884
3626
3627
25885
3632
3633
25886
25888
3646
3647
25889
25893
25895
3978
36097
3979
26057
26059
3674
3675
3676
3677
25910
3660
3661
3670
3671
3654
3655
3666
3667
3668
3669
25906
3672
3673
25907
25908
3662
3663
25903
3656
3657
25900
3658
3659
25901
3664
3665
25902
25904
3678
3679
25905
25909
25911
3984
36095
3985
26060
26062
3706
3707
3708
3709
25926
3692
3693
3702
3703
3686
3687
3698
3699
3700
3701
25922
3704
3705
25923
25924
3694
3695
25919
3688
3689
25916
3690
3691
25917
3696
3697
25918
25920
3710
3711
25921
25925
25927
3990
36093
3991
26063
26065
3738
3739
3740
3741
25942
3724
3725
3734
3735
3718
3719
3730
3731
3732
3733
25938
3736
3737
25939
25940
3726
3727
25935
3720
3721
25932
3722
3723
25933
3728
3729
25934
25936
3742
3743
25937
25941
25943
3996
36091
3997
26066
26068
3770
3771
3772
3773
25958
3756
3757
3766
3767
3750
3751
3762
3763
3764
3765
25954
3768
3769
25955
25956
3758
3759
25951
3752
3753
25948
3754
3755
25949
3760
3761
25950
25952
3774
3775
25953
25957
25959
4002
36089
4003
26069
26071
3802
3803
3804
3805
25974
3788
3789
3798
3799
3782
3783
3794
3795
3796
3797
25853
25970
3800
3801
25859
25971
25972
3790
3791
25967
3784
3785
25964
3786
3787
25821
25833
25965
3792
3793
25842
25846
25966
25968
3806
3807
25969
25973
25975
4008
36087
4009
26072
26074
3955
3956
3957
3958
26049
3949
3950
3951
3952
26046
3943
3944
3945
3946
26043
3937
3938
3939
3940
26040
3931
3932
3933
3934
26037
3925
3926
3927
3928
26034
3919
3920
3921
3922
26031
3913
3914
3915
3916
26028
3917
3918
26029
3923
3924
26030
26032
3929
3930
26033
26035
3935
3936
26036
26038
3941
3942
26039
26041
3947
3948
26042
26044
3953
3954
26045
26047
3959
3960
26048
26050
3906
3907
3908
3909
26025
3900
3901
3902
3903
26022
3894
3895
3896
3897
26019
3888
3889
3890
3891
26016
3882
3883
3884
3885
26013
3876
3877
3878
3879
26010
3870
3871
3872
3873
26007
3864
3865
3866
3867
26004
3868
3869
26005
3874
3875
26006
26008
3880
3881
26009
26011
3886
3887
26012
26014
3892
3893
26015
26017
3898
3899
26018
26020
3904
3905
26021
26023
3910
3911
26024
26026
3857
3858
3859
3860
26001
3851
3852
3853
3854
25998
3845
3846
3847
3848
25995
3839
3840
3841
3842
25992
3833
3834
3835
3836
25989
3827
3828
3829
3830
25986
3821
3822
3823
3824
25983
3815
3816
3817
3818
25980
3819
3820
25981
3825
3826
25982
25984
3831
3832
25985
25987
3837
3838
25988
25990
3843
3844
25991
25993
3849
3850
25994
25996
3855
3856
25997
25999
3861
3862
26000
26002
3808
3809
3810
3811
25977
3776
3777
3778
3779
25961
3744
3745
3746
3747
25945
3712
3713
3714
3715
25929
3680
3681
3682
3683
25913
3648
3649
3650
3651
25897
3616
3617
3618
3619
25881
3584
3585
3586
3587
25865
3588
3589
25866
3620
3621
25867
25882
3652
3653
25883
25898
3684
3685
25899
25914
3716
3717
25915
25930
3748
3749
25931
25946
3780
3781
25947
25962
3812
3813
25963
25978
3814
25979
3863
26003
3912
26027
3961
26051
4010
26075
4104
4105
4124
4125
4098
4099
4120
4121
4017
4018
4068
4069
4011
4012
36708
4064
4065
4066
4067
26102
4070
4071
26103
26104
4019
4020
4013
4014
4015
4016
26077
4021
4022
26078
26080
4122
4123
26128
4043
4044
4080
4081
4037
4038
4076
4077
4078
4079
26108
4082
4083
26109
26110
4045
4046
4039
4040
4041
4042
25376
26090
4047
4048
25702
26091
26093
4126
36709
4127
26129
26130
4115
4116
4111
4112
4027
4028
26079
36710
4023
4024
26076
4025
4026
26082
4029
4030
26083
26084
4113
4114
26124
4053
4054
26092
4049
4050
26089
4051
4052
25687
25713
26095
4055
4056
25706
25719
26096
26097
4117
36711
4118
26125
26126
4106
4107
26121
4100
4101
26118
4102
4103
26119
4108
4109
26120
26122
4057
4058
4093
4094
4031
4032
4089
4090
4091
4092
26114
4095
4096
26115
26116
4084
4085
4072
4073
4074
4075
26105
26106
4086
4087
26107
26111
26112
4059
4060
26099
4033
4034
26086
4035
4036
26081
26085
26087
4061
4062
26088
26094
26098
26100
4063
26101
4088
26113
4097
26117
4110
26123
4119
26127
4128
26131
23879
23880
24068
24069
23873
23874
24064
24065
23867
23868
24060
24061
23861
23862
24056
24057
15215
15216
23580
23581
15169
15170
23576
23577
15123
15124
23572
23573
15077
15078
36712
36714
36716
36718
36720
23568
23569
15055
15056
36722
23435
23436
14993
14994
36724
23431
23432
14931
14932
36726
23427
23428
14869
14870
36728
23423
23424
14767
14768
36730
23226
23227
14705
14706
36732
23222
23223
14643
14644
36734
23218
23219
14581
14582
36736
23214
23215
14287
14288
36738
22953
22954
14225
14226
36740
22949
22950
14163
14164
36742
22945
22946
14101
14102
36744
22941
22942
12135
12136
36746
22616
22617
12017
12018
36748
22612
22613
11899
11900
36750
22608
22609
11781
11782
36752
22604
22605
9823
9824
36754
22167
22168
9705
9706
36756
22163
22164
9587
9588
36758
22159
22160
9469
9470
36760
22155
22156
9351
9352
36762
22151
22152
9233
9234
36764
22147
22148
9115
9116
36766
22143
22144
8997
8998
36768
22139
22140
7527
7528
21446
21447
7521
7522
21442
21443
21440
21441
7513
7514
21436
21437
7507
7508
21432
21433
7501
7502
21428
21429
7495
7496
36770
21424
21425
7489
7490
36772
21420
21421
7483
7484
36774
21416
21417
7477
7478
36776
21412
21413
6407
6408
36778
20918
20919
6353
6354
36780
20914
20915
4871
4872
36782
36784
36786
36788
36790
36792
20854
20855
4593
4594
36794
19565
19566
4559
4560
36796
19561
19562
4525
4526
36798
19557
19558
4491
4492
36800
19553
19554
4457
4458
36802
19549
19550
4423
4424
36804
19545
19546
4389
4390
36806
19541
19542
4355
4356
36808
19537
19538
4253
4254
36810
18160
18161
4239
4240
36812
18156
18157
4165
4166
36814
16747
16748
4143
4144
36816
16739
16740
4129
4130
36818
15322
15323
15324
15325
31728
15318
15319
15320
15321
24354
31726
16741
16742
32436
15330
15331
4135
4136
4137
4138
26135
4131
4132
4133
4134
24414
24477
26133
15332
15333
31732
15326
15327
15328
15329
31730
16749
16750
31729
32440
16743
16744
16745
16746
31727
32437
32438
18158
36819
18159
33144
4233
4234
18152
18153
4195
4196
18148
18149
18150
18151
33140
16751
16752
15334
15335
36820
4145
4146
36822
4139
4140
4141
4142
24537
26137
4147
4148
26140
15336
15337
26134
31731
31734
16753
36823
16754
32442
18154
36821
18155
33142
16763
16764
16765
16766
32439
32448
18162
36817
18163
33143
33146
16771
16772
16767
16768
15338
15339
36824
4153
4154
36826
4149
4150
4151
4152
24610
26142
4155
4156
26144
15340
15341
26136
31733
31736
16769
36827
16770
32450
16759
16760
16755
16756
16757
16758
32441
32444
15342
15343
4167
4168
36828
4161
4162
36830
4157
4158
4159
4160
24670
26146
4163
4164
26148
4169
4170
26138
26141
26151
15344
36831
15345
31738
16761
36829
16762
32446
15354
15355
15356
15357
31735
31744
16773
36825
16774
32447
32452
19539
36815
19540
33834
36832
36834
36836
36838
36840
36842
36844
36846
36848
36850
36852
36854
36856
36858
36860
36862
36864
36866
36868
36870
36872
36874
36876
36878
4367
4368
18172
18173
36880
4361
4362
18168
18169
36882
18170
18171
33150
18174
18175
33151
33152
16783
16784
16779
16780
16781
16782
32456
16785
16786
32457
32458
19543
36813
19544
33835
33836
4401
4402
18184
18185
36884
4395
4396
18180
18181
36886
18182
18183
33156
18186
18187
33157
33158
16795
16796
16791
16792
16793
16794
32462
16797
16798
32463
32464
19547
36811
19548
33837
33838
4435
4436
18196
18197
36888
4429
4430
18192
18193
36890
18194
18195
33162
18198
18199
33163
33164
16807
16808
16803
16804
16805
16806
32468
16809
16810
32469
32470
19551
36809
19552
33839
33840
4469
4470
18208
18209
36892
4463
4464
18204
18205
36894
18206
18207
33168
18210
18211
33169
33170
16819
16820
16815
16816
16817
16818
32474
16821
16822
32475
32476
19555
36807
19556
33841
33842
4503
4504
18220
18221
36896
4497
4498
18216
18217
36898
18218
18219
33174
18222
18223
33175
33176
16831
16832
16827
16828
16829
16830
32480
16833
16834
32481
32482
19559
36805
19560
33843
33844
4537
4538
18232
18233
36900
4531
4532
18228
18229
36902
18230
18231
33180
36904
18234
18235
33181
33182
16843
16844
16839
16840
16841
16842
32486
16845
16846
32487
32488
19563
36803
19564
33845
33846
4571
4572
18244
18245
36906
4565
4566
18240
18241
36908
18242
18243
33141
33186
18246
18247
33145
33187
33188
16855
16856
16851
16852
16853
16854
32443
32445
32492
16857
16858
32449
32451
32493
32494
19567
36801
19568
33847
33848
18248
18249
18236
18237
18224
18225
36910
18212
18213
36912
18200
18201
36914
18188
18189
36916
18176
18177
36918
18164
18165
36920
15362
15363
36922
15358
15359
36924
4179
4180
36926
4175
4176
36928
4171
4172
4173
4174
24732
26153
4177
4178
26155
4181
4182
26143
26145
26157
15360
36929
15361
31746
15350
15351
15346
15347
15348
15349
31737
31740
4197
4198
4191
4192
36930
4187
4188
36932
4183
4184
4185
4186
24792
26159
4189
4190
26161
4193
4194
26147
26149
26163
4199
36933
4200
26166
15352
36931
15353
31742
4241
4242
4243
4244
26152
26188
15364
36927
15365
31743
31748
18166
36925
18167
33147
33148
15374
15375
15370
15371
15372
15373
31752
15376
15377
31753
31754
18178
36923
18179
33149
33153
33154
15386
15387
15382
15383
15384
15385
31758
15388
15389
31759
31760
18190
36921
18191
33155
33159
33160
15398
15399
15394
15395
15396
15397
31764
15400
15401
31765
31766
18202
36919
18203
33161
33165
33166
15410
15411
15406
15407
15408
15409
31770
15412
15413
31771
31772
18214
36917
18215
33167
33171
33172
15422
15423
15418
15419
15420
15421
31776
15424
15425
31777
31778
18226
36915
18227
33173
33177
33178
15434
15435
15430
15431
15432
15433
31782
15436
15437
31783
31784
18238
36913
18239
33179
33183
33184
15446
15447
15442
15443
15444
15445
31739
31741
31788
15448
15449
31745
31747
31789
31790
18250
36911
18251
33185
33189
33190
20856
36799
20857
34492
6347
6348
6349
6350
27241
6341
6342
6343
6344
27238
6335
6336
6337
6338
27235
6329
6330
6331
6332
27232
6323
6324
6325
6326
27229
6317
6318
6319
6320
27226
6311
6312
6313
6314
27223
6305
6306
6307
6308
27220
5487
5488
5489
5490
26811
5481
5482
5483
5484
26808
5475
5476
5477
5478
26805
5473
5474
5467
5468
5469
5470
26801
5471
36877
5472
25976
26802
5461
5462
5463
5464
26798
5459
5460
5453
5454
5455
5456
26794
5451
5452
5445
5446
5447
5448
26790
5443
5444
5437
5438
5439
5440
26786
5435
5436
5429
5430
5431
5432
26782
5427
5428
5421
5422
5423
5424
26778
5419
5420
5413
5414
5415
5416
26774
5411
5412
5417
5418
26773
26775
5425
5426
26776
26777
26779
5433
5434
26780
26781
26783
5441
5442
26784
26785
26787
5449
5450
26788
26789
26791
5457
5458
26792
26793
26795
5465
5466
26796
26797
26799
5479
5480
26800
26803
26804
26806
5409
5410
5403
5404
5405
5406
26769
5397
5398
5399
5400
26766
5395
5396
5389
5390
5391
5392
26762
5393
36875
5394
25960
26763
5383
5384
5385
5386
26759
5381
5382
5375
5376
5377
5378
26755
5373
5374
5367
5368
5369
5370
26751
5365
5366
5359
5360
5361
5362
26747
5357
5358
5351
5352
5353
5354
26743
5349
5350
5343
5344
5345
5346
26739
5341
5342
5335
5336
5337
5338
26735
5333
5334
5339
5340
26734
26736
5347
5348
26737
26738
26740
5355
5356
26741
26742
26744
5363
5364
26745
26746
26748
5371
5372
26749
26750
26752
5379
5380
26753
26754
26756
5387
5388
26757
26758
26760
5401
5402
26761
26764
26765
26767
5327
5328
5329
5330
26731
5321
5322
5323
5324
26728
5319
5320
5313
5314
5315
5316
26724
5317
36873
5318
25944
26725
5307
5308
5309
5310
26721
5305
5306
5299
5300
5301
5302
26717
5297
5298
5291
5292
5293
5294
26713
5289
5290
5283
5284
5285
5286
26709
5281
5282
5275
5276
5277
5278
26705
5273
5274
5267
5268
5269
5270
26701
5265
5266
5259
5260
5261
5262
26697
5257
5258
5263
5264
26696
26698
5271
5272
26699
26700
26702
5279
5280
26703
26704
26706
5287
5288
26707
26708
26710
5295
5296
26711
26712
26714
5303
5304
26715
26716
26718
5311
5312
26719
26720
26722
5325
5326
26723
26726
26727
26729
5251
5252
5253
5254
26693
5245
5246
5247
5248
26690
5243
5244
5237
5238
5239
5240
26686
5241
36871
5242
25928
26687
5231
5232
5233
5234
26683
5229
5230
5223
5224
5225
5226
26679
5221
5222
5215
5216
5217
5218
26675
5213
5214
5207
5208
5209
5210
26671
5205
5206
5199
5200
5201
5202
26667
5197
5198
5191
5192
5193
5194
26663
5189
5190
5183
5184
5185
5186
26659
5181
5182
5187
5188
26658
26660
5195
5196
26661
26662
26664
5203
5204
26665
26666
26668
5211
5212
26669
26670
26672
5219
5220
26673
26674
26676
5227
5228
26677
26678
26680
5235
5236
26681
26682
26684
5249
5250
26685
26688
26689
26691
5175
5176
5177
5178
26655
5169
5170
5171
5172
26652
5167
5168
5161
5162
5163
5164
26648
5165
36869
5166
25912
26649
5155
5156
5157
5158
26645
5153
5154
5147
5148
5149
5150
26641
5145
5146
5139
5140
5141
5142
26637
5137
5138
5131
5132
5133
5134
26633
5129
5130
5123
5124
5125
5126
26629
5121
5122
5115
5116
5117
5118
26625
5113
5114
5107
5108
5109
5110
26621
5105
5106
5111
5112
26620
26622
5119
5120
26623
26624
26626
5127
5128
26627
26628
26630
5135
5136
26631
26632
26634
5143
5144
26635
26636
26638
5151
5152
26639
26640
26642
5159
5160
26643
26644
26646
5173
5174
26647
26650
26651
26653
5099
5100
5101
5102
26617
5093
5094
5095
5096
26614
5091
5092
5085
5086
5087
5088
26610
5089
36867
5090
25896
26611
5079
5080
5081
5082
26607
5077
5078
5071
5072
5073
5074
26603
5069
5070
5063
5064
5065
5066
26599
5061
5062
5055
5056
5057
5058
26595
5053
5054
5047
5048
5049
5050
26591
5045
5046
5039
5040
5041
5042
26587
5037
5038
5031
5032
5033
5034
26583
5029
5030
5035
5036
26582
26584
5043
5044
26585
26586
26588
5051
5052
26589
26590
26592
5059
5060
26593
26594
26596
5067
5068
26597
26598
26600
5075
5076
26601
26602
26604
5083
5084
26605
26606
26608
5097
5098
26609
26612
26613
26615
5023
5024
5025
5026
26579
5017
5018
5019
5020
26576
5015
5016
5009
5010
5011
5012
26572
5013
36843
5014
25880
26573
5003
5004
5005
5006
26569
5001
5002
4995
4996
4997
4998
26565
4993
4994
4987
4988
4989
4990
26561
4985
4986
4979
4980
4981
4982
26557
4977
4978
4971
4972
4973
4974
26553
4969
4970
4963
4964
4965
4966
26549
4961
4962
4955
4956
4957
4958
26545
4953
4954
4959
4960
26544
26546
4967
4968
26547
26548
26550
4975
4976
26551
26552
26554
4983
4984
26555
26556
26558
4991
4992
26559
26560
26562
4999
5000
26563
26564
26566
5007
5008
26567
26568
26570
5021
5022
26571
26574
26575
26577
4947
4948
4949
4950
26541
4941
4942
4943
4944
26538
4939
4940
4933
4934
4935
4936
26534
4937
36841
4938
25864
26535
4927
4928
4929
4930
26531
4925
4926
4919
4920
4921
4922
26527
4917
4918
4911
4912
4913
4914
26523
4909
4910
4903
4904
4905
4906
26519
4901
4902
4895
4896
4897
4898
26515
4893
4894
4887
4888
4889
4890
26511
4885
4886
4879
4880
4881
4882
26507
4877
4878
4883
4884
26506
26508
4891
4892
26509
26510
26512
4899
4900
26513
26514
26516
4907
4908
26517
26518
26520
4915
4916
26521
26522
26524
4923
4924
26525
26526
26528
4931
4932
26529
26530
26532
4945
4946
26533
26536
26537
26539
4951
4952
26542
5027
5028
26543
26580
5103
5104
26581
26618
5179
5180
26619
26656
5255
5256
26657
26694
5331
5332
26695
26732
5407
5408
26733
26770
5485
5486
26771
26772
26809
5491
5492
26810
26812
6309
6310
27221
5549
5550
5551
5552
26842
5543
5544
5545
5546
26839
5541
5542
5535
5536
5537
5538
26835
5529
5530
5531
5532
26832
5523
5524
5525
5526
26829
5517
5518
5519
5520
26826
5511
5512
5513
5514
26823
5505
5506
5507
5508
26820
5499
5500
5501
5502
26817
5503
5504
26818
5509
5510
26819
26821
5515
5516
26822
26824
5521
5522
26825
26827
5527
5528
26828
26830
5533
5534
26831
26833
5539
5540
26834
26836
5547
5548
26837
26838
26840
5553
5554
26841
26843
6315
6316
27222
27224
5611
5612
5613
5614
26873
5605
5606
5607
5608
26870
5603
5604
5597
5598
5599
5600
26866
5591
5592
5593
5594
26863
5585
5586
5587
5588
26860
5579
5580
5581
5582
26857
5573
5574
5575
5576
26854
5567
5568
5569
5570
26851
5561
5562
5563
5564
26848
5565
5566
26849
5571
5572
26850
26852
5577
5578
26853
26855
5583
5584
26856
26858
5589
5590
26859
26861
5595
5596
26862
26864
5601
5602
26865
26867
5609
5610
26868
26869
26871
5615
5616
26872
26874
6321
6322
27225
27227
5673
5674
5675
5676
26904
5667
5668
5669
5670
26901
5665
5666
5659
5660
5661
5662
26897
5653
5654
5655
5656
26894
5647
5648
5649
5650
26891
5641
5642
5643
5644
26888
5635
5636
5637
5638
26885
5629
5630
5631
5632
26882
5623
5624
5625
5626
26879
5627
5628
26880
5633
5634
26881
26883
5639
5640
26884
26886
5645
5646
26887
26889
5651
5652
26890
26892
5657
5658
26893
26895
5663
5664
26896
26898
5671
5672
26899
26900
26902
5677
5678
26903
26905
6327
6328
27228
27230
5735
5736
5737
5738
26935
5729
5730
5731
5732
26932
5727
5728
5721
5722
5723
5724
26928
5715
5716
5717
5718
26925
5709
5710
5711
5712
26922
5703
5704
5705
5706
26919
5697
5698
5699
5700
26916
5691
5692
5693
5694
26913
5685
5686
5687
5688
26910
5689
5690
26911
5695
5696
26912
26914
5701
5702
26915
26917
5707
5708
26918
26920
5713
5714
26921
26923
5719
5720
26924
26926
5725
5726
26927
26929
5733
5734
26930
26931
26933
5739
5740
26934
26936
6333
6334
27231
27233
5797
5798
5799
5800
26966
5791
5792
5793
5794
26963
5789
5790
5783
5784
5785
5786
26959
5777
5778
5779
5780
26956
5771
5772
5773
5774
26953
5765
5766
5767
5768
26950
5759
5760
5761
5762
26947
5753
5754
5755
5756
26944
5747
5748
5749
5750
26941
5751
5752
26942
5757
5758
26943
26945
5763
5764
26946
26948
5769
5770
26949
26951
5775
5776
26952
26954
5781
5782
26955
26957
5787
5788
26958
26960
5795
5796
26961
26962
26964
5801
5802
26965
26967
6339
6340
27234
27236
5859
5860
5861
5862
26997
5853
5854
5855
5856
26994
5851
5852
5845
5846
5847
5848
26990
5839
5840
5841
5842
26987
5833
5834
5835
5836
26984
5827
5828
5829
5830
26981
5821
5822
5823
5824
26978
5815
5816
5817
5818
26975
5809
5810
5811
5812
26972
5813
5814
26973
5819
5820
26974
26976
5825
5826
26977
26979
5831
5832
26980
26982
5837
5838
26983
26985
5843
5844
26986
26988
5849
5850
26989
26991
5857
5858
26992
26993
26995
5863
5864
26996
26998
6345
6346
27237
27239
5921
5922
5923
5924
27028
5915
5916
5917
5918
27025
5913
5914
5907
5908
5909
5910
27021
5901
5902
5903
5904
27018
5895
5896
5897
5898
27015
5889
5890
5891
5892
27012
5883
5884
5885
5886
27009
5877
5878
5879
5880
27006
5871
5872
5873
5874
27003
5875
5876
26540
27004
5881
5882
26578
27005
27007
5887
5888
26616
27008
27010
5893
5894
26654
27011
27013
5899
5900
26692
27014
27016
5905
5906
26730
27017
27019
5911
5912
26768
27020
27022
5919
5920
26807
27023
27024
27026
5925
5926
27027
27029
6351
6352
27240
27242
20916
36791
20917
34522
6299
6300
20910
20911
6293
6294
20906
20907
6287
6288
6289
6290
27211
6281
6282
6283
6284
27208
6275
6276
6277
6278
27205
6269
6270
6271
6272
27202
6263
6264
6265
6266
27199
6257
6258
6259
6260
27196
6251
6252
6253
6254
27193
6245
6246
6247
6248
27190
6249
6250
27191
6255
6256
27192
27194
6261
6262
27195
27197
6267
6268
27198
27200
6273
6274
27201
27203
6279
6280
27204
27206
6285
6286
27207
27209
6291
6292
27210
27212
20908
20909
34518
6239
6240
20902
20903
6233
6234
20898
20899
6227
6228
6229
6230
27181
6221
6222
6223
6224
27178
6215
6216
6217
6218
27175
6209
6210
6211
6212
27172
6203
6204
6205
6206
27169
6197
6198
6199
6200
27166
6191
6192
6193
6194
27163
6185
6186
6187
6188
27160
6189
6190
27161
6195
6196
27162
27164
6201
6202
27165
27167
6207
6208
27168
27170
6213
6214
27171
27173
6219
6220
27174
27176
6225
6226
27177
27179
6231
6232
27180
27182
20900
20901
34514
6179
6180
20894
20895
6173
6174
20890
20891
6167
6168
6169
6170
27151
6161
6162
6163
6164
27148
6155
6156
6157
6158
27145
6149
6150
6151
6152
27142
6143
6144
6145
6146
27139
6137
6138
6139
6140
27136
6131
6132
6133
6134
27133
6125
6126
6127
6128
27130
6129
6130
27131
6135
6136
27132
27134
6141
6142
27135
27137
6147
6148
27138
27140
6153
6154
27141
27143
6159
6160
27144
27146
6165
6166
27147
27149
6171
6172
27150
27152
20892
20893
34510
6119
6120
20886
20887
6113
6114
20882
20883
6107
6108
6109
6110
27121
6101
6102
6103
6104
27118
6095
6096
6097
6098
27115
6089
6090
6091
6092
27112
6083
6084
6085
6086
27109
6077
6078
6079
6080
27106
6071
6072
6073
6074
27103
6065
6066
6067
6068
27100
6069
6070
27101
6075
6076
27102
27104
6081
6082
27105
27107
6087
6088
27108
27110
6093
6094
27111
27113
6099
6100
27114
27116
6105
6106
27117
27119
6111
6112
27120
27122
20884
20885
34506
6059
6060
20878
20879
6053
6054
20874
20875
6047
6048
6049
6050
27091
6041
6042
6043
6044
27088
6035
6036
6037
6038
27085
6029
6030
6031
6032
27082
6023
6024
6025
6026
27079
6017
6018
6019
6020
27076
6011
6012
6013
6014
27073
6005
6006
6007
6008
27070
6009
6010
27071
6015
6016
27072
27074
6021
6022
27075
27077
6027
6028
27078
27080
6033
6034
27081
27083
6039
6040
27084
27086
6045
6046
27087
27089
6051
6052
27090
27092
20876
20877
34502
5999
6000
20870
20871
5993
5994
20866
20867
5987
5988
5989
5990
27061
5981
5982
5983
5984
27058
5975
5976
5977
5978
27055
5969
5970
5971
5972
27052
5963
5964
5965
5966
27049
5957
5958
5959
5960
27046
5951
5952
5953
5954
27043
5945
5946
5947
5948
27040
5949
5950
27041
5955
5956
27042
27044
5961
5962
27045
27047
5967
5968
27048
27050
5973
5974
27051
27053
5979
5980
27054
27056
5985
5986
27057
27059
5991
5992
27060
27062
20868
20869
34498
5939
5940
20862
20863
5933
5934
20858
20859
5927
5928
5929
5930
27031
5865
5866
5867
5868
27000
5803
5804
5805
5806
26969
5741
5742
5743
5744
26938
5679
5680
5681
5682
26907
5617
5618
5619
5620
26876
5555
5556
5557
5558
26845
5493
5494
5495
5496
26814
5497
5498
26815
5559
5560
26816
26846
5621
5622
26847
26877
5683
5684
26878
26908
5745
5746
26909
26939
5807
5808
26940
26970
5869
5870
26971
27001
5931
5932
27002
27032
20860
20861
34493
34494
36934
36936
36938
36940
36942
36944
36946
36948
36950
36952
36954
36956
36958
36960
36962
36964
36966
36968
36970
36972
36974
36976
36978
20864
20865
34496
36980
20872
20873
34497
34500
20880
20881
34501
34504
20888
20889
34505
34508
20896
20897
34509
34512
20904
20905
34513
34516
20912
20913
34517
34520
6401
6402
6403
6404
27268
6395
6396
6397
6398
27265
6389
6390
6391
6392
27262
6383
6384
6385
6386
27259
6377
6378
6379
6380
27256
6371
6372
6373
6374
27253
6365
6366
6367
6368
27250
6359
6360
6361
6362
27247
6363
6364
27248
6369
6370
27249
27251
6375
6376
27252
27254
6381
6382
27255
27257
6387
6388
27258
27260
6393
6394
27261
27263
6399
6400
27264
27266
6405
6406
27267
27269
20920
36789
20921
34521
34524
21414
36787
21415
34771
6509
6510
20954
20955
6455
6456
20950
20951
6449
6450
20946
20947
6443
6444
20942
20943
6437
6438
20938
20939
6431
6432
20934
20935
6425
6426
20930
20931
6419
6420
20926
20927
20928
20929
34528
36982
36984
36986
36988
36990
36992
36994
36996
36998
37000
20932
20933
34529
34530
20936
20937
34531
34532
20940
20941
34533
34534
20944
20945
34535
34536
20948
20949
34537
34538
20952
20953
34539
34540
6503
6504
6505
6506
27319
6497
6498
6499
6500
27316
6491
6492
6493
6494
27313
6485
6486
6487
6488
27310
6479
6480
6481
6482
27307
6473
6474
6475
6476
27304
6467
6468
6469
6470
27301
6461
6462
6463
6464
27298
6465
6466
27299
6471
6472
27300
27302
6477
6478
27303
27305
6483
6484
27306
27308
6489
6490
27309
27311
6495
6496
27312
27314
6501
6502
27315
27317
6507
6508
27318
27320
20956
20957
34541
34542
21418
36785
21419
34772
34773
6611
6612
20990
20991
6557
6558
20986
20987
6551
6552
20982
20983
6545
6546
20978
20979
6539
6540
20974
20975
6533
6534
20970
20971
6527
6528
20966
20967
6521
6522
20962
20963
20964
20965
34546
37002
37004
37006
37008
37010
37012
37014
37016
37018
37020
20968
20969
34547
34548
20972
20973
34549
34550
20976
20977
34551
34552
20980
20981
34553
34554
20984
20985
34555
34556
20988
20989
34557
34558
6605
6606
6607
6608
27370
6599
6600
6601
6602
27367
6593
6594
6595
6596
27364
6587
6588
6589
6590
27361
6581
6582
6583
6584
27358
6575
6576
6577
6578
27355
6569
6570
6571
6572
27352
6563
6564
6565
6566
27349
6567
6568
27350
6573
6574
27351
27353
6579
6580
27354
27356
6585
6586
27357
27359
6591
6592
27360
27362
6597
6598
27363
27365
6603
6604
27366
27368
6609
6610
27369
27371
20992
20993
34559
34560
21422
36783
21423
34774
34775
6713
6714
21026
21027
6659
6660
21022
21023
6653
6654
21018
21019
6647
6648
21014
21015
6641
6642
21010
21011
6635
6636
21006
21007
6629
6630
21002
21003
6623
6624
20998
20999
21000
21001
34564
21004
21005
34565
34566
21008
21009
34567
34568
21012
21013
34569
34570
21016
21017
34571
34572
21020
21021
34573
34574
21024
21025
34575
34576
6707
6708
6709
6710
27421
6701
6702
6703
6704
27418
6695
6696
6697
6698
27415
6689
6690
6691
6692
27412
6683
6684
6685
6686
27409
6677
6678
6679
6680
27406
6671
6672
6673
6674
27403
6665
6666
6667
6668
27400
6669
6670
27401
6675
6676
27402
27404
6681
6682
27405
27407
6687
6688
27408
27410
6693
6694
27411
27413
6699
6700
27414
27416
6705
6706
27417
27419
6711
6712
27420
27422
21028
21029
34577
34578
21426
36781
21427
34776
34777
6815
6816
21062
21063
6761
6762
21058
21059
6755
6756
21054
21055
6749
6750
21050
21051
6743
6744
21046
21047
6737
6738
21042
21043
6731
6732
21038
21039
6725
6726
21034
21035
21036
21037
34582
37022
37024
37026
37028
37030
37032
37034
37036
37038
37040
37042
37044
37046
37048
37050
37052
37054
37056
37058
37060
37062
37064
21040
21041
34583
34584
21044
21045
34585
34586
21048
21049
34587
34588
21052
21053
34589
34590
21056
21057
34591
34592
21060
21061
34593
34594
6809
6810
6811
6812
27472
6803
6804
6805
6806
27469
6797
6798
6799
6800
27466
6791
6792
6793
6794
27463
6785
6786
6787
6788
27460
6779
6780
6781
6782
27457
6773
6774
6775
6776
27454
6767
6768
6769
6770
27451
6771
6772
27452
6777
6778
27453
27455
6783
6784
27456
27458
6789
6790
27459
27461
6795
6796
27462
27464
6801
37063
6802
27465
27467
6807
37061
6808
27468
27470
6813
37059
6814
27471
27473
21064
21065
34595
34596
21430
36779
21431
34778
34779
6917
6918
21098
21099
6863
6864
21094
21095
6857
6858
21090
21091
6851
6852
21086
21087
6845
6846
21082
21083
6839
6840
21078
21079
6833
6834
21074
21075
6827
6828
21070
21071
21072
21073
34600
21076
21077
34601
34602
21080
21081
34603
34604
21084
21085
34605
34606
21088
21089
34607
34608
21092
21093
34609
34610
21096
21097
34611
34612
6911
6912
6913
6914
27523
6905
6906
6907
6908
27520
6899
6900
6901
6902
27517
6893
6894
6895
6896
27514
6887
6888
6889
6890
27511
6881
6882
6883
6884
27508
6875
6876
6877
6878
27505
6869
6870
6871
6872
27502
6873
6874
27503
6879
6880
27504
27506
6885
6886
27507
27509
6891
6892
27510
27512
6897
6898
27513
27515
6903
6904
27516
27518
6909
6910
27519
27521
6915
6916
27522
27524
21100
21101
34613
34614
21434
36777
21435
34780
34781
7019
7020
21134
21135
6965
6966
21130
21131
6959
6960
21126
21127
6953
6954
21122
21123
6947
6948
21118
21119
6941
6942
21114
21115
6935
6936
21110
21111
6929
6930
21106
21107
21108
21109
34618
37066
37068
37070
37072
37074
37076
37078
37080
37082
37084
37086
37088
37090
37092
37094
37096
37098
37100
37102
37104
37106
37108
37110
37112
21112
21113
34619
34620
21116
21117
34621
34622
21120
21121
34623
34624
21124
21125
34625
34626
21128
21129
34627
34628
21132
21133
34629
34630
7013
7014
7015
7016
27574
7007
7008
7009
7010
27571
7001
7002
7003
7004
27568
6995
6996
6997
6998
27565
6989
6990
6991
6992
27562
6983
6984
6985
6986
27559
6977
6978
6979
6980
27556
6971
6972
6973
6974
27553
6975
6976
27554
6981
6982
27555
27557
6987
6988
27558
27560
6993
37111
6994
27561
27563
6999
37109
7000
27564
27566
7005
37107
7006
27567
27569
7011
37105
7012
27570
27572
7017
37103
7018
27573
27575
21136
21137
34631
34632
21438
36775
21439
34782
34783
7123
7124
21172
21173
7069
7070
21168
21169
7063
7064
21164
21165
7057
7058
21160
21161
7051
7052
21156
21157
7045
7046
21152
21153
7039
7040
21148
21149
7033
7034
21144
21145
21146
21147
34495
34637
21150
21151
34499
34638
34639
21154
21155
34503
34640
34641
21158
21159
34507
34642
34643
21162
21163
34511
34644
34645
21166
21167
34515
34646
34647
21170
21171
34519
34648
34649
7117
7118
7119
7120
27626
7111
7112
7113
7114
27623
7105
7106
7107
7108
27620
7099
7100
7101
7102
27617
7093
7094
7095
7096
27614
7087
7088
7089
7090
27611
7081
7082
7083
7084
27608
7075
7076
7077
7078
27605
7079
7080
26813
27606
7085
7086
26844
27607
27609
7091
7092
26875
27610
27612
7097
7098
26906
27613
27615
7103
7104
26937
27616
27618
7109
7110
26968
27619
27621
7115
7116
26999
27622
27624
7121
7122
27030
27625
27627
21174
21175
34523
34650
34651
21444
36773
21445
34784
34785
34786
7471
7472
21408
21409
7465
7466
21404
21405
21402
21403
7457
7458
21398
21399
7451
7452
21394
21395
7445
7446
21390
21391
7439
7440
21386
21387
7433
7434
21382
21383
7427
7428
21378
21379
7421
7422
21374
21375
21376
21377
34752
21380
21381
34753
34754
21384
21385
34755
34756
21388
21389
34757
34758
21392
21393
34759
34760
21396
21397
34761
34762
21400
21401
34763
34764
21406
21407
34765
34766
34767
7415
7416
21370
21371
7409
7410
21366
21367
21364
21365
7401
7402
21360
21361
7395
7396
21356
21357
7389
7390
21352
21353
7383
7384
21348
21349
7377
7378
21344
21345
7371
7372
21340
21341
7365
7366
21336
21337
21338
21339
34733
21342
21343
34734
34735
21346
21347
34736
34737
21350
21351
34738
34739
21354
21355
34740
34741
21358
21359
34742
34743
21362
21363
34744
34745
21368
21369
34746
34747
34748
7359
7360
21332
21333
7353
7354
21328
21329
21326
21327
7345
7346
21322
21323
7339
7340
21318
21319
7333
7334
21314
21315
7327
7328
21310
21311
7321
7322
21306
21307
7315
7316
21302
21303
7309
7310
21298
21299
21300
21301
34714
21304
21305
34715
34716
21308
21309
34717
34718
21312
21313
34719
34720
21316
21317
34721
34722
21320
21321
34723
34724
21324
21325
34725
34726
21330
21331
34727
34728
34729
7303
7304
21294
21295
7297
7298
21290
21291
21288
21289
7289
7290
21284
21285
7283
7284
21280
21281
7277
7278
21276
21277
7271
7272
21272
21273
7265
7266
21268
21269
7259
7260
21264
21265
7253
7254
21260
21261
21262
21263
34695
21266
21267
34696
34697
21270
21271
34698
34699
21274
21275
34700
34701
21278
21279
34702
34703
21282
21283
34704
34705
21286
21287
34706
34707
21292
21293
34708
34709
34710
7247
7248
21256
21257
7241
7242
21252
21253
21250
21251
7233
7234
21246
21247
7227
7228
21242
21243
7221
7222
21238
21239
7215
7216
21234
21235
7209
7210
21230
21231
7203
7204
21226
21227
7197
7198
21222
21223
21224
21225
34676
37114
37116
37118
37120
37122
37124
37126
37128
37130
37132
37134
37136
37138
37140
37142
37144
37146
37148
37150
37152
37154
37156
37158
37160
37162
37164
37166
37168
37170
37172
37174
37176
37178
37180
37182
37184
37186
37188
37190
37192
37194
37196
37198
37200
37202
37204
37206
37208
37210
37212
37214
21228
21229
34677
34678
21232
21233
34679
34680
21236
21237
34681
34682
21240
21241
34683
34684
21244
21245
34685
34686
21248
21249
34687
34688
21254
21255
34689
34690
34691
7191
7192
21218
21219
7185
7186
21214
21215
21212
21213
7177
7178
21208
21209
7171
7172
21204
21205
7165
7166
21200
21201
7159
7160
21196
21197
7153
7154
21192
21193
7147
7148
21188
21189
7141
7142
21184
21185
21186
21187
34657
21190
21191
34658
34659
21194
21195
34660
34661
21198
21199
34662
34663
21202
21203
34664
34665
21206
21207
34666
34667
21210
21211
34668
34669
21216
21217
34670
34671
34672
7135
7136
21180
21181
7129
7130
21176
21177
21142
21143
7025
7026
21138
21139
6923
6924
21102
21103
6821
6822
21066
21067
6719
6720
21030
21031
6617
6618
20994
20995
6515
6516
20958
20959
6413
6414
20922
20923
20924
20925
34525
34526
20960
20961
34527
34543
34544
20996
20997
34545
34561
34562
21032
21033
34563
34579
34580
21068
21069
34581
34597
34598
21104
21105
34599
34615
34616
21140
21141
34617
34633
34634
21178
21179
34635
34636
34652
34653
21182
21183
34655
21220
21221
34656
34674
21258
21259
34675
34693
21296
21297
34694
34712
21334
21335
34713
34731
21372
21373
34732
34750
21410
21411
34751
34769
21448
36771
21449
34770
34788
20161
36865
20162
20157
36863
20158
20155
20156
20151
36861
20152
20147
36859
20148
20143
36857
20144
20139
36855
20140
20135
36853
20136
20131
36851
20132
20127
36849
20128
19633
36847
19634
19629
36845
19630
19569
19570
16859
16860
37216
37218
37220
37222
37224
37226
37228
37230
37232
16847
16848
37234
37236
37238
16835
16836
37240
16823
16824
37242
16811
16812
37244
16799
16800
37246
16787
16788
37248
16775
16776
37250
4255
4256
37252
4249
4250
37254
4225
4226
37256
4221
4222
37258
4217
4218
4219
36623
36625
4220
26176
4201
4202
4203
4204
24878
24938
26168
4223
4224
26178
4205
4206
4207
4208
26170
4227
4228
26160
26180
4209
4210
4211
4212
26154
26156
26162
26172
4251
37259
4252
26192
4245
4246
4247
4248
26190
4235
4236
4229
4230
4231
4232
26182
4213
4214
4215
4216
26158
26164
26174
4237
4238
26185
4257
37257
4258
26186
26195
16777
37255
16778
32453
32454
4369
4370
4363
4364
4365
4366
26249
4371
4372
26250
26252
16789
37253
16790
32455
32459
32460
4403
4404
4397
4398
4399
4400
26266
4405
4406
26267
26269
16801
37251
16802
32461
32465
32466
4437
4438
4431
4432
4433
4434
26283
4439
4440
26284
26286
16813
37249
16814
32467
32471
32472
4471
4472
4465
4466
4467
4468
26300
4473
4474
26301
26303
16825
37247
16826
32473
32477
32478
4505
4506
4499
4500
4501
4502
26317
4507
4508
26318
26320
16837
37245
16838
32479
32483
32484
4539
4540
4533
4534
4535
4536
26334
4541
4542
26335
26337
16849
37243
16850
32485
32489
32490
4573
4574
4567
4568
4569
4570
26167
26175
26351
4575
4576
26189
26191
26352
26354
16861
37241
16862
32491
32495
32496
19571
37239
19572
33849
33850
19631
37237
36949
19632
33880
19625
36977
19626
19621
36975
19622
19623
36947
19624
33876
19617
36973
19618
19613
36971
19614
19615
36945
19616
33872
19609
36969
19610
19605
36967
19606
19607
36943
19608
33868
19601
36965
19602
19597
36963
19598
19599
36941
19600
33864
19593
36961
19594
19589
36959
19590
19591
36939
19592
33860
19585
36957
19586
19581
36955
19582
19583
36937
19584
33856
19577
36953
19578
19573
36951
19574
19575
36935
19576
33851
33852
37260
37262
37264
37266
37268
37270
37272
37274
37276
37278
37280
37282
37284
37286
37288
37290
37292
37294
37296
37298
37300
37302
37304
37306
37308
37310
37312
37314
37316
37318
37320
37322
37324
37326
37328
37330
37332
37334
37336
37338
37340
37342
37344
37346
37348
37350
37352
37354
37356
37358
37360
37362
37364
37366
37368
37370
37372
19579
19580
33854
37374
37376
37378
37380
37382
37384
37386
37388
37390
37392
37394
19587
19588
33855
33858
19595
19596
33859
33862
19603
19604
33863
33866
19611
19612
33867
33870
19619
19620
33871
33874
19627
19628
33875
33878
19635
37235
36983
19636
33879
33882
20129
37233
20130
34129
19669
36999
19670
19665
36997
19666
19661
36995
19662
19657
36993
19658
19653
36991
19654
19649
36989
19650
19645
36987
19646
19641
36985
19642
19643
19644
33886
37396
37398
37400
37402
37404
37406
37408
37410
37412
37414
37416
19647
19648
33887
33888
19651
19652
33889
33890
19655
19656
33891
33892
19659
19660
33893
33894
19663
19664
33895
33896
19667
19668
33897
33898
19671
37003
19672
33899
33900
20133
37231
20134
34130
34131
19705
37019
19706
19701
37017
19702
19697
37015
19698
19693
37013
19694
19689
37011
19690
19685
37009
19686
19681
37007
19682
19677
37005
19678
19679
19680
33904
19683
19684
33905
33906
19687
19688
33907
33908
19691
19692
33909
33910
19695
19696
33911
33912
19699
19700
33913
33914
19703
19704
33915
33916
19707
37025
19708
33917
33918
20137
37229
20138
34132
34133
19741
37057
19742
19737
37055
19738
19733
37053
19734
19729
37051
19730
19725
37049
19726
19721
37047
19722
19717
37045
19718
19713
37043
19714
19715
19716
33922
19719
19720
33923
33924
19723
19724
33925
33926
19727
19728
33927
33928
19731
19732
33929
33930
19735
19736
33931
33932
19739
19740
33933
33934
19743
37023
19744
33935
33936
20141
37227
20142
34134
34135
19777
37041
19778
19773
37039
19774
19769
37037
19770
19765
37035
19766
19761
37033
19762
19757
37031
19758
19753
37029
19754
19749
37027
19750
19751
19752
33940
19755
19756
33941
33942
19759
19760
33943
33944
19763
19764
33945
33946
19767
19768
33947
33948
19771
19772
33949
33950
19775
19776
33951
33952
19779
37069
19780
33953
33954
20145
37225
20146
34136
34137
19813
37101
19814
19809
37099
19810
19805
37097
19806
19801
37095
19802
19797
37093
19798
19793
37091
19794
19789
37089
19790
19785
37087
19786
19787
19788
33958
19791
19792
33959
33960
19795
19796
33961
33962
19799
19800
33963
33964
19803
19804
33965
33966
19807
19808
33967
33968
19811
19812
33969
33970
19815
37067
19816
33971
33972
20149
37223
20150
34138
34139
19849
37085
19850
19845
37083
19846
19841
37081
19842
19837
37079
19838
19833
37077
19834
19829
37075
19830
19825
37073
19826
19821
37071
19822
19823
19824
33976
19827
19828
33977
33978
19831
19832
33979
33980
19835
19836
33981
33982
19839
19840
33983
33984
19843
19844
33985
33986
19847
19848
33987
33988
19851
37117
19852
33989
33990
20153
37221
20154
34140
34141
19887
19888
19883
19884
19879
19880
19875
37417
19876
19871
37215
19872
19867
37213
19868
19863
37211
19864
19859
37209
19860
19861
19862
33853
33995
37418
37420
37422
37424
37426
37428
37430
37432
37434
37436
37438
37440
37442
37444
37446
37448
37450
37452
37454
37456
37458
19865
19866
33857
33996
33997
19869
19870
33861
33998
33999
19873
19874
33865
34000
34001
19877
19878
33869
34002
34003
19881
19882
33873
34004
34005
19885
19886
33877
34006
34007
19889
37115
19890
33881
34008
34009
20159
37219
20160
34142
34143
34144
20123
37207
20124
20119
37205
20120
20117
20118
20113
37203
20114
20109
37201
20110
20105
37199
20106
20101
37197
20102
20097
37195
20098
20093
37193
20094
20089
37191
20090
20091
20092
34110
20095
20096
34111
34112
20099
20100
34113
34114
20103
20104
34115
34116
20107
20108
34117
34118
20111
20112
34119
34120
20115
20116
34121
34122
20121
20122
34123
34124
34125
20085
37189
20086
20081
37187
20082
20079
20080
20075
37185
20076
20071
37183
20072
20067
37181
20068
20063
37179
20064
20059
37177
20060
20055
37175
20056
20051
37173
20052
20053
20054
34091
20057
20058
34092
34093
20061
20062
34094
34095
20065
20066
34096
34097
20069
20070
34098
34099
20073
20074
34100
34101
20077
20078
34102
34103
20083
20084
34104
34105
34106
20047
37171
20048
20043
37169
20044
20041
20042
20037
37167
20038
20033
37165
20034
20029
37163
20030
20025
37161
20026
20021
37159
20022
20017
37157
20018
20013
37155
20014
20015
20016
34072
20019
20020
34073
34074
20023
20024
34075
34076
20027
20028
34077
34078
20031
20032
34079
34080
20035
20036
34081
34082
20039
20040
34083
34084
20045
20046
34085
34086
34087
20009
37153
20010
20005
37151
20006
20003
20004
19999
37149
20000
19995
37147
19996
19991
37145
19992
19987
37143
19988
19983
37141
19984
19979
37139
19980
19975
37137
19976
19977
19978
34053
37460
37462
37464
37466
37468
37470
19981
19982
34054
34055
19985
19986
34056
34057
19989
19990
34058
34059
19993
19994
34060
34061
19997
19998
34062
34063
20001
20002
34064
34065
20007
20008
34066
34067
34068
19971
37135
19972
19967
37133
19968
19965
19966
19961
37131
19962
19957
37129
19958
19953
37127
19954
19949
37125
19950
19945
37123
19946
19941
37121
19942
19937
37119
19938
19939
19940
34034
37472
37474
37476
37478
37480
37482
37484
19943
19944
34035
34036
19947
19948
34037
34038
19951
19952
34039
34040
19955
19956
34041
34042
19959
19960
34043
34044
19963
19964
34045
34046
19969
19970
34047
34048
34049
19933
37361
19934
19929
37359
19930
19927
19928
19923
37357
19924
19919
37355
19920
19915
37353
19916
19911
37351
19912
19907
37349
19908
19903
37347
19904
19899
37345
19900
37486
37488
37490
19901
19902
34015
37492
37494
37496
37498
37500
37502
37504
37506
37508
37510
37512
37514
37516
37518
37520
37522
37524
37526
37528
37530
37532
37534
37536
37538
37540
37542
37544
37546
37548
37550
37552
37554
37556
37558
37560
37562
37564
37566
37568
37570
37572
37574
37576
37578
37580
37582
37584
37586
37588
37590
37592
37594
37596
37598
37600
37602
37604
37606
37608
37610
37612
37614
37616
37618
37620
37622
37624
37626
19905
19906
34016
34017
19909
19910
34018
34019
19913
19914
34020
34021
19917
19918
34022
34023
19921
19922
34024
34025
19925
19926
34026
34027
19931
19932
34028
34029
34030
19895
37343
19896
19891
37341
19892
19857
19858
19853
37339
19854
19817
37337
19818
19781
37335
19782
19745
37333
19746
19709
37331
19710
19673
37329
19674
19637
37327
19638
19639
19640
33883
33884
19675
19676
33885
33901
33902
19711
19712
33903
33919
33920
19747
19748
33921
33937
33938
19783
19784
33939
33955
33956
19819
19820
33957
33973
33974
19855
19856
33975
33991
33992
19893
19894
33993
33994
34010
34011
19897
19898
34013
19935
19936
34014
34032
19973
19974
34033
34051
20011
20012
34052
34070
20049
20050
34071
34089
20087
20088
34090
34108
20125
20126
34109
34127
20163
37217
20164
34128
34146
22141
36797
22142
35134
9045
9046
21482
21483
9039
9040
21478
21479
9033
9034
21474
21475
9027
9028
21470
21471
9021
9022
21466
21467
9015
9016
21462
21463
9009
9010
21458
21459
9003
9004
21454
21455
21456
21457
34792
21460
21461
34793
34794
21464
21465
34795
34796
21468
21469
34797
34798
21472
21473
34799
34800
21476
21477
34801
34802
21480
21481
34803
34804
21484
21485
34805
34806
20197
20198
20193
20194
20189
20190
20185
20186
20181
20182
20177
20178
20173
20174
20169
20170
20171
20172
34150
20175
20176
34151
34152
20179
20180
34153
34154
20183
20184
34155
34156
20187
20188
34157
34158
20191
20192
34159
34160
20195
20196
34161
34162
20199
20200
34163
34164
22145
36795
22146
35135
35136
9163
9164
21518
21519
9157
9158
21514
21515
9151
9152
21510
21511
9145
9146
21506
21507
9139
9140
21502
21503
9133
9134
21498
21499
9127
9128
21494
21495
9121
9122
21490
21491
21492
21493
34810
21496
21497
34811
34812
21500
21501
34813
34814
21504
21505
34815
34816
21508
21509
34817
34818
21512
21513
34819
34820
21516
21517
34821
34822
21520
21521
34823
34824
20233
20234
20229
20230
20225
20226
20221
20222
20217
20218
20213
20214
20209
20210
20205
20206
20207
20208
34168
20211
20212
34169
34170
20215
20216
34171
34172
20219
20220
34173
34174
20223
20224
34175
34176
20227
20228
34177
34178
20231
20232
34179
34180
20235
20236
34181
34182
22149
36793
22150
35137
35138
9281
9282
21554
21555
9275
9276
21550
21551
9269
9270
21546
21547
9263
9264
21542
21543
9257
9258
21538
21539
9251
9252
21534
21535
9245
9246
21530
21531
9239
9240
21526
21527
21528
21529
34828
21532
21533
34829
34830
21536
21537
34831
34832
21540
21541
34833
34834
21544
21545
34835
34836
21548
21549
34837
34838
21552
21553
34839
34840
21556
21557
34841
34842
20269
20270
20265
20266
20261
20262
20257
20258
20253
20254
20249
20250
20245
20246
20241
20242
20243
20244
34186
20247
20248
34187
34188
20251
20252
34189
34190
20255
20256
34191
34192
20259
20260
34193
34194
20263
20264
34195
34196
20267
20268
34197
34198
20271
20272
34199
34200
22153
36769
22154
35139
35140
9399
9400
21590
21591
9393
9394
21586
21587
9387
9388
21582
21583
9381
9382
21578
21579
9375
9376
21574
21575
9369
9370
21570
21571
9363
9364
21566
21567
9357
9358
21562
21563
21564
21565
34846
21568
21569
34847
34848
21572
21573
34849
34850
21576
21577
34851
34852
21580
21581
34853
34854
21584
21585
34855
34856
21588
21589
34857
34858
21592
21593
34859
34860
20305
20306
20301
20302
20297
20298
20293
20294
20289
20290
20285
20286
20281
20282
20277
20278
20279
20280
34204
20283
20284
34205
34206
20287
20288
34207
34208
20291
20292
34209
34210
20295
20296
34211
34212
20299
20300
34213
34214
20303
20304
34215
34216
20307
20308
34217
34218
22157
36767
22158
35141
35142
9517
9518
21626
21627
9511
9512
21622
21623
9505
9506
21618
21619
9499
9500
21614
21615
9493
9494
21610
21611
9487
9488
21606
21607
9481
9482
21602
21603
9475
9476
21598
21599
21600
21601
34864
21604
21605
34865
34866
21608
21609
34867
34868
21612
21613
34869
34870
21616
21617
34871
34872
21620
21621
34873
34874
21624
21625
34875
34876
21628
21629
34877
34878
20341
20342
20337
20338
20333
20334
20329
20330
20325
20326
20321
20322
20317
20318
20313
20314
20315
20316
34222
20319
20320
34223
34224
20323
20324
34225
34226
20327
20328
34227
34228
20331
20332
34229
34230
20335
20336
34231
34232
20339
20340
34233
34234
20343
20344
34235
34236
22161
36765
22162
35143
35144
9635
9636
21662
21663
9629
9630
21658
21659
9623
9624
21654
21655
9617
9618
21650
21651
9611
9612
21646
21647
9605
9606
21642
21643
9599
9600
21638
21639
9593
9594
21634
21635
21636
21637
34882
37628
37630
37632
37634
37636
37638
37640
37642
37644
37646
37648
37650
37652
37654
37656
37658
37660
37662
37664
37666
37668
37670
37672
37674
37676
37678
37680
37682
37684
37686
37688
37690
37692
37694
37696
37698
37700
37702
37704
37706
37708
37710
37712
37714
37716
37718
37720
37722
37724
37726
37728
37730
37732
37734
37736
37738
37740
37742
37744
37746
37748
37750
37752
37754
21640
21641
34883
34884
21644
21645
34885
34886
21648
21649
34887
34888
21652
21653
34889
34890
21656
21657
34891
34892
21660
21661
34893
34894
21664
21665
34895
34896
20377
20378
20373
20374
20369
20370
20365
20366
20361
20362
20357
20358
20353
20354
20349
20350
20351
20352
34240
20355
20356
34241
34242
20359
20360
34243
34244
20363
20364
34245
34246
20367
20368
34247
34248
20371
20372
34249
34250
20375
20376
34251
34252
20379
20380
34253
34254
22165
36763
22166
35145
35146
9753
9754
21698
21699
9747
9748
21694
21695
9741
9742
21690
21691
9735
9736
21686
21687
9729
9730
21682
21683
9723
9724
21678
21679
9717
9718
21674
21675
9711
9712
21670
21671
21672
21673
34654
34900
21676
21677
34673
34901
34902
21680
21681
34692
34903
34904
21684
21685
34711
34905
34906
21688
21689
34730
34907
34908
21692
21693
34749
34909
34910
21696
21697
34768
34911
34912
21700
21701
34787
34913
34914
20413
20414
20409
20410
20405
20406
20401
20402
20397
20398
20393
20394
20389
20390
20385
20386
20387
20388
34012
34258
20391
20392
34031
34259
34260
20395
20396
34050
34261
34262
20399
20400
34069
34263
34264
20403
20404
34088
34265
34266
20407
20408
34107
34267
34268
20411
20412
34126
34269
34270
20415
20416
34145
34271
34272
22169
36761
22170
35147
35148
21702
21703
21666
21667
21630
21631
37756
21594
21595
37758
21558
21559
37760
21522
21523
37762
21486
37113
21487
37764
21450
37065
21451
18844
37325
18845
18840
37323
18841
18838
18839
18834
37321
18835
18830
37319
18831
18826
37317
18827
37766
18822
37315
18823
37768
18818
37313
18819
37770
18814
37311
18815
37772
18810
37309
18811
37774
18316
37307
18317
37776
18312
37305
18313
37778
37780
37782
37784
37786
37788
18252
18253
37790
15450
15451
37792
15438
15439
37794
15426
15427
37796
15414
15415
37798
15402
15403
37800
15390
15391
37802
15378
15379
37804
15366
15367
37806
4303
4304
37808
4299
4300
37810
4283
4284
37812
4279
4280
37814
4275
4276
4277
36619
36621
4278
26205
4259
4260
4261
4262
25000
25060
26197
4281
4282
26207
4263
4264
4265
4266
26199
4285
4286
26177
26209
4267
4268
4269
4270
26169
26171
26179
26201
4301
37815
4302
26217
4295
4296
4297
4298
26215
4291
4292
4287
4288
4289
4290
26211
4271
4272
4273
4274
26173
26181
26203
4293
4294
26213
4305
37813
4306
26214
26219
15368
37811
37395
37415
15369
31749
31750
4377
4378
4373
4374
4375
4376
26254
4379
4380
26255
26256
15380
37809
37391
37393
15381
31751
31755
31756
4411
4412
4407
4408
4409
4410
26271
4413
4414
26272
26273
15392
37807
37387
37389
15393
31757
31761
31762
4445
4446
4441
4442
4443
4444
26288
4447
4448
26289
26290
15404
37805
37383
37385
15405
31763
31767
31768
4479
4480
4475
4476
4477
4478
26305
4481
4482
26306
26307
15416
37803
37379
37381
15417
31769
31773
31774
4513
4514
4509
4510
4511
4512
26322
4515
4516
26323
26324
15428
37801
37375
37377
15429
31775
31779
31780
4547
4548
4543
4544
4545
4546
26339
4549
4550
26340
26341
15440
37799
37371
37373
15441
31781
31785
31786
4581
4582
4577
4578
4579
4580
26183
26204
26356
4583
4584
26193
26216
26357
26358
15452
37797
37367
37369
15453
31787
31791
31792
18254
37795
37363
37365
18255
33191
33192
18314
37787
37275
18315
33222
18308
37303
18309
18304
37301
18305
18306
37273
18307
33218
18300
37299
18301
18296
37297
18297
18298
37271
18299
33214
18292
37295
18293
18288
37293
18289
18290
37269
18291
33210
18284
37291
18285
18280
37289
18281
18282
37267
18283
33206
18276
37287
18277
18272
37285
18273
18274
37265
18275
33202
18268
37283
18269
18264
37281
18265
18266
37263
18267
33198
18260
37279
18261
18256
37277
18257
18258
37261
18259
33193
33194
37816
37818
37820
37822
37824
37826
37828
37830
37832
37834
37836
37838
37840
37842
37844
37846
37848
37850
37852
37854
37856
37858
37860
37862
37864
37866
37868
37870
37872
37874
37876
37878
37880
37882
37884
37886
37888
37890
37892
37894
37896
37898
37900
37902
37904
37906
37908
37910
37912
37914
37916
37918
37920
37922
37924
37926
37928
18262
18263
33196
37930
37932
37934
37936
37938
18270
18271
33197
33200
18278
18279
33201
33204
18286
18287
33205
33208
18294
18295
33209
33212
18302
18303
33213
33216
18310
18311
33217
33220
18318
37785
37397
18319
33221
33224
18812
37783
18813
33471
18352
37413
18353
18348
37411
18349
18344
37409
18345
18340
37407
18341
18336
37405
18337
18332
37403
18333
18328
37401
18329
18324
37399
18325
18326
18327
33228
37940
37942
37944
37946
37948
37950
37952
37954
37956
37958
37960
18330
18331
33229
33230
18334
18335
33231
33232
18338
18339
33233
33234
18342
18343
33235
33236
18346
18347
33237
33238
18350
18351
33239
33240
18354
37429
18355
33241
33242
18816
37781
18817
33472
33473
18388
37733
18389
18384
37731
18385
18380
37729
18381
18376
37727
18377
18372
37627
18373
18368
37625
18369
18364
37623
18365
18360
37621
18361
18362
18363
33246
18366
18367
33247
33248
18370
18371
33249
33250
18374
18375
33251
33252
18378
18379
33253
33254
18382
18383
33255
33256
18386
18387
33257
33258
18390
37427
18391
33259
33260
18820
37779
18821
33474
33475
18424
37619
18425
18420
37617
18421
18416
37615
18417
18412
37613
18413
18408
37611
18409
18404
37609
18405
18400
37607
18401
18396
37605
18397
18398
18399
33264
18402
18403
33265
33266
18406
18407
33267
33268
18410
18411
33269
33270
18414
18415
33271
33272
18418
18419
33273
33274
18422
18423
33275
33276
18426
37425
18427
33277
33278
18824
37777
18825
33476
33477
18460
37603
18461
18456
37601
18457
18452
37599
18453
18448
37597
18449
18444
37595
18445
18440
37593
18441
18436
37591
18437
18432
37589
18433
18434
18435
33282
18438
18439
33283
33284
18442
18443
33285
33286
18446
18447
33287
33288
18450
18451
33289
33290
18454
18455
33291
33292
18458
18459
33293
33294
18462
37423
18463
33295
33296
18828
37775
18829
33478
33479
18496
37587
18497
18492
37585
18493
18488
37583
18489
18484
37581
18485
18480
37579
18481
18476
37577
18477
18472
37575
18473
18468
37573
18469
18470
18471
33300
37962
37964
37966
37968
37970
37972
37974
37976
18474
18475
33301
33302
18478
18479
33303
33304
18482
18483
33305
33306
18486
18487
33307
33308
18490
18491
33309
33310
18494
18495
33311
33312
18498
37421
18499
33313
33314
18832
37773
18833
33480
33481
18532
37571
18533
18528
37459
18529
18524
37457
18525
18520
37455
18521
18516
37453
18517
18512
37451
18513
18508
37449
18509
18504
37447
18505
37978
37980
37982
18506
18507
33318
37984
37986
37988
37990
37992
37994
37996
37998
38000
38002
38004
38006
38008
38010
38012
38014
38016
38018
38020
38022
38024
38026
38028
38030
38032
38034
38036
38038
38040
38042
38044
38046
38048
38050
38052
38054
38056
38058
38060
38062
38064
38066
38068
38070
38072
38074
38076
18510
18511
33319
33320
18514
18515
33321
33322
18518
18519
33323
33324
18522
18523
33325
33326
18526
18527
33327
33328
18530
18531
33329
33330
18534
37419
18535
33331
33332
18836
37771
18837
33482
33483
18570
37445
18571
18566
37443
18567
18562
37441
18563
18558
37439
18559
18554
37437
18555
18550
37435
18551
18546
37433
18547
18542
37431
18543
18544
18545
33195
33337
18548
18549
33199
33338
33339
18552
18553
33203
33340
33341
18556
18557
33207
33342
33343
18560
18561
33211
33344
33345
18564
18565
33215
33346
33347
18568
18569
33219
33348
33349
18572
37461
18573
33223
33350
33351
18842
37769
18843
33484
33485
33486
18806
37569
18807
18802
37567
18803
18800
18801
18796
37565
18797
18792
37563
18793
18788
37561
18789
18784
37559
18785
18780
37557
18781
18776
37555
18777
18772
37553
18773
18774
18775
33452
18778
18779
33453
33454
18782
18783
33455
33456
18786
18787
33457
33458
18790
18791
33459
33460
18794
18795
33461
33462
18798
18799
33463
33464
18804
18805
33465
33466
33467
18768
37551
18769
18764
37549
18765
18762
18763
18758
37547
18759
18754
37545
18755
18750
37543
18751
18746
37541
18747
18742
37539
18743
18738
37537
18739
18734
37535
18735
18736
18737
33433
18740
18741
33434
33435
18744
18745
33436
33437
18748
18749
33438
33439
18752
18753
33440
33441
18756
18757
33442
33443
18760
18761
33444
33445
18766
18767
33446
33447
33448
18730
37533
18731
18726
37531
18727
18724
18725
18720
37529
18721
18716
37527
18717
18712
37525
18713
18708
37523
18709
18704
37521
18705
18700
37519
18701
18696
37517
18697
18698
18699
33414
18702
18703
33415
33416
18706
18707
33417
33418
18710
18711
33419
33420
18714
18715
33421
33422
18718
18719
33423
33424
18722
18723
33425
33426
18728
18729
33427
33428
33429
18692
37515
18693
18688
37513
18689
18686
18687
18682
37511
18683
18678
37509
18679
18674
37471
18675
18670
37469
18671
18666
37467
18667
18662
37465
18663
18658
37463
18659
18660
18661
33395
18664
18665
33396
33397
18668
18669
33398
33399
18672
18673
33400
33401
18676
18677
33402
33403
18680
18681
33404
33405
18684
18685
33406
33407
18690
18691
33408
33409
33410
18654
37507
18655
18650
37505
18651
18648
18649
18644
37485
18645
18640
37483
18641
18636
37481
18637
18632
37479
18633
18628
37477
18629
18624
37475
18625
18620
37473
18621
18622
18623
33376
18626
18627
33377
33378
18630
18631
33379
33380
18634
18635
33381
33382
18638
18639
33383
33384
18642
18643
33385
33386
18646
18647
33387
33388
18652
18653
33389
33390
33391
18616
37503
18617
18612
37501
18613
18610
18611
18606
37499
18607
18602
37497
18603
18598
37495
18599
18594
37493
18595
18590
37491
18591
18586
37489
18587
18582
37487
18583
18584
18585
33357
18588
18589
33358
33359
18592
18593
33360
33361
18596
18597
33362
33363
18600
18601
33364
33365
18604
18605
33366
33367
18608
18609
33368
33369
18614
18615
33370
33371
33372
18578
37725
18579
18574
37723
18575
18540
18541
18536
37721
18537
18500
37719
18501
18464
37717
18465
18428
37715
18429
18392
37713
18393
18356
37711
18357
18320
37709
18321
18322
18323
33225
33226
18358
18359
33227
33243
33244
18394
18395
33245
33261
33262
18430
18431
33263
33279
33280
18466
18467
33281
33297
33298
18502
18503
33299
33315
33316
18538
18539
33317
33333
33334
18576
18577
33335
33336
33352
33353
18580
18581
33355
18618
18619
33356
33374
18656
18657
33375
33393
18694
18695
33394
33412
18732
18733
33413
33431
18770
18771
33432
33450
18808
18809
33451
33469
18846
37767
18847
33470
33488
21452
37793
37755
21453
34790
18880
37707
18881
18876
37705
18877
18872
37703
18873
18868
37701
18869
18864
37699
18865
18860
37697
18861
18856
37695
18857
18852
37693
18853
18854
18855
33492
18858
18859
33493
33494
18862
18863
33495
33496
18866
18867
33497
33498
18870
18871
33499
33500
18874
18875
33501
33502
18878
18879
33503
33504
18882
18883
33505
33506
21488
37791
37751
37753
21489
34791
34808
18916
37691
18917
18912
37689
18913
18908
37687
18909
18904
37685
18905
18900
37683
18901
18896
37681
18897
18892
37679
18893
18888
37677
18889
18890
18891
33510
18894
18895
33511
33512
18898
18899
33513
33514
18902
18903
33515
33516
18906
18907
33517
33518
18910
18911
33519
33520
18914
18915
33521
33522
18918
18919
33523
33524
21524
37789
37747
37749
21525
34809
34826
18952
37675
18953
18948
37673
18949
18944
37671
18945
18940
37669
18941
18936
37667
18937
18932
37665
18933
18928
37663
18929
18924
37661
18925
18926
18927
33528
38078
38080
38082
38084
38086
38088
38090
38092
38094
18930
18931
33529
33530
18934
18935
33531
33532
18938
18939
33533
33534
18942
18943
33535
33536
18946
18947
33537
33538
18950
18951
33539
33540
18954
18955
33541
33542
21560
37765
37743
37745
21561
34827
34844
18988
37659
18989
18984
37657
18985
18980
37655
18981
18976
37653
18977
18972
37651
18973
18968
37649
18969
18964
37647
18965
18960
37645
18961
38096
38098
38100
38102
18962
18963
33546
38104
38106
38108
38110
38112
38114
38116
38118
38120
38122
38124
38126
38128
38130
38132
38134
38136
38138
38140
38142
38144
38146
38148
38150
38152
38154
38156
38158
38160
38162
38164
38166
38168
38170
38172
38174
38176
38178
38180
38182
38184
38186
38188
38190
38192
38194
38196
38198
38200
38202
38204
38206
18966
18967
33547
33548
18970
18971
33549
33550
18974
18975
33551
33552
18978
18979
33553
33554
18982
18983
33555
33556
18986
18987
33557
33558
18990
18991
33559
33560
21596
37763
37739
37741
21597
34845
34862
19024
37643
19025
19020
37641
19021
19016
37639
19017
19012
37637
19013
19008
37635
19009
19004
37633
19005
19000
37631
19001
18996
37629
18997
18998
18999
33564
19002
19003
33565
33566
19006
19007
33567
33568
19010
19011
33569
33570
19014
19015
33571
33572
19018
19019
33573
33574
19022
19023
33575
33576
19026
19027
33577
33578
21632
37761
37735
37737
21633
34863
34880
19060
37913
19061
19056
37911
19057
19052
37909
19053
19048
37907
19049
19044
37905
19045
19040
37903
19041
19036
37901
19037
19032
37899
19033
19034
19035
33582
19038
19039
33583
33584
19042
19043
33585
33586
19046
19047
33587
33588
19050
19051
33589
33590
19054
19055
33591
33592
19058
19059
33593
33594
19062
19063
33595
33596
21668
37759
38065
38067
21669
34881
34898
19096
37897
19097
19092
37895
19093
19088
37893
19089
19084
37891
19085
19080
37889
19081
19076
37887
19077
19072
37885
19073
19068
37883
19069
19070
19071
33354
33600
38208
38210
38212
38214
19074
19075
33373
33601
33602
19078
19079
33392
33603
33604
19082
19083
33411
33605
33606
19086
19087
33430
33607
33608
19090
19091
33449
33609
33610
19094
19095
33468
33611
33612
19098
19099
33487
33613
33614
21704
37757
38061
38063
21705
34899
34916
22606
36759
38059
22607
35366
11829
11830
22203
22204
38216
38218
38220
38222
38224
38226
38228
38230
38232
38234
38236
38238
38240
38242
38244
38246
38248
38250
38252
38254
38256
38258
38260
38262
38264
38266
38268
38270
38272
38274
38276
38278
38280
38282
38284
38286
38288
38290
38292
38294
38296
38298
38300
38302
38304
38306
38308
38310
38312
38314
38316
38318
38320
38322
38324
38326
38328
38330
11823
11824
22199
22200
38332
38334
38336
38338
38340
11817
11818
22195
22196
38342
11811
11812
38344
22191
22192
38346
11805
11806
38348
22187
22188
38350
11799
11800
38352
22183
22184
38354
11793
11794
38356
22179
22180
38358
11787
11788
38360
22175
22176
22177
22178
35152
38362
22181
22182
35153
35154
22185
22186
35155
35156
22189
38361
22190
35157
35158
22193
38357
22194
35159
35160
22197
38353
22198
35161
35162
22201
38349
22202
35163
35164
22205
38345
22206
35165
35166
21738
21739
21734
21735
21730
21731
38364
21726
21727
38366
21722
21723
38368
21718
21719
38370
21714
21715
38372
21710
21711
21712
21713
34920
21716
21717
34921
34922
21720
21721
34923
34924
21724
38373
21725
34925
34926
21728
38371
21729
34927
34928
21732
38369
21733
34929
34930
21736
38367
21737
34931
34932
21740
38365
21741
34933
34934
22610
36757
22611
35367
35368
11947
11948
22239
22240
11941
11942
22235
22236
38374
38376
38378
11935
11936
22231
22232
38380
11929
11930
38382
22227
22228
38384
11923
11924
38386
22223
22224
38388
11917
11918
38390
22219
22220
38392
11911
11912
38394
22215
22216
38396
11905
11906
38398
22211
22212
22213
22214
35170
38400
22217
22218
35171
35172
22221
22222
35173
35174
22225
38399
22226
35175
35176
22229
38395
22230
35177
35178
22233
38391
22234
35179
35180
22237
38387
22238
35181
35182
22241
38383
22242
35183
35184
21774
21775
21770
21771
21766
21767
38402
21762
21763
38404
21758
21759
38406
21754
21755
38408
21750
21751
38410
21746
21747
21748
21749
34938
21752
21753
34939
34940
21756
21757
34941
34942
21760
38411
21761
34943
34944
21764
38409
21765
34945
34946
21768
38407
21769
34947
34948
21772
38405
21773
34949
34950
21776
38403
21777
34951
34952
22614
36755
22615
35369
35370
12065
12066
22275
22276
12059
12060
22271
22272
38412
38414
38416
12053
12054
22267
22268
38418
12047
12048
38420
22263
22264
38422
12041
12042
38424
22259
22260
38426
12035
12036
38428
22255
22256
38430
12029
12030
38432
22251
22252
38434
12023
12024
38436
22247
22248
22249
22250
35188
38438
22253
22254
35189
35190
22257
22258
35191
35192
22261
38437
22262
35193
35194
22265
38433
22266
35195
35196
22269
38429
22270
35197
35198
22273
38425
22274
35199
35200
22277
38421
22278
35201
35202
21810
21811
21806
21807
21802
21803
38440
21798
21799
38442
21794
21795
38444
21790
21791
38446
21786
21787
38448
21782
21783
21784
21785
34789
34956
21788
21789
34807
34957
34958
21792
21793
34825
34959
34960
21796
38449
21797
34843
34961
34962
21800
38447
21801
34861
34963
34964
21804
38445
21805
34879
34965
34966
21808
38443
21809
34897
34967
34968
21812
38441
21813
34915
34969
34970
22618
36753
22619
35371
35372
22279
37021
22280
22243
38450
38452
38454
38456
38458
38460
37001
22244
22207
38462
36981
22208
38464
22171
38466
38468
38470
38472
38474
38476
36979
22172
38478
20417
20418
38480
20381
20382
38482
20345
20346
38484
20309
20310
38486
20273
20274
38488
20237
20238
38490
20201
20202
38492
20165
20166
17455
37881
17456
17451
37879
17452
17449
17450
17445
37877
17446
17441
37875
17442
17437
37873
17438
38494
17433
37871
17434
38496
17429
37869
17430
38498
17425
37867
17426
38500
17421
37865
17422
38502
16927
37863
16928
38504
16923
37861
16924
38506
38508
38510
38512
38514
38516
16863
16864
38518
4595
4596
38520
4589
4590
38522
4585
4586
38524
4335
4336
38526
4331
4332
38528
4327
4328
38530
4323
4324
4325
36459
36461
4326
26229
4307
4308
4309
4310
25130
25190
26221
4329
4330
26231
4311
4312
4313
4314
26223
4333
4334
26206
26233
4315
4316
4317
38077
4318
26198
26200
26208
26225
4337
38531
38075
4338
26235
4319
4320
4321
38073
4322
26227
4587
38529
38071
4588
26360
4347
4348
4349
4350
26241
4343
4344
4345
4346
26202
26210
26239
4591
38527
38069
4592
26361
26362
4561
4562
4555
4556
4551
4552
4553
4554
26343
4557
4558
26344
26345
4527
4528
4521
4522
38532
4517
4518
4519
4520
26326
4523
4524
26327
26328
4493
4494
4487
4488
38534
4483
4484
4485
4486
26309
4489
4490
26310
26311
4459
4460
4453
4454
38536
4449
4450
4451
4452
26292
4455
4456
26293
26294
4425
4426
4419
4420
38538
4415
38540
38542
38544
38546
38548
38550
38552
38554
38556
38558
38560
38562
38564
38566
38568
38570
38572
38574
38576
38363
4416
4417
4418
26275
4421
4422
26276
26277
4391
38578
38580
38582
38359
4392
4385
38584
38586
38588
38590
38355
4386
38592
4381
38594
38351
4382
4383
4384
26258
4387
4388
26259
26260
4357
38596
38347
4358
4351
38598
38343
4352
38600
4339
38602
38341
4340
4341
4342
26212
26228
26237
4353
4354
26218
26238
26240
26243
4359
38055
38057
4360
26196
26246
4393
38601
37961
38053
4394
26247
26253
26263
4427
38593
37939
37959
4428
26264
26270
26280
4461
38539
37935
37937
4462
26281
26287
26297
4495
38537
37931
37933
4496
26298
26304
26314
4529
38535
37927
37929
4530
26315
26321
26331
4563
38533
37923
37925
4564
26332
26338
26348
4597
38525
37919
37921
4598
26349
26355
26365
16865
38523
37915
37917
16866
32497
32498
16925
38515
37831
16926
32528
16919
37859
16920
16915
37857
16916
16917
37829
16918
32524
16911
37855
16912
16907
37853
16908
16909
37827
16910
32520
16903
37851
16904
16899
37849
16900
16901
37825
16902
32516
16895
37847
16896
16891
37845
16892
16893
37823
16894
32512
16887
37843
16888
16883
37841
16884
16885
37821
16886
32508
16879
37839
16880
16875
37837
16876
38604
38606
38608
38610
38612
38614
38616
38618
16877
37819
16878
32504
16871
38620
38622
37835
16872
16867
38624
37833
16868
38626
38628
38630
38632
38634
16869
37817
16870
32499
32500
38636
38638
38640
38642
38644
38646
38648
38650
38652
38654
38656
38658
38660
38662
38664
38666
38668
38670
38672
38674
38676
38678
38680
38682
38684
16873
16874
32502
38686
16881
16882
32503
32506
16889
16890
32507
32510
16897
16898
32511
32514
16905
16906
32515
32518
16913
16914
32519
32522
16921
16922
32523
32526
16929
38513
37941
16930
32527
32530
17423
38511
17424
32777
16963
37957
16964
16959
37955
16960
16955
37953
16956
16951
37951
16952
16947
37949
16948
16943
37947
16944
16939
37945
16940
16935
37943
16936
16937
16938
32534
38688
38690
38692
38694
38696
38698
38700
38702
38704
38706
16941
16942
32535
32536
16945
16946
32537
32538
16949
16950
32539
32540
16953
16954
32541
32542
16957
16958
32543
32544
16961
16962
32545
32546
16965
37969
16966
32547
32548
17427
38509
17428
32778
32779
16999
38051
17000
16995
38049
16996
16991
38047
16992
16987
38045
16988
16983
38043
16984
16979
38041
16980
16975
38039
16976
16971
38037
16972
16973
16974
32552
16977
16978
32553
32554
16981
16982
32555
32556
16985
16986
32557
32558
16989
16990
32559
32560
16993
16994
32561
32562
16997
16998
32563
32564
17001
37967
17002
32565
32566
17431
38507
17432
32780
32781
17035
38035
17036
17031
38033
17032
17027
38031
17028
17023
38029
17024
17019
38027
17020
17015
38025
17016
17011
38023
17012
17007
38021
17008
17009
17010
32570
17013
17014
32571
32572
17017
17018
32573
32574
17021
17022
32575
32576
17025
17026
32577
32578
17029
17030
32579
32580
17033
17034
32581
32582
17037
37965
17038
32583
32584
17435
38505
17436
32782
32783
17071
38019
17072
17067
38017
17068
17063
38015
17064
17059
38013
17060
17055
38011
17056
17051
38009
17052
17047
38007
17048
17043
38005
17044
17045
17046
32588
38708
38710
38712
38714
38716
38718
38720
38722
38724
38726
38728
17049
17050
32589
32590
17053
17054
32591
32592
17057
17058
32593
32594
17061
17062
32595
32596
17065
17066
32597
32598
17069
17070
32599
32600
17073
37963
17074
32601
32602
17439
38503
17440
32784
32785
17107
38003
17108
17103
38001
17104
17099
37999
17100
17095
37997
17096
17091
37977
17092
17087
37975
17088
17083
37973
17084
17079
37971
17080
17081
17082
32606
38730
38732
38734
38736
38738
38740
38742
38744
17085
17086
32607
32608
17089
17090
32609
32610
17093
17094
32611
32612
17097
17098
32613
32614
17101
17102
32615
32616
17105
17106
32617
32618
17109
37979
17110
32619
32620
17443
38501
17444
32786
32787
17143
37995
17144
17139
37993
17140
17135
37991
17136
17131
37989
17132
17127
37987
17128
17123
37985
17124
17119
37983
17120
17115
37981
17116
38746
38748
38750
38752
38754
17117
17118
32624
38756
38758
38760
38762
38764
38766
38768
38770
38772
38774
38776
38778
38780
38782
38784
38786
38788
38790
38792
38794
38796
38798
17121
17122
32625
32626
17125
17126
32627
32628
17129
17130
32629
32630
17133
17134
32631
32632
17137
17138
32633
32634
17141
17142
32635
32636
17145
38081
17146
32637
32638
17447
38499
17448
32788
32789
17181
38335
17182
17177
38333
17178
17173
38331
17174
17169
38329
17170
17165
38327
17166
17161
38325
17162
17157
38323
17158
17153
38321
17154
17155
17156
32501
32643
17159
17160
32505
32644
32645
17163
17164
32509
32646
32647
17167
17168
32513
32648
32649
17171
17172
32517
32650
32651
17175
17176
32521
32652
32653
17179
17180
32525
32654
32655
17183
38079
17184
32529
32656
32657
17453
38497
17454
32790
32791
32792
17417
38319
17418
17413
38317
17414
17411
17412
17407
38315
17408
17403
38313
17404
17399
38311
17400
17395
38309
17396
17391
38307
17392
17387
38305
17388
17383
38303
17384
17385
17386
32758
17389
17390
32759
32760
17393
17394
32761
32762
17397
17398
32763
32764
17401
17402
32765
32766
17405
17406
32767
32768
17409
17410
32769
32770
17415
17416
32771
32772
32773
17379
38301
17380
17375
38299
17376
17373
17374
17369
38297
17370
17365
38295
17366
17361
38293
17362
17357
38291
17358
17353
38289
17354
17349
38287
17350
17345
38285
17346
17347
17348
32739
17351
17352
32740
32741
17355
17356
32742
32743
17359
17360
32744
32745
17363
17364
32746
32747
17367
17368
32748
32749
17371
17372
32750
32751
17377
17378
32752
32753
32754
17341
38283
17342
17337
38281
17338
17335
17336
17331
38279
17332
17327
38277
17328
17323
38275
17324
17319
38273
17320
17315
38271
17316
17311
38269
17312
17307
38267
17308
17309
17310
32720
17313
17314
32721
32722
17317
17318
32723
32724
17321
17322
32725
32726
17325
17326
32727
32728
17329
17330
32729
32730
17333
17334
32731
32732
17339
17340
32733
32734
32735
17303
38265
17304
17299
38263
17300
17297
17298
17293
38261
17294
17289
38259
17290
17285
38257
17286
17281
38207
17282
17277
38205
17278
17273
38203
17274
17269
38201
17270
17271
17272
32701
17275
17276
32702
32703
17279
17280
32704
32705
17283
17284
32706
32707
17287
17288
32708
32709
17291
17292
32710
32711
17295
17296
32712
32713
17301
17302
32714
32715
32716
17265
38199
17266
17261
38197
17262
17259
17260
17255
38195
17256
17251
38193
17252
17247
38191
17248
17243
38189
17244
17239
38187
17240
17235
38185
17236
17231
38183
17232
38800
38802
38804
17233
17234
32682
38806
38808
38810
38812
38814
38816
38818
38820
38822
38824
38826
38828
38830
38832
38834
38836
38838
38840
38842
38844
38846
38848
38850
38852
38854
38856
38858
38860
38862
38864
38866
38868
38870
38872
38874
38876
38878
38880
38882
38884
38886
38888
38890
38892
38894
38896
38898
38900
38902
38904
38906
38908
38910
17237
17238
32683
32684
17241
17242
32685
32686
17245
17246
32687
32688
17249
17250
32689
32690
17253
17254
32691
32692
17257
17258
32693
32694
17263
17264
32695
32696
32697
17227
38181
17228
17223
38179
17224
17221
17222
17217
38177
17218
17213
38175
17214
17209
38173
17210
17205
38171
17206
17201
38169
17202
17197
38167
17198
17193
38165
17194
17195
17196
32663
17199
17200
32664
32665
17203
17204
32666
32667
17207
17208
32668
32669
17211
17212
32670
32671
17215
17216
32672
32673
17219
17220
32674
32675
17225
17226
32676
32677
32678
17189
38163
17190
17185
38161
17186
17151
17152
17147
38159
17148
17111
38157
17112
17075
38155
17076
17039
38153
17040
17003
38151
17004
16967
38149
16968
16931
38147
16932
16933
16934
32531
32532
16969
16970
32533
32549
32550
17005
17006
32551
32567
32568
17041
17042
32569
32585
32586
17077
17078
32587
32603
32604
17113
17114
32605
32621
32622
17149
17150
32623
32639
32640
17187
17188
32641
32642
32658
32659
17191
17192
32661
17229
17230
32662
32680
17267
17268
32681
32699
17305
17306
32700
32718
17343
17344
32719
32737
17381
17382
32738
32756
17419
17420
32757
32775
17457
38495
17458
32776
32794
20167
38521
38571
38573
20168
34148
17491
38145
17492
17487
38143
17488
17483
38141
17484
17479
38139
17480
17475
38137
17476
17471
38135
17472
17467
38133
17468
17463
38131
17464
17465
17466
32798
17469
17470
32799
32800
17473
17474
32801
32802
17477
17478
32803
32804
17481
17482
32805
32806
17485
17486
32807
32808
17489
17490
32809
32810
17493
17494
32811
32812
20203
38519
38567
38569
20204
34149
34166
17527
38129
17528
17523
38127
17524
17519
38125
17520
17515
38123
17516
17511
38121
17512
17507
38119
17508
17503
38117
17504
17499
38115
17500
17501
17502
32816
17505
17506
32817
32818
17509
17510
32819
32820
17513
17514
32821
32822
17517
17518
32823
32824
17521
17522
32825
32826
17525
17526
32827
32828
17529
17530
32829
32830
20239
38517
38563
38565
20240
34167
34184
17563
38113
17564
17559
38095
17560
17555
38093
17556
17551
38091
17552
17547
38089
17548
17543
38087
17544
17539
38085
17540
17535
38083
17536
17537
17538
32834
17541
17542
32835
32836
17545
17546
32837
32838
17549
17550
32839
32840
17553
17554
32841
32842
17557
17558
32843
32844
17561
17562
32845
32846
17565
17566
32847
32848
20275
38493
38475
38477
20276
34185
34202
17599
38111
17600
17595
38109
17596
17591
38107
17592
17587
38105
17588
17583
38103
17584
17579
38101
17580
17575
38099
17576
17571
38097
17572
17573
17574
32852
17577
17578
32853
32854
17581
17582
32855
32856
17585
17586
32857
32858
17589
17590
32859
32860
17593
17594
32861
32862
17597
17598
32863
32864
17601
17602
32865
32866
20311
38491
38471
38473
20312
34203
34220
17635
38255
17636
17631
38253
17632
17627
38251
17628
17623
38249
17624
17619
38247
17620
17615
38245
17616
17611
38243
17612
17607
38241
17608
38912
38914
38916
38918
38920
17609
17610
32870
38922
38924
38926
38928
38930
38932
38934
38936
38938
38940
17613
17614
32871
32872
17617
17618
32873
32874
17621
17622
32875
32876
17625
17626
32877
32878
17629
17630
32879
32880
17633
17634
32881
32882
17637
17638
32883
32884
20347
38489
38467
38469
20348
34221
34238
17671
38239
17672
17667
38237
17668
17663
38235
17664
17659
38233
17660
17655
38231
17656
17651
38229
17652
17647
38227
17648
17643
38225
17644
38942
38944
38946
38948
17645
17646
32888
38950
38952
38954
38956
38958
38960
38962
38964
38966
38968
38970
38972
17649
17650
32889
32890
17653
17654
32891
32892
17657
17658
32893
32894
17661
17662
32895
32896
17665
17666
32897
32898
17669
17670
32899
32900
17673
17674
32901
32902
20383
38487
38461
38463
20384
34239
34256
17707
38223
17708
17703
38221
17704
17699
38219
17700
17695
38217
17696
17691
38215
17692
17687
38213
17688
17683
38211
17684
17679
38209
17680
38974
38976
17681
17682
32660
32906
38978
38980
38982
38984
38986
38988
38990
38992
38994
38996
38998
39000
39002
39004
39006
39008
39010
39012
39014
39016
39018
39020
39022
39024
39026
39028
39030
39032
39034
39036
39038
39040
39042
39044
39046
39048
39050
39052
39054
39056
39058
39060
17685
17686
32679
32907
32908
17689
17690
32698
32909
32910
17693
17694
32717
32911
32912
17697
17698
32736
32913
32914
17701
17702
32755
32915
32916
17705
17706
32774
32917
32918
17709
17710
32793
32919
32920
20419
38485
38457
38459
20420
34257
34274
22173
38483
38337
38339
22174
35150
20453
20454
20449
38401
20450
20445
38397
20446
39062
20441
39064
38393
20442
39066
20437
39068
38389
20438
39070
20433
39072
38385
20434
39074
20429
39076
38381
20430
39078
20425
39080
38379
20426
20427
20428
34278
20431
20432
34279
34280
20435
20436
34281
34282
20439
39079
20440
34283
34284
20443
39075
20444
34285
34286
20447
39071
20448
34287
34288
20451
39067
20452
34289
34290
20455
39063
20456
34291
34292
22209
38481
38375
38377
22210
35151
35168
20489
20490
20485
39082
38439
20486
20481
39084
38435
20482
39086
20477
39088
38431
20478
39090
20473
39092
38427
20474
39094
20469
39096
38423
20470
39098
20465
39100
38419
20466
39102
20461
39104
38417
20462
20463
20464
34296
20467
20468
34297
34298
20471
20472
34299
34300
20475
39103
20476
34301
34302
20479
39099
20480
34303
34304
20483
39095
20484
34305
34306
20487
39091
20488
34307
34308
20491
39087
20492
34309
34310
22245
38479
38413
38415
22246
35169
35186
20525
20526
20521
20522
20517
20518
39106
20513
20514
39108
20509
20510
39110
20505
20506
39112
20501
20502
39114
20497
20498
20499
20500
34147
34314
20503
20504
34165
34315
34316
20507
20508
34183
34317
34318
20511
39115
20512
34201
34319
34320
20515
39113
20516
34219
34321
34322
20519
39111
20520
34237
34323
34324
20523
39109
20524
34255
34325
34326
20527
39107
20528
34273
34327
34328
22281
38465
38453
38455
22282
35187
35204
22943
36751
38451
22944
35534
14125
14126
22636
22637
14119
14120
22632
22633
39116
39118
39120
39122
39124
39126
39128
39130
14113
14114
22628
22629
39132
39134
39136
39138
39140
39142
39144
39146
39148
39150
39152
14107
14108
39154
22624
22625
22626
22627
35376
39156
22630
22631
35377
35378
22634
22635
35379
35380
22638
39155
22639
35381
35382
22299
22300
22295
22296
22291
22292
39158
22287
22288
22289
22290
35208
22293
22294
35209
35210
22297
22298
35211
35212
22301
39159
22302
35213
35214
22947
36749
22948
35535
35536
14187
14188
22656
22657
39160
39162
14181
14182
22652
22653
39164
14175
14176
22648
22649
39166
14169
14170
39168
22644
22645
39170
22646
22647
35386
22650
22651
35387
35388
22654
22655
35389
35390
22658
39169
22659
35391
35392
22319
22320
22315
22316
22311
22312
39172
22307
22308
22309
22310
35218
22313
22314
35219
35220
22317
22318
35221
35222
22321
39173
22322
35223
35224
22951
36747
22952
35537
35538
39174
39176
39178
14249
14250
22676
22677
39180
14243
14244
22672
22673
39182
14237
14238
22668
22669
39184
14231
14232
39186
22664
22665
22666
22667
35396
22670
22671
35397
35398
22674
22675
35399
35400
22678
39187
22679
35401
35402
22339
22340
22335
22336
22331
22332
39188
22327
22328
22329
22330
35228
22333
22334
35229
35230
22337
22338
35231
35232
22341
39189
22342
35233
35234
22955
36745
22956
35149
35539
35540
22680
36909
22681
22660
39190
36907
22661
22640
39192
39194
39196
39198
39200
39202
39204
39206
39208
39210
39212
39214
39216
39218
36905
22641
39220
22620
39222
36903
22621
39224
21814
21815
39226
21778
21779
39228
21742
21743
39230
21706
21707
39232
19100
19101
39234
19064
19065
39236
19028
19029
39238
18992
18993
39240
18956
18957
39242
18920
18921
39244
18884
18885
39246
18848
18849
16046
38561
16047
16042
38559
16043
16040
16041
16036
38557
16037
16032
38555
16033
16028
38553
16029
39248
16024
38551
16025
39250
16020
38549
16021
39252
16016
38547
16017
39254
16012
38545
16013
39256
15518
38543
15519
39258
15514
38541
15515
39260
39262
39264
39266
39268
39270
15454
15455
39272
4731
4732
39274
4727
4728
39276
4723
4724
39278
4627
4628
39280
4623
4624
39282
4619
4620
39284
4615
4616
4617
38589
36455
36457
4618
26375
4599
4600
4601
38587
4602
25252
25312
26367
4621
38585
4622
26377
4603
4604
4605
38583
4606
26369
4625
38581
4626
26230
26379
4607
4608
4609
39286
39288
39290
38579
4610
26222
26224
26232
26371
4629
39285
38577
4630
26381
4611
4612
4613
39292
39294
39296
39298
39300
39302
39304
39306
39308
38575
4614
26373
39310
39312
39314
39316
39318
39320
4725
39283
38687
4726
26429
4639
4640
4641
4642
26387
4635
4636
4637
4638
26226
26234
26385
4729
39281
38685
4730
26430
26431
4719
4720
4715
4716
4711
4712
4713
4714
26423
4717
4718
26424
26425
4707
4708
4703
4704
39322
4699
4700
4701
4702
26417
4705
4706
26418
26419
4695
4696
4691
4692
39324
4687
4688
4689
4690
26411
4693
4694
26412
26413
4683
4684
4679
4680
39326
4675
4676
4677
4678
26405
4681
4682
26406
26407
4671
39061
4672
4667
39328
39330
39332
38911
4668
39334
4663
39336
38799
4664
39338
4665
4666
26399
4669
4670
26400
26401
4659
38591
4660
4655
39340
38595
4656
39342
4651
39344
38597
4652
39346
4653
4654
26393
4657
4658
26394
26395
4647
38599
4648
4643
39348
38603
4644
39350
4631
39352
38707
4632
39354
4633
4634
26236
26374
26383
4645
4646
26242
26384
26386
26389
4649
38681
38683
4650
26220
26391
39356
39358
39360
39362
4661
39351
38677
38679
4662
26257
26392
26397
4673
39343
38673
38675
4674
26274
26398
26403
4685
39335
38669
38671
4686
26291
26404
26409
4697
39327
38665
38667
4698
26308
26410
26415
4709
39325
38661
38663
4710
26325
26416
26421
4721
39323
38657
38659
4722
26342
26422
26427
4733
39279
38653
38655
4734
26359
26428
26433
15456
39277
38649
38651
15457
31793
31794
15516
39269
38615
15517
31824
15510
38647
15511
15506
38645
15507
15508
38613
15509
31820
15502
38643
15503
15498
38641
15499
15500
38611
15501
31816
15494
38639
15495
15490
38635
15491
15492
38609
15493
31812
15486
38633
15487
15482
38631
15483
15484
38607
15485
31808
15478
38629
15479
15474
38623
15475
39364
39366
39368
39370
39372
39374
39376
15476
38605
15477
31804
15470
39378
39380
38619
15471
15466
39382
38617
15467
39384
39386
39388
39390
39392
39394
39396
39398
39400
15468
38621
15469
31800
15462
38625
15463
15458
38627
15459
39402
39404
39406
39408
39410
39412
39414
39416
39418
15460
38637
15461
31795
31796
39420
39422
39424
39426
39428
39430
39432
39434
39436
39438
15464
15465
31798
39440
15472
15473
31799
31802
15480
15481
31803
31806
15488
15489
31807
31810
15496
15497
31811
31814
15504
15505
31815
31818
15512
15513
31819
31822
15520
39267
38689
15521
31823
31826
16014
39265
16015
32073
15554
38705
15555
15550
38703
15551
15546
38701
15547
15542
38699
15543
15538
38697
15539
15534
38695
15535
15530
38693
15531
15526
38691
15527
15528
15529
31830
39442
39444
39446
39448
39450
39452
39454
39456
39458
39460
15532
15533
31831
31832
15536
15537
31833
31834
15540
15541
31835
31836
15544
15545
31837
31838
15548
15549
31839
31840
15552
15553
31841
31842
15556
38713
15557
31843
31844
16018
39263
16019
32074
32075
15590
38797
15591
15586
38795
15587
15582
38793
15583
15578
38791
15579
15574
38789
15575
15570
38787
15571
15566
38785
15567
15562
38783
15563
15564
15565
31848
15568
15569
31849
31850
15572
15573
31851
31852
15576
15577
31853
31854
15580
15581
31855
31856
15584
15585
31857
31858
15588
15589
31859
31860
15592
38711
15593
31861
31862
16022
39261
16023
32076
32077
15626
38781
15627
15622
38779
15623
15618
38777
15619
15614
38775
15615
15610
38773
15611
15606
38771
15607
15602
38769
15603
15598
38767
15599
15600
15601
31866
39462
39464
39466
39468
39470
15604
15605
31867
31868
15608
15609
31869
31870
15612
15613
31871
31872
15616
15617
31873
31874
15620
15621
31875
31876
15624
15625
31877
31878
15628
38709
15629
31879
31880
16026
39259
16027
32078
32079
15662
38729
15663
15658
38727
15659
15654
38725
15655
15650
38723
15651
15646
38721
15647
15642
38719
15643
15638
38717
15639
15634
38715
15635
39472
39474
15636
15637
31884
39476
39478
39480
39482
39484
39486
39488
39490
39492
39494
39496
39498
39500
39502
39504
39506
39508
39510
39512
39514
39516
15640
15641
31885
31886
15644
15645
31887
31888
15648
15649
31889
31890
15652
15653
31891
31892
15656
15657
31893
31894
15660
15661
31895
31896
15664
38731
15665
31897
31898
16030
39257
16031
32080
32081
15698
38765
15699
15694
38745
15695
15690
38743
15691
15686
38741
15687
15682
38739
15683
15678
38737
15679
15674
38735
15675
15670
38733
15671
15672
15673
31902
15676
15677
31903
31904
15680
15681
31905
31906
15684
15685
31907
31908
15688
15689
31909
31910
15692
15693
31911
31912
15696
15697
31913
31914
15700
38747
15701
31915
31916
16034
39255
16035
32082
32083
15734
38763
15735
15730
38761
15731
15726
38759
15727
15722
38757
15723
15718
38755
15719
15714
38753
15715
15710
38751
15711
15706
38749
15707
15708
15709
31920
39518
39520
39522
39524
39526
39528
39530
39532
39534
39536
39538
39540
39542
39544
39546
39548
39550
39552
39554
15712
15713
31921
31922
15716
15717
31923
31924
15720
15721
31925
31926
15724
15725
31927
31928
15728
15729
31929
31930
15732
15733
31931
31932
15736
38803
15737
31933
31934
16038
39253
16039
32084
32085
15772
38909
15773
15768
38907
15769
15764
38905
15765
15760
38903
15761
15756
38901
15757
15752
38899
15753
15748
38897
15749
15744
38895
15745
15746
15747
31797
31939
15750
15751
31801
31940
31941
15754
15755
31805
31942
31943
15758
15759
31809
31944
31945
15762
15763
31813
31946
31947
15766
15767
31817
31948
31949
15770
15771
31821
31950
31951
15774
38801
15775
31825
31952
31953
16044
39251
16045
32086
32087
32088
16008
38893
16009
16004
38891
16005
16002
16003
15998
38889
15999
15994
38887
15995
15990
38885
15991
15986
38883
15987
15982
38881
15983
15978
38879
15979
15974
38877
15975
15976
15977
32054
15980
15981
32055
32056
15984
15985
32057
32058
15988
15989
32059
32060
15992
15993
32061
32062
15996
15997
32063
32064
16000
16001
32065
32066
16006
16007
32067
32068
32069
15970
38875
15971
15966
38873
15967
15964
15965
15960
38871
15961
15956
38869
15957
15952
38867
15953
15948
38865
15949
15944
38863
15945
15940
38861
15941
15936
38859
15937
15938
15939
32035
15942
15943
32036
32037
15946
15947
32038
32039
15950
15951
32040
32041
15954
15955
32042
32043
15958
15959
32044
32045
15962
15963
32046
32047
15968
15969
32048
32049
32050
15932
38857
15933
15928
38855
15929
15926
15927
15922
38853
15923
15918
38851
15919
15914
38849
15915
15910
38847
15911
15906
38845
15907
15902
38843
15903
15898
38841
15899
15900
15901
32016
15904
15905
32017
32018
15908
15909
32019
32020
15912
15913
32021
32022
15916
15917
32023
32024
15920
15921
32025
32026
15924
15925
32027
32028
15930
15931
32029
32030
32031
15894
38839
15895
15890
38837
15891
15888
15889
15884
38835
15885
15880
38833
15881
15876
38831
15877
15872
38829
15873
15868
38827
15869
15864
38825
15865
15860
38823
15861
15862
15863
31997
15866
15867
31998
31999
15870
15871
32000
32001
15874
15875
32002
32003
15878
15879
32004
32005
15882
15883
32006
32007
15886
15887
32008
32009
15892
15893
32010
32011
32012
15856
38821
15857
15852
38819
15853
15850
15851
15846
38817
15847
15842
38815
15843
15838
38813
15839
15834
38811
15835
15830
38809
15831
15826
38807
15827
15822
38805
15823
39556
39558
39560
15824
15825
31978
39562
39564
39566
39568
39570
39572
39574
39576
39578
39580
39582
39584
39586
15828
15829
31979
31980
15832
15833
31981
31982
15836
15837
31983
31984
15840
15841
31985
31986
15844
15845
31987
31988
15848
15849
31989
31990
15854
15855
31991
31992
31993
15818
39059
15819
15814
39057
15815
15812
15813
15808
39055
15809
15804
39053
15805
15800
39051
15801
15796
39049
15797
15792
39047
15793
15788
39045
15789
15784
39043
15785
15786
15787
31959
39588
39590
39592
39594
39596
39598
39600
15790
15791
31960
31961
15794
15795
31962
31963
15798
15799
31964
31965
15802
15803
31966
31967
15806
15807
31968
31969
15810
15811
31970
31971
15816
15817
31972
31973
31974
15780
39041
15781
15776
39039
15777
15742
15743
15738
39037
15739
15702
39035
15703
15666
39033
15667
15630
39031
15631
15594
39029
15595
15558
39027
15559
15522
39025
15523
39602
39604
15524
15525
31827
31828
39606
39608
39610
39612
39614
39616
39618
39620
39622
39624
39626
39628
39630
39632
39634
39636
39638
15560
15561
31829
31845
31846
15596
15597
31847
31863
31864
15632
15633
31865
31881
31882
15668
15669
31883
31899
31900
15704
15705
31901
31917
31918
15740
15741
31919
31935
31936
15778
15779
31937
31938
31954
31955
15782
15783
31957
15820
15821
31958
31976
15858
15859
31977
31995
15896
15897
31996
32014
15934
15935
32015
32033
15972
15973
32034
32052
16010
16011
32053
32071
16048
39249
16049
32072
32090
18850
39275
39149
39151
18851
33490
16082
39023
16083
16078
39021
16079
16074
39019
16075
16070
39017
16071
16066
39015
16067
16062
39013
16063
16058
39011
16059
16054
39009
16055
16056
16057
32094
16060
16061
32095
32096
16064
16065
32097
32098
16068
16069
32099
32100
16072
16073
32101
32102
16076
16077
32103
32104
16080
16081
32105
32106
16084
16085
32107
32108
18886
39273
39145
39147
18887
33491
33508
16118
39007
16119
16114
39005
16115
16110
39003
16111
16106
39001
16107
16102
38999
16103
16098
38997
16099
16094
38995
16095
16090
38993
16091
16092
16093
32112
16096
16097
32113
32114
16100
16101
32115
32116
16104
16105
32117
32118
16108
16109
32119
32120
16112
16113
32121
32122
16116
16117
32123
32124
16120
16121
32125
32126
18922
39271
39141
39143
18923
33509
33526
16154
38991
16155
16150
38973
16151
16146
38971
16147
16142
38969
16143
16138
38967
16139
16134
38965
16135
16130
38963
16131
16126
38961
16127
16128
16129
32130
39640
39642
39644
39646
39648
39650
39652
39654
16132
16133
32131
32132
16136
16137
32133
32134
16140
16141
32135
32136
16144
16145
32137
32138
16148
16149
32139
32140
16152
16153
32141
32142
16156
16157
32143
32144
18958
39247
39137
39139
18959
33527
33544
16190
38959
16191
16186
38941
16187
16182
38939
16183
16178
38937
16179
16174
38935
16175
16170
38933
16171
16166
38931
16167
16162
38929
16163
39656
39658
39660
39662
39664
16164
16165
32148
39666
39668
39670
39672
39674
39676
39678
39680
39682
39684
39686
39688
39690
39692
39694
39696
39698
39700
39702
39704
39706
39708
39710
39712
39714
39716
39718
39720
39722
39724
39726
39728
39730
39732
39734
39736
39738
39740
39742
39744
39746
39748
39750
39752
39754
39756
39758
39760
39762
39764
39766
16168
16169
32149
32150
16172
16173
32151
32152
16176
16177
32153
32154
16180
16181
32155
32156
16184
16185
32157
32158
16188
16189
32159
32160
16192
16193
32161
32162
18994
39245
39133
39135
18995
33545
33562
16226
38927
16227
16222
38925
16223
16218
38923
16219
16214
38921
16215
16210
38919
16211
16206
38917
16207
16202
38915
16203
16198
38913
16199
16200
16201
32166
16204
16205
32167
32168
16208
16209
32169
32170
16212
16213
32171
32172
16216
16217
32173
32174
16220
16221
32175
32176
16224
16225
32177
32178
16228
16229
32179
32180
19030
39243
39129
39131
19031
33563
33580
16262
38957
16263
16258
38955
16259
16254
38953
16255
16250
38951
16251
16246
38949
16247
16242
38947
16243
16238
38945
16239
16234
38943
16235
16236
16237
32184
16240
16241
32185
32186
16244
16245
32187
32188
16248
16249
32189
32190
16252
16253
32191
32192
16256
16257
32193
32194
16260
16261
32195
32196
16264
16265
32197
32198
19066
39241
39125
39127
19067
33581
33598
16298
38989
16299
16294
38987
16295
16290
38985
16291
16286
38983
16287
16282
38981
16283
16278
38979
16279
16274
38977
16275
16270
38975
16271
16272
16273
31956
32202
16276
16277
31975
32203
32204
16280
16281
31994
32205
32206
16284
16285
32013
32207
32208
16288
16289
32032
32209
32210
16292
16293
32051
32211
32212
16296
16297
32070
32213
32214
16300
16301
32089
32215
32216
19102
39239
39121
39123
19103
33599
33616
21708
39237
39215
39217
21709
34918
19136
19137
19132
19133
19128
39065
19129
39768
19124
39770
39772
39774
39776
39778
39780
39782
39784
39786
39788
39790
39792
39794
39796
39798
39800
39069
19125
39802
19120
39804
39806
39808
39810
39812
39814
39816
39818
39820
39073
19121
39822
19116
39824
39077
19117
39826
19112
39828
39081
19113
39830
19108
19109
19110
19111
33620
39832
19114
19115
33621
33622
19118
19119
33623
33624
19122
39831
19123
33625
33626
19126
39827
19127
33627
33628
19130
39823
19131
33629
33630
19134
39803
19135
33631
33632
19138
39769
19139
33633
33634
21744
39235
39211
39213
21745
34919
34936
19172
39083
19173
19168
39834
39085
19169
19164
39836
39089
19165
39838
19160
39840
39093
19161
39842
19156
39844
39097
19157
39846
19152
39848
39101
19153
39850
19148
39852
39105
19149
39854
19144
19145
19146
19147
33638
39856
19150
19151
33639
33640
19154
19155
33641
33642
19158
39855
19159
33643
33644
19162
39851
19163
33645
33646
19166
39847
19167
33647
33648
19170
39843
19171
33649
33650
19174
39839
19175
33651
33652
21780
39233
39207
39209
21781
34937
34954
19208
19209
19204
19205
19200
19201
39858
19196
19197
39860
19192
19193
39862
19188
19189
39864
19184
39157
19185
39866
19180
39868
39153
19181
19182
19183
33489
33656
39870
39872
39874
19186
19187
33507
33657
33658
19190
19191
33525
33659
33660
19194
39867
19195
33543
33661
33662
19198
39865
19199
33561
33663
33664
19202
39863
19203
33579
33665
33666
19206
39861
19207
33597
33667
33668
19210
39859
19211
33615
33669
33670
21816
39231
39203
39205
21817
34955
34972
22622
39229
39117
39119
22623
35374
21834
21835
21830
39171
21831
21826
39167
21827
39876
21822
39878
39880
39882
39884
39886
39888
39890
39892
39894
39896
39898
39900
39902
39904
39906
39165
21823
39908
21824
21825
34976
39910
21828
21829
34977
34978
21832
21833
34979
34980
21836
39877
21837
34981
34982
22642
39227
39161
39163
22643
35375
35384
21854
39185
21855
21850
39183
21851
21846
39912
39181
21847
39914
21842
39916
39179
21843
39918
21844
21845
34986
39920
21848
21849
34987
34988
21852
21853
34989
34990
21856
39915
21857
34991
34992
22662
39225
39175
39177
22663
35385
35394
21874
21875
21870
21871
21866
21867
39922
21862
21863
21864
21865
34996
21868
21869
34997
34998
21872
21873
34999
35000
21876
39923
21877
35001
35002
22682
39221
39199
39201
22683
34917
35395
35404
23216
36743
39197
23217
35670
14605
14606
22973
22974
14599
14600
22969
22970
39924
39926
39928
39930
39932
39934
39936
39938
39940
39942
14593
14594
22965
22966
39944
14587
14588
39946
22961
22962
22963
22964
35544
39948
22967
22968
35545
35546
22971
22972
35547
35548
22975
39947
39195
22976
35167
35549
35550
22700
22701
22696
22697
22692
22693
39950
22688
22689
22690
22691
35408
22694
22695
35409
35410
22698
22699
35411
35412
22702
39951
22703
34935
35413
35414
23220
36741
23221
35671
35672
14667
14668
22993
22994
39952
39954
39956
14661
14662
22989
22990
39958
14655
14656
22985
22986
39960
14649
14650
39962
22981
22982
22983
22984
35554
39964
22987
22988
35555
35556
22991
22992
35557
35558
22995
39963
39193
22996
35185
35559
35560
22720
22721
22716
22717
22712
22713
39966
22708
22709
22710
22711
35418
22714
22715
35419
35420
22718
22719
35421
35422
22722
39967
22723
34953
35423
35424
23224
36739
23225
35673
35674
14729
14730
23013
23014
39968
39970
39972
14723
14724
23009
23010
39974
14717
14718
23005
23006
39976
14711
14712
39978
23001
23002
23003
23004
35564
39980
23007
23008
35565
35566
23011
23012
35567
35568
23015
39979
39191
23016
35203
35569
35570
22740
22741
22736
22737
22732
22733
39982
22728
22729
22730
22731
35373
35428
22734
22735
35383
35429
35430
22738
22739
35393
35431
35432
22742
39983
22743
34971
35403
35433
35434
23228
36737
23229
35675
35676
23017
36901
23018
22997
39984
39986
39988
39990
39992
39994
36899
22998
22977
39996
39998
40000
36897
22978
40002
22957
40004
40006
40008
36895
22958
40010
22343
22344
40012
22323
40014
39219
22324
40016
22303
40018
39223
22304
40020
22283
22284
40022
20529
20530
40024
20493
20494
40026
20457
20458
40028
20421
20422
40030
17711
17712
40032
17675
17676
40034
17639
17640
40036
17603
17604
40038
17567
17568
40040
17531
17532
40042
17495
17496
40044
17459
17460
7529
39307
7530
7523
39305
7524
7519
7520
7515
39303
7516
7509
39301
7510
7503
39299
7504
40046
7497
39297
7498
40048
7491
39295
7492
40050
7485
39293
7486
40052
7479
39291
7480
40054
6409
39289
6410
40056
6355
39287
6356
40058
40060
40062
40064
40066
40068
4873
4874
40070
4867
4868
40072
4863
4864
40074
4859
4860
40076
4763
4764
40078
4759
4760
40080
4755
4756
40082
4751
40084
40086
40088
40090
40092
40094
40096
40098
40100
40102
40104
40106
39321
4752
4753
39319
36369
36371
4754
26443
4735
4736
4737
39317
4738
25436
25496
26435
4757
39315
4758
26445
4739
4740
4741
39313
4742
26437
4761
39311
4762
26376
26447
4743
4744
4745
39309
4746
26368
26370
26378
26439
4765
40083
39331
4766
26449
4747
4748
4749
40108
39329
4750
26441
40110
40112
40114
40116
40118
40120
4861
40081
39363
4862
26497
4775
4776
4777
4778
26455
4771
4772
4773
4774
26372
26380
26453
4865
40079
39361
4866
26498
26499
4855
4856
4851
4852
4847
4848
4849
4850
26491
4853
4854
26492
26493
4843
4844
4839
4840
40122
4835
4836
4837
4838
26485
4841
4842
26486
26487
4831
4832
4827
39767
4828
40124
4823
40126
40128
40130
39555
4824
40132
4825
4826
26479
4829
4830
26480
26481
4819
39517
4820
4815
40134
39461
4816
40136
4811
40138
39441
4812
40140
4813
4814
26473
4817
4818
26474
26475
4807
39333
4808
4803
40142
39337
4804
40144
4799
40146
39339
4800
40148
4801
4802
26467
4805
4806
26468
26469
4795
39341
4796
4791
40150
39345
4792
40152
4787
40154
39347
4788
40156
4789
4790
26461
4793
4794
26462
26463
4783
39349
4784
4779
40158
39353
4780
40160
4767
40162
39355
4768
40164
4769
4770
26382
26442
26451
4781
4782
26388
26452
26454
26457
4785
39357
39359
4786
26244
26459
40166
40168
40170
40172
40174
4797
40161
39437
39439
4798
26261
26460
26465
4809
40153
39433
39435
4810
26278
26466
26471
4821
40145
39429
39431
4822
26295
26472
26477
4833
40137
39425
39427
4834
26312
26478
26483
4845
40125
39419
39423
4846
26329
26484
26489
4857
40123
39415
39417
4858
26346
26490
26495
4869
40077
39411
39413
4870
26363
26496
26501
4875
40075
39401
39409
4876
26366
26504
6357
40067
39373
6358
27245
6301
39399
6302
6295
39397
6296
6297
39371
6298
27215
6241
39395
6242
6235
39393
6236
6237
39369
6238
27185
6181
39391
6182
6175
39389
6176
6177
39367
6178
27155
6121
39387
6122
6115
39381
6116
6117
39365
6118
27125
6061
39377
6062
6055
39375
6056
6057
39379
6058
27095
6001
39383
6002
5995
39385
5996
5997
39403
5998
27065
5941
39407
5942
5935
40176
40178
40180
40182
40184
40186
40188
40190
39405
5936
40192
40194
40196
40198
40200
5937
39421
5938
26505
27035
40202
40204
40206
40208
40210
40212
40214
40216
40218
40220
40222
40224
40226
40228
40230
40232
40234
40236
40238
40240
40242
40244
40246
5943
5944
27038
40248
40250
6003
6004
27039
27068
6063
6064
27069
27098
6123
6124
27099
27128
6183
6184
27129
27158
6243
6244
27159
27188
6303
6304
27189
27218
6411
40065
39443
6412
27219
27272
7481
40063
7482
27807
6511
39459
6512
6457
39457
6458
6451
39455
6452
6445
39453
6446
6439
39451
6440
6433
39449
6434
6427
39447
6428
6421
39445
6422
6423
6424
27278
40252
40254
40256
40258
40260
40262
40264
40266
40268
40270
6429
6430
27279
27281
6435
6436
27282
27284
6441
6442
27285
27287
6447
6448
27288
27290
6453
6454
27291
27293
6459
6460
27294
27296
6513
39465
6514
27297
27323
7487
40061
7488
27808
27810
6613
39515
6614
6559
39513
6560
6553
39511
6554
6547
39509
6548
6541
39507
6542
6535
39505
6536
6529
39503
6530
6523
39501
6524
6525
6526
27329
6531
6532
27330
27332
6537
6538
27333
27335
6543
6544
27336
27338
6549
6550
27339
27341
6555
6556
27342
27344
6561
6562
27345
27347
6615
39463
6616
27348
27374
7493
40059
7494
27811
27813
6715
39499
6716
6661
39497
6662
6655
39495
6656
6649
39493
6650
6643
39491
6644
6637
39471
6638
6631
39469
6632
6625
39467
6626
6627
6628
27380
40272
40274
40276
6633
6634
27381
27383
6639
6640
27384
27386
6645
6646
27387
27389
6651
6652
27390
27392
6657
6658
27393
27395
6663
6664
27396
27398
6717
39473
6718
27399
27425
7499
40057
7500
27814
27816
6817
39489
6818
6763
39487
6764
6757
39485
6758
6751
39483
6752
6745
39481
6746
6739
39479
6740
6733
39477
6734
6727
39475
6728
40278
40280
40282
40284
6729
6730
27431
40286
40288
40290
40292
40294
40296
40298
40300
40302
40304
40306
40308
40310
40312
40314
40316
40318
40320
40322
40324
40326
6735
6736
27432
27434
6741
6742
27435
27437
6747
6748
27438
27440
6753
6754
27441
27443
6759
6760
27444
27446
6765
6766
27447
27449
6819
39521
6820
27450
27476
7505
40055
7506
27817
27819
6919
39553
6920
6865
39551
6866
6859
39549
6860
6853
39547
6854
6847
39545
6848
6841
39543
6842
6835
39541
6836
6829
39539
6830
6831
6832
27482
6837
6838
27483
27485
6843
6844
27486
27488
6849
6850
27489
27491
6855
6856
27492
27494
6861
6862
27495
27497
6867
6868
27498
27500
6921
39519
6922
27501
27527
7511
40053
7512
27820
27822
7021
39537
7022
6967
39535
6968
6961
39533
6962
6955
39531
6956
6949
39529
6950
6943
39527
6944
6937
39525
6938
6931
39523
6932
6933
6934
27533
40328
40330
40332
40334
40336
40338
40340
40342
40344
40346
40348
40350
40352
40354
40356
40358
40360
40362
40364
6939
6940
27534
27536
6945
6946
27537
27539
6951
6952
27540
27542
6957
6958
27543
27545
6963
6964
27546
27548
6969
6970
27549
27551
7023
39559
7024
27552
27578
7517
40051
7518
27823
27825
7125
39765
7126
7071
39763
7072
7065
39761
7066
7059
39759
7060
7053
39757
7054
7047
39755
7048
7041
39753
7042
7035
39751
7036
7037
7038
27036
27585
7043
7044
27066
27586
27588
7049
7050
27096
27589
27591
7055
7056
27126
27592
27594
7061
7062
27156
27595
27597
7067
7068
27186
27598
27600
7073
7074
27216
27601
27603
7127
39557
7128
27246
27604
27630
7525
40049
7526
27826
27827
27829
7473
39749
7474
7467
39747
7468
7463
7464
7459
39745
7460
7453
39743
7454
7447
39741
7448
7441
39739
7442
7435
39737
7436
7429
39735
7430
7423
39733
7424
7425
7426
27779
7431
7432
27780
27782
7437
7438
27783
27785
7443
7444
27786
27788
7449
7450
27789
27791
7455
7456
27792
27794
7461
7462
27795
27797
7469
7470
27798
27799
27801
7417
39731
7418
7411
39729
7412
7407
7408
7403
39727
7404
7397
39725
7398
7391
39723
7392
7385
39721
7386
7379
39719
7380
7373
39717
7374
7367
39715
7368
7369
7370
27751
7375
7376
27752
27754
7381
7382
27755
27757
7387
7388
27758
27760
7393
7394
27761
27763
7399
7400
27764
27766
7405
7406
27767
27769
7413
7414
27770
27771
27773
7361
39713
7362
7355
39711
7356
7351
7352
7347
39709
7348
7341
39707
7342
7335
39705
7336
7329
39639
7330
7323
39637
7324
7317
39635
7318
7311
39633
7312
7313
7314
27723
7319
7320
27724
27726
7325
7326
27727
27729
7331
7332
27730
27732
7337
7338
27733
27735
7343
7344
27736
27738
7349
7350
27739
27741
7357
7358
27742
27743
27745
7305
39631
7306
7299
39629
7300
7295
7296
7291
39627
7292
7285
39625
7286
7279
39587
7280
7273
39585
7274
7267
39583
7268
7261
39581
7262
7255
39579
7256
7257
7258
27695
7263
7264
27696
27698
7269
7270
27699
27701
7275
7276
27702
27704
7281
7282
27705
27707
7287
7288
27708
27710
7293
7294
27711
27713
7301
7302
27714
27715
27717
7249
39577
7250
7243
39575
7244
7239
7240
7235
39573
7236
7229
39571
7230
7223
39569
7224
7217
39567
7218
7211
39565
7212
7205
39563
7206
7199
39561
7200
40366
40368
40370
7201
7202
27667
40372
40374
40376
40378
40380
40382
40384
40386
40388
40390
40392
40394
7207
7208
27668
27670
7213
7214
27671
27673
7219
7220
27674
27676
7225
7226
27677
27679
7231
7232
27680
27682
7237
7238
27683
27685
7245
7246
27686
27687
27689
7193
39623
7194
7187
39621
7188
7183
7184
7179
39601
7180
7173
39599
7174
7167
39597
7168
7161
39595
7162
7155
39593
7156
7149
39591
7150
7143
39589
7144
7145
7146
27639
40396
40398
40400
40402
40404
40406
40408
40410
40412
40414
40416
40418
40420
40422
40424
40426
40428
40430
40432
40434
40436
40438
40440
40442
40444
40446
40448
40450
40452
40454
40456
40458
40460
40462
40464
40466
40468
40470
40472
40474
40476
40478
40480
40482
40484
40486
40488
40490
40492
40494
7151
7152
27640
27642
7157
7158
27643
27645
7163
7164
27646
27648
7169
7170
27649
27651
7175
7176
27652
27654
7181
7182
27655
27657
7189
7190
27658
27659
27661
7137
39619
7138
7131
39617
7132
7031
7032
7027
39615
7028
6925
39613
6926
6823
39611
6824
6721
39609
6722
6619
39607
6620
6517
39605
6518
6415
39603
6416
6417
6418
27273
27275
6519
6520
27276
27324
27326
6621
6622
27327
27375
27377
6723
6724
27378
27426
27428
6825
6826
27429
27477
27479
6927
6928
27480
27528
27530
7029
7030
27531
27579
27581
7133
7134
27582
27583
27631
27633
7139
7140
27636
7195
7196
27637
27664
7251
7252
27665
27692
7307
7308
27693
27720
7363
7364
27721
27748
7419
7420
27749
27776
7475
7476
27777
27804
7531
40047
7532
27805
27832
17461
40073
39871
39873
17462
32796
9047
39703
9048
9041
39701
9042
9035
39699
9036
9029
39697
9030
9023
39695
9024
9017
39693
9018
9011
39691
9012
9005
39689
9006
9007
9008
28570
9013
9014
28571
28573
9019
9020
28574
28576
9025
9026
28577
28579
9031
9032
28580
28582
9037
9038
28583
28585
9043
9044
28586
28588
9049
9050
28589
28591
17497
40071
39903
39905
17498
32797
32814
9165
39687
9166
9159
39685
9160
9153
39683
9154
9147
39681
9148
9141
39679
9142
9135
39677
9136
9129
39675
9130
9123
39673
9124
9125
9126
28629
9131
9132
28630
28632
9137
9138
28633
28635
9143
9144
28636
28638
9149
9150
28639
28641
9155
9156
28642
28644
9161
9162
28645
28647
9167
9168
28648
28650
17533
40069
39899
39901
17534
32815
32832
9283
39655
9284
9277
39653
9278
9271
39651
9272
9265
39649
9266
9259
39647
9260
9253
39645
9254
9247
39643
9248
9241
39641
9242
9243
9244
28688
9249
9250
28689
28691
9255
9256
28692
28694
9261
9262
28695
28697
9267
9268
28698
28700
9273
9274
28701
28703
9279
9280
28704
28706
9285
9286
28707
28709
17569
40045
39895
39897
17570
32833
32850
9401
39671
9402
9395
39669
9396
9389
39667
9390
9383
39665
9384
9377
39663
9378
9371
39661
9372
9365
39659
9366
9359
39657
9360
9361
9362
28747
9367
9368
28748
28750
9373
9374
28751
28753
9379
9380
28754
28756
9385
9386
28757
28759
9391
9392
28760
28762
9397
9398
28763
28765
9403
9404
28766
28768
17605
40043
39891
39893
17606
32851
32868
9519
39819
9520
9513
39817
9514
9507
39815
9508
9501
39813
9502
9495
39811
9496
9489
39809
9490
9483
39807
9484
9477
39805
9478
9479
9480
28806
40496
40498
40500
40502
40504
40506
40508
9485
9486
28807
28809
9491
9492
28810
28812
9497
9498
28813
28815
9503
9504
28816
28818
9509
9510
28819
28821
9515
9516
28822
28824
9521
9522
28825
28827
17641
40041
39887
39889
17642
32869
32886
9637
39801
9638
9631
39799
9632
9625
39797
9626
9619
39795
9620
9613
39793
9614
9607
39791
9608
9601
39789
9602
9595
39787
9596
40510
40512
40514
9597
9598
28865
40516
40518
40520
40522
40524
40526
40528
40530
40532
40534
40536
40538
40540
40542
40544
40546
40548
40550
40552
40554
40556
40558
40560
40562
40564
40566
40568
40570
40572
40574
40576
40578
40580
40582
40584
40586
40588
40590
40592
40594
40596
40598
40600
40602
40604
40606
40608
40610
9603
9604
28866
28868
9609
9610
28869
28871
9615
9616
28872
28874
9621
9622
28875
28877
9627
9628
28878
28880
9633
9634
28881
28883
9639
9640
28884
28886
17677
40039
39883
39885
17678
32887
32904
9755
39785
9756
9749
39783
9750
9743
39781
9744
9737
39779
9738
9731
39777
9732
9725
39775
9726
9719
39773
9720
9713
39771
9714
9715
9716
27634
28924
9721
9722
27662
28925
28927
9727
9728
27690
28928
28930
9733
9734
27718
28931
28933
9739
9740
27746
28934
28936
9745
9746
27774
28937
28939
9751
9752
27802
28940
28942
9757
9758
27830
28943
28945
17713
40037
39879
39881
17714
32905
32922
20423
40035
39941
39943
20424
34276
17747
17748
17743
17744
17739
17740
40612
17735
39821
17736
40614
17731
39825
17732
40616
17727
40618
40620
40622
40624
40626
40628
40630
40632
40634
39829
17728
40636
17723
17724
40638
17719
40640
39833
17720
17721
17722
32926
40642
17725
17726
32927
32928
17729
17730
32929
32930
17733
40639
17734
32931
32932
17737
40637
17738
32933
32934
17741
40617
17742
32935
32936
17745
40615
17746
32937
32938
17749
40613
17750
32939
32940
20459
40033
39937
39939
20460
34277
34294
17783
39835
17784
17779
40644
39837
17780
17775
40646
39841
17776
40648
17771
40650
39845
17772
40652
17767
40654
39849
17768
40656
17763
40658
39853
17764
40660
17759
17760
40662
17755
40664
39857
17756
17757
17758
32944
40666
17761
17762
32945
32946
17765
17766
32947
32948
17769
40663
17770
32949
32950
17773
40661
17774
32951
32952
17777
40657
17778
32953
32954
17781
40653
17782
32955
32956
17785
40649
17786
32957
32958
20495
40031
39933
39935
20496
34295
34312
17819
17820
17815
17816
17811
17812
40668
17807
17808
40670
17803
17804
40672
17799
17800
40674
17795
39869
17796
40676
17791
40678
39875
17792
17793
17794
32795
32962
40680
40682
40684
17797
17798
32813
32963
32964
17801
17802
32831
32965
32966
17805
40677
17806
32849
32967
32968
17809
40675
17810
32867
32969
32970
17813
40673
17814
32885
32971
32972
17817
40671
17818
32903
32973
32974
17821
40669
17822
32921
32975
32976
20531
40029
39929
39931
20532
34313
34330
22285
40027
40005
40007
22286
35206
20549
20550
20545
39911
20546
20541
40686
40688
40690
40692
40694
40696
40698
40700
39907
20542
40702
20537
40704
40706
40708
40710
40712
40714
40716
39909
20538
20539
20540
34334
20543
20544
34335
34336
20547
20548
34337
34338
20551
40703
20552
34339
34340
22305
40025
39999
40001
22306
35207
35216
20569
40718
39921
20570
20565
40720
39913
20566
20561
40722
39917
20562
40724
20557
40726
39919
20558
20559
20560
34344
20563
20564
34345
34346
20567
20568
34347
34348
20571
40725
20572
34349
34350
22325
40023
39995
39997
22326
35217
35226
20589
20590
20585
20586
20581
40728
39949
20582
40730
20577
40732
39945
20578
20579
20580
34354
20583
20584
34355
34356
20587
20588
34357
34358
20591
40731
20592
34359
34360
22345
40021
39991
39993
22346
34275
35227
35236
22959
40017
39925
39927
22960
35542
22363
40734
40736
40738
40740
40742
40744
40746
39965
22364
22359
39961
22360
22355
40748
40750
39959
22356
40752
22351
40754
39957
22352
22353
22354
35240
40756
22357
22358
35241
35242
22361
22362
35243
35244
22365
40753
22366
34293
35245
35246
22979
40013
39953
39955
22980
35543
35552
22383
39981
22384
22379
40758
39977
22380
22375
40760
39975
22376
40762
22371
40764
39973
22372
22373
22374
35250
40766
22377
22378
35251
35252
22381
22382
35253
35254
22385
40763
22386
34311
35255
35256
22999
40011
39969
39971
23000
35553
35562
22403
22404
22399
22400
22395
22396
40768
22391
22392
22393
22394
35205
35260
22397
22398
35215
35261
35262
22401
22402
35225
35263
35264
22405
40769
22406
34329
35235
35265
35266
23019
40003
39987
39989
23020
35563
35572
23425
36735
39985
23426
35774
14893
14894
23246
23247
14887
14888
23242
23243
40770
40772
40774
40776
40778
40780
40782
40784
40786
40788
40790
14881
14882
23238
23239
40792
14875
14876
40794
23234
23235
23236
23237
35680
40796
23240
23241
35681
35682
23244
23245
35683
35684
23248
40795
23249
35685
35686
23037
23038
23033
23034
23029
23030
40798
23025
23026
23027
23028
35576
23031
23032
35577
35578
23035
23036
35579
35580
23039
40799
23040
35581
35582
23429
36733
23430
35775
35776
14955
14956
23266
23267
40800
40802
40804
14949
14950
23262
23263
40806
14943
14944
23258
23259
40808
14937
14938
40810
23254
23255
23256
23257
35690
40812
23260
23261
35691
35692
23264
23265
35693
35694
23268
40811
23269
35695
35696
23057
23058
23053
23054
23049
23050
40814
23045
23046
23047
23048
35586
23051
23052
35587
35588
23055
23056
35589
35590
23059
40815
23060
35591
35592
23433
36731
23434
35777
35778
15017
15018
23286
23287
40816
40818
40820
15011
15012
23282
23283
40822
15005
15006
23278
23279
40824
14999
15000
40826
23274
23275
23276
23277
35700
40828
23280
23281
35701
35702
23284
23285
35703
35704
23288
40827
23289
35705
35706
23077
23078
23073
23074
23069
23070
40830
23065
23066
23067
23068
35541
35596
23071
23072
35551
35597
35598
23075
23076
35561
35599
35600
23079
40831
23080
35571
35601
35602
23437
36729
23438
35779
35780
23290
36893
23291
23270
40832
40834
40836
40838
40840
40842
40844
40846
40848
40850
40852
36891
23271
23250
40854
36889
23251
40856
23230
40858
36887
23231
40860
22744
22745
40862
22724
22725
40864
22704
40866
40009
22705
40868
22684
22685
40870
21878
40872
40015
21879
40874
21858
40876
40019
21859
40878
21838
21839
40880
21818
21819
40882
19212
19213
40884
19176
19177
40886
19140
19141
40888
19104
19105
40890
16302
16303
40892
16266
16267
40894
16230
16231
40896
16194
16195
40898
16158
16159
40900
16122
16123
40902
16086
16087
40904
16050
16051
8261
40105
8262
8257
40103
8258
8255
8256
8251
40101
8252
8247
40099
8248
8243
40097
8244
40906
8239
40095
8240
40908
8235
40093
8236
40910
8231
40091
8232
40912
8227
40089
8228
40914
7733
40087
7734
40916
7729
40085
7730
40918
40920
40922
40924
40926
40928
7669
7670
40930
7665
7666
40932
7661
7662
40934
7657
40936
40938
40940
40942
40944
40946
40948
40950
40952
40954
40956
40958
40107
7658
40960
7561
7562
40962
7557
7558
40964
7553
7554
40966
7549
40968
40121
7550
7551
40119
36365
36367
7552
27842
7533
7534
7535
40117
7536
25558
25606
27834
7555
40115
7556
27844
7537
7538
7539
40113
7540
27836
7559
40111
7560
26444
27846
7541
7542
7543
40109
7544
26436
26438
26446
27838
7563
40967
40129
7564
27848
7545
7546
7547
40970
40127
7548
27840
40972
7659
40965
40173
7660
27896
7573
7574
40974
7575
7576
27854
7569
7570
7571
7572
26440
26448
27852
7663
40963
40171
7664
27897
27898
7653
7654
7649
40611
7650
7645
40976
40495
7646
40978
7647
7648
27890
7651
7652
27891
27892
7641
40365
7642
7637
40980
40982
40984
40986
40988
40990
40992
40994
40996
40327
7638
40998
7633
41000
40271
7634
41002
7635
7636
27884
7639
7640
27885
27886
7629
40175
7630
7625
41004
40131
7626
41006
7621
41008
40133
7622
41010
7623
7624
27878
7627
7628
27879
27880
7617
40135
7618
7613
41012
40139
7614
41014
7609
41016
40141
7610
41018
7611
7612
27872
7615
7616
27873
27874
7605
40143
7606
7601
41020
40147
7602
41022
7597
41024
40149
7598
41026
7599
7600
27866
7603
7604
27867
27868
7593
40151
7594
7589
41028
40155
7590
41030
7585
41032
40157
7586
41034
7587
7588
27860
7591
7592
27861
27862
7581
40159
7582
7577
41036
40163
7578
41038
7565
41040
40165
7566
41042
7567
7568
26450
27841
27850
7579
7580
26456
27851
27853
27856
7583
40167
40169
7584
26390
27858
7595
41039
40249
40251
7596
26396
27859
27864
7607
41031
40245
40247
7608
26402
27865
27870
7619
41023
40241
40243
7620
26408
27871
27876
7631
41015
40237
40239
7632
26414
27877
27882
7643
41007
40233
40235
7644
26420
27883
27888
7655
40999
40229
40231
7656
26426
27889
27894
7667
40961
40225
40227
7668
26432
27895
27900
7671
40935
40221
40223
7672
26434
27902
7731
40927
40189
7732
27932
7725
40219
7726
7721
40217
7722
7723
40187
7724
27928
7717
40215
7718
7713
40213
7714
7715
40185
7716
27924
7709
40211
7710
7705
40209
7706
7707
40183
7708
27920
7701
40207
7702
7697
40205
7698
7699
40181
7700
27916
7693
40201
7694
7689
40199
7690
7691
40179
7692
27912
7685
40197
7686
7681
40195
7682
41044
41046
41048
41050
41052
41054
41056
41058
41060
41062
41064
41066
41068
41070
41072
41074
41076
41078
41080
7683
40177
7684
27908
7677
40191
7678
7673
40193
7674
41082
41084
41086
41088
41090
41092
41094
41096
41098
7675
40203
7676
27903
27904
41100
41102
41104
41106
41108
41110
41112
41114
41116
41118
41120
41122
7679
7680
27906
41124
41126
7687
7688
27907
27910
7695
7696
27911
27914
7703
7704
27915
27918
7711
7712
27919
27922
7719
7720
27923
27926
7727
7728
27927
27930
7735
40925
40253
7736
27931
27934
8229
40923
8230
28181
7769
40269
7770
7765
40267
7766
7761
40265
7762
7757
40263
7758
7753
40261
7754
7749
40259
7750
7745
40257
7746
7741
40255
7742
7743
7744
27938
41128
41130
41132
41134
41136
41138
41140
41142
41144
41146
7747
7748
27939
27940
7751
7752
27941
27942
7755
7756
27943
27944
7759
7760
27945
27946
7763
7764
27947
27948
7767
7768
27949
27950
7771
40275
7772
27951
27952
8233
40921
8234
28182
28183
7805
40325
7806
7801
40323
7802
7797
40321
7798
7793
40319
7794
7789
40317
7790
7785
40315
7786
7781
40313
7782
7777
40311
7778
7779
7780
27956
7783
7784
27957
27958
7787
7788
27959
27960
7791
7792
27961
27962
7795
7796
27963
27964
7799
7800
27965
27966
7803
7804
27967
27968
7807
40273
7808
27969
27970
8237
40919
8238
28184
28185
7841
40309
7842
7837
40307
7838
7833
40305
7834
7829
40303
7830
7825
40301
7826
7821
40299
7822
7817
40297
7818
7813
40277
7814
7815
7816
27974
7819
7820
27975
27976
7823
7824
27977
27978
7827
7828
27979
27980
7831
7832
27981
27982
7835
7836
27983
27984
7839
7840
27985
27986
7843
40279
7844
27987
27988
8241
40917
8242
28186
28187
7877
40295
7878
7873
40293
7874
7869
40291
7870
7865
40289
7866
7861
40287
7862
7857
40285
7858
7853
40283
7854
7849
40281
7850
7851
7852
27992
41148
41150
41152
41154
41156
41158
41160
41162
41164
41166
41168
41170
41172
41174
41176
41178
41180
41182
41184
41186
41188
41190
41192
41194
41196
7855
7856
27993
27994
7859
7860
27995
27996
7863
7864
27997
27998
7867
7868
27999
28000
7871
7872
28001
28002
7875
7876
28003
28004
7879
40331
7880
28005
28006
8245
40915
8246
28188
28189
7913
40363
7914
7909
40361
7910
7905
40359
7906
7901
40357
7902
7897
40355
7898
7893
40353
7894
7889
40351
7890
7885
40349
7886
7887
7888
28010
41198
41200
41202
41204
41206
41208
41210
41212
41214
41216
41218
41220
7891
7892
28011
28012
7895
7896
28013
28014
7899
7900
28015
28016
7903
7904
28017
28018
7907
7908
28019
28020
7911
7912
28021
28022
7915
40329
7916
28023
28024
8249
40913
8250
28190
28191
7949
40347
7950
7945
40345
7946
7941
40343
7942
7937
40341
7938
7933
40339
7934
7929
40337
7930
7925
40335
7926
7921
40333
7922
7923
7924
28028
7927
7928
28029
28030
7931
7932
28031
28032
7935
7936
28033
28034
7939
7940
28035
28036
7943
7944
28037
28038
7947
7948
28039
28040
7951
40369
7952
28041
28042
8253
40911
8254
28192
28193
7987
40493
7988
7983
40491
7984
7979
40489
7980
7975
40487
7976
7971
40485
7972
7967
40483
7968
7963
40481
7964
7959
40479
7960
7961
7962
27905
28047
7965
7966
27909
28048
28049
7969
7970
27913
28050
28051
7973
7974
27917
28052
28053
7977
7978
27921
28054
28055
7981
7982
27925
28056
28057
7985
7986
27929
28058
28059
7989
40367
7990
27933
28060
28061
8259
40909
8260
28194
28195
28196
8223
40477
8224
8219
40475
8220
8217
8218
8213
40473
8214
8209
40471
8210
8205
40469
8206
8201
40467
8202
8197
40465
8198
8193
40463
8194
8189
40461
8190
8191
8192
28162
8195
8196
28163
28164
8199
8200
28165
28166
8203
8204
28167
28168
8207
8208
28169
28170
8211
8212
28171
28172
8215
8216
28173
28174
8221
8222
28175
28176
28177
8185
40459
8186
8181
40457
8182
8179
8180
8175
40455
8176
8171
40453
8172
8167
40451
8168
8163
40449
8164
8159
40447
8160
8155
40445
8156
8151
40443
8152
8153
8154
28143
8157
8158
28144
28145
8161
8162
28146
28147
8165
8166
28148
28149
8169
8170
28150
28151
8173
8174
28152
28153
8177
8178
28154
28155
8183
8184
28156
28157
28158
8147
40441
8148
8143
40439
8144
8141
8142
8137
40437
8138
8133
40435
8134
8129
40433
8130
8125
40431
8126
8121
40429
8122
8117
40427
8118
8113
40425
8114
8115
8116
28124
8119
8120
28125
28126
8123
8124
28127
28128
8127
8128
28129
28130
8131
8132
28131
28132
8135
8136
28133
28134
8139
8140
28135
28136
8145
8146
28137
28138
28139
8109
40423
8110
8105
40421
8106
8103
8104
8099
40419
8100
8095
40417
8096
8091
40415
8092
8087
40395
8088
8083
40393
8084
8079
40391
8080
8075
40389
8076
8077
8078
28105
41222
41224
41226
41228
41230
41232
41234
41236
41238
41240
41242
41244
41246
41248
41250
41252
41254
41256
41258
41260
41262
41264
8081
8082
28106
28107
8085
8086
28108
28109
8089
8090
28110
28111
8093
8094
28112
28113
8097
8098
28114
28115
8101
8102
28116
28117
8107
8108
28118
28119
28120
8071
40387
8072
8067
40385
8068
8065
8066
8061
40383
8062
8057
40381
8058
8053
40379
8054
8049
40377
8050
8045
40375
8046
8041
40373
8042
8037
40371
8038
8039
8040
28086
8043
8044
28087
28088
8047
8048
28089
28090
8051
8052
28091
28092
8055
8056
28093
28094
8059
8060
28095
28096
8063
8064
28097
28098
8069
8070
28099
28100
28101
8033
40413
8034
8029
40411
8030
8027
8028
8023
40409
8024
8019
40407
8020
8015
40405
8016
8011
40403
8012
8007
40401
8008
8003
40399
8004
7999
40397
8000
41266
41268
41270
41272
41274
41276
41278
41280
41282
41284
41286
41288
41290
41292
41294
41296
41298
41300
41302
41304
41306
41308
41310
41312
41314
41316
41318
41320
8001
8002
28067
41322
41324
41326
41328
41330
41332
41334
8005
8006
28068
28069
8009
8010
28070
28071
8013
8014
28072
28073
8017
8018
28074
28075
8021
8022
28076
28077
8025
8026
28078
28079
8031
8032
28080
28081
28082
7995
40609
7996
7991
40607
7992
7957
7958
7953
40605
7954
7917
40603
7918
7881
40601
7882
7845
40599
7846
7809
40597
7810
7773
40595
7774
7737
40593
7738
7739
7740
27935
27936
7775
7776
27937
27953
27954
7811
7812
27955
27971
27972
7847
7848
27973
27989
27990
7883
7884
27991
28007
28008
7919
7920
28009
28025
28026
7955
7956
28027
28043
28044
7993
7994
28045
28046
28062
28063
7997
7998
28065
8035
8036
28066
28084
8073
8074
28085
28103
8111
8112
28104
28122
8149
8150
28123
28141
8187
8188
28142
28160
8225
8226
28161
28179
8263
40907
8264
28180
28198
16052
40933
40681
40683
16053
32092
9079
40591
9080
9075
40589
9076
9071
40587
9072
9067
40585
9068
9063
40583
9064
9059
40581
9060
9055
40579
9056
9051
40577
9052
9053
9054
28593
9057
9058
28594
28595
9061
9062
28596
28597
9065
9066
28598
28599
9069
9070
28600
28601
9073
9074
28602
28603
9077
9078
28604
28605
9081
9082
28606
28607
16088
40931
40713
40715
16089
32093
32110
9197
40575
9198
9193
40573
9194
9189
40571
9190
9185
40569
9186
9181
40567
9182
9177
40565
9178
9173
40563
9174
9169
40561
9170
9171
9172
28652
9175
9176
28653
28654
9179
9180
28655
28656
9183
9184
28657
28658
9187
9188
28659
28660
9191
9192
28661
28662
9195
9196
28663
28664
9199
9200
28665
28666
16124
40929
40709
40711
16125
32111
32128
9315
40559
9316
9311
40557
9312
9307
40555
9308
9303
40553
9304
9299
40551
9300
9295
40549
9296
9291
40547
9292
9287
40545
9288
9289
9290
28711
41336
41338
41340
41342
41344
41346
41348
41350
41352
41354
41356
41358
41360
41362
41364
41366
41368
41370
41372
41374
41376
41378
41380
41382
41384
9293
9294
28712
28713
9297
9298
28714
28715
9301
9302
28716
28717
9305
9306
28718
28719
9309
9310
28720
28721
9313
9314
28722
28723
9317
9318
28724
28725
16160
40905
40705
40707
16161
32129
32146
9433
40543
9434
9429
40541
9430
9425
40539
9426
9421
40537
9422
9417
40535
9418
9413
40533
9414
9409
40531
9410
9405
40529
9406
9407
9408
28770
9411
9412
28771
28772
9415
9416
28773
28774
9419
9420
28775
28776
9423
9424
28777
28778
9427
9428
28779
28780
9431
9432
28781
28782
9435
9436
28783
28784
16196
40903
40699
40701
16197
32147
32164
9551
40527
9552
9547
40509
9548
9543
40507
9544
9539
40505
9540
9535
40503
9536
9531
40501
9532
9527
40499
9528
9523
40497
9524
9525
9526
28829
41386
41388
41390
41392
41394
41396
41398
41400
41402
41404
41406
41408
41410
41412
41414
9529
9530
28830
28831
9533
9534
28832
28833
9537
9538
28834
28835
9541
9542
28836
28837
9545
9546
28838
28839
9549
9550
28840
28841
9553
9554
28842
28843
16232
40901
40695
40697
16233
32165
32182
9669
40525
9670
9665
40523
9666
9661
40521
9662
9657
40519
9658
9653
40517
9654
9649
40515
9650
9645
40513
9646
9641
40511
9642
9643
9644
28888
41416
41418
41420
41422
41424
41426
41428
9647
9648
28889
28890
9651
9652
28891
28892
9655
9656
28893
28894
9659
9660
28895
28896
9663
9664
28897
28898
9667
9668
28899
28900
9671
9672
28901
28902
16268
40899
40691
40693
16269
32183
32200
9787
40633
9788
9783
40631
9784
9779
40629
9780
9775
40627
9776
9771
40625
9772
9767
40623
9768
9763
40621
9764
9759
40619
9760
41430
41432
41434
41436
41438
41440
41442
41444
41446
41448
41450
41452
41454
41456
41458
41460
41462
41464
41466
41468
41470
41472
41474
41476
41478
9761
9762
28064
28947
41480
41482
41484
9765
9766
28083
28948
28949
9769
9770
28102
28950
28951
9773
9774
28121
28952
28953
9777
9778
28140
28954
28955
9781
9782
28159
28956
28957
9785
9786
28178
28958
28959
9789
9790
28197
28960
28961
16304
40897
40687
40689
16305
32201
32218
19106
40895
40747
40749
19107
33618
16338
16339
16334
16335
16330
16331
41486
16326
16327
41488
16322
40635
16323
41490
16318
16319
41492
16314
40641
16315
41494
16310
41496
41498
41500
41502
41504
41506
41508
40643
16311
41510
16312
16313
32222
41512
16316
16317
32223
32224
16320
16321
32225
32226
16324
41495
16325
32227
32228
16328
41493
16329
32229
32230
16332
41491
16333
32231
32232
16336
41489
16337
32233
32234
16340
41487
16341
32235
32236
19142
40893
40743
40745
19143
33619
33636
16374
40645
16375
16370
41514
40647
16371
16366
41516
40651
16367
41518
16362
41520
40655
16363
41522
16358
41524
40659
16359
41526
16354
16355
41528
16350
41530
40665
16351
41532
16346
41534
40667
16347
16348
16349
32240
41536
16352
16353
32241
32242
16356
16357
32243
32244
16360
41533
16361
32245
32246
16364
41529
16365
32247
32248
16368
41527
16369
32249
32250
16372
41523
16373
32251
32252
16376
41519
16377
32253
32254
19178
40891
40739
40741
19179
33637
33654
16410
16411
16406
16407
16402
16403
41538
16398
16399
41540
16394
16395
41542
16390
16391
41544
16386
40679
16387
41546
16382
41548
40685
16383
16384
16385
32091
32258
41550
41552
41554
16388
16389
32109
32259
32260
16392
16393
32127
32261
32262
16396
41547
16397
32145
32263
32264
16400
41545
16401
32163
32265
32266
16404
41543
16405
32181
32267
32268
16408
41541
16409
32199
32269
32270
16412
41539
16413
32217
32271
32272
19214
40889
40735
40737
19215
33655
33672
21820
40887
40787
40789
21821
34974
19232
19233
19228
19229
19224
40717
19225
41556
19220
41558
41560
41562
41564
41566
41568
40719
19221
19222
19223
33676
41570
41572
19226
19227
33677
33678
19230
19231
33679
33680
19234
41557
19235
33681
33682
21840
40885
40783
40785
21841
34975
34984
19252
40721
19253
19248
41574
41576
41578
41580
41582
41584
41586
40723
19249
19244
41588
40727
19245
41590
19240
19241
19242
19243
33686
41592
19246
19247
33687
33688
19250
19251
33689
33690
19254
41591
19255
33691
33692
21860
40883
40779
40781
21861
34985
34994
19272
19273
19268
40729
19269
19264
41594
40733
19265
41596
19260
19261
19262
19263
33696
41598
41600
41602
19266
19267
33697
33698
19270
19271
33699
33700
19274
41597
19275
33701
33702
21880
40881
40775
40777
21881
33617
34995
35004
22686
40879
40851
40853
22687
35406
21898
21899
21894
40751
21895
21890
41604
41606
41608
41610
41612
40755
21891
41614
21886
41616
41618
40757
21887
41620
21888
21889
35008
41622
21892
21893
35009
35010
21896
21897
35011
35012
21900
41615
21901
33635
35013
35014
22706
40875
40847
40849
22707
35407
35416
21918
40759
21919
21914
41624
40761
21915
21910
41626
40765
21911
41628
21906
41630
40767
21907
21908
21909
35018
41632
21912
21913
35019
35020
21916
21917
35021
35022
21920
41629
21921
33653
35023
35024
22726
40871
40843
40845
22727
35417
35426
21938
21939
21934
40797
21935
21930
40793
21931
41634
21926
41636
40791
21927
41638
21928
21929
34973
35028
41640
21932
21933
34983
35029
35030
21936
21937
34993
35031
35032
21940
41635
21941
33671
35003
35033
35034
22746
40869
40839
40841
22747
35427
35436
23232
40865
40771
40773
23233
35678
22764
40813
22765
22760
41642
41644
41646
41648
40809
22761
22756
41650
41652
41654
41656
40807
22757
41658
22752
41660
40805
22753
22754
22755
35440
41662
22758
22759
35441
35442
22762
22763
35443
35444
22766
41659
22767
35445
35446
23252
40863
40801
40803
23253
35679
35688
22784
40829
22785
22780
41664
40825
22781
22776
41666
40823
22777
41668
22772
41670
40821
22773
22774
22775
35450
41672
22778
22779
35451
35452
22782
22783
35453
35454
22786
41669
22787
35455
35456
23272
40861
40817
40819
23273
35689
35698
22804
22805
22800
22801
22796
22797
41674
22792
22793
22794
22795
35405
35460
22798
22799
35415
35461
35462
22802
22803
35425
35463
35464
22806
41675
22807
35435
35465
35466
23292
40857
40835
40837
23293
35699
35708
23570
36727
40833
23571
35846
15101
15102
23455
23456
41676
41678
41680
41682
41684
41686
41688
41690
41692
15095
15096
23451
23452
41694
15089
15090
23447
23448
41696
15083
15084
41698
23443
23444
41700
23445
23446
35784
41702
23449
23450
35785
35786
23453
23454
35787
35788
23457
41699
23458
35789
35790
23310
23311
23306
23307
23302
23303
41704
23298
23299
23300
23301
35712
23304
23305
35713
35714
23308
23309
35715
35716
23312
41705
23313
35717
35718
23574
36725
23575
35847
35848
15147
15148
23475
23476
41706
15141
15142
23471
23472
41708
15135
15136
23467
23468
41710
15129
15130
41712
23463
23464
23465
23466
35794
41714
23469
23470
35795
35796
23473
23474
35797
35798
23477
41713
23478
35799
35800
23330
23331
23326
23327
23322
23323
41716
23318
23319
23320
23321
35722
23324
23325
35723
35724
23328
23329
35725
35726
23332
41717
23333
35727
35728
23578
36723
23579
35849
35850
15193
15194
23495
23496
15187
15188
23491
23492
41718
15181
15182
23487
23488
41720
15175
15176
41722
23483
23484
41724
23485
23486
35804
41726
23489
23490
35805
35806
23493
23494
35807
35808
23497
41723
23498
35809
35810
23350
23351
23346
23347
23342
23343
41728
23338
23339
23340
23341
35677
35732
23344
23345
35687
35733
35734
23348
23349
35697
35735
35736
23352
41729
23353
35707
35737
35738
23582
36721
23583
35851
35852
24058
36719
24059
36078
15245
15246
23600
23601
15239
15240
23596
23597
41730
41732
41734
41736
41738
41740
41742
41744
41746
41748
15233
15234
23592
23593
41750
15227
15228
41752
23588
23589
41754
23590
23591
35856
41756
23594
23595
35857
35858
23598
23599
35859
35860
23602
41753
23603
35861
35862
24062
36717
24063
36079
36080
15275
15276
23620
23621
41758
41760
15269
15270
23616
23617
41762
15263
15264
23612
23613
41764
15257
15258
41766
23608
23609
23610
23611
35866
41768
23614
23615
35867
35868
23618
23619
35869
35870
23622
41767
23623
35871
35872
24066
36715
24067
36081
36082
15305
15306
23640
23641
15299
15300
23636
23637
41770
41772
15293
15294
23632
23633
41774
15287
15288
41776
23628
23629
41778
23630
23631
35876
41780
41782
23634
23635
35877
35878
23638
23639
35879
35880
23642
41777
23643
35881
35882
24070
36713
24071
36083
36084
24051
36839
24052
24047
36837
24048
24043
36835
24044
24039
36833
24040
23499
36885
23500
23479
41784
41786
41788
41790
41792
41794
41796
41798
41800
41802
41804
41806
41808
36883
23480
23459
41810
36881
23460
41812
41814
41816
41818
41820
23439
41822
36879
23440
41824
23081
23082
41826
23061
41828
40855
23062
41830
23041
41832
40859
23042
41834
23021
23022
41836
22407
22408
41838
22387
41840
40867
22388
41842
22367
22368
41844
22347
41846
40873
22348
41848
20593
41850
40877
20594
41852
20573
20574
41854
20553
20554
41856
20533
20534
41858
17823
17824
41860
17787
17788
41862
17751
17752
41864
17715
17716
41866
9825
9826
9819
41507
9820
9815
41505
9816
9811
41503
9812
9807
41501
9808
9803
41499
9804
41868
9799
41497
9800
41870
9795
41485
9796
41872
9791
41483
9792
41874
8723
41481
8724
41876
8719
41479
8720
41878
8715
41477
8716
41880
8711
41475
8712
41882
8707
41473
8708
41884
8703
41471
8704
41886
8699
41469
8700
41888
8695
41467
8696
41890
8691
41465
8692
41892
8405
41087
8406
41894
41896
41898
41900
41902
41904
8401
8402
41906
8397
8398
41908
8393
8394
41910
8389
8390
41912
8293
8294
41914
8289
8290
41916
8285
8286
41918
8281
8282
8283
40995
36361
36363
8284
28208
8265
8266
8267
40993
8268
25641
25649
28200
8287
40991
8288
28210
8269
8270
8271
40989
8272
28202
8291
41920
41922
40987
8292
27843
28212
8273
8274
8275
41924
41926
41928
41930
40985
8276
27835
27837
27845
28204
8295
41919
40983
8296
28214
8277
8278
8279
41932
41934
41936
41938
41940
41942
41944
41946
41948
41950
41952
41954
41956
40981
8280
28206
41958
41960
41962
41964
41966
41968
8391
41917
41127
8392
28262
8305
8306
8307
8308
28220
8301
8302
8303
8304
27839
27847
28218
8395
41915
41125
8396
28263
28264
8385
8386
8381
41221
8382
8377
41970
41972
41974
41147
8378
41976
8379
8380
28256
8383
8384
28257
28258
8373
40997
8374
8369
41978
41001
8370
41980
8365
41982
41003
8366
41984
8367
8368
28250
8371
8372
28251
28252
8361
41005
8362
8357
41986
41009
8358
41988
8353
41990
41011
8354
41992
8355
8356
28244
8359
8360
28245
28246
8349
41013
8350
8345
41994
41017
8346
41996
8341
41998
41019
8342
42000
8343
8344
28238
8347
8348
28239
28240
8337
41021
8338
8333
42002
41025
8334
42004
8329
42006
41027
8330
42008
8331
8332
28232
8335
8336
28233
28234
8325
41029
8326
8321
42010
41033
8322
42012
8317
42014
41035
8318
42016
8319
8320
28226
8323
8324
28227
28228
8313
41037
8314
8309
42018
41041
8310
42020
8297
42022
41043
8298
42024
8299
8300
27849
28207
28216
8311
8312
27855
28217
28219
28222
8315
41121
41123
8316
26458
28224
42026
42028
42030
42032
8327
42021
41117
41119
8328
26464
28225
28230
8339
42013
41113
41115
8340
26470
28231
28236
8351
42005
41109
41111
8352
26476
28237
28242
8363
41997
41105
41107
8364
26482
28243
28248
8375
41989
41099
41103
8376
26488
28249
28254
8387
41981
41095
41097
8388
26494
28255
28260
8399
41913
41091
41093
8400
26500
28261
28266
8403
41911
41081
41089
8404
26502
28268
8407
41903
41101
8408
28270
8693
41901
8694
28413
8413
41079
8414
8415
41083
8416
28274
8697
41899
8698
28414
28415
8421
41077
8422
8423
41055
8424
28278
42034
42036
42038
42040
42042
42044
42046
42048
42050
42052
42054
42056
42058
42060
42062
42064
42066
42068
42070
42072
42074
8701
41897
8702
28416
28417
8429
41075
8430
8431
41053
8432
28282
8705
41895
8706
28418
28419
8437
41073
8438
8439
41051
8440
28286
8709
41893
8710
28420
28421
8445
41071
8446
8447
41049
8448
28290
8713
41891
8714
28422
28423
8453
41069
8454
8455
41047
8456
28294
8717
41889
8718
28424
28425
8461
40957
8462
8463
41045
8464
28269
28298
8721
41887
41227
8722
28426
28427
8689
8690
8685
41463
8686
8681
41461
8682
8677
41459
8678
8673
41457
8674
8669
41455
8670
8665
41453
8666
8661
41451
8662
8657
41449
8658
8653
41447
8654
8655
8656
28394
42076
42078
42080
42082
42084
42086
42088
42090
42092
42094
42096
42098
42100
42102
42104
42106
42108
42110
42112
42114
42116
8659
8660
28395
28396
8663
8664
28397
28398
8667
8668
28399
28400
8671
8672
28401
28402
8675
8676
28403
28404
8679
8680
28405
28406
8683
41225
8684
28407
28408
8649
41445
8650
8645
41219
8646
8641
41217
8642
8637
41215
8638
8633
41213
8634
8629
41211
8630
8625
41209
8626
8621
41207
8622
8617
41205
8618
8619
8620
28376
8623
8624
28377
28378
8627
8628
28379
28380
8631
8632
28381
28382
8635
8636
28383
28384
8639
8640
28385
28386
8643
8644
28387
28388
8647
41223
8648
28389
28390
8613
41443
8614
8609
41203
8610
8605
41201
8606
8601
41197
8602
8597
41195
8598
8593
41193
8594
8589
41191
8590
8585
41189
8586
8581
41187
8582
8583
8584
28358
42118
42120
42122
42124
42126
42128
42130
42132
42134
42136
42138
42140
42142
42144
42146
42148
42150
42152
42154
42156
42158
8587
8588
28359
28360
8591
8592
28361
28362
8595
8596
28363
28364
8599
8600
28365
28366
8603
8604
28367
28368
8607
8608
28369
28370
8611
41199
8612
28371
28372
8577
41441
8578
8573
41185
8574
8569
41183
8570
8565
41181
8566
8561
41179
8562
8557
41177
8558
8553
41175
8554
8549
41173
8550
8545
41171
8546
8547
8548
28340
8551
8552
28341
28342
8555
8556
28343
28344
8559
8560
28345
28346
8563
8564
28347
28348
8567
8568
28349
28350
8571
8572
28351
28352
8575
41153
8576
28353
28354
8541
41439
8542
8537
41169
8538
8533
41167
8534
8529
41165
8530
8525
41163
8526
8521
41161
8522
8517
41159
8518
8513
41157
8514
8509
41155
8510
8511
8512
28322
42160
42162
42164
42166
42168
42170
42172
42174
42176
42178
42180
42182
42184
42186
42188
42190
42192
42194
42196
42198
42200
8515
8516
28323
28324
8519
8520
28325
28326
8523
8524
28327
28328
8527
8528
28329
28330
8531
8532
28331
28332
8535
8536
28333
28334
8539
41151
8540
28335
28336
8505
41437
8506
8501
41145
8502
8497
41143
8498
8493
41141
8494
8489
41139
8490
8485
41137
8486
8481
41135
8482
8477
41133
8478
8473
41131
8474
8475
8476
28304
8479
8480
28305
28306
8483
8484
28307
28308
8487
8488
28309
28310
8491
8492
28311
28312
8495
8496
28313
28314
8499
8500
28315
28316
8503
41149
8504
28317
28318
8469
41435
8470
8465
40955
8466
8457
41067
8458
8449
41065
8450
8441
41063
8442
8433
41061
8434
8425
41059
8426
8417
41057
8418
8409
41085
8410
8411
8412
28271
28272
42202
42204
42206
42208
42210
42212
42214
42216
42218
42220
42222
42224
42226
42228
42230
42232
42234
42236
42238
42240
42242
8419
8420
28273
28275
28276
8427
8428
28277
28279
28280
8435
8436
28281
28283
28284
8443
8444
28285
28287
28288
8451
8452
28289
28291
28292
8459
8460
28293
28295
28296
8467
41129
8468
28297
28299
28300
8471
8472
28302
8507
8508
28303
28320
8543
8544
28321
28338
8579
8580
28339
28356
8615
8616
28357
28374
8651
8652
28375
28392
8687
8688
28393
28410
8725
41885
8726
28411
28412
28429
9793
41883
9794
28963
8761
41335
8762
8759
8760
8755
41333
8756
8751
41331
8752
8747
41329
8748
8743
41327
8744
8739
41325
8740
8735
41323
8736
8731
41321
8732
8733
8734
28433
8737
8738
28434
28435
8741
8742
28436
28437
8745
8746
28438
28439
8749
8750
28440
28441
8753
8754
28442
28443
8757
8758
28444
28445
8763
8764
28446
28447
28448
9797
41881
9798
28964
28965
8799
41319
8800
8797
8798
8793
41317
8794
8789
41315
8790
8785
41313
8786
8781
41311
8782
8777
41309
8778
8773
41307
8774
8769
41305
8770
8771
8772
28452
8775
8776
28453
28454
8779
8780
28455
28456
8783
8784
28457
28458
8787
8788
28459
28460
8791
8792
28461
28462
8795
8796
28463
28464
8801
8802
28465
28466
28467
9801
41879
9802
28966
28967
8837
41303
8838
8835
8836
8831
41301
8832
8827
41299
8828
8823
41297
8824
8819
41295
8820
8815
41293
8816
8811
41291
8812
8807
41289
8808
8809
8810
28471
8813
8814
28472
28473
8817
8818
28474
28475
8821
8822
28476
28477
8825
8826
28478
28479
8829
8830
28480
28481
8833
8834
28482
28483
8839
8840
28484
28485
28486
9805
41877
9806
28968
28969
8875
41287
8876
8873
8874
8869
41285
8870
8865
41283
8866
8861
41281
8862
8857
41279
8858
8853
41277
8854
8849
41275
8850
8845
41273
8846
8847
8848
28490
8851
8852
28491
28492
8855
8856
28493
28494
8859
8860
28495
28496
8863
8864
28497
28498
8867
8868
28499
28500
8871
8872
28501
28502
8877
8878
28503
28504
28505
9809
41875
9810
28970
28971
8913
41271
8914
8911
8912
8907
41265
8908
8903
41263
8904
8899
41261
8900
8895
41259
8896
8891
41257
8892
8887
41255
8888
8883
41253
8884
8885
8886
28509
42244
42246
42248
42250
42252
42254
42256
42258
8889
8890
28510
28511
8893
8894
28512
28513
8897
8898
28514
28515
8901
8902
28516
28517
8905
8906
28518
28519
8909
8910
28520
28521
8915
8916
28522
28523
28524
9813
41873
9814
28972
28973
8951
41251
8952
8949
8950
8945
41249
8946
8941
41247
8942
8937
41245
8938
8933
41243
8934
8929
41241
8930
8925
41239
8926
8921
41237
8922
8923
8924
28528
42260
42262
42264
42266
42268
42270
42272
8927
8928
28529
28530
8931
8932
28531
28532
8935
8936
28533
28534
8939
8940
28535
28536
8943
8944
28537
28538
8947
8948
28539
28540
8953
8954
28541
28542
28543
9817
41871
9818
28974
28975
8989
40953
8990
8987
8988
8983
40951
8984
8979
40949
8980
8975
40947
8976
8971
40945
8972
8967
40943
8968
8963
40941
8964
8959
40939
8960
42274
42276
8961
8962
28301
28547
42278
42280
42282
42284
42286
42288
42290
42292
42294
42296
42298
42300
42302
42304
42306
42308
42310
42312
42314
42316
42318
42320
42322
42324
42326
42328
42330
42332
42334
42336
42338
42340
42342
42344
42346
42348
42350
42352
42354
42356
42358
8965
8966
28319
28548
28549
8969
8970
28337
28550
28551
8973
8974
28355
28552
28553
8977
8978
28373
28554
28555
8981
8982
28391
28556
28557
8985
8986
28409
28558
28559
8991
8992
28428
28560
28561
28562
9821
41869
9822
28976
28977
9707
40979
9708
9701
41433
9702
9697
41431
9698
9693
41429
9694
9689
41427
9690
9685
41425
9686
9681
41423
9682
9677
41421
9678
9673
41419
9674
9675
9676
28904
9679
9680
28905
28906
9683
9684
28907
28908
9687
9688
28909
28910
9691
9692
28911
28912
9695
9696
28913
28914
9699
9700
28915
28916
9703
9704
28917
28918
9589
40977
9590
9583
41417
9584
9579
41415
9580
9575
41413
9576
9571
41411
9572
9567
41409
9568
9563
41407
9564
9559
41405
9560
9555
41403
9556
9557
9558
28845
9561
9562
28846
28847
9565
9566
28848
28849
9569
9570
28850
28851
9573
9574
28852
28853
9577
9578
28854
28855
9581
9582
28856
28857
9585
9586
28858
28859
9471
40975
9472
9465
41401
9466
9461
41399
9462
9457
41397
9458
9453
41395
9454
9449
41393
9450
42360
9445
41391
9446
42362
9441
41389
9442
9437
41387
9438
9439
9440
28786
9443
9444
28787
28788
9447
9448
28789
28790
9451
9452
28791
28792
9455
9456
28793
28794
9459
9460
28795
28796
9463
9464
28797
28798
9467
42361
9468
28799
28800
9353
40973
9354
9347
41385
9348
9343
41383
9344
9339
41381
9340
9335
41379
9336
9331
41377
9332
42364
9327
41375
9328
42366
9323
41373
9324
42368
9319
41371
9320
9321
9322
28727
9325
9326
28728
28729
9329
9330
28730
28731
9333
9334
28732
28733
9337
9338
28734
28735
9341
9342
28736
28737
9345
42367
9346
28738
28739
9349
42365
9350
28740
28741
9235
40971
9236
9229
41369
9230
9225
41367
9226
9221
41365
9222
9217
41363
9218
9213
41361
9214
42370
9209
41359
9210
42372
9205
41357
9206
42374
9201
41355
9202
42376
42378
42380
42382
42384
42386
42388
42390
42392
42394
42396
42398
42400
42402
42404
42406
42408
42410
42412
42414
42416
42418
42420
42422
42424
42426
42428
42430
42432
42434
42436
42438
42440
42442
42444
42446
42448
42450
42452
42454
42456
9203
9204
28668
9207
9208
28669
28670
9211
9212
28671
28672
9215
9216
28673
28674
9219
9220
28675
28676
9223
42375
9224
28677
28678
9227
42373
9228
28679
28680
9231
42371
9232
28681
28682
42458
9117
40969
9118
9111
41353
9112
9107
41351
9108
9103
41349
9104
9099
41347
9100
9095
41345
9096
42460
9091
41343
9092
42462
9087
41341
9088
42464
9083
41339
9084
42466
42468
42470
42472
42474
42476
42478
42480
42482
9085
9086
28609
9089
9090
28610
28611
9093
9094
28612
28613
9097
9098
28614
28615
9101
9102
28616
28617
9105
42465
9106
28618
28619
9109
42463
9110
28620
28621
9113
42461
9114
28622
28623
42484
8999
40959
9000
8993
40937
8994
8955
41235
8956
8917
41233
8918
8879
41231
8880
8841
41229
8842
42486
8803
41269
8804
42488
8765
41267
8766
42490
8727
41337
8728
42492
42494
42496
42498
42500
42502
42504
42506
42508
8729
8730
28430
28431
8767
8768
28432
28449
28450
8805
8806
28451
28468
28469
8843
8844
28470
28487
28488
8881
8882
28489
28506
28507
8919
42491
8920
28508
28525
28526
8957
42489
8958
28527
28544
28545
8995
42487
8996
28546
28563
28564
9001
41551
41553
9002
28567
9119
41583
41585
9120
28568
28626
9237
41579
41581
9238
28627
28685
9355
42485
41575
41577
9356
28686
28744
9473
42459
41571
41573
9474
28745
28803
9591
42369
41567
41569
9592
28804
28862
9709
42363
41563
41565
9710
28863
28921
9827
41909
41559
41561
9828
28922
28980
17717
41907
41599
41601
17718
32924
11831
11832
11825
11826
11819
11820
42510
11813
11814
42512
11807
11808
42514
11801
42516
41513
11802
42518
11795
42520
41509
11796
42522
11789
42524
41511
11790
11791
11792
29962
42526
11797
11798
29963
29965
11803
11804
29966
29968
11809
42523
11810
29969
29971
11815
42519
11816
29972
29974
11821
42515
11822
29975
29977
11827
42513
11828
29978
29980
11833
42511
11834
29981
29983
17753
41905
41613
41617
17754
32925
32942
11949
42528
41515
11950
11943
42530
41517
11944
11937
42532
41521
11938
42534
11931
42536
41525
11932
42538
11925
11926
42540
11919
42542
41531
11920
42544
11913
42546
41535
11914
42548
11907
42550
41537
11908
11909
11910
30021
42552
11915
11916
30022
30024
11921
11922
30025
30027
11927
42549
11928
30028
30030
11933
42545
11934
30031
30033
11939
42541
11940
30034
30036
11945
42539
11946
30037
30039
11951
42535
11952
30040
30042
17789
41867
41609
41611
17790
32943
32960
12067
12068
12061
12062
12055
12056
42554
12049
12050
42556
12043
12044
42558
12037
12038
42560
12031
42562
41549
12032
42564
12025
42566
41555
12026
12027
12028
27833
30080
42568
42570
42572
12033
12034
28592
30081
30083
12039
12040
28651
30084
30086
12045
42565
12046
28710
30087
30089
12051
42561
12052
28769
30090
30092
12057
42559
12058
28828
30093
30095
12063
42557
12064
28887
30096
30098
12069
42555
12070
28946
30099
30101
17825
41865
41605
41607
17826
32961
32978
20535
41863
41641
41655
20536
34332
17843
17844
17839
17840
17835
17836
42574
17831
17832
17833
17834
32982
17837
17838
32983
32984
17841
17842
32985
32986
17845
42575
17846
32987
32988
20555
41861
41651
41653
20556
34333
34342
17863
41587
17864
17859
41589
17860
17855
17856
42576
17851
42578
42580
42582
42584
42586
42588
42590
42592
42594
42596
42598
42600
42602
42604
42606
41593
17852
42608
17853
17854
32992
42610
17857
17858
32993
32994
17861
17862
32995
32996
17865
42577
17866
32997
32998
20575
41859
41647
41649
20576
34343
34352
17883
17884
17879
41595
17880
17875
17876
42612
17871
41603
17872
42614
17873
17874
33002
42616
42618
42620
17877
17878
33003
33004
17881
17882
33005
33006
17885
42613
17886
33007
33008
20595
41857
41643
41645
20596
32923
34353
34362
22349
41855
41689
41691
22350
35238
20613
20614
20609
41623
20610
20605
41619
20606
42622
20601
42624
42626
42628
42630
42632
42634
42636
41621
20602
42638
20603
20604
34366
42640
20607
20608
34367
34368
20611
20612
34369
34370
20615
42623
20616
32941
34371
34372
22369
41853
41685
41687
22370
35239
35248
20633
41625
20634
20629
41627
20630
20625
41631
20626
42642
20621
42644
41633
20622
42646
20623
20624
34376
42648
20627
20628
34377
34378
20631
20632
34379
34380
20635
42643
20636
32959
34381
34382
22389
41849
41681
41683
22390
35249
35258
20653
20654
20649
20650
20645
41637
20646
42650
20641
41639
20642
42652
20643
20644
34331
34386
42654
42656
42658
20647
20648
34341
34387
34388
20651
20652
34351
34389
34390
20655
42651
20656
32977
34361
34391
34392
22409
41845
41677
41679
22410
35259
35268
23023
41843
41745
41747
23024
35574
22427
41703
22428
22423
41657
22424
22419
42660
42662
42664
42666
42668
42670
42672
41661
22420
42674
22415
42676
41663
22416
22417
22418
35272
42678
22421
22422
35273
35274
22425
22426
35275
35276
22429
42675
22430
35277
35278
23043
41839
41741
41743
23044
35575
35584
22447
41665
22448
22443
41667
22444
22439
42680
41671
22440
42682
22435
42684
41673
22436
42686
22437
22438
35282
42688
22441
22442
35283
35284
22445
22446
35285
35286
22449
42683
22450
35287
35288
23063
41837
41737
41739
23064
35585
35594
22467
41701
22468
22463
42690
41697
22464
22459
42692
41695
22460
42694
22455
42696
41693
22456
22457
22458
35237
35292
42698
42700
42702
22461
22462
35247
35293
35294
22465
22466
35257
35295
35296
22469
42695
22470
35267
35297
35298
23083
41835
41733
41735
23084
35595
35604
23441
41831
41781
41783
23442
35782
23101
41715
23102
23097
42704
42706
42708
42710
42712
41711
23098
23093
42714
42716
41709
23094
42718
23089
42720
41707
23090
23091
23092
35608
42722
23095
23096
35609
35610
23099
23100
35611
35612
23103
42719
23104
35613
35614
23461
41827
41805
41807
23462
35783
35792
23121
41727
23122
23117
41725
23118
23113
42724
41721
23114
42726
23109
42728
41719
23110
42730
23111
23112
35618
42732
23115
23116
35619
35620
23119
23120
35621
35622
23123
42727
23124
35623
35624
23481
41825
41801
41803
23482
35793
35802
23141
23142
23137
23138
23133
23134
42734
23129
23130
23131
23132
35573
35628
23135
23136
35583
35629
35630
23139
23140
35593
35631
35632
23143
42735
23144
35603
35633
35634
23501
41821
41797
41799
23502
35803
35812
24041
41819
24042
36070
23519
41757
23520
23515
41749
23516
23511
42736
42738
42740
42742
42744
42746
42748
42750
42752
42754
41751
23512
42756
23507
42758
41755
23508
42760
23509
23510
35816
42762
23513
23514
35817
35818
23517
23518
35819
35820
23521
42757
23522
35821
35822
24045
41817
24046
36071
36072
23539
41761
23540
23535
42764
42766
41763
23536
23531
42768
41765
23532
42770
23527
42772
41769
23528
23529
23530
35826
42774
23533
23534
35827
35828
23537
23538
35829
35830
23541
42771
23542
35831
35832
24049
41815
24050
36073
36074
23559
23560
23555
41773
23556
23551
41775
23552
42776
23547
42778
42780
41779
23548
42782
23549
23550
35781
35836
42784
42786
42788
23553
23554
35791
35837
35838
23557
23558
35801
35839
35840
23561
42777
23562
35811
35841
35842
24053
41813
24054
36075
36076
24034
41791
24035
24030
41789
24031
24026
41787
24027
24022
41785
24023
23354
41809
23355
23334
41811
23335
23314
42790
42792
42794
42796
42798
42800
42802
42804
42806
42808
42810
42812
42814
41823
23315
42816
42818
42820
42822
42824
23294
23295
42826
22808
42828
41829
22809
42830
22788
42832
41833
22789
42834
22768
22769
42836
22748
22749
42838
21942
42840
41841
21943
42842
21922
21923
42844
21902
42846
41847
21903
42848
21882
42850
41851
21883
42852
19276
19277
42854
19256
19257
42856
19236
19237
42858
19216
19217
42860
16414
16415
42862
16378
16379
42864
16342
16343
42866
16306
16307
42868
10809
10810
10805
41955
10806
10801
41953
10802
10797
41951
10798
10793
41949
10794
10789
41947
10790
42870
10785
41945
10786
42872
10781
41943
10782
42874
10777
41941
10778
42876
10283
41939
10284
42878
10279
41937
10280
42880
10275
41935
10276
42882
10271
41933
10272
42884
10267
41931
10268
42886
10263
41929
10264
42888
10259
41927
10260
42890
10255
41925
10256
42892
10251
41923
10252
42894
9965
41921
9966
42896
42898
42900
42902
42904
42906
9961
9962
42908
9957
9958
42910
9953
9954
42912
9949
9950
42914
9853
42916
42918
42920
42922
42924
42926
42928
42930
42932
42934
42936
42938
42940
42942
42944
42946
42948
42950
42952
42359
9854
42954
9849
42956
42243
9850
42958
9845
42960
42201
9846
42962
9829
42964
41969
9830
26132
9831
41965
41967
9832
25655
25657
28982
9847
41963
9848
28990
9833
9834
26139
9835
41961
9836
28984
9851
41959
9852
28209
28992
9837
9838
9839
41957
9840
28201
28203
28211
28986
9855
42963
41973
9856
28994
9841
9842
9843
41971
9844
28988
9951
42959
42033
9952
29042
9865
42159
9866
9867
9868
29000
9861
9862
42966
9863
9864
28205
28213
28998
9955
42955
42031
9956
29043
29044
9945
42117
9946
9941
42968
42970
42972
42974
42976
41975
9942
9937
42978
41977
9938
42980
9939
9940
29036
9943
9944
29037
29038
9933
41979
9934
9929
42982
41983
9930
42984
9925
42986
41985
9926
42988
9927
9928
29030
9931
9932
29031
29032
9921
41987
9922
9917
42990
41991
9918
42992
9913
42994
41993
9914
42996
9915
9916
29024
9919
9920
29025
29026
9909
41995
9910
9905
42998
41999
9906
43000
9901
43002
42001
9902
43004
9903
9904
29018
9907
9908
29019
29020
9897
42003
9898
9893
43006
42007
9894
43008
9889
43010
42009
9890
43012
9891
9892
29012
9895
9896
29013
29014
9885
42011
9886
9881
43014
42015
9882
43016
9877
43018
42017
9878
43020
9879
9880
29006
9883
9884
29007
29008
9873
42019
9874
9869
43022
42023
9870
43024
9857
43026
42025
9858
43028
9859
9860
28215
28989
28996
9871
9872
28221
28997
28999
29002
9875
42027
42029
9876
27857
29004
43030
43032
43034
43036
9887
43025
42073
42075
9888
27863
29005
29010
9899
43017
42069
42071
9900
27869
29011
29016
9911
43009
42065
42067
9912
27875
29017
29022
9923
43001
42061
42063
9924
27881
29023
29028
9935
42993
42057
42059
9936
27887
29029
29034
9947
42985
42053
42055
9948
27893
29035
29040
9959
42915
42049
42051
9960
27899
29041
29046
9963
42913
42045
42047
9964
27901
29048
9967
42905
42039
9968
29050
10253
42903
10254
29193
9973
42043
9974
9975
42037
9976
29054
10257
42901
10258
29194
29195
9981
42041
9982
9983
42035
9984
29058
10261
42899
10262
29196
29197
9989
42115
9990
9991
42087
9992
29062
43038
43040
43042
43044
43046
43048
43050
43052
43054
43056
43058
43060
43062
43064
43066
43068
43070
43072
43074
43076
43078
43080
43082
43084
10265
42897
10266
29198
29199
9997
42113
9998
9999
42085
10000
29066
10269
42895
10270
29200
29201
10005
42111
10006
10007
42083
10008
29070
10273
42893
10274
29202
29203
10013
42109
10014
10015
42081
10016
29074
10277
42891
10278
29204
29205
10021
42107
10022
10023
42079
10024
29049
29078
10281
42889
42077
10282
29206
29207
10249
10250
10245
42105
10246
10241
42103
10242
10237
42101
10238
10233
42099
10234
10229
42097
10230
10225
42095
10226
10221
42093
10222
10217
42091
10218
10213
42089
10214
10215
10216
29174
10219
10220
29175
29176
10223
10224
29177
29178
10227
10228
29179
29180
10231
10232
29181
29182
10235
10236
29183
29184
10239
10240
29185
29186
10243
42121
10244
29187
29188
10209
42157
10210
10205
42155
10206
10201
42153
10202
10197
42151
10198
10193
42149
10194
10189
42147
10190
10185
42145
10186
10181
42143
10182
10177
42141
10178
10179
10180
29156
43086
43088
43090
43092
43094
43096
43098
43100
43102
43104
43106
43108
43110
43112
43114
43116
43118
43120
43122
43124
43126
43128
43130
43132
43134
43136
43138
43140
43142
10183
10184
29157
29158
10187
10188
29159
29160
10191
10192
29161
29162
10195
10196
29163
29164
10199
10200
29165
29166
10203
10204
29167
29168
10207
42119
10208
29169
29170
10173
42139
10174
10169
42137
10170
10165
42135
10166
10161
42133
10162
10157
42131
10158
10153
42129
10154
10149
42127
10150
10145
42125
10146
10141
42123
10142
10143
10144
29138
10147
10148
29139
29140
10151
10152
29141
29142
10155
10156
29143
29144
10159
10160
29145
29146
10163
10164
29147
29148
10167
10168
29149
29150
10171
42163
10172
29151
29152
10137
42199
10138
10133
42197
10134
10129
42195
10130
10125
42193
10126
10121
42191
10122
10117
42189
10118
10113
42187
10114
10109
42185
10110
10105
42183
10106
10107
10108
29120
10111
10112
29121
29122
10115
10116
29123
29124
10119
10120
29125
29126
10123
10124
29127
29128
10127
10128
29129
29130
10131
10132
29131
29132
10135
42161
10136
29133
29134
10101
42181
10102
10097
42179
10098
10093
42177
10094
10089
42175
10090
10085
42173
10086
10081
42171
10082
10077
42169
10078
10073
42167
10074
10069
42165
10070
43144
43146
43148
43150
43152
43154
43156
43158
43160
43162
43164
43166
43168
43170
43172
43174
43176
43178
43180
43182
43184
43186
43188
43190
43192
43194
10071
10072
29102
43196
43198
43200
43202
43204
10075
10076
29103
29104
10079
10080
29105
29106
10083
10084
29107
29108
10087
10088
29109
29110
10091
10092
29111
29112
10095
10096
29113
29114
10099
42205
10100
29115
29116
10065
42241
10066
10061
42239
10062
10057
42237
10058
10053
42235
10054
10049
42233
10050
10045
42231
10046
10041
42229
10042
10037
42227
10038
10033
42225
10034
10035
10036
29084
10039
10040
29085
29086
10043
10044
29087
29088
10047
10048
29089
29090
10051
10052
29091
29092
10055
10056
29093
29094
10059
10060
29095
29096
10063
42203
10064
29097
29098
10029
42223
10030
10025
42221
10026
10017
42219
10018
10009
42217
10010
10001
42215
10002
9993
42213
9994
9985
42211
9986
9977
42209
9978
9969
42207
9970
9971
9972
29051
29052
43206
43208
43210
43212
43214
43216
43218
43220
43222
43224
43226
43228
43230
43232
43234
43236
43238
43240
43242
43244
43246
9979
9980
29053
29055
29056
9987
9988
29057
29059
29060
9995
9996
29061
29063
29064
10003
10004
29065
29067
29068
10011
10012
29069
29071
29072
10019
10020
29073
29075
29076
10027
42245
10028
29077
29079
29080
10031
10032
29082
10067
10068
29083
29100
10103
10104
29101
29118
10139
10140
29119
29136
10175
10176
29137
29154
10211
10212
29155
29172
10247
10248
29173
29190
10285
42887
10286
29191
29192
29209
10779
42885
10780
29456
10321
42357
10322
10319
10320
10315
42355
10316
10311
42353
10312
10307
42351
10308
10303
42349
10304
10299
42347
10300
10295
42345
10296
10291
42343
10292
10293
10294
29213
10297
10298
29214
29215
10301
10302
29216
29217
10305
10306
29218
29219
10309
10310
29220
29221
10313
10314
29222
29223
10317
10318
29224
29225
10323
10324
29226
29227
29228
10783
42883
10784
29457
29458
10359
42341
10360
10357
10358
10353
42339
10354
10349
42337
10350
10345
42335
10346
10341
42333
10342
10337
42331
10338
10333
42329
10334
10329
42327
10330
10331
10332
29232
10335
10336
29233
29234
10339
10340
29235
29236
10343
10344
29237
29238
10347
10348
29239
29240
10351
10352
29241
29242
10355
10356
29243
29244
10361
10362
29245
29246
29247
10787
42881
10788
29459
29460
10397
42325
10398
10395
10396
10391
42323
10392
10387
42321
10388
10383
42319
10384
10379
42317
10380
10375
42315
10376
10371
42313
10372
10367
42311
10368
10369
10370
29251
10373
10374
29252
29253
10377
10378
29254
29255
10381
10382
29256
29257
10385
10386
29258
29259
10389
10390
29260
29261
10393
10394
29262
29263
10399
10400
29264
29265
29266
10791
42879
10792
29461
29462
10435
42309
10436
10433
10434
10429
42307
10430
10425
42305
10426
10421
42303
10422
10417
42301
10418
10413
42299
10414
10409
42297
10410
10405
42295
10406
10407
10408
29270
43248
43250
43252
43254
43256
43258
43260
43262
43264
43266
43268
43270
43272
43274
43276
43278
43280
43282
43284
43286
43288
43290
43292
43294
43296
43298
10411
10412
29271
29272
10415
10416
29273
29274
10419
10420
29275
29276
10423
10424
29277
29278
10427
10428
29279
29280
10431
10432
29281
29282
10437
10438
29283
29284
29285
10795
42877
10796
29463
29464
10473
42293
10474
10471
10472
10467
42259
10468
10463
42257
10464
10459
42255
10460
10455
42253
10456
10451
42251
10452
10447
42249
10448
10443
42247
10444
10445
10446
29289
10449
10450
29290
29291
10453
10454
29292
29293
10457
10458
29294
29295
10461
10462
29296
29297
10465
10466
29298
29299
10469
10470
29300
29301
10475
10476
29302
29303
29304
10799
42875
10800
29465
29466
10511
42291
10512
10509
10510
10505
42273
10506
10501
42271
10502
10497
42269
10498
10493
42267
10494
10489
42265
10490
10485
42263
10486
10481
42261
10482
10483
10484
29308
10487
10488
29309
29310
10491
10492
29311
29312
10495
10496
29313
29314
10499
10500
29315
29316
10503
10504
29317
29318
10507
10508
29319
29320
10513
10514
29321
29322
29323
10803
42873
10804
29467
29468
10549
42289
10550
10547
10548
10543
42287
10544
10539
42285
10540
10535
42283
10536
10531
42281
10532
10527
42279
10528
10523
42277
10524
10519
42275
10520
10521
10522
29081
29327
43300
43302
43304
43306
43308
43310
43312
43314
43316
43318
43320
43322
43324
43326
43328
43330
43332
43334
43336
43338
43340
43342
43344
43346
43348
43350
43352
43354
10525
10526
29099
29328
29329
10529
10530
29117
29330
29331
10533
10534
29135
29332
29333
10537
10538
29153
29334
29335
10541
10542
29171
29336
29337
10545
10546
29189
29338
29339
10551
10552
29208
29340
29341
29342
10807
42871
10808
29469
29470
10773
10774
10769
42455
10770
10765
42453
10766
10761
42451
10762
10757
42449
10758
10753
42447
10754
10749
42445
10750
10745
42443
10746
10741
42441
10742
10743
10744
29438
10747
10748
29439
29440
10751
10752
29441
29442
10755
10756
29443
29444
10759
10760
29445
29446
10763
10764
29447
29448
10767
10768
29449
29450
10771
10772
29451
29452
10737
10738
10733
42439
10734
10729
42437
10730
10725
42435
10726
10721
42433
10722
10717
42431
10718
10713
42429
10714
10709
42427
10710
10705
42425
10706
10707
10708
29420
10711
10712
29421
29422
10715
10716
29423
29424
10719
10720
29425
29426
10723
10724
29427
29428
10727
10728
29429
29430
10731
10732
29431
29432
10735
10736
29433
29434
10701
10702
10697
42423
10698
10693
42421
10694
10689
42419
10690
10685
42417
10686
10681
42415
10682
43356
10677
42413
10678
43358
10673
42411
10674
10669
42409
10670
10671
10672
29402
10675
10676
29403
29404
10679
10680
29405
29406
10683
10684
29407
29408
10687
10688
29409
29410
10691
10692
29411
29412
10695
10696
29413
29414
10699
43357
10700
29415
29416
10665
10666
10661
42407
10662
10657
42405
10658
10653
42403
10654
10649
42401
10650
10645
42399
10646
43360
10641
42397
10642
43362
10637
42395
10638
43364
10633
42393
10634
10635
10636
29384
10639
10640
29385
29386
10643
10644
29387
29388
10647
10648
29389
29390
10651
10652
29391
29392
10655
10656
29393
29394
10659
43363
10660
29395
29396
10663
43361
10664
29397
29398
10629
42457
10630
10625
42391
10626
10621
42389
10622
10617
42387
10618
10613
42385
10614
10609
42383
10610
43366
10605
42381
10606
43368
10601
42379
10602
43370
10597
42377
10598
10599
10600
29366
10603
10604
29367
29368
10607
10608
29369
29370
10611
10612
29371
29372
10615
10616
29373
29374
10619
43371
10620
29375
29376
10623
43369
10624
29377
29378
10627
43367
10628
29379
29380
43372
10593
42483
10594
10589
42481
10590
10585
42479
10586
10581
42477
10582
10577
42475
10578
10573
42473
10574
43374
10569
42471
10570
43376
10565
42469
10566
43378
10561
42467
10562
10563
10564
29348
43380
43382
43384
43386
43388
43390
43392
43394
43396
43398
43400
43402
43404
43406
43408
43410
43412
43414
43416
43418
43420
43422
43424
43426
43428
43430
43432
43434
43436
43438
43440
43442
43444
43446
43448
43450
43452
43454
43456
43458
10567
10568
29349
29350
10571
10572
29351
29352
10575
10576
29353
29354
10579
10580
29355
29356
10583
43379
10584
29357
29358
10587
43377
10588
29359
29360
10591
43375
10592
29361
29362
43460
10557
42509
10558
10553
42507
10554
10515
42505
10516
10477
42503
10478
10439
42501
10440
10401
42499
10402
43462
10363
42497
10364
43464
10325
42495
10326
43466
10287
42493
10288
10289
10290
29210
29211
43468
43470
43472
43474
43476
43478
43480
43482
43484
43486
43488
43490
43492
43494
43496
43498
43500
43502
10327
10328
29212
29229
29230
10365
10366
29231
29248
29249
10403
10404
29250
29267
29268
10441
10442
29269
29286
29287
10479
43467
10480
29288
29305
29306
10517
43465
10518
29307
29324
29325
10555
43463
10556
29326
29343
29344
10559
42569
42571
10560
29346
10595
42603
42605
10596
29347
29364
10631
42599
42601
10632
29365
29382
10667
43461
42595
42597
10668
29383
29400
10703
43373
42591
42593
10704
29401
29418
10739
43365
42587
42589
10740
29419
29436
10775
43359
42583
42585
10776
29437
29454
10811
42911
42579
42581
10812
29455
29472
16308
42909
42617
42619
16309
32220
11863
11864
11859
11860
11855
11856
43504
11851
43506
43508
42529
11852
43510
11847
43512
42517
11848
43514
11843
43516
42521
11844
43518
11839
43520
42525
11840
43522
11835
43524
42527
11836
11837
11838
29985
43526
11841
11842
29986
29987
11845
11846
29988
29989
11849
43523
11850
29990
29991
11853
43519
11854
29992
29993
11857
43515
11858
29994
29995
11861
43511
11862
29996
29997
11865
43505
11866
29998
29999
16344
42907
42633
42635
16345
32221
32238
11981
43528
42531
11982
11977
43530
42533
11978
11973
43532
42537
11974
43534
11969
11970
43536
11965
43538
42543
11966
43540
11961
43542
42547
11962
43544
11957
43546
42551
11958
43548
11953
43550
42553
11954
11955
11956
30044
43552
11959
11960
30045
30046
11963
11964
30047
30048
11967
43549
11968
30049
30050
11971
43545
11972
30051
30052
11975
43541
11976
30053
30054
11979
43537
11980
30055
30056
11983
43535
11984
30057
30058
16380
42869
42629
42631
16381
32239
32256
12099
12100
12095
12096
12091
12092
43554
12087
12088
43556
12083
12084
43558
12079
43560
42563
12080
43562
12075
43564
42567
12076
43566
12071
43568
42573
12072
12073
12074
28199
30103
43570
43572
43574
12077
12078
28608
30104
30105
12081
12082
28667
30106
30107
12085
43567
12086
28726
30108
30109
12089
43563
12090
28785
30110
30111
12093
43559
12094
28844
30112
30113
12097
43557
12098
28903
30114
30115
12101
43555
12102
28962
30116
30117
16416
42867
42625
42627
16417
32257
32274
19218
42865
42655
42657
19219
33674
16434
16435
16430
16431
16426
16427
43576
16422
16423
16424
16425
32278
16428
16429
32279
32280
16432
16433
32281
32282
16436
43577
16437
32283
32284
19238
42863
42669
42671
19239
33675
33684
16454
16455
16450
42611
16451
16446
43578
43580
43582
43584
43586
43588
43590
43592
43594
43596
43598
43600
43602
43604
43606
42607
16447
43608
16442
43610
42609
16443
16444
16445
32288
43612
16448
16449
32289
32290
16452
16453
32291
32292
16456
43609
16457
32293
32294
19258
42861
42665
42667
19259
33685
33694
16474
16475
16470
16471
16466
42621
16467
43614
16462
42615
16463
43616
16464
16465
32298
43618
43620
43622
16468
16469
32299
32300
16472
16473
32301
32302
16476
43615
16477
32303
32304
19278
42859
42661
42663
19279
32219
33695
33704
21884
42857
42699
42701
21885
35006
19296
19297
19292
42641
19293
19288
42637
19289
43624
19284
43626
43628
43630
43632
43634
43636
43638
42639
19285
43640
19286
19287
33708
43642
19290
19291
33709
33710
19294
19295
33711
33712
19298
43625
19299
32237
33713
33714
21904
42855
42713
42715
21905
35007
35016
19316
19317
19312
42649
19313
19308
42645
19309
43644
19304
43646
42647
19305
19306
19307
33718
43648
19310
19311
33719
33720
19314
19315
33721
33722
19318
43645
19319
32255
33723
33724
21924
42853
42709
42711
21925
35017
35026
19336
19337
19332
19333
19328
42659
19329
43650
19324
42653
19325
19326
19327
33673
33728
43652
43654
19330
19331
33683
33729
33730
19334
19335
33693
33731
33732
19338
43651
19339
32273
33703
33733
33734
21944
42849
42705
42707
21945
35027
35036
22750
42845
42751
42753
22751
35438
21962
21963
21958
42673
21959
21954
42677
21955
43656
21950
43658
43660
43662
43664
43666
43668
43670
42679
21951
43672
21952
21953
35040
21956
21957
35041
35042
21960
21961
35043
35044
21964
43657
21965
35045
35046
22770
42843
42747
42749
22771
35439
35448
21982
43674
42689
21983
21978
43676
42681
21979
21974
43678
42685
21975
43680
21970
43682
42687
21971
21972
21973
35050
21976
21977
35051
35052
21980
21981
35053
35054
21984
43681
21985
35055
35056
22790
42839
42743
42745
22791
35449
35458
22002
42691
22003
21998
43684
42693
21999
21994
43686
42697
21995
43688
21990
43690
42703
21991
43692
21992
21993
35005
35060
21996
21997
35015
35061
35062
22000
22001
35025
35063
35064
22004
43689
22005
35035
35065
35066
22810
42837
42739
42741
22811
35459
35468
23296
42835
42785
42787
23297
35710
22828
22829
22824
42717
22825
22820
43694
43696
43698
43700
43702
43704
43706
43708
43710
42721
22821
43712
22816
43714
42723
22817
43716
22818
22819
35472
43718
22822
22823
35473
35474
22826
22827
35475
35476
22830
43713
22831
35477
35478
23316
42831
42811
42813
23317
35711
35720
22848
42733
22849
22844
43720
42725
22845
22840
43722
42729
22841
43724
22836
43726
42731
22837
22838
22839
35482
43728
22842
22843
35483
35484
22846
22847
35485
35486
22850
43725
22851
35487
35488
23336
42827
42807
42809
23337
35721
35730
22868
22869
22864
22865
22860
22861
43730
22856
22857
22858
22859
35437
35492
22862
22863
35447
35493
35494
22866
22867
35457
35495
35496
22870
43731
22871
35467
35497
35498
23356
42825
42803
42805
23357
35731
35740
24024
42823
24025
36062
23374
42763
23375
23370
43732
43734
43736
43738
43740
43742
43744
43746
42755
23371
23366
43748
43750
42759
23367
43752
23362
43754
42761
23363
43756
23364
23365
35744
43758
23368
23369
35745
35746
23372
23373
35747
35748
23376
43753
23377
35749
35750
24028
42821
24029
36063
36064
23394
42767
23395
23390
43760
43762
42769
23391
23386
43764
42773
23387
43766
23382
43768
42775
23383
23384
23385
35754
43770
23388
23389
35755
35756
23392
23393
35757
35758
23396
43767
23397
35759
35760
24032
42819
24033
36065
36066
23414
23415
23410
42789
23411
23406
42781
23407
43772
23402
43774
43776
42783
23403
43778
23404
23405
35709
35764
43780
43782
43784
23408
23409
35719
35765
35766
23412
23413
35729
35767
35768
23416
43773
23417
35739
35769
35770
24036
42817
24037
36067
36068
24017
42797
24018
24013
42795
24014
24009
42793
24010
24005
42791
24006
23145
23146
23125
42815
23126
23105
23106
43786
43788
43790
43792
43794
23085
42829
23086
43796
22471
43798
43800
43802
43804
43806
42833
22472
43808
22451
22452
43810
22431
22432
43812
22411
43814
43816
43818
43820
43822
43824
43826
43828
42841
22412
43830
20657
20658
43832
20637
43834
42847
20638
43836
20617
43838
42851
20618
43840
20597
20598
43842
17887
17888
43844
17867
17868
43846
17847
17848
43848
17827
17828
43850
12137
12138
43852
12131
12132
43854
12127
12128
43856
12123
12124
43858
12119
12120
43860
12115
12116
43862
12111
12112
43864
12107
12108
43866
12103
12104
11521
43507
11522
11517
43503
11518
11515
11516
11511
43501
11512
11507
43499
11508
11503
43355
11504
43868
11499
43353
11500
43870
11495
43351
11496
43872
11491
43349
11492
43874
11487
43347
11488
43876
10993
43245
10994
43878
10989
43141
10990
43880
43882
43884
43886
43888
43890
10929
10930
43892
10925
10926
43894
10921
10922
26353
43896
10917
43247
10918
26350
43898
10821
43205
10822
43900
10813
43902
43904
43906
43908
43910
43912
43914
43916
43918
43920
43922
43924
43143
10814
26150
10815
42971
42973
42975
10816
28983
28985
28991
29474
10823
42967
10824
29478
10817
10818
26165
10819
42969
10820
29476
10919
43037
10920
29526
10833
43085
10834
10835
10836
29484
10829
10830
26187
10831
10832
28987
28993
29475
29482
10923
43901
43035
10924
29527
29528
10913
42977
10914
10909
43926
42979
10910
26336
10905
42981
10906
26333
10907
10908
29520
10911
10912
29521
29522
10901
42983
10902
10897
43928
42987
10898
26319
43930
10893
42989
10894
26316
10895
10896
29514
10899
10900
29515
29516
10889
42991
10890
10885
43932
42995
10886
26302
43934
10881
42997
10882
26299
10883
10884
29508
10887
10888
29509
29510
10877
42999
10878
10873
43936
43003
10874
26285
43938
10869
43005
10870
26282
10871
10872
29502
10875
10876
29503
29504
10865
43007
10866
10861
43940
43011
10862
26268
43942
10857
43013
10858
26265
10859
10860
29496
10863
10864
29497
29498
10853
43015
10854
10849
43944
43019
10850
26251
43946
10845
43021
10846
26248
10847
10848
29490
10851
10852
29491
29492
10841
43023
10842
10837
43948
43027
10838
26194
43950
10825
43029
10826
26184
10827
10828
28995
29477
29479
29480
10839
10840
29001
29481
29483
29485
29486
10843
43031
43033
10844
28223
29488
10855
43951
43081
43083
10856
28229
29489
29494
10867
43947
43077
43079
10868
28235
29495
29500
10879
43943
43073
43075
10880
28241
29501
29506
10891
43939
43069
43071
10892
28247
29507
29512
10903
43935
43065
43067
10904
28253
29513
29518
10915
43931
43061
43063
10916
28259
29519
29524
10927
43899
43057
43059
10928
28265
29525
29530
10931
43897
43053
43055
10932
28267
29532
10991
43889
43097
10992
29562
10985
43243
10986
10981
43139
10982
10983
43095
10984
29558
10977
43241
10978
10973
43137
10974
10975
43093
10976
29554
10969
43239
10970
10965
43135
10966
10967
43091
10968
29550
10961
43237
10962
10957
43051
10958
43952
43954
43956
43958
43960
10959
43045
10960
29546
10953
43235
10954
10949
43962
43964
43049
10950
43966
43968
43970
43972
43974
43976
43978
43980
43982
10951
43043
10952
29542
10945
43233
10946
10941
43047
10942
43984
43986
43988
43990
43992
43994
10943
43041
10944
29538
10937
43231
10938
10933
42951
10934
43996
43998
44000
44002
44004
44006
10935
43039
10936
29533
29534
44008
44010
44012
44014
44016
44018
44020
44022
44024
44026
44028
44030
44032
10939
10940
29536
10947
10948
29537
29540
10955
10956
29541
29544
10963
10964
29545
29548
10971
10972
29549
29552
10979
10980
29553
29556
10987
10988
29557
29560
10995
43887
43249
10996
29561
29564
11489
43885
11490
29811
11029
43229
11030
11025
43227
11026
11021
43225
11022
11017
43223
11018
11013
43221
11014
11009
43219
11010
11005
43217
11006
11001
43215
11002
11003
11004
29568
44034
44036
44038
44040
44042
44044
44046
44048
44050
44052
11007
11008
29569
29570
11011
11012
29571
29572
11015
11016
29573
29574
11019
11020
29575
29576
11023
11024
29577
29578
11027
11028
29579
29580
11031
43209
11032
29581
29582
11493
43883
11494
29812
29813
11065
43203
11066
11061
43201
11062
11057
43199
11058
11053
43197
11054
11049
43195
11050
11045
43193
11046
11041
43191
11042
11037
43189
11038
11039
11040
29586
11043
11044
29587
29588
11047
11048
29589
29590
11051
11052
29591
29592
11055
11056
29593
29594
11059
11060
29595
29596
11063
11064
29597
29598
11067
43207
11068
29599
29600
11497
43881
11498
29814
29815
11101
43187
11102
11097
43185
11098
11093
43183
11094
11089
43181
11090
11085
43179
11086
11081
43177
11082
11077
43175
11078
11073
43173
11074
11075
11076
29604
44054
44056
44058
44060
44062
44064
44066
44068
44070
44072
44074
44076
44078
44080
44082
44084
44086
44088
44090
11079
11080
29605
29606
11083
11084
29607
29608
11087
11088
29609
29610
11091
11092
29611
29612
11095
11096
29613
29614
11099
11100
29615
29616
11103
43149
11104
29617
29618
11501
43879
11502
29816
29817
11137
43171
11138
11133
43169
11134
11129
43167
11130
11125
43165
11126
11121
43163
11122
11117
43161
11118
11113
43159
11114
11109
43157
11110
11111
11112
29622
11115
11116
29623
29624
11119
11120
29625
29626
11123
11124
29627
29628
11127
11128
29629
29630
11131
11132
29631
29632
11135
11136
29633
29634
11139
43147
11140
29635
29636
11505
43877
11506
29818
29819
11173
43133
11174
11169
43131
11170
11165
43129
11166
11161
43127
11162
11157
43125
11158
11153
43123
11154
11149
43121
11150
11145
43119
11146
11147
11148
29640
44092
44094
44096
44098
44100
44102
44104
44106
44108
44110
44112
44114
44116
44118
44120
44122
44124
44126
44128
11151
11152
29641
29642
11155
11156
29643
29644
11159
11160
29645
29646
11163
11164
29647
29648
11167
11168
29649
29650
11171
11172
29651
29652
11175
43145
11176
29653
29654
11509
43875
11510
29820
29821
11209
43117
11210
11205
43115
11206
11201
43113
11202
11197
43111
11198
11193
43109
11194
11189
43107
11190
11185
43105
11186
11181
43103
11182
11183
11184
29658
11187
11188
29659
29660
11191
11192
29661
29662
11195
11196
29663
29664
11199
11200
29665
29666
11203
11204
29667
29668
11207
11208
29669
29670
11211
43089
11212
29671
29672
11513
43873
11514
29822
29823
11247
42949
11248
11243
42947
11244
11239
42945
11240
11235
42943
11236
11231
42941
11232
11227
42939
11228
11223
42937
11224
11219
42935
11220
11221
11222
29535
29677
44130
44132
44134
44136
44138
44140
44142
44144
44146
44148
44150
44152
44154
44156
44158
44160
44162
44164
44166
11225
11226
29539
29678
29679
11229
11230
29543
29680
29681
11233
11234
29547
29682
29683
11237
11238
29551
29684
29685
11241
11242
29555
29686
29687
11245
11246
29559
29688
29689
11249
43087
11250
29563
29690
29691
11519
43871
11520
29824
29825
29826
11483
43497
11484
11479
43345
11480
11477
11478
11473
43343
11474
11469
43341
11470
11465
43339
11466
11461
43337
11462
11457
43335
11458
11453
43333
11454
11449
43331
11450
11451
11452
29792
11455
11456
29793
29794
11459
11460
29795
29796
11463
11464
29797
29798
11467
11468
29799
29800
11471
11472
29801
29802
11475
11476
29803
29804
11481
11482
29805
29806
29807
11445
43495
11446
11441
43329
11442
11439
11440
11435
43327
11436
11431
43325
11432
11427
43323
11428
11423
43321
11424
11419
43319
11420
11415
43317
11416
11411
43315
11412
11413
11414
29773
11417
11418
29774
29775
11421
11422
29776
29777
11425
11426
29778
29779
11429
11430
29780
29781
11433
11434
29782
29783
11437
11438
29784
29785
11443
11444
29786
29787
29788
11407
43493
11408
11403
43313
11404
11401
11402
11397
43311
11398
11393
43309
11394
11389
43307
11390
11385
43305
11386
11381
43303
11382
11377
43301
11378
11373
43299
11374
11375
11376
29754
11379
11380
29755
29756
11383
11384
29757
29758
11387
11388
29759
29760
11391
11392
29761
29762
11395
11396
29763
29764
11399
11400
29765
29766
11405
11406
29767
29768
29769
11369
43491
11370
11365
43297
11366
11363
11364
11359
43295
11360
11355
43293
11356
11351
43291
11352
11347
43289
11348
11343
43287
11344
11339
43285
11340
11335
43283
11336
11337
11338
29735
11341
11342
29736
29737
11345
11346
29738
29739
11349
11350
29740
29741
11353
11354
29742
29743
11357
11358
29744
29745
11361
11362
29746
29747
11367
11368
29748
29749
29750
11331
43489
11332
11327
43281
11328
11325
11326
11321
43279
11322
11317
43277
11318
11313
43275
11314
11309
43273
11310
11305
43271
11306
11301
43269
11302
11297
43267
11298
11299
11300
29716
11303
11304
29717
29718
11307
11308
29719
29720
11311
11312
29721
29722
11315
11316
29723
29724
11319
11320
29725
29726
11323
11324
29727
29728
11329
11330
29729
29730
29731
11293
43487
11294
11289
43265
11290
11287
11288
11283
43263
11284
11279
43261
11280
11275
43259
11276
11271
43257
11272
11267
43255
11268
11263
43253
11264
11259
43251
11260
11261
11262
29697
44168
44170
44172
44174
44176
44178
44180
44182
44184
44186
44188
44190
44192
44194
44196
44198
44200
44202
44204
44206
44208
11265
11266
29698
29699
11269
11270
29700
29701
11273
11274
29702
29703
11277
11278
29704
29705
11281
11282
29706
29707
11285
11286
29708
29709
11291
11292
29710
29711
29712
11255
43485
11256
11251
42933
11252
11217
11218
11213
43101
11214
11177
43099
11178
11141
43155
11142
11105
43153
11106
11069
43151
11070
11033
43213
11034
10997
43211
10998
10999
11000
29565
29566
11035
11036
29567
29583
29584
11071
11072
29585
29601
29602
11107
11108
29603
29619
29620
11143
11144
29621
29637
29638
11179
11180
29639
29655
29656
11215
11216
29657
29673
29674
11253
11254
29675
29676
29692
29693
11257
11258
29695
11295
11296
29696
29714
11333
11334
29715
29733
11371
11372
29734
29752
11409
11410
29753
29771
11447
11448
29772
29790
11485
11486
29791
29809
11523
43869
11524
29810
29828
12105
43895
43571
43573
12106
30119
11557
43483
11558
11553
43481
11554
11549
43479
11550
11545
43477
11546
11541
43475
11542
11537
43473
11538
11533
43471
11534
11529
43469
11530
11531
11532
29832
11535
11536
29833
29834
11539
11540
29835
29836
11543
11544
29837
29838
11547
11548
29839
29840
11551
11552
29841
29842
11555
11556
29843
29844
11559
11560
29845
29846
12109
43893
43603
43605
12110
30120
30121
11593
43459
11594
11589
43457
11590
11585
43455
11586
11581
43453
11582
11577
43451
11578
11573
43449
11574
11569
43447
11570
11565
43445
11566
11567
11568
29850
11571
11572
29851
29852
11575
11576
29853
29854
11579
11580
29855
29856
11583
11584
29857
29858
11587
11588
29859
29860
11591
11592
29861
29862
11595
11596
29863
29864
12113
43891
43599
43601
12114
30122
30123
11629
43443
11630
11625
43441
11626
11621
43439
11622
11617
43437
11618
11613
43435
11614
11609
43433
11610
11605
43431
11606
11601
43429
11602
44210
44212
11603
11604
29868
44214
44216
44218
44220
44222
44224
44226
44228
44230
44232
44234
44236
44238
11607
11608
29869
29870
11611
11612
29871
29872
11615
11616
29873
29874
11619
11620
29875
29876
11623
11624
29877
29878
11627
11628
29879
29880
11631
11632
29881
29882
12117
43867
43595
43597
12118
30124
30125
11665
43427
11666
11661
43425
11662
11657
43423
11658
11653
43421
11654
11649
43419
11650
11645
43417
11646
11641
43415
11642
11637
43413
11638
44240
11639
11640
29886
44242
44244
44246
44248
44250
44252
44254
44256
44258
44260
44262
44264
44266
44268
44270
44272
44274
44276
44278
44280
44282
44284
44286
11643
11644
29887
29888
11647
11648
29889
29890
11651
11652
29891
29892
11655
11656
29893
29894
11659
11660
29895
29896
11663
11664
29897
29898
11667
11668
29899
29900
12121
43865
43591
43593
12122
30126
30127
11701
43411
11702
11697
43409
11698
11693
43407
11694
11689
43405
11690
11685
43403
11686
11681
43401
11682
11677
43399
11678
11673
43397
11674
11675
11676
29904
11679
11680
29905
29906
11683
11684
29907
29908
11687
11688
29909
29910
11691
11692
29911
29912
11695
11696
29913
29914
11699
11700
29915
29916
11703
11704
29917
29918
12125
43863
43587
43589
12126
30128
30129
11737
43395
11738
11733
43393
11734
11729
43391
11730
11725
43389
11726
11721
43387
11722
11717
43385
11718
11713
43383
11714
11709
43381
11710
44288
44290
44292
44294
44296
11711
11712
29922
44298
44300
44302
44304
44306
44308
44310
44312
44314
44316
44318
44320
44322
44324
44326
44328
44330
44332
44334
44336
44338
44340
44342
44344
44346
44348
44350
44352
44354
44356
44358
44360
44362
44364
44366
44368
44370
44372
44374
44376
44378
44380
44382
44384
44386
44388
44390
44392
11715
11716
29923
29924
11719
11720
29925
29926
11723
11724
29927
29928
11727
11728
29929
29930
11731
11732
29931
29932
11735
11736
29933
29934
11739
11740
29935
29936
12129
43861
43583
43585
12130
30130
30131
11773
42931
11774
11769
42929
11770
11765
42927
11766
11761
42925
11762
11757
42923
11758
11753
42921
11754
11749
42919
11750
11745
42917
11746
11747
11748
29694
29940
11751
11752
29713
29941
29942
11755
11756
29732
29943
29944
11759
11760
29751
29945
29946
11763
11764
29770
29947
29948
11767
11768
29789
29949
29950
11771
11772
29808
29951
29952
11775
11776
29827
29953
29954
12133
43859
43579
43581
12134
30132
30133
12019
42965
12020
12013
12014
12009
12010
44394
12005
12006
44396
12001
12002
44398
11997
11998
44400
11993
43575
11994
44402
11989
44404
44406
44408
44410
44412
44414
44416
44418
44420
43569
11990
44422
11985
44424
43565
11986
11987
11988
30060
44426
11991
11992
30061
30062
11995
11996
30063
30064
11999
44423
12000
30065
30066
12003
44403
12004
30067
30068
12007
44401
12008
30069
30070
12011
44399
12012
30071
30072
12015
44397
12016
30073
30074
11901
42961
11902
11895
44428
43561
11896
11891
44430
43553
11892
44432
11887
44434
43551
11888
44436
11883
44438
43547
11884
44440
11879
44442
43543
11880
44444
11875
44446
43539
11876
44448
11871
44450
43533
11872
44452
11867
44454
43531
11868
11869
11870
30001
44456
11873
11874
30002
30003
11877
11878
30004
30005
11881
44453
11882
30006
30007
11885
44449
11886
30008
30009
11889
44445
11890
30010
30011
11893
44441
11894
30012
30013
11897
44437
11898
30014
30015
11783
42957
11784
11777
44458
42953
11778
11741
44460
43529
11742
44462
11705
44464
43527
11706
44466
11669
44468
43525
11670
44470
11633
44472
43521
11634
44474
11597
44476
43517
11598
44478
11561
44480
43513
11562
44482
11525
44484
43509
11526
11527
11528
28565
29830
44486
11563
11564
28624
29831
29848
11599
11600
28683
29849
29866
11635
44483
11636
28742
29867
29884
11671
44479
11672
28801
29885
29902
11707
44475
11708
28860
29903
29920
11743
44471
11744
28919
29921
29938
11779
44467
11780
28978
29939
29956
11785
44463
43619
43621
11786
29959
11903
44433
43635
43637
11904
29960
30018
12021
44395
43631
43633
12022
30019
30077
12139
43857
43627
43629
12140
30078
30136
17829
43855
43653
43655
17830
32980
14127
14128
14121
14122
14115
14116
44488
14109
14110
14111
14112
31122
44490
44492
44494
44496
14117
14118
31123
31125
14123
14124
31126
31128
14129
44489
14130
31129
31131
17849
43853
43667
43669
17850
32981
32990
14189
14190
14183
43607
14184
14177
44498
44500
44502
44504
44506
43611
14178
44508
14171
44510
44512
44514
44516
44518
44520
43613
14172
14173
14174
31153
44522
14179
14180
31154
31156
14185
14186
31157
31159
14191
44509
14192
31160
31162
17869
43851
43663
43665
17870
32991
33000
14251
14252
14245
14246
14239
43623
14240
44524
14233
44526
43617
14234
14235
14236
31184
44528
44530
44532
14241
14242
31185
31187
14247
14248
31188
31190
14253
44525
14254
31191
31193
17889
43849
43659
43661
17890
28981
33001
33010
20599
43847
43707
43709
20600
34364
17907
17908
17903
43643
17904
17899
44534
44536
44538
44540
44542
44544
44546
43639
17900
44548
17895
44550
43641
17896
17897
17898
33014
44552
17901
17902
33015
33016
17905
17906
33017
33018
17909
44549
17910
29984
33019
33020
20619
43845
43703
43705
20620
34365
34374
17927
17928
17923
17924
17919
43647
17920
44554
17915
43649
17916
17917
17918
33024
44556
17921
17922
33025
33026
17925
17926
33027
33028
17929
44555
17930
30043
33029
33030
20639
43843
43699
43701
20640
34375
34384
17947
17948
17943
17944
17939
17940
44558
17935
17936
17937
17938
32979
33034
17941
17942
32989
33035
33036
17945
17946
32999
33037
33038
17949
44559
17950
30102
33009
33039
33040
20659
43841
43695
43697
20660
34385
34394
22413
43837
43747
43749
22414
35270
20677
20678
20673
43675
20674
20669
44560
44562
44564
44566
44568
44570
44572
44574
44576
43671
20670
44578
20665
44580
43673
20666
20667
20668
34398
44582
20671
20672
34399
34400
20675
20676
34401
34402
20679
44579
20680
34403
34404
22433
43833
43743
43745
22434
35271
35280
20697
43677
20698
20693
44584
43679
20694
20689
44586
43683
20690
44588
20685
20686
20687
20688
34408
44590
20691
20692
34409
34410
20695
20696
34411
34412
20699
44589
20700
34413
34414
22453
43831
43739
43741
22454
35281
35290
20717
43685
20718
20713
44592
43687
20714
20709
44594
43691
20710
44596
20705
44598
43693
20706
20707
20708
34363
34418
44600
44602
44604
20711
20712
34373
34419
34420
20715
20716
34383
34421
34422
20719
44597
20720
34393
34423
34424
22473
43813
43735
43737
22474
35291
35300
23087
43811
43781
43783
23088
35606
22491
43719
22492
22487
44606
44608
44610
44612
44614
44616
44618
43711
22488
22483
44620
43715
22484
44622
22479
44624
43717
22480
22481
22482
35304
44626
22485
22486
35305
35306
22489
22490
35307
35308
22493
44623
22494
35309
35310
23107
43809
43825
43827
23108
35607
35616
22511
43721
22512
22507
44628
43723
22508
22503
44630
43727
22504
44632
22499
44634
43729
22500
22501
22502
35314
44636
22505
22506
35315
35316
22509
22510
35317
35318
22513
44633
22514
35319
35320
23127
43797
43821
43823
23128
35617
35626
22531
22532
22527
22528
22523
22524
44638
22519
22520
22521
22522
35269
35324
22525
22526
35279
35325
35326
22529
22530
35289
35327
35328
22533
44639
22534
35299
35329
35330
23147
43795
43817
43819
23148
35627
35636
24007
43793
24008
36054
23165
43759
23166
23161
44640
44642
44644
44646
44648
44650
44652
44654
44656
43751
23162
23157
44658
43755
23158
44660
23153
44662
43757
23154
23155
23156
35640
44664
23159
23160
35641
35642
23163
23164
35643
35644
23167
44661
23168
35645
35646
24011
43791
24012
36055
36056
23185
43763
23186
23181
44666
44668
43765
23182
23177
44670
43769
23178
44672
23173
44674
43771
23174
23175
23176
35650
44676
23179
23180
35651
35652
23183
23184
35653
35654
23187
44673
23188
35655
35656
24015
43789
24016
36057
36058
23205
23206
23201
43785
23202
23197
44678
44680
43777
23198
44682
23193
44684
43779
23194
23195
23196
35605
35660
44686
44688
44690
23199
23200
35615
35661
35662
23203
23204
35625
35663
35664
23207
44683
23208
35635
35665
35666
24019
43787
24020
36059
36060
24000
43805
24001
23996
43803
23997
23992
43801
23993
23988
43799
23989
22872
22873
22852
22853
22832
22833
44692
44694
44696
44698
44700
22812
22813
44702
22006
22007
44704
21986
21987
44706
21966
43829
21967
44708
21946
21947
44710
19340
44712
44714
44716
44718
44720
44722
44724
44726
44728
44730
44732
44734
44736
43835
19341
44738
19320
44740
43839
19321
44742
19300
19301
44744
19280
19281
44746
16478
16479
44748
16458
16459
44750
16438
16439
44752
16418
16419
44754
13133
13134
44756
13129
13130
44758
13125
13126
44760
13121
13122
44762
13117
44764
44393
13118
44766
13113
44768
44167
13114
44770
13109
44772
44129
13110
44774
13105
44776
44091
13106
44778
13101
44780
44053
13102
12765
43923
12766
12761
43921
12762
12759
12760
12755
43919
12756
12751
43917
12752
12747
43915
12748
44782
12743
43913
12744
44784
12739
43911
12740
44786
12735
43909
12736
44788
12731
43907
12732
44790
12237
43905
12238
44792
12233
43903
12234
44794
44796
44798
44800
44802
12173
44804
44806
44808
44810
44812
44814
44816
44818
44820
44822
44824
44826
44033
12174
44828
12169
44830
43925
12170
26364
44832
12165
43927
12166
26347
44834
44836
12161
43929
12162
26330
44838
12157
43933
12158
26313
44840
12153
43937
12154
26296
44842
12149
43941
12150
26279
44844
12145
43945
12146
26262
44846
12141
43949
12142
26245
12143
44029
44031
12144
29003
29487
30138
12147
44025
44027
12148
29009
29493
30139
30140
12151
44021
44023
12152
29015
29499
30141
30142
12155
44847
44017
44019
12156
29021
29505
30143
30144
12159
44845
44013
44015
12160
29027
29511
30145
30146
12163
44843
44007
44011
12164
29033
29517
30147
30148
12167
44841
44003
44005
12168
29039
29523
30149
30150
12171
44839
43993
43995
12172
29045
29529
30151
30152
12175
44837
43983
43991
12176
29047
30154
12235
44835
43959
12236
30184
12229
43981
12230
12225
43979
12226
12227
43957
12228
30180
12221
43977
12222
12217
43975
12218
12219
43955
12220
30176
12213
43973
12214
12209
43971
12210
12211
43953
12212
30172
12205
43969
12206
12201
43961
12202
12203
43963
12204
30168
12197
43965
12198
12193
43967
12194
12195
43985
12196
30164
12189
43989
12190
12185
43987
12186
12187
43997
12188
30160
12181
44001
12182
12177
43999
12178
12179
44009
12180
30155
30156
12183
12184
30158
44848
44850
44852
44854
44856
44858
44860
44862
44864
44866
44868
44870
44872
44874
44876
44878
44880
44882
44884
44886
44888
44890
44892
44894
44896
12191
12192
30159
30162
12199
12200
30163
30166
12207
12208
30167
30170
12215
12216
30171
30174
12223
12224
30175
30178
12231
12232
30179
30182
12239
44801
44035
12240
30183
30186
12733
44799
12734
30433
12273
44051
12274
12269
44049
12270
12265
44047
12266
12261
44045
12262
12257
44043
12258
12253
44041
12254
12249
44039
12250
12245
44037
12246
44898
44900
44902
44904
44906
44908
44910
44912
44914
44916
12247
12248
30190
44918
12251
12252
30191
30192
12255
12256
30193
30194
12259
12260
30195
30196
12263
12264
30197
30198
12267
12268
30199
30200
12271
12272
30201
30202
12275
44057
12276
30203
30204
12737
44797
12738
30434
30435
12309
44089
12310
12305
44087
12306
12301
44085
12302
12297
44083
12298
12293
44081
12294
12289
44079
12290
12285
44077
12286
12281
44075
12282
12283
12284
30208
12287
12288
30209
30210
12291
12292
30211
30212
12295
12296
30213
30214
12299
12300
30215
30216
12303
12304
30217
30218
12307
12308
30219
30220
12311
44055
12312
30221
30222
12741
44795
12742
30436
30437
12345
44073
12346
12341
44071
12342
12337
44069
12338
12333
44067
12334
12329
44065
12330
12325
44063
12326
12321
44061
12322
12317
44059
12318
12319
12320
30226
12323
12324
30227
30228
12327
12328
30229
30230
12331
12332
30231
30232
12335
12336
30233
30234
12339
12340
30235
30236
12343
12344
30237
30238
12347
44095
12348
30239
30240
12745
44793
12746
30438
30439
12381
44127
12382
12377
44125
12378
12373
44123
12374
12369
44121
12370
12365
44119
12366
12361
44117
12362
12357
44115
12358
12353
44113
12354
12355
12356
30244
44920
44922
44924
44926
44928
44930
44932
44934
44936
44938
44940
44942
44944
44946
44948
44950
44952
44954
44956
44958
44960
44962
12359
12360
30245
30246
12363
12364
30247
30248
12367
12368
30249
30250
12371
12372
30251
30252
12375
12376
30253
30254
12379
12380
30255
30256
12383
44093
12384
30257
30258
12749
44791
12750
30440
30441
12417
44111
12418
12413
44109
12414
12409
44107
12410
12405
44105
12406
12401
44103
12402
12397
44101
12398
12393
44099
12394
12389
44097
12390
12391
12392
30262
44964
44966
44968
44970
44972
44974
44976
44978
44980
44982
44984
44986
44988
44990
44992
12395
12396
30263
30264
12399
12400
30265
30266
12403
12404
30267
30268
12407
12408
30269
30270
12411
12412
30271
30272
12415
12416
30273
30274
12419
44133
12420
30275
30276
12753
44789
12754
30442
30443
12453
44165
12454
12449
44163
12450
12445
44161
12446
12441
44159
12442
12437
44157
12438
12433
44155
12434
12429
44153
12430
12425
44151
12426
12427
12428
30280
12431
12432
30281
30282
12435
12436
30283
30284
12439
12440
30285
30286
12443
12444
30287
30288
12447
12448
30289
30290
12451
12452
30291
30292
12455
44131
12456
30293
30294
12757
44787
12758
30444
30445
12491
44149
12492
12487
44147
12488
12483
44145
12484
12479
44143
12480
12475
44141
12476
12471
44139
12472
12467
44137
12468
12463
44135
12464
12465
12466
30157
30299
44994
44996
44998
45000
45002
45004
45006
45008
45010
45012
45014
45016
45018
45020
45022
45024
45026
45028
45030
12469
12470
30161
30300
30301
12473
12474
30165
30302
30303
12477
12478
30169
30304
30305
12481
12482
30173
30306
30307
12485
12486
30177
30308
30309
12489
12490
30181
30310
30311
12493
44169
12494
30185
30312
30313
12763
44785
12764
30446
30447
30448
12727
44391
12728
12723
44389
12724
12721
12722
12717
44387
12718
12713
44385
12714
12709
44383
12710
12705
44381
12706
12701
44379
12702
12697
44377
12698
12693
44375
12694
12695
12696
30414
12699
12700
30415
30416
12703
12704
30417
30418
12707
12708
30419
30420
12711
12712
30421
30422
12715
12716
30423
30424
12719
12720
30425
30426
12725
12726
30427
30428
30429
12689
44373
12690
12685
44371
12686
12683
12684
12679
44369
12680
12675
44367
12676
12671
44365
12672
12667
44363
12668
12663
44361
12664
12659
44359
12660
12655
44357
12656
12657
12658
30395
12661
12662
30396
30397
12665
12666
30398
30399
12669
12670
30400
30401
12673
12674
30402
30403
12677
12678
30404
30405
12681
12682
30406
30407
12687
12688
30408
30409
30410
12651
44355
12652
12647
44353
12648
12645
12646
12641
44351
12642
12637
44349
12638
12633
44347
12634
12629
44345
12630
12625
44343
12626
12621
44341
12622
12617
44339
12618
12619
12620
30376
12623
12624
30377
30378
12627
12628
30379
30380
12631
12632
30381
30382
12635
12636
30383
30384
12639
12640
30385
30386
12643
12644
30387
30388
12649
12650
30389
30390
30391
12613
44337
12614
12609
44335
12610
12607
12608
12603
44333
12604
12599
44331
12600
12595
44329
12596
12591
44327
12592
12587
44325
12588
12583
44209
12584
12579
44207
12580
12581
12582
30357
12585
12586
30358
30359
12589
12590
30360
30361
12593
12594
30362
30363
12597
12598
30364
30365
12601
12602
30366
30367
12605
12606
30368
30369
12611
12612
30370
30371
30372
12575
44205
12576
12571
44203
12572
12569
12570
12565
44201
12566
12561
44199
12562
12557
44197
12558
12553
44195
12554
12549
44193
12550
12545
44191
12546
12541
44189
12542
12543
12544
30338
12547
12548
30339
30340
12551
12552
30341
30342
12555
12556
30343
30344
12559
12560
30345
30346
12563
12564
30347
30348
12567
12568
30349
30350
12573
12574
30351
30352
30353
12537
44187
12538
12533
44185
12534
12531
12532
12527
44183
12528
12523
44181
12524
12519
44179
12520
12515
44177
12516
12511
44175
12512
12507
44173
12508
12503
44171
12504
12505
12506
30319
45032
45034
45036
45038
45040
45042
45044
45046
45048
45050
45052
45054
45056
45058
45060
45062
45064
45066
45068
45070
45072
45074
45076
45078
45080
45082
45084
45086
45088
45090
45092
45094
45096
45098
45100
45102
45104
45106
45108
45110
45112
45114
45116
45118
45120
45122
45124
45126
45128
45130
45132
12509
12510
30320
30321
12513
12514
30322
30323
12517
12518
30324
30325
12521
12522
30326
30327
12525
12526
30328
30329
12529
12530
30330
30331
12535
12536
30332
30333
30334
12499
44323
12500
12495
44321
12496
12461
12462
12457
44287
12458
12421
44285
12422
12385
44283
12386
12349
44281
12350
12313
44279
12314
12277
44277
12278
12241
44275
12242
12243
12244
30187
30188
12279
12280
30189
30205
30206
12315
12316
30207
30223
30224
12351
12352
30225
30241
30242
12387
12388
30243
30259
30260
12423
12424
30261
30277
30278
12459
12460
30279
30295
30296
12497
12498
30297
30298
30314
30315
12501
12502
30317
12539
12540
30318
30336
12577
12578
30337
30355
12615
12616
30356
30374
12653
12654
30375
30393
12691
12692
30394
30412
12729
12730
30413
30431
12767
44783
12768
30432
30450
13103
44833
44487
44521
13104
30618
12801
44273
12802
12797
44271
12798
12793
44269
12794
12789
44267
12790
12785
44265
12786
12781
44263
12782
12777
44261
12778
12773
44259
12774
12775
12776
30454
12779
12780
30455
30456
12783
12784
30457
30458
12787
12788
30459
30460
12791
12792
30461
30462
12795
12796
30463
30464
12799
12800
30465
30466
12803
12804
30467
30468
13107
44829
44517
44519
13108
30619
30620
12837
44257
12838
12833
44239
12834
12829
44237
12830
12825
44235
12826
12821
44233
12822
12817
44231
12818
12813
44229
12814
12809
44227
12810
12811
12812
30472
12815
12816
30473
30474
12819
12820
30475
30476
12823
12824
30477
30478
12827
12828
30479
30480
12831
12832
30481
30482
12835
12836
30483
30484
12839
12840
30485
30486
13111
44803
44513
44515
13112
30621
30622
12873
44225
12874
12869
44223
12870
12865
44221
12866
12861
44219
12862
12857
44217
12858
12853
44215
12854
12849
44213
12850
12845
44211
12846
12847
12848
30490
12851
12852
30491
30492
12855
12856
30493
30494
12859
12860
30495
30496
12863
12864
30497
30498
12867
12868
30499
30500
12871
12872
30501
30502
12875
12876
30503
30504
13115
44779
44507
44511
13116
30623
30624
12909
44255
12910
12905
44253
12906
12901
44251
12902
12897
44249
12898
12893
44247
12894
12889
44245
12890
12885
44243
12886
12881
44241
12882
12883
12884
30508
12887
12888
30509
30510
12891
12892
30511
30512
12895
12896
30513
30514
12899
12900
30515
30516
12903
12904
30517
30518
12907
12908
30519
30520
12911
12912
30521
30522
13119
44775
44503
44505
13120
30625
30626
12945
44319
12946
12941
44317
12942
12937
44315
12938
12933
44313
12934
12929
44311
12930
12925
44309
12926
12921
44307
12922
12917
44305
12918
12919
12920
30526
45134
45136
45138
45140
45142
45144
45146
45148
45150
45152
45154
45156
45158
45160
45162
45164
45166
45168
45170
45172
45174
45176
45178
45180
45182
45184
45186
45188
45190
45192
45194
12923
12924
30527
30528
12927
12928
30529
30530
12931
12932
30531
30532
12935
12936
30533
30534
12939
12940
30535
30536
12943
12944
30537
30538
12947
12948
30539
30540
13123
44771
44499
44501
13124
30627
30628
12981
44303
12982
12977
44301
12978
12973
44299
12974
12969
44297
12970
12965
44295
12966
12961
44293
12962
12957
44291
12958
12953
44289
12954
12955
12956
30544
12959
12960
30545
30546
12963
12964
30547
30548
12967
12968
30549
30550
12971
12972
30551
30552
12975
12976
30553
30554
12979
12980
30555
30556
12983
12984
30557
30558
13127
44767
44495
44497
13128
30629
30630
13017
44419
13018
13013
44417
13014
13009
44415
13010
13005
44413
13006
13001
44411
13002
12997
44409
12998
12993
44407
12994
12989
44405
12990
12991
12992
30316
30562
45196
45198
45200
45202
45204
45206
45208
45210
45212
45214
12995
12996
30335
30563
30564
12999
13000
30354
30565
30566
13003
13004
30373
30567
30568
13007
13008
30392
30569
30570
13011
13012
30411
30571
30572
13015
13016
30430
30573
30574
13019
13020
30449
30575
30576
13131
44763
44491
44493
13132
30631
30632
13097
13098
13093
13094
13089
13090
45216
13085
13086
45218
13081
13082
45220
13077
13078
45222
13073
44421
13074
45224
13069
45226
45228
45230
45232
45234
45236
45238
45240
45242
45244
45246
45248
45250
45252
45254
45256
45258
45260
45262
45264
45266
45268
45270
45272
45274
44425
13070
45276
13065
45278
45280
45282
45284
44427
13066
13067
13068
30600
45286
13071
13072
30601
30602
13075
13076
30603
30604
13079
45277
13080
30605
30606
13083
45225
13084
30607
30608
13087
45223
13088
30609
30610
13091
45221
13092
30611
30612
13095
45219
13096
30613
30614
13061
44429
13062
13057
45288
44431
13058
13053
45290
44435
13054
45292
13049
45294
44439
13050
45296
13045
45298
44443
13046
45300
13041
45302
44447
13042
45304
13037
45306
44451
13038
45308
13033
45310
44455
13034
45312
13029
45314
44457
13030
13031
13032
30582
45316
13035
13036
30583
30584
13039
13040
30585
30586
13043
45313
13044
30587
30588
13047
45309
13048
30589
30590
13051
45305
13052
30591
30592
13055
45301
13056
30593
30594
13059
45297
13060
30595
30596
13025
44459
13026
13021
45318
44461
13022
12985
45320
44465
12986
45322
12949
45324
44469
12950
45326
12913
45328
44473
12914
45330
12877
45332
44477
12878
45334
12841
45336
44481
12842
45338
12805
45340
44485
12806
45342
12769
12770
12771
12772
29345
30452
45344
45346
45348
12807
12808
29363
30453
30470
12843
12844
29381
30471
30488
12879
45343
12880
29399
30489
30506
12915
45339
12916
29417
30507
30524
12951
45335
12952
29435
30525
30542
12987
45331
12988
29453
30543
30560
13023
45327
13024
29471
30561
30578
13027
45323
44529
44531
13028
30580
13063
45293
44543
44545
13064
30581
30598
13099
45217
44539
44541
13100
30599
30616
13135
44761
44535
44537
13136
30617
30634
16420
44759
44573
44575
16421
32276
14143
14144
14139
14140
14135
14136
45350
14131
14132
14133
14134
31133
45352
45354
45356
45358
45360
45362
45364
45366
45368
14137
14138
31134
31135
14141
14142
31136
31137
14145
45351
14146
31138
31139
16440
44757
44569
44571
16441
32277
32286
14205
14206
14201
14202
14197
14198
45370
14193
44523
14194
14195
14196
31164
14199
14200
31165
31166
14203
14204
31167
31168
14207
45371
14208
31169
31170
16460
44755
44565
44567
16461
32287
32296
14267
14268
14263
14264
14259
44527
14260
45372
14255
45374
44533
14256
14257
14258
31195
45376
45378
45380
45382
45384
45386
45388
14261
14262
31196
31197
14265
14266
31198
31199
14269
45373
14270
31200
31201
16480
44753
44561
44563
16481
29473
32297
32306
19282
44751
44601
44603
19283
33706
16498
16499
16494
44547
16495
16490
44551
16491
45390
16486
45392
45394
45396
45398
45400
45402
45404
44553
16487
16488
16489
32310
45406
16492
16493
32311
32312
16496
16497
32313
32314
16500
45391
16501
30000
32315
32316
19302
44749
44615
44617
19303
33707
33716
16518
16519
16514
16515
16510
16511
45408
16506
44557
16507
16508
16509
32320
45410
16512
16513
32321
32322
16516
16517
32323
32324
16520
45409
16521
30059
32325
32326
19322
44747
44611
44613
19323
33717
33726
16538
16539
16534
16535
16530
16531
45412
16526
16527
16528
16529
32275
32330
16532
16533
32285
32331
32332
16536
16537
32295
32333
32334
16540
45413
16541
30118
32305
32335
32336
19342
44745
44607
44609
19343
33727
33736
21948
44743
44655
44657
21949
35038
19360
19361
19356
44577
19357
19352
44581
19353
45414
19348
45416
45418
45420
45422
45424
45426
45428
45430
45432
44583
19349
19350
19351
33740
45434
19354
19355
33741
33742
19358
19359
33743
33744
19362
45415
19363
33745
33746
21968
44739
44651
44653
21969
35039
35048
19380
44585
19381
19376
45436
44587
19377
19372
19373
45438
19368
45440
44591
19369
19370
19371
33750
45442
19374
19375
33751
33752
19378
19379
33753
33754
19382
45439
19383
33755
33756
21988
44711
44647
44649
21989
35049
35058
19400
45444
44593
19401
19396
45446
44595
19397
19392
45448
44599
19393
45450
19388
45452
44605
19389
19390
19391
33705
33760
19394
19395
33715
33761
33762
19398
19399
33725
33763
33764
19402
45451
19403
33735
33765
33766
22008
44709
44643
44645
22009
35059
35068
22814
44707
44687
44689
22815
35470
22026
44619
22027
22022
45454
45456
45458
45460
45462
45464
45466
45468
45470
44621
22023
22018
45472
44625
22019
45474
22014
45476
44627
22015
45478
22016
22017
35072
45480
22020
22021
35073
35074
22024
22025
35075
35076
22028
45475
22029
35077
35078
22834
44705
44733
44735
22835
35471
35480
22046
44629
22047
22042
45482
44631
22043
22038
45484
44635
22039
45486
22034
45488
44637
22035
22036
22037
35082
45490
22040
22041
35083
35084
22044
22045
35085
35086
22048
45487
22049
35087
35088
22854
44703
44729
44731
22855
35481
35490
22066
22067
22062
22063
22058
22059
45492
22054
22055
22056
22057
35037
35092
22060
22061
35047
35093
35094
22064
22065
35057
35095
35096
22068
45493
22069
35067
35097
35098
22874
44701
44725
44727
22875
35491
35500
23990
44699
23991
36046
22892
22893
22888
44659
22889
22884
45494
44663
22885
45496
22880
45498
45500
45502
45504
45506
45508
45510
45512
45514
44665
22881
45516
22882
22883
35504
45518
22886
22887
35505
35506
22890
22891
35507
35508
22894
45497
22895
35509
35510
23994
44697
23995
36047
36048
22912
44669
22913
22908
45520
45522
44671
22909
22904
45524
44675
22905
45526
22900
45528
44677
22901
22902
22903
35514
45530
22906
22907
35515
35516
22910
22911
35517
35518
22914
45527
22915
35519
35520
23998
44695
23999
36049
36050
22932
22933
22928
44681
22929
22924
44685
22925
45532
22920
45534
45536
44691
22921
45538
22922
22923
35469
35524
45540
22926
22927
35479
35525
35526
22930
22931
35489
35527
35528
22934
45533
22935
35499
35529
35530
24002
44693
24003
36051
36052
23983
44719
23984
23979
44717
23980
23975
44715
23976
23971
44713
23972
22535
22536
22515
22516
22495
22496
45542
45544
45546
45548
45550
22475
22476
45552
20721
20722
45554
20701
20702
45556
20681
20682
45558
20661
44737
20662
45560
17951
45562
45564
45566
45568
45570
45572
45574
45576
45578
45580
45582
45584
45586
44741
17952
45588
17931
17932
45590
17911
17912
45592
17891
17892
45594
14289
14290
45596
14283
14284
45598
14279
14280
45600
14275
14276
45602
14271
14272
45604
13985
13986
13981
45283
13982
28944
13977
45281
13978
28941
13973
45279
13974
28938
13969
45275
13970
28935
13965
45273
13966
28932
45606
13961
45271
13962
28929
45608
13957
45269
13958
28926
45610
13953
45267
13954
28923
45612
13459
45265
13460
27632
45614
13455
45029
13456
27629
45616
13451
45027
13452
27602
45618
13447
45025
13448
27599
45620
13443
45023
13444
27596
45622
13439
45021
13440
27593
45624
13435
45019
13436
27590
13431
45017
13432
27587
13427
45015
13428
27584
13141
44891
13142
27034
45626
13137
13138
26503
13139
44893
44895
13140
29531
30153
30636
13143
44863
13144
27033
30638
13429
13430
30781
13149
44889
13150
27064
13151
44861
13152
27063
30642
13433
13434
30782
30783
13157
44887
13158
27094
13159
44859
13160
27093
30646
13437
13438
30784
30785
13165
44885
13166
27124
13167
44857
13168
27123
30650
13441
13442
30786
30787
13173
44883
13174
27154
13175
44855
13176
27153
30654
13445
13446
30788
30789
13181
44881
13182
27184
13183
44853
13184
27183
30658
13449
13450
30790
30791
13189
44879
13190
27214
13191
44851
13192
27213
30662
45628
13453
13454
30792
30793
13197
44825
13198
27244
13199
44849
13200
27243
30637
30666
13457
45033
13458
27628
30794
30795
13425
13426
13421
45263
13422
27580
13417
45013
13418
27577
13413
45011
13414
27550
13409
45009
13410
27547
13405
45007
13406
27544
13401
45005
13402
27541
13397
45003
13398
27538
13393
45001
13394
27535
13389
44999
13390
27532
13391
13392
30762
45630
13395
13396
30763
30764
13399
13400
30765
30766
13403
13404
30767
30768
13407
13408
30769
30770
13411
13412
30771
30772
13415
13416
30773
30774
13419
44997
13420
27576
30775
30776
13385
45261
13386
27529
13381
44991
13382
27526
13377
44989
13378
27499
13373
44987
13374
27496
13369
44985
13370
27493
13365
44983
13366
27490
13361
44981
13362
27487
13357
44979
13358
27484
13353
44977
13354
27481
13355
13356
30744
45632
13359
13360
30745
30746
13363
13364
30747
30748
13367
13368
30749
30750
13371
13372
30751
30752
13375
13376
30753
30754
13379
13380
30755
30756
13383
44995
13384
27525
30757
30758
13349
45259
13350
27478
13345
44975
13346
27475
13341
44973
13342
27448
13337
44971
13338
27445
13333
44969
13334
27442
13329
44967
13330
27439
13325
44963
13326
27436
13321
44961
13322
27433
13317
44959
13318
27430
13319
13320
30726
13323
13324
30727
30728
13327
13328
30729
30730
13331
13332
30731
30732
13335
13336
30733
30734
13339
13340
30735
30736
13343
13344
30737
30738
13347
44965
13348
27474
30739
30740
13313
45257
13314
27427
13309
44957
13310
27424
13305
44955
13306
27397
13301
44953
13302
27394
13297
44951
13298
27391
13293
44949
13294
27388
13289
44947
13290
27385
13285
44945
13286
27382
13281
44943
13282
27379
13283
13284
30708
45634
13287
13288
30709
30710
13291
13292
30711
30712
13295
13296
30713
30714
13299
13300
30715
30716
13303
13304
30717
30718
13307
13308
30719
30720
13311
44925
13312
27423
30721
30722
13277
45255
13278
27376
13273
44941
13274
27373
13269
44939
13270
27346
13265
44937
13266
27343
13261
44935
13262
27340
13257
44933
13258
27337
13253
44931
13254
27334
13249
44929
13250
27331
13245
44927
13246
27328
13247
13248
30690
13251
13252
30691
30692
13255
13256
30693
30694
13259
13260
30695
30696
13263
13264
30697
30698
13267
13268
30699
30700
13271
13272
30701
30702
13275
44923
13276
27372
30703
30704
13241
45253
13242
27325
13237
44915
13238
27322
13233
44913
13234
27295
13229
44911
13230
27292
13225
44909
13226
27289
13221
44907
13222
27286
13217
44905
13218
27283
13213
44903
13214
27280
13209
44901
13210
27277
13211
13212
30672
45636
13215
13216
30673
30674
13219
13220
30675
30676
13223
13224
30677
30678
13227
13228
30679
30680
13231
13232
30681
30682
13235
13236
30683
30684
13239
44921
13240
27321
30685
30686
13205
45251
13206
27274
13201
44823
13202
27271
13193
44877
13194
27217
13185
44875
13186
27187
13177
44873
13178
27157
13169
44871
13170
27127
13161
44869
13162
27097
13153
44867
13154
27067
13145
44865
13146
27037
13147
13148
30639
30640
13155
13156
30641
30643
30644
13163
13164
30645
30647
30648
13171
13172
30649
30651
30652
13179
13180
30653
30655
30656
13187
13188
30657
30659
30660
13195
13196
30661
30663
30664
13203
44899
13204
27270
30665
30667
30668
13207
13208
30670
13243
13244
30671
30688
13279
13280
30689
30706
13315
13316
30707
30724
13351
13352
30725
30742
13387
13388
30743
30760
13423
13424
30761
30778
13461
45623
13462
30779
30780
30797
13955
45621
13956
31044
13497
45249
13498
27660
13495
13496
13491
45247
13492
27656
13487
45245
13488
27653
13483
45243
13484
27650
13479
45133
13480
27647
13475
45131
13476
27644
13471
45129
13472
27641
13467
45127
13468
27638
13469
13470
30801
13473
13474
30802
30803
13477
13478
30804
30805
13481
13482
30806
30807
13485
13486
30808
30809
13489
13490
30810
30811
13493
13494
30812
30813
13499
13500
30814
30815
30816
13959
45619
13960
31045
31046
13535
45125
13536
27688
13533
13534
13529
45123
13530
27684
13525
45121
13526
27681
13521
45119
13522
27678
13517
45117
13518
27675
13513
45115
13514
27672
13509
45113
13510
27669
13505
45111
13506
27666
13507
13508
30820
13511
13512
30821
30822
13515
13516
30823
30824
13519
13520
30825
30826
13523
13524
30827
30828
13527
13528
30829
30830
13531
13532
30831
30832
13537
13538
30833
30834
30835
13963
45617
13964
31047
31048
13573
45109
13574
27716
13571
13572
13567
45107
13568
27712
13563
45105
13564
27709
13559
45103
13560
27706
13555
45101
13556
27703
13551
45099
13552
27700
13547
45097
13548
27697
13543
45095
13544
27694
13545
13546
30839
13549
13550
30840
30841
13553
13554
30842
30843
13557
13558
30844
30845
13561
13562
30846
30847
13565
13566
30848
30849
13569
13570
30850
30851
13575
13576
30852
30853
30854
13967
45615
13968
31049
31050
13611
45093
13612
27744
13609
13610
13605
45091
13606
27740
13601
45089
13602
27737
13597
45087
13598
27734
13593
45085
13594
27731
13589
45083
13590
27728
13585
45081
13586
27725
13581
45079
13582
27722
13583
13584
30858
13587
13588
30859
30860
13591
13592
30861
30862
13595
13596
30863
30864
13599
13600
30865
30866
13603
13604
30867
30868
13607
13608
30869
30870
13613
13614
30871
30872
30873
13971
45613
13972
31051
31052
13649
45077
13650
27772
13647
13648
13643
45075
13644
27768
13639
45073
13640
27765
13635
45071
13636
27762
13631
45069
13632
27759
13627
45067
13628
27756
13623
45065
13624
27753
13619
45063
13620
27750
13621
13622
30877
13625
13626
30878
30879
13629
13630
30880
30881
13633
13634
30882
30883
13637
13638
30884
30885
13641
13642
30886
30887
13645
13646
30888
30889
13651
13652
30890
30891
30892
13975
45611
13976
31053
31054
13687
45061
13688
27800
13685
13686
13681
45059
13682
27796
13677
45057
13678
27793
13673
45055
13674
27790
13669
45053
13670
27787
13665
45051
13666
27784
13661
45049
13662
27781
13657
45047
13658
27778
13659
13660
30896
13663
13664
30897
30898
13667
13668
30899
30900
13671
13672
30901
30902
13675
13676
30903
30904
13679
13680
30905
30906
13683
13684
30907
30908
13689
13690
30909
30910
30911
13979
45609
13980
31055
31056
13725
44821
13726
27828
13723
13724
13719
44819
13720
27824
13715
44817
13716
27821
13711
44815
13712
27818
13707
44813
13708
27815
13703
44811
13704
27812
13699
44809
13700
27809
13695
44807
13696
27806
13697
13698
30669
30915
13701
13702
30687
30916
30917
13705
13706
30705
30918
30919
13709
13710
30723
30920
30921
13713
13714
30741
30922
30923
13717
13718
30759
30924
30925
13721
13722
30777
30926
30927
13727
13728
30796
30928
30929
30930
13983
45607
13984
31057
31058
13949
13950
13945
45241
13946
28885
13941
45239
13942
28882
13937
45237
13938
28879
13933
45235
13934
28876
13929
45233
13930
28873
13925
45231
13926
28870
13921
45229
13922
28867
13917
45227
13918
28864
13919
13920
31026
13923
13924
31027
31028
13927
13928
31029
31030
13931
13932
31031
31032
13935
13936
31033
31034
13939
13940
31035
31036
13943
13944
31037
31038
13947
13948
31039
31040
13913
13914
13909
45215
13910
28826
13905
45213
13906
28823
13901
45211
13902
28820
13897
45209
13898
28817
13893
45207
13894
28814
45638
13889
45205
13890
28811
13885
45203
13886
28808
13881
45201
13882
28805
13883
13884
31008
13887
13888
31009
31010
13891
13892
31011
31012
13895
13896
31013
31014
13899
13900
31015
31016
13903
13904
31017
31018
13907
13908
31019
31020
13911
13912
31021
31022
13877
13878
13873
45199
13874
28767
13869
45197
13870
28764
13865
45195
13866
28761
13861
45193
13862
28758
13857
45191
13858
28755
45640
13853
45189
13854
28752
45642
13849
45187
13850
28749
13845
45185
13846
28746
13847
13848
30990
13851
13852
30991
30992
13855
13856
30993
30994
13859
13860
30995
30996
13863
13864
30997
30998
13867
13868
30999
31000
13871
13872
31001
31002
13875
45641
13876
31003
31004
13841
13842
13837
45183
13838
28708
13833
45181
13834
28705
13829
45179
13830
28702
13825
45177
13826
28699
13821
45175
13822
28696
45644
13817
45173
13818
28693
45646
13813
45171
13814
28690
45648
13809
45169
13810
28687
13811
13812
30972
13815
13816
30973
30974
13819
13820
30975
30976
13823
13824
30977
30978
13827
13828
30979
30980
13831
13832
30981
30982
13835
45647
13836
30983
30984
13839
45645
13840
30985
30986
13805
13806
13801
45167
13802
28649
13797
45165
13798
28646
13793
45163
13794
28643
13789
45161
13790
28640
13785
45159
13786
28637
45650
13781
45157
13782
28634
45652
13777
45155
13778
28631
45654
13773
45153
13774
28628
13775
13776
30954
13779
13780
30955
30956
13783
13784
30957
30958
13787
13788
30959
30960
13791
13792
30961
30962
13795
45655
13796
30963
30964
13799
45653
13800
30965
30966
13803
45651
13804
30967
30968
45656
13769
13770
13765
45151
13766
28590
13761
45149
13762
28587
13757
45147
13758
28584
13753
45145
13754
28581
13749
45143
13750
28578
45658
13745
45141
13746
28575
45660
13741
45139
13742
28572
45662
13737
45137
13738
28569
13739
13740
30936
13743
13744
30937
30938
13747
13748
30939
30940
13751
13752
30941
30942
13755
13756
30943
30944
13759
45663
13760
30945
30946
13763
45661
13764
30947
30948
13767
45659
13768
30949
30950
45664
13733
13734
13729
44805
13730
27831
13691
45045
13692
27803
13653
45043
13654
27775
13615
45041
13616
27747
13577
45039
13578
27719
45666
13539
45037
13540
27691
45668
13501
45035
13502
27663
45670
13463
45135
13464
27635
13465
13466
30798
30799
13503
13504
30800
30817
30818
13541
13542
30819
30836
30837
13579
13580
30838
30855
30856
13617
13618
30857
30874
30875
13655
45671
13656
30876
30893
30894
13693
45669
13694
30895
30912
30913
13731
45667
13732
30914
30931
30932
13735
45345
45347
13736
30934
13771
45385
45387
13772
30935
30952
13807
45381
45383
13808
30953
30970
13843
45665
45369
45375
13844
30971
30988
13879
45657
45365
45367
13880
30989
31006
13915
45649
45361
45363
13916
31007
31024
13951
45643
45357
45359
13952
31025
31042
13987
45639
45353
45355
13988
31043
31060
14273
45627
45377
45379
14274
31203
14021
45349
14022
14017
45341
14018
14013
45337
14014
45672
14009
45333
14010
45674
14005
45676
45329
14006
45678
14001
45680
45325
14002
45682
13997
45684
45321
13998
45686
13993
45688
45317
13994
45690
13995
13996
31064
45692
13999
14000
31065
31066
14003
14004
31067
31068
14007
45687
14008
31069
31070
14011
45683
14012
31071
31072
14015
45679
14016
31073
31074
14019
45675
14020
31075
31076
14023
45673
14024
31077
31078
14277
45625
45401
45403
14278
31204
31205
14057
45694
45315
14058
14053
45696
45311
14054
14049
45698
45307
14050
45700
14045
45702
45303
14046
45704
14041
45706
45299
14042
45708
14037
45710
45295
14038
45712
14033
45714
45291
14034
45716
14029
45718
45287
14030
14031
14032
31082
45720
14035
14036
31083
31084
14039
14040
31085
31086
14043
45717
14044
31087
31088
14047
45713
14048
31089
31090
14051
45709
14052
31091
31092
14055
45705
14056
31093
31094
14059
45701
14060
31095
31096
14281
45605
45397
45399
14282
31206
31207
14093
45031
14094
14089
45722
44993
14090
14085
45724
44919
14086
45726
14081
45728
44917
14082
45730
14077
45732
44897
14078
45734
14073
45736
44831
14074
45738
14069
45740
44781
14070
45742
14065
45744
44827
14066
14067
14068
29829
31100
45746
45748
45750
14071
14072
29847
31101
31102
14075
14076
29865
31103
31104
14079
45743
14080
29883
31105
31106
14083
45739
14084
29901
31107
31108
14087
45735
14088
29919
31109
31110
14091
45731
14092
29937
31111
31112
14095
45727
14096
29955
31113
31114
14285
45603
45393
45395
14286
31208
31209
14227
44777
14228
14221
14222
14217
14218
45752
14213
14214
45754
14209
14210
14211
14212
31172
14215
14216
31173
31174
14219
14220
31175
31176
14223
45755
14224
31177
31178
14165
45756
45758
45760
45762
45764
45766
45768
45770
45772
45774
45776
45778
45780
45782
45784
44773
14166
14159
14160
14155
14156
45786
14151
14152
45788
14147
45790
45389
14148
14149
14150
31141
14153
14154
31142
31143
14157
14158
31144
31145
14161
45789
14162
31146
31147
14103
45792
44769
14104
14097
45794
44765
14098
14061
45796
45285
14062
45798
14025
45800
45289
14026
45802
13989
45804
45319
13990
13991
13992
31062
14027
14028
31063
31080
14063
14064
31081
31098
14099
45803
14100
31099
31116
14105
45799
45429
45431
14106
31119
14167
45787
45425
45427
14168
31120
31150
14229
45753
45421
45423
14230
31151
31181
14291
45601
45417
45419
14292
29957
31182
31212
17893
45599
45467
45469
17894
33012
14607
14608
14601
14602
14595
45806
45808
45810
45812
45814
45405
14596
45816
14589
45818
45820
45822
45824
45407
14590
45826
14591
14592
31362
45828
14597
14598
31363
31365
14603
14604
31366
31368
14609
45817
14610
30016
31369
31371
17913
45597
45463
45465
17914
33013
33022
14669
14670
14663
14664
14657
14658
45830
14651
45411
14652
14653
14654
31393
45832
14659
14660
31394
31396
14665
14666
31397
31399
14671
45831
14672
30075
31400
31402
17933
45595
45459
45461
17934
33023
33032
14731
14732
14725
14726
14719
14720
45834
14713
14714
14715
14716
30137
31424
14721
14722
31132
31425
31427
14727
14728
31163
31428
31430
14733
45835
14734
30134
31194
31431
31433
17953
45593
45455
45457
17954
33033
33042
20663
45591
45511
45513
20664
34396
17971
17972
17967
17968
17963
45433
17964
45836
17959
45435
17960
17961
17962
33046
45838
45840
45842
45844
45846
45848
45850
45852
45854
17965
17966
33047
33048
17969
17970
33049
33050
17973
45837
17974
33051
33052
20683
45589
45507
45509
20684
34397
34406
17991
45437
17992
17987
45856
45445
17988
17983
45858
45441
17984
45860
17979
45862
45443
17980
17981
17982
33056
45864
17985
17986
33057
33058
17989
17990
33059
33060
17993
45861
17994
33061
33062
20703
45561
45503
45505
20704
34407
34416
18011
45447
18012
18007
45449
18008
18003
45866
45453
18004
45868
17999
45870
45481
18000
45872
18001
18002
33011
33066
45874
45876
45878
18005
18006
33021
33067
33068
18009
18010
33031
33069
33070
18013
45869
18014
33041
33071
33072
20723
45559
45499
45501
20724
34417
34426
22477
45557
45541
45587
22478
35302
20741
45471
20742
20737
45473
20738
20733
45880
45882
45884
45886
45888
45890
45892
45477
20734
45894
20729
45896
45479
20730
20731
20732
34430
45898
20735
20736
34431
34432
20739
20740
34433
34434
20743
45895
20744
34435
34436
22497
45555
45583
45585
22498
35303
35312
20761
45483
20762
20757
45900
45485
20758
20753
45902
45489
20754
45904
20749
45906
45491
20750
20751
20752
34440
45908
20755
20756
34441
34442
20759
20760
34443
34444
20763
45905
20764
34445
34446
22517
45553
45579
45581
22518
35313
35322
20781
20782
20777
20778
20773
20774
45910
20769
20770
20771
20772
34395
34450
20775
20776
34405
34451
34452
20779
20780
34415
34453
34454
20783
45911
20784
34425
34455
34456
22537
45551
45575
45577
22538
35323
35332
23973
45549
23974
36038
22555
22556
22551
45519
22552
22547
45912
45914
45916
45918
45920
45922
45924
45926
45928
45930
45515
22548
45932
22543
45934
45517
22544
22545
22546
35336
45936
22549
22550
35337
35338
22553
22554
35339
35340
22557
45933
22558
35341
35342
23977
45547
23978
36039
36040
22575
45523
22576
22571
45938
45940
45525
22572
22567
45942
45529
22568
45944
22563
45946
45531
22564
22565
22566
35346
45948
22569
22570
35347
35348
22573
22574
35349
35350
22577
45945
22578
35351
35352
23981
45545
23982
36041
36042
22595
22596
22591
22592
22587
45537
22588
45950
22583
45952
45954
45539
22584
22585
22586
35301
35356
45956
45958
45960
22589
22590
35311
35357
35358
22593
22594
35321
35359
35360
22597
45951
22598
35331
35361
35362
23985
45543
23986
36043
36044
23966
45569
23967
23962
45567
23963
23958
45565
23959
23954
45563
23955
22070
22071
22050
22051
22030
22031
45962
45964
45966
45968
45970
22010
22011
45972
19404
19405
45974
19384
19385
45976
19364
19365
45978
19344
19345
45980
16542
16543
45982
16522
16523
45984
16502
16503
45986
16482
16483
45988
14497
14498
45990
14493
45637
14494
45992
14489
45994
45996
45998
46000
46002
46004
46006
45635
14490
46008
14485
46010
46012
46014
45633
14486
46016
14481
46018
46020
46022
45631
14482
46024
14321
45629
14322
28979
46026
14317
14318
28920
46028
14313
14314
28861
46030
14309
14310
28802
46032
14305
14306
28743
46034
14301
14302
28684
46036
14297
14298
28625
46038
14293
14294
28566
14295
45747
45749
14296
31214
14299
45781
45783
14300
31215
31216
14303
45777
45779
14304
31217
31218
14307
46039
45773
45775
14308
31219
31220
14311
46037
45769
45771
14312
31221
31222
14315
46035
45765
45767
14316
31223
31224
14319
46033
45761
45763
14320
31225
31226
14323
46031
45757
45759
14324
31227
31228
14483
46029
45821
45823
14484
31308
14357
14358
29982
14353
45695
14354
29979
14349
45693
14350
29976
46040
14345
45677
14346
29973
46042
14341
45681
14342
29970
46044
14337
45685
14338
29967
46046
14333
45689
14334
29964
46048
14329
45691
14330
29961
14331
14332
31232
14335
14336
31233
31234
14339
14340
31235
31236
14343
46049
14344
31237
31238
14347
46047
14348
31239
31240
14351
46045
14352
31241
31242
14355
46043
14356
31243
31244
14359
46041
14360
31245
31246
14487
46027
45815
45819
14488
31309
31310
14393
45697
14394
30041
14389
45699
14390
30038
14385
45703
14386
30035
46050
14381
45707
14382
30032
46052
14377
45711
14378
30029
46054
14373
45715
14374
30026
46056
14369
45719
14370
30023
46058
14365
45721
14366
30020
14367
14368
31250
14371
14372
31251
31252
14375
14376
31253
31254
14379
46059
14380
31255
31256
14383
46057
14384
31257
31258
14387
46055
14388
31259
31260
14391
46053
14392
31261
31262
14395
46051
14396
31263
31264
14491
46025
45811
45813
14492
31311
31312
14429
45723
14430
30100
14425
45725
14426
30097
14421
45729
14422
30094
46060
14417
45733
14418
30091
46062
14413
45737
14414
30088
46064
14409
45741
14410
30085
46066
14405
45745
14406
30082
46068
14401
45751
14402
30079
14403
14404
30451
30933
31268
14407
14408
30469
30951
31269
31270
14411
14412
30487
30969
31271
31272
14415
46069
14416
30505
30987
31273
31274
14419
46067
14420
30523
31005
31275
31276
14423
46065
14424
30541
31023
31277
31278
14427
46063
14428
30559
31041
31279
31280
14431
46061
14432
30577
31059
31281
31282
14495
46017
45807
45809
14496
31313
31314
14477
14478
14473
14474
14469
14470
46070
14465
14466
46072
14461
45785
14462
14463
14464
31298
14467
14468
31299
31300
14471
14472
31301
31302
14475
46073
14476
31303
31304
14457
14458
14453
14454
14449
14450
46074
14445
45791
14446
46076
14441
45793
14442
14443
14444
31288
14447
14448
31289
31290
14451
14452
31291
31292
14455
46077
14456
31293
31294
14437
45795
14438
14433
45797
14434
14397
45801
14398
46078
14361
46080
45805
14362
46082
14325
14326
14327
14328
31230
46084
46086
46088
14363
14364
31231
31248
14399
14400
31249
31266
14435
46083
14436
31267
31284
14439
46079
45851
45853
14440
31286
14459
46075
45847
45849
14460
31287
31296
14479
46071
45843
45845
14480
31297
31306
14499
46009
45839
45841
14500
30579
31307
31316
16484
45993
45875
45877
16485
32308
14623
14624
14619
45829
14620
14615
46090
46092
46094
46096
46098
46100
46102
45825
14616
46104
14611
46106
45827
14612
46108
14613
14614
31373
46110
14617
14618
31374
31375
14621
14622
31376
31377
14625
46105
14626
30597
31378
31379
16504
45991
45889
45891
16505
32309
32318
14685
14686
14681
14682
14677
14678
46112
14673
45833
14674
14675
14676
31404
46114
14679
14680
31405
31406
14683
14684
31407
31408
14687
46113
14688
30615
31409
31410
16524
45989
45885
45887
16525
32319
32328
14747
14748
14743
14744
14739
14740
46116
14735
14736
14737
14738
30635
31435
14741
14742
31140
31436
31437
14745
14746
31171
31438
31439
14749
46117
14750
30633
31202
31440
31441
16544
45987
45881
45883
16545
32329
32338
19346
45985
45927
45929
19347
33738
16562
16563
16558
16559
16554
16555
46118
16550
45855
16551
16552
16553
32342
16556
16557
32343
32344
16560
16561
32345
32346
16564
46119
16565
32347
32348
19366
45983
45923
45925
19367
33739
33748
16582
46120
46122
46124
46126
46128
46130
46132
46134
46136
45857
16583
16578
46138
45859
16579
16574
46140
45863
16575
46142
16570
46144
45865
16571
16572
16573
32352
46146
16576
16577
32353
32354
16580
16581
32355
32356
16584
46143
16585
32357
32358
19386
45981
45919
45921
19387
33749
33758
16602
45879
16603
16598
46148
45867
16599
16594
46150
45871
16595
46152
16590
46154
45873
16591
16592
16593
32307
32362
46156
46158
46160
16596
16597
32317
32363
32364
16600
16601
32327
32365
32366
16604
46153
16605
32337
32367
32368
19406
45979
45915
45917
19407
33759
33768
22012
45977
45957
45959
22013
35070
19424
19425
19420
45893
19421
19416
46162
46164
46166
46168
45897
19417
46170
19412
46172
46174
46176
45899
19413
19414
19415
33772
46178
19418
19419
33773
33774
19422
19423
33775
33776
19426
46171
19427
33777
33778
22032
45975
46019
46021
22033
35071
35080
19444
45901
19445
19440
46180
45903
19441
19436
46182
45907
19437
46184
19432
46186
45909
19433
19434
19435
33782
46188
19438
19439
33783
33784
19442
19443
33785
33786
19446
46185
19447
33787
33788
22052
45973
46013
46015
22053
35081
35090
19464
19465
19460
19461
19456
19457
46190
19452
19453
19454
19455
33737
33792
19458
19459
33747
33793
33794
19462
19463
33757
33795
33796
19466
46191
19467
33767
33797
33798
22072
45971
46007
46011
22073
35091
35100
23956
45969
23957
36030
22090
22091
22086
45931
22087
22082
46192
46194
46196
46198
46200
46202
46204
45935
22083
46206
22078
46208
46210
46212
45937
22079
22080
22081
35104
46214
22084
22085
35105
35106
22088
22089
35107
35108
22092
46207
22093
35109
35110
23960
45967
23961
36031
36032
22110
45941
22111
22106
46216
46218
45943
22107
22102
46220
45947
22103
46222
22098
46224
45949
22099
22100
22101
35114
46226
22104
22105
35115
35116
22108
22109
35117
35118
22112
46223
22113
35119
35120
23964
45965
23965
36033
36034
22130
22131
22126
22127
22122
45955
22123
46228
22118
46230
46232
45961
22119
22120
22121
35069
35124
22124
22125
35079
35125
35126
22128
22129
35089
35127
35128
22132
46229
22133
35099
35129
35130
23968
45963
23969
36035
36036
23949
46001
23950
23945
45999
23946
23941
45997
23942
23937
45995
23938
20785
20786
20765
20766
20745
20746
46234
46236
46238
46240
46242
20725
20726
46244
18015
18016
46246
17995
17996
46248
17975
17976
46250
17955
17956
46252
14769
14770
46254
14763
14764
46256
14759
14760
46258
14755
14756
46260
14751
14752
46262
14513
14514
30135
46264
14509
14510
30076
46266
14505
14506
30017
46268
14501
14502
29958
14503
46085
46087
14504
31318
14507
46099
46101
14508
31319
31320
14511
46095
46097
14512
31321
31322
14515
46269
46091
46093
14516
31323
31324
14753
46267
46133
46135
14754
31443
14533
14534
31130
14529
14530
31127
14525
14526
31124
46270
14521
14522
31121
14523
14524
31328
14527
14528
31329
31330
14531
14532
31331
31332
14535
46271
14536
31333
31334
14757
46265
46129
46131
14758
31444
31445
14553
14554
31161
14549
14550
31158
14545
14546
31155
46272
14541
14542
31152
14543
14544
31338
14547
14548
31339
31340
14551
14552
31341
31342
14555
46273
14556
31343
31344
14761
46263
46125
46127
14762
31446
31447
14573
14574
31192
14569
14570
31189
14565
14566
31186
46274
14561
14562
31183
14563
14564
31348
14567
14568
31349
31350
14571
14572
31351
31352
14575
46275
14576
31353
31354
14765
46261
46121
46123
14766
31115
31448
31449
14707
14708
14701
14702
14697
14698
46276
14693
14694
46278
14689
14690
14691
14692
31412
14695
14696
31413
31414
14699
14700
31415
31416
14703
46279
14704
31097
31417
31418
14645
14646
14639
14640
14635
46115
14636
46280
14631
46111
14632
46282
14627
46109
14628
14629
14630
31381
14633
14634
31382
31383
14637
14638
31384
31385
14641
46283
14642
31079
31386
31387
14583
46107
14584
14577
46023
14578
14557
46103
14558
46284
14537
46089
14538
46286
14517
46081
14518
14519
14520
31117
31326
14539
14540
31148
31327
31336
14559
14560
31179
31337
31346
14579
46287
14580
31061
31210
31347
31356
14585
46285
46157
46159
14586
31359
14647
46281
46173
46175
14648
31360
31390
14709
46277
46167
46169
14710
31391
31421
14771
46259
46163
46165
14772
31422
31452
17957
46257
46209
46211
17958
33044
14895
14896
14889
14890
14883
14884
46288
14877
46137
14878
14879
14880
31506
14885
14886
31507
31509
14891
14892
31510
31512
14897
46289
14898
31513
31515
17977
46255
46203
46205
17978
33045
33054
14957
46139
14958
14951
46290
46292
46294
46296
46298
46300
46302
46304
46306
46308
46310
46312
46314
46316
46318
46320
46322
46324
46326
46141
14952
14945
46328
46145
14946
46330
14939
46332
46147
14940
14941
14942
31537
46334
14947
14948
31538
31540
14953
14954
31541
31543
14959
46331
14960
31544
31546
17997
46253
46199
46201
17998
33055
33064
15019
46149
15020
15013
46151
15014
15007
46336
46155
15008
46338
15001
46340
46161
15002
46342
15003
15004
31213
31568
46344
46346
15009
15010
31372
31569
31571
15015
15016
31403
31572
31574
15021
46339
15022
31434
31575
31577
18017
46251
46195
46197
18018
33065
33074
20727
46249
20728
34428
18035
18036
18031
18032
18027
46177
18028
46348
18023
46179
18024
46350
46352
46354
46356
46358
18025
18026
33078
46360
46362
18029
18030
33079
33080
18033
18034
33081
33082
18037
46349
18038
33083
33084
20747
46247
20748
34429
34438
18055
46181
18056
18051
46364
46183
18052
18047
46366
46187
18048
46368
18043
46370
46189
18044
18045
18046
33088
46372
18049
18050
33089
33090
18053
18054
33091
33092
18057
46369
18058
33093
33094
20767
46245
20768
34439
34448
18075
18076
18071
18072
18067
18068
46374
18063
18064
18065
18066
33043
33098
18069
18070
33053
33099
33100
18073
18074
33063
33101
33102
18077
46375
18078
33073
33103
33104
20787
46243
20788
34449
34458
23939
46241
23940
36022
20805
20806
20801
20802
20797
46213
20798
46376
20793
46215
20794
20795
20796
34462
46378
46380
46382
46384
46386
46388
46390
46392
46394
20799
20800
34463
34464
20803
20804
34465
34466
20807
46377
20808
34467
34468
23943
46239
23944
36023
36024
20825
46219
20826
20821
46396
46398
46221
20822
20817
46400
46225
20818
46402
20813
46404
46227
20814
20815
20816
34472
46406
20819
20820
34473
34474
20823
20824
34475
34476
20827
46403
20828
34477
34478
23947
46237
23948
36025
36026
20845
20846
20841
20842
20837
46233
20838
46408
20833
20834
20835
20836
34427
34482
46410
46412
46414
46416
20839
20840
34437
34483
34484
20843
20844
34447
34485
34486
20847
46409
20848
34457
34487
34488
23951
46235
23952
36027
36028
23932
46299
23933
23928
46297
23929
23924
46295
23925
23920
46293
23921
19468
19469
19448
19449
19428
19429
46418
46420
46422
46424
46426
19408
19409
46428
16606
16607
46430
16586
16587
46432
16566
16567
46434
16546
16547
46436
14849
14850
46438
14845
14846
31432
46440
14841
14842
31429
46442
14837
14838
31426
46444
14833
14834
31423
14835
46323
46325
14836
31484
14839
46319
46321
14840
31485
31486
14843
46315
46317
14844
31487
31488
14847
46445
46309
46311
46313
14848
31283
31489
31490
14829
14830
14825
14826
31401
14821
14822
31398
46446
14817
14818
31395
46448
14813
14814
31392
14815
14816
31474
14819
14820
31475
31476
14823
14824
31477
31478
14827
46449
46307
14828
31265
31479
31480
14809
14810
14805
14806
31370
14801
14802
31367
46450
14797
14798
31364
46452
14793
14794
31361
14795
14796
31464
14799
14800
31465
31466
14803
14804
31467
31468
14807
46453
46305
14808
31247
31469
31470
14789
14790
14785
14786
31211
14781
14782
31180
46454
14777
14778
31149
46456
14773
14774
31118
14775
14776
31285
31325
31454
14779
14780
31295
31335
31455
31456
14783
14784
31305
31345
31457
31458
14787
46457
46303
14788
31229
31315
31355
31459
31460
14791
46455
46345
46347
14792
31462
14811
46451
46359
46361
14812
31463
31472
14831
46447
46355
46357
14832
31473
31482
14851
46443
46351
46353
14852
31483
31492
16548
46441
46393
46395
16549
32340
14911
14912
14907
14908
14903
14904
46458
14899
14900
14901
14902
31517
14905
14906
31518
31519
14909
14910
31520
31521
14913
46459
14914
31522
31523
16568
46439
46389
46391
16569
32341
32350
14973
46327
14974
14969
46329
14970
14965
46333
14966
46460
14961
46335
14962
14963
14964
31548
14967
14968
31549
31550
14971
14972
31551
31552
14975
46461
14976
31553
31554
16588
46437
46385
46387
16589
32351
32360
15035
15036
15031
46337
15032
15027
46341
15028
46462
15023
46343
15024
15025
15026
31317
31579
15029
15030
31380
31580
31581
15033
15034
31411
31582
31583
15037
46463
15038
31442
31584
31585
16608
46435
46381
46383
16609
32361
32370
19410
46433
46413
46415
19411
33770
16626
16627
16622
16623
16618
16619
46464
16614
46363
16615
16616
16617
32374
16620
16621
32375
32376
16624
16625
32377
32378
16628
46465
16629
32379
32380
19430
46431
19431
33771
33780
16646
46365
16647
16642
46367
16643
16638
46371
16639
46466
16634
46373
16635
16636
16637
32384
16640
16641
32385
32386
16644
16645
32387
32388
16648
46467
16649
32389
32390
19450
46429
19451
33781
33790
16666
16667
16662
16663
16658
16659
46468
16654
16655
16656
16657
32339
32394
16660
16661
32349
32395
32396
16664
16665
32359
32397
32398
16668
46469
16669
32369
32399
32400
19470
46427
19471
33791
33800
23922
46425
23923
36014
19488
19489
19484
19485
19480
19481
46470
19476
19477
19478
19479
33804
19482
19483
33805
33806
19486
19487
33807
33808
19490
46471
19491
33809
33810
23926
46423
23927
36015
36016
19508
46399
19509
19504
46472
46474
46476
46478
46480
46482
46484
46486
46488
46490
46492
46494
46496
46498
46401
19505
19500
46500
46502
46504
46405
19501
46506
19496
46508
46407
19497
19498
19499
33814
46510
19502
19503
33815
33816
19506
19507
33817
33818
19510
46507
19511
33819
33820
23930
46421
23931
36017
36018
19528
19529
19524
19525
19520
19521
46512
19516
46417
19517
19518
19519
33769
33824
46514
46516
46518
46520
19522
19523
33779
33825
33826
19526
19527
33789
33827
33828
19530
46513
19531
33799
33829
33830
23934
46419
23935
36019
36020
23915
46487
23916
23911
46485
23912
23907
46483
23908
23903
46481
23904
18079
18080
18059
18060
18039
18040
46522
46524
46526
46528
46530
18019
18020
46532
15057
15058
46534
15051
15052
31576
46536
15047
15048
31573
46538
15043
15044
31570
46540
15039
15040
31567
15041
15042
31587
15045
15046
31588
31589
15049
15050
31590
31591
15053
46541
15054
31592
31593
14995
14996
14989
14990
31545
14985
14986
31542
46542
14981
14982
31539
46544
14977
14978
31536
14979
14980
31556
14983
14984
31557
31558
14987
14988
31559
31560
14991
46545
14992
31561
31562
14933
14934
14927
14928
31514
14923
14924
31511
46546
14919
14920
31508
46548
14915
14916
31505
14917
14918
31525
14921
14922
31526
31527
14925
14926
31528
31529
14929
46549
14930
31530
31531
14871
14872
14865
14866
31451
14861
14862
31420
46550
14857
14858
31389
46552
14853
14854
31358
14855
14856
31357
31461
31494
14859
14860
31388
31471
31495
31496
14863
14864
31419
31481
31497
31498
14867
46553
14868
31450
31491
31499
31500
14873
46551
46501
46503
14874
31503
14935
46547
46497
46499
14936
31504
31534
14997
46543
46493
46495
14998
31535
31565
15059
46539
46489
46491
15060
31566
31596
18021
46537
46517
46519
18022
33076
15103
15104
15097
15098
15091
15092
46554
15085
15086
15087
15088
31610
15093
15094
31611
31613
15099
15100
31614
31616
15105
46555
15106
31617
31619
18041
46535
18042
33077
33086
15149
15150
15143
15144
15137
15138
46556
15131
15132
15133
15134
31633
15139
15140
31634
31636
15145
15146
31637
31639
15151
46557
15152
31640
31642
18061
46533
18062
33087
33096
15195
15196
15189
15190
15183
15184
46558
15177
15178
15179
15180
31453
31656
15185
15186
31516
31657
31659
15191
15192
31547
31660
31662
15197
46559
15198
31578
31663
31665
18081
46531
18082
33097
33106
23905
46529
23906
36006
18099
18100
18095
18096
18091
18092
46560
18087
18088
18089
18090
33110
18093
18094
33111
33112
18097
18098
33113
33114
18101
46561
18102
33115
33116
23909
46527
23910
36007
36008
18119
18120
18115
46505
18116
18111
46509
18112
46562
18107
46511
18108
18109
18110
33120
18113
18114
33121
33122
18117
18118
33123
33124
18121
46563
18122
33125
33126
23913
46525
23914
36009
36010
18139
18140
18135
18136
18131
18132
46564
18127
46521
18128
18129
18130
33075
33130
18133
18134
33085
33131
33132
18137
18138
33095
33133
33134
18141
46565
18142
33105
33135
33136
23917
46523
23918
36011
36012
23898
23899
23894
23895
23890
23891
23886
23887
16670
16671
16650
16651
16630
16631
46566
46568
46570
46572
46574
16610
16611
46576
15073
15074
31595
46578
15069
15070
31564
46580
15065
15066
31533
46582
15061
15062
31502
15063
15064
31598
15067
15068
31599
31600
15071
15072
31601
31602
15075
46583
15076
31603
31604
16612
46581
16613
32372
15119
15120
31618
15115
15116
31615
15111
15112
31612
46584
15107
15108
31609
15109
15110
31621
15113
15114
31622
31623
15117
15118
31624
31625
15121
46585
15122
31626
31627
16632
46579
16633
32373
32382
15165
15166
31641
15161
15162
31638
15157
15158
31635
46586
15153
15154
31632
15155
15156
31644
15159
15160
31645
31646
15163
15164
31647
31648
15167
46587
15168
31649
31650
16652
46577
16653
32383
32392
15211
15212
31664
15207
15208
31661
15203
15204
31658
46588
15199
15200
31655
15201
15202
31493
31501
31667
15205
15206
31524
31532
31668
31669
15209
15210
31555
31563
31670
31671
15213
46589
15214
31586
31594
31672
31673
16672
46575
16673
32393
32402
23888
46573
23889
35998
16690
16691
16686
16687
16682
16683
46590
16678
16679
16680
16681
32406
16684
16685
32407
32408
16688
16689
32409
32410
16692
46591
16693
32411
32412
23892
46571
23893
35999
36000
16710
16711
16706
16707
16702
16703
46592
16698
16699
16700
16701
32416
16704
16705
32417
32418
16708
16709
32419
32420
16712
46593
16713
32421
32422
23896
46569
23897
36001
36002
16730
16731
16726
16727
16722
16723
46594
16718
16719
16720
16721
32371
32426
16724
16725
32381
32427
32428
16728
16729
32391
32429
32430
16732
46595
16733
32401
32431
32432
23900
46567
23901
36003
36004
23881
23882
35995
23875
23876
35992
23869
23870
35989
23863
23864
35986
15217
15218
31675
15171
15172
31652
15125
15126
31629
46596
46598
46600
46602
46604
15079
15080
31606
15081
15082
31607
15127
15128
31608
31630
15173
15174
31631
31653
15219
46605
15220
31654
31676
23865
46603
23866
35987
15247
15248
31690
15241
15242
31687
15235
15236
31684
46606
15229
15230
31681
15231
15232
31682
15237
15238
31683
31685
15243
15244
31686
31688
15249
46607
15250
31689
31691
23871
46601
23872
35988
35990
15277
15278
31705
15271
15272
31702
15265
15266
31699
46608
15259
15260
31696
15261
15262
31697
15267
15268
31698
31700
15273
15274
31701
31703
15279
46609
15280
31704
31706
23877
46599
23878
35991
35993
15307
15308
31720
15301
15302
31717
15295
15296
31714
46610
15289
15290
31711
15291
15292
31597
31605
31712
15297
15298
31620
31628
31713
31715
15303
15304
31643
31651
31716
31718
15309
46611
15310
31666
31674
31719
31721
23883
46597
23884
35994
35996
23667
23668
23856
23857
23661
23662
23852
23853
23655
23656
23848
23849
23649
23650
23844
23845
23846
41731
23847
35978
23850
41759
23851
35979
35980
23854
41771
23855
35981
35982
23858
41795
23859
35983
35984
23839
23840
23835
23836
23831
23832
23827
23828
23829
42737
23830
35970
23833
42765
23834
35971
35972
23837
42779
23838
35973
35974
23841
42801
23842
35975
35976
23822
23823
23818
23819
23814
23815
23810
23811
23812
43733
23813
35962
23816
43761
23817
35963
35964
23820
43775
23821
35965
35966
23824
43815
23825
35967
35968
23805
23806
23801
23802
23797
23798
23793
23794
23795
44641
23796
35954
23799
44667
23800
35955
35956
23803
44679
23804
35957
35958
23807
44723
23808
35959
35960
23788
23789
23784
23785
23780
23781
23776
23777
23778
45495
23779
35946
23782
45521
23783
35947
35948
23786
45535
23787
35949
35950
23790
45573
23791
35951
35952
23771
23772
23767
23768
23763
23764
23759
23760
23761
45913
23762
35938
23765
45939
23766
35939
35940
23769
45953
23770
35941
35942
23773
46005
23774
35943
35944
23754
23755
23750
23751
23746
23747
23742
23743
23744
46193
23745
35930
23748
46217
23749
35931
35932
23752
46231
23753
35933
35934
23756
46301
23757
35935
35936
23737
23738
23733
23734
23729
23730
23725
23726
23727
46379
23728
35922
23731
46397
23732
35923
35924
23735
46411
23736
35925
35926
23739
46479
23740
35927
35928
23720
23721
23716
23717
23712
23713
23708
23709
23710
46477
23711
35914
23714
46475
23715
35915
35916
23718
46515
23719
35917
35918
23722
23723
35919
35920
23703
23704
23699
23700
23695
23696
23691
23692
23693
23694
35906
23697
23698
35907
35908
23701
23702
35909
35910
23705
23706
35911
35912
23686
23687
23682
23683
23678
23679
23674
23675
23676
23677
35898
23680
23681
35899
35900
23684
23685
35901
35902
23688
23689
35903
35904
23669
23670
35895
23663
23664
35892
23657
23658
35889
23651
23652
35886
23653
23654
35887
23659
23660
35888
35890
23665
23666
35891
35893
23671
23672
35894
35896
15311
15312
23644
23645
15281
15282
23624
23625
15251
15252
23604
23605
15221
15222
23584
23585
23586
23587
35853
35854
23606
23607
35855
35863
35864
23626
23627
35865
35873
35874
23646
23647
35875
35883
35884
23563
23564
23543
23544
23523
23524
23503
23504
23505
23506
35813
35814
23525
23526
35815
35823
35824
23545
23546
35825
35833
35834
23565
23566
35835
35843
35844
23418
23419
23398
23399
23378
23379
23358
23359
23360
23361
35741
35742
23380
23381
35743
35751
35752
23400
23401
35753
35761
35762
23420
23421
35763
35771
35772
23209
23210
23189
23190
23169
23170
23149
23150
23151
23152
35637
35638
23171
23172
35639
35647
35648
23191
23192
35649
35657
35658
23211
23212
35659
35667
35668
22936
22937
22916
22917
22896
22897
22876
22877
22878
22879
35501
35502
22898
22899
35503
35511
35512
22918
22919
35513
35521
35522
22938
22939
35523
35531
35532
22599
22600
22579
22580
22559
22560
22539
22540
22541
22542
35333
35334
22561
22562
35335
35343
35344
22581
22582
35345
35353
35354
22601
22602
35355
35363
35364
22134
22135
22114
22115
22094
22095
22074
22075
22076
22077
35101
35102
22096
22097
35103
35111
35112
22116
22117
35113
35121
35122
22136
22137
35123
35131
35132
20849
20850
20829
20830
20809
20810
20789
20790
20791
20792
34459
34460
20811
20812
34461
34469
34470
20831
20832
34471
34479
34480
20851
20852
34481
34489
34490
19532
19533
19512
19513
19492
19493
19472
19473
19474
19475
33801
33802
19494
19495
33803
33811
33812
19514
19515
33813
33821
33822
19534
19535
33823
33831
33832
18143
18144
18123
18124
18103
18104
18083
18084
18085
18086
33107
33108
18105
18106
33109
33117
33118
18125
18126
33119
33127
33128
18145
18146
33129
33137
33138
16734
16735
16714
16715
16694
16695
16674
16675
16676
16677
32403
32404
16696
16697
32405
32413
32414
16716
16717
32415
32423
32424
16736
16737
32425
32433
32434
15313
15314
31723
15283
15284
31708
15253
15254
31693
15223
15224
31678
15225
15226
31677
31679
15255
15256
31680
31692
31694
15285
15286
31695
31707
31709
15315
15316
31710
31722
31724
15317
31725
16738
32435
18147
33139
19536
33833
20853
34491
22138
35133
22603
35365
22940
35533
23213
35669
23422
35773
23567
35845
23648
35885
23673
35897
23690
35905
23707
35913
23724
35921
23741
35929
23758
35937
23775
35945
23792
35953
23809
35961
23826
35969
23843
35977
23860
35985
23885
35997
23902
36005
23919
36013
23936
36021
46473
23953
36029
46291
23970
36037
46003
23987
36045
45571
24004
36053
44721
24021
36061
43807
24038
36069
42799
24055
36077
41793
24072
36085
