56
57
58
59
90
91
128
129
180
181
236
237
286
287
352
353
402
403
470
471
520
521
592
593
642
643
718
719
318
319
320
321
432
433
550
551
672
673
4
5
20
21
6
7
16
17
32
33
42
43
36086
36088
36090
36092
36094
36096
36098
36100
36102
36104
36106
68
69
36108
36110
36112
36114
36116
36118
78
79
106
107
36120
116
117
36122
158
159
36124
168
169
36126
214
215
36128
224
225
36130
264
265
36132
274
275
36134
330
331
36136
340
341
36138
380
381
36140
390
391
36142
448
449
36144
458
459
36146
498
499
36148
508
509
36150
570
571
36152
580
581
36154
620
621
36156
630
631
50
51
36158
22
23
36160
46
47
36162
36164
82
83
36166
120
121
36168
172
173
36170
228
229
36172
278
279
36174
344
345
36176
394
395
36178
462
463
36180
512
513
36182
584
585
36184
634
635
36186
52
53
36188
86
87
36190
696
697
36192
124
125
36194
176
177
36196
232
233
36198
706
707
36200
710
711
36202
282
283
36204
348
349
36206
398
399
36208
466
467
36210
516
517
36212
588
589
36214
638
639
36216
746
747
36218
714
715
94
95
36220
96
97
36222
132
133
36224
184
185
36226
240
241
36228
290
291
36230
356
357
36232
406
407
36234
474
475
36236
524
525
36238
596
597
36240
646
647
36242
722
723
142
143
36244
756
757
36246
760
761
36248
764
765
768
769
36250
36252
772
773
144
145
192
193
194
195
798
799
196
197
248
249
250
251
36254
36256
816
817
252
253
298
299
300
301
36258
826
827
36260
830
831
36262
834
835
838
839
36264
36266
842
843
302
303
364
365
366
367
368
369
414
415
416
417
36268
866
867
418
419
482
483
484
485
36270
876
877
36272
880
881
36274
884
885
888
889
36276
36278
892
893
486
487
532
533
534
535
918
919
536
537
604
605
606
607
608
609
654
655
656
657
36280
36282
962
963
658
659
730
731
732
733
36284
972
973
36286
976
977
36288
980
981
984
985
36290
36292
988
989
734
735
780
781
782
783
784
785
850
851
852
853
36294
1012
1013
854
855
900
901
902
903
36296
1022
1023
36298
1026
1027
36300
1030
1031
1034
1035
36302
36304
1038
1039
904
905
996
997
998
999
1064
1065
1000
1001
1046
1047
1048
1049
36306
36308
1082
1083
1050
1051
136
137
146
147
202
203
36310
36312
36314
138
139
36316
188
189
36318
244
245
36320
294
295
36322
360
361
36324
410
411
36326
478
479
36328
528
529
36330
600
601
36332
650
651
36334
726
727
36336
776
777
36338
846
847
36340
896
897
312
313
36342
148
149
36344
198
199
36346
254
255
36348
304
305
36350
370
371
36352
420
421
36354
488
489
36356
538
539
36358
610
611
36360
660
661
36362
736
737
36364
786
787
36366
856
857
36368
992
993
36370
906
907
36372
1002
1003
36374
204
205
36376
308
309
36378
424
425
36380
542
543
36382
664
665
36384
1042
1043
36386
1052
1053
36388
790
791
36390
910
911
36392
1056
1057
436
437
36394
314
315
36396
428
429
36398
546
547
36400
668
669
36402
794
795
36404
914
915
36406
1060
1061
558
559
684
685
36408
438
439
36410
554
555
36412
676
677
36414
802
803
36416
922
923
36418
1068
1069
934
935
940
941
36420
560
561
36422
680
681
36424
806
807
1092
1093
36426
1096
1097
36428
1100
1101
1104
1105
36430
36432
1108
1109
36434
36436
1112
1113
1116
1117
1118
1119
1120
1121
36438
1122
1123
36440
926
927
36442
1072
1073
950
951
36444
686
687
1132
1133
36446
36448
930
931
36450
936
937
36452
942
943
1142
1143
36454
1146
1147
36456
1150
1151
1154
1155
36458
36460
1158
1159
36462
36464
1162
1163
36466
1166
1167
36468
1168
1169
36470
1170
1171
36472
1172
1173
36474
1176
1177
36476
1180
1181
1184
1185
36478
36480
1188
1189
36482
1192
1193
36484
1196
1197
36486
946
947
36488
952
953
36490
36492
36494
36496
36498
36500
36502
36504
36506
0
1
1206
1207
36508
36510
36512
36514
36516
36518
2
3
8
9
24073
24074
24076
10
11
12
13
1216
1217
36520
1220
1221
36522
1224
1225
1228
1229
36524
36526
1232
1233
36528
36530
36532
1236
1237
1240
1241
1242
1243
1244
1245
36534
1246
1247
36536
36538
36540
36542
36544
36546
36548
36550
36552
14
15
18
19
24078
24079
24080
24081
24
25
24084
26
27
28
29
1256
1257
36554
36556
36558
36560
36562
36564
30
31
34
36315
35
24086
24087
24088
24089
36
37
38
39
1266
1267
1270
1271
1274
1275
1278
1279
36566
36568
1282
1283
36570
36572
36574
1286
1287
1290
1291
1292
1293
1294
1295
36576
1296
1297
36578
1300
1301
36580
1304
1305
1308
1309
36582
36584
1312
1313
36586
1316
1317
40
41
44
36313
45
24091
24092
24093
24094
48
36165
49
24096
54
36189
55
24099
60
36163
61
24077
24082
24100
24102
62
63
64
65
1326
1327
36588
36590
66
67
70
36592
36119
71
24104
24105
24106
24107
72
73
74
75
1336
1337
36594
1340
1341
36596
1344
1345
1348
1349
36598
36600
1352
1353
36602
36604
1356
1357
1360
1361
1362
1363
1364
1365
36606
1366
1367
76
77
80
36161
81
24109
24110
24111
24112
84
36167
85
24114
88
36191
89
24085
24116
92
36117
93
24090
24095
24117
24118
98
36223
99
24121
100
101
102
103
1376
1377
36608
36610
104
105
108
36612
36121
109
24123
24124
24125
24126
110
111
112
113
1386
1387
36614
1390
1391
36616
1394
1395
1398
1399
36618
36620
1402
1403
36622
36624
1406
1407
1410
1411
1412
1413
1414
1415
36626
1416
1417
36628
1420
1421
36630
1424
1425
1428
1429
36632
36634
1432
1433
36636
1436
1437
36638
1440
1441
36640
1444
1445
36642
1448
1449
36644
36646
1452
1453
1456
1457
36648
36650
1460
1461
36652
1462
1463
36654
1466
1467
36656
1468
1469
1472
1473
36658
1474
1475
36660
1478
1479
36662
1482
1483
36664
36666
36668
1486
1487
36670
1488
1489
36672
36674
36676
114
115
36678
36680
118
36123
119
24128
24129
24130
24131
122
36169
123
24133
126
36195
127
24097
24135
130
36115
131
24108
24113
24136
24137
134
36225
135
24139
140
36682
36317
141
24103
24142
150
36345
151
24143
24144
24145
24147
152
153
154
155
1498
1499
36684
36686
36688
36690
156
157
160
36125
161
24149
24150
24151
24152
162
163
164
165
1508
1509
1512
1513
36692
1516
1517
1520
1521
36694
36696
1524
1525
36698
36700
1528
1529
1532
1533
1534
1535
1536
1537
36702
1538
1539
166
167
170
36704
36127
171
24154
24155
24156
24157
174
36171
175
24159
178
36197
179
24115
24161
182
36113
183
24127
24132
24162
24163
186
36227
187
24165
190
36319
191
24119
24122
24167
200
36347
201
24168
24169
24170
24171
24172
206
36377
207
24175
208
209
210
211
1548
1549
212
213
216
36129
217
24177
24178
24179
24180
218
219
220
221
1558
1559
36706
1562
1563
36708
1566
1567
1570
1571
36710
36712
1574
1575
36714
36716
1578
1579
1582
1583
1584
1585
1586
1587
36718
1588
1589
36720
1592
1593
36722
1596
1597
36724
1600
1601
36726
1604
1605
36728
1608
1609
36730
36732
36734
222
223
226
36736
36131
227
24182
24183
24184
24185
230
36173
231
24187
234
36199
235
24134
24189
238
36111
239
24153
24158
24190
24191
242
36229
243
24193
246
36321
247
24138
24140
24195
256
36349
257
24196
24197
24198
24199
24200
258
259
260
261
1618
1619
262
263
266
36133
267
24202
24203
24204
24205
268
269
270
271
1628
1629
36738
1632
1633
36740
1636
1637
1640
1641
36742
36744
1644
1645
36746
36748
1648
1649
1652
1653
1654
1655
1656
1657
36750
1658
1659
272
273
276
36752
36135
277
24207
24208
24209
24210
280
36175
281
24212
284
36205
285
24160
24214
288
36109
289
24181
24186
24215
24216
292
36231
293
24218
296
36323
297
24164
24166
24220
306
36351
307
24221
24222
24223
24224
24225
310
36379
311
24227
316
36397
317
24230
322
36107
323
24148
24173
24231
24233
324
325
326
327
1668
1669
36754
328
329
332
36756
36137
333
24235
24236
24237
24238
334
335
336
337
1678
1679
1682
1683
36758
1686
1687
1690
1691
36760
36762
1694
1695
36764
36766
1698
1699
1702
1703
1704
1705
1706
1707
36768
1708
1709
36770
1712
1713
36772
1716
1717
36774
1720
1721
36776
1724
1725
36778
1728
1729
36780
1732
1733
36782
36784
36786
338
339
342
36788
36139
343
24240
24241
24242
24243
346
36177
347
24245
350
36207
351
24188
24247
354
36105
355
24206
24211
24248
24249
358
36233
359
24251
362
36325
363
24192
24194
24253
372
36353
373
24254
24255
24256
24257
24258
374
375
376
377
1742
1743
378
379
382
36141
383
24260
24261
24262
24263
384
385
386
387
1752
1753
36790
1756
1757
36792
1760
1761
1764
1765
36794
36796
1768
1769
36798
36800
1772
1773
1776
1777
1778
1779
1780
1781
36802
1782
1783
36804
36806
36808
388
389
392
36810
36143
393
24265
24266
24267
24268
396
36179
397
24270
400
36209
401
24213
24272
404
36103
405
24239
24244
24273
24274
408
36235
409
24276
412
36327
413
24217
24219
24278
422
36355
423
24279
24280
24281
24282
24283
426
36381
427
24285
430
36399
431
24176
24287
434
36101
435
24201
24226
24288
24289
440
36411
441
24292
442
443
444
445
1792
1793
446
447
450
36145
451
24294
24295
24296
24297
452
453
454
455
1802
1803
36812
1806
1807
36814
1810
1811
1814
1815
36816
36818
1818
1819
36820
36822
1822
1823
1826
1827
1828
1829
1830
1831
36824
1832
1833
36826
1836
1837
36828
1840
1841
36830
1844
1845
36832
1848
1849
36834
1852
1853
456
457
460
36836
36147
461
24299
24300
24301
24302
464
36181
465
24304
468
36211
469
24246
24306
472
36099
473
24264
24269
24307
24308
476
36237
477
24310
480
36329
481
24250
24252
24312
490
36357
491
24313
24314
24315
24316
24317
492
493
494
495
1862
1863
496
497
500
36149
501
24319
24320
24321
24322
502
503
504
505
1872
1873
36838
1876
1877
36840
1880
1881
1884
1885
36842
36844
1888
1889
36846
36848
1892
1893
1896
1897
1898
1899
1900
1901
36850
1902
1903
506
507
510
36852
36151
511
24324
24325
24326
24327
514
36183
515
24329
518
36213
519
24271
24331
522
36097
523
24298
24303
24332
24333
526
36239
527
24335
530
36331
531
24275
24277
24337
540
36359
36687
36689
36691
541
24338
24339
24340
24341
24342
544
36383
545
24344
548
36401
549
24228
24346
552
36095
553
24259
24284
24347
24348
556
36413
557
24350
562
36423
563
24234
24353
564
565
566
567
1912
1913
36854
36856
36858
36860
36862
568
569
572
36153
573
24355
24356
24357
24358
574
575
576
577
1922
1923
36864
1926
1927
36866
1930
1931
1934
1935
36868
36870
1938
1939
36872
36874
1942
1943
1946
1947
1948
1949
1950
1951
36876
1952
1953
36878
1956
1957
36880
1960
1961
36882
1964
1965
36884
1968
1969
36886
1972
1973
36888
1976
1977
36890
1980
36685
1981
36892
1984
36681
1985
36894
1988
1989
36896
1992
36679
1993
36898
36900
36902
36904
36906
578
579
582
36908
36155
583
24360
24361
24362
24363
586
36185
587
24365
590
36215
591
24305
24367
594
36093
595
24323
24328
24368
24369
598
36241
599
24371
602
36333
603
24309
24311
24373
612
36361
36561
36563
36565
613
24374
24375
24376
24377
24378
614
615
616
617
2002
2003
618
619
622
36157
623
24380
24381
24382
24383
624
625
626
627
2012
2013
36910
2016
2017
36912
2020
2021
2024
2025
36914
36916
2028
2029
36918
36920
2032
2033
2036
2037
2038
2039
2040
2041
36922
2042
2043
36924
36926
36928
628
629
632
36930
36159
633
24385
24386
24387
24388
636
36187
637
24390
640
36217
641
24330
24392
644
36091
645
24359
24364
24393
24394
648
36243
649
24396
652
36335
653
24334
24336
24398
662
36363
36555
36557
36559
663
24399
24400
24401
24402
24403
666
36385
667
24405
670
36403
671
24286
24407
674
36089
675
24318
24343
24408
24409
678
36415
679
24411
682
36425
683
24290
24293
24413
688
36449
689
24416
944
36465
945
24544
690
691
692
693
2052
2053
694
695
698
36193
699
24418
24419
24420
24421
700
701
702
703
2062
2063
36932
2066
2067
36934
2070
2071
2074
2075
36936
36938
2078
2079
36940
36942
2082
2083
2086
2087
2088
2089
2090
2091
36944
2092
2093
36946
2096
2097
36948
2100
2101
36950
2104
2105
36952
2108
2109
36954
2112
2113
36956
36958
36960
704
705
708
36962
36201
709
24423
24424
24425
24426
712
36203
713
24428
716
36221
717
24366
24430
720
36087
721
24384
24389
24431
24432
724
36245
725
24434
728
36337
729
24370
24372
24436
738
36365
36549
36551
36553
739
24437
24438
24439
24440
24441
740
741
742
743
2122
2123
744
745
748
36219
749
24443
24444
24445
24446
750
751
752
753
2132
2133
36964
2136
2137
36966
2140
2141
2144
2145
36968
36970
2148
2149
36972
36974
2152
2153
2156
2157
2158
2159
2160
2161
36976
2162
2163
36978
36980
36982
754
755
758
36984
36247
759
24448
24449
24450
24451
762
36249
763
24453
766
36253
767
24391
24455
770
36251
771
24422
24427
24456
24457
774
36257
775
24459
778
36339
779
24395
24397
24461
788
36367
36543
36545
36547
789
24462
24463
24464
24465
24466
792
36391
793
24468
796
36405
797
24345
24470
800
36255
801
24379
24404
24471
24472
804
36417
805
24474
808
36437
809
24349
24351
24476
810
811
812
813
2172
2173
814
815
818
36259
819
24478
24479
24480
24481
820
821
822
823
2182
2183
36986
2186
2187
36988
2190
2191
2194
2195
36990
36992
2198
2199
36994
36996
2202
2203
2206
2207
2208
2209
2210
2211
36998
2212
2213
37000
2216
2217
37002
2220
2221
37004
2224
2225
37006
2228
2229
37008
2232
2233
37010
2236
2237
37012
37014
37016
824
825
828
37018
36261
829
24483
24484
24485
24486
832
36263
833
24488
836
36267
837
24429
24490
840
36265
841
24447
24452
24491
24492
844
36269
845
24494
848
36341
849
24433
24435
24496
858
36369
36515
36517
36519
859
24497
24498
24499
24500
24501
860
861
862
863
2246
2247
864
865
868
36271
869
24503
24504
24505
24506
870
871
872
873
2256
2257
37020
2260
2261
37022
2264
2265
2268
2269
37024
37026
2272
2273
37028
37030
2276
2277
2280
2281
2282
2283
2284
2285
37032
2286
2287
874
875
878
37034
36273
879
24508
24509
24510
24511
882
36275
883
24513
886
36279
887
24454
24515
890
36277
891
24482
24487
24516
24517
894
36283
895
24519
898
36343
899
24458
24460
24521
908
36373
36509
36511
36513
909
24522
24523
24524
24525
24526
912
36393
913
24528
916
36407
917
24406
24530
920
36281
921
24442
24467
24531
24532
924
36419
925
24534
928
36443
929
24410
24412
24536
932
36451
933
24538
948
36489
949
24546
938
36453
939
24541
954
36533
955
24542
24549
1470
1471
24417
24807
1476
1477
24545
24808
24810
956
957
958
959
2296
2297
37036
37038
37040
37042
960
961
964
36285
965
24551
24552
24553
24554
966
967
968
969
2306
2307
2310
2311
2314
2315
2318
2319
2322
2323
37044
37046
37048
2326
2327
2330
2331
2332
2333
2334
2335
37050
2336
2337
37052
2340
2341
37054
2344
2345
2348
2349
37056
37058
2352
2353
37060
2356
2357
970
971
974
36287
975
24556
24557
24558
24559
978
36289
979
24561
982
36293
983
24489
24563
986
36291
987
24507
24512
24564
24565
990
36295
991
24567
994
37062
36371
995
24493
24495
24569
1004
36375
36503
36505
36507
1005
24570
24571
24572
24573
24574
1006
1007
1008
1009
2366
2367
1010
1011
1014
36297
1015
24576
24577
24578
24579
1016
1017
1018
1019
2376
2377
2380
2381
37064
2384
2385
2388
2389
37066
37068
2392
2393
37070
37072
2396
2397
2400
2401
2402
2403
2404
2405
37074
2406
2407
1020
1021
37076
37078
37080
37082
37084
1024
37086
36299
1025
24581
24582
24583
24584
1028
36301
1029
24586
1032
36305
1033
24514
24588
1036
36303
1037
24555
24560
24589
24590
1040
36309
1041
24592
1044
36387
1045
24518
24520
24594
1054
36389
36497
36499
36501
1055
24595
24596
24597
24598
24599
1058
36395
1059
24601
1062
36409
1063
24469
24603
1066
36307
1067
24502
24527
24604
24605
1070
36421
1071
24607
1074
36445
1075
24473
24475
24609
1076
1077
1078
1079
2416
2417
37088
37090
1080
1081
1084
36311
1085
24611
24612
24613
24614
1086
1087
1088
1089
2426
2427
37092
2430
2431
37094
2434
2435
2438
2439
37096
37098
2442
2443
37100
37102
2446
2447
2450
2451
2452
2453
2454
2455
37104
2456
2457
37106
2460
2461
37108
2464
2465
37110
2468
2469
37112
2472
2473
37114
2476
2477
37116
2480
2481
37118
2484
2485
37120
2488
2489
37122
37124
37126
2492
2493
37128
2496
2497
37130
2500
36677
2501
37132
2504
36675
2505
37134
37136
2508
36669
2509
37138
2512
2513
37140
2516
2517
37142
2520
36673
2521
2524
2525
37144
2526
2527
2530
2531
37146
2532
2533
37148
2536
2537
37150
2538
2539
2542
2543
2544
2545
2546
2547
25345
2548
2549
25344
25346
2550
2551
2552
2553
25348
2554
2555
25349
2556
2557
2558
2559
2560
2561
25352
2562
2563
25351
25353
2564
2565
2566
2567
25355
2568
2569
25350
25356
2570
2571
2572
2573
25358
2574
2575
25359
2576
2577
2578
2579
25361
2580
2581
25347
25362
2582
2583
2584
2585
25364
2586
2587
25354
25363
25365
2588
2589
2590
2591
25367
2592
2593
25360
25368
2594
2595
37152
2598
2599
37154
37156
37158
2602
2603
37160
2604
2605
37162
37164
37166
37168
37170
37172
37174
37176
37178
37180
37182
37184
1090
1091
1094
37186
36427
1095
24616
24617
24618
24619
1098
36429
1099
24621
1102
36433
1103
24562
24623
1106
36431
1107
24580
24585
24624
24625
1110
36435
1111
24627
1114
36439
1115
24566
24568
24629
1124
36441
36467
36493
36495
1125
24630
24631
24632
24633
24634
1126
1127
1128
1129
2614
2615
1130
1131
1134
36447
1135
24636
24637
24638
24639
1136
1137
1138
1139
2624
2625
37188
2628
2629
37190
2632
2633
2636
2637
37192
37194
2640
2641
37196
37198
2644
2645
2648
2649
2650
2651
2652
2653
37200
2654
2655
1140
1141
1144
37202
36455
1145
24641
24642
24643
24644
1148
36457
1149
24646
1152
36461
1153
24587
24648
1156
36459
1157
24615
24620
24649
24650
1160
36463
1161
24652
1164
36473
1165
24591
24593
24654
1174
36475
36469
36471
36491
1175
24655
24656
24657
24658
24659
1178
36477
1179
24661
1182
36481
1183
24529
24663
1186
36479
1187
24575
24600
24664
24665
1190
36483
1191
24667
1194
36485
1195
24533
24535
24669
1198
36487
1199
24671
1450
36661
1451
24797
1200
1201
1202
1203
2664
2665
37204
37206
37208
1204
1205
1208
36531
1209
24673
24674
24675
24676
1210
1211
1212
1213
2674
2675
37210
2678
2679
37212
2682
2683
2686
2687
37214
37216
2690
2691
37218
37220
2694
2695
2698
2699
2700
2701
2702
2703
37222
2704
2705
37224
2708
2709
37226
2712
2713
37228
2716
2717
37230
2720
2721
37232
2724
2725
1214
1215
1218
37234
36521
1219
24678
24679
24680
24681
1222
36523
1223
24683
1226
36527
1227
24622
24685
1230
36525
1231
24640
24645
24686
24687
1234
36529
1235
24689
1238
36535
1239
24626
24628
24691
1248
36647
36537
36539
36541
1249
24692
24693
24694
24695
24696
1250
1251
37236
37238
37240
37242
1252
1253
2734
2735
37244
1254
1255
1258
36645
1259
24698
24699
24700
24701
1260
1261
1262
1263
2744
2745
37246
2748
2749
37248
2752
2753
2756
2757
37250
37252
2760
2761
37254
37256
2764
2765
2768
2769
2770
2771
2772
2773
37258
2774
2775
1264
1265
1268
37260
36575
1269
24703
24704
24705
24706
1272
36573
1273
24708
1276
36569
1277
24647
24710
1280
36567
1281
24677
24682
24711
24712
1284
36571
1285
24714
1288
36577
1289
24651
24653
24716
1298
36579
36589
36591
36667
1299
24717
24718
24719
24720
24721
1302
36581
1303
24723
1306
36585
1307
24602
24725
1310
36583
1311
24635
24660
24726
24727
1314
36587
1315
24729
1318
36605
1319
24606
24608
24731
1320
1321
37262
37264
37266
1322
1323
2784
2785
37268
37270
37272
1324
1325
1328
36593
1329
24733
24734
24735
24736
1330
1331
1332
1333
2794
2795
37274
2798
2799
37276
2802
2803
2806
2807
37278
37280
2810
2811
37282
37284
2814
2815
2818
2819
2820
2821
2822
2823
37286
2824
2825
37288
2828
2829
37290
2832
2833
37292
2836
2837
37294
2840
2841
37296
2844
2845
37298
2848
2849
1334
1335
1338
37300
36595
1339
24738
24739
24740
24741
1342
36597
1343
24743
1346
36601
1347
24684
24745
1350
36599
1351
24702
24707
24746
24747
1354
36603
1355
24749
1358
36607
1359
24688
24690
24751
1368
36625
36609
36611
36665
1369
24752
24753
24754
24755
24756
1370
1371
1372
1373
2858
2859
1374
1375
1378
36613
1379
24758
24759
24760
24761
1380
1381
1382
1383
2868
2869
37302
2872
2873
37304
2876
2877
2880
2881
37306
37308
2884
2885
37310
37312
2888
2889
2892
2893
2894
2895
2896
2897
37314
2898
2899
1384
1385
1388
37316
36615
1389
24763
24764
24765
24766
1392
36617
1393
24768
1396
36621
1397
24709
24770
1400
36619
1401
24737
24742
24771
24772
1404
36623
1405
24774
1408
36627
1409
24713
24715
24776
1418
36629
36649
36651
36655
1419
24777
24778
24779
24780
24781
1422
36631
1423
24783
1426
36635
1427
24662
24785
1430
36633
1431
24697
24722
24786
24787
1434
36637
1435
24789
1438
36639
1439
24666
24668
24791
1442
36641
1443
24793
1454
36659
1455
24799
1446
36643
1447
24795
1458
36653
1459
24796
24801
1480
36663
1481
24539
24672
24812
1484
36671
1485
24547
24798
24813
24814
1464
36657
1465
24804
1490
36683
1491
24805
24817
2534
2535
24550
25339
2540
2541
24811
25340
25342
1492
1493
1494
1495
2908
2909
37318
37320
37322
37324
37326
37328
37330
1496
1497
1500
1501
24819
24820
24821
24822
1502
1503
1504
1505
2918
2919
2922
2923
2926
2927
2930
2931
2934
2935
2938
2939
2942
2943
2944
2945
2946
2947
37332
2948
2949
37334
2952
2953
37336
2956
2957
37338
2960
2961
37340
2964
2965
37342
2968
2969
1506
1507
1510
37344
36701
1511
24824
24825
24826
24827
1514
36693
1515
24829
1518
36697
1519
24744
24831
1522
36695
1523
24762
24767
24832
24833
1526
36699
1527
24835
1530
36703
1531
24748
24750
24837
1540
36705
1541
24838
24839
24840
24841
24842
1542
1543
1544
1545
2978
2979
1546
1547
1550
36717
1551
24844
24845
24846
24847
1552
1553
1554
1555
2988
2989
24075
37346
2992
2993
24083
37348
2996
2997
37350
3000
3001
37352
3004
3005
37354
37356
3008
3009
3012
3013
3014
3015
3016
3017
37358
3018
3019
37360
3022
3023
24098
3026
3027
24101
37362
3030
3031
37364
37366
3034
3035
3038
3039
3040
3041
3042
3043
37368
3044
3045
37370
3048
3049
37372
3052
3053
37374
3056
3057
37376
3060
3061
37378
3064
3065
37380
3068
3069
37382
3072
37273
3073
37384
3076
37271
3077
37386
37388
37390
3080
3081
37392
3084
37269
3085
37394
3088
3089
24120
37396
3092
3093
3096
3097
3098
3099
3100
3101
37398
3102
3103
37400
3106
3107
24141
3110
3111
3112
3113
37402
3114
3115
24146
37404
3118
3119
24174
37406
3122
3123
37408
3126
3127
37410
3130
3131
37412
3134
3135
37414
3138
3139
24229
37416
3142
3143
24232
37418
3146
3147
37420
3150
3151
37422
3154
3155
37424
3158
3159
24291
37426
3162
3163
37428
3166
3167
24352
37430
3170
3171
24415
37432
3174
3175
24540
37434
3178
3179
37436
3182
3183
24543
37438
3186
3187
24548
37440
3190
37185
3191
24803
37442
3194
37183
3195
37444
3198
37181
3199
37446
3202
3203
24806
37448
3206
3207
24809
37450
3210
37179
3211
24816
37452
3214
37177
3215
37454
3218
37175
3219
25338
37456
3222
37173
3223
25341
37458
3226
37171
3227
3230
3231
37460
3232
3233
3236
3237
37462
3238
3239
3242
3243
37464
3244
3245
25694
3246
37169
3247
25357
25695
3248
3249
3250
3251
25697
3252
37167
3253
25366
25696
25698
3254
3255
37466
3256
3257
37468
37470
3260
3261
37472
3264
3265
3268
3269
37474
3270
3271
37476
3274
3275
25335
37478
3278
3279
25374
37480
3282
3283
37482
3286
3287
25691
37484
3290
3291
25700
37486
3294
3295
3298
3299
37488
3300
3301
3304
3305
37490
3306
3307
3310
3311
37492
3312
3313
37494
3316
3317
37496
3320
3321
3324
3325
37498
3326
3327
37500
3330
3331
25688
37502
3334
3335
25707
37504
3338
3339
37506
3342
3343
25725
37508
3346
3347
25728
37510
3350
3351
3354
3355
37512
3356
3357
3360
3361
37514
3362
3363
3366
3367
37516
3368
3369
37518
3372
3373
37520
3376
3377
3380
3381
37522
3382
3383
37524
3386
3387
25722
37526
3390
3391
25735
37528
3394
3395
37530
3398
3399
25753
37532
3402
3403
25756
37534
3406
3407
3410
3411
37536
3412
3413
3416
3417
37538
3418
3419
3422
3423
37540
3424
3425
37542
3428
3429
37544
3432
3433
3436
3437
37546
3438
3439
37548
3442
3443
25750
37550
3446
3447
25763
37552
3450
3451
37554
3454
3455
25781
37556
3458
3459
25784
37558
3462
3463
3466
3467
37560
3468
3469
3472
3473
37562
3474
3475
3478
3479
37564
3480
3481
37566
3484
3485
37568
3488
3489
3492
3493
37570
3494
3495
37572
3498
3499
25778
37574
3502
3503
25791
37576
3506
3507
37578
3510
3511
25809
37580
3514
3515
25812
37582
3518
3519
3522
3523
37584
3524
3525
3528
3529
37586
3530
3531
3534
3535
37588
3536
3537
37590
3540
3541
37592
3544
3545
3548
3549
37594
3550
3551
37596
3554
3555
25806
37598
3558
3559
25819
37600
3562
3563
25834
37602
3566
3567
25837
37604
3570
3571
25840
37606
3574
3575
25847
3578
3579
37608
37610
3580
3581
25862
3584
3585
3586
3587
25865
3590
3591
3592
3593
3596
3597
37612
37614
3598
3599
37616
3602
3603
25868
37618
3606
3607
25871
3610
3611
37620
3612
3613
25878
3616
3617
3618
3619
25881
3622
3623
37622
37624
3624
3625
3628
3629
37626
3630
3631
37628
3634
3635
25884
37630
3638
3639
25887
3642
3643
37632
3644
3645
25894
3648
3649
3650
3651
25897
3654
3655
37634
37636
3656
3657
3660
3661
37638
3662
3663
37640
3666
3667
25900
37642
3670
3671
25903
3674
3675
37644
3676
3677
25910
3680
3681
3682
3683
25913
3686
3687
37646
37648
3688
3689
3692
3693
37650
3694
3695
37652
3698
3699
25916
37654
3702
3703
25919
3706
3707
37656
3708
3709
25926
3712
3713
3714
3715
25929
3718
3719
37658
37660
3720
3721
3724
3725
37662
3726
3727
37664
3730
3731
25932
37666
3734
3735
25935
3738
3739
37668
3740
3741
25942
3744
3745
3746
3747
25945
3750
3751
37670
37672
3752
3753
3756
3757
37674
3758
3759
37676
3762
3763
25948
37678
3766
3767
25951
3770
3771
37680
3772
3773
25958
3776
3777
3778
3779
25961
3782
3783
37682
37684
3784
3785
3788
3789
37686
3790
3791
37688
3794
3795
25964
37690
3798
3799
25967
3802
3803
37692
3804
3805
25974
3808
3809
3810
3811
25977
3815
3816
3817
3818
25980
3821
3822
37694
37696
3823
3824
25983
3827
3828
37698
3829
3830
25986
3833
3834
37700
3835
3836
25989
3839
3840
37702
3841
3842
25992
3845
3846
37704
3847
3848
25995
3851
3852
37706
3853
3854
25998
3857
3858
37708
3859
3860
26001
3864
3865
37710
3866
3867
26004
3870
3871
37712
3872
3873
26007
3876
3877
37714
3878
3879
26010
3882
3883
37716
3884
3885
26013
3888
3889
37718
3890
3891
26016
3894
3895
37720
3896
3897
26019
3900
3901
37722
3902
3903
26022
3906
3907
37724
3908
3909
26025
3913
3914
37726
3915
3916
26028
3919
3920
37728
3921
3922
26031
3925
3926
37730
3927
3928
26034
3931
3932
37732
3933
3934
26037
3937
3938
37734
3939
3940
26040
3943
3944
37736
3945
3946
26043
3949
3950
37738
3951
3952
26046
3955
3956
37740
3957
3958
26049
3962
3963
37742
3964
3965
26052
3968
3969
37744
3970
3971
26055
3974
3975
37746
3976
3977
26058
3980
3981
37748
3982
3983
26061
3986
3987
37750
3988
3989
26064
3992
3993
37752
3994
3995
26067
3998
3999
37754
4000
4001
26070
4004
4005
37756
4006
4007
26073
4011
4012
37758
37760
4013
4014
4017
4018
37762
4019
4020
37764
4023
4024
37766
4027
4028
4031
4032
37768
4033
4034
4037
4038
37770
4039
4040
4043
4044
37772
4045
4046
37774
4049
4050
37776
4053
4054
4057
4058
37778
4059
4060
37780
4064
4065
26076
37782
4068
4069
26079
37784
4072
4073
37786
4076
4077
26089
37788
4080
4081
26092
37790
4084
4085
37792
4089
4090
26086
37794
4093
4094
26099
4098
4099
37796
4100
4101
4104
4105
37798
4106
4107
37800
4111
4112
37802
4115
4116
37804
4120
4121
26118
37806
4124
4125
26121
4129
4130
37808
4131
4132
4133
37163
37165
37245
4134
26133
4135
4136
4137
37243
4138
26135
4139
4140
4141
4142
24537
26137
4143
4144
4145
4146
4147
4148
26140
4149
4150
4151
4152
24610
26142
4153
4154
4155
4156
26144
4157
4158
4159
4160
24670
26146
4161
4162
4163
4164
26148
4165
4166
4167
4168
4169
4170
26138
26151
4171
4172
37810
4175
4176
37812
4179
4180
37814
4183
4184
37816
4187
4188
37818
4191
4192
4195
4196
37820
4197
4198
37822
4201
4202
37824
4205
4206
37826
4209
4210
37828
4213
4214
37830
4217
4218
37832
4221
4222
37834
4225
4226
37836
4229
4230
4233
4234
37838
4235
4236
4239
4240
37840
4241
4242
37842
4245
4246
37844
4249
4250
37846
4253
4254
37848
4255
4256
37850
4259
4260
37852
4263
4264
37854
4267
4268
37856
4271
4272
37858
4275
4276
37860
4279
4280
37862
4283
4284
37864
4287
4288
37866
4291
4292
37868
4295
4296
37870
4299
4300
37872
4303
4304
37874
4307
4308
37876
4311
4312
37878
4315
4316
37880
4319
4320
37882
4323
4324
37884
4327
4328
37886
4331
4332
37888
4335
4336
37890
4339
4340
37892
4343
4344
37894
4347
4348
37896
4351
4352
37898
37900
37902
4355
4356
37904
4357
4358
4361
4362
37906
4363
4364
37908
37910
37912
4367
4368
37914
4369
4370
37916
4373
4374
37918
4377
4378
37920
4381
4382
37922
4385
4386
37924
4389
4390
37926
4391
4392
4395
4396
37928
4397
4398
37930
37932
37934
4401
4402
37936
4403
4404
37938
4407
4408
37940
4411
4412
37942
4415
4416
37944
4419
4420
37946
37948
37950
4423
4424
37952
4425
4426
4429
4430
37954
4431
4432
37956
37958
37960
37962
4435
4436
37964
4437
4438
37966
4441
4442
37968
4445
4446
37970
4449
4450
37972
4453
4454
37974
37976
37978
4457
4458
37980
4459
4460
37982
37984
37986
37988
4463
4464
37990
4465
4466
37992
37994
37996
4469
4470
37998
4471
4472
38000
4475
4476
38002
4479
4480
38004
4483
4484
38006
4487
4488
4491
4492
38008
4493
4494
38010
4497
4498
38012
4499
4500
38014
38016
38018
4503
4504
38020
4505
4506
38022
4509
4510
38024
4513
4514
38026
4517
4518
38028
4521
4522
38030
4525
4526
38032
4527
4528
38034
4531
4532
38036
4533
4534
38038
4537
4538
38040
4539
4540
38042
4543
4544
38044
4547
4548
38046
4551
4552
38048
4555
4556
4559
4560
38050
4561
4562
38052
4565
4566
38054
4567
4568
38056
4571
4572
38058
4573
4574
38060
4577
4578
38062
4581
4582
38064
4585
4586
38066
4589
4590
38068
4593
4594
38070
4595
4596
38072
4599
4600
38074
4603
4604
38076
4607
4608
38078
4611
4612
38080
4615
4616
38082
4619
4620
38084
4623
4624
38086
4627
4628
38088
4631
4632
38090
4635
4636
38092
4639
4640
38094
4643
4644
38096
4647
4648
38098
4651
4652
38100
4655
4656
38102
4659
4660
38104
4663
4664
38106
4667
4668
38108
4671
4672
38110
4675
4676
38112
4679
4680
38114
4683
4684
38116
4687
4688
38118
4691
4692
38120
4695
4696
38122
4699
4700
38124
4703
4704
38126
4707
4708
38128
4711
4712
38130
4715
4716
38132
4719
4720
38134
4723
4724
38136
4727
4728
38138
4731
4732
38140
4735
4736
38142
4739
4740
38144
4743
4744
38146
4747
4748
38148
4751
4752
38150
4755
4756
38152
4759
4760
38154
4763
4764
38156
4767
4768
38158
4771
4772
38160
4775
4776
38162
4779
4780
38164
4783
4784
38166
4787
4788
38168
4791
4792
38170
4795
4796
38172
4799
4800
38174
4803
4804
38176
4807
4808
38178
4811
4812
38180
4815
4816
38182
4819
4820
38184
4823
4824
38186
4827
4828
38188
4831
4832
38190
4835
4836
38192
4839
4840
38194
4843
4844
38196
4847
4848
38198
4851
4852
38200
4855
4856
38202
4859
4860
38204
4863
4864
38206
4867
4868
38208
4871
4872
38210
4873
4874
4877
4878
4879
4880
4881
4882
26507
4883
4884
26506
26508
4885
4886
4887
4888
4889
4890
26511
4891
4892
26509
26510
26512
4893
4894
4895
4896
4897
4898
26515
4899
4900
26513
26514
26516
4901
4902
4903
4904
4905
4906
26519
4907
4908
26517
26518
26520
4909
4910
4911
4912
4913
4914
26523
4915
4916
26521
26522
26524
4917
4918
4919
4920
4921
4922
26527
4923
4924
26525
26526
26528
4925
4926
4927
4928
4929
4930
26531
4931
4932
26529
26530
26532
4933
4934
4935
4936
26534
4939
4940
4941
4942
4943
4944
26538
4947
4948
4949
4950
26541
4953
4954
4955
4956
4957
4958
26545
4959
4960
26544
26546
4961
4962
4963
4964
4965
4966
26549
4967
4968
26547
26548
26550
4969
4970
4971
4972
4973
4974
26553
4975
4976
26551
26552
26554
4977
4978
4979
4980
4981
4982
26557
4983
4984
26555
26556
26558
4985
4986
4987
4988
4989
4990
26561
4991
4992
26559
26560
26562
4993
4994
4995
4996
4997
4998
26565
4999
5000
26563
26564
26566
5001
5002
5003
5004
5005
5006
26569
5007
5008
26567
26568
26570
5009
5010
5011
5012
26572
5015
5016
5017
5018
38212
5019
5020
26576
5023
5024
38214
5025
5026
26579
5029
5030
5031
5032
38216
5033
5034
26583
5035
5036
26582
26584
5037
5038
5039
5040
5041
5042
26587
5043
5044
26585
26586
26588
5045
5046
5047
5048
5049
5050
26591
5051
5052
26589
26590
26592
5053
5054
5055
5056
5057
5058
26595
5059
5060
26593
26594
26596
5061
5062
5063
5064
5065
5066
26599
5067
5068
26597
26598
26600
5069
5070
5071
5072
5073
5074
26603
5075
5076
26601
26602
26604
5077
5078
5079
5080
5081
5082
26607
5083
5084
26605
26606
26608
5085
5086
5087
5088
26610
5091
5092
5093
5094
38218
5095
5096
26614
5099
5100
38220
5101
5102
26617
5105
5106
5107
5108
38222
5109
5110
26621
5111
5112
26620
26622
5113
5114
5115
5116
5117
5118
26625
5119
5120
26623
26624
26626
5121
5122
5123
5124
5125
5126
26629
5127
5128
26627
26628
26630
5129
5130
5131
5132
5133
5134
26633
5135
5136
26631
26632
26634
5137
5138
5139
5140
5141
5142
26637
5143
5144
26635
26636
26638
5145
5146
5147
5148
5149
5150
26641
5151
5152
26639
26640
26642
5153
5154
5155
5156
5157
5158
26645
5159
5160
26643
26644
26646
5161
5162
5163
5164
26648
5167
5168
5169
5170
38224
5171
5172
26652
5175
5176
38226
5177
5178
26655
5181
5182
5183
5184
38228
5185
5186
26659
5187
5188
26658
26660
5189
5190
5191
5192
5193
5194
26663
5195
5196
26661
26662
26664
5197
5198
5199
5200
5201
5202
26667
5203
5204
26665
26666
26668
5205
5206
5207
5208
5209
5210
26671
5211
5212
26669
26670
26672
5213
5214
5215
5216
5217
5218
26675
5219
5220
26673
26674
26676
5221
5222
5223
5224
5225
5226
26679
5227
5228
26677
26678
26680
5229
5230
5231
5232
5233
5234
26683
5235
5236
26681
26682
26684
5237
5238
5239
5240
26686
5243
5244
5245
5246
38230
5247
5248
26690
5251
5252
38232
5253
5254
26693
5257
5258
5259
5260
38234
5261
5262
26697
5263
5264
26696
26698
5265
5266
5267
5268
5269
5270
26701
5271
5272
26699
26700
26702
5273
5274
5275
5276
5277
5278
26705
5279
5280
26703
26704
26706
5281
5282
5283
5284
5285
5286
26709
5287
5288
26707
26708
26710
5289
5290
5291
5292
5293
5294
26713
5295
5296
26711
26712
26714
5297
5298
5299
5300
5301
5302
26717
5303
5304
26715
26716
26718
5305
5306
5307
5308
5309
5310
26721
5311
5312
26719
26720
26722
5313
5314
5315
5316
26724
5319
5320
5321
5322
38236
5323
5324
26728
5327
5328
38238
5329
5330
26731
5333
5334
5335
5336
38240
5337
5338
26735
5339
5340
26734
26736
5341
5342
5343
5344
5345
5346
26739
5347
5348
26737
26738
26740
5349
5350
5351
5352
5353
5354
26743
5355
5356
26741
26742
26744
5357
5358
5359
5360
5361
5362
26747
5363
5364
26745
26746
26748
5365
5366
5367
5368
5369
5370
26751
5371
5372
26749
26750
26752
5373
5374
5375
5376
5377
5378
26755
5379
5380
26753
26754
26756
5381
5382
5383
5384
5385
5386
26759
5387
5388
26757
26758
26760
5389
5390
5391
5392
26762
5395
5396
5397
5398
38242
5399
5400
26766
5403
5404
38244
5405
5406
26769
5409
5410
5411
5412
5413
5414
38246
5415
5416
26774
5417
5418
26773
26775
5419
5420
5421
5422
5423
5424
26778
5425
5426
26776
26777
26779
5427
5428
5429
5430
5431
5432
26782
5433
5434
26780
26781
26783
5435
5436
5437
5438
5439
5440
26786
5441
5442
26784
26785
26787
5443
5444
5445
5446
5447
5448
26790
5449
5450
26788
26789
26791
5451
5452
5453
5454
5455
5456
26794
5457
5458
26792
26793
26795
5459
5460
5461
5462
5463
5464
26798
5465
5466
26796
26797
26799
5467
5468
5469
5470
26801
5473
5474
5475
5476
38248
5477
5478
26805
5481
5482
38250
5483
5484
26808
5487
5488
38252
5489
5490
26811
5493
5494
38254
5495
5496
26814
5499
5500
38256
5501
5502
26817
5505
5506
38258
5507
5508
26820
5511
5512
38260
5513
5514
26823
5517
5518
38262
5519
5520
26826
5523
5524
38264
5525
5526
26829
5529
5530
38266
5531
5532
26832
5535
5536
38268
5537
5538
26835
5541
5542
5543
5544
38270
5545
5546
26839
5549
5550
38272
5551
5552
26842
5555
5556
38274
5557
5558
26845
5561
5562
38276
5563
5564
26848
5567
5568
38278
5569
5570
26851
5573
5574
38280
5575
5576
26854
5579
5580
38282
5581
5582
26857
5585
5586
38284
5587
5588
26860
5591
5592
38286
5593
5594
26863
5597
5598
38288
5599
5600
26866
5603
5604
5605
5606
38290
5607
5608
26870
5611
5612
38292
5613
5614
26873
5617
5618
38294
5619
5620
26876
5623
5624
38296
5625
5626
26879
5629
5630
38298
5631
5632
26882
5635
5636
38300
5637
5638
26885
5641
5642
38302
5643
5644
26888
5647
5648
38304
5649
5650
26891
5653
5654
38306
5655
5656
26894
5659
5660
38308
5661
5662
26897
5665
5666
5667
5668
38310
5669
5670
26901
5673
5674
38312
5675
5676
26904
5679
5680
38314
5681
5682
26907
5685
5686
38316
5687
5688
26910
5691
5692
38318
5693
5694
26913
5697
5698
38320
5699
5700
26916
5703
5704
38322
5705
5706
26919
5709
5710
38324
5711
5712
26922
5715
5716
38326
5717
5718
26925
5721
5722
38328
5723
5724
26928
5727
5728
5729
5730
38330
5731
5732
26932
5735
5736
38332
5737
5738
26935
5741
5742
38334
5743
5744
26938
5747
5748
38336
5749
5750
26941
5753
5754
38338
5755
5756
26944
5759
5760
38340
5761
5762
26947
5765
5766
38342
5767
5768
26950
5771
5772
38344
5773
5774
26953
5777
5778
38346
5779
5780
26956
5783
5784
38348
5785
5786
26959
5789
5790
5791
5792
38350
5793
5794
26963
5797
5798
38352
5799
5800
26966
5803
5804
38354
5805
5806
26969
5809
5810
38356
5811
5812
26972
5815
5816
38358
5817
5818
26975
5821
5822
38360
5823
5824
26978
5827
5828
38362
5829
5830
26981
5833
5834
38364
5835
5836
26984
5839
5840
38366
5841
5842
26987
5845
5846
38368
5847
5848
26990
5851
5852
5853
5854
38370
5855
5856
26994
5859
5860
38372
5861
5862
26997
5865
5866
38374
5867
5868
27000
5871
5872
38376
5873
5874
27003
5877
5878
38378
5879
5880
27006
5883
5884
38380
5885
5886
27009
5889
5890
38382
5891
5892
27012
5895
5896
38384
5897
5898
27015
5901
5902
38386
5903
5904
27018
5907
5908
38388
5909
5910
27021
5913
5914
5915
5916
38390
5917
5918
27025
5921
5922
38392
5923
5924
27028
5927
5928
38394
5929
5930
27031
5933
5934
38396
5935
5936
5939
5940
38398
5941
5942
5945
5946
38400
5947
5948
27040
5951
5952
38402
5953
5954
27043
5957
5958
38404
5959
5960
27046
5963
5964
38406
5965
5966
27049
5969
5970
38408
5971
5972
27052
5975
5976
38410
5977
5978
27055
5981
5982
38412
5983
5984
27058
5987
5988
38414
5989
5990
27061
5993
5994
38416
5995
5996
5999
6000
38418
6001
6002
6005
6006
38420
6007
6008
27070
6011
6012
38422
6013
6014
27073
6017
6018
38424
6019
6020
27076
6023
6024
38426
6025
6026
27079
6029
6030
38428
6031
6032
27082
6035
6036
38430
6037
6038
27085
6041
6042
38432
6043
6044
27088
6047
6048
38434
6049
6050
27091
6053
6054
38436
6055
6056
6059
6060
38438
6061
6062
6065
6066
38440
6067
6068
27100
6071
6072
38442
6073
6074
27103
6077
6078
38444
6079
6080
27106
6083
6084
38446
6085
6086
27109
6089
6090
38448
6091
6092
27112
6095
6096
38450
6097
6098
27115
6101
6102
38452
6103
6104
27118
6107
6108
38454
6109
6110
27121
6113
6114
38456
6115
6116
6119
6120
38458
6121
6122
6125
6126
38460
6127
6128
27130
6131
6132
38462
6133
6134
27133
6137
6138
38464
6139
6140
27136
6143
6144
38466
6145
6146
27139
6149
6150
38468
6151
6152
27142
6155
6156
38470
6157
6158
27145
6161
6162
38472
6163
6164
27148
6167
6168
38474
6169
6170
27151
6173
6174
38476
6175
6176
6179
6180
38478
6181
6182
6185
6186
38480
6187
6188
27160
6191
6192
38482
6193
6194
27163
6197
6198
38484
6199
6200
27166
6203
6204
38486
6205
6206
27169
6209
6210
38488
6211
6212
27172
6215
6216
38490
6217
6218
27175
6221
6222
38492
6223
6224
27178
6227
6228
38494
6229
6230
27181
6233
6234
38496
6235
6236
6239
6240
38498
6241
6242
6245
6246
38500
6247
6248
27190
6251
6252
38502
6253
6254
27193
6257
6258
38504
6259
6260
27196
6263
6264
38506
6265
6266
27199
6269
6270
38508
6271
6272
27202
6275
6276
38510
6277
6278
27205
6281
6282
38512
6283
6284
27208
6287
6288
38514
6289
6290
27211
6293
6294
38516
6295
6296
6299
6300
38518
6301
6302
6305
6306
38520
6307
6308
27220
6311
6312
38522
6313
6314
27223
6317
6318
38524
6319
6320
27226
6323
6324
38526
6325
6326
27229
6329
6330
38528
6331
6332
27232
6335
6336
38530
6337
6338
27235
6341
6342
38532
6343
6344
27238
6347
6348
38534
6349
6350
27241
6353
6354
38536
6355
6356
6359
6360
38538
6361
6362
27247
6365
6366
38540
6367
6368
27250
6371
6372
38542
6373
6374
27253
6377
6378
38544
6379
6380
27256
6383
6384
38546
6385
6386
27259
6389
6390
38548
6391
6392
27262
6395
6396
38550
6397
6398
27265
6401
6402
38552
6403
6404
27268
6407
6408
38554
6409
6410
6413
6414
38556
6415
6416
6419
6420
38558
6421
6422
6425
6426
38560
6427
6428
6431
6432
38562
6433
6434
6437
6438
38564
6439
6440
6443
6444
38566
6445
6446
6449
6450
38568
6451
6452
6455
6456
38570
6457
6458
6461
6462
38572
6463
6464
27298
6467
6468
38574
6469
6470
27301
6473
6474
38576
6475
6476
27304
6479
6480
38578
6481
6482
27307
6485
6486
38580
6487
6488
27310
6491
6492
38582
6493
6494
27313
6497
6498
38584
6499
6500
27316
6503
6504
38586
6505
6506
27319
6509
6510
38588
6511
6512
6515
6516
38590
6517
6518
6521
6522
38592
6523
6524
6527
6528
38594
6529
6530
6533
6534
38596
6535
6536
6539
6540
38598
6541
6542
6545
6546
38600
6547
6548
6551
6552
38602
6553
6554
6557
6558
38604
6559
6560
6563
6564
38606
6565
6566
27349
6569
6570
38608
6571
6572
27352
6575
6576
38610
6577
6578
27355
6581
6582
38612
6583
6584
27358
6587
6588
38614
6589
6590
27361
6593
6594
38616
6595
6596
27364
6599
6600
38618
6601
6602
27367
6605
6606
38620
6607
6608
27370
6611
6612
38622
6613
6614
6617
6618
38624
6619
6620
6623
6624
38626
6625
6626
6629
6630
38628
6631
6632
6635
6636
38630
6637
6638
6641
6642
38632
6643
6644
6647
6648
38634
6649
6650
6653
6654
38636
6655
6656
6659
6660
38638
6661
6662
6665
6666
38640
6667
6668
27400
6671
6672
38642
6673
6674
27403
6677
6678
38644
6679
6680
27406
6683
6684
38646
6685
6686
27409
6689
6690
38648
6691
6692
27412
6695
6696
38650
6697
6698
27415
6701
6702
38652
6703
6704
27418
6707
6708
38654
6709
6710
27421
6713
6714
38656
6715
6716
6719
6720
38658
6721
6722
6725
6726
38660
6727
6728
6731
6732
38662
6733
6734
6737
6738
38664
6739
6740
6743
6744
38666
6745
6746
6749
6750
38668
6751
6752
6755
6756
38670
6757
6758
6761
6762
38672
6763
6764
6767
6768
38674
6769
6770
27451
6773
6774
38676
6775
6776
27454
6779
6780
38678
6781
6782
27457
6785
6786
38680
6787
6788
27460
6791
6792
38682
6793
6794
27463
6797
6798
38684
6799
6800
27466
6803
6804
38686
6805
6806
27469
6809
6810
38688
6811
6812
27472
6815
6816
38690
6817
6818
6821
6822
38692
6823
6824
6827
6828
38694
6829
6830
6833
6834
38696
6835
6836
6839
6840
38698
6841
6842
6845
6846
38700
6847
6848
6851
6852
38702
6853
6854
6857
6858
38704
6859
6860
6863
6864
38706
6865
6866
6869
6870
38708
6871
6872
27502
6875
6876
38710
6877
6878
27505
6881
6882
38712
6883
6884
27508
6887
6888
38714
6889
6890
27511
6893
6894
38716
6895
6896
27514
6899
6900
38718
6901
6902
27517
6905
6906
38720
6907
6908
27520
6911
6912
38722
6913
6914
27523
6917
6918
38724
6919
6920
6923
6924
38726
6925
6926
6929
6930
38728
6931
6932
6935
6936
38730
6937
6938
6941
6942
38732
6943
6944
6947
6948
38734
6949
6950
6953
6954
38736
6955
6956
6959
6960
38738
6961
6962
6965
6966
38740
6967
6968
6971
6972
38742
6973
6974
27553
6977
6978
38744
6979
6980
27556
6983
6984
38746
6985
6986
27559
6989
6990
38748
6991
6992
27562
6995
6996
38750
6997
6998
27565
7001
7002
38752
7003
7004
27568
7007
7008
38754
7009
7010
27571
7013
7014
38756
7015
7016
27574
7019
7020
38758
7021
7022
7025
7026
38760
7027
7028
38762
38764
38766
38768
38770
38772
38774
38776
38778
38780
38782
38784
38786
38788
38790
7031
7032
7033
7034
38792
7035
7036
7039
7040
38794
7041
7042
7045
7046
38796
7047
7048
7051
7052
38798
7053
7054
7057
7058
38800
7059
7060
7063
7064
38802
7065
7066
7069
7070
38804
7071
7072
7075
7076
38806
7077
7078
27605
7081
7082
38808
7083
7084
27608
7087
7088
38810
7089
7090
27611
7093
7094
38812
7095
7096
27614
7099
7100
38814
7101
7102
27617
7105
7106
38816
7107
7108
27620
7111
7112
38818
7113
7114
27623
7117
7118
38820
7119
7120
27626
7123
7124
38822
7125
7126
7129
7130
38824
7131
7132
7135
7136
38826
7137
7138
7141
7142
38828
7143
7144
7147
7148
38830
7149
7150
7153
7154
38832
7155
7156
7159
7160
38834
7161
7162
7165
7166
38836
7167
7168
7171
7172
38838
7173
7174
38840
7177
7178
38842
7179
7180
38844
38846
38848
38850
38852
38854
38856
38858
38860
38862
7183
7184
7185
7186
38864
7187
7188
7191
7192
38866
7193
7194
7197
7198
38868
7199
7200
7203
7204
38870
7205
7206
7209
7210
38872
7211
7212
7215
7216
38874
7217
7218
7221
7222
38876
7223
7224
38878
7227
7228
38880
7229
7230
7233
7234
38882
7235
7236
38884
7239
7240
7241
7242
38886
7243
7244
7247
7248
38888
7249
7250
7253
7254
38890
7255
7256
7259
7260
38892
7261
7262
7265
7266
38894
7267
7268
7271
7272
38896
7273
7274
38898
7277
7278
38900
7279
7280
7283
7284
38902
7285
7286
7289
7290
38904
7291
7292
38906
7295
7296
7297
7298
38908
7299
7300
7303
7304
38910
7305
7306
7309
7310
38912
7311
7312
7315
7316
38914
7317
7318
7321
7322
38916
7323
7324
7327
7328
38918
7329
7330
7333
7334
38920
7335
7336
7339
7340
38922
7341
7342
7345
7346
38924
7347
7348
38926
7351
7352
7353
7354
38928
7355
7356
7359
7360
38930
7361
7362
7365
7366
38932
7367
7368
7371
7372
38934
7373
7374
38936
7377
7378
38938
7379
7380
7383
7384
38940
7385
7386
7389
7390
38942
7391
7392
7395
7396
38944
7397
7398
38946
7401
7402
38948
7403
7404
7407
7408
7409
7410
38950
7411
7412
7415
7416
38952
7417
7418
7421
7422
38954
7423
7424
7427
7428
38956
7429
7430
7433
7434
38958
7435
7436
7439
7440
38960
7441
7442
7445
7446
38962
7447
7448
7451
7452
38964
7453
7454
7457
7458
38966
7459
7460
38968
7463
7464
7465
7466
38970
7467
7468
7471
7472
38972
7473
7474
38974
7477
7478
38976
7479
7480
7483
7484
38978
7485
7486
7489
7490
38980
7491
7492
7495
7496
38982
7497
7498
38984
7501
7502
38986
7503
7504
7507
7508
38988
7509
7510
7513
7514
38990
7515
7516
7519
7520
7521
7522
38992
7523
7524
7527
7528
38994
7529
7530
38996
38998
39000
39002
39004
7533
7534
39006
7537
7538
39008
7541
7542
39010
7545
7546
39012
7549
7550
39014
7553
7554
39016
7557
7558
39018
7561
7562
39020
7565
7566
39022
7569
7570
39024
7573
7574
39026
7577
7578
39028
7581
7582
39030
7585
7586
39032
7589
7590
39034
7593
7594
39036
7597
7598
39038
7601
7602
39040
7605
7606
39042
7609
7610
39044
7613
7614
39046
7617
7618
39048
7621
7622
39050
7625
7626
39052
7629
7630
39054
7633
7634
39056
7637
7638
39058
7641
7642
39060
7645
7646
39062
7649
7650
39064
7653
7654
39066
7657
7658
39068
7661
7662
39070
7665
7666
39072
7669
7670
7673
7674
7677
7678
7681
7682
7685
7686
39074
7689
7690
39076
7693
7694
39078
7697
7698
39080
7701
7702
39082
7705
7706
39084
7709
7710
39086
7713
7714
39088
7717
7718
39090
7721
7722
39092
7725
7726
39094
7729
7730
39096
7733
7734
39098
7737
7738
39100
7741
7742
39102
7745
7746
39104
7749
7750
39106
7753
7754
39108
7757
7758
39110
7761
7762
39112
7765
7766
39114
7769
7770
39116
7773
7774
39118
7777
7778
39120
7781
7782
39122
7785
7786
39124
7789
7790
39126
7793
7794
39128
7797
7798
39130
7801
7802
39132
7805
7806
39134
7809
7810
39136
7813
7814
39138
7817
7818
39140
7821
7822
39142
7825
7826
39144
7829
7830
39146
7833
7834
39148
7837
7838
39150
7841
7842
39152
7845
7846
39154
7849
7850
39156
7853
7854
39158
7857
7858
39160
7861
7862
39162
7865
7866
39164
7869
7870
39166
7873
7874
39168
7877
7878
39170
7881
7882
39172
7885
7886
39174
7889
7890
39176
7893
7894
39178
7897
7898
39180
7901
7902
39182
7905
7906
39184
7909
7910
39186
7913
7914
39188
7917
7918
39190
7921
7922
39192
7925
7926
39194
7929
7930
39196
7933
7934
39198
7937
7938
39200
7941
7942
39202
7945
7946
39204
7949
7950
39206
7953
7954
7957
7958
39208
7959
7960
39210
7963
7964
39212
7967
7968
39214
7971
7972
39216
7975
7976
39218
7979
7980
39220
7983
7984
39222
7987
7988
39224
7991
7992
39226
7995
7996
39228
7999
8000
39230
8003
8004
39232
8007
8008
39234
8011
8012
39236
8015
8016
39238
8019
8020
39240
8023
8024
8027
8028
39242
8029
8030
39244
8033
8034
39246
8037
8038
39248
8041
8042
39250
8045
8046
39252
8049
8050
39254
8053
8054
39256
8057
8058
39258
8061
8062
8065
8066
39260
8067
8068
39262
8071
8072
39264
8075
8076
39266
8079
8080
39268
8083
8084
39270
8087
8088
39272
8091
8092
39274
8095
8096
39276
8099
8100
8103
8104
39278
8105
8106
39280
8109
8110
39282
8113
8114
39284
8117
8118
39286
8121
8122
39288
8125
8126
39290
8129
8130
39292
8133
8134
39294
8137
8138
8141
8142
39296
8143
8144
39298
8147
8148
39300
8151
8152
39302
8155
8156
39304
8159
8160
39306
8163
8164
39308
8167
8168
39310
8171
8172
39312
8175
8176
39314
8179
8180
39316
8181
8182
39318
8185
8186
39320
8189
8190
39322
8193
8194
39324
8197
8198
39326
8201
8202
39328
8205
8206
39330
8209
8210
39332
8213
8214
39334
8217
8218
39336
8219
8220
39338
8223
8224
39340
8227
8228
39342
8231
8232
39344
8235
8236
39346
8239
8240
39348
8243
8244
39350
8247
8248
39352
8251
8252
39354
8255
8256
39356
8257
8258
39358
8261
8262
39360
39362
39364
39366
39368
8265
8266
39370
8269
8270
39372
8273
8274
39374
8277
8278
39376
8281
8282
39378
8285
8286
39380
8289
8290
39382
8293
8294
39384
8297
8298
39386
8301
8302
39388
8305
8306
39390
8309
8310
39392
8313
8314
39394
8317
8318
39396
8321
8322
39398
8325
8326
39400
8329
8330
39402
8333
8334
39404
8337
8338
39406
8341
8342
39408
8345
8346
39410
8349
8350
39412
8353
8354
39414
8357
8358
39416
8361
8362
39418
8365
8366
39420
8369
8370
39422
8373
8374
39424
8377
8378
39426
8381
8382
39428
8385
8386
39430
8389
8390
39432
8393
8394
39434
8397
8398
39436
8401
8402
8405
8406
8409
8410
8413
8414
8417
8418
39438
8421
8422
39440
8425
8426
39442
8429
8430
39444
8433
8434
39446
8437
8438
39448
8441
8442
39450
8445
8446
39452
8449
8450
39454
8453
8454
39456
8457
8458
39458
8461
8462
39460
8465
8466
39462
8469
8470
39464
8473
8474
39466
8477
8478
39468
8481
8482
39470
8485
8486
39472
8489
8490
39474
8493
8494
39476
8497
8498
39478
8501
8502
39480
8505
8506
39482
8509
8510
39484
8513
8514
39486
8517
8518
39488
8521
8522
39490
8525
8526
39492
8529
8530
39494
8533
8534
39496
8537
8538
39498
8541
8542
39500
8545
8546
39502
8549
8550
39504
8553
8554
39506
8557
8558
39508
8561
8562
39510
8565
8566
39512
8569
8570
39514
8573
8574
39516
8577
8578
39518
8581
8582
39520
8585
8586
39522
8589
8590
39524
8593
8594
39526
8597
8598
39528
8601
8602
39530
8605
8606
39532
8609
8610
39534
8613
8614
39536
8617
8618
39538
8621
8622
39540
8625
8626
39542
8629
8630
39544
8633
8634
39546
8637
8638
39548
8641
8642
39550
8645
8646
39552
8649
8650
39554
8653
8654
39556
8657
8658
39558
8661
8662
39560
8665
8666
39562
8669
8670
39564
8673
8674
39566
8677
8678
39568
8681
8682
39570
8685
8686
39572
8689
8690
39574
8691
8692
39576
8695
8696
39578
8699
8700
39580
8703
8704
39582
8707
8708
39584
8711
8712
39586
8715
8716
39588
8719
8720
39590
8723
8724
39592
8727
8728
39594
8731
8732
39596
8735
8736
39598
8739
8740
39600
8743
8744
39602
8747
8748
39604
8751
8752
39606
8755
8756
39608
8759
8760
39610
8761
8762
39612
8765
8766
39614
8769
8770
39616
8773
8774
39618
8777
8778
39620
8781
8782
39622
8785
8786
39624
8789
8790
39626
8793
8794
39628
8797
8798
39630
8799
8800
39632
8803
8804
39634
8807
8808
39636
8811
8812
39638
8815
8816
39640
8819
8820
39642
8823
8824
39644
8827
8828
39646
8831
8832
39648
8835
8836
39650
8837
8838
39652
8841
8842
39654
8845
8846
39656
8849
8850
39658
8853
8854
39660
8857
8858
39662
8861
8862
39664
8865
8866
39666
8869
8870
39668
8873
8874
39670
8875
8876
39672
8879
8880
39674
8883
8884
39676
8887
8888
39678
8891
8892
39680
8895
8896
39682
8899
8900
39684
8903
8904
39686
8907
8908
39688
8911
8912
39690
8913
8914
39692
8917
8918
39694
8921
8922
39696
8925
8926
39698
8929
8930
39700
8933
8934
39702
8937
8938
39704
8941
8942
39706
8945
8946
39708
8949
8950
39710
8951
8952
39712
8955
8956
39714
8959
8960
39716
8963
8964
39718
8967
8968
39720
8971
8972
39722
8975
8976
39724
8979
8980
39726
8983
8984
39728
8987
8988
39730
8989
8990
39732
8993
8994
39734
39736
39738
8997
8998
39740
39742
39744
39746
39748
8999
9000
9003
9004
9005
9006
9009
9010
9011
9012
9015
9016
9017
9018
9021
9022
9023
9024
9027
9028
39750
9029
9030
9033
9034
39752
9035
9036
39754
9039
9040
39756
9041
9042
9045
9046
39758
9047
9048
39760
9051
9052
39762
9055
9056
39764
9059
9060
39766
9063
9064
39768
9067
9068
39770
9071
9072
39772
9075
9076
39774
9079
9080
39776
9083
9084
39778
9087
9088
39780
9091
9092
39782
9095
9096
39784
9099
9100
39786
9103
9104
39788
9107
9108
39790
9111
9112
39792
39794
39796
9115
9116
39798
39800
39802
39804
39806
9117
9118
9121
9122
9123
9124
9127
9128
9129
9130
9133
9134
9135
9136
9139
9140
9141
9142
9145
9146
39808
9147
9148
9151
9152
39810
9153
9154
9157
9158
39812
9159
9160
9163
9164
39814
9165
9166
39816
9169
9170
39818
9173
9174
39820
9177
9178
39822
9181
9182
39824
9185
9186
39826
9189
9190
39828
9193
9194
39830
9197
9198
39832
9201
9202
39834
9205
9206
39836
9209
9210
39838
9213
9214
39840
9217
9218
39842
9221
9222
39844
9225
9226
39846
9229
9230
9233
9234
39848
39850
39852
39854
39856
9235
9236
9239
9240
9241
9242
9245
9246
9247
9248
9251
9252
9253
9254
9257
9258
9259
9260
9263
9264
39858
9265
9266
9269
9270
39860
9271
9272
9275
9276
39862
9277
9278
9281
9282
39864
9283
9284
39866
9287
9288
39868
9291
9292
39870
9295
9296
39872
9299
9300
39874
9303
9304
39876
9307
9308
39878
9311
9312
39880
9315
9316
39882
9319
9320
39884
9323
9324
39886
9327
9328
39888
9331
9332
39890
9335
9336
39892
9339
9340
39894
9343
9344
39896
9347
9348
39898
39900
39902
39904
39906
39908
39910
9351
9352
39912
39914
39916
39918
39920
9353
9354
9357
9358
9359
9360
9363
9364
9365
9366
9369
9370
9371
9372
9375
9376
9377
9378
9381
9382
39922
9383
9384
9387
9388
39924
9389
9390
9393
9394
39926
9395
9396
9399
9400
39928
9401
9402
39930
9405
9406
39932
9409
9410
39934
9413
9414
39936
9417
9418
39938
9421
9422
39940
9425
9426
39942
9429
9430
39944
9433
9434
39946
9437
9438
39948
9441
9442
39950
9445
9446
39952
9449
9450
39954
9453
9454
39956
9457
9458
39958
9461
9462
39960
9465
9466
39962
39964
39966
39968
39970
39972
39974
39976
39978
9469
9470
39980
39982
39984
39986
39988
9471
9472
9475
9476
9477
9478
9481
9482
9483
9484
9487
9488
9489
9490
9493
9494
9495
9496
9499
9500
39990
9501
9502
9505
9506
39992
9507
9508
9511
9512
39994
9513
9514
9517
9518
39996
9519
9520
39998
9523
9524
40000
9527
9528
40002
9531
9532
40004
9535
9536
40006
9539
9540
40008
9543
9544
40010
9547
9548
40012
9551
9552
40014
9555
9556
40016
9559
9560
40018
9563
9564
40020
9567
9568
40022
9571
9572
40024
9575
9576
40026
9579
9580
40028
9583
9584
40030
40032
40034
40036
40038
40040
40042
40044
40046
9587
9588
40048
40050
40052
40054
40056
9589
9590
9593
9594
9595
9596
9599
9600
9601
9602
9605
9606
9607
9608
9611
9612
9613
9614
9617
9618
40058
9619
9620
9623
9624
40060
9625
9626
9629
9630
40062
9631
9632
9635
9636
40064
9637
9638
40066
9641
9642
40068
9645
9646
40070
9649
9650
40072
9653
9654
40074
9657
9658
40076
9661
9662
40078
9665
9666
40080
9669
9670
40082
9673
9674
40084
9677
9678
40086
9681
9682
40088
9685
9686
40090
9689
9690
40092
9693
9694
40094
9697
9698
40096
9701
9702
40098
40100
40102
40104
40106
40108
40110
40112
40114
9705
9706
40116
40118
40120
40122
40124
9707
9708
9711
9712
9713
9714
9717
9718
9719
9720
9723
9724
9725
9726
9729
9730
9731
9732
9735
9736
40126
9737
9738
9741
9742
9743
9744
9747
9748
9749
9750
9753
9754
9755
9756
9759
9760
9763
9764
9767
9768
9771
9772
9775
9776
40128
9779
9780
40130
9783
9784
40132
9787
9788
40134
9791
9792
40136
9795
9796
40138
9799
9800
40140
9803
9804
40142
9807
9808
40144
9811
9812
40146
9815
9816
40148
9819
9820
40150
40152
40154
40156
40158
40160
40162
40164
40166
9823
9824
40168
40170
40172
40174
40176
40178
40180
40182
40184
9825
9826
40186
9829
9830
40188
40190
40192
40194
40196
9833
9834
40198
9837
9838
40200
9841
9842
40202
9845
9846
40204
9849
9850
40206
9853
9854
40208
9857
9858
40210
9861
9862
40212
9865
9866
40214
9869
9870
40216
9873
9874
40218
9877
9878
40220
9881
9882
40222
9885
9886
40224
9889
9890
40226
9893
9894
40228
9897
9898
40230
9901
9902
40232
9905
9906
40234
9909
9910
40236
9913
9914
40238
9917
9918
40240
9921
9922
40242
9925
9926
40244
9929
9930
40246
9933
9934
40248
9937
9938
40250
9941
9942
40252
9945
9946
40254
9949
9950
40256
9953
9954
40258
9957
9958
40260
9961
9962
9965
9966
9969
9970
9973
9974
9977
9978
40262
9981
9982
40264
9985
9986
40266
9989
9990
40268
9993
9994
40270
9997
9998
40272
10001
10002
40274
10005
10006
40276
10009
10010
40278
10013
10014
40280
10017
10018
40282
10021
10022
40284
10025
10026
40286
10029
10030
40288
10033
10034
40290
10037
10038
40292
10041
10042
40294
10045
10046
40296
10049
10050
40298
10053
10054
40300
10057
10058
40302
10061
10062
40304
10065
10066
40306
10069
10070
40308
10073
10074
40310
10077
10078
40312
10081
10082
40314
10085
10086
40316
10089
10090
40318
10093
10094
40320
10097
10098
40322
10101
10102
40324
10105
10106
40326
10109
10110
40328
10113
10114
40330
10117
10118
40332
10121
10122
40334
10125
10126
40336
10129
10130
40338
10133
10134
40340
10137
10138
40342
10141
10142
40344
10145
10146
40346
10149
10150
40348
10153
10154
40350
10157
10158
40352
10161
10162
40354
10165
10166
40356
10169
10170
40358
10173
10174
40360
10177
10178
40362
10181
10182
40364
10185
10186
40366
10189
10190
40368
10193
10194
40370
10197
10198
40372
10201
10202
40374
10205
10206
40376
10209
10210
40378
10213
10214
40380
10217
10218
40382
10221
10222
40384
10225
10226
40386
10229
10230
40388
10233
10234
40390
10237
10238
40392
10241
10242
40394
10245
10246
10249
10250
40396
10251
10252
40398
10255
10256
40400
10259
10260
40402
10263
10264
40404
10267
10268
40406
10271
10272
40408
10275
10276
40410
10279
10280
40412
10283
10284
40414
10287
10288
40416
10291
10292
40418
10295
10296
40420
10299
10300
40422
10303
10304
40424
10307
10308
40426
10311
10312
40428
10315
10316
10319
10320
40430
10321
10322
40432
10325
10326
40434
10329
10330
40436
10333
10334
40438
10337
10338
40440
10341
10342
40442
10345
10346
40444
10349
10350
40446
10353
10354
10357
10358
40448
10359
10360
40450
10363
10364
40452
10367
10368
40454
10371
10372
40456
10375
10376
40458
10379
10380
40460
10383
10384
40462
10387
10388
40464
10391
10392
10395
10396
40466
10397
10398
40468
10401
10402
40470
10405
10406
40472
10409
10410
40474
10413
10414
40476
10417
10418
40478
10421
10422
40480
10425
10426
40482
10429
10430
10433
10434
40484
10435
10436
40486
10439
10440
40488
10443
10444
40490
10447
10448
40492
10451
10452
40494
10455
10456
40496
10459
10460
40498
10463
10464
40500
10467
10468
40502
10471
10472
40504
10473
10474
40506
10477
10478
40508
10481
10482
40510
10485
10486
40512
10489
10490
40514
10493
10494
40516
10497
10498
40518
10501
10502
40520
10505
10506
40522
10509
10510
40524
10511
10512
40526
10515
10516
40528
10519
10520
40530
10523
10524
40532
10527
10528
40534
10531
10532
40536
10535
10536
40538
10539
10540
40540
10543
10544
40542
10547
10548
40544
10549
10550
40546
10553
10554
40548
40550
40552
40554
40556
10557
10558
10561
10562
10565
10566
10569
10570
10573
10574
40558
10577
10578
40560
10581
10582
40562
10585
10586
40564
10589
10590
40566
40568
40570
40572
40574
10593
10594
10597
10598
10601
10602
10605
10606
10609
10610
40576
10613
10614
40578
10617
10618
40580
10621
10622
40582
10625
10626
40584
40586
40588
40590
40592
10629
10630
10633
10634
10637
10638
10641
10642
10645
10646
40594
10649
10650
40596
10653
10654
40598
10657
10658
40600
10661
10662
40602
40604
40606
40608
40610
10665
40612
40614
40616
40618
40620
40622
39979
10666
10669
39977
10670
10673
39975
10674
10677
39973
10678
10681
39971
10682
40624
10685
39969
10686
40626
10689
39967
10690
40628
10693
39965
10694
40630
10697
39963
10698
40632
40634
40636
40638
40640
10701
40642
40047
10702
10705
40045
10706
10709
40043
10710
10713
40041
10714
10717
40039
10718
40644
10721
40037
10722
40646
10725
40035
10726
40648
10729
40033
10730
40650
10733
40031
10734
40652
40654
40656
40658
40660
10737
40662
40664
40666
40668
40670
40672
40674
40676
40678
40115
10738
10741
40113
10742
10745
40111
10746
10749
40109
10750
10753
40107
10754
40680
10757
40105
10758
40682
10761
40103
10762
40684
10765
40101
10766
40686
10769
40099
10770
40688
40690
40692
40694
40696
10773
40698
40700
40702
40704
40706
40708
40710
40712
40714
40167
10774
10777
40165
10778
10781
40163
10782
10785
40161
10786
10789
40159
10790
40716
10793
40157
10794
40718
10797
40155
10798
40720
10801
40153
10802
40722
10805
40151
10806
40724
40726
40728
40730
40732
10809
10810
40734
10813
10814
40736
10817
10818
40738
10821
10822
40740
10825
10826
40742
10829
10830
40744
10833
10834
40746
10837
10838
40748
10841
10842
40750
10845
10846
40752
10849
10850
40754
10853
10854
40756
10857
10858
40758
10861
10862
40760
10865
10866
40762
10869
10870
40764
10873
10874
40766
10877
10878
40768
10881
10882
40770
10885
10886
40772
10889
10890
40774
10893
10894
40776
10897
10898
40778
10901
10902
40780
10905
10906
40782
10909
10910
40784
10913
10914
40786
10917
10918
40788
10921
10922
40790
10925
10926
40792
10929
10930
10933
10934
10937
10938
10941
10942
10945
10946
40794
10949
10950
40796
10953
10954
40798
10957
10958
40800
10961
10962
40802
10965
10966
40804
10969
10970
40806
10973
10974
40808
10977
10978
40810
10981
10982
40812
10985
10986
40814
10989
10990
40816
10993
10994
40818
10997
10998
40820
11001
11002
40822
11005
11006
40824
11009
11010
40826
11013
11014
40828
11017
11018
40830
11021
11022
40832
11025
11026
40834
11029
11030
40836
11033
11034
40838
11037
11038
40840
11041
11042
40842
11045
11046
40844
11049
11050
40846
11053
11054
40848
11057
11058
40850
11061
11062
40852
11065
11066
40854
11069
11070
40856
11073
11074
40858
11077
11078
40860
11081
11082
40862
11085
11086
40864
11089
11090
40866
11093
11094
40868
11097
11098
40870
11101
11102
40872
11105
11106
40874
11109
11110
40876
11113
11114
40878
11117
11118
40880
11121
11122
40882
11125
11126
40884
11129
11130
40886
11133
11134
40888
11137
11138
40890
11141
11142
40892
11145
11146
40894
11149
11150
40896
11153
11154
40898
11157
11158
40900
11161
11162
40902
11165
11166
40904
11169
11170
40906
11173
11174
40908
11177
11178
40910
11181
11182
40912
11185
11186
40914
11189
11190
40916
11193
11194
40918
11197
11198
40920
11201
11202
40922
11205
11206
40924
11209
11210
40926
11213
11214
11217
11218
40928
11219
11220
40930
11223
11224
40932
11227
11228
40934
11231
11232
40936
11235
11236
40938
11239
11240
40940
11243
11244
40942
11247
11248
40944
11251
11252
40946
11255
11256
40948
11259
11260
40950
11263
11264
40952
11267
11268
40954
11271
11272
40956
11275
11276
40958
11279
11280
40960
11283
11284
11287
11288
40962
11289
11290
40964
11293
11294
40966
11297
11298
40968
11301
11302
40970
11305
11306
40972
11309
11310
40974
11313
11314
40976
11317
11318
40978
11321
11322
40980
11325
11326
40982
11327
11328
40984
11331
11332
40986
11335
11336
40988
11339
11340
40990
11343
11344
40992
11347
11348
40994
11351
11352
40996
11355
11356
40998
11359
11360
41000
11363
11364
41002
11365
11366
41004
11369
11370
41006
11373
11374
41008
11377
11378
41010
11381
11382
41012
11385
11386
41014
11389
11390
41016
11393
11394
41018
11397
11398
41020
11401
11402
41022
11403
11404
41024
11407
11408
41026
11411
11412
41028
11415
11416
41030
11419
11420
41032
11423
11424
41034
11427
11428
41036
11431
11432
41038
11435
11436
41040
11439
11440
41042
11441
11442
41044
11445
11446
41046
11449
11450
41048
11453
11454
41050
11457
11458
41052
11461
11462
41054
11465
11466
41056
11469
11470
41058
11473
11474
41060
11477
11478
41062
11479
11480
41064
11483
11484
41066
11487
11488
41068
11491
11492
41070
11495
11496
41072
11499
11500
41074
11503
11504
41076
11507
11508
41078
11511
11512
41080
11515
11516
41082
11517
11518
41084
11521
11522
41086
41088
41090
41092
41094
11525
11526
11529
11530
11533
11534
11537
11538
11541
11542
41096
11545
11546
41098
11549
11550
41100
11553
11554
41102
11557
11558
41104
41106
41108
41110
41112
11561
11562
11565
11566
11569
11570
11573
11574
11577
11578
41114
11581
11582
41116
11585
11586
41118
11589
11590
41120
11593
11594
41122
41124
41126
41128
41130
11597
11598
11601
11602
11605
11606
11609
11610
11613
11614
41132
11617
11618
41134
11621
11622
41136
11625
11626
41138
11629
11630
41140
41142
41144
41146
41148
11633
11634
11637
11638
11641
11642
11645
11646
11649
11650
41150
11653
11654
41152
11657
11658
41154
11661
11662
41156
11665
11666
41158
41160
41162
41164
41166
11669
41168
41170
41172
40679
11670
11673
40677
11674
11677
40675
11678
11681
40673
11682
11685
40671
11686
41174
11689
40669
11690
41176
11693
40667
11694
41178
11697
40665
11698
41180
11701
40663
11702
41182
41184
41186
41188
41190
11705
41192
40715
11706
11709
40713
11710
11713
40711
11714
11717
40709
11718
11721
41194
40707
11722
41196
11725
40705
11726
41198
11729
40703
11730
41200
11733
40701
11734
41202
11737
40699
11738
41204
41206
41208
41210
41212
11741
11742
11745
11746
11749
11750
11753
11754
11757
11758
41214
11761
11762
41216
11765
11766
41218
11769
11770
41220
11773
11774
41222
41224
41226
41228
41230
11777
11778
41232
11781
11782
41234
11783
11784
41236
11787
11788
41238
11789
11790
41240
11793
11794
41242
11795
11796
41244
11799
11800
41246
11801
11802
41248
11805
11806
41250
11807
11808
41252
11811
11812
41254
11813
11814
41256
11817
11818
41258
11819
11820
41260
11823
11824
41262
11825
11826
41264
11829
11830
41266
11831
11832
41268
11835
11836
41270
11839
11840
41272
11843
11844
41274
11847
11848
41276
11851
11852
41278
11855
11856
41280
11859
11860
41282
11863
11864
41284
11867
11868
41286
11871
11872
41288
11875
11876
41290
11879
11880
41292
11883
11884
41294
11887
11888
41296
11891
11892
41298
11895
11896
41300
11899
11900
41302
11901
11902
41304
11905
11906
41306
11907
11908
41308
11911
11912
41310
11913
11914
41312
11917
11918
41314
11919
11920
41316
11923
11924
41318
11925
11926
41320
11929
11930
41322
11931
11932
41324
11935
11936
41326
11937
11938
41328
11941
11942
41330
11943
11944
41332
11947
11948
41334
11949
11950
41336
11953
11954
41338
11957
11958
41340
11961
11962
41342
11965
11966
41344
11969
11970
41346
11973
11974
41348
11977
11978
41350
11981
11982
41352
11985
11986
41354
11989
11990
41356
11993
11994
41358
11997
11998
41360
12001
12002
41362
12005
12006
41364
12009
12010
41366
12013
12014
41368
12017
12018
41370
12019
12020
41372
12023
12024
41374
12025
12026
41376
12029
12030
41378
12031
12032
41380
12035
12036
41382
12037
12038
41384
12041
12042
41386
12043
12044
41388
12047
12048
41390
12049
12050
41392
12053
12054
41394
12055
12056
41396
12059
12060
41398
12061
12062
41400
12065
12066
41402
12067
12068
41404
12071
12072
41406
12075
12076
41408
12079
12080
41410
12083
12084
41412
12087
12088
41414
12091
12092
41416
12095
12096
41418
12099
12100
41420
12103
12104
41422
12107
12108
41424
12111
12112
41426
12115
12116
41428
12119
12120
41430
12123
12124
41432
12127
12128
41434
12131
12132
41436
12135
12136
41438
12137
12138
41440
12141
12142
41442
12145
12146
41444
12149
12150
41446
12153
12154
41448
12157
12158
41450
12161
12162
41452
12165
12166
41454
12169
12170
41456
12173
12174
12177
12178
12181
12182
12185
12186
12189
12190
41458
12193
12194
41460
12197
12198
41462
12201
12202
41464
12205
12206
41466
12209
12210
41468
12213
12214
41470
12217
12218
41472
12221
12222
41474
12225
12226
41476
12229
12230
41478
12233
12234
41480
12237
12238
41482
12241
12242
41484
12245
12246
41486
12249
12250
41488
12253
12254
41490
12257
12258
41492
12261
12262
41494
12265
12266
41496
12269
12270
41498
12273
12274
41500
12277
12278
41502
12281
12282
41504
12285
12286
41506
12289
12290
41508
12293
12294
41510
12297
12298
41512
12301
12302
41514
12305
12306
41516
12309
12310
41518
12313
12314
41520
12317
12318
41522
12321
12322
41524
12325
12326
41526
12329
12330
41528
12333
12334
41530
12337
12338
41532
12341
12342
41534
12345
12346
41536
12349
12350
41538
12353
12354
41540
12357
12358
41542
12361
12362
41544
12365
12366
41546
12369
12370
41548
12373
12374
41550
12377
12378
41552
12381
12382
41554
12385
12386
41556
12389
12390
41558
12393
12394
41560
12397
12398
41562
12401
12402
41564
12405
12406
41566
12409
12410
41568
12413
12414
41570
12417
12418
41572
12421
12422
41574
12425
12426
41576
12429
12430
41578
12433
12434
41580
12437
12438
41582
12441
12442
41584
12445
12446
41586
12449
12450
41588
12453
12454
41590
12457
12458
12461
12462
41592
12463
12464
41594
12467
12468
41596
12471
12472
41598
12475
12476
41600
12479
12480
41602
12483
12484
41604
12487
12488
41606
12491
12492
41608
12495
12496
41610
12499
12500
41612
12503
12504
41614
12507
12508
41616
12511
12512
41618
12515
12516
41620
12519
12520
41622
12523
12524
41624
12527
12528
41626
12531
12532
41628
12533
12534
41630
12537
12538
41632
12541
12542
41634
12545
12546
41636
12549
12550
41638
12553
12554
41640
12557
12558
41642
12561
12562
41644
12565
12566
41646
12569
12570
41648
12571
12572
41650
12575
12576
41652
12579
12580
41654
12583
12584
41656
12587
12588
41658
12591
12592
41660
12595
12596
41662
12599
12600
41664
12603
12604
41666
12607
12608
41668
12609
12610
41670
12613
12614
41672
12617
12618
41674
12621
12622
41676
12625
12626
41678
12629
12630
41680
12633
12634
41682
12637
12638
41684
12641
12642
41686
12645
12646
41688
12647
12648
41690
12651
12652
41692
12655
12656
41694
12659
12660
41696
12663
12664
41698
12667
12668
41700
12671
12672
41702
12675
12676
41704
12679
12680
41706
12683
12684
41708
12685
12686
41710
12689
12690
41712
12693
12694
41714
12697
12698
41716
12701
12702
41718
12705
12706
41720
12709
12710
41722
12713
12714
41724
12717
12718
41726
12721
12722
41728
12723
12724
41730
12727
12728
41732
12731
12732
41734
12735
12736
41736
12739
12740
41738
12743
12744
41740
12747
12748
41742
12751
12752
41744
12755
12756
41746
12759
12760
41748
12761
12762
41750
12765
12766
41752
41754
41756
41758
41760
12769
12770
12773
12774
12777
12778
12781
12782
12785
12786
41762
12789
12790
41764
12793
12794
41766
12797
12798
41768
12801
12802
41770
41772
41774
41776
41778
12805
12806
12809
12810
12813
12814
12817
12818
12821
12822
41780
12825
12826
41782
12829
12830
41784
12833
12834
41786
12837
12838
41788
41790
41792
41794
41796
12841
12842
12845
12846
12849
12850
12853
12854
12857
12858
41798
12861
12862
41800
12865
12866
41802
12869
12870
41804
12873
12874
41806
41808
41810
41812
41814
12877
12878
12881
12882
12885
12886
12889
12890
12893
12894
41816
12897
12898
41818
12901
12902
41820
12905
12906
41822
12909
12910
41824
41826
41828
41830
41832
12913
12914
12917
12918
12921
12922
12925
12926
12929
12930
41834
12933
12934
41836
12937
12938
41838
12941
12942
41840
12945
12946
41842
41844
41846
41848
41850
12949
12950
12953
12954
12957
12958
12961
12962
12965
12966
41852
12969
12970
41854
12973
12974
41856
12977
12978
41858
12981
12982
41860
41862
41864
41866
41868
12985
12986
12989
12990
12993
12994
12997
12998
13001
13002
41870
13005
13006
41872
13009
13010
41874
13013
13014
41876
13017
13018
41878
41880
41882
41884
41886
13021
13022
41888
13025
13026
41890
13029
13030
41892
13033
13034
41894
13037
13038
41896
13041
13042
41898
13045
13046
41900
13049
13050
41902
13053
13054
41904
13057
41906
41908
41333
13058
41910
13061
41912
41329
13062
41914
13065
41916
41401
13066
41918
13069
41920
41397
13070
41922
13073
41924
41393
13074
41926
13077
41928
41389
13078
41930
13081
41932
41385
13082
41934
13085
41936
41381
13086
41938
13089
41940
41377
13090
41942
13093
41944
41369
13094
41946
13097
41948
41373
13098
41950
13101
13102
41952
13105
13106
41954
13109
13110
41956
13113
13114
41958
13117
13118
41960
13121
13122
41962
13125
13126
41964
13129
41966
41437
13130
41968
13133
13134
41970
13137
13138
13141
13142
13145
13146
13149
13150
13153
13154
41972
13157
13158
41974
13161
13162
41976
13165
13166
41978
13169
13170
41980
13173
13174
41982
13177
13178
41984
13181
13182
41986
13185
13186
41988
13189
13190
41990
13193
13194
41992
13197
13198
41994
13201
13202
41996
13205
13206
41998
13209
13210
42000
13213
13214
42002
13217
13218
42004
13221
13222
42006
13225
13226
42008
13229
13230
42010
13233
13234
42012
13237
13238
42014
13241
13242
42016
13245
13246
42018
13249
13250
42020
13253
13254
42022
13257
13258
42024
13261
13262
42026
13265
13266
42028
13269
13270
42030
13273
13274
42032
13277
13278
42034
13281
13282
42036
13285
13286
42038
13289
13290
42040
13293
13294
42042
13297
13298
42044
13301
13302
42046
13305
13306
42048
13309
13310
42050
13313
13314
42052
13317
13318
42054
13321
13322
42056
13325
13326
42058
13329
13330
42060
13333
13334
42062
13337
13338
42064
13341
13342
42066
13345
13346
42068
13349
13350
42070
13353
13354
42072
13357
13358
42074
13361
13362
42076
13365
13366
42078
13369
13370
42080
13373
13374
42082
13377
13378
42084
13381
13382
42086
13385
13386
42088
13389
13390
42090
13393
13394
42092
13397
13398
42094
13401
13402
42096
13405
13406
42098
13409
13410
42100
13413
13414
42102
13417
13418
42104
13421
13422
13425
13426
42106
13427
13428
42108
13431
13432
42110
13435
13436
42112
13439
13440
42114
13443
13444
42116
13447
13448
42118
13451
13452
42120
13455
13456
42122
13459
13460
42124
13463
13464
42126
13467
13468
42128
13471
13472
42130
13475
13476
42132
13479
13480
42134
13483
13484
42136
13487
13488
42138
13491
13492
42140
13495
13496
42142
13497
13498
42144
13501
13502
42146
13505
13506
42148
13509
13510
42150
13513
13514
42152
13517
13518
42154
13521
13522
42156
13525
13526
42158
13529
13530
42160
13533
13534
42162
13535
13536
42164
13539
13540
42166
13543
13544
42168
13547
13548
42170
13551
13552
42172
13555
13556
42174
13559
13560
42176
13563
13564
42178
13567
13568
42180
13571
13572
42182
13573
13574
42184
13577
13578
42186
13581
13582
42188
13585
13586
42190
13589
13590
42192
13593
13594
42194
13597
13598
42196
13601
13602
42198
13605
13606
42200
13609
13610
42202
13611
13612
42204
13615
13616
42206
13619
13620
42208
13623
13624
42210
13627
13628
42212
13631
13632
42214
13635
13636
42216
13639
13640
42218
13643
13644
42220
13647
13648
42222
13649
13650
42224
13653
13654
42226
13657
13658
42228
13661
13662
42230
13665
13666
42232
13669
13670
42234
13673
13674
42236
13677
13678
42238
13681
13682
42240
13685
13686
42242
13687
13688
42244
13691
13692
42246
13695
13696
42248
13699
13700
42250
13703
13704
42252
13707
13708
42254
13711
13712
42256
13715
13716
42258
13719
13720
42260
13723
13724
42262
13725
13726
42264
13729
13730
42266
42268
42270
42272
42274
13733
13734
13737
13738
13741
13742
13745
13746
13749
13750
42276
13753
13754
42278
13757
13758
42280
13761
13762
42282
13765
13766
42284
42286
42288
42290
42292
13769
13770
13773
13774
13777
13778
13781
13782
13785
13786
42294
13789
13790
42296
13793
13794
42298
13797
13798
42300
13801
13802
42302
42304
42306
42308
42310
13805
13806
13809
13810
13813
13814
13817
13818
13821
13822
42312
13825
13826
42314
13829
13830
42316
13833
13834
42318
13837
13838
42320
42322
42324
42326
42328
13841
13842
13845
13846
13849
13850
13853
13854
13857
13858
42330
13861
13862
42332
13865
13866
42334
13869
13870
42336
13873
13874
42338
42340
42342
42344
42346
13877
13878
13881
13882
13885
13886
13889
13890
13893
13894
42348
13897
13898
42350
13901
13902
42352
13905
13906
42354
13909
13910
42356
42358
42360
42362
42364
13913
13914
13917
13918
13921
13922
13925
13926
13929
13930
42366
13933
13934
42368
13937
13938
42370
13941
13942
42372
13945
13946
42374
42376
42378
42380
42382
13949
13950
13953
13954
13957
13958
13961
13962
13965
13966
42384
13969
13970
42386
13973
13974
42388
13977
13978
42390
13981
13982
42392
42394
42396
42398
42400
13985
13986
42402
13989
13990
42404
13993
13994
42406
13997
13998
42408
14001
14002
42410
14005
14006
42412
14009
14010
42414
14013
14014
42416
14017
14018
42418
14021
14022
42420
14025
14026
42422
14029
14030
42424
14033
14034
42426
14037
14038
42428
14041
14042
42430
14045
14046
42432
14049
42434
42436
42438
42440
42442
42444
42446
42448
42450
42452
42454
42456
42458
42460
42462
42464
42466
42468
42470
42472
42474
42476
42478
42480
42482
42484
42486
42488
42490
42492
42494
42496
42498
42500
42502
42504
42506
42508
42510
42512
42514
42516
42518
42520
42522
42524
42526
42528
42530
42532
42534
42536
42538
42540
42542
42544
42546
42548
41941
14050
42550
14053
42552
42554
42556
42558
42560
42562
42564
42566
42568
42570
42572
42574
42576
41945
14054
42578
14057
42580
42582
42584
42586
42588
42590
41949
14058
42592
14061
14062
42594
14065
14066
42596
14069
14070
42598
14073
14074
42600
14077
14078
42602
14081
14082
42604
14085
14086
42606
14089
42608
42610
42612
42614
42616
42618
42620
42622
42624
42626
42628
42630
42632
42634
42636
41967
14090
42638
14093
14094
42640
14097
14098
42642
42644
42646
42648
42650
42652
42654
42656
42658
42660
42662
42664
42666
42668
42670
42672
42674
42676
42678
42680
42682
42684
42686
14101
14102
42688
14103
14104
42690
42692
42694
42696
42698
42700
42702
42704
42706
42708
42710
42712
42714
42716
42718
14107
14108
42720
14109
14110
42722
42724
42726
42728
42730
42732
42734
14113
14114
42736
14115
14116
42738
42740
42742
42744
42746
42748
42750
42752
42754
42756
42758
42760
42762
42764
42766
42768
14119
14120
42770
14121
14122
42772
42774
42776
42778
42780
42782
42784
42786
42788
42790
42792
42794
42796
42798
42800
42802
42804
42806
42808
42810
42812
42814
42816
42818
42820
42822
42824
42826
42828
42830
42832
42834
42836
42838
42840
42842
42844
42846
42848
42850
14125
14126
42852
14127
14128
42854
14131
14132
42856
14135
14136
42858
14139
14140
42860
14143
14144
42862
14147
14148
42864
14151
14152
42866
14155
14156
42868
14159
14160
42870
14163
14164
42872
14165
14166
42874
14169
14170
42876
14171
14172
42878
42880
42882
42884
42886
14175
14176
42888
14177
14178
42890
42892
14181
14182
42894
14183
14184
42896
14187
14188
42898
14189
14190
42900
14193
14194
42902
14197
14198
42904
14201
14202
42906
14205
14206
42908
14209
14210
42910
14213
14214
42912
14217
14218
42914
14221
14222
42916
14225
14226
42918
14227
14228
42920
14231
14232
42922
14233
14234
42924
14237
14238
42926
14239
14240
42928
14243
14244
42930
14245
14246
42932
14249
14250
42934
14251
14252
42936
14255
14256
42938
14259
14260
42940
14263
14264
42942
14267
14268
42944
14271
14272
42946
14275
14276
42948
14279
14280
42950
14283
14284
42952
14287
14288
42954
14289
14290
42956
14293
14294
42958
14297
14298
42960
14301
14302
42962
14305
14306
42964
14309
14310
42966
14313
14314
42968
14317
14318
42970
14321
14322
42972
14325
14326
42974
14329
14330
42976
14333
14334
42978
14337
14338
42980
14341
14342
42982
14345
14346
42984
14349
14350
42986
14353
14354
42988
14357
14358
42990
14361
14362
42992
14365
14366
42994
14369
14370
42996
14373
14374
42998
14377
14378
43000
14381
14382
43002
14385
14386
43004
14389
14390
43006
14393
14394
43008
14397
14398
43010
14401
14402
43012
14405
14406
43014
14409
14410
43016
14413
14414
43018
14417
14418
43020
14421
14422
43022
14425
14426
43024
14429
14430
43026
14433
14434
43028
14437
14438
43030
14441
14442
43032
14445
14446
43034
14449
14450
43036
14453
14454
43038
14457
43040
42897
14458
43042
14461
43044
42933
14462
43046
14465
43048
42929
14466
43050
14469
43052
42925
14470
43054
14473
43056
42917
14474
43058
14477
43060
42921
14478
43062
14481
14482
43064
14485
14486
43066
14489
14490
43068
14493
43070
42953
14494
43072
14497
14498
43074
14501
14502
43076
14505
14506
43078
14509
14510
43080
14513
14514
43082
14517
14518
43084
14521
14522
43086
14525
14526
43088
14529
14530
43090
14533
14534
43092
14537
14538
43094
14541
14542
43096
14545
14546
43098
14549
14550
43100
14553
14554
43102
14557
14558
43104
14561
14562
43106
14565
14566
43108
14569
14570
43110
14573
14574
43112
14577
14578
43114
14581
14582
43116
14583
14584
43118
14587
14588
43120
14589
14590
43122
14593
14594
43124
14595
14596
43126
14599
14600
43128
14601
14602
43130
14605
14606
43132
14607
14608
43134
14611
14612
43136
14615
14616
43138
14619
14620
43140
14623
14624
43142
14627
14628
43144
14631
14632
43146
14635
14636
43148
14639
14640
14643
14644
43150
14645
14646
43152
14649
14650
43154
14651
14652
43156
14655
14656
43158
14657
14658
43160
14661
14662
43162
14663
14664
43164
14667
14668
43166
14669
14670
43168
14673
14674
43170
14677
14678
43172
14681
14682
43174
14685
14686
43176
14689
14690
43178
14693
14694
43180
14697
14698
43182
14701
14702
43184
14705
14706
43186
14707
14708
43188
14711
14712
43190
14713
14714
43192
14717
14718
43194
14719
14720
43196
14723
14724
43198
14725
14726
43200
14729
14730
43202
14731
14732
43204
14735
14736
43206
14739
14740
43208
14743
14744
43210
14747
14748
43212
14751
14752
43214
14755
14756
43216
14759
14760
43218
14763
14764
43220
14767
14768
43222
14769
14770
43224
14773
14774
43226
14777
14778
43228
14781
14782
43230
14785
14786
43232
14789
14790
43234
14793
14794
43236
14797
14798
43238
14801
14802
43240
14805
14806
43242
14809
14810
43244
14813
14814
43246
14817
14818
43248
14821
14822
43250
14825
14826
43252
14829
14830
43254
14833
14834
43256
14837
14838
43258
14841
14842
43260
14845
14846
43262
14849
14850
43264
14853
14854
43266
14857
14858
43268
14861
14862
43270
14865
14866
43272
14869
14870
43274
14871
14872
43276
14875
14876
43278
14877
14878
43280
14881
14882
43282
14883
14884
43284
14887
14888
43286
14889
14890
43288
14893
14894
43290
14895
14896
43292
14899
14900
43294
14903
14904
43296
14907
14908
43298
14911
14912
43300
14915
14916
43302
14919
14920
43304
14923
14924
43306
14927
14928
43308
14931
14932
43310
14933
14934
43312
14937
14938
43314
14939
14940
43316
14943
14944
43318
14945
14946
43320
14949
14950
43322
14951
14952
43324
14955
14956
43326
14957
14958
43328
14961
14962
43330
14965
14966
43332
14969
14970
43334
14973
14974
43336
14977
14978
43338
14981
14982
43340
14985
14986
43342
14989
14990
43344
14993
14994
43346
14995
14996
43348
14999
15000
43350
15001
15002
43352
15005
15006
43354
15007
15008
43356
15011
15012
43358
15013
15014
43360
15017
15018
43362
15019
15020
43364
15023
15024
43366
15027
15028
43368
15031
15032
43370
15035
15036
43372
15039
15040
43374
15043
15044
43376
15047
15048
43378
15051
15052
43380
15055
15056
43382
15057
15058
43384
15061
15062
43386
15065
15066
43388
15069
15070
43390
15073
15074
43392
15077
15078
43394
15079
15080
43396
15083
15084
43398
15085
15086
43400
15089
15090
43402
15091
15092
43404
15095
15096
43406
15097
15098
43408
15101
15102
43410
15103
15104
43412
15107
15108
43414
15111
15112
43416
15115
15116
43418
15119
15120
43420
15123
15124
43422
15125
15126
43424
15129
15130
43426
15131
15132
43428
15135
15136
43430
15137
15138
43432
15141
15142
43434
15143
15144
43436
15147
15148
43438
15149
15150
43440
15153
15154
43442
15157
15158
43444
15161
15162
43446
15165
15166
43448
15169
15170
43450
15171
15172
43452
15175
15176
43454
15177
15178
43456
15181
15182
43458
15183
15184
43460
15187
15188
43462
15189
15190
43464
15193
15194
43466
15195
15196
43468
15199
15200
43470
15203
15204
43472
15207
15208
43474
15211
15212
43476
15215
15216
43478
15217
15218
15221
15222
15223
15224
43480
43482
15227
15228
43484
43486
15229
15230
43488
15233
15234
43490
15235
15236
43492
15239
15240
43494
15241
15242
43496
15245
15246
43498
15247
15248
15251
15252
15253
15254
43500
43502
15257
15258
43504
43506
15259
15260
43508
15263
15264
43510
15265
15266
43512
15269
15270
43514
15271
15272
43516
15275
15276
43518
15277
15278
15281
15282
15283
15284
43520
43522
15287
15288
43524
43526
15289
15290
43528
15293
15294
43530
15295
15296
43532
15299
15300
43534
15301
15302
43536
15305
15306
43538
15307
15308
15311
15312
15313
15314
43540
43542
15318
43544
43546
40643
15319
15320
37091
39911
15321
31726
15322
15323
26132
15324
39909
15325
24354
24414
24477
31728
15326
40623
15327
15328
39907
15329
31730
15330
15331
15332
39905
15333
31732
15334
43548
43550
43552
41325
15335
15336
39903
15337
26134
31734
15338
15339
15340
39901
15341
26136
26141
31736
15342
43554
43556
43558
43560
41321
15343
15344
39899
15345
31738
15346
15347
43562
15350
43564
43566
41317
15351
43568
15354
43570
41313
15355
15356
15357
31744
15358
15359
43572
15362
43574
43576
43578
41309
15363
43580
15366
43582
41937
15367
43584
15370
43586
41305
15371
43588
15374
43590
41301
15375
43592
15378
43594
41933
15379
43596
15382
43598
41265
15383
43600
15386
43602
41261
15387
43604
15390
43606
41929
15391
43608
15394
43610
41257
15395
43612
15398
43614
41253
15399
43616
15402
43618
41925
15403
43620
15406
43622
41249
15407
43624
15410
43626
41245
15411
43628
15414
43630
41921
15415
43632
15418
43634
41241
15419
43636
15422
43638
41237
15423
43640
15426
43642
41917
15427
43644
15430
43646
41233
15431
43648
15434
43650
41195
15435
43652
15438
43654
41913
15439
43656
15442
43658
41193
15443
43660
15446
43662
41173
15447
43664
15450
43666
41909
15451
43668
15454
43670
42893
15455
15458
42891
15459
15462
42887
15463
15466
42885
15467
15470
42883
15471
43672
15474
42881
15475
43674
15478
42879
15479
43676
15482
42875
15483
43678
15486
42871
15487
43680
15490
42851
15491
43682
15494
42849
15495
43684
15498
42847
15499
43686
15502
42845
15503
43688
15506
42843
15507
43690
15510
42841
15511
43692
15514
42839
15515
43694
15518
42837
15519
43696
15522
42835
15523
43698
15526
42833
15527
43700
15530
42831
15531
43702
15534
42829
15535
43704
15538
42827
15539
43706
15542
42825
15543
43708
15546
42823
15547
43710
15550
42821
15551
43712
15554
42819
15555
43714
15558
42817
15559
43716
15562
42815
15563
43718
15566
42813
15567
43720
15570
42811
15571
43722
15574
42809
15575
43724
15578
42807
15579
43726
15582
42805
15583
43728
15586
42803
15587
43730
15590
42801
15591
43732
15594
42799
15595
43734
15598
42797
15599
43736
15602
42795
15603
43738
15606
42793
15607
43740
15610
42791
15611
43742
15614
42789
15615
43744
15618
42787
15619
43746
15622
42785
15623
43748
15626
42783
15627
43750
15630
42781
15631
43752
15634
42779
15635
43754
15638
42777
15639
43756
15642
42775
15643
43758
15646
42773
15647
43760
15650
42769
15651
43762
15654
42767
15655
43764
15658
42765
15659
43766
15662
42763
15663
43768
15666
42761
15667
43770
15670
42759
15671
43772
15674
42757
15675
43774
15678
42755
15679
43776
15682
42753
15683
43778
15686
42751
15687
43780
15690
42749
15691
43782
15694
42747
15695
43784
15698
42745
15699
43786
15702
42743
15703
43788
15706
42741
15707
43790
15710
42739
15711
43792
15714
42735
15715
43794
15718
42733
15719
43796
15722
42731
15723
43798
15726
42729
15727
43800
15730
42727
15731
43802
15734
42725
15735
43804
15738
42723
15739
15742
15743
43806
15744
42719
15745
43808
15748
42717
15749
43810
15752
42715
15753
43812
15756
42713
15757
43814
15760
42711
15761
43816
15764
42709
15765
43818
15768
42707
15769
43820
15772
43822
42705
15773
43824
15776
42703
15777
43826
15780
42701
15781
43828
15784
42699
15785
43830
15788
43832
42697
15789
43834
15792
43836
42695
15793
43838
15796
43840
42693
15797
43842
15800
43844
42691
15801
43846
15804
43848
42687
15805
43850
15808
43852
42685
15809
43854
43856
43858
43860
15812
15813
43862
15814
43864
42683
15815
43866
15818
42681
15819
43868
15822
42679
15823
43870
15826
42677
15827
43872
15830
43874
42675
15831
43876
15834
43878
42673
15835
43880
15838
43882
42671
15839
43884
15842
43886
42669
15843
43888
15846
43890
42667
15847
43892
43894
43896
43898
15850
15851
43900
15852
43902
42665
15853
43904
15856
42663
15857
43906
15860
42661
15861
43908
15864
42659
15865
43910
15868
43912
42657
15869
43914
15872
43916
42655
15873
43918
15876
43920
42653
15877
43922
15880
43924
42651
15881
43926
15884
43928
42649
15885
43930
43932
43934
43936
15888
15889
43938
15890
43940
42647
15891
43942
15894
42645
15895
43944
15898
42643
15899
43946
15902
42637
15903
43948
15906
43950
42635
15907
43952
15910
43954
42633
15911
43956
15914
43958
42631
15915
43960
15918
43962
42629
15919
43964
15922
43966
42627
15923
43968
43970
43972
43974
15926
15927
43976
15928
43978
42625
15929
43980
15932
42623
15933
43982
15936
42621
15937
43984
15940
42619
15941
43986
15944
43988
42617
15945
43990
15948
43992
42615
15949
43994
15952
43996
42613
15953
43998
15956
44000
42611
15957
44002
15960
44004
42609
15961
44006
44008
44010
44012
15964
15965
44014
15966
44016
42591
15967
44018
15970
42589
15971
44020
15974
42587
15975
44022
15978
42585
15979
44024
15982
44026
42583
15983
44028
15986
44030
42581
15987
44032
15990
44034
42577
15991
44036
15994
44038
42575
15995
44040
15998
44042
42573
15999
44044
44046
44048
44050
16002
16003
44052
16004
44054
42571
16005
44056
16008
42569
16009
44058
16012
42567
16013
44060
16016
42565
16017
44062
16020
44064
42563
16021
44066
16024
44068
42561
16025
44070
16028
44072
42559
16029
44074
16032
44076
42557
16033
44078
16036
44080
42555
16037
44082
44084
44086
44088
16040
16041
44090
16042
44092
42553
16043
44094
16046
42549
16047
44096
44098
44100
44102
44104
16050
16051
16054
42547
16055
16058
42545
16059
16062
44106
42543
16063
16066
44108
42541
16067
44110
16070
44112
42539
16071
44114
16074
44116
42537
16075
44118
16078
44120
42535
16079
44122
16082
44124
42533
16083
44126
44128
44130
44132
44134
16086
16087
16090
44136
42531
16091
16094
42529
16095
16098
42527
16099
16102
42525
16103
44138
16106
42523
16107
44140
16110
42521
16111
44142
16114
42519
16115
44144
16118
42517
16119
44146
44148
44150
44152
44154
16122
16123
16126
42515
16127
16130
44156
42513
16131
16134
44158
42511
16135
16138
44160
42509
16139
44162
16142
44164
42507
16143
44166
16146
44168
42505
16147
44170
16150
44172
42503
16151
44174
16154
44176
42501
16155
44178
44180
44182
44184
44186
16158
16159
16162
44188
42499
16163
16166
42497
16167
16170
42495
16171
16174
42493
16175
44190
16178
42491
16179
44192
16182
42489
16183
44194
16186
42487
16187
44196
16190
42485
16191
44198
44200
44202
44204
44206
16194
16195
16198
42483
16199
16202
44208
42481
16203
16206
44210
42479
16207
16210
44212
42477
16211
44214
16214
44216
42475
16215
44218
16218
44220
42473
16219
44222
16222
44224
42471
16223
44226
16226
44228
42469
16227
44230
44232
44234
44236
44238
16230
16231
16234
44240
42467
16235
16238
42465
16239
16242
42463
16243
16246
42461
16247
44242
16250
42459
16251
44244
16254
42457
16255
44246
16258
42455
16259
44248
16262
42453
16263
44250
44252
44254
44256
44258
16266
16267
16270
42451
16271
16274
44260
42449
16275
16278
44262
42447
16279
16282
44264
42445
16283
44266
16286
44268
42443
16287
44270
16290
44272
42441
16291
44274
16294
44276
42439
16295
44278
16298
44280
42437
16299
44282
44284
44286
44288
44290
16302
16303
44292
16306
16307
44294
16310
16311
44296
16314
16315
44298
16318
16319
44300
16322
16323
44302
16326
16327
44304
16330
16331
44306
16334
16335
44308
16338
16339
44310
16342
16343
44312
16346
16347
44314
16350
16351
44316
16354
16355
44318
16358
16359
44320
16362
16363
44322
16366
16367
44324
16370
16371
44326
16374
16375
44328
16378
44330
43221
16379
44332
16382
44334
43201
16383
44336
16386
44338
43071
16387
44340
16390
44342
43061
16391
44344
16394
44346
43057
16395
44348
16398
44350
43053
16399
44352
16402
44354
43049
16403
44356
16406
44358
43045
16407
44360
16410
44362
43041
16411
44364
16414
44366
43197
16415
44368
16418
16419
44370
16422
44372
43193
16423
44374
16426
44376
43189
16427
44378
16430
44380
43185
16431
44382
16434
44384
43165
16435
44386
16438
16439
44388
16442
44390
43161
16443
44392
16446
44394
43157
16447
44396
16450
44398
43153
16451
44400
16454
44402
43131
16455
44404
16458
16459
44406
16462
44408
43127
16463
44410
16466
44412
43123
16467
44414
16470
44416
43119
16471
44418
16474
44420
43115
16475
44422
16478
16479
44424
16482
16483
44426
16486
16487
44428
16490
16491
44430
16494
16495
44432
16498
16499
44434
16502
16503
44436
16506
16507
44438
16510
16511
44440
16514
16515
44442
16518
44444
43361
16519
44446
16522
44448
43325
16523
44450
16526
44452
43289
16527
44454
16530
44456
43285
16531
44458
16534
44460
43281
16535
44462
16538
44464
43277
16539
44466
16542
44468
43273
16543
44470
16546
16547
44472
16550
44474
43321
16551
44476
16554
44478
43317
16555
44480
16558
44482
43313
16559
44484
16562
44486
43309
16563
44488
16566
16567
44490
16570
44492
43357
16571
44494
16574
44496
43353
16575
44498
16578
44500
43349
16579
44502
16582
44504
43345
16583
44506
16586
16587
44508
16590
44510
43409
16591
44512
16594
44514
43405
16595
44516
16598
44518
43401
16599
44520
16602
44522
43381
16603
44524
16606
44526
43393
16607
44528
16610
44530
43397
16611
44532
16614
44534
43437
16615
44536
16618
44538
43433
16619
44540
16622
44542
43429
16623
44544
16626
44546
43421
16627
44548
16630
44550
43425
16631
44552
16634
44554
43465
16635
44556
16638
44558
43461
16639
44560
16642
44562
43457
16643
44564
16646
44566
43449
16647
44568
16650
44570
43453
16651
44572
16654
16655
44574
16658
16659
44576
16662
16663
44578
16666
44580
43477
16667
44582
16670
44584
43483
16671
16674
44586
43481
16675
44588
44590
16678
44592
43489
16679
44594
16682
44596
43493
16683
44598
16686
44600
43497
16687
44602
16690
44604
43503
16691
16694
44606
43501
16695
44608
44610
16698
44612
43509
16699
44614
16702
44616
43513
16703
44618
16706
44620
43517
16707
44622
16710
44624
43523
16711
16714
44626
43521
16715
44628
44630
16718
44632
43529
16719
44634
16722
44636
43533
16723
44638
16726
44640
43537
16727
44642
16730
44644
43547
16731
16734
44646
43545
16735
44648
44650
16739
44652
43553
16740
26139
16741
43549
44654
43551
16742
32436
16743
44656
43561
16744
16745
44658
43559
16746
31727
32438
16747
16748
26150
16749
43557
16750
31729
31731
31733
32437
32440
16751
43567
16752
16753
16754
32442
16755
16756
16757
16758
32444
16759
43571
16760
44660
16761
44662
43565
16762
32446
16763
44664
43579
16764
16765
16766
32448
16767
16768
44666
16769
16770
31735
32450
16771
44668
44670
43583
16772
16773
43577
16774
32447
32452
16775
44672
44674
43587
16776
44676
16779
44678
43591
16780
16781
16782
32456
16783
44680
43595
16784
16785
16786
32457
32458
16787
44682
44684
43599
16788
44686
16791
44688
43603
16792
16793
16794
32462
16795
44690
43607
16796
16797
16798
32463
32464
16799
44692
44694
43611
16800
44696
16803
44698
43615
16804
16805
16806
32468
16807
44700
43619
16808
16809
16810
32469
32470
16811
44702
44704
43623
16812
44706
16815
44708
43627
16816
16817
16818
32474
16819
44710
43631
16820
16821
16822
32475
32476
16823
44712
44714
43635
16824
44716
16827
44718
43639
16828
16829
16830
32480
16831
44720
43643
16832
16833
16834
32481
32482
16835
44722
44724
43647
16836
44726
16839
44728
43651
16840
16841
16842
32486
16843
44730
43655
16844
16845
16846
32487
32488
16847
44732
44734
43659
16848
44736
16851
44738
43663
16852
16853
16854
32445
32492
16855
44740
44742
43667
16856
16857
16858
32451
32493
32494
16859
43671
16860
44744
16863
16864
16867
16868
16871
16872
16875
16876
16879
16880
44746
16883
16884
44748
16887
16888
44750
16891
16892
44752
16895
16896
44754
16899
16900
44756
16903
16904
44758
16907
16908
44760
16911
16912
44762
16915
16916
44764
16919
16920
44766
16923
16924
44768
16927
16928
44770
16931
16932
44772
16935
16936
44774
16939
16940
44776
16943
16944
44778
16947
16948
44780
16951
16952
44782
16955
16956
44784
16959
16960
44786
16963
16964
44788
16967
16968
44790
16971
16972
44792
16975
16976
44794
16979
16980
44796
16983
16984
44798
16987
16988
44800
16991
16992
44802
16995
16996
44804
16999
17000
44806
17003
17004
44808
17007
17008
44810
17011
17012
44812
17015
17016
44814
17019
17020
44816
17023
17024
44818
17027
17028
44820
17031
17032
44822
17035
17036
44824
17039
17040
44826
17043
17044
44828
17047
17048
44830
17051
17052
44832
17055
17056
44834
17059
17060
44836
17063
17064
44838
17067
17068
44840
17071
17072
44842
17075
17076
44844
17079
17080
44846
17083
17084
44848
17087
17088
44850
17091
17092
44852
17095
17096
44854
17099
17100
44856
17103
17104
44858
17107
17108
44860
17111
17112
44862
17115
17116
44864
17119
17120
44866
17123
17124
44868
17127
17128
44870
17131
17132
44872
17135
17136
44874
17139
17140
44876
17143
17144
44878
17147
17148
17151
17152
44880
17153
17154
44882
17157
17158
44884
17161
17162
44886
17165
17166
44888
17169
17170
44890
17173
17174
44892
17177
17178
44894
17181
43861
17182
44896
17185
43859
17186
44898
17189
43857
17190
44900
17193
43833
17194
44902
17197
43837
17198
44904
17201
43841
17202
44906
17205
43845
17206
44908
17209
43849
17210
44910
17213
43853
17214
44912
17217
43855
17218
44914
17221
17222
44916
17223
43899
17224
44918
17227
43897
17228
44920
17231
43895
17232
44922
17235
44924
43875
17236
44926
17239
43879
17240
44928
17243
43883
17244
44930
17247
43887
17248
44932
17251
44934
43891
17252
44936
17255
43893
17256
44938
44940
44942
17259
17260
44944
17261
43937
17262
44946
17265
43935
17266
44948
17269
44950
43933
17270
44952
17273
43913
17274
44954
17277
43917
17278
44956
17281
43921
17282
44958
17285
44960
43925
17286
44962
17289
44964
43929
17290
44966
17293
44968
43931
17294
44970
44972
44974
44976
17297
17298
44978
17299
44980
43975
17300
44982
17303
43973
17304
44984
17307
43971
17308
44986
17311
43951
17312
44988
17315
44990
43955
17316
44992
17319
44994
43959
17320
44996
17323
44998
43963
17324
45000
17327
45002
43967
17328
45004
17331
45006
43969
17332
45008
45010
45012
45014
17335
17336
45016
17337
45018
44013
17338
45020
17341
44011
17342
45022
17345
44009
17346
45024
17349
43989
17350
45026
17353
45028
43993
17354
45030
17357
45032
43997
17358
45034
17361
45036
44001
17362
45038
17365
45040
44005
17366
45042
17369
45044
44007
17370
45046
45048
45050
45052
17373
17374
45054
17375
45056
44051
17376
45058
17379
44049
17380
45060
17383
44047
17384
45062
17387
44027
17388
45064
17391
45066
44031
17392
45068
17395
45070
44035
17396
45072
17399
45074
44039
17400
45076
17403
45078
44043
17404
45080
17407
45082
44045
17408
45084
45086
45088
45090
17411
17412
45092
17413
45094
44089
17414
45096
17417
44087
17418
45098
17421
44085
17422
45100
17425
44065
17426
45102
17429
45104
44069
17430
45106
17433
45108
44073
17434
45110
17437
45112
44077
17438
45114
17441
45116
44081
17442
45118
17445
45120
44083
17446
45122
45124
45126
45128
17449
17450
45130
17451
17452
45132
17455
17456
45134
45136
45138
45140
45142
17459
17460
17463
17464
17467
45144
44107
17468
17471
44109
17472
17475
44113
17476
45146
17479
44117
17480
45148
17483
45150
44121
17484
45152
17487
45154
44125
17488
45156
17491
17492
45158
45160
45162
45164
45166
17495
45168
45170
45172
45174
45176
45178
45180
44137
17496
17499
17500
17503
17504
17507
17508
17511
17512
45182
17515
17516
45184
17519
17520
45186
17523
17524
45188
17527
17528
45190
45192
45194
45196
45198
17531
17532
17535
44157
17536
17539
44159
17540
17543
44161
17544
17547
44165
17548
45200
17551
44169
17552
45202
17555
44173
17556
45204
17559
45206
44177
17560
45208
17563
17564
45210
45212
45214
45216
45218
17567
45220
45222
45224
45226
45228
45230
45232
45234
44189
17568
17571
17572
17575
17576
17579
17580
17583
17584
45236
17587
17588
45238
17591
17592
45240
17595
17596
45242
17599
17600
45244
45246
45248
45250
45252
17603
17604
17607
44209
17608
17611
44211
17612
17615
44213
17616
17619
44217
17620
45254
17623
44221
17624
45256
17627
44225
17628
45258
17631
44229
17632
45260
17635
17636
45262
45264
45266
45268
45270
17639
45272
45274
45276
45278
45280
45282
45284
45286
45288
44241
17640
17643
17644
17647
17648
17651
17652
17655
17656
45290
17659
17660
45292
17663
17664
45294
17667
17668
45296
17671
17672
45298
45300
45302
45304
45306
17675
17676
17679
44261
17680
17683
44263
17684
17687
44265
17688
17691
44269
17692
45308
17695
44273
17696
45310
17699
44277
17700
45312
17703
44281
17704
45314
17707
17708
45316
45318
45320
45322
45324
17711
17712
45326
17715
17716
45328
17719
17720
45330
17723
17724
45332
17727
17728
45334
17731
17732
45336
17735
17736
45338
17739
17740
45340
17743
17744
45342
17747
17748
45344
17751
17752
45346
17755
17756
45348
17759
17760
45350
17763
17764
45352
17767
17768
45354
17771
17772
45356
17775
17776
45358
17779
17780
45360
17783
45362
44331
17784
45364
17787
45366
44335
17788
45368
17791
45370
44339
17792
45372
17795
45374
44343
17796
45376
17799
45378
44347
17800
45380
17803
45382
44351
17804
45384
17807
45386
44355
17808
45388
17811
45390
44359
17812
45392
17815
45394
44363
17816
45396
17819
45398
44367
17820
45400
17823
17824
45402
17827
45404
44373
17828
45406
17831
45408
44377
17832
45410
17835
45412
44381
17836
45414
17839
45416
44385
17840
45418
17843
17844
45420
17847
45422
44391
17848
45424
17851
45426
44395
17852
45428
17855
45430
44399
17856
45432
17859
45434
44403
17860
45436
17863
17864
45438
17867
45440
44409
17868
45442
17871
45444
44413
17872
45446
17875
45448
44417
17876
45450
17879
45452
44421
17880
45454
17883
17884
45456
17887
17888
45458
17891
17892
45460
17895
17896
45462
17899
17900
45464
17903
17904
45466
17907
17908
45468
17911
17912
45470
17915
17916
45472
17919
17920
45474
17923
45476
44445
17924
45478
17927
45480
44449
17928
45482
17931
45484
44453
17932
45486
17935
45488
44457
17936
45490
17939
45492
44461
17940
45494
17943
45496
44465
17944
45498
17947
45500
44469
17948
45502
17951
17952
45504
17955
45506
44475
17956
45508
17959
45510
44479
17960
45512
17963
45514
44483
17964
45516
17967
45518
44487
17968
45520
17971
17972
45522
17975
45524
44493
17976
45526
17979
45528
44497
17980
45530
17983
45532
44501
17984
45534
17987
45536
44505
17988
45538
17991
45540
44665
17992
45542
17995
45544
44511
17996
45546
17999
45548
44515
18000
45550
18003
45552
44519
18004
45554
18007
45556
44523
18008
45558
18011
45560
44527
18012
45562
18015
45564
44531
18016
45566
18019
45568
44535
18020
45570
18023
45572
44539
18024
45574
18027
45576
44543
18028
45578
18031
45580
44547
18032
45582
18035
45584
44551
18036
45586
18039
45588
44555
18040
45590
18043
45592
44559
18044
45594
18047
45596
44563
18048
45598
18051
45600
44567
18052
45602
18055
45604
44571
18056
45606
18059
45608
44659
18060
45610
18063
45612
44657
18064
45614
18067
45616
44655
18068
45618
18071
45620
44581
18072
45622
18075
45624
44585
18076
45626
18079
45628
44587
18080
18083
44593
18084
45630
45632
18087
45634
45636
44597
18088
45638
18091
45640
44601
18092
45642
18095
45644
44605
18096
45646
18099
45648
44607
18100
18103
44613
18104
45650
45652
18107
45654
45656
44617
18108
45658
18111
45660
44621
18112
45662
18115
45664
44625
18116
45666
18119
45668
44627
18120
18123
44633
18124
45670
45672
18127
45674
45676
44637
18128
45678
18131
45680
44641
18132
45682
18135
45684
44645
18136
45686
18139
45688
44647
18140
18143
44653
18144
45690
45692
18148
45694
45696
44663
18149
26165
18150
44671
18151
33140
18152
45698
44661
18153
26184
18154
18155
33142
18156
45700
44667
18157
26187
18158
18159
32439
32441
33144
18160
45702
44675
18161
26194
18162
18163
33143
33146
18164
44679
18165
45704
18168
44681
18169
26248
18170
18171
33150
18172
45706
45708
44685
18173
26251
18174
18175
33151
33152
18176
44689
18177
45710
18180
44691
18181
26265
18182
18183
33156
18184
45712
45714
44695
18185
26268
18186
18187
33157
33158
18188
44699
18189
45716
18192
44701
18193
26282
18194
18195
33162
18196
45718
45720
44705
18197
26285
18198
18199
33163
33164
18200
44709
18201
45722
18204
44711
18205
26299
18206
18207
33168
18208
45724
45726
44715
18209
26302
18210
18211
33169
33170
18212
44719
18213
45728
18216
44721
18217
26316
18218
18219
33174
18220
45730
45732
44725
18221
26319
18222
18223
33175
33176
18224
44729
18225
45734
18228
44731
18229
26333
18230
18231
33180
18232
45736
45738
44735
18233
26336
18234
18235
33181
33182
18236
44739
18237
45740
18240
44743
18241
26350
18242
18243
32443
33141
33186
18244
18245
26353
18246
18247
32449
33145
33187
33188
18248
18249
45742
18252
18253
18256
18257
18260
18261
18264
18265
18268
18269
45744
18272
18273
45746
18276
18277
45748
18280
18281
45750
18284
18285
45752
18288
18289
45754
18292
18293
45756
18296
18297
45758
18300
18301
45760
18304
18305
45762
18308
18309
45764
18312
18313
45766
18316
18317
45768
18320
18321
45770
18324
18325
45772
18328
18329
45774
18332
18333
45776
18336
18337
45778
18340
18341
45780
18344
18345
45782
18348
18349
45784
18352
18353
45786
18356
18357
45788
18360
18361
45790
18364
18365
45792
18368
18369
45794
18372
18373
45796
18376
18377
45798
18380
18381
45800
18384
18385
45802
18388
18389
45804
18392
18393
45806
18396
18397
45808
18400
18401
45810
18404
18405
45812
18408
18409
45814
18412
18413
45816
18416
18417
45818
18420
18421
45820
18424
18425
45822
18428
18429
45824
18432
18433
45826
18436
18437
45828
18440
18441
45830
18444
18445
45832
18448
18449
45834
18452
18453
45836
18456
18457
45838
18460
18461
45840
18464
18465
45842
18468
18469
45844
18472
18473
45846
18476
18477
45848
18480
18481
45850
18484
18485
45852
18488
18489
45854
18492
18493
45856
18496
18497
45858
18500
18501
45860
18504
18505
45862
18508
18509
45864
18512
18513
45866
18516
18517
45868
18520
18521
45870
18524
18525
45872
18528
18529
45874
18532
18533
45876
18536
18537
18540
18541
45878
18542
18543
45880
18546
18547
45882
18550
18551
45884
18554
18555
45886
18558
18559
45888
18562
18563
45890
18566
18567
45892
18570
18571
45894
18574
18575
45896
18578
18579
45898
18582
18583
45900
18586
18587
45902
18590
18591
45904
18594
18595
45906
18598
18599
45908
18602
18603
45910
18606
18607
18610
18611
45912
18612
18613
45914
18616
18617
45916
18620
18621
45918
18624
18625
45920
18628
18629
45922
18632
18633
45924
18636
18637
45926
18640
44943
18641
45928
18644
44941
18645
18648
18649
45930
18650
18651
45932
18654
18655
45934
18658
44977
18659
45936
18662
44975
18663
45938
18666
44973
18667
45940
18670
44961
18671
45942
18674
44965
18675
45944
18678
44969
18679
45946
18682
44971
18683
18686
18687
45948
18688
45015
18689
45950
18692
45013
18693
45952
18696
45011
18697
45954
18700
44991
18701
45956
18704
44995
18705
45958
18708
44999
18709
45960
18712
45003
18713
45962
18716
45007
18717
45964
18720
45009
18721
18724
18725
45966
18726
45053
18727
45968
18730
45051
18731
45970
18734
45049
18735
45972
18738
45029
18739
45974
18742
45033
18743
45976
18746
45037
18747
45978
18750
45041
18751
45980
18754
45982
45045
18755
45984
18758
45047
18759
45986
18762
18763
45988
18764
45091
18765
45990
18768
45089
18769
45992
18772
45994
45087
18773
45996
18776
45067
18777
45998
18780
45071
18781
46000
18784
45075
18785
46002
18788
46004
45079
18789
46006
18792
45083
18793
46008
18796
45085
18797
46010
18800
18801
46012
18802
45129
18803
46014
18806
46016
45127
18807
46018
18810
45125
18811
46020
18814
45105
18815
46022
18818
45109
18819
46024
18822
46026
45113
18823
46028
18826
45117
18827
46030
18830
45121
18831
46032
18834
45123
18835
46034
46036
46038
46040
18838
18839
46042
18840
18841
46044
18844
18845
46046
46048
46050
46052
46054
18848
46056
46058
46060
46062
46064
46066
46068
46070
46072
46074
46076
46078
46080
46082
46084
46086
46088
46090
46092
46094
46096
46098
46100
46102
46104
46106
46108
46110
46112
46114
46116
46118
46120
45181
18849
18852
45179
18853
18856
45177
18857
18860
45175
18861
18864
45173
18865
46122
18868
45151
18869
46124
18872
45155
18873
46126
18876
45171
18877
46128
18880
45169
18881
46130
46132
46134
46136
46138
18884
18885
18888
18889
18892
18893
18896
18897
18900
18901
46140
18904
18905
46142
18908
18909
46144
18912
18913
46146
18916
18917
46148
46150
46152
46154
46156
18920
46158
46160
46162
46164
46166
46168
46170
46172
46174
45235
18921
18924
45233
18925
18928
45231
18929
18932
45229
18933
18936
45227
18937
46176
18940
45225
18941
46178
18944
45207
18945
46180
18948
45223
18949
46182
18952
45221
18953
46184
46186
46188
46190
46192
18956
18957
18960
18961
18964
18965
18968
18969
18972
18973
46194
18976
18977
46196
18980
18981
46198
18984
18985
46200
18988
18989
46202
46204
46206
46208
46210
18992
46212
46214
46216
46218
46220
46222
46224
46226
46228
45289
18993
18996
45287
18997
19000
45285
19001
19004
45283
19005
19008
45281
19009
46230
19012
45279
19013
46232
19016
45277
19017
46234
19020
45275
19021
46236
19024
45273
19025
46238
46240
46242
46244
46246
19028
19029
19032
19033
19036
19037
19040
19041
19044
19045
46248
19048
19049
46250
19052
19053
46252
19056
19057
46254
19060
19061
46256
46258
46260
46262
46264
19064
19065
19068
19069
19072
19073
19076
19077
19080
19081
46266
19084
19085
46268
19088
19089
46270
19092
19093
46272
19096
19097
46274
46276
46278
46280
46282
19100
19101
46284
19104
19105
46286
19108
19109
46288
19112
19113
46290
19116
19117
46292
19120
19121
46294
19124
19125
46296
19128
19129
46298
19132
19133
46300
19136
19137
46302
19140
19141
46304
19144
19145
46306
19148
19149
46308
19152
19153
46310
19156
19157
46312
19160
19161
46314
19164
19165
46316
19168
46318
45363
19169
46320
19172
46322
45367
19173
46324
19176
46326
45371
19177
46328
19180
46330
45375
19181
46332
19184
46334
45379
19185
46336
19188
46338
45383
19189
46340
19192
46342
45387
19193
46344
19196
46346
45391
19197
46348
19200
46350
45395
19201
46352
19204
46354
45399
19205
46356
19208
19209
46358
19212
46360
45405
19213
46362
19216
46364
45409
19217
46366
19220
46368
45413
19221
46370
19224
46372
45417
19225
46374
19228
19229
46376
19232
46378
45423
19233
46380
19236
46382
45427
19237
46384
19240
46386
45431
19241
46388
19244
46390
45435
19245
46392
19248
19249
46394
19252
46396
45441
19253
46398
19256
46400
45445
19257
46402
19260
46404
45449
19261
46406
19264
46408
45453
19265
46410
19268
19269
46412
19272
19273
46414
19276
19277
46416
19280
19281
46418
19284
19285
46420
19288
19289
46422
19292
19293
46424
19296
19297
46426
19300
19301
46428
19304
46430
45703
19305
46432
19308
46434
45477
19309
46436
19312
46438
45481
19313
46440
19316
46442
45485
19317
46444
19320
46446
45489
19321
46448
19324
46450
45493
19325
46452
19328
46454
45497
19329
46456
19332
46458
45501
19333
46460
19336
46462
45701
19337
46464
19340
46466
45507
19341
46468
19344
46470
45511
19345
46472
19348
46474
45515
19349
46476
19352
46478
45519
19353
46480
19356
46482
45699
19357
46484
19360
46486
45525
19361
46488
19364
46490
45529
19365
46492
19368
46494
45533
19369
46496
19372
46498
45537
19373
46500
19376
46502
45541
19377
46504
19380
46506
45545
19381
46508
19384
46510
45549
19385
46512
19388
46514
45553
19389
46516
19392
46518
45557
19393
46520
19396
46522
45561
19397
46524
19400
46526
45565
19401
46528
19404
46530
45569
19405
46532
19408
46534
45573
19409
46536
19412
46538
45577
19413
46540
19416
46542
45581
19417
46544
19420
46546
45585
19421
46548
19424
46550
45589
19425
46552
19428
46554
45593
19429
46556
19432
46558
45597
19433
46560
19436
46562
45601
19437
46564
19440
46566
45605
19441
46568
19444
46570
45609
19445
46572
19448
46574
45613
19449
46576
19452
46578
45617
19453
46580
19456
46582
45621
19457
46584
19460
46586
45625
19461
46588
19464
46590
45629
19465
46592
19468
46594
45637
19469
19472
45635
19473
46596
46598
19476
46600
46602
45641
19477
46604
19480
46606
45645
19481
46608
19484
46610
45649
19485
46612
19488
46614
45657
19489
19492
45655
19493
46616
46618
19496
46620
46622
45661
19497
46624
19500
46626
45665
19501
46628
19504
46630
45669
19505
46632
19508
46634
45677
19509
19512
45675
19513
46636
46638
19516
46640
46642
45681
19517
46644
19520
46646
45685
19521
46648
19524
46650
45689
19525
46652
19528
46654
45697
19529
19532
45695
19533
46656
46658
19537
46660
46662
45709
19538
26245
19539
44673
45707
19540
33834
19541
46664
46666
46668
45715
19542
26262
19543
44683
45713
19544
33835
33836
19545
45721
19546
26279
19547
44693
45719
19548
33837
33838
19549
46670
46672
46674
46676
46678
45727
19550
26296
19551
44703
45725
19552
33839
33840
19553
46680
45733
19554
26313
19555
44713
45731
19556
33841
33842
19557
46682
46684
46686
45739
19558
26330
19559
44723
45737
19560
33843
33844
19561
19562
26347
19563
44733
19564
33845
33846
19565
19566
26364
19567
44939
19568
33847
33848
19569
19570
19573
19574
19577
19578
19581
19582
19585
19586
46688
19589
19590
46690
19593
19594
46692
19597
19598
46694
19601
19602
46696
19605
19606
46698
19609
19610
46700
19613
19614
46702
19617
19618
46704
19621
19622
46706
19625
19626
46708
19629
19630
46710
19633
19634
46712
19637
19638
46714
19641
19642
46716
19645
19646
46718
19649
19650
46720
19653
19654
46722
19657
19658
46724
19661
19662
46726
19665
19666
46728
19669
19670
46730
19673
19674
46732
19677
19678
46734
19681
19682
46736
19685
19686
46738
19689
19690
46740
19693
19694
46742
19697
19698
46744
19701
19702
46746
19705
19706
46748
19709
19710
46750
19713
19714
46752
19717
19718
46754
19721
19722
46756
19725
19726
46758
19729
19730
46760
19733
19734
46762
19737
19738
46764
19741
19742
46766
19745
19746
46768
19749
19750
46770
19753
19754
46772
19757
19758
46774
19761
19762
46776
19765
19766
46778
19769
19770
46780
19773
19774
46782
19777
19778
46784
19781
19782
46786
19785
19786
46788
19789
19790
46790
19793
19794
46792
19797
19798
46794
19801
19802
46796
19805
19806
46798
19809
19810
46800
19813
19814
46802
19817
19818
46804
19821
19822
46806
19825
19826
46808
19829
19830
46810
19833
19834
46812
19837
19838
46814
19841
19842
46816
19845
19846
46818
19849
19850
46820
19853
19854
19857
19858
46822
19859
19860
46824
19863
19864
46826
19867
19868
46828
19871
19872
46830
19875
19876
46832
19879
19880
46834
19883
19884
46836
19887
19888
46838
19891
19892
46840
19895
19896
46842
19899
19900
46844
19903
19904
46846
19907
19908
46848
19911
19912
46850
19915
19916
46852
19919
19920
46854
19923
19924
19927
19928
46856
19929
19930
46858
19933
19934
46860
19937
19938
46862
19941
19942
46864
19945
19946
46866
19949
19950
46868
19953
19954
46870
19957
19958
46872
19961
19962
19965
19966
46874
19967
19968
46876
19971
19972
46878
19975
19976
46880
19979
19980
46882
19983
19984
46884
19987
19988
46886
19991
19992
46888
19995
19996
46890
19999
20000
20003
20004
46892
20005
20006
46894
20009
20010
46896
20013
46121
20014
46898
20017
46119
20018
46900
20021
46117
20022
46902
20025
46115
20026
46904
20029
46113
20030
46906
20033
46111
20034
46908
20037
46109
20038
20041
20042
46910
20043
46107
20044
46912
20047
46105
20048
46914
20051
46103
20052
46916
20055
46101
20056
46918
20059
46099
20060
46920
20063
46097
20064
46922
20067
46095
20068
46924
20071
46093
20072
46926
20075
46091
20076
20079
20080
46928
20081
46089
20082
46930
20085
46087
20086
46932
20089
46085
20090
46934
20093
46083
20094
46936
20097
46081
20098
46938
20101
46079
20102
46940
20105
46077
20106
46942
20109
46075
20110
46944
20113
46073
20114
46946
20117
20118
46948
20119
46071
20120
46950
20123
46069
20124
46952
20127
46067
20128
46954
20131
46065
20132
46956
20135
46063
20136
46958
20139
46960
46041
20140
46962
20143
46039
20144
46964
20147
46037
20148
46966
20151
46035
20152
46968
20155
20156
46970
20157
46972
46061
20158
46974
20161
46059
20162
46976
46978
46980
46982
46984
20165
20166
20169
20170
20173
20174
20177
20178
20181
20182
46986
20185
20186
46988
20189
20190
46990
20193
20194
46992
20197
20198
46994
46996
46998
47000
47002
20201
47004
47006
47008
47010
47012
47014
47016
47018
47020
47022
47024
47026
47028
47030
47032
47034
47036
46175
20202
20205
46173
20206
20209
46171
20210
20213
46169
20214
20217
46167
20218
47038
20221
46165
20222
47040
20225
46163
20226
47042
20229
46161
20230
47044
20233
46159
20234
47046
47048
47050
47052
47054
20237
20238
20241
20242
20245
20246
20249
20250
20253
20254
47056
20257
20258
47058
20261
20262
47060
20265
20266
47062
20269
20270
47064
47066
47068
47070
47072
20273
47074
47076
47078
47080
47082
47084
47086
47088
47090
46229
20274
20277
46227
20278
20281
46225
20282
20285
46223
20286
20289
46221
20290
47092
20293
46219
20294
47094
20297
46217
20298
47096
20301
46215
20302
47098
20305
46213
20306
47100
47102
47104
47106
47108
20309
20310
20313
20314
20317
20318
20321
20322
20325
20326
47110
20329
20330
47112
20333
20334
47114
20337
20338
47116
20341
20342
47118
47120
47122
47124
47126
20345
20346
20349
20350
20353
20354
20357
20358
20361
20362
47128
20365
20366
47130
20369
20370
47132
20373
20374
47134
20377
20378
47136
47138
47140
47142
47144
20381
20382
20385
20386
20389
20390
20393
20394
20397
20398
47146
20401
20402
47148
20405
20406
47150
20409
20410
47152
20413
20414
47154
47156
47158
47160
47162
20417
20418
47164
20421
20422
47166
20425
20426
47168
20429
20430
47170
20433
20434
47172
20437
20438
47174
20441
20442
47176
20445
20446
47178
20449
20450
47180
20453
20454
47182
20457
20458
47184
20461
20462
47186
20465
20466
47188
20469
20470
47190
20473
20474
47192
20477
20478
47194
20481
47196
46319
20482
47198
20485
47200
46323
20486
47202
20489
47204
46327
20490
47206
20493
47208
46331
20494
47210
20497
47212
46335
20498
47214
20501
47216
46339
20502
47218
20505
47220
46343
20506
47222
20509
47224
46347
20510
47226
20513
47228
46351
20514
47230
20517
47232
46355
20518
47234
20521
20522
47236
20525
47238
46361
20526
47240
20529
47242
46365
20530
47244
20533
47246
46369
20534
47248
20537
47250
46373
20538
47252
20541
20542
47254
20545
47256
46379
20546
47258
20549
47260
46383
20550
47262
20553
47264
46387
20554
47266
20557
47268
46391
20558
47270
20561
20562
47272
20565
47274
46397
20566
47276
20569
47278
46401
20570
47280
20573
47282
46405
20574
47284
20577
47286
46409
20578
47288
20581
20582
47290
20585
20586
47292
20589
20590
47294
20593
20594
47296
20597
20598
47298
20601
20602
47300
20605
20606
47302
20609
47304
46679
20610
47306
20613
47308
46669
20614
47310
20617
47312
46431
20618
47314
20621
47316
46435
20622
47318
20625
47320
46439
20626
47322
20629
47324
46443
20630
47326
20633
47328
46447
20634
47330
20637
47332
46451
20638
47334
20641
47336
46455
20642
47338
20645
47340
46459
20646
47342
20649
47344
46463
20650
47346
20653
47348
46467
20654
47350
20657
47352
46471
20658
47354
20661
47356
46475
20662
47358
20665
47360
46479
20666
47362
20669
47364
46483
20670
47366
20673
47368
46487
20674
47370
20677
47372
46491
20678
47374
20681
47376
46495
20682
47378
20685
47380
46499
20686
47382
20689
47384
46503
20690
47386
20693
47388
46507
20694
47390
20697
47392
46511
20698
47394
20701
47396
46515
20702
47398
20705
47400
46519
20706
47402
20709
47404
46523
20710
47406
20713
47408
46527
20714
47410
20717
47412
46531
20718
47414
20721
47416
46535
20722
47418
20725
47420
46539
20726
47422
20729
47424
46543
20730
47426
20733
47428
46547
20734
47430
20737
47432
46551
20738
47434
20741
47436
46555
20742
47438
20745
47440
46559
20746
47442
20749
47444
46563
20750
47446
20753
47448
46567
20754
47450
20757
47452
46571
20758
47454
20761
47456
46575
20762
47458
20765
47460
46579
20766
47462
20769
47464
46583
20770
47466
20773
47468
46587
20774
47470
20777
47472
46591
20778
47474
20781
47476
46595
20782
47478
20785
47480
46603
20786
20789
46601
20790
47482
47484
20793
47486
47488
46607
20794
47490
20797
47492
46611
20798
47494
20801
47496
46615
20802
47498
20805
47500
46623
20806
20809
46621
20810
47502
47504
20813
47506
47508
46627
20814
47510
20817
47512
46631
20818
47514
20821
47516
46635
20822
47518
20825
47520
46643
20826
20829
46641
20830
47522
47524
20833
47526
47528
46647
20834
47530
20837
47532
46651
20838
47534
20841
47536
46655
20842
47538
20845
47540
46663
20846
20849
46661
20850
47542
47544
20854
20855
26503
20858
20859
27034
20862
20863
27037
20866
20867
27064
20870
20871
27067
47546
20874
20875
27094
47548
20878
20879
27097
47550
20882
20883
27124
47552
20886
20887
27127
47554
20890
20891
27154
47556
20894
20895
27157
47558
20898
20899
27184
47560
20902
20903
27187
47562
20906
20907
27214
47564
20910
20911
27217
47566
20914
20915
27244
47568
20918
20919
27271
47570
20922
20923
27274
47572
20926
20927
27277
47574
20930
20931
27280
47576
20934
20935
27283
47578
20938
20939
27286
47580
20942
20943
27289
47582
20946
20947
27292
47584
20950
20951
27295
47586
20954
20955
27322
47588
20958
20959
27325
47590
20962
20963
27328
47592
20966
20967
27331
47594
20970
20971
27334
47596
20974
20975
27337
47598
20978
20979
27340
47600
20982
20983
27343
47602
20986
20987
27346
47604
20990
20991
27373
47606
20994
20995
27376
47608
20998
20999
27379
47610
21002
21003
27382
47612
21006
21007
27385
47614
21010
21011
27388
47616
21014
21015
27391
47618
21018
21019
27394
47620
21022
21023
27397
47622
21026
21027
27424
47624
21030
21031
27427
47626
21034
21035
27430
47628
21038
21039
27433
47630
21042
21043
27436
47632
21046
21047
27439
47634
21050
21051
27442
47636
21054
21055
27445
47638
21058
21059
27448
47640
21062
21063
27475
47642
21066
21067
27478
47644
21070
21071
27481
47646
21074
21075
27484
47648
21078
21079
27487
47650
21082
21083
27490
47652
21086
21087
27493
47654
21090
21091
27496
47656
21094
21095
27499
47658
21098
21099
27526
47660
21102
21103
27529
47662
21106
21107
27532
47664
21110
21111
27535
47666
21114
21115
27538
47668
21118
21119
27541
47670
21122
21123
27544
47672
21126
21127
27547
47674
21130
21131
27550
47676
21134
21135
27577
47678
21138
21139
27580
21142
21143
47680
21144
21145
27584
47682
21148
21149
27587
47684
21152
21153
27590
47686
21156
21157
27593
47688
21160
21161
27596
47690
21164
21165
27599
47692
21168
21169
27602
47694
21172
21173
27629
47696
21176
21177
27632
47698
21180
21181
27635
47700
21184
21185
27638
47702
21188
21189
27641
47704
21192
21193
27644
47706
21196
21197
27647
47708
21200
21201
27650
47710
21204
21205
27653
47712
21208
21209
27656
21212
21213
47714
21214
21215
27660
47716
21218
21219
27663
47718
21222
21223
27666
47720
21226
21227
27669
47722
21230
21231
27672
47724
21234
21235
27675
47726
21238
21239
27678
47728
21242
21243
27681
47730
21246
21247
27684
21250
21251
47732
21252
21253
27688
47734
21256
21257
27691
47736
21260
21261
27694
47738
21264
21265
27697
47740
21268
21269
27700
47742
21272
21273
27703
47744
21276
21277
27706
47746
21280
21281
27709
47748
21284
21285
27712
21288
21289
47750
21290
21291
27716
47752
21294
21295
27719
47754
21298
21299
27722
47756
21302
21303
27725
47758
21306
21307
27728
47760
21310
21311
27731
47762
21314
21315
27734
47764
21318
21319
27737
47766
21322
21323
27740
21326
21327
47768
21328
21329
27744
47770
21332
21333
27747
47772
21336
21337
27750
47774
21340
21341
27753
47776
21344
21345
27756
47778
21348
21349
27759
47780
21352
21353
27762
47782
21356
21357
27765
47784
21360
21361
27768
21364
21365
47786
21366
21367
27772
47788
21370
21371
27775
47790
21374
21375
27778
47792
21378
21379
27781
47794
21382
21383
27784
47796
21386
21387
27787
47798
21390
21391
27790
47800
21394
21395
27793
47802
21398
21399
27796
21402
21403
47804
21404
21405
27800
47806
21408
21409
27803
47808
21412
21413
27806
47810
21416
21417
27809
47812
21420
21421
27812
47814
21424
21425
27815
47816
21428
21429
27818
47818
21432
21433
27821
47820
21436
21437
27824
21440
21441
47822
21442
21443
27828
47824
21446
21447
27831
47826
47828
47830
47832
47834
21450
21451
21454
21455
28569
21458
21459
28572
21462
47037
21463
28575
21466
47035
21467
28578
47836
21470
47033
21471
28581
47838
21474
47031
21475
28584
47840
21478
47029
21479
28587
47842
21482
47027
21483
28590
47844
47846
47848
47850
47852
21486
21487
21490
21491
28628
21494
21495
28631
21498
21499
28634
21502
21503
28637
47854
21506
21507
28640
47856
21510
21511
28643
47858
21514
21515
28646
47860
21518
21519
28649
47862
47864
47866
47868
47870
21522
47091
21523
21526
47089
21527
28687
21530
47087
21531
28690
21534
47085
21535
28693
21538
47083
21539
28696
47872
21542
47081
21543
28699
47874
21546
47079
21547
28702
47876
21550
47077
21551
28705
47878
21554
47075
21555
28708
47880
47882
47884
47886
47888
21558
21559
21562
21563
28746
21566
21567
28749
21570
21571
28752
21574
21575
28755
47890
21578
21579
28758
47892
21582
21583
28761
47894
21586
21587
28764
47896
21590
21591
28767
47898
47900
47902
47904
47906
21594
21595
21598
21599
28805
21602
21603
28808
21606
21607
28811
21610
21611
28814
47908
21614
21615
28817
47910
21618
21619
28820
47912
21622
21623
28823
47914
21626
21627
28826
47916
47918
47920
47922
47924
21630
21631
21634
21635
28864
21638
21639
28867
21642
21643
28870
21646
21647
28873
47926
21650
21651
28876
47928
21654
21655
28879
47930
21658
21659
28882
47932
21662
21663
28885
47934
47936
47938
47940
47942
21666
21667
21670
21671
28923
21674
21675
28926
21678
21679
28929
21682
21683
28932
47944
21686
21687
28935
47946
21690
21691
28938
47948
21694
21695
28941
47950
21698
21699
28944
47952
47954
47956
47958
47960
21702
21703
47962
21706
21707
47964
21710
21711
47966
21714
21715
47968
21718
21719
47970
21722
21723
47972
21726
21727
47974
21730
21731
47976
21734
21735
47978
21738
21739
47980
21742
21743
47982
21746
21747
47984
21750
21751
47986
21754
21755
47988
21758
21759
47990
21762
47197
21763
47992
21766
47201
21767
47994
21770
47205
21771
47996
21774
47209
21775
47998
21778
47213
21779
48000
21782
47217
21783
48002
21786
47221
21787
48004
21790
47225
21791
48006
21794
47229
21795
48008
21798
47233
21799
48010
21802
21803
48012
21806
48014
48016
48018
48020
48022
48024
48026
47239
21807
48028
21810
48030
48032
47243
21811
48034
21814
48036
47247
21815
48038
21818
48040
47251
21819
48042
21822
21823
48044
21826
48046
47257
21827
48048
21830
48050
47261
21831
48052
21834
48054
47265
21835
48056
21838
48058
47269
21839
48060
21842
21843
48062
21846
48064
47275
21847
48066
21850
48068
47279
21851
48070
21854
48072
47283
21855
48074
21858
48076
47287
21859
48078
21862
21863
48080
21866
21867
48082
21870
21871
48084
21874
21875
48086
21878
21879
48088
21882
21883
48090
21886
21887
48092
21890
48094
47305
21891
48096
21894
48098
47309
21895
48100
21898
48102
47313
21899
48104
21902
48106
47317
21903
48108
21906
48110
47321
21907
48112
21910
48114
47325
21911
48116
21914
48118
47329
21915
48120
21918
48122
47333
21919
48124
21922
48126
47337
21923
48128
21926
48130
47341
21927
48132
21930
48134
47345
21931
48136
21934
48138
47349
21935
48140
21938
48142
47353
21939
48144
21942
48146
47357
21943
48148
21946
48150
47361
21947
48152
21950
48154
47365
21951
48156
21954
48158
47369
21955
48160
21958
48162
47373
21959
48164
21962
48166
47377
21963
48168
21966
48170
47381
21967
48172
21970
48174
47385
21971
48176
21974
48178
47389
21975
48180
21978
48182
47393
21979
48184
21982
48186
47397
21983
48188
21986
48190
47401
21987
48192
21990
48194
47405
21991
48196
21994
48198
47409
21995
48200
21998
48202
47413
21999
48204
22002
48206
47417
22003
48208
22006
48210
47421
22007
48212
22010
48214
47425
22011
48216
22014
48218
47429
22015
48220
22018
48222
47433
22019
48224
22022
48226
47437
22023
48228
22026
48230
47441
22027
48232
22030
48234
47445
22031
48236
22034
48238
47449
22035
48240
22038
48242
47453
22039
48244
22042
48246
47457
22043
48248
22046
48250
47461
22047
48252
22050
48254
47465
22051
48256
22054
48258
47469
22055
48260
22058
48262
47473
22059
48264
22062
48266
47477
22063
48268
22066
48270
47481
22067
48272
22070
48274
47489
22071
22074
47487
22075
48276
48278
22078
48280
48282
47493
22079
48284
22082
48286
47497
22083
48288
22086
48290
47501
22087
48292
22090
48294
47509
22091
22094
47507
22095
48296
48298
22098
48300
48302
47513
22099
48304
22102
48306
47517
22103
48308
22106
48310
47521
22107
48312
22110
48314
47529
22111
22114
47527
22115
48316
48318
22118
48320
48322
47533
22119
48324
22122
48326
47537
22123
48328
22126
48330
47541
22127
48332
22130
22131
22134
22135
48334
48336
22139
22140
28566
48338
22143
22144
28625
48340
22147
22148
28684
48342
22151
22152
28743
48344
22155
22156
28802
48346
22159
22160
28861
48348
22163
22164
28920
48350
22167
22168
28979
48352
22171
22172
48354
22175
22176
29961
48356
22179
22180
29964
48358
22183
22184
29967
48360
22187
22188
29970
48362
22191
22192
29973
48364
22195
22196
29976
48366
22199
22200
29979
48368
22203
22204
29982
48370
22207
22208
48372
22211
22212
30020
48374
22215
22216
30023
48376
22219
22220
30026
48378
22223
22224
30029
48380
22227
22228
30032
48382
22231
22232
30035
48384
22235
22236
30038
48386
22239
22240
30041
48388
22243
22244
48390
22247
22248
30079
48392
22251
22252
30082
48394
22255
22256
30085
48396
22259
22260
30088
48398
22263
22264
30091
48400
22267
22268
30094
48402
22271
48033
22272
30097
48404
22275
48037
22276
30100
48406
22279
48041
22280
48408
22283
22284
48410
22287
48047
22288
48412
22291
48051
22292
48414
22295
48055
22296
48416
22299
48059
22300
48418
22303
22304
48420
22307
48065
22308
48422
22311
48069
22312
48424
22315
48073
22316
48426
22319
48077
22320
48428
22323
22324
48430
22327
22328
48432
22331
22332
48434
22335
22336
48436
22339
22340
48438
22343
22344
48440
22347
22348
48442
22351
48095
22352
48444
22355
48099
22356
48446
22359
48103
22360
48448
22363
48107
22364
48450
22367
48111
22368
48452
22371
48115
22372
48454
22375
48119
22376
48456
22379
48123
22380
48458
22383
48127
22384
48460
22387
48131
22388
48462
22391
48135
22392
48464
22395
48139
22396
48466
22399
48143
22400
48468
22403
48147
22404
48470
22407
48151
22408
48472
22411
48155
22412
48474
22415
48159
22416
48476
22419
48163
22420
48478
22423
48167
22424
48480
22427
48171
22428
48482
22431
48175
22432
48484
22435
48179
22436
48486
22439
48183
22440
48488
22443
48187
22444
48490
22447
48191
22448
48492
22451
48195
22452
48494
22455
48199
22456
48496
22459
48203
22460
48498
22463
48207
22464
48500
22467
48502
48211
22468
48504
22471
48506
48215
22472
48508
22475
48510
48219
22476
48512
22479
48514
48223
22480
48516
22483
48518
48227
22484
48520
22487
48522
48231
22488
48524
22491
48526
48235
22492
48528
22495
48530
48239
22496
48532
22499
48534
48243
22500
48536
22503
48538
48247
22504
48540
22507
48542
48251
22508
48544
22511
48546
48255
22512
48548
22515
48550
48259
22516
48552
22519
48554
48263
22520
48556
22523
48558
48267
22524
48560
22527
48562
48271
22528
48564
22531
48566
48275
22532
48568
22535
48570
48283
22536
22539
48281
22540
48572
48574
22543
48576
48578
48287
22544
48580
22547
48582
48291
22548
48584
22551
48586
48295
22552
48588
22555
48590
48303
22556
22559
48301
22560
48592
48594
22563
48596
48598
48307
22564
48600
22567
48602
48311
22568
48604
22571
48606
48315
22572
48608
22575
48610
48323
22576
22579
48321
22580
48612
48614
22583
48616
48618
48327
22584
48620
22587
48622
48331
22588
48624
22591
22592
48626
22595
22596
22599
22600
48628
48630
22604
22605
29958
48632
22608
22609
30017
48634
22612
22613
30076
48636
22616
22617
30135
48638
22620
22621
48640
22624
22625
31121
48642
22628
22629
31124
48644
22632
22633
31127
48646
22636
22637
31130
48648
22640
22641
48650
22644
22645
31152
48652
22648
22649
31155
48654
22652
22653
31158
48656
22656
22657
31161
48658
22660
22661
48660
22664
22665
31183
48662
22668
22669
31186
48664
22672
22673
31189
48666
22676
22677
31192
48668
22680
22681
48670
22684
22685
48672
22688
22689
48674
22692
22693
48676
22696
22697
48678
22700
22701
48680
22704
22705
48682
22708
22709
48684
22712
22713
48686
22716
22717
48688
22720
22721
48690
22724
22725
48692
22728
22729
48694
22732
22733
48696
22736
22737
48698
22740
22741
48700
22744
22745
48702
22748
22749
48704
22752
22753
48706
22756
22757
48708
22760
22761
48710
22764
22765
48712
22768
22769
48714
22772
22773
48716
22776
22777
48718
22780
22781
48720
22784
22785
48722
22788
22789
48724
22792
22793
48726
22796
22797
48728
22800
48503
22801
48730
22804
48507
22805
48732
22808
48511
22809
48734
22812
48515
22813
48736
22816
48519
22817
48738
22820
48523
22821
48740
22824
48527
22825
48742
22828
48531
22829
48744
22832
48535
22833
48746
22836
48539
22837
48748
22840
48543
22841
48750
22844
48547
22845
48752
22848
48551
22849
48754
22852
48555
22853
48756
22856
48559
22857
48758
22860
48563
22861
48760
22864
48762
48567
22865
48764
22868
48766
48571
22869
48768
22872
48770
48579
22873
22876
48577
22877
48772
48774
22880
48776
48778
48583
22881
48780
22884
48782
48587
22885
48784
22888
48786
48591
22889
48788
22892
48790
48599
22893
22896
48597
22897
48792
48794
22900
48796
48798
48603
22901
48800
22904
48802
48607
22905
48804
22908
48806
48611
22909
48808
22912
48810
48619
22913
22916
48617
22917
48812
48814
22920
48816
48818
48623
22921
48820
22924
22925
48822
22928
22929
48824
22932
22933
22936
22937
48826
48828
22941
22942
31118
48830
22945
22946
31149
48832
22949
22950
31180
48834
22953
22954
31211
48836
22957
22958
48838
22961
22962
31361
48840
22965
22966
31364
48842
22969
22970
31367
48844
22973
22974
31370
48846
22977
22978
48848
22981
22982
31392
48850
22985
22986
31395
48852
22989
22990
31398
48854
22993
22994
31401
48856
22997
22998
48858
23001
23002
31423
48860
23005
23006
31426
48862
23009
23010
31429
48864
23013
23014
31432
48866
23017
23018
48868
23021
23022
48870
23025
23026
48872
23029
23030
48874
23033
23034
48876
23037
23038
48878
23041
23042
48880
23045
23046
48882
23049
23050
48884
23053
23054
48886
23057
23058
48888
23061
23062
48890
23065
23066
48892
23069
23070
48894
23073
23074
48896
23077
23078
48898
23081
23082
48900
23085
23086
48902
23089
23090
48904
23093
23094
48906
23097
23098
48908
23101
23102
48910
23105
23106
48912
23109
23110
48914
23113
23114
48916
23117
23118
48918
23121
23122
48920
23125
23126
48922
23129
23130
48924
23133
48763
23134
48926
23137
48767
23138
48928
23141
48771
23142
48930
23145
48779
23146
23149
48777
23150
48932
48934
23153
48783
23154
48936
23157
48787
23158
48938
23161
48791
23162
48940
23165
48799
23166
23169
48797
23170
48942
48944
23173
48803
23174
48946
23177
48807
23178
48948
23181
48811
23182
48950
23185
48819
23186
23189
48817
23190
48952
48954
23193
23194
48956
23197
23198
48958
23201
23202
48960
23205
23206
23209
23210
48962
48964
23214
23215
31358
48966
23218
23219
31389
48968
23222
23223
31420
48970
23226
23227
31451
48972
23230
23231
48974
23234
23235
31505
48976
23238
23239
31508
48978
23242
23243
31511
48980
23246
23247
31514
48982
23250
23251
48984
23254
23255
31536
48986
23258
23259
31539
48988
23262
23263
31542
48990
23266
23267
31545
48992
23270
23271
48994
23274
23275
31567
48996
23278
23279
31570
48998
23282
23283
31573
49000
23286
23287
31576
49002
23290
23291
49004
23294
23295
49006
23298
23299
49008
23302
23303
49010
23306
23307
49012
23310
23311
49014
23314
23315
49016
23318
23319
49018
23322
23323
49020
23326
23327
49022
23330
23331
49024
23334
23335
49026
23338
23339
49028
23342
23343
49030
23346
23347
49032
23350
23351
49034
23354
23355
23358
23359
49036
49038
23362
23363
49040
23366
23367
49042
23370
23371
49044
23374
23375
23378
23379
49046
49048
23382
23383
49050
23386
23387
49052
23390
23391
49054
23394
23395
23398
23399
49056
49058
23402
23403
49060
23406
23407
49062
23410
23411
49064
23414
23415
23418
23419
49066
49068
23423
23424
31502
49070
23427
23428
31533
49072
23431
23432
31564
49074
23435
23436
31595
49076
23439
23440
49078
23443
23444
31609
49080
23447
23448
31612
49082
23451
23452
31615
49084
23455
23456
31618
49086
23459
23460
49088
23463
23464
31632
49090
23467
23468
31635
49092
23471
23472
31638
49094
23475
23476
31641
49096
23479
23480
49098
23483
23484
31655
49100
23487
23488
31658
49102
23491
23492
31661
49104
23495
23496
31664
49106
23499
23500
23503
23504
49108
49110
23507
23508
49112
23511
23512
49114
23515
23516
49116
23519
23520
23523
23524
49118
49120
23527
23528
49122
23531
23532
49124
23535
23536
49126
23539
23540
23543
23544
49128
49130
23547
23548
49132
23551
23552
49134
23555
23556
49136
23559
23560
23563
23564
49138
49140
23568
23569
31606
49142
23572
23573
31629
49144
23576
23577
31652
49146
23580
23581
31675
23584
23585
31678
49148
49150
23588
23589
31681
49152
23592
23593
31684
49154
23596
23597
31687
49156
23600
23601
31690
23604
23605
31693
49158
49160
23608
23609
31696
49162
23612
23613
31699
49164
23616
23617
31702
49166
23620
23621
31705
23624
23625
31708
49168
49170
23628
23629
31711
49172
23632
23633
31714
49174
23636
23637
31717
49176
23640
23641
31720
23644
23645
31723
23649
23650
23651
23652
23655
23656
23657
23658
23661
23662
23663
23664
23667
23668
49178
23669
23670
49180
23674
23675
49182
23678
23679
49184
23682
23683
49186
23686
23687
49188
23691
23692
49190
23695
23696
49192
23699
23700
49194
23703
23704
49196
23708
23709
49198
23712
23713
49200
23716
23717
49202
23720
23721
49204
23725
23726
49206
23729
23730
49208
23733
23734
49210
23737
23738
49212
23742
23743
49214
23746
23747
49216
23750
23751
49218
23754
23755
49220
23759
23760
49222
23763
23764
49224
23767
23768
49226
23771
23772
49228
23776
23777
49230
23780
23781
49232
23784
23785
49234
23788
23789
49236
23793
23794
49238
23797
23798
49240
23801
23802
49242
23805
23806
49244
23810
23811
49246
23814
23815
49248
23818
23819
49250
23822
23823
49252
23827
23828
49254
23831
23832
49256
23835
23836
49258
23839
23840
49260
23844
23845
35886
49262
23848
23849
35889
49264
23852
23853
35892
49266
23856
23857
35895
23861
23862
49268
23863
23864
23867
23868
49270
23869
23870
23873
23874
49272
23875
23876
23879
23880
49274
23881
23882
49276
23886
23887
49278
23890
23891
49280
23894
23895
49282
23898
23899
49284
23903
23904
49286
23907
23908
49288
23911
23912
49290
23915
23916
49292
23920
23921
49294
23924
23925
49296
23928
23929
49298
23932
23933
49300
23937
23938
49302
23941
23942
49304
23945
23946
49306
23949
23950
49308
23954
23955
49310
23958
23959
49312
23962
23963
49314
23966
23967
49316
23971
23972
49318
23975
23976
49320
23979
23980
49322
23983
23984
49324
23988
23989
49326
23992
23993
49328
23996
23997
49330
24000
24001
49332
24005
24006
49334
24009
24010
49336
24013
24014
49338
24017
24018
49340
24022
24023
49342
24026
24027
49344
24030
24031
49346
24034
24035
49348
24039
24040
49350
24043
24044
49352
24047
24048
49354
24051
24052
49356
24056
24057
35986
49358
24060
24061
35989
49360
24064
24065
35992
49362
24068
24069
35995
1556
1557
1560
38985
39797
49364
49366
49368
49370
36707
1561
24849
24850
24851
24852
1564
38907
38947
36709
1565
24854
1568
38863
38885
36713
1569
24769
24856
1572
38209
36711
1573
24823
24828
24857
24858
1576
38057
38069
36715
1577
24860
1580
49372
36719
38039
38053
1581
24773
24775
24862
1590
36721
36731
36733
36735
1591
24863
24864
24865
24866
24867
1594
36723
38031
38035
1595
24869
1598
36725
38017
38019
1599
24724
24871
1602
38015
36727
1603
24757
24782
24872
24873
1606
36729
37997
38011
1607
24875
1610
36737
37993
37995
1611
24728
24730
24877
4173
37987
37989
4174
24732
26153
4177
37983
37985
4178
26155
4181
37815
43555
37979
4182
26143
26145
26157
15348
43563
43575
44669
15349
31740
15360
43573
15361
31737
31746
1612
1613
1614
1615
1616
1617
1620
36749
1621
24879
24880
24881
24882
1622
1623
1624
1625
1626
1627
1630
36739
1631
24884
24885
24886
24887
1634
36741
1635
24889
1638
36745
1639
24830
24891
1642
36743
1643
24848
24853
24892
24893
1646
36747
1647
24895
1650
36751
1651
24834
24836
24897
1660
36753
36755
36907
37043
1661
24898
24899
24900
24901
24902
1662
1663
1664
1665
1666
1667
1670
36757
1671
24904
24905
24906
24907
1672
1673
1674
1675
1676
1677
1680
36767
1681
24909
24910
24911
24912
1684
36759
1685
24914
1688
36763
1689
24855
24916
1692
36761
1693
24883
24888
24917
24918
1696
36765
1697
24920
1700
36769
1701
24859
24861
24922
1710
36771
36783
36785
36787
1711
24923
24924
24925
24926
24927
1714
36773
1715
24929
1718
36775
1719
24784
24931
1722
36777
1723
24843
24868
24932
24933
1726
36779
1727
24935
1730
36781
1731
24788
24790
24937
1734
36789
1735
24939
1986
36895
1987
25065
4185
37817
4186
24792
26159
4189
37819
4190
26161
4193
37821
4194
26147
26149
26163
4199
37823
4200
26166
4243
37843
4244
26152
26188
15352
43569
44741
15353
31742
15364
43581
44935
15365
31743
31748
18166
45705
46665
46667
18167
33147
33148
15372
43589
15373
31752
15376
43593
15377
31753
31754
18178
45711
46675
46677
18179
33149
33153
33154
15384
43601
15385
31758
15388
43605
15389
31759
31760
18190
45717
46671
46673
18191
33155
33159
33160
15396
43613
15397
31764
15400
43617
15401
31765
31766
18202
45723
46681
46687
18203
33161
33165
33166
15408
43625
15409
31770
15412
43629
15413
31771
31772
18214
45729
46683
46685
18215
33167
33171
33172
15420
43637
15421
31776
15424
43641
15425
31777
31778
18226
45735
47023
47025
18227
33173
33177
33178
15432
43649
15433
31782
15436
43653
15437
31783
31784
18238
45741
47019
47021
18239
33179
33183
33184
15444
43661
15445
31739
31741
31788
15448
43665
15449
31745
31747
31789
31790
18250
45743
47015
47017
18251
33185
33189
33190
20856
47835
47013
20857
34492
1736
1737
49374
49376
49378
49380
49382
49384
49386
1738
1739
49388
49390
49392
49394
1740
1741
1744
36801
1745
24941
24942
24943
24944
1746
1747
1748
1749
1750
1751
1754
36791
1755
24946
24947
24948
24949
1758
36793
1759
24951
1762
36797
1763
24890
24953
1766
36795
1767
24908
24913
24954
24955
1770
36799
1771
24957
1774
36803
1775
24894
24896
24959
1784
36811
36805
36807
36809
1785
24960
24961
24962
24963
24964
1786
1787
1788
1789
1790
1791
1794
36823
1795
24966
24967
24968
24969
1796
1797
1798
1799
1800
1801
1804
36813
1805
24971
24972
24973
24974
1808
36815
1809
24976
1812
36819
1813
24915
24978
1816
36817
1817
24945
24950
24979
24980
1820
36821
1821
24982
1824
36825
1825
24919
24921
24984
1834
36827
36861
36863
36905
1835
24985
24986
24987
24988
24989
1838
36829
1839
24991
1842
36831
1843
24870
24993
1846
36833
1847
24903
24928
24994
24995
1850
36835
1851
24997
1854
36837
1855
24874
24876
24999
4203
37825
4204
24878
26168
4207
37827
4208
26170
4211
37829
4212
26154
26156
26172
4215
37831
4216
26174
4247
37845
4248
26158
26190
1856
1857
1858
1859
49396
1860
1861
1864
36849
1865
25001
25002
25003
25004
1866
1867
1868
1869
1870
1871
1874
36839
1875
25006
25007
25008
25009
1878
36841
1879
25011
1882
36845
1883
24952
25013
1886
36843
1887
24970
24975
25014
25015
1890
36847
1891
25017
1894
36851
1895
24956
24958
25019
1904
36853
36855
36857
36859
1905
25020
25021
25022
25023
25024
1906
1907
1908
1909
1910
1911
1914
36875
1915
25026
25027
25028
25029
1916
1917
1918
1919
1920
1921
1924
36865
1925
25031
25032
25033
25034
1928
36867
1929
25036
1932
36871
1933
24977
25038
1936
36869
1937
25005
25010
25039
25040
1940
36873
1941
25042
1944
36877
1945
24981
24983
25044
1954
36879
36899
36901
36903
1955
25045
25046
25047
25048
25049
1958
36881
1959
25051
1962
36883
1963
24930
25053
1966
36885
1967
24965
24990
25054
25055
1970
36887
1971
25057
1974
36889
1975
24934
24936
25059
1978
36891
1979
25061
1990
36897
1991
25067
4219
37833
4220
24938
26176
1982
36893
37977
1983
25063
1994
36909
37975
1995
25064
25069
2506
37151
2507
24794
24940
25325
2510
37139
2511
24800
25066
25326
25327
4223
37835
4224
26178
4227
37837
4228
26160
26162
26180
4231
37839
4232
26182
4251
37849
4252
26164
26192
4237
37841
4238
26185
4257
37851
4258
26186
26195
16777
44677
16778
32453
32454
4365
37915
4366
26249
4371
37917
4372
26250
26252
16789
44687
16790
32455
32459
32460
4399
37937
4400
26266
4405
37939
4406
26267
26269
16801
44697
16802
32461
32465
32466
4433
37965
4434
26283
4439
37967
4440
26284
26286
16813
44707
49397
16814
32467
32471
32472
4467
37999
4468
26300
4473
38001
4474
26301
26303
16825
44717
49393
49395
16826
32473
32477
32478
4501
38021
4502
26317
4507
38023
4508
26318
26320
16837
44727
49389
49391
16838
32479
32483
32484
4535
38041
4536
26334
4541
38043
4542
26335
26337
16849
44737
49385
49387
16850
32485
32489
32490
4569
38059
4570
26167
26175
26351
4575
38061
4576
26189
26191
26352
26354
16861
44745
49381
49383
16862
32491
32495
32496
19571
46985
49377
49379
19572
33849
33850
1996
1997
1998
1999
49398
49400
49402
49404
49406
49408
49410
49412
49414
49416
49418
2000
2001
2004
36921
2005
25071
25072
25073
25074
2006
2007
2008
2009
2010
2011
2014
36911
2015
25076
25077
25078
25079
2018
36913
2019
25081
2022
36917
2023
25012
25083
2026
36915
2027
25030
25035
25084
25085
2030
36919
2031
25087
2034
36923
2035
25016
25018
25089
2044
36931
36925
36927
36929
2045
25090
25091
25092
25093
25094
2046
2047
2048
2049
2050
2051
2054
36943
2055
25096
25097
25098
25099
2056
2057
2058
2059
2060
2061
2064
36933
2065
25101
25102
25103
25104
2068
36935
2069
25106
2072
36939
2073
25037
25108
2076
36937
2077
25075
25080
25109
25110
2080
36941
2081
25112
2084
36945
2085
25041
25043
25114
2094
36947
36957
36959
36961
2095
25115
25116
25117
25118
25119
2098
36949
2099
25121
2102
36951
2103
24992
25123
2106
36953
2107
25025
25050
25124
25125
2110
36955
2111
25127
2114
36963
2115
24996
24998
25129
4261
37853
4262
25000
26197
4265
37855
4266
26199
4269
37857
4270
26169
26171
26201
4273
37859
4274
26203
4297
37871
4298
26173
26215
2116
2117
2118
2119
2120
2121
2124
36975
2125
25131
25132
25133
25134
2126
2127
2128
2129
2130
2131
2134
36965
2135
25136
25137
25138
25139
2138
36967
2139
25141
2142
36971
2143
25082
25143
2146
36969
2147
25100
25105
25144
25145
2150
36973
2151
25147
2154
36977
2155
25086
25088
25149
2164
36985
36979
36981
36983
2165
25150
25151
25152
25153
25154
2166
2167
2168
2169
2170
2171
2174
36997
2175
25156
25157
25158
25159
2176
2177
2178
2179
2180
2181
2184
36987
2185
25161
25162
25163
25164
2188
36989
2189
25166
2192
36993
2193
25107
25168
2196
36991
2197
25135
25140
25169
25170
2200
36995
2201
25172
2204
36999
2205
25111
25113
25174
2214
37001
37013
37015
37017
2215
25175
25176
25177
25178
25179
2218
37003
2219
25181
2222
37005
2223
25052
25183
2226
37007
2227
25095
25120
25184
25185
2230
37009
2231
25187
2234
37011
2235
25056
25058
25189
2238
37019
2239
25191
2490
37137
2491
25317
4277
37861
4278
25060
26205
4281
37863
4282
26207
4285
37865
4286
26177
26179
26209
4289
37867
4290
26211
4301
37873
4302
26181
26217
4293
37869
4294
26213
4305
37875
4306
26214
26219
15368
43585
15369
31749
31750
4375
37919
4376
26254
4379
37921
4380
26255
26256
15380
43597
15381
31751
31755
31756
4409
37941
4410
26271
4413
37943
4414
26272
26273
15392
43609
15393
31757
31761
31762
4443
37969
4444
26288
4447
37971
4448
26289
26290
15404
43621
15405
31763
31767
31768
4477
38003
4478
26305
4481
38005
4482
26306
26307
15416
43633
15417
31769
31773
31774
4511
38025
4512
26322
4515
38027
4516
26323
26324
15428
43645
15429
31775
31779
31780
4545
38045
4546
26339
4549
38047
4550
26340
26341
15440
43657
49417
49419
15441
31781
31785
31786
4579
38063
4580
26183
26204
26356
4583
38065
4584
26193
26216
26357
26358
15452
43669
49413
49415
15453
31787
31791
31792
18254
46055
49409
49411
18255
33191
33192
2240
2241
49420
49422
49424
2242
2243
49426
49428
49430
49432
2244
2245
2248
37031
2249
25193
25194
25195
25196
2250
2251
2252
2253
2254
2255
2258
37021
2259
25198
25199
25200
25201
2262
37023
2263
25203
2266
37027
2267
25142
25205
2270
37025
2271
25160
25165
25206
25207
2274
37029
2275
25209
2278
37033
2279
25146
25148
25211
2288
37035
37037
37039
37041
2289
25212
25213
25214
25215
25216
2290
2291
2292
2293
2294
2295
2298
37135
2299
25218
25219
25220
25221
2300
2301
2302
2303
2304
2305
2308
37127
2309
25223
25224
25225
25226
2312
37125
2313
25228
2316
37049
2317
25167
25230
2320
37047
2321
25197
25202
25231
25232
2324
37045
2325
25234
2328
37051
2329
25171
25173
25236
2338
37053
37083
37085
37089
2339
25237
25238
25239
25240
25241
2342
37055
2343
25243
2346
37059
2347
25122
25245
2350
37057
2351
25155
25180
25246
25247
2354
37061
2355
25249
2358
37063
2359
25126
25128
25251
4309
37877
4310
25130
26221
4313
37879
4314
26223
4317
37881
4318
26198
26200
26225
4321
37883
4322
26227
4345
37895
4346
26202
26239
2360
2361
2362
2363
2364
2365
2368
37123
2369
25253
25254
25255
25256
2370
2371
2372
2373
2374
2375
2378
37073
2379
25258
25259
25260
25261
2382
37065
2383
25263
2386
37069
2387
25204
25265
2390
37067
2391
25222
25227
25266
25267
2394
37071
2395
25269
2398
37075
2399
25208
25210
25271
2408
37087
37077
37079
37081
2409
25272
25273
25274
25275
25276
2410
2411
2412
2413
2414
2415
2418
37103
2419
25278
25279
25280
25281
2420
2421
2422
2423
2424
2425
2428
37093
2429
25283
25284
25285
25286
2432
37095
2433
25288
2436
37099
2437
25229
25290
2440
37097
2441
25257
25262
25291
25292
2444
37101
2445
25294
2448
37105
2449
25233
25235
25296
2458
37107
37149
37157
37159
2459
25297
25298
25299
25300
25301
2462
37109
2463
25303
2466
37111
2467
25182
25305
2470
37113
2471
25217
25242
25306
25307
2474
37115
2475
25309
2478
37117
2479
25186
25188
25311
2482
37119
2483
25313
2494
37129
2495
25319
4325
37885
4326
25190
26229
2486
37121
49407
2487
25315
2498
37131
49405
2499
25316
25321
2514
37141
2515
25062
25192
25329
2518
37143
2519
25068
25318
25330
25331
2502
37133
37963
49403
2503
25323
2522
37145
37961
49401
2523
25324
25333
2596
37153
2597
24802
25070
25370
2600
37161
2601
24815
25328
25371
25372
2528
37147
37959
2529
25336
2606
37187
37331
37155
2607
25337
25375
3240
37813
3241
25692
3258
37611
37957
3259
25693
25701
4329
37887
4330
26231
4333
37889
4334
26206
26208
26233
4337
37891
4338
26235
4349
37897
4350
26210
26241
4341
37893
4342
26237
4353
37905
4354
26238
26243
4359
37907
4360
26196
26246
4383
37923
4384
26258
4387
37927
4388
26259
26260
4393
37929
4394
26247
26253
26263
4417
37945
4418
26275
4421
37953
4422
26276
26277
4427
37955
4428
26264
26270
26280
4451
37973
4452
26292
4455
37981
4456
26293
26294
4461
37991
4462
26281
26287
26297
4485
38007
4486
26309
4489
38009
4490
26310
26311
4495
38013
4496
26298
26304
26314
4519
38029
4520
26326
4523
38033
4524
26327
26328
4529
38037
4530
26315
26321
26331
4553
38049
4554
26343
4557
38051
4558
26344
26345
4563
38055
49431
49433
4564
26332
26338
26348
4587
38067
4588
26212
26228
26360
4591
38071
4592
26218
26240
26361
26362
4597
38073
49427
49429
4598
26349
26355
26365
16865
45143
49423
49425
16866
32497
32498
2608
2609
49434
49436
49438
49440
49442
49444
49446
49448
49450
49452
49454
49456
49458
49460
49462
49464
49466
49468
49470
49472
49474
49476
49478
49480
49482
2610
2611
49484
2612
2613
2616
37199
2617
25377
25378
25379
25380
2618
2619
2620
2621
2622
2623
2626
37189
2627
25382
25383
25384
25385
2630
37191
2631
25387
2634
37195
2635
25264
25389
2638
37193
2639
25282
25287
25390
25391
2642
37197
2643
25393
2646
37201
2647
25268
25270
25395
2656
37203
37205
37207
37209
2657
25396
25397
25398
25399
25400
2658
2659
2660
2661
2662
2663
2666
37221
2667
25402
25403
25404
25405
2668
2669
2670
2671
2672
2673
2676
37211
2677
25407
25408
25409
25410
2680
37213
2681
25412
2684
37217
2685
25289
25414
2688
37215
2689
25381
25386
25415
25416
2692
37219
2693
25418
2696
37223
2697
25293
25295
25420
2706
37225
37237
37239
37241
2707
25421
25422
25423
25424
25425
2710
37227
2711
25427
2714
37229
2715
25244
25429
2718
37231
2719
25277
25302
25430
25431
2722
37233
2723
25433
2726
37235
2727
25248
25250
25435
4601
38075
4602
25252
26367
4605
38077
4606
26369
4609
38079
4610
26222
26224
26371
4613
38081
4614
26373
4637
38093
4638
26226
26385
2728
2729
2730
2731
2732
2733
2736
37257
2737
25437
25438
25439
25440
2738
2739
2740
2741
2742
2743
2746
37247
2747
25442
25443
25444
25445
2750
37249
2751
25447
2754
37253
2755
25388
25449
2758
37251
2759
25406
25411
25450
25451
2762
37255
2763
25453
2766
37259
2767
25392
25394
25455
2776
37261
37263
37265
37267
2777
25456
25457
25458
25459
25460
2778
2779
2780
2781
2782
2783
2786
37285
2787
25462
25463
25464
25465
2788
2789
2790
2791
2792
2793
2796
37275
2797
25467
25468
25469
25470
2800
37277
2801
25472
2804
37281
2805
25413
25474
2808
37279
2809
25441
25446
25475
25476
2812
37283
2813
25478
2816
37287
2817
25417
25419
25480
2826
37289
37325
37327
37329
2827
25481
25482
25483
25484
25485
2830
37291
2831
25487
2834
37293
2835
25304
25489
2838
37295
2839
25401
25426
25490
25491
2842
37297
2843
25493
2846
37299
2847
25308
25310
25495
2850
37301
2851
25497
3078
37471
3079
25611
4617
38083
4618
25312
26375
4621
38085
4622
26377
4625
38087
4626
26230
26232
26379
4629
38089
4630
26381
4641
38095
4642
26234
26387
4633
38091
4634
26383
4645
38097
4646
26384
26389
4649
38099
4650
26220
26391
4653
38101
4654
26393
4657
38103
4658
26394
26395
4661
38105
4662
26257
26392
26397
4665
38107
4666
26399
4669
38109
4670
26400
26401
4673
38111
49485
4674
26274
26398
26403
4677
38113
4678
26405
4681
38115
4682
26406
26407
4685
38117
49481
49483
4686
26291
26404
26409
4689
38119
4690
26411
4693
38121
4694
26412
26413
4697
38123
49477
49479
4698
26308
26410
26415
4701
38125
4702
26417
4705
38127
4706
26418
26419
4709
38129
49473
49475
4710
26325
26416
26421
4713
38131
4714
26423
4717
38133
4718
26424
26425
4721
38135
49469
49471
4722
26342
26422
26427
4725
38137
4726
26236
26374
26429
4729
38139
4730
26242
26386
26430
26431
4733
38141
49465
49467
4734
26359
26428
26433
15456
44105
49461
49463
15457
31793
31794
2852
2853
2854
2855
49486
49488
49490
49492
49494
49496
49498
2856
2857
2860
37313
2861
25499
25500
25501
25502
2862
2863
2864
2865
2866
2867
2870
37303
2871
25504
25505
25506
25507
2874
37305
2875
25509
2878
37309
2879
25448
25511
2882
37307
2883
25466
25471
25512
25513
2886
37311
2887
25515
2890
37315
2891
25452
25454
25517
2900
37317
37319
37321
37323
2901
25518
25519
25520
25521
25522
2902
2903
2904
2905
2906
2907
2910
37469
2911
25524
25525
25526
25527
2912
2913
2914
2915
2916
2917
2920
37467
2921
25529
25530
25531
25532
2924
37465
2925
25534
2928
37391
2929
25473
25536
2932
37389
2933
25503
25508
25537
25538
2936
37387
2937
25540
2940
37333
2941
25477
25479
25542
2950
37335
37947
37949
37951
2951
25543
25544
25545
25546
25547
2954
37337
2955
25549
2958
37339
2959
25428
25551
2962
37341
2963
25461
25486
25552
25553
2966
37343
2967
25555
2970
37345
2971
25432
25434
25557
4737
38143
4738
25436
26435
4741
38145
4742
26437
4745
38147
4746
26368
26370
26439
4749
38149
4750
26441
4773
38161
4774
26372
26453
2972
2973
2974
2975
2976
2977
2980
37357
2981
25559
25560
25561
25562
2982
2983
2984
2985
2986
2987
2990
37347
2991
25564
25565
25566
25567
2994
37349
2995
25569
2998
37351
2999
25510
25571
3002
37353
3003
25528
25533
25572
25573
3024
37367
3025
25535
25570
25584
3028
37363
3029
25563
25568
25585
25586
3006
37355
3007
25575
3010
37359
3011
25514
25516
25577
3020
37361
37931
37933
37935
3021
25578
25579
25580
25581
25582
3032
37365
3033
25588
3036
37369
3037
25539
25541
25590
3046
37371
37911
37913
37925
3047
25591
25592
25593
25594
25595
3050
37373
3051
25597
3054
37375
3055
25488
25599
3058
37377
3059
25523
25548
25600
25601
3062
37379
3063
25603
3066
37381
3067
25492
25494
25605
3070
37383
3071
25607
3082
37393
3083
25613
4753
38151
4754
25496
26443
3074
37385
49459
3075
25609
3086
37395
49457
3087
25610
25615
3196
37445
3197
25314
25498
25670
3200
37447
3201
25320
25612
25671
25672
4757
38153
4758
26445
4761
38155
4762
26376
26378
26447
4765
38157
4766
26449
4777
38163
4778
26380
26455
4769
38159
4770
26451
4781
38165
4782
26452
26457
4785
38167
4786
26244
26459
4789
38169
4790
26461
4793
38171
4794
26462
26463
4797
38173
4798
26261
26460
26465
4801
38175
4802
26467
4805
38177
4806
26468
26469
4809
38179
4810
26278
26466
26471
4813
38181
4814
26473
4817
38183
4818
26474
26475
4821
38185
4822
26295
26472
26477
4825
38187
4826
26479
4829
38189
4830
26480
26481
4833
38191
4834
26312
26478
26483
4837
38193
4838
26485
4841
38195
4842
26486
26487
4845
38197
4846
26329
26484
26489
4849
38199
4850
26491
4853
38201
4854
26492
26493
4857
38203
49497
49499
4858
26346
26490
26495
4861
38205
4862
26382
26442
26497
4865
38207
4866
26388
26454
26498
26499
4869
38211
49493
49495
4870
26363
26496
26501
4875
39005
49489
49491
4876
26366
26504
3090
37397
3091
25617
3094
37399
3095
25574
25576
25619
3104
37401
37901
37903
37909
3105
25620
25621
25622
25623
25624
3108
37403
3109
25587
25589
25618
25626
3116
37405
37847
37899
3117
25627
25628
25629
25630
3120
37407
3121
25632
3124
37409
3125
25550
25634
3128
37411
3129
25583
25596
25635
25636
3140
37417
3141
25598
25633
25642
3144
37419
3145
25625
25631
25643
25644
3132
37413
3133
25638
3136
37415
3137
25554
25556
25640
7535
39007
7536
25558
27834
3148
37421
3149
25646
3152
37423
3153
25602
25604
25648
3156
37425
3157
25650
3180
37437
3181
25662
7551
39015
7552
25606
27842
3160
37427
3161
25652
3164
37429
3165
25637
25639
25654
3168
37431
3169
25645
25647
25653
25656
8267
39371
8268
25641
28200
3172
37433
3173
25658
3184
37439
3185
25664
8283
39379
8284
25649
28208
9831
40197
9832
25655
25657
28982
3176
37435
3177
25660
3188
37441
3189
25661
25666
3204
37449
3205
25608
25651
25659
25674
3208
37451
3209
25614
25663
25665
25675
25676
3192
37443
49455
3193
25668
3212
37453
49453
3213
25669
25678
3220
37457
3221
25322
25616
25667
25682
3224
37459
3225
25332
25673
25677
25683
25684
3216
37455
49449
49451
3217
25680
3228
37461
49443
49445
49447
3229
25681
25686
3262
37473
3263
24818
25703
3266
37475
49441
3267
25343
25704
25705
3276
37479
3277
25710
3280
37481
3281
25369
25711
25712
3288
37485
3289
25334
25679
25716
3292
37487
3293
25373
25685
25699
25717
25718
3234
37463
49439
3235
25689
3272
37477
49437
3273
25690
25708
3284
37483
3285
25714
3296
37489
3297
25715
25720
3332
37503
3333
25738
3336
37505
3337
25739
25740
3308
37493
3309
25726
3314
37495
3315
25727
25729
3318
37497
3319
25731
3322
37499
3323
25732
25733
3344
37509
3345
25744
3348
37511
3349
25745
25746
3302
37491
3303
25723
3328
37501
3329
25724
25736
3340
37507
3341
25742
3352
37513
3353
25743
25748
3388
37527
3389
25766
3392
37529
3393
25767
25768
3364
37517
3365
25754
3370
37519
3371
25755
25757
3374
37521
3375
25709
25759
3378
37523
3379
25730
25760
25761
3400
37533
3401
25721
25741
25772
3404
37535
3405
25734
25747
25773
25774
3358
37515
3359
25751
3384
37525
3385
25752
25764
3396
37531
3397
25770
3408
37537
3409
25771
25776
3444
37551
3445
25794
3448
37553
3449
25795
25796
3420
37541
3421
25782
3426
37543
3427
25783
25785
3430
37545
3431
25787
3434
37547
3435
25788
25789
3456
37557
3457
25800
3460
37559
3461
25801
25802
3414
37539
3415
25779
3440
37549
3441
25737
25780
25792
3452
37555
3453
25798
3464
37561
3465
25749
25799
25804
3500
37575
3501
25822
3504
37577
3505
25769
25823
25824
3476
37565
3477
25810
3482
37567
3483
25758
25811
25813
3486
37569
3487
25765
25815
3490
37571
3491
25762
25786
25816
25817
3512
37581
3513
25777
25797
25828
3516
37583
3517
25775
25790
25803
25829
25830
3470
37563
3471
25807
3496
37573
3497
25808
25820
3508
37579
3509
25826
3520
37585
3521
25827
25832
3526
37587
3527
25835
3594
37811
3595
25869
3626
37627
3627
25885
3658
37639
3659
25901
3690
37651
3691
25917
3722
37663
3723
25933
3754
37675
3755
25949
3786
37687
3787
25821
25965
3556
37599
3557
25850
3560
37601
3561
25851
25852
3564
37603
3565
25854
3604
37619
3605
25874
3636
37631
3637
25890
3668
37643
3669
25906
3700
37655
3701
25922
3732
37667
3733
25938
3764
37679
3765
25954
3796
37691
3797
25833
25853
25970
3532
37589
3533
25838
3538
37591
3539
25839
25841
3542
37593
3543
25793
25843
3546
37595
3547
25814
25844
25845
3552
37597
3553
25836
25848
3600
37617
3601
25870
25872
3632
37629
3633
25886
25888
3664
37641
3665
25902
25904
3696
37653
3697
25918
25920
3728
37665
3729
25934
25936
3760
37677
3761
25950
25952
3792
37689
3793
25842
25966
25968
3568
37605
3569
25805
25825
25856
3572
37607
3573
25818
25831
25857
25858
3576
37609
3577
25855
25860
3582
37615
3583
25849
25861
25863
3608
37621
3609
25875
25876
3614
37625
3615
25873
25877
25879
3640
37633
3641
25891
25892
3646
37637
3647
25889
25893
25895
3672
37645
3673
25907
25908
3678
37649
3679
25905
25909
25911
3704
37657
3705
25923
25924
3710
37661
3711
25921
25925
25927
3736
37669
3737
25939
25940
3742
37673
3743
25937
25941
25943
3768
37681
3769
25955
25956
3774
37685
3775
25953
25957
25959
3800
37693
3801
25846
25859
25971
25972
3806
37761
3807
25969
25973
25975
4015
37763
4016
26077
4021
37765
4022
26078
26080
4025
37767
4026
26082
4029
37769
4030
26083
26084
4066
37783
4067
26102
4070
37785
4071
26103
26104
4041
37773
4042
26090
4047
37775
4048
26091
26093
4051
37777
4052
25713
26095
4055
37779
4056
25719
26096
26097
4078
37789
4079
25376
25687
26108
4082
37791
4083
25702
25706
26109
26110
4035
37771
4036
26087
4061
37781
4062
26088
26100
4074
37787
4075
26106
4086
37793
4087
26107
26112
4091
37795
4092
26114
4095
37797
4096
26115
26116
4102
37799
4103
26119
4108
37801
4109
26120
26122
4113
37803
4114
26085
26124
4117
37805
4118
26098
26125
26126
4122
37807
4123
26081
26105
26128
4126
37809
4127
26094
26111
26129
26130
7539
39009
7540
27836
7543
39011
7544
26436
26438
27838
7555
39017
7556
27844
7559
39019
7560
26444
26446
27846
8271
39373
8272
28202
8275
39375
8276
27835
27837
28204
8287
39381
8288
28210
8291
39383
8292
27843
27845
28212
9835
40199
9836
28984
9839
40201
9840
28201
28203
28986
9847
40205
9848
28990
9851
40207
9852
28209
28211
28992
10815
40737
10816
28983
28985
28991
29474
7547
39013
7548
27840
7571
39025
7572
26440
27852
7563
39021
7564
27848
7575
39027
7576
26448
27854
8279
39377
8280
28206
8303
39389
8304
27839
28218
8295
39385
8296
28214
8307
39391
8308
27847
28220
9843
40203
9844
28988
9863
40213
9864
28205
28998
9855
40209
9856
28994
9867
40215
9868
28213
29000
10819
40739
10820
29476
10831
40745
10832
28987
29482
10823
40741
10824
29478
10835
40747
10836
28993
29475
29484
4063
26101
4088
26113
4097
26117
4110
26123
4119
26127
4128
26131
7567
39023
7568
27850
7579
39029
7580
27851
27856
7583
39031
7584
26390
27858
8299
39387
8300
28216
8311
39393
8312
28217
28222
8315
39395
8316
26458
28224
9859
40211
9860
28996
9871
40217
9872
28997
29002
9875
40219
9876
27857
29004
10827
40743
10828
29480
10839
40749
10840
29481
29486
10843
40751
10844
28223
29488
12143
41443
12144
29003
29487
30138
7587
39033
7588
27860
7591
39035
7592
27861
27862
7595
39037
7596
26396
27859
27864
8319
39397
8320
28226
8323
39399
8324
28227
28228
8327
39401
8328
26464
28225
28230
9879
40221
9880
29006
9883
40223
9884
29007
29008
9887
40225
9888
27863
29005
29010
10847
40753
10848
29490
10851
40755
10852
29491
29492
10855
40757
10856
28229
29489
29494
12147
41445
12148
29009
29493
30139
30140
7599
39039
7600
27866
7603
39041
7604
27867
27868
7607
39043
7608
26402
27865
27870
8331
39403
8332
28232
8335
39405
8336
28233
28234
8339
39407
8340
26470
28231
28236
9891
40227
9892
29012
9895
40229
9896
29013
29014
9899
40231
9900
27869
29011
29016
10859
40759
10860
29496
10863
40761
10864
29497
29498
10867
40763
10868
28235
29495
29500
12151
41447
12152
29015
29499
30141
30142
7611
39045
7612
27872
7615
39047
7616
27873
27874
7619
39049
7620
26408
27871
27876
8343
39409
8344
28238
8347
39411
8348
28239
28240
8351
39413
8352
26476
28237
28242
9903
40233
9904
29018
9907
40235
9908
29019
29020
9911
40237
9912
27875
29017
29022
10871
40765
10872
29502
10875
40767
10876
29503
29504
10879
40769
10880
28241
29501
29506
12155
41449
12156
29021
29505
30143
30144
7623
39051
7624
27878
7627
39053
7628
27879
27880
7631
39055
7632
26414
27877
27882
8355
39415
8356
28244
8359
39417
8360
28245
28246
8363
39419
8364
26482
28243
28248
9915
40239
9916
29024
9919
40241
9920
29025
29026
9923
40243
9924
27881
29023
29028
10883
40771
10884
29508
10887
40773
10888
29509
29510
10891
40775
10892
28247
29507
29512
12159
41451
12160
29027
29511
30145
30146
7635
39057
7636
27884
7639
39059
7640
27885
27886
7643
39061
7644
26420
27883
27888
8367
39421
8368
28250
8371
39423
8372
28251
28252
8375
39425
8376
26488
28249
28254
9927
40245
9928
29030
9931
40247
9932
29031
29032
9935
40249
9936
27887
29029
29034
10895
40777
10896
29514
10899
40779
10900
29515
29516
10903
40781
10904
28253
29513
29518
12163
41453
12164
29033
29517
30147
30148
7647
39063
7648
27890
7651
39065
7652
27891
27892
7655
39067
7656
26426
27889
27894
7659
39069
7660
26450
27841
27896
7663
39071
7664
26456
27853
27897
27898
7667
39073
7668
26432
27895
27900
7671
39369
7672
26434
27902
8379
39427
8380
28256
8383
39429
8384
28257
28258
8387
39431
8388
26494
28255
28260
8391
39433
8392
27849
28207
28262
8395
39435
8396
27855
28219
28263
28264
8399
39437
8400
26500
28261
28266
8403
39749
8404
26502
28268
9939
40251
9940
29036
9943
40253
9944
29037
29038
9947
40255
9948
27893
29035
29040
9951
40257
9952
28215
28989
29042
9955
40259
9956
28221
28999
29043
29044
9959
40261
9960
27899
29041
29046
9963
40557
9964
27901
29048
10907
40783
10908
29520
10911
40785
10912
29521
29522
10919
40789
10920
28995
29477
29479
29526
10923
40791
10924
29001
29483
29485
29527
29528
10915
40787
10916
28259
29519
29524
10927
40793
10928
28265
29525
29530
12167
41455
12168
29039
29523
30149
30150
12171
41457
12172
29045
29529
30151
30152
10931
41095
10932
28267
29532
12175
41761
12176
29047
30154
13139
42275
13140
29531
30153
30636
4937
39003
4938
26535
4945
39001
38859
38861
4946
26533
26536
26537
26539
5013
38999
5014
26573
5021
38215
38855
38857
5022
26571
26574
26575
26577
4951
38213
4952
26542
5027
38217
5028
26543
26580
5089
38219
5090
26611
5097
38221
38851
38853
5098
26609
26612
26613
26615
5103
38223
5104
26581
26618
5503
38259
5504
26818
5509
38261
5510
26819
26821
5515
38263
5516
26822
26824
5165
38225
5166
26649
5173
38227
38847
38849
5174
26647
26650
26651
26653
5179
38229
5180
26619
26656
5521
38265
5522
26825
26827
5565
38279
5566
26849
5571
38281
5572
26850
26852
5577
38283
5578
26853
26855
5583
38285
5584
26856
26858
5241
38231
5242
26687
5249
38233
38791
38845
5250
26685
26688
26689
26691
5255
38235
5256
26657
26694
5527
38267
5528
26828
26830
5589
38287
5590
26859
26861
5627
38299
5628
26880
5633
38301
5634
26881
26883
5639
38303
5640
26884
26886
5645
38305
5646
26887
26889
5651
38307
5652
26890
26892
5317
38237
5318
26725
5325
38239
38787
38789
5326
26723
26726
26727
26729
5331
38241
5332
26695
26732
5533
38269
5534
26831
26833
5595
38289
5596
26862
26864
5657
38309
5658
26893
26895
5689
38319
5690
26911
5695
38321
5696
26912
26914
5701
38323
5702
26915
26917
5707
38325
5708
26918
26920
5713
38327
5714
26921
26923
5719
38329
5720
26924
26926
5393
38243
5394
26763
5401
38245
38783
38785
5402
26761
26764
26765
26767
5407
38247
5408
26733
26770
5539
38271
5540
26834
26836
5601
38291
5602
26865
26867
5663
38311
5664
26896
26898
5725
38331
5726
26927
26929
5751
38339
5752
26942
5757
38341
5758
26943
26945
5763
38343
5764
26946
26948
5769
38345
5770
26949
26951
5775
38347
5776
26952
26954
5781
38349
5782
26955
26957
5787
38351
5788
26958
26960
5471
38249
5472
26802
5479
38251
38779
38781
5480
26800
26803
26804
26806
5485
38253
38777
5486
26771
26772
26809
5547
38273
38775
5548
26837
26838
26840
5609
38293
38773
5610
26868
26869
26871
5671
38313
38771
5672
26899
26900
26902
5733
38333
38769
5734
26930
26931
26933
5795
38353
38767
5796
26961
26962
26964
5491
38255
5492
26810
26812
5553
38275
5554
26841
26843
5615
38295
5616
26872
26874
5677
38315
5678
26903
26905
5739
38335
5740
26934
26936
5801
38355
5802
26965
26967
5813
38359
5814
26973
5819
38361
5820
26974
26976
5875
38379
5876
26540
27004
5881
38381
5882
26578
27005
27007
5825
38363
5826
26977
26979
5887
38383
5888
26616
27008
27010
5831
38365
5832
26980
26982
5893
38385
5894
26654
27011
27013
5837
38367
5838
26983
26985
5899
38387
5900
26692
27014
27016
5843
38369
5844
26986
26988
5905
38389
5906
26730
27017
27019
5849
38371
5850
26989
26991
5857
38373
38765
5858
26992
26993
26995
5911
38391
5912
26768
27020
27022
5919
38393
38763
5920
26807
27023
27024
27026
5863
38375
5864
26996
26998
5925
38395
5926
27027
27029
5497
38257
5498
26815
5559
38277
5560
26816
26846
5621
38297
5622
26847
26877
5683
38317
5684
26878
26908
5745
38337
5746
26909
26939
5807
38357
5808
26940
26970
5869
38377
5870
26971
27001
5931
38397
5932
27002
27032
5949
38403
5950
27041
5955
38405
5956
27042
27044
5961
38407
5962
27045
27047
5967
38409
5968
27048
27050
5973
38411
5974
27051
27053
5979
38413
5980
27054
27056
5985
38415
5986
27057
27059
5991
38417
5992
27060
27062
6009
38423
6010
27071
6015
38425
6016
27072
27074
6021
38427
6022
27075
27077
6027
38429
6028
27078
27080
6033
38431
6034
27081
27083
6039
38433
6040
27084
27086
6045
38435
6046
27087
27089
6051
38437
6052
27090
27092
6069
38443
6070
27101
6075
38445
6076
27102
27104
6081
38447
6082
27105
27107
6087
38449
6088
27108
27110
6093
38451
6094
27111
27113
6099
38453
6100
27114
27116
6105
38455
6106
27117
27119
6111
38457
6112
27120
27122
6129
38463
6130
27131
6135
38465
6136
27132
27134
6141
38467
6142
27135
27137
6147
38469
6148
27138
27140
6153
38471
6154
27141
27143
6159
38473
6160
27144
27146
6165
38475
6166
27147
27149
6171
38477
6172
27150
27152
6189
38483
6190
27161
6195
38485
6196
27162
27164
6201
38487
6202
27165
27167
6207
38489
6208
27168
27170
6213
38491
6214
27171
27173
6219
38493
6220
27174
27176
6225
38495
6226
27177
27179
6231
38497
6232
27180
27182
6249
38503
6250
27191
6255
38505
6256
27192
27194
6261
38507
6262
27195
27197
6267
38509
6268
27198
27200
6273
38511
6274
27201
27203
6279
38513
6280
27204
27206
6285
38515
6286
27207
27209
6291
38517
6292
27210
27212
6309
38523
6310
27221
6315
38525
6316
27222
27224
6321
38527
6322
27225
27227
6327
38529
6328
27228
27230
6333
38531
6334
27231
27233
6339
38533
6340
27234
27236
6345
38535
6346
27237
27239
6351
38537
6352
27240
27242
6363
38541
6364
27248
6369
38543
6370
27249
27251
6375
38545
6376
27252
27254
6381
38547
6382
27255
27257
6387
38549
6388
27258
27260
6393
38551
6394
27261
27263
6399
38553
6400
27264
27266
6405
38555
6406
27267
27269
6465
38575
6466
27299
6471
38577
6472
27300
27302
6477
38579
6478
27303
27305
6483
38581
6484
27306
27308
6489
38583
6490
27309
27311
6495
38585
6496
27312
27314
6501
38587
6502
27315
27317
6507
38589
6508
27318
27320
6567
38609
6568
27350
6573
38611
6574
27351
27353
6579
38613
6580
27354
27356
6585
38615
6586
27357
27359
6591
38617
6592
27360
27362
6597
38619
6598
27363
27365
6603
38621
6604
27366
27368
6609
38623
6610
27369
27371
6669
38643
6670
27401
6675
38645
6676
27402
27404
6681
38647
6682
27405
27407
6687
38649
6688
27408
27410
6693
38651
6694
27411
27413
6699
38653
6700
27414
27416
6705
38655
6706
27417
27419
6711
38657
6712
27420
27422
6771
38677
6772
27452
6777
38679
6778
27453
27455
6783
38681
6784
27456
27458
6789
38683
6790
27459
27461
6795
38685
6796
27462
27464
6801
38687
6802
27465
27467
6807
38689
6808
27468
27470
6813
38691
6814
27471
27473
6873
38711
6874
27503
6879
38713
6880
27504
27506
6885
38715
6886
27507
27509
6891
38717
6892
27510
27512
6897
38719
6898
27513
27515
6903
38721
6904
27516
27518
6909
38723
6910
27519
27521
6915
38725
6916
27522
27524
6975
38745
6976
27554
6981
38747
6982
27555
27557
7079
38809
7080
26813
27606
7085
38811
7086
26844
27607
27609
6987
38749
6988
27558
27560
7091
38813
7092
26875
27610
27612
6993
38751
6994
27561
27563
7097
38815
7098
26906
27613
27615
6999
38753
7000
27564
27566
7103
38817
7104
26937
27616
27618
7005
38755
7006
27567
27569
7109
38819
7110
26968
27619
27621
7011
38757
7012
27570
27572
7115
38821
7116
26999
27622
27624
7017
38759
7018
27573
27575
7121
38823
7122
27030
27625
27627
3819
37697
3820
25981
3825
37699
3826
25982
25984
3831
37701
3832
25985
25987
3837
37703
3838
25988
25990
3843
37705
3844
25991
25993
3849
37707
3850
25994
25996
3855
37709
3856
25997
25999
3861
37711
3862
26000
26002
3868
37713
3869
26005
3874
37715
3875
26006
26008
3880
37717
3881
26009
26011
3886
37719
3887
26012
26014
3892
37721
3893
26015
26017
3898
37723
3899
26018
26020
3904
37725
3905
26021
26023
3910
37727
3911
26024
26026
3917
37729
3918
26029
3923
37731
3924
26030
26032
3929
37733
3930
26033
26035
3935
37735
3936
26036
26038
3941
37737
3942
26039
26041
3947
37739
3948
26042
26044
3953
37741
3954
26045
26047
3959
37743
3960
26048
26050
3966
37745
3967
26053
3972
37747
3973
26054
26056
3978
37749
3979
26057
26059
3984
37751
3985
26060
26062
3990
37753
3991
26063
26065
3996
37755
3997
26066
26068
4002
37757
4003
26069
26071
4008
37759
4009
26072
26074
3588
37613
3589
25864
25866
3620
37623
3621
25867
25880
25882
3652
37635
3653
25883
25896
25898
3684
37647
3685
25899
25912
25914
3716
37659
3717
25915
25928
25930
3748
37671
3749
25931
25944
25946
3780
37683
3781
25947
25960
25962
3812
37695
3813
25963
25976
25978
3814
25979
3863
26003
3912
26027
3961
26051
4010
26075
5937
38399
5938
27035
7675
39367
7676
27904
8407
39747
8408
28270
9967
40555
9968
29050
10935
41093
10936
29534
12179
41759
12180
30156
13143
42273
13144
30638
5997
38419
5998
27065
7683
39365
7684
27908
8415
39745
8416
28274
9975
40553
9976
29054
10943
41091
10944
29538
12187
41757
12188
30160
13151
42271
13152
30642
15460
49487
44103
15461
31796
15468
44101
15469
31800
16869
49435
45141
16870
32500
6057
38439
6058
27095
7691
39363
7692
27912
8423
39743
8424
28278
9983
40551
9984
29058
10951
41089
10952
29542
12195
41755
12196
30164
13159
42269
13160
30646
16877
45139
16878
32504
18258
49421
46053
18259
33194
15476
44099
15477
31804
18266
46051
18267
33198
6117
38459
6118
27125
7699
39081
7700
27916
8431
39445
8432
28282
9991
40269
9992
29062
10959
40801
10960
29546
19575
49399
46983
19576
33852
12203
41465
12204
30168
13167
41979
13168
30650
16885
45137
16886
32508
19583
46981
19584
33856
15484
43679
15485
31808
18274
46049
18275
33202
6177
38479
6178
27155
7707
39085
7708
27920
8439
39449
8440
28286
9999
40273
10000
29066
10967
40805
10968
29550
12211
41469
12212
30172
13175
41983
13176
30654
16893
44753
16894
32512
19591
46979
19592
33860
20860
49375
47833
20861
27033
34494
15492
43683
15493
31812
20868
47831
20869
27063
34498
20876
47829
20877
27093
34502
18282
45751
18283
33206
6237
38499
6238
27185
7715
39089
7716
27924
8447
39453
8448
28290
10007
40277
10008
29070
10975
40809
10976
29554
12219
41473
12220
30176
13183
41987
13184
30658
16901
44757
16902
32516
19599
46695
19600
33864
20884
47553
20885
27123
34506
15500
43687
15501
31816
18290
45755
18291
33210
6297
38519
6298
27215
6357
38539
6358
26505
27245
7723
39093
7724
27928
7731
39097
7732
27903
27932
8455
39457
8456
28294
8463
39461
8464
28269
28298
10015
40281
10016
29074
10023
40285
10024
29049
29078
10983
40813
10984
29558
10991
40817
10992
29533
29562
12227
41477
12228
30180
12235
41481
12236
30155
30184
13191
41991
13192
30662
13199
41995
13200
30637
30666
16909
44761
16910
32520
19607
46699
19608
33868
20892
47557
20893
27153
34510
15508
43691
15509
31820
15516
43695
15517
31795
31824
18298
45759
18299
33214
16917
44765
16918
32524
16925
44769
16926
32499
32528
19615
46703
19616
33872
20900
47561
20901
27183
34514
18306
45763
18307
33218
18314
45767
18315
33193
33222
19623
46707
19624
33876
19631
46711
19632
33851
33880
20908
47565
20909
27213
34518
20916
47569
20917
27243
34493
34522
5943
38401
5944
27038
6003
38421
6004
27039
27068
6063
38441
6064
27069
27098
6123
38461
6124
27099
27128
6183
38481
6184
27129
27158
6243
38501
6244
27159
27188
6303
38521
6304
27189
27218
6411
38557
6412
27219
27272
7679
39077
7680
27906
7687
39075
7688
27907
27910
7695
39079
7696
27911
27914
7703
39083
7704
27915
27918
7711
39087
7712
27919
27922
7719
39091
7720
27923
27926
7727
39095
7728
27927
27930
7735
39099
7736
27931
27934
8411
39441
8412
28272
8419
39439
8420
28273
28276
8427
39443
8428
28277
28280
8435
39447
8436
28281
28284
8443
39451
8444
28285
28288
8451
39455
8452
28289
28292
8459
39459
8460
28293
28296
8467
39463
8468
28297
28300
9971
40265
9972
29052
9979
40263
9980
29053
29056
9987
40267
9988
29057
29060
9995
40271
9996
29061
29064
10003
40275
10004
29065
29068
10011
40279
10012
29069
29072
10019
40283
10020
29073
29076
10027
40287
10028
29077
29080
10939
40797
10940
29536
10947
40795
10948
29537
29540
10955
40799
10956
29541
29544
10963
40803
10964
29545
29548
10971
40807
10972
29549
29552
10979
40811
10980
29553
29556
10987
40815
10988
29557
29560
10995
40819
10996
29561
29564
12183
41461
12184
30158
12191
41459
12192
30159
30162
12199
41463
12200
30163
30166
12207
41467
12208
30167
30170
12215
41471
12216
30171
30174
12223
41475
12224
30175
30178
12231
41479
12232
30179
30182
12239
41483
12240
30183
30186
13147
41975
13148
30640
13155
41973
13156
30641
30644
13163
41977
13164
30645
30648
13171
41981
13172
30649
30652
13179
41985
13180
30653
30656
13187
41989
13188
30657
30660
13195
41993
13196
30661
30664
13203
41997
13204
30665
30668
6423
38561
6424
27278
6429
38563
6430
27279
27281
6435
38565
6436
27282
27284
6441
38567
6442
27285
27287
6447
38569
6448
27288
27290
6453
38571
6454
27291
27293
6459
38573
6460
27294
27296
6513
38591
6514
27297
27323
7743
39103
7744
27938
7747
39105
7748
27939
27940
7751
39107
7752
27941
27942
7755
39109
7756
27943
27944
7759
39111
7760
27945
27946
7763
39113
7764
27947
27948
7767
39115
7768
27949
27950
7771
39117
7772
27951
27952
8475
39467
8476
28304
8479
39469
8480
28305
28306
8483
39471
8484
28307
28308
8487
39473
8488
28309
28310
8491
39475
8492
28311
28312
8495
39477
8496
28313
28314
8499
39479
8500
28315
28316
8503
39481
8504
28317
28318
10035
40291
10036
29084
10039
40293
10040
29085
29086
10043
40295
10044
29087
29088
10047
40297
10048
29089
29090
10051
40299
10052
29091
29092
10055
40301
10056
29093
29094
10059
40303
10060
29095
29096
10063
40305
10064
29097
29098
11003
40823
11004
29568
11007
40825
11008
29569
29570
11011
40827
11012
29571
29572
11015
40829
11016
29573
29574
11019
40831
11020
29575
29576
11023
40833
11024
29577
29578
11027
40835
11028
29579
29580
11031
40837
11032
29581
29582
12247
41487
12248
30190
12251
41489
12252
30191
30192
12255
41491
12256
30193
30194
12259
41493
12260
30195
30196
12263
41495
12264
30197
30198
12267
41497
12268
30199
30200
12271
41499
12272
30201
30202
12275
41501
12276
30203
30204
13211
42001
13212
30672
13215
42003
13216
30673
30674
13219
42005
13220
30675
30676
13223
42007
13224
30677
30678
13227
42009
13228
30679
30680
13231
42011
13232
30681
30682
13235
42013
13236
30683
30684
13239
42015
13240
30685
30686
15464
43675
15465
31798
15472
43673
15473
31799
31802
15480
43677
15481
31803
31806
15488
43681
15489
31807
31810
15496
43685
15497
31811
31814
15504
43689
15505
31815
31818
15512
43693
15513
31819
31822
15520
43697
15521
31823
31826
15528
43701
15529
31830
15532
43703
15533
31831
31832
15536
43705
15537
31833
31834
15540
43707
15541
31835
31836
15544
43709
15545
31837
31838
15548
43711
15549
31839
31840
15552
43713
15553
31841
31842
15556
43715
15557
31843
31844
16873
44749
16874
32502
16881
44747
16882
32503
32506
16889
44751
16890
32507
32510
16897
44755
16898
32511
32514
16905
44759
16906
32515
32518
16913
44763
16914
32519
32522
16921
44767
16922
32523
32526
16929
44771
16930
32527
32530
6525
38595
6526
27329
6531
38597
6532
27330
27332
6537
38599
6538
27333
27335
6543
38601
6544
27336
27338
6549
38603
6550
27339
27341
6555
38605
6556
27342
27344
6561
38607
6562
27345
27347
6615
38625
6616
27348
27374
7779
39121
7780
27956
7783
39123
7784
27957
27958
7787
39125
7788
27959
27960
7791
39127
7792
27961
27962
7795
39129
7796
27963
27964
7799
39131
7800
27965
27966
7803
39133
7804
27967
27968
7807
39135
7808
27969
27970
8511
39485
8512
28322
8515
39487
8516
28323
28324
8519
39489
8520
28325
28326
8523
39491
8524
28327
28328
8527
39493
8528
28329
28330
8531
39495
8532
28331
28332
8535
39497
8536
28333
28334
8539
39499
8540
28335
28336
10071
40309
10072
29102
10075
40311
10076
29103
29104
10079
40313
10080
29105
29106
10083
40315
10084
29107
29108
10087
40317
10088
29109
29110
10091
40319
10092
29111
29112
10095
40321
10096
29113
29114
10099
40323
10100
29115
29116
11039
40841
11040
29586
11043
40843
11044
29587
29588
11047
40845
11048
29589
29590
11051
40847
11052
29591
29592
11055
40849
11056
29593
29594
11059
40851
11060
29595
29596
11063
40853
11064
29597
29598
11067
40855
11068
29599
29600
12283
41505
12284
30208
49500
49502
49504
12287
41507
12288
30209
30210
12291
41509
12292
30211
30212
12295
41511
12296
30213
30214
12299
41513
12300
30215
30216
12303
41515
12304
30217
30218
12307
41517
12308
30219
30220
12311
41519
12312
30221
30222
13247
42019
13248
30690
13251
42021
13252
30691
30692
13255
42023
13256
30693
30694
13259
42025
13260
30695
30696
13263
42027
13264
30697
30698
13267
42029
13268
30699
30700
13271
42031
13272
30701
30702
13275
42033
13276
30703
30704
16937
44775
16938
32534
16941
44777
16942
32535
32536
16945
44779
16946
32537
32538
16949
44781
16950
32539
32540
16953
44783
16954
32541
32542
16957
44785
16958
32543
32544
16961
44787
16962
32545
32546
16965
44789
16966
32547
32548
18262
45747
18263
33196
49506
18270
45745
18271
33197
33200
18278
45749
18279
33201
33204
18286
45753
18287
33205
33208
18294
45757
18295
33209
33212
18302
45761
18303
33213
33216
18310
45765
18311
33217
33220
18318
45769
18319
33221
33224
15564
43719
15565
31848
49508
15568
43721
15569
31849
31850
15572
43723
15573
31851
31852
15576
43725
15577
31853
31854
15580
43727
15581
31855
31856
15584
43729
15585
31857
31858
15588
43731
15589
31859
31860
15592
43733
15593
31861
31862
18326
45773
18327
33228
49510
18330
45775
18331
33229
33230
18334
45777
18335
33231
33232
18338
45779
18339
33233
33234
18342
45781
18343
33235
33236
18346
45783
18347
33237
33238
18350
45785
18351
33239
33240
18354
45787
18355
33241
33242
6627
38629
6628
27380
49512
6633
38631
6634
27381
27383
6639
38633
6640
27384
27386
6645
38635
6646
27387
27389
6651
38637
6652
27390
27392
6657
38639
6658
27393
27395
6663
38641
6664
27396
27398
6717
38659
6718
27399
27425
7815
39139
7816
27974
49514
7819
39141
7820
27975
27976
7823
39143
7824
27977
27978
7827
39145
7828
27979
27980
7831
39147
7832
27981
27982
7835
39149
7836
27983
27984
7839
39151
7840
27985
27986
7843
39153
7844
27987
27988
8547
39503
8548
28340
49516
8551
39505
8552
28341
28342
8555
39507
8556
28343
28344
8559
39509
8560
28345
28346
8563
39511
8564
28347
28348
8567
39513
8568
28349
28350
8571
39515
8572
28351
28352
8575
39517
8576
28353
28354
10107
40327
10108
29120
49518
49520
49522
49524
10111
40329
10112
29121
29122
10115
40331
10116
29123
29124
10119
40333
10120
29125
29126
10123
40335
10124
29127
29128
10127
40337
10128
29129
29130
10131
40339
10132
29131
29132
10135
40341
10136
29133
29134
11075
40859
11076
29604
11079
40861
11080
29605
29606
11083
40863
11084
29607
29608
11087
40865
11088
29609
29610
11091
40867
11092
29611
29612
11095
40869
11096
29613
29614
11099
40871
11100
29615
29616
11103
40873
11104
29617
29618
19579
46691
19580
33854
49526
19587
46689
19588
33855
33858
19595
46693
19596
33859
33862
19603
46697
19604
33863
33866
19611
46701
19612
33867
33870
19619
46705
19620
33871
33874
19627
46709
19628
33875
33878
19635
46713
19636
33879
33882
12319
41523
12320
30226
49528
12323
41525
12324
30227
30228
12327
41527
12328
30229
30230
12331
41529
12332
30231
30232
12335
41531
12336
30233
30234
12339
41533
12340
30235
30236
12343
41535
12344
30237
30238
12347
41537
12348
30239
30240
13283
42037
13284
30708
49530
13287
42039
13288
30709
30710
13291
42041
13292
30711
30712
13295
42043
13296
30713
30714
13299
42045
13300
30715
30716
13303
42047
13304
30717
30718
13307
42049
13308
30719
30720
13311
42051
13312
30721
30722
16973
44793
16974
32552
49532
16977
44795
16978
32553
32554
16981
44797
16982
32555
32556
16985
44799
16986
32557
32558
16989
44801
16990
32559
32560
16993
44803
16994
32561
32562
16997
44805
16998
32563
32564
17001
44807
17002
32565
32566
19643
46717
19644
33886
49534
19647
46719
19648
33887
33888
19651
46721
19652
33889
33890
19655
46723
19656
33891
33892
19659
46725
19660
33893
33894
19663
46727
19664
33895
33896
19667
46729
19668
33897
33898
19671
46731
19672
33899
33900
15600
43737
15601
31866
49536
15604
43739
15605
31867
31868
15608
43741
15609
31869
31870
15612
43743
15613
31871
31872
15616
43745
15617
31873
31874
15620
43747
15621
31875
31876
15624
43749
15625
31877
31878
15628
43751
15629
31879
31880
18362
45791
18363
33246
49538
18366
45793
18367
33247
33248
18370
45795
18371
33249
33250
18374
45797
18375
33251
33252
18378
45799
18379
33253
33254
18382
45801
18383
33255
33256
18386
45803
18387
33257
33258
18390
45805
18391
33259
33260
6729
38663
6730
27431
49540
6735
38665
6736
27432
27434
6741
38667
6742
27435
27437
6747
38669
6748
27438
27440
6753
38671
6754
27441
27443
6759
38673
6760
27444
27446
6765
38675
6766
27447
27449
6819
38693
6820
27450
27476
7851
39157
7852
27992
49542
49544
49546
7855
39159
7856
27993
27994
7859
39161
7860
27995
27996
7863
39163
7864
27997
27998
7867
39165
7868
27999
28000
7871
39167
7872
28001
28002
7875
39169
7876
28003
28004
7879
39171
7880
28005
28006
8583
39521
8584
28358
8587
39523
8588
28359
28360
8591
39525
8592
28361
28362
8595
39527
8596
28363
28364
8599
39529
8600
28365
28366
8603
39531
8604
28367
28368
8607
39533
8608
28369
28370
8611
39535
8612
28371
28372
10143
40345
10144
29138
10147
40347
10148
29139
29140
10151
40349
10152
29141
29142
10155
40351
10156
29143
29144
10159
40353
10160
29145
29146
10163
40355
10164
29147
29148
10167
40357
10168
29149
29150
10171
40359
10172
29151
29152
11111
40877
11112
29622
49548
11115
40879
11116
29623
29624
11119
40881
11120
29625
29626
11123
40883
11124
29627
29628
11127
40885
11128
29629
29630
11131
40887
11132
29631
29632
11135
40889
11136
29633
29634
11139
40891
11140
29635
29636
12355
41541
12356
30244
49550
12359
41543
12360
30245
30246
12363
41545
12364
30247
30248
12367
41547
12368
30249
30250
12371
41549
12372
30251
30252
12375
41551
12376
30253
30254
12379
41553
12380
30255
30256
12383
41555
12384
30257
30258
13319
42055
13320
30726
49552
13323
42057
13324
30727
30728
13327
42059
13328
30729
30730
13331
42061
13332
30731
30732
13335
42063
13336
30733
30734
13339
42065
13340
30735
30736
13343
42067
13344
30737
30738
13347
42069
13348
30739
30740
17009
44811
17010
32570
49554
17013
44813
17014
32571
32572
17017
44815
17018
32573
32574
17021
44817
17022
32575
32576
17025
44819
17026
32577
32578
17029
44821
17030
32579
32580
17033
44823
17034
32581
32582
17037
44825
17038
32583
32584
19679
46735
19680
33904
49556
19683
46737
19684
33905
33906
19687
46739
19688
33907
33908
19691
46741
19692
33909
33910
19695
46743
19696
33911
33912
19699
46745
19700
33913
33914
19703
46747
19704
33915
33916
19707
46749
19708
33917
33918
20864
47549
20865
34496
49558
20872
47547
20873
34497
34500
20880
47551
20881
34501
34504
20888
47555
20889
34505
34508
20896
47559
20897
34509
34512
20904
47563
20905
34513
34516
20912
47567
20913
34517
34520
20920
47571
20921
27270
34521
34524
15636
43755
15637
31884
49560
15640
43757
15641
31885
31886
15644
43759
15645
31887
31888
15648
43761
15649
31889
31890
15652
43763
15653
31891
31892
15656
43765
15657
31893
31894
15660
43767
15661
31895
31896
15664
43769
15665
31897
31898
20928
47575
20929
34528
49562
20932
47577
20933
34529
34530
20936
47579
20937
34531
34532
20940
47581
20941
34533
34534
20944
47583
20945
34535
34536
20948
47585
20949
34537
34538
20952
47587
20953
34539
34540
20956
47589
20957
27321
34541
34542
18398
45809
18399
33264
18402
45811
18403
33265
33266
18406
45813
18407
33267
33268
18410
45815
18411
33269
33270
18414
45817
18415
33271
33272
18418
45819
18419
33273
33274
18422
45821
18423
33275
33276
18426
45823
18427
33277
33278
6831
38697
6832
27482
49564
6837
38699
6838
27483
27485
6843
38701
6844
27486
27488
6849
38703
6850
27489
27491
6855
38705
6856
27492
27494
6861
38707
6862
27495
27497
6867
38709
6868
27498
27500
6921
38727
6922
27501
27527
7887
39175
7888
28010
7891
39177
7892
28011
28012
7895
39179
7896
28013
28014
7899
39181
7900
28015
28016
7903
39183
7904
28017
28018
7907
39185
7908
28019
28020
7911
39187
7912
28021
28022
7915
39189
7916
28023
28024
8619
39539
8620
28376
8623
39541
8624
28377
28378
8627
39543
8628
28379
28380
8631
39545
8632
28381
28382
8635
39547
8636
28383
28384
8639
39549
8640
28385
28386
8643
39551
8644
28387
28388
8647
39553
8648
28389
28390
10179
40363
10180
29156
49566
49568
10183
40365
10184
29157
29158
10187
40367
10188
29159
29160
10191
40369
10192
29161
29162
10195
40371
10196
29163
29164
10199
40373
10200
29165
29166
10203
40375
10204
29167
29168
10207
40377
10208
29169
29170
11147
40895
11148
29640
11151
40897
11152
29641
29642
11155
40899
11156
29643
29644
11159
40901
11160
29645
29646
11163
40903
11164
29647
29648
11167
40905
11168
29649
29650
11171
40907
11172
29651
29652
11175
40909
11176
29653
29654
12391
41559
12392
30262
12395
41561
12396
30263
30264
12399
41563
12400
30265
30266
12403
41565
12404
30267
30268
12407
41567
12408
30269
30270
12411
41569
12412
30271
30272
12415
41571
12416
30273
30274
12419
41573
12420
30275
30276
13355
42073
13356
30744
49570
13359
42075
13360
30745
30746
13363
42077
13364
30747
30748
13367
42079
13368
30749
30750
13371
42081
13372
30751
30752
13375
42083
13376
30753
30754
13379
42085
13380
30755
30756
13383
42087
13384
30757
30758
20964
47593
20965
34546
49572
20968
47595
20969
34547
34548
20972
47597
20973
34549
34550
20976
47599
20977
34551
34552
20980
47601
20981
34553
34554
20984
47603
20985
34555
34556
20988
47605
20989
34557
34558
20992
47607
20993
27372
34559
34560
17045
44829
17046
32588
49574
17049
44831
17050
32589
32590
17053
44833
17054
32591
32592
17057
44835
17058
32593
32594
17061
44837
17062
32595
32596
17065
44839
17066
32597
32598
17069
44841
17070
32599
32600
17073
44843
17074
32601
32602
19715
46753
19716
33922
49576
19719
46755
19720
33923
33924
19723
46757
19724
33925
33926
19727
46759
19728
33927
33928
19731
46761
19732
33929
33930
19735
46763
19736
33931
33932
19739
46765
19740
33933
33934
19743
46767
19744
33935
33936
15672
43773
15673
31902
49578
15676
43775
15677
31903
31904
15680
43777
15681
31905
31906
15684
43779
15685
31907
31908
15688
43781
15689
31909
31910
15692
43783
15693
31911
31912
15696
43785
15697
31913
31914
15700
43787
15701
31915
31916
18434
45827
18435
33282
49580
18438
45829
18439
33283
33284
18442
45831
18443
33285
33286
18446
45833
18447
33287
33288
18450
45835
18451
33289
33290
18454
45837
18455
33291
33292
18458
45839
18459
33293
33294
18462
45841
18463
33295
33296
6933
38731
6934
27533
49582
6939
38733
6940
27534
27536
6945
38735
6946
27537
27539
6951
38737
6952
27540
27542
6957
38739
6958
27543
27545
6963
38741
6964
27546
27548
6969
38743
6970
27549
27551
7023
38761
7024
27552
27578
7037
38795
7038
27036
27585
49584
49586
49588
7043
38797
7044
27066
27586
27588
7049
38799
7050
27096
27589
27591
7055
38801
7056
27126
27592
27594
7061
38803
7062
27156
27595
27597
7067
38805
7068
27186
27598
27600
7073
38807
7074
27216
27601
27603
7127
38825
7128
27246
27604
27630
7923
39193
7924
28028
7927
39195
7928
28029
28030
7931
39197
7932
28031
28032
7935
39199
7936
28033
28034
7939
39201
7940
28035
28036
7943
39203
7944
28037
28038
7947
39205
7948
28039
28040
7951
39207
7952
28041
28042
7961
39211
7962
27905
28047
7965
39213
7966
27909
28048
28049
7969
39215
7970
27913
28050
28051
7973
39217
7974
27917
28052
28053
7977
39219
7978
27921
28054
28055
7981
39221
7982
27925
28056
28057
7985
39223
7986
27929
28058
28059
7989
39225
7990
27933
28060
28061
8655
39557
8656
28394
8659
39559
8660
28395
28396
8663
39561
8664
28397
28398
8667
39563
8668
28399
28400
8671
39565
8672
28401
28402
8675
39567
8676
28403
28404
8679
39569
8680
28405
28406
8683
39571
8684
28407
28408
8693
39577
8694
28271
28413
8697
39579
8698
28275
28414
28415
8701
39581
8702
28279
28416
28417
8705
39583
8706
28283
28418
28419
8709
39585
8710
28287
28420
28421
8713
39587
8714
28291
28422
28423
8717
39589
8718
28295
28424
28425
8721
39591
8722
28299
28426
28427
10215
40381
10216
29174
10219
40383
10220
29175
29176
10223
40385
10224
29177
29178
10227
40387
10228
29179
29180
10231
40389
10232
29181
29182
10235
40391
10236
29183
29184
10239
40393
10240
29185
29186
10243
40395
10244
29187
29188
10253
40399
10254
29051
29193
10257
40401
10258
29055
29194
29195
10261
40403
10262
29059
29196
29197
10265
40405
10266
29063
29198
29199
10269
40407
10270
29067
29200
29201
10273
40409
10274
29071
29202
29203
10277
40411
10278
29075
29204
29205
10281
40413
10282
29079
29206
29207
11183
40913
11184
29658
11187
40915
11188
29659
29660
11191
40917
11192
29661
29662
11195
40919
11196
29663
29664
11199
40921
11200
29665
29666
11203
40923
11204
29667
29668
11207
40925
11208
29669
29670
11211
40927
11212
29671
29672
11221
40931
11222
29535
29677
11225
40933
11226
29539
29678
29679
11229
40935
11230
29543
29680
29681
11233
40937
11234
29547
29682
29683
11237
40939
11238
29551
29684
29685
11241
40941
11242
29555
29686
29687
11245
40943
11246
29559
29688
29689
11249
40945
11250
29563
29690
29691
12427
41577
12428
30280
12431
41579
12432
30281
30282
12435
41581
12436
30283
30284
12439
41583
12440
30285
30286
12443
41585
12444
30287
30288
12447
41587
12448
30289
30290
12451
41589
12452
30291
30292
12455
41591
12456
30293
30294
12465
41595
12466
30157
30299
12469
41597
12470
30161
30300
30301
12473
41599
12474
30165
30302
30303
12477
41601
12478
30169
30304
30305
12481
41603
12482
30173
30306
30307
12485
41605
12486
30177
30308
30309
12489
41607
12490
30181
30310
30311
12493
41609
12494
30185
30312
30313
13391
42091
13392
30762
13395
42093
13396
30763
30764
13399
42095
13400
30765
30766
13403
42097
13404
30767
30768
13407
42099
13408
30769
30770
13411
42101
13412
30771
30772
13415
42103
13416
30773
30774
13419
42105
13420
30775
30776
13429
42109
13430
30639
30781
13433
42111
13434
30643
30782
30783
13437
42113
13438
30647
30784
30785
13441
42115
13442
30651
30786
30787
13445
42117
13446
30655
30788
30789
13449
42119
13450
30659
30790
30791
13453
42121
13454
30663
30792
30793
13457
42123
13458
30667
30794
30795
21000
47611
21001
34564
21004
47613
21005
34565
34566
21008
47615
21009
34567
34568
21012
47617
21013
34569
34570
21016
47619
21017
34571
34572
21020
47621
21021
34573
34574
21024
47623
21025
34575
34576
21028
47625
21029
27423
34577
34578
17081
44847
17082
32606
17085
44849
17086
32607
32608
17089
44851
17090
32609
32610
17093
44853
17094
32611
32612
17097
44855
17098
32613
32614
17101
44857
17102
32615
32616
17105
44859
17106
32617
32618
17109
44861
17110
32619
32620
19751
46771
19752
33940
19755
46773
19756
33941
33942
19759
46775
19760
33943
33944
19763
46777
19764
33945
33946
19767
46779
19768
33947
33948
19771
46781
19772
33949
33950
19775
46783
19776
33951
33952
19779
46785
19780
33953
33954
15708
43791
15709
31920
15712
43793
15713
31921
31922
15716
43795
15717
31923
31924
15720
43797
15721
31925
31926
15724
43799
15725
31927
31928
15728
43801
15729
31929
31930
15732
43803
15733
31931
31932
15736
43805
15737
31933
31934
15746
43809
15747
31797
31939
15750
43811
15751
31801
31940
31941
15754
43813
15755
31805
31942
31943
15758
43815
15759
31809
31944
31945
15762
43817
15763
31813
31946
31947
15766
43819
15767
31817
31948
31949
15770
43821
15771
31821
31950
31951
15774
43825
15775
31825
31952
31953
18470
45845
18471
33300
18474
45847
18475
33301
33302
18478
45849
18479
33303
33304
18482
45851
18483
33305
33306
18486
45853
18487
33307
33308
18490
45855
18491
33309
33310
18494
45857
18495
33311
33312
18498
45859
18499
33313
33314
21036
47629
21037
34582
21040
47631
21041
34583
34584
21044
47633
21045
34585
34586
21048
47635
21049
34587
34588
21052
47637
21053
34589
34590
21056
47639
21057
34591
34592
21060
47641
21061
34593
34594
21064
47643
21065
27474
34595
34596
17117
44865
17118
32624
17121
44867
17122
32625
32626
17125
44869
17126
32627
32628
17129
44871
17130
32629
32630
17133
44873
17134
32631
32632
17137
44875
17138
32633
32634
17141
44877
17142
32635
32636
17145
44879
17146
32637
32638
17155
44883
17156
32501
32643
17159
44885
17160
32505
32644
32645
17163
44887
17164
32509
32646
32647
17167
44889
17168
32513
32648
32649
17171
44891
17172
32517
32650
32651
17175
44893
17176
32521
32652
32653
17179
44895
17180
32525
32654
32655
17183
44897
17184
32529
32656
32657
19787
46789
19788
33958
19791
46791
19792
33959
33960
19795
46793
19796
33961
33962
19799
46795
19800
33963
33964
19803
46797
19804
33965
33966
19807
46799
19808
33967
33968
19811
46801
19812
33969
33970
19815
46803
19816
33971
33972
18506
45863
18507
33318
18510
45865
18511
33319
33320
18514
45867
18515
33321
33322
18518
45869
18519
33323
33324
18522
45871
18523
33325
33326
18526
45873
18527
33327
33328
18530
45875
18531
33329
33330
18534
45877
18535
33331
33332
18544
45881
18545
33195
33337
18548
45883
18549
33199
33338
33339
18552
45885
18553
33203
33340
33341
18556
45887
18557
33207
33342
33343
18560
45889
18561
33211
33344
33345
18564
45891
18565
33215
33346
33347
18568
45893
18569
33219
33348
33349
18572
45895
18573
33223
33350
33351
6417
38559
6418
27275
6519
38593
6520
27276
27326
6621
38627
6622
27327
27377
6723
38661
6724
27378
27428
6825
38695
6826
27429
27479
6927
38729
6928
27480
27530
7029
38793
7030
27531
27581
7133
38841
38827
7134
27582
27583
27633
7739
39101
7740
27936
7775
39119
7776
27937
27954
7811
39137
7812
27955
27972
7847
39155
7848
27973
27990
7883
39173
7884
27991
28008
7919
39191
7920
28009
28026
7955
39209
7956
28027
28044
7993
39795
39227
7994
28045
28046
28063
8471
39465
8472
28302
8507
39483
8508
28303
28320
8543
39501
8544
28321
28338
8579
39519
8580
28339
28356
8615
39537
8616
28357
28374
8651
39555
8652
28375
28392
8687
39575
8688
28393
28410
8725
39793
39593
8726
28411
28412
28429
10031
40289
10032
29082
10067
40307
10068
29083
29100
10103
49589
40325
10104
29101
29118
10139
49569
40343
10140
29119
29136
10175
49549
40361
10176
29137
29154
10211
49587
40379
10212
29155
29172
10247
40397
10248
29173
29190
10285
40621
40415
10286
29191
29192
29209
10999
49547
40821
11000
29566
11035
49545
40839
11036
29567
29584
11071
49543
40857
11072
29585
29602
11107
49527
40875
11108
29603
29620
11143
49551
40893
11144
29621
29638
11179
49585
40911
11180
29639
29656
11215
40929
11216
29657
29674
11253
41171
40947
11254
29675
29676
29693
12243
49525
41485
12244
30188
12279
49523
41503
12280
30189
30206
12315
49521
41521
12316
30207
30224
12351
49531
41539
12352
30225
30242
12387
49553
41557
12388
30243
30260
12423
49571
41575
12424
30261
30278
12459
41593
12460
30279
30296
12497
41627
41611
12498
30297
30298
30315
13207
49519
41999
13208
30670
13243
49517
42017
13244
30671
30688
13279
49515
42035
13280
30689
30706
13315
49533
42053
13316
30707
30724
13351
49555
42071
13352
30725
30742
13387
49573
42089
13388
30743
30760
13423
42107
13424
30761
30778
13461
42141
42125
13462
30779
30780
30797
7145
38831
7146
27639
7151
38833
7152
27640
27642
7157
38835
7158
27643
27645
7163
38837
7164
27646
27648
7169
38839
7170
27649
27651
7175
38843
7176
27652
27654
7181
38865
7182
27655
27657
7189
38879
38867
7190
27658
27659
27661
8001
39231
8002
28067
8005
39233
8006
28068
28069
8009
39235
8010
28070
28071
8013
39237
8014
28072
28073
8017
39239
8018
28074
28075
8021
39241
8022
28076
28077
8025
39243
8026
28078
28079
8031
39755
39245
8032
28080
28081
28082
8733
39597
8734
28433
8737
39599
8738
28434
28435
8741
39601
8742
28436
28437
8745
39603
8746
28438
28439
8749
39605
8750
28440
28441
8753
39607
8754
28442
28443
8757
39611
8758
28444
28445
8763
39739
39613
8764
28446
28447
28448
19823
46807
19824
33976
19827
46809
19828
33977
33978
19831
46811
19832
33979
33980
19835
46813
19836
33981
33982
19839
46815
19840
33983
33984
19843
46817
19844
33985
33986
19847
46819
19848
33987
33988
19851
46821
19852
33989
33990
19861
46825
19862
33853
33995
19865
46827
19866
33857
33996
33997
19869
46829
19870
33861
33998
33999
19873
46831
19874
33865
34000
34001
19877
46833
19878
33869
34002
34003
19881
46835
19882
33873
34004
34005
19885
46837
19886
33877
34006
34007
19889
46839
19890
33881
34008
34009
10293
40419
10294
29213
10297
40421
10298
29214
29215
10301
40423
10302
29216
29217
10305
40425
10306
29218
29219
10309
40427
10310
29220
29221
10313
40429
10314
29222
29223
10317
40431
10318
29224
29225
10323
40619
40433
10324
29226
29227
29228
11261
40951
11262
29697
11265
40953
11266
29698
29699
11269
40955
11270
29700
29701
11273
40957
11274
29702
29703
11277
40959
11278
29704
29705
11281
40961
11282
29706
29707
11285
40963
11286
29708
29709
11291
40981
40965
11292
29710
29711
29712
12505
41615
12506
30319
12509
41617
12510
30320
30321
12513
41619
12514
30322
30323
12517
41621
12518
30324
30325
12521
41623
12522
30326
30327
12525
41625
12526
30328
30329
12529
41629
12530
30330
30331
12535
41647
41631
12536
30332
30333
30334
13469
42129
13470
30801
13473
42131
13474
30802
30803
13477
42133
13478
30804
30805
13481
42135
13482
30806
30807
13485
42137
13486
30808
30809
13489
42139
13490
30810
30811
13493
42143
13494
30812
30813
13499
42161
42145
13500
30814
30815
30816
15524
49505
43699
15525
31828
15560
49503
43717
15561
31829
31846
15596
49511
43735
15597
31847
31864
15632
49539
43753
15633
31865
31882
15668
49563
43771
15669
31883
31900
15704
49581
43789
15705
31901
31918
15740
43807
15741
31919
31936
15778
43823
43827
15779
31937
31938
31955
15786
43831
15787
31959
15790
43835
15791
31960
31961
15794
43839
15795
31962
31963
15798
43843
15799
31964
31965
15802
43847
15803
31966
31967
15806
43851
15807
31968
31969
15810
43863
15811
31970
31971
15816
43865
43867
15817
31972
31973
31974
16933
49501
44773
16934
32532
16969
49507
44791
16970
32533
32550
17005
49535
44809
17006
32551
32568
17041
49557
44827
17042
32569
32586
17077
49577
44845
17078
32587
32604
17113
44863
17114
32605
32622
17149
44881
17150
32623
32640
17187
44915
44899
17188
32641
32642
32659
7201
38871
7202
27667
7207
38873
7208
27668
27670
7213
38875
7214
27671
27673
7219
38877
7220
27674
27676
7225
38881
7226
27677
27679
7231
38883
7232
27680
27682
7237
38887
7238
27683
27685
7245
38899
38889
7246
27686
27687
27689
8039
39249
8040
28086
8043
39251
8044
28087
28088
8047
39253
8048
28089
28090
8051
39255
8052
28091
28092
8055
39257
8056
28093
28094
8059
39259
8060
28095
28096
8063
39261
8064
28097
28098
8069
39737
39263
8070
28099
28100
28101
8771
39617
8772
28452
8775
39619
8776
28453
28454
8779
39621
8780
28455
28456
8783
39623
8784
28457
28458
8787
39625
8788
28459
28460
8791
39627
8792
28461
28462
8795
39631
8796
28463
28464
8801
39649
39633
8802
28465
28466
28467
10331
40437
10332
29232
10335
40439
10336
29233
29234
10339
40441
10340
29235
29236
10343
40443
10344
29237
29238
10347
40445
10348
29239
29240
10351
40447
10352
29241
29242
10355
40449
10356
29243
29244
10361
40617
40451
10362
29245
29246
29247
11299
40969
11300
29716
11303
40971
11304
29717
29718
11307
40973
11308
29719
29720
11311
40975
11312
29721
29722
11315
40977
11316
29723
29724
11319
40979
11320
29725
29726
11323
40983
11324
29727
29728
11329
41001
40985
11330
29729
29730
29731
12543
41635
12544
30338
12547
41637
12548
30339
30340
12551
41639
12552
30341
30342
12555
41641
12556
30343
30344
12559
41643
12560
30345
30346
12563
41645
12564
30347
30348
12567
41649
12568
30349
30350
12573
41667
41651
12574
30351
30352
30353
13507
42149
13508
30820
13511
42151
13512
30821
30822
13515
42153
13516
30823
30824
13519
42155
13520
30825
30826
13523
42157
13524
30827
30828
13527
42159
13528
30829
30830
13531
42163
13532
30831
30832
13537
42181
42165
13538
30833
30834
30835
17195
44903
17196
32663
17199
44905
17200
32664
32665
17203
44907
17204
32666
32667
17207
44909
17208
32668
32669
17211
44911
17212
32670
32671
17215
44913
17216
32672
32673
17219
44917
17220
32674
32675
17225
44925
44919
17226
32676
32677
32678
18322
49509
45771
18323
33226
18358
49513
45789
18359
33227
33244
18394
49541
45807
18395
33245
33262
18430
49567
45825
18431
33263
33280
18466
49583
45843
18467
33281
33298
18502
45861
18503
33299
33316
18538
45879
18539
33317
33334
18576
46027
45897
18577
33335
33336
33353
15824
43871
15825
31978
15828
43873
15829
31979
31980
15832
43877
15833
31981
31982
15836
43881
15837
31983
31984
15840
43885
15841
31985
31986
15844
43889
15845
31987
31988
15848
43901
15849
31989
31990
15854
43903
43905
15855
31991
31992
31993
18584
45901
18585
33357
18588
45903
18589
33358
33359
18592
45905
18593
33360
33361
18596
45907
18597
33362
33363
18600
45909
18601
33364
33365
18604
45911
18605
33366
33367
18608
45913
18609
33368
33369
18614
46011
45915
18615
33370
33371
33372
7257
38893
7258
27695
7263
38895
7264
27696
27698
7269
38897
7270
27699
27701
7275
38901
7276
27702
27704
7281
38903
7282
27705
27707
7287
38905
7288
27708
27710
7293
38909
7294
27711
27713
7301
38927
38911
7302
27714
27715
27717
8077
39267
8078
28105
8081
39269
8082
28106
28107
8085
39271
8086
28108
28109
8089
39273
8090
28110
28111
8093
39275
8094
28112
28113
8097
39277
8098
28114
28115
8101
39279
8102
28116
28117
8107
39629
39281
8108
28118
28119
28120
8809
39637
8810
28471
8813
39639
8814
28472
28473
8817
39641
8818
28474
28475
8821
39643
8822
28476
28477
8825
39645
8826
28478
28479
8829
39647
8830
28480
28481
8833
39651
8834
28482
28483
8839
39669
39653
8840
28484
28485
28486
10369
40455
10370
29251
10373
40457
10374
29252
29253
10377
40459
10378
29254
29255
10381
40461
10382
29256
29257
10385
40463
10386
29258
29259
10389
40465
10390
29260
29261
10393
40467
10394
29262
29263
10399
40615
40469
10400
29264
29265
29266
11337
40989
11338
29735
11341
40991
11342
29736
29737
11345
40993
11346
29738
29739
11349
40995
11350
29740
29741
11353
40997
11354
29742
29743
11357
40999
11358
29744
29745
11361
41003
11362
29746
29747
11367
41021
41005
11368
29748
29749
29750
19639
49529
46715
19640
33884
19675
49537
46733
19676
33885
33902
19711
49559
46751
19712
33903
33920
19747
49579
46769
19748
33921
33938
19783
46787
19784
33939
33956
19819
46805
19820
33957
33974
19855
46823
19856
33975
33992
19893
47011
46841
19894
33993
33994
34011
12581
41655
12582
30357
12585
41657
12586
30358
30359
12589
41659
12590
30360
30361
12593
41661
12594
30362
30363
12597
41663
12598
30364
30365
12601
41665
12602
30366
30367
12605
41669
12606
30368
30369
12611
41687
41671
12612
30370
30371
30372
13545
42169
13546
30839
49590
49592
49594
49596
49598
49600
49602
49604
49606
49608
49610
49612
13549
42171
13550
30840
30841
13553
42173
13554
30842
30843
13557
42175
13558
30844
30845
13561
42177
13562
30846
30847
13565
42179
13566
30848
30849
13569
42183
13570
30850
30851
13575
42201
42185
13576
30852
30853
30854
17233
44923
17234
32682
17237
44927
17238
32683
32684
17241
44929
17242
32685
32686
17245
44931
17246
32687
32688
17249
44933
17250
32689
32690
17253
44937
17254
32691
32692
17257
44945
17258
32693
32694
17263
44951
44947
17264
32695
32696
32697
19901
46845
19902
34015
19905
46847
19906
34016
34017
19909
46849
19910
34018
34019
19913
46851
19914
34020
34021
19917
46853
19918
34022
34023
19921
46855
19922
34024
34025
19925
46857
19926
34026
34027
19931
47009
46859
19932
34028
34029
34030
15862
43909
15863
31997
15866
43911
15867
31998
31999
15870
43915
15871
32000
32001
15874
43919
15875
32002
32003
15878
43923
15879
32004
32005
15882
43927
15883
32006
32007
15886
43939
15887
32008
32009
15892
43941
43943
15893
32010
32011
32012
18622
45919
18623
33376
18626
45921
18627
33377
33378
18630
45923
18631
33379
33380
18634
45925
18635
33381
33382
18638
45927
18639
33383
33384
18642
45929
18643
33385
33386
18646
45931
18647
33387
33388
18652
46005
45933
18653
33389
33390
33391
7313
38915
7314
27723
7319
38917
7320
27724
27726
7325
38919
7326
27727
27729
7331
38921
7332
27730
27732
7337
38923
7338
27733
27735
7343
38925
7344
27736
27738
7349
38929
7350
27739
27741
7357
38937
38931
7358
27742
27743
27745
8115
39285
8116
28124
8119
39287
8120
28125
28126
8123
39289
8124
28127
28128
8127
39291
8128
28129
28130
8131
39293
8132
28131
28132
8135
39295
8136
28133
28134
8139
39297
8140
28135
28136
8145
39609
39299
8146
28137
28138
28139
8847
39657
8848
28490
8851
39659
8852
28491
28492
8855
39661
8856
28493
28494
8859
39663
8860
28495
28496
8863
39665
8864
28497
28498
8867
39667
8868
28499
28500
8871
39671
8872
28501
28502
8877
39689
39673
8878
28503
28504
28505
10407
40473
10408
29270
10411
40475
10412
29271
29272
10415
40477
10416
29273
29274
10419
40479
10420
29275
29276
10423
40481
10424
29277
29278
10427
40483
10428
29279
29280
10431
40485
10432
29281
29282
10437
40503
40487
10438
29283
29284
29285
11375
41009
11376
29754
11379
41011
11380
29755
29756
11383
41013
11384
29757
29758
11387
41015
11388
29759
29760
11391
41017
11392
29761
29762
11395
41019
11396
29763
29764
11399
41023
11400
29765
29766
11405
41041
41025
11406
29767
29768
29769
12619
41675
12620
30376
12623
41677
12624
30377
30378
12627
41679
12628
30379
30380
12631
41681
12632
30381
30382
12635
41683
12636
30383
30384
12639
41685
12640
30385
30386
12643
41689
12644
30387
30388
12649
41707
41691
12650
30389
30390
30391
13583
42189
13584
30858
49614
49616
49618
49620
49622
49624
13587
42191
13588
30859
30860
13591
42193
13592
30861
30862
13595
42195
13596
30863
30864
13599
42197
13600
30865
30866
13603
42199
13604
30867
30868
13607
42203
13608
30869
30870
13613
42221
42205
13614
30871
30872
30873
17271
44953
17272
32701
17275
44955
17276
32702
32703
17279
44957
17280
32704
32705
17283
44959
17284
32706
32707
17287
44963
17288
32708
32709
17291
44967
17292
32710
32711
17295
44979
17296
32712
32713
17301
44981
44983
17302
32714
32715
32716
19939
46863
19940
34034
19943
46865
19944
34035
34036
19947
46867
19948
34037
34038
19951
46869
19952
34039
34040
19955
46871
19956
34041
34042
19959
46873
19960
34043
34044
19963
46875
19964
34045
34046
19969
47007
46877
19970
34047
34048
34049
20924
49561
47573
20925
34526
49626
49628
49630
49632
49634
49636
49638
49640
49642
49644
49646
49648
49650
49652
49654
49656
49658
49660
49662
49664
20960
49565
47591
20961
34527
34544
20996
49575
47609
20997
34545
34562
21032
47627
21033
34563
34580
21068
47645
21069
34581
34598
21072
47647
21073
34600
49666
49668
49670
49672
49674
49676
49678
49680
49682
49684
49686
49688
21076
47649
21077
34601
34602
21080
47651
21081
34603
34604
21084
47653
21085
34605
34606
21088
47655
21089
34607
34608
21092
47657
21093
34609
34610
21096
47659
21097
34611
34612
21100
47661
21101
27525
34613
34614
21104
47663
21105
34599
34616
21108
47665
21109
34618
21112
47667
21113
34619
34620
21116
47669
21117
34621
34622
21120
47671
21121
34623
34624
21124
47673
21125
34625
34626
21128
47675
21129
34627
34628
21132
47677
21133
34629
34630
21136
47679
21137
27576
34631
34632
21140
47681
21141
34617
34634
21146
47683
21147
34495
34637
21150
47685
21151
34499
34638
34639
21154
47687
21155
34503
34640
34641
21158
47689
21159
34507
34642
34643
21162
47691
21163
34511
34644
34645
21166
47693
21167
34515
34646
34647
21170
47695
21171
34519
34648
34649
21174
47697
21175
27628
34523
34650
34651
21178
48031
47699
21179
34635
34636
34653
15900
43947
15901
32016
15904
43949
15905
32017
32018
15908
43953
15909
32019
32020
15912
43957
15913
32021
32022
15916
43961
15917
32023
32024
15920
43965
15921
32025
32026
15924
43977
15925
32027
32028
15930
43979
43981
15931
32029
32030
32031
21186
47703
21187
34657
21190
47705
21191
34658
34659
21194
47707
21195
34660
34661
21198
47709
21199
34662
34663
21202
47711
21203
34664
34665
21206
47713
21207
34666
34667
21210
47715
21211
34668
34669
21216
48027
47717
21217
34670
34671
34672
18660
45937
18661
33395
18664
45939
18665
33396
33397
18668
45941
18669
33398
33399
18672
45943
18673
33400
33401
18676
45945
18677
33402
33403
18680
45947
18681
33404
33405
18684
45949
18685
33406
33407
18690
45987
45951
18691
33408
33409
33410
7369
38935
7370
27751
7375
38939
7376
27752
27754
7381
38941
7382
27755
27757
7387
38943
7388
27758
27760
7393
38945
7394
27761
27763
7399
38949
7400
27764
27766
7405
38951
7406
27767
27769
7413
38969
38953
7414
27770
27771
27773
8153
39303
8154
28143
8157
39305
8158
28144
28145
8161
39307
8162
28146
28147
8165
39309
8166
28148
28149
8169
39311
8170
28150
28151
8173
39313
8174
28152
28153
8177
39317
8178
28154
28155
8183
39335
39319
8184
28156
28157
28158
8885
39677
8886
28509
8889
39679
8890
28510
28511
8893
39681
8894
28512
28513
8897
39683
8898
28514
28515
8901
39685
8902
28516
28517
8905
39687
8906
28518
28519
8909
39691
8910
28520
28521
8915
39709
39693
8916
28522
28523
28524
10445
40491
10446
29289
10449
40493
10450
29290
29291
10453
40495
10454
29292
29293
10457
40497
10458
29294
29295
10461
40499
10462
29296
29297
10465
40501
10466
29298
29299
10469
40505
10470
29300
29301
10475
40523
40507
10476
29302
29303
29304
11413
41029
11414
29773
11417
41031
11418
29774
29775
11421
41033
11422
29776
29777
11425
41035
11426
29778
29779
11429
41037
11430
29780
29781
11433
41039
11434
29782
29783
11437
41043
11438
29784
29785
11443
41061
41045
11444
29786
29787
29788
12657
41695
12658
30395
12661
41697
12662
30396
30397
12665
41699
12666
30398
30399
12669
41701
12670
30400
30401
12673
41703
12674
30402
30403
12677
41705
12678
30404
30405
12681
41709
12682
30406
30407
12687
41727
41711
12688
30408
30409
30410
13621
42209
13622
30877
13625
42211
13626
30878
30879
13629
42213
13630
30880
30881
13633
42215
13634
30882
30883
13637
42217
13638
30884
30885
13641
42219
13642
30886
30887
13645
42223
13646
30888
30889
13651
42241
42225
13652
30890
30891
30892
21224
47721
21225
34676
21228
47723
21229
34677
34678
21232
47725
21233
34679
34680
21236
47727
21237
34681
34682
21240
47729
21241
34683
34684
21244
47731
21245
34685
34686
21248
47733
21249
34687
34688
21254
48025
47735
21255
34689
34690
34691
17309
44987
17310
32720
17313
44989
17314
32721
32722
17317
44993
17318
32723
32724
17321
44997
17322
32725
32726
17325
45001
17326
32727
32728
17329
45005
17330
32729
32730
17333
45017
17334
32731
32732
17339
45019
45021
17340
32733
32734
32735
19977
46881
19978
34053
19981
46883
19982
34054
34055
19985
46885
19986
34056
34057
19989
46887
19990
34058
34059
19993
46889
19994
34060
34061
19997
46891
19998
34062
34063
20001
46893
20002
34064
34065
20007
49689
47005
46895
20008
34066
34067
34068
15938
43985
15939
32035
15942
43987
15943
32036
32037
15946
43991
15947
32038
32039
15950
43995
15951
32040
32041
15954
43999
15955
32042
32043
15958
44003
15959
32044
32045
15962
44015
15963
32046
32047
15968
44017
44019
15969
32048
32049
32050
18698
45955
18699
33414
18702
45957
18703
33415
33416
18706
45959
18707
33417
33418
18710
45961
18711
33419
33420
18714
45963
18715
33421
33422
18718
45965
18719
33423
33424
18722
45967
18723
33425
33426
18728
45983
45969
18729
33427
33428
33429
7425
38957
7426
27779
7431
38959
7432
27780
27782
7437
38961
7438
27783
27785
7443
38963
7444
27786
27788
7449
38965
7450
27789
27791
7455
38967
7456
27792
27794
7461
38971
7462
27795
27797
7469
38975
38973
7470
27798
27799
27801
7481
38979
7482
27273
27807
7487
38981
7488
27324
27808
27810
7493
38983
7494
27375
27811
27813
7499
38987
7500
27426
27814
27816
7505
38989
7506
27477
27817
27819
7511
38991
7512
27528
27820
27822
7517
38993
7518
27579
27823
27825
7525
39315
38995
7526
27631
27826
27827
27829
8191
39323
8192
28162
8195
39325
8196
28163
28164
8199
39327
8200
28165
28166
8203
39329
8204
28167
28168
8207
39331
8208
28169
28170
8211
39333
8212
28171
28172
8215
39337
8216
28173
28174
8221
39355
39339
8222
28175
28176
28177
8229
39343
8230
27935
28181
8233
39345
8234
27953
28182
28183
8237
39347
8238
27971
28184
28185
8241
39349
8242
27989
28186
28187
8245
39351
8246
28007
28188
28189
8249
39353
8250
28025
28190
28191
8253
39357
8254
28043
28192
28193
8259
39573
39359
8260
28062
28194
28195
28196
8923
39697
8924
28528
8927
39699
8928
28529
28530
8931
39701
8932
28531
28532
8935
39703
8936
28533
28534
8939
39705
8940
28535
28536
8943
39707
8944
28537
28538
8947
39711
8948
28539
28540
8953
39729
39713
8954
28541
28542
28543
8961
39717
8962
28301
28547
8965
39719
8966
28319
28548
28549
8969
39721
8970
28337
28550
28551
8973
39723
8974
28355
28552
28553
8977
39725
8978
28373
28554
28555
8981
39727
8982
28391
28556
28557
8985
39731
8986
28409
28558
28559
8991
39735
39733
8992
28428
28560
28561
28562
10483
40511
10484
29308
10487
40513
10488
29309
29310
10491
40515
10492
29311
29312
10495
40517
10496
29313
29314
10499
40519
10500
29315
29316
10503
40521
10504
29317
29318
10507
40525
10508
29319
29320
10513
40543
40527
10514
29321
29322
29323
10521
40531
10522
29081
29327
10525
40533
10526
29099
29328
29329
10529
40535
10530
29117
29330
29331
10533
40537
10534
29135
29332
29333
10537
40539
10538
29153
29334
29335
10541
40541
10542
29171
29336
29337
10545
40545
10546
29189
29338
29339
10551
40613
40547
10552
29208
29340
29341
29342
11451
41049
11452
29792
11455
41051
11456
29793
29794
11459
41053
11460
29795
29796
11463
41055
11464
29797
29798
11467
41057
11468
29799
29800
11471
41059
11472
29801
29802
11475
41063
11476
29803
29804
11481
41081
41065
11482
29805
29806
29807
11489
41069
11490
29565
29811
11493
41071
11494
29583
29812
29813
11497
41073
11498
29601
29814
29815
11501
41075
11502
29619
29816
29817
11505
41077
11506
29637
29818
29819
11509
41079
11510
29655
29820
29821
11513
41083
11514
29673
29822
29823
11519
41169
41085
11520
29692
29824
29825
29826
12695
41715
12696
30414
12699
41717
12700
30415
30416
12703
41719
12704
30417
30418
12707
41721
12708
30419
30420
12711
41723
12712
30421
30422
12715
41725
12716
30423
30424
12719
41729
12720
30425
30426
12725
41747
41731
12726
30427
30428
30429
12733
41735
12734
30187
30433
12737
41737
12738
30205
30434
30435
12741
41739
12742
30223
30436
30437
12745
41741
12746
30241
30438
30439
12749
41743
12750
30259
30440
30441
12753
41745
12754
30277
30442
30443
12757
41749
12758
30295
30444
30445
12763
41907
41751
12764
30314
30446
30447
30448
13659
42229
13660
30896
13663
42231
13664
30897
30898
13667
42233
13668
30899
30900
13671
42235
13672
30901
30902
13675
42237
13676
30903
30904
13679
42239
13680
30905
30906
13683
42243
13684
30907
30908
13689
42261
42245
13690
30909
30910
30911
13697
42249
13698
30669
30915
13701
42251
13702
30687
30916
30917
13705
42253
13706
30705
30918
30919
13709
42255
13710
30723
30920
30921
13713
42257
13714
30741
30922
30923
13717
42259
13718
30759
30924
30925
13721
42263
13722
30777
30926
30927
13727
42435
42265
13728
30796
30928
30929
30930
21262
47739
21263
34695
21266
47741
21267
34696
34697
21270
47743
21271
34698
34699
21274
47745
21275
34700
34701
21278
47747
21279
34702
34703
21282
47749
21283
34704
34705
21286
47751
21287
34706
34707
21292
48023
47753
21293
34708
34709
34710
17347
45025
17348
32739
17351
45027
17352
32740
32741
17355
45031
17356
32742
32743
17359
45035
17360
32744
32745
17363
45039
17364
32746
32747
17367
45043
17368
32748
32749
17371
45055
17372
32750
32751
17377
45057
45059
17378
32752
32753
32754
20015
46899
20016
34072
20019
46901
20020
34073
34074
20023
46903
20024
34075
34076
20027
46905
20028
34077
34078
20031
46907
20032
34079
34080
20035
46909
20036
34081
34082
20039
46911
20040
34083
34084
20045
46969
46913
20046
34085
34086
34087
15976
44023
15977
32054
15980
44025
15981
32055
32056
15984
44029
15985
32057
32058
15988
44033
15989
32059
32060
15992
44037
15993
32061
32062
15996
44041
15997
32063
32064
16000
44053
16001
32065
32066
16006
44055
44057
16007
32067
32068
32069
16014
44061
16015
31827
32073
16018
44063
16019
31845
32074
32075
16022
44067
16023
31863
32076
32077
16026
44071
16027
31881
32078
32079
16030
44075
16031
31899
32080
32081
16034
44079
16035
31917
32082
32083
16038
44091
16039
31935
32084
32085
16044
44093
44095
16045
31954
32086
32087
32088
18736
45973
18737
33433
18740
45975
18741
33434
33435
18744
45977
18745
33436
33437
18748
45979
18749
33438
33439
18752
45981
18753
33440
33441
18756
45985
18757
33442
33443
18760
45989
18761
33444
33445
18766
45995
45991
18767
33446
33447
33448
21300
47757
21301
34714
21304
47759
21305
34715
34716
21308
47761
21309
34717
34718
21312
47763
21313
34719
34720
21316
47765
21317
34721
34722
21320
47767
21321
34723
34724
21324
47769
21325
34725
34726
21330
48021
47771
21331
34727
34728
34729
17385
45063
17386
32758
17389
45065
17390
32759
32760
17393
45069
17394
32761
32762
17397
45073
17398
32763
32764
17401
45077
17402
32765
32766
17405
45081
17406
32767
32768
17409
45093
17410
32769
32770
17415
45095
45097
17416
32771
32772
32773
17423
45101
17424
32531
32777
17427
45103
17428
32549
32778
32779
17431
45107
17432
32567
32780
32781
17435
45111
17436
32585
32782
32783
17439
45115
17440
32603
32784
32785
17443
45119
17444
32621
32786
32787
17447
45131
17448
32639
32788
32789
17453
45145
45133
17454
32658
32790
32791
32792
20053
46917
20054
34091
20057
46919
20058
34092
34093
20061
46921
20062
34094
34095
20065
46923
20066
34096
34097
20069
46925
20070
34098
34099
20073
46927
20074
34100
34101
20077
46929
20078
34102
34103
20083
46947
46931
20084
34104
34105
34106
18774
45997
18775
33452
18778
45999
18779
33453
33454
18782
46001
18783
33455
33456
18786
46003
18787
33457
33458
18790
46007
18791
33459
33460
18794
46009
18795
33461
33462
18798
46013
18799
33463
33464
18804
46017
46015
18805
33465
33466
33467
18812
46021
18813
33225
33471
18816
46023
18817
33243
33472
33473
18820
46025
18821
33261
33474
33475
18824
46029
18825
33279
33476
33477
18828
46031
18829
33297
33478
33479
18832
46033
18833
33315
33480
33481
18836
46043
18837
33333
33482
33483
18842
46057
46045
18843
33352
33484
33485
33486
7139
49687
38829
7140
27636
7195
49685
38869
7196
27637
27664
7251
49683
38891
7252
27665
27692
7307
49681
38913
7308
27693
27720
7363
49679
38933
7364
27721
27748
7419
38955
7420
27749
27776
7475
38977
7476
27777
27804
7531
38997
7532
27805
27832
7997
49677
39229
7998
28065
8035
49675
39247
8036
28066
28084
8073
49673
39265
8074
28085
28103
8111
49671
39283
8112
28104
28122
8149
49669
39301
8150
28123
28141
8187
39321
8188
28142
28160
8225
39341
8226
28161
28179
8263
39361
8264
28180
28198
8729
49667
39595
8730
28431
8767
49665
39615
8768
28432
28450
8805
49663
39635
8806
28451
28469
8843
49661
39655
8844
28470
28488
8881
49659
39675
8882
28489
28507
8919
39695
8920
28508
28526
8957
39715
8958
28527
28545
8995
39741
8996
28546
28564
9001
39807
9002
28567
11791
41243
11792
29962
11909
41311
11910
30021
12027
41379
12028
30080
10289
49657
40417
10290
29211
10327
49655
40435
10328
29212
29230
10365
49653
40453
10366
29231
29249
10403
49651
40471
10404
29250
29268
10441
49649
40489
10442
29269
29287
10479
40509
10480
29288
29306
10517
40529
10518
29307
29325
10555
40549
10556
29326
29344
10559
40575
10560
29346
11837
41271
11838
29985
11955
41339
11956
30044
12073
41407
12074
30103
11257
49647
40949
11258
29695
11295
49645
40967
11296
29696
29714
11333
49643
40987
11334
29715
29733
11371
49641
41007
11372
29734
29752
11409
49639
41027
11410
29753
29771
11447
41047
11448
29772
29790
11485
41067
11486
29791
29809
11523
41087
11524
29810
29828
11527
41113
11528
29830
11869
41287
11870
30001
11987
41355
11988
30060
12105
41423
12106
28565
30119
12501
49637
41613
12502
30317
12539
49635
41633
12540
30318
30336
12577
49633
41653
12578
30337
30355
12615
49613
41673
12616
30356
30374
12653
49625
41693
12654
30375
30393
12691
41713
12692
30394
30412
12729
41733
12730
30413
30431
12767
41753
12768
30432
30450
12771
41779
12772
30452
13031
41893
13032
30582
13067
41919
13068
30600
13103
41953
13104
29345
30618
13465
49611
42127
13466
30799
13503
49609
42147
13504
30800
30818
13541
49607
42167
13542
30819
30837
13579
49623
42187
13580
30838
30856
13617
49631
42207
13618
30857
30875
13655
42227
13656
30876
30894
13693
42247
13694
30895
30913
13731
42267
13732
30914
30932
13735
42293
13736
30934
14295
42959
14296
31214
13995
42407
13996
31064
14331
42977
14332
31232
14031
42425
14032
31082
14067
42597
14068
29829
31100
14367
42995
14368
31250
14403
43013
14404
30451
30933
31268
49690
21338
47775
21339
34733
49692
49694
49696
49698
49700
49702
49704
21342
47777
21343
34734
34735
21346
47779
21347
34736
34737
21350
47781
21351
34738
34739
21354
47783
21355
34740
34741
21358
47785
21359
34742
34743
21362
47787
21363
34744
34745
21368
48019
47789
21369
34746
34747
34748
20091
46935
20092
34110
20095
46937
20096
34111
34112
20099
46939
20100
34113
34114
20103
46941
20104
34115
34116
20107
46943
20108
34117
34118
20111
46945
20112
34119
34120
20115
46949
20116
34121
34122
20121
46961
46951
20122
34123
34124
34125
20129
46955
20130
33883
34129
20133
46957
20134
33901
34130
34131
20137
46959
20138
33919
34132
34133
20141
46963
20142
33937
34134
34135
20145
46965
20146
33955
34136
34137
20149
46967
20150
33973
34138
34139
20153
46971
20154
33991
34140
34141
20159
46973
46975
20160
34010
34142
34143
34144
15782
49605
43829
15783
31957
15820
49603
43869
15821
31958
31976
15858
49601
43907
15859
31977
31995
15896
49621
43945
15897
31996
32014
15934
43983
15935
32015
32033
15972
44021
15973
32034
32052
16010
44059
16011
32053
32071
16048
44097
16049
32072
32090
16052
44135
16053
32092
16312
44297
16313
32222
16348
44315
16349
32240
16384
44337
16385
28199
32258
21376
47793
21377
34752
21380
47795
21381
34753
34754
21384
47797
21385
34755
34756
21388
47799
21389
34757
34758
21392
47801
21393
34759
34760
21396
47803
21397
34761
34762
21400
47805
21401
34763
34764
21406
48017
47807
21407
34765
34766
34767
21414
47811
21415
34525
34771
21418
47813
21419
34543
34772
34773
21422
47815
21423
34561
34774
34775
21426
47817
21427
34579
34776
34777
21430
47819
21431
34597
34778
34779
21434
47821
21435
34615
34780
34781
21438
47823
21439
34633
34782
34783
21444
48015
47825
21445
34652
34784
34785
34786
17191
49599
44901
17192
32661
17229
49597
44921
17230
32662
32680
17267
49619
44949
17268
32681
32699
17305
49629
44985
17306
32700
32718
17343
45023
17344
32719
32737
17381
45061
17382
32738
32756
17419
45099
17420
32757
32775
17457
45135
17458
32776
32794
17461
45167
17462
32796
17721
45331
17722
32926
17757
45349
17758
32944
17793
45373
17794
27833
32962
18580
49595
45899
18581
33355
49706
49708
18618
49593
45917
18619
33356
33374
18656
49617
45935
18657
33375
33393
18694
45953
18695
33394
33412
18732
45971
18733
33413
33431
18770
45993
18771
33432
33450
18808
46019
18809
33451
33469
18846
46047
18847
33470
33488
18850
46139
18851
33490
19110
46289
19111
33620
49710
19146
46307
19147
33638
49712
19182
46333
19183
32091
33656
49714
9007
39805
9008
28570
49716
49718
9013
39803
9014
28571
28573
9019
39801
9020
28574
28576
9025
39751
9026
28577
28579
9031
39753
9032
28580
28582
9037
39757
9038
28583
28585
9043
39759
9044
28586
28588
9049
39761
9050
28589
28591
9053
39763
9054
28593
9057
39765
9058
28594
28595
9061
39767
9062
28596
28597
9065
39769
9066
28598
28599
9069
39771
9070
28600
28601
9073
39773
9074
28602
28603
9077
39775
9078
28604
28605
9081
39777
9082
28606
28607
9085
39779
9086
28609
9089
39781
9090
28610
28611
9093
39783
9094
28612
28613
9097
39785
9098
28614
28615
9101
39787
9102
28616
28617
9105
39789
9106
28618
28619
9109
39791
9110
28620
28621
9113
39799
9114
28622
28623
9119
39857
9120
28568
28626
11797
41247
11798
29963
29965
11915
41315
11916
30022
30024
12033
41383
12034
30081
30083
10563
40573
10564
29348
10567
40571
10568
29349
29350
10571
40569
10572
29351
29352
10575
40559
10576
29353
29354
10579
40561
10580
29355
29356
10583
40563
10584
29357
29358
10587
40565
10588
29359
29360
10591
40567
10592
29361
29362
10595
40593
10596
29347
29364
11841
41273
11842
29986
29987
11959
41341
11960
30045
30046
12077
41409
12078
30104
30105
11531
41111
11532
29832
49720
49722
11535
41109
11536
29833
29834
11539
41107
11540
29835
29836
11543
41097
11544
29837
29838
11547
41099
11548
29839
29840
11551
41101
11552
29841
29842
11555
41103
11556
29843
29844
11559
41105
11560
29845
29846
11563
41131
11564
29831
29848
11873
41289
11874
30002
30003
11991
41357
11992
30061
30062
12109
41425
12110
28624
30120
30121
12775
41777
12776
30454
12779
41775
12780
30455
30456
12783
41773
12784
30457
30458
12787
41763
12788
30459
30460
12791
41765
12792
30461
30462
12795
41767
12796
30463
30464
12799
41769
12800
30465
30466
12803
41771
12804
30467
30468
12807
41797
12808
30453
30470
13035
41895
13036
30583
30584
13071
41923
13072
30601
30602
13107
41955
13108
29363
30619
30620
13739
42291
13740
30936
13743
42289
13744
30937
30938
13747
42287
13748
30939
30940
13751
42277
13752
30941
30942
13755
42279
13756
30943
30944
13759
42281
13760
30945
30946
13763
42283
13764
30947
30948
13767
42285
13768
30949
30950
13771
42311
13772
30935
30952
14299
42961
14300
31215
31216
13999
42409
14000
31065
31066
14335
42979
14336
31233
31234
14035
42427
14036
31083
31084
14071
42599
14072
29847
31101
31102
14371
42997
14372
31251
31252
14407
43015
14408
30469
30951
31269
31270
19897
49591
46843
19898
34013
19935
49615
46861
19936
34014
34032
19973
49627
46879
19974
34033
34051
20011
49705
46897
20012
34052
34070
20049
49703
46915
20050
34071
34089
20087
49701
46933
20088
34090
34108
20125
46953
20126
34109
34127
20163
46977
20164
34128
34146
20167
47003
20168
34148
20427
47169
20428
34278
20463
47187
20464
34296
20499
47215
20500
32795
34314
49724
16056
44133
16057
32094
49726
49728
16060
44131
16061
32095
32096
16064
44129
16065
32097
32098
16068
44111
16069
32099
32100
16072
44115
16073
32101
32102
16076
44119
16077
32103
32104
16080
44123
16081
32105
32106
16084
44127
16085
32107
32108
16088
44155
16089
32093
32110
16316
44299
16317
32223
32224
16352
44317
16353
32241
32242
16388
44341
16389
28608
32259
32260
21182
49699
47701
21183
34655
21220
49697
47719
21221
34656
34674
21258
49695
47737
21259
34675
34693
21296
49693
47755
21297
34694
34712
21334
49691
47773
21335
34713
34731
21372
47791
21373
34732
34750
21410
47809
21411
34751
34769
21448
47827
21449
34770
34788
21452
47853
21453
34790
22141
48339
22142
35134
49730
21712
47967
21713
34920
49732
22177
48357
22178
35152
49734
21748
47985
21749
34938
49736
21784
48003
21785
33489
34956
49738
22213
48375
22214
35170
49740
49742
49744
49746
49748
49750
49752
22249
48393
22250
34147
34789
35188
49754
17465
45165
17466
32798
49756
49758
17469
45163
17470
32799
32800
17473
45161
17474
32801
32802
17477
45147
17478
32803
32804
17481
45149
17482
32805
32806
17485
45153
17486
32807
32808
17489
45157
17490
32809
32810
17493
45159
17494
32811
32812
17497
45199
17498
32797
32814
17725
45333
17726
32927
32928
17761
45351
17762
32945
32946
17797
45377
49709
17798
28592
32963
32964
18854
49707
46137
18855
33492
49760
49762
18858
46135
18859
33493
33494
18862
46133
18863
33495
33496
18866
46123
18867
33497
33498
18870
46125
18871
33499
33500
18874
46127
18875
33501
33502
18878
46129
18879
33503
33504
18882
46131
18883
33505
33506
18886
46157
49719
18887
33491
33508
19114
46291
49764
49711
19115
33621
33622
19150
46309
49766
49713
19151
33639
33640
19186
46337
49768
49715
19187
32109
33657
33658
20171
47001
20172
34150
49770
49772
20175
46999
20176
34151
34152
20179
46997
20180
34153
34154
20183
46987
20184
34155
34156
20187
46989
20188
34157
34158
20191
46991
20192
34159
34160
20195
46993
20196
34161
34162
20199
46995
20200
34163
34164
20203
47055
20204
34149
34166
20431
47171
20432
34279
34280
20467
47189
20468
34297
34298
20503
47219
20504
32813
34315
34316
21456
47851
21457
34792
21460
47849
21461
34793
34794
21464
47847
21465
34795
34796
21468
47837
21469
34797
34798
21472
47839
21473
34799
34800
21476
47841
21477
34801
34802
21480
47843
21481
34803
34804
21484
47845
21485
34805
34806
21488
47871
21489
34791
34808
22145
48341
22146
35135
35136
21716
47969
21717
34921
34922
22181
48359
22182
35153
35154
21752
47987
21753
34939
34940
21788
48005
21789
33507
34957
34958
22217
48377
22218
35171
35172
22253
48395
22254
34165
34807
35189
35190
9125
49717
39855
9126
28629
9131
39853
9132
28630
28632
9137
39851
9138
28633
28635
9143
39809
9144
28636
28638
9149
39811
9150
28639
28641
9155
39813
9156
28642
28644
9161
39815
9162
28645
28647
9167
39817
9168
28648
28650
9171
39819
9172
28652
9175
39821
9176
28653
28654
9179
39823
9180
28655
28656
9183
39825
9184
28657
28658
9187
39827
9188
28659
28660
9191
39829
9192
28661
28662
9195
39831
9196
28663
28664
9199
39833
9200
28665
28666
9203
39835
9204
28668
9207
39837
9208
28669
28670
9211
39839
9212
28671
28672
9215
39841
9216
28673
28674
9219
39843
9220
28675
28676
9223
39845
9224
28677
28678
9227
39847
9228
28679
28680
9231
39849
9232
28681
28682
9237
39921
9238
28627
28685
11803
41251
11804
29966
29968
11921
41319
11922
30025
30027
12039
41387
12040
30084
30086
10599
40591
10600
29366
10603
40589
10604
29367
29368
10607
40587
10608
29369
29370
10611
40577
10612
29371
29372
10615
40579
10616
29373
29374
10619
40581
10620
29375
29376
10623
40583
10624
29377
29378
10627
40585
10628
29379
29380
10631
40611
10632
29365
29382
11845
41275
11846
29988
29989
11963
41343
11964
30047
30048
12081
41411
49774
49723
12082
30106
30107
11567
49721
41129
11568
29850
49776
49778
11571
41127
11572
29851
29852
11575
41125
11576
29853
29854
11579
41115
11580
29855
29856
11583
41117
11584
29857
29858
11587
41119
11588
29859
29860
11591
41121
11592
29861
29862
11595
41123
11596
29863
29864
11599
41149
11600
29849
29866
11877
41291
11878
30004
30005
11995
41359
11996
30063
30064
12113
41427
12114
28683
30122
30123
12811
41795
12812
30472
49780
49782
12815
41793
12816
30473
30474
12819
41791
12820
30475
30476
12823
41781
12824
30477
30478
12827
41783
12828
30479
30480
12831
41785
12832
30481
30482
12835
41787
12836
30483
30484
12839
41789
12840
30485
30486
12843
41815
12844
30471
30488
13039
41897
13040
30585
30586
13075
41927
13076
30603
30604
13111
41957
13112
29381
30621
30622
13775
42309
13776
30954
13779
42307
13780
30955
30956
13783
42305
13784
30957
30958
13787
42295
13788
30959
30960
13791
42297
13792
30961
30962
13795
42299
13796
30963
30964
13799
42301
13800
30965
30966
13803
42303
13804
30967
30968
13807
42329
13808
30953
30970
14303
42963
14304
31217
31218
14003
42411
14004
31067
31068
14339
42981
49759
14340
31235
31236
14039
42429
49784
49755
14040
31085
31086
14075
42601
49786
49753
14076
29865
31103
31104
14375
42999
49729
14376
31253
31254
14411
43017
49788
49725
14412
30487
30969
31271
31272
16092
49727
44153
16093
32112
49790
49792
16096
49751
44151
16097
32113
32114
16100
49749
44149
16101
32115
32116
16104
49747
44139
16105
32117
32118
16108
49745
44141
16109
32119
32120
16112
49743
44143
16113
32121
32122
16116
49741
44145
16117
32123
32124
16120
49739
44147
16121
32125
32126
16124
44187
49737
16125
32111
32128
16320
44301
49794
49735
16321
32225
32226
16356
44319
49796
49733
16357
32243
32244
16392
44345
49798
49731
16393
28667
32261
32262
17501
49757
45197
17502
32816
49800
49802
17505
45195
17506
32817
32818
17509
45193
17510
32819
32820
17513
45183
17514
32821
32822
17517
45185
17518
32823
32824
17521
45187
17522
32825
32826
17525
45189
17526
32827
32828
17529
45191
17530
32829
32830
17533
45219
17534
32815
32832
17729
45335
17730
32929
32930
17765
45353
17766
32947
32948
17801
45381
49804
49763
17802
28651
32965
32966
18890
49761
46155
18891
33510
49806
49808
18894
46153
18895
33511
33512
18898
46151
18899
33513
33514
18902
46141
18903
33515
33516
18906
46143
18907
33517
33518
18910
46145
18911
33519
33520
18914
46147
18915
33521
33522
18918
46149
18919
33523
33524
18922
46193
49765
18923
33509
33526
19118
46293
49810
49767
19119
33623
33624
19154
46311
49812
49769
19155
33641
33642
19190
46341
49814
49773
19191
32127
33659
33660
20207
49771
47053
20208
34168
49816
49818
20211
47051
20212
34169
34170
20215
47049
20216
34171
34172
20219
47039
20220
34173
34174
20223
47041
20224
34175
34176
20227
47043
20228
34177
34178
20231
47045
20232
34179
34180
20235
47047
20236
34181
34182
20239
47073
20240
34167
34184
20435
47173
20436
34281
34282
20471
47191
20472
34299
34300
20507
47223
20508
32831
34317
34318
21492
47869
21493
34810
21496
47867
21497
34811
34812
21500
47865
21501
34813
34814
21504
47855
21505
34815
34816
21508
47857
21509
34817
34818
21512
47859
21513
34819
34820
21516
47861
21517
34821
34822
21520
47863
21521
34823
34824
21524
47889
21525
34809
34826
22149
48343
22150
35137
35138
21720
47971
21721
34923
34924
22185
48361
22186
35155
35156
21756
47989
21757
34941
34942
21792
48007
21793
33525
34959
34960
22221
48379
22222
35173
35174
22257
48397
22258
34183
34825
35191
35192
9243
39919
9244
28688
9249
39917
9250
28689
28691
9255
39915
9256
28692
28694
9261
39859
9262
28695
28697
9267
39861
9268
28698
28700
9273
39863
9274
28701
28703
9279
39865
9280
28704
28706
9285
39867
9286
28707
28709
9289
39869
9290
28711
9293
39871
9294
28712
28713
9297
39873
9298
28714
28715
9301
39875
9302
28716
28717
9305
39877
9306
28718
28719
9309
39879
9310
28720
28721
9313
39881
9314
28722
28723
9317
39883
9318
28724
28725
9321
39885
9322
28727
9325
39887
9326
28728
28729
9329
39889
9330
28730
28731
9333
39891
9334
28732
28733
9337
39893
9338
28734
28735
9341
39895
9342
28736
28737
9345
39897
9346
28738
28739
9349
39913
9350
28740
28741
9355
39989
9356
28686
28744
11809
41255
11810
29969
29971
11927
41323
11928
30028
30030
12045
41391
12046
30087
30089
10635
40609
10636
29384
10639
40607
10640
29385
29386
10643
40605
10644
29387
29388
10647
40595
10648
29389
29390
10651
40597
10652
29391
29392
10655
40599
10656
29393
29394
10659
40601
10660
29395
29396
10663
40603
10664
29397
29398
10667
40641
10668
29383
29400
11849
41277
11850
29990
29991
11967
41345
49775
11968
30049
30050
12085
41413
49779
12086
30108
30109
11603
49777
41147
11604
29868
49820
49822
11607
41145
11608
29869
29870
11611
41143
11612
29871
29872
11615
41133
11616
29873
29874
11619
41135
11620
29875
29876
11623
41137
11624
29877
29878
11627
41139
11628
29879
29880
11631
41141
11632
29881
29882
11635
41167
11636
29867
29884
11881
41293
11882
30006
30007
11999
41361
12000
30065
30066
12117
41429
49783
12118
28742
30124
30125
12847
49781
41813
12848
30490
49824
49826
12851
41811
12852
30491
30492
12855
41809
12856
30493
30494
12859
41799
12860
30495
30496
12863
41801
12864
30497
30498
12867
41803
12868
30499
30500
12871
41805
12872
30501
30502
12875
41807
12876
30503
30504
12879
41833
12880
30489
30506
13043
41899
13044
30587
30588
13079
41931
13080
30605
30606
13115
41959
13116
29399
30623
30624
13811
42327
13812
30972
13815
42325
13816
30973
30974
13819
42323
13820
30975
30976
13823
42313
13824
30977
30978
13827
42315
13828
30979
30980
13831
42317
13832
30981
30982
13835
42319
13836
30983
30984
13839
42321
13840
30985
30986
13843
42347
13844
30971
30988
14307
42965
14308
31219
31220
14007
42413
14008
31069
31070
14343
42983
49785
14344
31237
31238
14043
42431
49828
49787
14044
31087
31088
14079
42603
14080
29883
31105
31106
14379
43001
49830
49789
14380
31255
31256
14415
43019
49832
49793
14416
30505
30987
31273
31274
16128
49791
44185
16129
32130
49834
49836
16132
44183
16133
32131
32132
16136
44181
16137
32133
32134
16140
44163
16141
32135
32136
16144
44167
16145
32137
32138
16148
44171
16149
32139
32140
16152
44175
16153
32141
32142
16156
44179
16157
32143
32144
16160
44207
49795
16161
32129
32146
16324
44303
49838
49797
16325
32227
32228
16360
44321
49840
49799
16361
32245
32246
16396
44349
49842
49803
16397
28726
32263
32264
17537
49801
45217
17538
32834
49844
49846
17541
45215
17542
32835
32836
17545
45213
17546
32837
32838
17549
45201
17550
32839
32840
17553
45203
17554
32841
32842
17557
45205
17558
32843
32844
17561
45209
17562
32845
32846
17565
45211
17566
32847
32848
17569
45253
17570
32833
32850
17733
45337
17734
32931
32932
17769
45355
49805
17770
32949
32950
17805
45385
49848
49809
17806
28710
32967
32968
18926
49807
46191
18927
33528
18930
46189
18931
33529
33530
18934
46187
18935
33531
33532
18938
46177
18939
33533
33534
18942
46179
18943
33535
33536
18946
46181
18947
33537
33538
18950
46183
18951
33539
33540
18954
46185
18955
33541
33542
18958
46211
49811
18959
33527
33544
19122
46295
49850
49813
19123
33625
33626
19158
46313
49852
49815
19159
33643
33644
19194
46345
49854
49819
19195
32145
33661
33662
20243
49817
47071
20244
34186
49856
49858
20247
47069
20248
34187
34188
20251
47067
20252
34189
34190
20255
47057
20256
34191
34192
20259
47059
20260
34193
34194
20263
47061
20264
34195
34196
20267
47063
20268
34197
34198
20271
47065
20272
34199
34200
20275
47109
20276
34185
34202
20439
47175
20440
34283
34284
20475
47193
20476
34301
34302
20511
47227
20512
32849
34319
34320
21528
47887
21529
34828
21532
47885
21533
34829
34830
21536
47883
21537
34831
34832
21540
47873
21541
34833
34834
21544
47875
21545
34835
34836
21548
47877
21549
34837
34838
21552
47879
21553
34839
34840
21556
47881
21557
34841
34842
21560
47907
21561
34827
34844
22153
48345
22154
35139
35140
21724
47973
21725
34925
34926
22189
48363
22190
35157
35158
21760
47991
21761
34943
34944
21796
48009
21797
33543
34961
34962
22225
48381
22226
35175
35176
22261
48399
22262
34201
34843
35193
35194
9361
39987
9362
28747
9367
39985
9368
28748
28750
9373
39983
9374
28751
28753
9379
39923
9380
28754
28756
9385
39925
9386
28757
28759
9391
39927
9392
28760
28762
9397
39929
9398
28763
28765
9403
39931
9404
28766
28768
9407
39933
9408
28770
9411
39935
9412
28771
28772
9415
39937
9416
28773
28774
9419
39939
9420
28775
28776
9423
39941
9424
28777
28778
9427
39943
9428
28779
28780
9431
39945
9432
28781
28782
9435
39947
9436
28783
28784
9439
39949
9440
28786
9443
39951
9444
28787
28788
9447
39953
9448
28789
28790
9451
39955
9452
28791
28792
9455
39957
9456
28793
28794
9459
39959
9460
28795
28796
9463
39961
9464
28797
28798
9467
39981
9468
28799
28800
9473
40057
9474
28745
28803
11815
41259
11816
29972
29974
11933
41327
11934
30031
30033
12051
41395
12052
30090
30092
10671
40639
10672
29402
10675
40637
10676
29403
29404
10679
40635
10680
29405
29406
10683
40625
10684
29407
29408
10687
40627
10688
29409
29410
10691
40629
10692
29411
29412
10695
40631
10696
29413
29414
10699
40633
10700
29415
29416
10703
40661
10704
29401
29418
11853
41279
11854
29992
29993
11971
41347
11972
30051
30052
12089
41415
49823
12090
30110
30111
11639
49821
41165
11640
29886
49860
49862
11643
41163
11644
29887
29888
11647
41161
11648
29889
29890
11651
41151
11652
29891
29892
11655
41153
11656
29893
29894
11659
41155
11660
29895
29896
11663
41157
11664
29897
29898
11667
41159
11668
29899
29900
11671
41191
11672
29885
29902
11885
41295
11886
30008
30009
12003
41363
12004
30067
30068
12121
41431
49827
12122
28801
30126
30127
12883
49825
41831
12884
30508
49864
49866
12887
41829
12888
30509
30510
12891
41827
12892
30511
30512
12895
41817
12896
30513
30514
12899
41819
12900
30515
30516
12903
41821
12904
30517
30518
12907
41823
12908
30519
30520
12911
41825
12912
30521
30522
12915
41851
12916
30507
30524
13047
41901
13048
30589
30590
13083
41935
13084
30607
30608
13119
41961
13120
29417
30625
30626
13847
42345
13848
30990
13851
42343
13852
30991
30992
13855
42341
13856
30993
30994
13859
42331
13860
30995
30996
13863
42333
13864
30997
30998
13867
42335
13868
30999
31000
13871
42337
13872
31001
31002
13875
42339
13876
31003
31004
13879
42365
13880
30989
31006
14311
42967
14312
31221
31222
14011
42415
14012
31071
31072
14347
42985
49829
14348
31239
31240
14047
42433
14048
31089
31090
14083
42605
49868
49831
14084
29901
31107
31108
14383
43003
49870
49833
14384
31257
31258
14419
43021
49872
49837
14420
30523
31005
31275
31276
16164
49835
44205
16165
32148
49874
49876
16168
44203
16169
32149
32150
16172
44201
16173
32151
32152
16176
44191
16177
32153
32154
16180
44193
16181
32155
32156
16184
44195
16185
32157
32158
16188
44197
16189
32159
32160
16192
44199
16193
32161
32162
16196
44239
49839
16197
32147
32164
16328
44305
49878
49841
16329
32229
32230
16364
44323
49880
49843
16365
32247
32248
16400
44353
49882
49847
16401
28785
32265
32266
17573
49845
45251
17574
32852
49884
49886
17577
45249
17578
32853
32854
17581
45247
17582
32855
32856
17585
45237
17586
32857
32858
17589
45239
17590
32859
32860
17593
45241
17594
32861
32862
17597
45243
17598
32863
32864
17601
45245
17602
32865
32866
17605
45271
17606
32851
32868
17737
45339
17738
32933
32934
17773
45357
49849
17774
32951
32952
17809
45389
17810
28769
32969
32970
18962
46209
18963
33546
49888
49890
18966
46207
18967
33547
33548
18970
46205
18971
33549
33550
18974
46195
18975
33551
33552
18978
46197
18979
33553
33554
18982
46199
18983
33555
33556
18986
46201
18987
33557
33558
18990
46203
18991
33559
33560
18994
46247
49851
18995
33545
33562
19126
46297
49892
49853
19127
33627
33628
19162
46315
49894
49855
19163
33645
33646
19198
46349
49896
49859
19199
32163
33663
33664
20279
49857
47107
20280
34204
49898
49900
20283
47105
20284
34205
34206
20287
47103
20288
34207
34208
20291
47093
20292
34209
34210
20295
47095
20296
34211
34212
20299
47097
20300
34213
34214
20303
47099
20304
34215
34216
20307
47101
20308
34217
34218
20311
47127
20312
34203
34220
20443
47177
20444
34285
34286
20479
47195
20480
34303
34304
20515
47231
20516
32867
34321
34322
21564
47905
21565
34846
21568
47903
21569
34847
34848
21572
47901
21573
34849
34850
21576
47891
21577
34851
34852
21580
47893
21581
34853
34854
21584
47895
21585
34855
34856
21588
47897
21589
34857
34858
21592
47899
21593
34859
34860
21596
47925
21597
34845
34862
22157
48347
22158
35141
35142
21728
47975
21729
34927
34928
22193
48365
22194
35159
35160
21764
47993
21765
34945
34946
21800
48011
21801
33561
34963
34964
22229
48383
22230
35177
35178
22265
48401
22266
34219
34861
35195
35196
9479
40055
9480
28806
9485
40053
9486
28807
28809
9491
40051
9492
28810
28812
9497
39991
9498
28813
28815
9503
39993
9504
28816
28818
9509
39995
9510
28819
28821
9515
39997
9516
28822
28824
9521
39999
9522
28825
28827
9525
40001
9526
28829
9529
40003
9530
28830
28831
9533
40005
9534
28832
28833
9537
40007
9538
28834
28835
9541
40009
9542
28836
28837
9545
40011
9546
28838
28839
9549
40013
9550
28840
28841
9553
40015
9554
28842
28843
9557
40017
9558
28845
9561
40019
9562
28846
28847
9565
40021
9566
28848
28849
9569
40023
9570
28850
28851
9573
40025
9574
28852
28853
9577
40027
9578
28854
28855
9581
40029
9582
28856
28857
9585
40049
9586
28858
28859
9591
40125
9592
28804
28862
11821
41263
11822
29975
29977
11939
41331
11940
30034
30036
12057
41399
12058
30093
30095
10707
40659
10708
29420
10711
40657
10712
29421
29422
10715
40655
10716
29423
29424
10719
40645
10720
29425
29426
10723
40647
10724
29427
29428
10727
40649
10728
29429
29430
10731
40651
10732
29431
29432
10735
40653
10736
29433
29434
10739
40697
10740
29419
29436
11857
41281
11858
29994
29995
11975
41349
11976
30053
30054
12093
41417
49863
12094
30112
30113
11675
49861
41189
11676
29904
49902
49904
11679
41187
11680
29905
29906
11683
41185
11684
29907
29908
11687
41175
11688
29909
29910
11691
41177
11692
29911
29912
11695
41179
11696
29913
29914
11699
41181
11700
29915
29916
11703
41183
11704
29917
29918
11707
41213
11708
29903
29920
11889
41297
11890
30010
30011
12007
41365
12008
30069
30070
12125
41433
49867
12126
28860
30128
30129
12919
49865
41849
12920
30526
49906
49908
12923
41847
12924
30527
30528
12927
41845
12928
30529
30530
12931
41835
12932
30531
30532
12935
41837
12936
30533
30534
12939
41839
12940
30535
30536
12943
41841
12944
30537
30538
12947
41843
12948
30539
30540
12951
41869
12952
30525
30542
13051
41903
13052
30591
30592
13087
41939
13088
30609
30610
13123
41963
13124
29435
30627
30628
13883
42363
13884
31008
13887
42361
13888
31009
31010
13891
42359
13892
31011
31012
13895
42349
13896
31013
31014
13899
42351
13900
31015
31016
13903
42353
13904
31017
31018
13907
42355
13908
31019
31020
13911
42357
13912
31021
31022
13915
42383
13916
31007
31024
14315
42969
14316
31223
31224
14015
42417
14016
31073
31074
14351
42987
14352
31241
31242
14051
42551
49910
49869
14052
31091
31092
14087
42607
49912
49871
14088
29919
31109
31110
14387
43005
49914
49873
14388
31259
31260
14423
43023
49916
49877
14424
30541
31023
31277
31278
16200
49875
44237
16201
32166
49918
16204
44235
16205
32167
32168
16208
44233
16209
32169
32170
16212
44215
16213
32171
32172
16216
44219
16217
32173
32174
16220
44223
16221
32175
32176
16224
44227
16225
32177
32178
16228
44231
16229
32179
32180
16232
44259
49920
49922
49924
49926
49879
16233
32165
32182
16332
44307
49928
49881
16333
32231
32232
16368
44325
49930
49883
16369
32249
32250
16404
44357
49932
49887
16405
28844
32267
32268
17609
49885
45269
17610
32870
49934
49936
17613
45267
17614
32871
32872
17617
45265
17618
32873
32874
17621
45255
17622
32875
32876
17625
45257
17626
32877
32878
17629
45259
17630
32879
32880
17633
45261
17634
32881
32882
17637
45263
17638
32883
32884
17641
45307
17642
32869
32886
17741
45341
17742
32935
32936
17777
45359
17778
32953
32954
17813
45393
49891
17814
28828
32971
32972
18998
49889
46245
18999
33564
49938
49940
19002
46243
19003
33565
33566
19006
46241
19007
33567
33568
19010
46231
19011
33569
33570
19014
46233
19015
33571
33572
19018
46235
19019
33573
33574
19022
46237
19023
33575
33576
19026
46239
19027
33577
33578
19030
46265
49893
19031
33563
33580
19130
46299
49942
49895
19131
33629
33630
19166
46317
49944
49897
19167
33647
33648
19202
46353
49946
49901
19203
32181
33665
33666
20315
49899
47125
20316
34222
49948
49950
20319
47123
20320
34223
34224
20323
47121
20324
34225
34226
20327
47111
20328
34227
34228
20331
47113
20332
34229
34230
20335
47115
20336
34231
34232
20339
47117
20340
34233
34234
20343
47119
20344
34235
34236
20347
47145
20348
34221
34238
20447
47179
20448
34287
34288
20483
47199
20484
34305
34306
20519
47235
20520
32885
34323
34324
21600
47923
21601
34864
49952
49954
21604
47921
21605
34865
34866
21608
47919
21609
34867
34868
21612
47909
21613
34869
34870
21616
47911
21617
34871
34872
21620
47913
21621
34873
34874
21624
47915
21625
34875
34876
21628
47917
21629
34877
34878
21632
47943
21633
34863
34880
22161
48349
22162
35143
35144
21732
47977
21733
34929
34930
22197
48367
22198
35161
35162
21768
47995
21769
34947
34948
21804
48013
21805
33579
34965
34966
22233
48385
22234
35179
35180
22269
48403
22270
34237
34879
35197
35198
9597
40123
9598
28865
9603
40121
9604
28866
28868
9609
40119
9610
28869
28871
9615
40059
9616
28872
28874
9621
40061
9622
28875
28877
9627
40063
9628
28878
28880
9633
40065
9634
28881
28883
9639
40067
9640
28884
28886
9715
40195
9716
27634
28924
9721
40193
9722
27662
28925
28927
9727
40191
9728
27690
28928
28930
9733
40189
9734
27718
28931
28933
9739
40185
9740
27746
28934
28936
9745
40183
9746
27774
28937
28939
9751
40181
9752
27802
28940
28942
9757
40179
9758
27830
28943
28945
9643
40069
9644
28888
9647
40071
9648
28889
28890
9651
40073
9652
28891
28892
9655
40075
9656
28893
28894
9659
40077
9660
28895
28896
9663
40079
9664
28897
28898
9667
40081
9668
28899
28900
9671
40083
9672
28901
28902
9761
40177
9762
28064
28947
9765
40175
9766
28083
28948
28949
9769
40173
9770
28102
28950
28951
9773
40171
9774
28121
28952
28953
9777
40129
9778
28140
28954
28955
9781
40131
9782
28159
28956
28957
9785
40133
9786
28178
28958
28959
9789
40135
9790
28197
28960
28961
9675
40085
9676
28904
9679
40087
9680
28905
28906
9683
40089
9684
28907
28908
9687
40091
9688
28909
28910
9691
40093
9692
28911
28912
9695
40095
9696
28913
28914
9699
40097
9700
28915
28916
9703
40117
9704
28917
28918
9709
40127
9710
28863
28921
11827
41267
11828
29978
29980
11945
41335
11946
30037
30039
12063
41403
12064
30096
30098
9793
40137
9794
28430
28963
9797
40139
9798
28449
28964
28965
9801
40141
9802
28468
28966
28967
9805
40143
9806
28487
28968
28969
9809
40145
9810
28506
28970
28971
9813
40147
9814
28525
28972
28973
9817
40149
9818
28544
28974
28975
9821
40169
9822
28563
28976
28977
9827
40187
9828
28922
28980
11833
41269
11834
29981
29983
11951
41337
11952
30040
30042
12069
41405
12070
30099
30101
10743
40695
10744
29438
10747
40693
10748
29439
29440
10751
40691
10752
29441
29442
10755
40681
10756
29443
29444
10759
40683
10760
29445
29446
10763
40685
10764
29447
29448
10767
40687
10768
29449
29450
10771
40689
10772
29451
29452
10775
40733
10776
29437
29454
11861
41283
11862
29996
29997
11979
41351
11980
30055
30056
12097
41419
49905
12098
30114
30115
10779
40731
10780
29210
29456
10783
40729
10784
29229
29457
29458
10787
40727
10788
29248
29459
29460
10791
40717
10792
29267
29461
29462
10795
40719
10796
29286
29463
29464
10799
40721
10800
29305
29465
29466
10803
40723
10804
29324
29467
29468
10807
40725
10808
29343
29469
29470
10811
40735
10812
29455
29472
11865
41285
11866
29998
29999
11983
41353
11984
30057
30058
12101
41421
12102
30116
30117
11711
49903
41211
11712
29922
11715
41209
11716
29923
29924
11719
41207
11720
29925
29926
11723
41197
11724
29927
29928
11727
41199
11728
29929
29930
11731
41201
11732
29931
29932
11735
41203
11736
29933
29934
11739
41205
11740
29935
29936
11743
41231
11744
29921
29938
11893
41299
11894
30012
30013
12011
41367
12012
30071
30072
12129
41435
49909
12130
28919
30130
30131
11747
41229
11748
29694
29940
11751
41227
11752
29713
29941
29942
11755
41225
11756
29732
29943
29944
11759
41215
11760
29751
29945
29946
11763
41217
11764
29770
29947
29948
11767
41219
11768
29789
29949
29950
11771
41221
11772
29808
29951
29952
11775
41223
11776
29827
29953
29954
11779
41235
11780
29939
29956
11897
41303
11898
30014
30015
12015
41371
12016
30073
30074
12133
41439
12134
28978
30132
30133
11785
41239
11786
29959
11903
41307
11904
29960
30018
12021
41375
12022
30019
30077
12139
41441
12140
30078
30136
14111
42737
14112
31122
14117
42771
14118
31123
31125
14123
42853
14124
31126
31128
14129
42855
14130
31129
31131
14173
42889
14174
31153
14179
42895
14180
31154
31156
14185
42899
14186
31157
31159
14191
42901
14192
31160
31162
14235
42927
14236
31184
14241
42931
14242
31185
31187
14247
42935
14248
31188
31190
14253
42937
14254
31191
31193
12955
49907
41867
12956
30544
12959
41865
12960
30545
30546
12963
41863
12964
30547
30548
12967
41853
12968
30549
30550
12971
41855
12972
30551
30552
12975
41857
12976
30553
30554
12979
41859
12980
30555
30556
12983
41861
12984
30557
30558
12987
41887
12988
30543
30560
13055
41905
13056
30593
30594
13091
41943
13092
30611
30612
13127
41965
13128
29453
30629
30630
12991
41885
12992
30316
30562
12995
41883
12996
30335
30563
30564
12999
41881
13000
30354
30565
30566
13003
41871
13004
30373
30567
30568
13007
41873
13008
30392
30569
30570
13011
41875
13012
30411
30571
30572
13015
41877
13016
30430
30573
30574
13019
41879
13020
30449
30575
30576
13023
41889
13024
30561
30578
13059
41911
13060
30595
30596
13095
41947
13096
30613
30614
13131
41969
13132
29471
30631
30632
13027
41891
13028
30580
13063
41915
13064
30581
30598
13099
41951
13100
30599
30616
13135
41971
13136
30617
30634
14133
42857
14134
31133
14137
42859
14138
31134
31135
14141
42861
14142
31136
31137
14145
42863
14146
31138
31139
14195
42903
14196
31164
14199
42905
14200
31165
31166
14203
42907
14204
31167
31168
14207
42909
14208
31169
31170
14257
42939
14258
31195
14261
42941
14262
31196
31197
14265
42943
14266
31198
31199
14269
42945
14270
31200
31201
13919
42381
13920
31026
13923
42379
13924
31027
31028
13927
42377
13928
31029
31030
13931
42367
13932
31031
31032
13935
42369
13936
31033
31034
13939
42371
13940
31035
31036
13943
42373
13944
31037
31038
13947
42375
13948
31039
31040
13951
42401
13952
31025
31042
14319
42971
14320
31225
31226
14019
42419
14020
31075
31076
14355
42989
49911
14356
31243
31244
14055
42579
49913
14056
31093
31094
14091
42639
49915
14092
29937
31111
31112
14391
43007
49917
14392
31261
31262
14427
43025
14428
30559
31041
31279
31280
13955
42399
13956
30798
31044
13959
42397
13960
30817
31045
31046
13963
42395
13964
30836
31047
31048
13967
42385
13968
30855
31049
31050
13971
42387
13972
30874
31051
31052
13975
42389
13976
30893
31053
31054
13979
42391
13980
30912
31055
31056
13983
42393
13984
30931
31057
31058
13987
42403
13988
31043
31060
14323
42973
14324
31227
31228
14023
42421
14024
31077
31078
14359
42991
14360
31245
31246
14059
42593
14060
31095
31096
14095
42641
14096
29955
31113
31114
14395
43009
14396
31263
31264
14431
43027
14432
30577
31059
31281
31282
13991
42405
13992
31062
14027
42423
14028
31063
31080
14063
42595
14064
31081
31098
14099
42689
14100
31099
31116
14327
42975
14328
31230
14363
42993
14364
31231
31248
14399
43011
14400
31249
31266
14435
43029
14436
31267
31284
14503
43077
14504
31318
14507
43079
14508
31319
31320
14511
43081
14512
31321
31322
14515
43083
14516
31323
31324
14149
42865
14150
31141
14153
42867
14154
31142
31143
14157
42869
14158
31144
31145
14161
42873
14162
31146
31147
14443
43033
14444
31288
14447
43035
14448
31289
31290
14451
43037
14452
31291
31292
14455
43039
14456
31293
31294
14523
43087
14524
31328
14527
43089
14528
31329
31330
14531
43091
14532
31331
31332
14535
43093
14536
31333
31334
14211
42911
14212
31172
14215
42913
14216
31173
31174
14219
42915
14220
31175
31176
14223
42919
14224
31177
31178
14463
43047
14464
31298
14467
43051
14468
31299
31300
14471
43055
14472
31301
31302
14475
43059
14476
31303
31304
14543
43097
14544
31338
14547
43099
14548
31339
31340
14551
43101
14552
31341
31342
14555
43103
14556
31343
31344
14273
42947
14274
31203
14277
42949
14278
31204
31205
14281
42951
14282
31206
31207
14285
42955
14286
31208
31209
14483
43065
14484
31308
14487
43067
14488
31309
31310
14491
43069
14492
31311
31312
14495
43073
14496
31313
31314
14563
43107
14564
31348
14567
43109
14568
31349
31350
14571
43111
14572
31351
31352
14575
43113
14576
31353
31354
14105
42721
14106
31119
14167
42877
14168
31120
31150
14229
42923
14230
31151
31181
14291
42957
14292
29957
31182
31212
14439
43031
14440
31286
14459
43043
14460
31287
31296
14479
43063
14480
31297
31306
14499
43075
14500
30579
31307
31316
14519
43085
14520
31326
14539
43095
14540
31327
31336
14559
43105
14560
31337
31346
14579
43117
14580
31061
31347
31356
14775
43227
14776
31454
14779
43229
14780
31455
31456
14783
43231
14784
31457
31458
14787
43233
14788
31229
31459
31460
14591
43125
14592
31362
14597
43129
14598
31363
31365
14603
43133
14604
31366
31368
14609
43135
14610
30016
31369
31371
14613
43137
14614
31373
14617
43139
14618
31374
31375
14621
43141
14622
31376
31377
14625
43143
14626
30597
31378
31379
14629
43145
14630
31381
14633
43147
14634
31382
31383
14637
43149
14638
31384
31385
14641
43151
14642
31079
31386
31387
14795
43237
14796
31464
14799
43239
14800
31465
31466
14803
43241
14804
31467
31468
14807
43243
14808
31247
31469
31470
14653
43159
14654
31393
14659
43163
14660
31394
31396
14665
43167
14666
31397
31399
14671
43169
14672
30075
31400
31402
14675
43171
14676
31404
14679
43173
14680
31405
31406
14683
43175
14684
31407
31408
14687
43177
14688
30615
31409
31410
14691
43179
14692
31412
14695
43181
14696
31413
31414
14699
43183
14700
31415
31416
14703
43187
14704
31097
31417
31418
14815
43247
14816
31474
14819
43249
14820
31475
31476
14823
43251
14824
31477
31478
14827
43253
14828
31265
31479
31480
14715
43195
14716
31424
14721
43199
14722
31425
31427
14727
43203
14728
31428
31430
14733
43205
14734
30134
31431
31433
14737
43207
14738
31435
14741
43209
14742
31436
31437
14745
43211
14746
31438
31439
14749
43213
14750
30633
31440
31441
14753
43215
14754
31117
31443
14757
43217
14758
31148
31444
31445
14761
43219
14762
31179
31446
31447
14765
43223
14766
31115
31210
31448
31449
14835
43257
14836
31285
31325
31484
14839
43259
14840
31295
31335
31485
31486
14843
43261
14844
31305
31345
31487
31488
14847
43263
14848
31283
31315
31355
31489
31490
14585
43121
14586
31359
14647
43155
14648
31360
31390
14709
43191
14710
31391
31421
14771
43225
14772
31422
31452
14791
43235
14792
31462
14811
43245
14812
31463
31472
14831
43255
14832
31473
31482
14851
43265
14852
31483
31492
14855
43267
14856
31494
14859
43269
14860
31495
31496
14863
43271
14864
31497
31498
14867
43275
14868
31499
31500
14879
43283
14880
31506
14885
43287
14886
31507
31509
14891
43291
14892
31510
31512
14897
43293
14898
31513
31515
14901
43295
14902
31517
14905
43297
14906
31518
31519
14909
43299
14910
31520
31521
14913
43301
14914
31522
31523
14917
43303
14918
31525
14921
43305
14922
31526
31527
14925
43307
14926
31528
31529
14929
43311
14930
31530
31531
14941
43319
14942
31537
14947
43323
14948
31538
31540
14953
43327
14954
31541
31543
14959
43329
14960
31544
31546
14963
43331
14964
31548
14967
43333
14968
31549
31550
14971
43335
14972
31551
31552
14975
43337
14976
31553
31554
14979
43339
14980
31556
14983
43341
14984
31557
31558
14987
43343
14988
31559
31560
14991
43347
14992
31561
31562
15003
43355
15004
31568
15009
43359
15010
31569
31571
15015
43363
15016
31572
31574
15021
43365
15022
31575
31577
15025
43367
15026
31579
15029
43369
15030
31580
31581
15033
43371
15034
31582
31583
15037
43373
15038
31584
31585
15041
43375
15042
31357
31461
31587
15045
43377
15046
31388
31471
31588
31589
15049
43379
15050
31419
31481
31590
31591
15053
43383
15054
31450
31491
31592
31593
14873
43279
14874
31503
14935
43315
14936
31504
31534
14997
43351
14998
31535
31565
15059
43385
15060
31566
31596
15063
43387
15064
31598
15067
43389
15068
31599
31600
15071
43391
15072
31601
31602
15075
43395
15076
31603
31604
15087
43403
15088
31610
15093
43407
15094
31611
31613
15099
43411
15100
31614
31616
15105
43413
15106
31617
31619
15109
43415
15110
31621
15113
43417
15114
31622
31623
15117
43419
15118
31624
31625
15121
43423
15122
31626
31627
15133
43431
15134
31633
15139
43435
15140
31634
31636
15145
43439
15146
31637
31639
15151
43441
15152
31640
31642
15155
43443
15156
31644
15159
43445
15160
31645
31646
15163
43447
15164
31647
31648
15167
43451
15168
31649
31650
15179
43459
15180
31656
15185
43463
15186
31657
31659
15191
43467
15192
31660
31662
15197
43469
15198
31663
31665
15201
43471
15202
31501
31667
15205
43473
15206
31532
31668
31669
15209
43475
15210
31563
31670
31671
15213
43479
15214
31594
31672
31673
15081
43399
15082
31607
15127
43427
15128
31608
31630
15173
43455
15174
31631
31653
15219
43487
15220
31654
31676
15231
43491
15232
31682
15237
43495
15238
31683
31685
15243
43499
15244
31686
31688
15249
43507
15250
31689
31691
15261
43511
15262
31697
15267
43515
15268
31698
31700
15273
43519
15274
31701
31703
15279
43527
15280
31704
31706
15291
43531
15292
31712
15297
43535
15298
31713
31715
15303
43539
15304
31716
31718
15309
43543
15310
31719
31721
16236
49919
44257
16237
32184
16240
44255
16241
32185
32186
16244
44253
16245
32187
32188
16248
44243
16249
32189
32190
16252
49927
44245
16253
32191
32192
16256
49925
44247
16257
32193
32194
16260
49923
44249
16261
32195
32196
16264
49921
44251
16265
32197
32198
16268
44291
49929
16269
32183
32200
16336
44309
49931
16337
32233
32234
16372
44327
49933
16373
32251
32252
16408
44361
49937
16409
28903
32269
32270
16272
44289
16273
31956
32202
16276
44287
16277
31975
32203
32204
16280
44285
16281
31994
32205
32206
16284
44267
16285
32013
32207
32208
16288
44271
16289
32032
32209
32210
16292
44275
16293
32051
32211
32212
16296
44279
16297
32070
32213
32214
16300
44283
16301
32089
32215
32216
16304
44293
16305
32201
32218
16340
44311
16341
32235
32236
16376
44329
16377
32253
32254
16412
44365
16413
28962
32271
32272
16308
44295
16309
32220
16344
44313
16345
32221
32238
16380
44333
16381
32239
32256
16416
44369
16417
32257
32274
16424
44375
16425
32278
16428
44379
16429
32279
32280
16432
44383
16433
32281
32282
16436
44387
16437
32283
32284
16444
44393
16445
32288
16448
44397
16449
32289
32290
16452
44401
16453
32291
32292
16456
44405
16457
32293
32294
16464
44411
16465
32298
16468
44415
16469
32299
32300
16472
44419
16473
32301
32302
16476
44423
16477
32303
32304
16420
44371
16421
32276
16440
44389
16441
32277
32286
16460
44407
16461
32287
32296
16480
44425
16481
29473
32297
32306
16488
44429
16489
32310
16492
44431
16493
32311
32312
16496
44433
16497
32313
32314
16500
44435
16501
30000
32315
32316
16508
44439
16509
32320
16512
44441
16513
32321
32322
16516
44443
16517
32323
32324
16520
44447
16521
30059
32325
32326
16528
44455
16529
30635
32330
16532
44459
16533
31140
32331
32332
16536
44463
16537
31171
32333
32334
16540
44467
16541
30118
31202
32335
32336
16484
44427
16485
32308
16504
44437
16505
32309
32318
16524
44451
16525
32319
32328
16544
44471
16545
32329
32338
16552
44477
16553
32342
16556
44481
16557
32343
32344
16560
44485
16561
32345
32346
16564
44489
16565
32347
32348
16572
44495
16573
32352
16576
44499
16577
32353
32354
16580
44503
16581
32355
32356
16584
44507
16585
32357
32358
16592
44513
16593
31317
32362
16596
44517
16597
31380
32363
32364
16600
44521
16601
31411
32365
32366
16604
44525
16605
31442
32367
32368
16548
44473
16549
32340
16568
44491
16569
32341
32350
16588
44509
16589
32351
32360
16608
44529
16609
32361
32370
16616
44537
16617
32374
16620
44541
16621
32375
32376
16624
44545
16625
32377
32378
16628
44549
16629
32379
32380
16636
44557
16637
32384
16640
44561
16641
32385
32386
16644
44565
16645
32387
32388
16648
44569
16649
32389
32390
16656
44575
16657
31493
32394
16660
44577
16661
31524
32395
32396
16664
44579
16665
31555
32397
32398
16668
44583
16669
31586
32399
32400
16612
44533
16613
32372
16632
44553
16633
32373
32382
16652
44573
16653
32383
32392
16672
44591
16673
32393
32402
16680
44595
16681
32406
16684
44599
16685
32407
32408
16688
44603
16689
32409
32410
16692
44611
16693
32411
32412
16700
44615
16701
32416
16704
44619
16705
32417
32418
16708
44623
16709
32419
32420
16712
44631
16713
32421
32422
16720
44635
16721
31605
32426
16724
44639
16725
31628
32427
32428
16728
44643
16729
31651
32429
32430
16732
44651
16733
31674
32431
32432
17645
49935
45305
17646
32888
17649
45303
17650
32889
32890
17653
45301
17654
32891
32892
17657
45291
17658
32893
32894
17661
45293
17662
32895
32896
17665
45295
17666
32897
32898
17669
45297
17670
32899
32900
17673
45299
17674
32901
32902
17677
45325
17678
32887
32904
17745
45343
17746
32937
32938
17781
45361
17782
32955
32956
17817
45397
49941
17818
28887
32973
32974
17681
45323
17682
32660
32906
17685
45321
17686
32679
32907
32908
17689
45319
17690
32698
32909
32910
17693
45309
17694
32717
32911
32912
17697
45311
17698
32736
32913
32914
17701
45313
17702
32755
32915
32916
17705
45315
17706
32774
32917
32918
17709
45317
17710
32793
32919
32920
17713
45327
17714
32905
32922
17749
45345
17750
32939
32940
17785
45365
17786
32957
32958
17821
45401
17822
28946
32975
32976
17717
45329
17718
32924
17753
45347
17754
32925
32942
17789
45369
17790
32943
32960
17825
45403
17826
32961
32978
17833
45411
17834
32982
17837
45415
17838
32983
32984
17841
45419
17842
32985
32986
17845
45421
17846
32987
32988
17853
45429
17854
32992
17857
45433
17858
32993
32994
17861
45437
17862
32995
32996
17865
45439
17866
32997
32998
17873
45447
17874
33002
17877
45451
17878
33003
33004
17881
45455
17882
33005
33006
17885
45457
17886
33007
33008
17829
45407
17830
32980
17849
45425
17850
32981
32990
17869
45443
17870
32991
33000
17889
45459
17890
28981
33001
33010
17897
45463
17898
33014
17901
45465
17902
33015
33016
17905
45467
17906
33017
33018
17909
45469
17910
29984
33019
33020
17917
45473
17918
33024
17921
45475
17922
33025
33026
17925
45479
17926
33027
33028
17929
45483
17930
30043
33029
33030
17937
45491
17938
30137
33034
17941
45495
17942
31132
33035
33036
17945
45499
17946
31163
33037
33038
17949
45503
17950
30102
31194
33039
33040
17893
45461
17894
33012
17913
45471
17914
33013
33022
17933
45487
17934
33023
33032
17953
45505
17954
33033
33042
17961
45513
17962
33046
17965
45517
17966
33047
33048
17969
45521
17970
33049
33050
17973
45523
17974
33051
33052
17981
45531
17982
33056
17985
45535
17986
33057
33058
17989
45539
17990
33059
33060
17993
45543
17994
33061
33062
18001
45551
18002
31213
33066
18005
45555
18006
31372
33067
33068
18009
45559
18010
31403
33069
33070
18013
45563
18014
31434
33071
33072
17957
45509
17958
33044
17977
45527
17978
33045
33054
17997
45547
17998
33055
33064
18017
45567
18018
33065
33074
18025
45575
18026
33078
18029
45579
18030
33079
33080
18033
45583
18034
33081
33082
18037
45587
18038
33083
33084
18045
45595
18046
33088
18049
45599
18050
33089
33090
18053
45603
18054
33091
33092
18057
45607
18058
33093
33094
18065
45615
18066
31453
33098
18069
45619
18070
31516
33099
33100
18073
45623
18074
31547
33101
33102
18077
45627
18078
31578
33103
33104
18021
45571
18022
33076
18041
45591
18042
33077
33086
18061
45611
18062
33087
33096
18081
45633
18082
33097
33106
18089
45639
18090
33110
18093
45643
18094
33111
33112
18097
45647
18098
33113
33114
18101
45653
18102
33115
33116
18109
45659
18110
33120
18113
45663
18114
33121
33122
18117
45667
18118
33123
33124
18121
45673
18122
33125
33126
18129
45679
18130
31597
33130
18133
45683
18134
31620
33131
33132
18137
45687
18138
31643
33133
33134
18141
45693
18142
31666
33135
33136
19034
49939
46263
19035
33582
19038
46261
19039
33583
33584
19042
46259
19043
33585
33586
19046
46249
19047
33587
33588
19050
46251
19051
33589
33590
19054
46253
19055
33591
33592
19058
46255
19059
33593
33594
19062
46257
19063
33595
33596
19066
46283
49943
19067
33581
33598
19134
46301
49945
19135
33631
33632
19170
46321
49947
19171
33649
33650
19206
46357
49951
19207
32199
33667
33668
19070
46281
19071
33354
33600
19074
46279
19075
33373
33601
33602
19078
46277
19079
33392
33603
33604
19082
46267
19083
33411
33605
33606
19086
46269
19087
33430
33607
33608
19090
46271
19091
33449
33609
33610
19094
46273
19095
33468
33611
33612
19098
46275
19099
33487
33613
33614
19102
46285
19103
33599
33616
19138
46303
19139
33633
33634
19174
46325
19175
33651
33652
19210
46359
19211
32217
33669
33670
19106
46287
19107
33618
19142
46305
19143
33619
33636
19178
46329
19179
33637
33654
19214
46363
19215
33655
33672
19222
46371
19223
33676
19226
46375
19227
33677
33678
19230
46377
19231
33679
33680
19234
46381
19235
33681
33682
19242
46389
19243
33686
19246
46393
19247
33687
33688
19250
46395
19251
33689
33690
19254
46399
19255
33691
33692
19262
46407
19263
33696
19266
46411
19267
33697
33698
19270
46413
19271
33699
33700
19274
46415
19275
33701
33702
19218
46367
19219
33674
19238
46385
19239
33675
33684
19258
46403
19259
33685
33694
19278
46417
19279
32219
33695
33704
19286
46421
19287
33708
19290
46423
19291
33709
33710
19294
46425
19295
33711
33712
19298
46427
19299
32237
33713
33714
19306
46433
19307
33718
19310
46437
19311
33719
33720
19314
46441
19315
33721
33722
19318
46445
19319
32255
33723
33724
19326
46453
19327
32275
33728
19330
46457
19331
32285
33729
33730
19334
46461
19335
32295
33731
33732
19338
46465
19339
32273
32305
33733
33734
19282
46419
19283
33706
19302
46429
19303
33707
33716
19322
46449
19323
33717
33726
19342
46469
19343
33727
33736
19350
46477
19351
33740
19354
46481
19355
33741
33742
19358
46485
19359
33743
33744
19362
46489
19363
33745
33746
19370
46497
19371
33750
19374
46501
19375
33751
33752
19378
46505
19379
33753
33754
19382
46509
19383
33755
33756
19390
46517
19391
32307
33760
19394
46521
19395
32317
33761
33762
19398
46525
19399
32327
33763
33764
19402
46529
19403
32337
33765
33766
19346
46473
19347
33738
19366
46493
19367
33739
33748
19386
46513
19387
33749
33758
19406
46533
19407
33759
33768
19414
46541
19415
33772
19418
46545
19419
33773
33774
19422
46549
19423
33775
33776
19426
46553
19427
33777
33778
19434
46561
19435
33782
19438
46565
19439
33783
33784
19442
46569
19443
33785
33786
19446
46573
19447
33787
33788
19454
46581
19455
32339
33792
19458
46585
19459
32349
33793
33794
19462
46589
19463
32359
33795
33796
19466
46593
19467
32369
33797
33798
19410
46537
19411
33770
19430
46557
19431
33771
33780
19450
46577
19451
33781
33790
19470
46599
19471
33791
33800
19478
46605
19479
33804
19482
46609
19483
33805
33806
19486
46613
19487
33807
33808
19490
46619
19491
33809
33810
19498
46625
19499
33814
19502
46629
19503
33815
33816
19506
46633
19507
33817
33818
19510
46639
19511
33819
33820
19518
46645
19519
32371
33824
19522
46649
19523
32381
33825
33826
19526
46653
19527
32391
33827
33828
19530
46659
19531
32401
33829
33830
20351
49949
47143
20352
34240
20355
47141
20356
34241
34242
20359
47139
20360
34243
34244
20363
47129
20364
34245
34246
20367
47131
20368
34247
34248
20371
47133
20372
34249
34250
20375
47135
20376
34251
34252
20379
47137
20380
34253
34254
20383
47163
20384
34239
34256
20451
47181
20452
34289
34290
20487
47203
20488
34307
34308
20523
47237
49955
20524
32903
34325
34326
20387
47161
20388
34012
34258
20391
47159
20392
34031
34259
34260
20395
47157
20396
34050
34261
34262
20399
47147
20400
34069
34263
34264
20403
47149
20404
34088
34265
34266
20407
47151
20408
34107
34267
34268
20411
47153
20412
34126
34269
34270
20415
47155
20416
34145
34271
34272
20419
47165
20420
34257
34274
20455
47183
20456
34291
34292
20491
47207
20492
34309
34310
20527
47241
20528
32921
34327
34328
20423
47167
20424
34276
20459
47185
20460
34277
34294
20495
47211
20496
34295
34312
20531
47245
20532
34313
34330
20539
47253
20540
34334
20543
47255
20544
34335
34336
20547
47259
20548
34337
34338
20551
47263
20552
34339
34340
20559
47271
20560
34344
20563
47273
20564
34345
34346
20567
47277
20568
34347
34348
20571
47281
20572
34349
34350
20579
47289
20580
34354
20583
47291
20584
34355
34356
20587
47293
20588
34357
34358
20591
47295
20592
34359
34360
20535
47249
20536
34332
20555
47267
20556
34333
34342
20575
47285
20576
34343
34352
20595
47297
20596
32923
34353
34362
20603
47301
20604
34366
20607
47303
20608
34367
34368
20611
47307
20612
34369
34370
20615
47311
20616
32941
34371
34372
20623
47319
20624
34376
20627
47323
20628
34377
34378
20631
47327
20632
34379
34380
20635
47331
20636
32959
34381
34382
20643
47339
20644
32979
34386
20647
47343
20648
32989
34387
34388
20651
47347
20652
32999
34389
34390
20655
47351
20656
32977
33009
34391
34392
20599
47299
20600
34364
20619
47315
20620
34365
34374
20639
47335
20640
34375
34384
20659
47355
20660
34385
34394
20667
47363
20668
34398
20671
47367
20672
34399
34400
20675
47371
20676
34401
34402
20679
47375
20680
34403
34404
20687
47383
20688
34408
20691
47387
20692
34409
34410
20695
47391
20696
34411
34412
20699
47395
20700
34413
34414
20707
47403
20708
33011
34418
20711
47407
20712
33021
34419
34420
20715
47411
20716
33031
34421
34422
20719
47415
20720
33041
34423
34424
20663
47359
20664
34396
20683
47379
20684
34397
34406
20703
47399
20704
34407
34416
20723
47419
20724
34417
34426
20731
47427
20732
34430
20735
47431
20736
34431
34432
20739
47435
20740
34433
34434
20743
47439
20744
34435
34436
20751
47447
20752
34440
20755
47451
20756
34441
34442
20759
47455
20760
34443
34444
20763
47459
20764
34445
34446
20771
47467
20772
33043
34450
20775
47471
20776
33053
34451
34452
20779
47475
20780
33063
34453
34454
20783
47479
20784
33073
34455
34456
20727
47423
20728
34428
20747
47443
20748
34429
34438
20767
47463
20768
34439
34448
20787
47485
20788
34449
34458
20795
47491
20796
34462
20799
47495
20800
34463
34464
20803
47499
20804
34465
34466
20807
47505
20808
34467
34468
20815
47511
20816
34472
20819
47515
20820
34473
34474
20823
47519
20824
34475
34476
20827
47525
20828
34477
34478
20835
47531
20836
33075
34482
20839
47535
20840
33085
34483
34484
20843
47539
20844
33095
34485
34486
20847
47545
20848
33105
34487
34488
21636
49953
47941
21637
34882
21640
47939
21641
34883
34884
21644
47937
21645
34885
34886
21648
47927
21649
34887
34888
21652
47929
21653
34889
34890
21656
47931
21657
34891
34892
21660
47933
21661
34893
34894
21664
47935
21665
34895
34896
21668
47961
21669
34881
34898
22165
48351
22166
35145
35146
21736
47979
21737
34931
34932
22201
48369
22202
35163
35164
21772
47997
21773
34949
34950
21808
48029
21809
33597
34967
34968
22237
48387
22238
35181
35182
22273
48405
22274
34255
34897
35199
35200
21672
47959
21673
34654
34900
21676
47957
21677
34673
34901
34902
21680
47955
21681
34692
34903
34904
21684
47945
21685
34711
34905
34906
21688
47947
21689
34730
34907
34908
21692
47949
21693
34749
34909
34910
21696
47951
21697
34768
34911
34912
21700
47953
21701
34787
34913
34914
21704
47963
21705
34899
34916
22169
48353
22170
35147
35148
21740
47981
21741
34933
34934
22205
48371
22206
35165
35166
21776
47999
21777
34951
34952
21812
48035
21813
33615
34969
34970
22241
48389
22242
35183
35184
22277
48407
22278
34273
34915
35201
35202
21708
47965
21709
34918
21744
47983
21745
34919
34936
21780
48001
21781
34937
34954
21816
48039
21817
34955
34972
22173
48355
22174
35150
22209
48373
22210
35151
35168
22245
48391
22246
35169
35186
22281
48409
22282
35187
35204
22606
48633
22607
35366
22610
48635
22611
35367
35368
22614
48637
22615
35369
35370
22618
48639
22619
35371
35372
21824
48045
21825
34976
21828
48049
21829
34977
34978
21832
48053
21833
34979
34980
21836
48057
21837
34981
34982
22289
48413
22290
35208
22293
48415
22294
35209
35210
22297
48417
22298
35211
35212
22301
48419
22302
35213
35214
22626
48643
22627
35376
22630
48645
22631
35377
35378
22634
48647
22635
35379
35380
22638
48649
22639
35381
35382
21844
48063
21845
34986
21848
48067
21849
34987
34988
21852
48071
21853
34989
34990
21856
48075
21857
34991
34992
22309
48423
22310
35218
22313
48425
22314
35219
35220
22317
48427
22318
35221
35222
22321
48429
22322
35223
35224
22646
48653
22647
35386
22650
48655
22651
35387
35388
22654
48657
22655
35389
35390
22658
48659
22659
35391
35392
21864
48081
21865
34996
21868
48083
21869
34997
34998
21872
48085
21873
34999
35000
21876
48087
21877
35001
35002
22329
48433
22330
35228
22333
48435
22334
35229
35230
22337
48437
22338
35231
35232
22341
48439
22342
35233
35234
22666
48663
22667
35396
22670
48665
22671
35397
35398
22674
48667
22675
35399
35400
22678
48669
22679
35401
35402
21820
48043
21821
34974
21840
48061
21841
34975
34984
21860
48079
21861
34985
34994
21880
48089
21881
33617
34995
35004
22285
48411
22286
35206
22305
48421
22306
35207
35216
22325
48431
22326
35217
35226
22345
48441
22346
34275
35227
35236
22622
48641
22623
35374
22642
48651
22643
35375
35384
22662
48661
22663
35385
35394
22682
48671
22683
34917
35395
35404
22943
48831
22944
35534
22947
48833
22948
35535
35536
22951
48835
22952
35537
35538
22955
48837
22956
35149
35539
35540
21888
48093
21889
35008
21892
48097
21893
35009
35010
21896
48101
21897
35011
35012
21900
48105
21901
33635
35013
35014
22353
48445
22354
35240
22357
48447
22358
35241
35242
22361
48449
22362
35243
35244
22365
48451
22366
34293
35245
35246
22690
48675
22691
35408
22694
48677
22695
35409
35410
22698
48679
22699
35411
35412
22702
48681
22703
34935
35413
35414
22963
48841
22964
35544
22967
48843
22968
35545
35546
22971
48845
22972
35547
35548
22975
48847
22976
35167
35549
35550
21908
48113
21909
35018
21912
48117
21913
35019
35020
21916
48121
21917
35021
35022
21920
48125
21921
33653
35023
35024
21928
48133
21929
33673
35028
21932
48137
21933
33683
35029
35030
21936
48141
21937
33693
35031
35032
21940
48145
21941
33671
33703
35033
35034
22373
48455
22374
35250
22377
48457
22378
35251
35252
22381
48459
22382
35253
35254
22385
48461
22386
34311
35255
35256
22393
48465
22394
34331
35260
22397
48467
22398
34341
35261
35262
22401
48469
22402
34351
35263
35264
22405
48471
22406
34329
34361
35265
35266
22710
48685
22711
35418
22714
48687
22715
35419
35420
22718
48689
22719
35421
35422
22722
48691
22723
34953
35423
35424
22730
48695
22731
34973
35428
22734
48697
22735
34983
35429
35430
22738
48699
22739
34993
35431
35432
22742
48701
22743
34971
35003
35433
35434
22983
48851
22984
35554
22987
48853
22988
35555
35556
22991
48855
22992
35557
35558
22995
48857
22996
35185
35559
35560
23003
48861
23004
35205
35373
35564
23007
48863
23008
35215
35383
35565
35566
23011
48865
23012
35225
35393
35567
35568
23015
48867
23016
35203
35235
35403
35569
35570
21884
48091
21885
35006
21904
48109
21905
35007
35016
21924
48129
21925
35017
35026
21944
48149
21945
35027
35036
22349
48443
22350
35238
22369
48453
22370
35239
35248
22389
48463
22390
35249
35258
22409
48473
22410
35259
35268
22686
48673
22687
35406
22706
48683
22707
35407
35416
22726
48693
22727
35417
35426
22746
48703
22747
35427
35436
22959
48839
22960
35542
22979
48849
22980
35543
35552
22999
48859
23000
35553
35562
23019
48869
23020
35563
35572
21952
48157
21953
35040
21956
48161
21957
35041
35042
21960
48165
21961
35043
35044
21964
48169
21965
35045
35046
23216
48967
23217
35670
23220
48969
23221
35671
35672
23224
48971
23225
35673
35674
23228
48973
23229
35675
35676
22417
48477
22418
35272
22421
48479
22422
35273
35274
22425
48481
22426
35275
35276
22429
48483
22430
35277
35278
22754
48707
22755
35440
22758
48709
22759
35441
35442
22762
48711
22763
35443
35444
22766
48713
22767
35445
35446
23027
48873
23028
35576
23031
48875
23032
35577
35578
23035
48877
23036
35579
35580
23039
48879
23040
35581
35582
23236
48977
23237
35680
23240
48979
23241
35681
35682
23244
48981
23245
35683
35684
23248
48983
23249
35685
35686
21972
48177
21973
35050
21976
48181
21977
35051
35052
21980
48185
21981
35053
35054
21984
48189
21985
35055
35056
21992
48197
21993
33705
35060
21996
48201
21997
33715
35061
35062
22000
48205
22001
33725
35063
35064
22004
48209
22005
33735
35065
35066
22437
48487
22438
35282
22441
48489
22442
35283
35284
22445
48491
22446
35285
35286
22449
48493
22450
35287
35288
22457
48497
22458
34363
35292
22461
48499
22462
34373
35293
35294
22465
48501
22466
34383
35295
35296
22469
48505
22470
34393
35297
35298
22774
48717
22775
35450
22778
48719
22779
35451
35452
22782
48721
22783
35453
35454
22786
48723
22787
35455
35456
22794
48727
22795
35005
35460
22798
48729
22799
35015
35461
35462
22802
48731
22803
35025
35463
35464
22806
48733
22807
35035
35465
35466
23047
48883
23048
35586
23051
48885
23052
35587
35588
23055
48887
23056
35589
35590
23059
48889
23060
35591
35592
23067
48893
23068
35237
35596
23071
48895
23072
35247
35597
35598
23075
48897
23076
35257
35599
35600
23079
48899
23080
35267
35601
35602
23256
48987
23257
35690
23260
48989
23261
35691
35692
23264
48991
23265
35693
35694
23268
48993
23269
35695
35696
23276
48997
23277
35405
35541
35700
23280
48999
23281
35415
35551
35701
35702
23284
49001
23285
35425
35561
35703
35704
23288
49003
23289
35435
35571
35705
35706
21948
48153
21949
35038
21968
48173
21969
35039
35048
21988
48193
21989
35049
35058
22008
48213
22009
35059
35068
22413
48475
22414
35270
22433
48485
22434
35271
35280
22453
48495
22454
35281
35290
22473
48509
22474
35291
35300
22750
48705
22751
35438
22770
48715
22771
35439
35448
22790
48725
22791
35449
35458
22810
48735
22811
35459
35468
23023
48871
23024
35574
23043
48881
23044
35575
35584
23063
48891
23064
35585
35594
23083
48901
23084
35595
35604
22016
48221
22017
35072
22020
48225
22021
35073
35074
22024
48229
22025
35075
35076
22028
48233
22029
35077
35078
23232
48975
23233
35678
23252
48985
23253
35679
35688
23272
48995
23273
35689
35698
23292
49005
23293
35699
35708
22481
48517
22482
35304
22485
48521
22486
35305
35306
22489
48525
22490
35307
35308
22493
48529
22494
35309
35310
23425
49071
23426
35774
23429
49073
23430
35775
35776
23433
49075
23434
35777
35778
23437
49077
23438
35779
35780
22818
48739
22819
35472
22822
48741
22823
35473
35474
22826
48743
22827
35475
35476
22830
48745
22831
35477
35478
23091
48905
23092
35608
23095
48907
23096
35609
35610
23099
48909
23100
35611
35612
23103
48911
23104
35613
35614
23300
49009
23301
35712
23304
49011
23305
35713
35714
23308
49013
23309
35715
35716
23312
49015
23313
35717
35718
23445
49081
23446
35784
23449
49083
23450
35785
35786
23453
49085
23454
35787
35788
23457
49087
23458
35789
35790
22036
48241
22037
35082
22040
48245
22041
35083
35084
22044
48249
22045
35085
35086
22048
48253
22049
35087
35088
22056
48261
22057
33737
35092
22060
48265
22061
33747
35093
35094
22064
48269
22065
33757
35095
35096
22068
48273
22069
33767
35097
35098
22501
48537
22502
35314
22505
48541
22506
35315
35316
22509
48545
22510
35317
35318
22513
48549
22514
35319
35320
22521
48557
22522
34395
35324
22525
48561
22526
34405
35325
35326
22529
48565
22530
34415
35327
35328
22533
48569
22534
34425
35329
35330
22838
48749
22839
35482
22842
48751
22843
35483
35484
22846
48753
22847
35485
35486
22850
48755
22851
35487
35488
22858
48759
22859
35037
35492
22862
48761
22863
35047
35493
35494
22866
48765
22867
35057
35495
35496
22870
48769
22871
35067
35497
35498
23111
48915
23112
35618
23115
48917
23116
35619
35620
23119
48919
23120
35621
35622
23123
48921
23124
35623
35624
23131
48925
23132
35269
35628
23135
48927
23136
35279
35629
35630
23139
48929
23140
35289
35631
35632
23143
48931
23144
35299
35633
35634
23320
49019
23321
35722
23324
49021
23325
35723
35724
23328
49023
23329
35725
35726
23332
49025
23333
35727
35728
23340
49029
23341
35437
35732
23344
49031
23345
35447
35733
35734
23348
49033
23349
35457
35735
35736
23352
49035
23353
35467
35737
35738
23465
49091
23466
35794
23469
49093
23470
35795
35796
23473
49095
23474
35797
35798
23477
49097
23478
35799
35800
23485
49101
23486
35573
35677
35804
23489
49103
23490
35583
35687
35805
35806
23493
49105
23494
35593
35697
35807
35808
23497
49107
23498
35603
35707
35809
35810
22012
48217
22013
35070
22032
48237
22033
35071
35080
22052
48257
22053
35081
35090
22072
48279
22073
35091
35100
22080
48285
22081
35104
22084
48289
22085
35105
35106
22088
48293
22089
35107
35108
22092
48299
22093
35109
35110
22477
48513
22478
35302
22497
48533
22498
35303
35312
22517
48553
22518
35313
35322
22537
48575
22538
35323
35332
22545
48581
22546
35336
22549
48585
22550
35337
35338
22553
48589
22554
35339
35340
22557
48595
22558
35341
35342
22814
48737
22815
35470
22834
48747
22835
35471
35480
22854
48757
22855
35481
35490
22874
48775
22875
35491
35500
22100
48305
22101
35114
22104
48309
22105
35115
35116
22108
48313
22109
35117
35118
22112
48319
22113
35119
35120
22120
48325
22121
33769
35124
22124
48329
22125
33779
35125
35126
22128
48333
22129
33789
35127
35128
22132
48337
22133
33799
35129
35130
22882
48781
22883
35504
22886
48785
22887
35505
35506
22890
48789
22891
35507
35508
22894
48795
22895
35509
35510
23087
48903
23088
35606
23107
48913
23108
35607
35616
23127
48923
23128
35617
35626
23147
48935
23148
35627
35636
22565
48601
22566
35346
22569
48605
22570
35347
35348
22573
48609
22574
35349
35350
22577
48615
22578
35351
35352
22585
48621
22586
34427
35356
22589
48625
22590
34437
35357
35358
22593
48627
22594
34447
35359
35360
22597
48631
22598
34457
35361
35362
23155
48937
23156
35640
23159
48939
23160
35641
35642
23163
48941
23164
35643
35644
23167
48945
23168
35645
35646
23296
49007
23297
35710
23316
49017
23317
35711
35720
23336
49027
23337
35721
35730
23356
49039
23357
35731
35740
22902
48801
22903
35514
22906
48805
22907
35515
35516
22910
48809
22911
35517
35518
22914
48815
22915
35519
35520
22922
48821
22923
35069
35524
22926
48823
22927
35079
35525
35526
22930
48825
22931
35089
35527
35528
22934
48829
22935
35099
35529
35530
23364
49041
23365
35744
23368
49043
23369
35745
35746
23372
49045
23373
35747
35748
23376
49049
23377
35749
35750
23441
49079
23442
35782
23461
49089
23462
35783
35792
23481
49099
23482
35793
35802
23501
49111
23502
35803
35812
23175
48947
23176
35650
23179
48949
23180
35651
35652
23183
48951
23184
35653
35654
23187
48955
23188
35655
35656
23195
48957
23196
35301
35660
23199
48959
23200
35311
35661
35662
23203
48961
23204
35321
35663
35664
23207
48965
23208
35331
35665
35666
23509
49113
23510
35816
23513
49115
23514
35817
35818
23517
49117
23518
35819
35820
23521
49121
23522
35821
35822
23570
49143
23571
35846
23574
49145
23575
35847
35848
23578
49147
23579
35849
35850
23582
49151
23583
35851
35852
23384
49051
23385
35754
23388
49053
23389
35755
35756
23392
49055
23393
35757
35758
23396
49059
23397
35759
35760
23404
49061
23405
35469
35764
23408
49063
23409
35479
35765
35766
23412
49065
23413
35489
35767
35768
23416
49069
23417
35499
35769
35770
23590
49153
23591
35856
23594
49155
23595
35857
35858
23598
49157
23599
35859
35860
23602
49161
23603
35861
35862
23529
49123
23530
35826
23533
49125
23534
35827
35828
23537
49127
23538
35829
35830
23541
49131
23542
35831
35832
23549
49133
23550
35605
35836
23553
49135
23554
35615
35837
35838
23557
49137
23558
35625
35839
35840
23561
49141
23562
35635
35841
35842
23610
49163
23611
35866
23614
49165
23615
35867
35868
23618
49167
23619
35869
35870
23622
49171
23623
35871
35872
23630
49173
23631
35709
35781
35876
23634
49175
23635
35719
35791
35877
35878
23638
49177
23639
35729
35801
35879
35880
23642
49373
23643
35739
35811
35881
35882
15225
43485
15226
31679
15255
43505
15256
31680
31694
15285
43525
15286
31695
31709
15315
43541
15316
31710
31724
15317
31725
16676
44589
16677
32404
16696
44609
16697
32405
32414
16716
44629
16717
32415
32424
16736
44649
16737
32425
32434
16738
32435
18085
45631
18086
33108
18105
45651
18106
33109
33118
18125
45671
18126
33119
33128
18145
45691
18146
33129
33138
18147
33139
19474
46597
19475
33802
19494
46617
19495
33803
33812
19514
46637
19515
33813
33822
19534
46657
19535
33823
33832
19536
33833
20791
47483
20792
34460
20811
47503
20812
34461
34470
20831
47523
20832
34471
34480
20851
47543
20852
34481
34490
20853
34491
22076
48277
22077
35102
22096
48297
22097
35103
35112
22116
48317
22117
35113
35122
22136
48335
22137
35123
35132
22138
35133
22541
48573
22542
35334
22561
48593
22562
35335
35344
22581
48613
22582
35345
35354
22601
48629
22602
35355
35364
22603
35365
22878
48773
22879
35502
22898
48793
22899
35503
35512
22918
48813
22919
35513
35522
22938
48827
22939
35523
35532
22940
35533
23151
48933
23152
35638
23171
48943
23172
35639
35648
23191
48953
23192
35649
35658
23211
48963
23212
35659
35668
23213
35669
23360
49037
23361
35742
23380
49047
23381
35743
35752
23400
49057
23401
35753
35762
23420
49067
23421
35763
35772
23422
35773
23505
49109
23506
35814
23525
49119
23526
35815
35824
23545
49129
23546
35825
35834
23565
49139
23566
35835
35844
23567
35845
23586
49149
23587
35854
23606
49159
23607
35855
35864
23626
49169
23627
35865
35874
23646
49371
23647
35875
35884
23648
35885
23653
49369
23654
35887
23659
49367
23660
35888
35890
23665
49179
23666
35891
35893
23671
49181
23672
35894
35896
23673
35897
23865
49271
23866
31677
35987
23871
49273
23872
31692
35988
35990
23877
49275
23878
31707
35991
35993
23883
49277
23884
31722
35994
35996
23676
49183
23677
35898
23680
49185
23681
35899
35900
23684
49187
23685
35901
35902
23688
49189
23689
35903
35904
23690
35905
23888
49279
23889
32403
35998
23892
49281
23893
32413
35999
36000
23896
49283
23897
32423
36001
36002
23900
49285
23901
32433
36003
36004
23693
49191
23694
35906
23697
49193
23698
35907
35908
23701
49195
23702
35909
35910
23705
49197
23706
35911
35912
23707
35913
23905
49287
23906
33107
36006
23909
49289
23910
33117
36007
36008
23913
49291
23914
33127
36009
36010
23917
49293
23918
33137
36011
36012
23710
49199
23711
35914
23714
49201
23715
35915
35916
23718
49203
23719
35917
35918
23722
49205
23723
35919
35920
23724
35921
23922
49295
23923
33801
36014
23926
49297
23927
33811
36015
36016
23930
49299
23931
33821
36017
36018
23934
49301
23935
33831
36019
36020
23727
49207
23728
35922
23731
49209
23732
35923
35924
23735
49211
23736
35925
35926
23739
49213
23740
35927
35928
23741
35929
23939
49303
23940
34459
36022
23943
49305
23944
34469
36023
36024
23947
49307
23948
34479
36025
36026
23951
49309
23952
34489
36027
36028
23744
49215
23745
35930
23748
49217
23749
35931
35932
23752
49219
23753
35933
35934
23756
49221
23757
35935
35936
23758
35937
23956
49311
23957
35101
36030
23960
49313
23961
35111
36031
36032
23964
49315
23965
35121
36033
36034
23968
49317
23969
35131
36035
36036
23761
49223
23762
35938
23765
49225
23766
35939
35940
23769
49227
23770
35941
35942
23773
49229
23774
35943
35944
23775
35945
23973
49319
23974
35333
36038
23977
49321
23978
35343
36039
36040
23981
49323
23982
35353
36041
36042
23985
49325
23986
35363
36043
36044
23778
49231
23779
35946
23782
49233
23783
35947
35948
23786
49235
23787
35949
35950
23790
49237
23791
35951
35952
23792
35953
23990
49327
23991
35501
36046
23994
49329
23995
35511
36047
36048
23998
49331
23999
35521
36049
36050
24002
49333
24003
35531
36051
36052
23795
49239
23796
35954
23799
49241
23800
35955
35956
23803
49243
23804
35957
35958
23807
49245
23808
35959
35960
23809
35961
24007
49335
24008
35637
36054
24011
49337
24012
35647
36055
36056
24015
49339
24016
35657
36057
36058
24019
49341
24020
35667
36059
36060
23812
49247
23813
35962
23816
49249
23817
35963
35964
23820
49251
23821
35965
35966
23824
49253
23825
35967
35968
23826
35969
24024
49343
24025
35741
36062
24028
49345
24029
35751
36063
36064
24032
49347
24033
35761
36065
36066
24036
49349
24037
35771
36067
36068
23829
49255
23830
35970
23833
49257
23834
35971
35972
23837
49259
23838
35973
35974
23841
49261
23842
35975
35976
23843
35977
24041
49351
24042
35813
36070
24045
49353
24046
35823
36071
36072
24049
49355
24050
35833
36073
36074
24053
49357
24054
35843
36075
36076
23846
49263
23847
35978
23850
49265
23851
35979
35980
23854
49267
23855
35981
35982
23858
49269
23859
35983
35984
23860
35985
23885
35997
23902
36005
23919
36013
23936
36021
23953
36029
23970
36037
23987
36045
24004
36053
24021
36061
24038
36069
24055
36077
24058
49359
24059
35853
36078
24062
49361
24063
35863
36079
36080
24066
49363
24067
35873
36081
36082
24070
49365
24071
35883
36083
36084
24072
36085
