56
57
58
59
90
91
128
129
180
181
236
237
286
287
352
353
402
403
470
471
520
521
592
593
642
643
718
719
318
319
320
321
432
433
550
551
672
673
4
5
20
21
6
7
16
17
32
33
42
43
36086
36088
36090
36092
36094
36096
36098
36100
36102
68
69
36104
36106
36108
36110
36112
36114
36116
36118
36120
78
79
106
107
36122
116
117
36124
158
159
36126
168
169
36128
214
215
36130
224
225
36132
264
265
36134
274
275
36136
330
331
36138
340
341
36140
380
381
36142
390
391
36144
448
449
36146
458
459
36148
498
499
36150
508
509
36152
570
571
36154
580
581
36156
620
621
36158
630
631
50
51
36160
22
23
36162
46
47
36164
82
83
36166
120
121
36168
172
173
36170
228
229
36172
278
279
36174
344
345
36176
394
395
36178
462
463
36180
512
513
36182
584
585
36184
634
635
36186
52
53
36188
86
87
36190
696
697
36192
124
125
36194
176
177
36196
232
233
36198
706
707
36200
710
711
36202
282
283
36204
348
349
36206
398
399
36208
466
467
36210
516
517
36212
588
589
36214
638
639
36216
746
747
36218
714
715
94
95
36220
96
97
36222
132
133
36224
184
185
36226
240
241
36228
290
291
36230
356
357
36232
406
407
36234
474
475
36236
524
525
36238
596
597
36240
646
647
36242
722
723
142
143
36244
756
757
36246
760
761
36248
764
765
768
769
36250
36252
772
773
144
145
192
193
194
195
798
799
196
197
248
249
250
251
36254
36256
816
817
252
253
298
299
300
301
36258
826
827
36260
830
831
36262
834
835
838
839
36264
36266
842
843
302
303
364
365
366
367
368
369
414
415
416
417
36268
866
867
418
419
482
483
484
485
36270
876
877
36272
880
881
36274
884
885
888
889
36276
36278
892
893
486
487
532
533
534
535
918
919
536
537
604
605
606
607
608
609
654
655
656
657
36280
36282
962
963
658
659
730
731
732
733
36284
972
973
36286
976
977
36288
980
981
984
985
36290
36292
988
989
734
735
780
781
782
783
784
785
850
851
852
853
36294
1012
1013
854
855
900
901
902
903
36296
1022
1023
36298
1026
1027
36300
1030
1031
1034
1035
36302
36304
1038
1039
904
905
996
997
998
999
1064
1065
1000
1001
1046
1047
1048
1049
36306
36308
1082
1083
1050
1051
136
137
146
147
202
203
36310
36312
36314
138
139
36316
188
189
36318
244
245
36320
294
295
36322
360
361
36324
410
411
36326
478
479
36328
528
529
36330
600
601
36332
650
651
36334
726
727
36336
776
777
36338
846
847
36340
896
897
312
313
36342
148
149
36344
198
199
36346
254
255
36348
304
305
36350
370
371
36352
420
421
36354
488
489
36356
538
539
36358
610
611
36360
660
661
36362
736
737
36364
786
787
36366
856
857
36368
992
993
36370
906
907
36372
1002
1003
36374
204
205
36376
308
309
36378
424
425
36380
542
543
36382
664
665
36384
1042
1043
36386
1052
1053
36388
790
791
36390
910
911
36392
1056
1057
436
437
36394
314
315
36396
428
429
36398
546
547
36400
668
669
36402
794
795
36404
914
915
36406
1060
1061
558
559
684
685
36408
438
439
36410
554
555
36412
676
677
36414
802
803
36416
922
923
36418
1068
1069
934
935
940
941
36420
560
561
36422
680
681
36424
806
807
36426
1092
1093
1096
1097
36428
1100
1101
1104
1105
36430
36432
1108
1109
36434
36436
1112
1113
1116
1117
1118
1119
1120
1121
36438
1122
1123
36440
926
927
36442
1072
1073
950
951
36444
686
687
36446
1132
1133
36448
930
931
36450
936
937
36452
942
943
36454
1142
1143
1146
1147
36456
1150
1151
1154
1155
36458
36460
1158
1159
36462
36464
1162
1163
36466
1166
1167
36468
1168
1169
36470
1170
1171
36472
1172
1173
36474
1176
1177
36476
1180
1181
1184
1185
36478
36480
1188
1189
36482
1192
1193
36484
1196
1197
36486
946
947
36488
952
953
36490
36492
36494
36496
36498
36500
36502
36504
36506
0
1
36508
1206
1207
36510
36512
36514
36516
36518
36520
2
3
8
9
24073
24074
24076
10
11
12
13
1216
1217
1220
1221
36522
1224
1225
1228
1229
36524
36526
1232
1233
36528
36530
1236
1237
1240
1241
1242
1243
1244
1245
36532
36534
1246
1247
36536
36538
36540
36542
36544
36546
36548
36550
36552
14
15
18
19
24078
24079
24080
24081
24
36317
25
24084
26
27
28
29
1256
1257
30
31
34
36315
35
24086
24087
24088
24089
36
37
38
39
1266
1267
36554
1270
1271
36556
1274
1275
1278
1279
36558
36560
1282
1283
36562
36564
1286
1287
1290
1291
1292
1293
1294
1295
36566
1296
1297
36568
1300
1301
36570
1304
1305
1308
1309
36572
36574
1312
1313
36576
1316
1317
36578
36580
36582
40
41
44
36584
36313
45
24091
24092
24093
24094
48
36165
49
24096
54
36189
55
24099
60
36115
61
24077
24082
24100
24102
62
63
64
65
1326
1327
66
67
36586
36588
70
36121
71
24104
24105
24106
24107
72
73
74
75
1336
1337
36590
1340
1341
36592
1344
1345
1348
1349
36594
36596
1352
1353
36598
36600
1356
1357
1360
1361
1362
1363
1364
1365
36602
1366
1367
36604
36606
36608
76
77
36610
36612
36614
80
36616
36163
81
24109
24110
24111
24112
84
36167
85
24114
88
36191
89
24085
24116
92
36113
93
24090
24095
24117
24118
98
36223
99
24121
100
101
102
103
1376
1377
104
105
108
36123
109
24123
24124
24125
24126
110
111
112
113
1386
1387
36618
1390
1391
36620
1394
1395
1398
1399
36622
36624
1402
1403
36626
36628
1406
1407
1410
1411
1412
1413
1414
1415
36630
1416
1417
36632
1420
1421
36634
1424
1425
1428
1429
36636
36638
1432
1433
36640
1436
1437
36642
1440
1441
36644
1444
1445
36646
1448
1449
36648
1452
1453
36650
1456
1457
1460
1461
36652
1462
1463
1466
1467
36654
1468
1469
1472
1473
36656
1474
1475
36658
1478
1479
36660
1482
1483
36662
36664
1486
1487
36666
1488
1489
36668
36670
36672
36674
36676
114
115
118
36678
36125
119
24128
24129
24130
24131
122
36169
123
24133
126
36195
127
24097
24135
130
36109
131
24108
24113
24136
24137
134
36225
135
24139
140
141
24103
24142
150
36345
151
24143
24144
24145
24147
152
153
154
155
1498
1499
156
157
160
36127
161
24149
24150
24151
24152
162
163
164
165
1508
1509
1512
1513
1516
1517
1520
1521
1524
1525
36680
36682
36684
1528
1529
1532
1533
1534
1535
1536
1537
36686
36688
1538
1539
166
167
36690
36692
170
36694
36129
171
24154
24155
24156
24157
174
36171
175
24159
178
36197
179
24115
24161
182
36105
183
24127
24132
24162
24163
186
36227
187
24165
190
36696
36319
191
24119
24122
24167
200
36347
201
24168
24169
24170
24171
24172
206
36377
207
24175
208
209
210
211
1548
1549
212
213
216
36131
217
24177
24178
24179
24180
218
219
220
221
1558
1559
1562
1563
36698
1566
1567
1570
1571
36700
36702
1574
1575
36704
36706
1578
1579
1582
1583
1584
1585
1586
1587
36708
1588
1589
36710
1592
1593
36712
1596
1597
36714
1600
1601
36716
1604
1605
36718
1608
1609
222
223
36720
36722
36724
36726
36728
36730
36732
36734
36736
36738
226
36740
36133
227
24182
24183
24184
24185
230
36173
231
24187
234
36199
235
24134
24189
238
36103
239
24153
24158
24190
24191
242
36229
243
24193
246
36321
247
24138
24140
24195
256
36349
257
24196
24197
24198
24199
24200
258
259
260
261
1618
1619
262
263
266
36135
267
24202
24203
24204
24205
268
269
270
271
1628
1629
36742
1632
1633
36744
1636
1637
1640
36731
1641
36746
36748
1644
1645
36750
36752
1648
1649
1652
1653
1654
1655
1656
1657
36754
1658
1659
272
273
276
36756
36137
277
24207
24208
24209
24210
280
36175
281
24212
284
36205
285
24160
24214
288
36101
289
24181
24186
24215
24216
292
36231
293
24218
296
36323
297
24164
24166
24220
306
36351
307
24221
24222
24223
24224
24225
310
36379
311
24227
316
36397
317
24230
322
36119
323
24148
24173
24231
24233
324
325
326
327
1668
1669
328
329
332
36139
333
24235
24236
24237
24238
334
335
336
337
1678
1679
36758
1682
1683
36760
1686
1687
1690
1691
36762
36764
1694
1695
36766
36768
1698
1699
1702
1703
1704
1705
1706
1707
36770
1708
1709
36772
1712
1713
36774
1716
1717
36776
1720
36729
1721
36778
1724
1725
36780
1728
1729
36782
1732
1733
338
339
342
36784
36141
343
24240
24241
24242
24243
346
36177
347
24245
350
36207
351
24188
24247
354
36099
355
24206
24211
24248
24249
358
36233
359
24251
362
36325
363
24192
24194
24253
372
36353
373
24254
24255
24256
24257
24258
374
375
376
377
1742
1743
378
379
382
36143
383
24260
24261
24262
24263
384
385
386
387
1752
1753
36786
1756
1757
36788
1760
1761
1764
1765
36790
36792
1768
1769
36794
36796
1772
1773
1776
1777
1778
1779
1780
1781
36798
1782
1783
388
389
392
36800
36145
393
24265
24266
24267
24268
396
36179
397
24270
400
36209
401
24213
24272
404
36097
405
24239
24244
24273
24274
408
36235
409
24276
412
36327
413
24217
24219
24278
422
36355
423
24279
24280
24281
24282
24283
426
36381
427
24285
430
36399
431
24176
24287
434
36117
435
24201
24226
24288
24289
440
36411
441
24292
442
443
444
445
1792
1793
446
447
450
36147
451
24294
24295
24296
24297
452
453
454
455
1802
1803
36802
1806
1807
36804
1810
1811
1814
1815
36806
36808
1818
1819
36810
36812
1822
1823
1826
1827
1828
1829
1830
1831
36814
1832
1833
36816
1836
1837
36818
1840
1841
36820
1844
1845
36822
1848
1849
36824
1852
1853
456
457
460
36826
36149
461
24299
24300
24301
24302
464
36181
465
24304
468
36211
469
24246
24306
472
36095
473
24264
24269
24307
24308
476
36237
477
24310
480
36329
481
24250
24252
24312
490
36357
491
24313
24314
24315
24316
24317
492
493
494
495
1862
1863
496
497
500
36151
501
24319
24320
24321
24322
502
503
504
505
1872
1873
36828
1876
1877
36830
1880
1881
1884
1885
36832
36834
1888
1889
36836
36838
1892
1893
1896
1897
1898
1899
1900
1901
36840
1902
1903
506
507
510
36842
36153
511
24324
24325
24326
24327
514
36183
515
24329
518
36213
519
24271
24331
522
36093
523
24298
24303
24332
24333
526
36239
527
24335
530
36331
531
24275
24277
24337
540
36359
541
24338
24339
24340
24341
24342
544
36383
545
24344
548
36401
549
24228
24346
552
36111
553
24259
24284
24347
24348
556
36413
557
24350
562
36423
563
24234
24353
564
565
566
567
1912
1913
568
569
572
36155
573
24355
24356
24357
24358
574
575
576
577
1922
1923
36844
1926
1927
36846
1930
1931
1934
1935
36848
36850
1938
1939
36852
36854
1942
1943
1946
1947
1948
1949
1950
1951
36856
1952
1953
36858
1956
1957
36860
1960
1961
36862
1964
1965
36864
1968
1969
36866
1972
1973
36868
1976
1977
36870
1980
36739
1981
36872
1984
36737
1985
36874
1988
1989
36876
1992
36735
1993
578
579
36878
36880
582
36882
36157
583
24360
24361
24362
24363
586
36185
587
24365
590
36215
591
24305
24367
594
36091
595
24323
24328
24368
24369
598
36241
599
24371
602
36333
603
24309
24311
24373
612
36361
36613
36615
36733
613
24374
24375
24376
24377
24378
614
615
616
617
2002
2003
618
619
622
36159
623
24380
24381
24382
24383
624
625
626
627
2012
2013
36884
2016
2017
36886
2020
2021
2024
2025
36888
36890
2028
2029
36892
36894
2032
2033
2036
2037
2038
2039
2040
2041
36896
2042
2043
36898
36900
36902
628
629
36904
36906
36908
36910
36912
632
36914
36161
633
24385
24386
24387
24388
636
36187
637
24390
640
36217
641
24330
24392
644
36089
645
24359
24364
24393
24394
648
36243
649
24396
652
36335
653
24334
24336
24398
662
36363
36587
36589
36611
663
24399
24400
24401
24402
24403
666
36385
667
24405
670
36403
671
24286
24407
674
36107
675
24318
24343
24408
24409
678
36415
679
24411
682
36425
683
24290
24293
24413
688
36447
689
24416
944
36455
945
24544
690
691
692
693
2052
2053
694
695
698
36193
699
24418
24419
24420
24421
700
701
702
703
2062
2063
36916
2066
2067
36918
2070
2071
2074
2075
36920
36922
2078
2079
36924
36926
2082
2083
2086
2087
2088
2089
2090
2091
36928
2092
2093
36930
2096
2097
36932
2100
2101
36934
2104
2105
36936
2108
2109
36938
2112
2113
704
705
708
36940
36201
709
24423
24424
24425
24426
712
36203
713
24428
716
36221
717
24366
24430
720
36087
721
24384
24389
24431
24432
724
36245
725
24434
728
36337
729
24370
24372
24436
738
36365
36549
36551
36553
739
24437
24438
24439
24440
24441
740
741
742
743
2122
2123
744
745
748
36219
749
24443
24444
24445
24446
750
751
752
753
2132
2133
36942
2136
2137
36944
2140
2141
2144
2145
36946
36948
2148
2149
36950
36952
2152
2153
2156
2157
2158
2159
2160
2161
36954
2162
2163
36956
36958
36960
754
755
758
36962
36247
759
24448
24449
24450
24451
762
36249
763
24453
766
36253
767
24391
24455
770
36251
771
24422
24427
24456
24457
774
36257
775
24459
778
36339
779
24395
24397
24461
788
36367
36543
36545
36547
789
24462
24463
24464
24465
24466
792
36391
793
24468
796
36405
797
24345
24470
800
36255
801
24379
24404
24471
24472
804
36417
805
24474
808
36427
809
24349
24351
24476
810
811
812
813
2172
2173
36964
36966
36968
36970
36972
36974
814
815
818
36259
819
24478
24479
24480
24481
820
821
822
823
2182
2183
36976
2186
2187
36978
2190
2191
2194
2195
36980
36982
2198
2199
36984
36986
2202
2203
2206
2207
2208
2209
2210
2211
36988
2212
2213
36990
2216
2217
36992
2220
2221
36994
2224
2225
36996
2228
2229
36998
2232
2233
37000
2236
2237
824
825
828
37002
36261
829
24483
24484
24485
24486
832
36263
833
24488
836
36267
837
24429
24490
840
36265
841
24447
24452
24491
24492
844
36269
845
24494
848
36341
849
24433
24435
24496
858
36369
36517
36519
36521
859
24497
24498
24499
24500
24501
860
861
862
863
2246
2247
864
865
868
36271
869
24503
24504
24505
24506
870
871
872
873
2256
2257
37004
2260
2261
37006
2264
2265
2268
2269
37008
37010
2272
2273
37012
37014
2276
2277
2280
2281
2282
2283
2284
2285
37016
2286
2287
874
875
37018
37020
37022
878
37024
36273
879
24508
24509
24510
24511
882
36275
883
24513
886
36279
887
24454
24515
890
36277
891
24482
24487
24516
24517
894
36283
895
24519
898
36343
899
24458
24460
24521
908
36373
36511
36513
36515
909
24522
24523
24524
24525
24526
912
36393
913
24528
916
36407
917
24406
24530
920
36281
921
24442
24467
24531
24532
924
36419
925
24534
928
36443
929
24410
24412
24536
932
36451
933
24538
948
36489
949
24546
938
36453
939
24541
954
36509
955
24542
24549
1470
1471
24417
24807
1476
36659
1477
24545
24808
24810
956
957
958
959
2296
2297
37026
37028
37030
960
961
964
36285
965
24551
24552
24553
24554
966
967
968
969
2306
2307
2310
2311
2314
2315
2318
2319
37032
37034
2322
2323
37036
37038
2326
2327
2330
2331
2332
2333
2334
2335
37040
37042
2336
2337
37044
2340
2341
37046
2344
2345
37048
2348
2349
37050
2352
2353
37052
2356
2357
970
971
974
37054
36287
975
24556
24557
24558
24559
978
36289
979
24561
982
36293
983
24489
24563
986
36291
987
24507
24512
24564
24565
990
36295
991
24567
994
36371
995
24493
24495
24569
1004
36375
36503
36505
36507
1005
24570
24571
24572
24573
24574
1006
1007
1008
1009
2366
2367
1010
1011
1014
36297
1015
24576
24577
24578
24579
1016
1017
1018
1019
2376
2377
37056
2380
2381
37058
2384
2385
2388
2389
37060
37062
2392
2393
37064
37066
2396
2397
2400
2401
2402
2403
2404
2405
37068
2406
2407
1020
1021
37070
37072
37074
1024
37076
36299
1025
24581
24582
24583
24584
1028
36301
1029
24586
1032
36305
1033
24514
24588
1036
36303
1037
24555
24560
24589
24590
1040
36309
1041
24592
1044
36387
1045
24518
24520
24594
1054
36389
36497
36499
36501
1055
24595
24596
24597
24598
24599
1058
36395
1059
24601
1062
36409
1063
24469
24603
1066
36307
1067
24502
24527
24604
24605
1070
36421
1071
24607
1074
36445
1075
24473
24475
24609
1076
1077
1078
1079
2416
2417
37078
37080
1080
1081
1084
36311
1085
24611
24612
24613
24614
1086
1087
1088
1089
2426
2427
37082
2430
2431
37084
2434
2435
2438
2439
37086
37088
2442
2443
37090
37092
2446
2447
2450
2451
2452
2453
2454
2455
37094
2456
2457
37096
2460
2461
37098
2464
2465
37100
2468
2469
37102
2472
2473
37104
2476
2477
37106
2480
2481
37108
2484
2485
37110
2488
2489
37112
2492
2493
37114
2496
2497
37116
2500
36677
2501
37118
2504
36675
2505
37120
2508
36673
2509
37122
2512
2513
37124
2516
2517
37126
2520
36671
2521
2524
2525
37128
2526
2527
37130
37132
37134
37136
2530
2531
37138
2532
2533
37140
2536
2537
37142
2538
2539
2542
2543
2544
2545
37144
2546
2547
25345
2548
2549
25344
25346
2550
2551
2552
2553
25348
2554
2555
25349
2556
2557
2558
2559
2560
2561
25352
2562
2563
25351
25353
2564
2565
2566
2567
25355
2568
2569
25350
25356
2570
2571
2572
2573
25358
2574
2575
25359
2576
2577
2578
2579
25361
2580
2581
25347
25362
2582
2583
2584
2585
25364
2586
2587
25354
25363
25365
2588
2589
2590
2591
25367
2592
2593
25360
25368
37146
2594
2595
37148
2598
2599
37150
37152
37154
37156
2602
2603
37158
2604
2605
37160
37162
37164
37166
37168
37170
37172
37174
37176
37178
37180
37182
37184
37186
37188
37190
37192
1090
1091
1094
36437
1095
24616
24617
24618
24619
1098
36429
1099
24621
1102
36433
1103
24562
24623
1106
36431
1107
24580
24585
24624
24625
1110
36435
1111
24627
1114
37194
36439
1115
24566
24568
24629
1124
36441
36467
36493
36495
1125
24630
24631
24632
24633
24634
1126
1127
1128
1129
2614
2615
1130
1131
1134
36449
1135
24636
24637
24638
24639
1136
1137
1138
1139
2624
2625
2628
2629
37196
2632
2633
2636
37189
2637
37198
37200
2640
2641
37202
37204
2644
2645
2648
2649
2650
2651
2652
2653
37206
37208
2654
2655
1140
1141
1144
36465
1145
24641
24642
24643
24644
1148
36457
1149
24646
1152
36461
1153
24587
24648
1156
36459
1157
24615
24620
24649
24650
1160
36463
1161
24652
1164
37210
36473
1165
24591
24593
24654
1174
36475
36469
36471
36491
1175
24655
24656
24657
24658
24659
1178
36477
1179
24661
1182
36481
1183
24529
24663
1186
36479
1187
24575
24600
24664
24665
1190
36483
1191
24667
1194
36485
1195
24533
24535
24669
1198
36487
1199
24671
1450
36657
1451
24797
1200
1201
1202
1203
2664
2665
1204
1205
1208
36533
1209
24673
24674
24675
24676
1210
1211
1212
1213
2674
2675
2678
2679
37212
2682
2683
2686
2687
37214
37216
2690
2691
37218
37220
2694
2695
2698
2699
2700
2701
2702
2703
37222
37224
2704
2705
37226
2708
2709
37228
2712
2713
2716
37183
2717
37230
37232
2720
2721
37234
2724
2725
1214
1215
1218
36531
1219
24678
24679
24680
24681
1222
36523
1223
24683
1226
36527
1227
24622
24685
1230
36525
1231
24640
24645
24686
24687
1234
36529
1235
24689
1238
37236
36535
1239
24626
24628
24691
1248
36649
36537
36539
36541
1249
24692
24693
24694
24695
24696
1250
1251
1252
1253
2734
2735
1254
1255
1258
36565
1259
24698
24699
24700
24701
1260
1261
1262
1263
2744
2745
2748
2749
37238
2752
2753
2756
2757
37240
37242
2760
2761
37244
37246
2764
2765
2768
2769
2770
2771
2772
2773
37248
37250
2774
2775
1264
1265
37252
37254
37256
1268
36555
1269
24703
24704
24705
24706
1272
36557
1273
24708
1276
36561
1277
24647
24710
1280
36559
1281
24677
24682
24711
24712
1284
36563
1285
24714
1288
37258
36567
1289
24651
24653
24716
1298
36569
36579
36581
36583
1299
24717
24718
24719
24720
24721
1302
36571
1303
24723
1306
36575
1307
24602
24725
1310
36573
1311
24635
24660
24726
24727
1314
36577
1315
24729
1318
36585
1319
24606
24608
24731
1320
1321
1322
1323
2784
2785
1324
1325
1328
36601
1329
24733
24734
24735
24736
1330
1331
1332
1333
2794
2795
2798
2799
37260
2802
2803
2806
2807
37262
37264
2810
2811
37266
37268
2814
2815
2818
2819
2820
2821
2822
2823
37270
37272
2824
2825
37274
2828
2829
37276
2832
2833
2836
2837
37278
37280
2840
2841
37282
2844
2845
37284
2848
2849
1334
1335
37286
37288
37290
1338
36591
1339
24738
24739
24740
24741
1342
36593
1343
24743
1346
36597
1347
24684
24745
1350
36595
1351
24702
24707
24746
24747
1354
36599
1355
24749
1358
37292
36603
1359
24688
24690
24751
1368
36617
36605
36607
36609
1369
24752
24753
24754
24755
24756
1370
1371
1372
1373
2858
2859
1374
1375
1378
36629
1379
24758
24759
24760
24761
1380
1381
1382
1383
2868
2869
2872
2873
37294
2876
2877
2880
2881
37296
37298
2884
2885
37300
37302
2888
2889
2892
2893
2894
2895
2896
2897
37304
37306
2898
2899
1384
1385
37308
37310
37312
1388
36619
1389
24763
24764
24765
24766
1392
36621
1393
24768
1396
36625
1397
24709
24770
1400
36623
1401
24737
24742
24771
24772
1404
36627
1405
24774
1408
37314
36631
1409
24713
24715
24776
1418
36633
36663
36665
36669
1419
24777
24778
24779
24780
24781
1422
36635
1423
24783
1426
36639
1427
24662
24785
1430
36637
1431
24697
24722
24786
24787
1434
36641
1435
24789
1438
36643
1439
24666
24668
24791
1442
36645
1443
24793
1454
36651
1455
24799
1446
36647
37187
1447
24795
1458
36653
37185
1459
24796
24801
1480
36661
1481
24539
24672
24812
1484
36667
1485
24547
24798
24813
24814
1464
36655
37177
1465
24804
1490
36679
37175
1491
24805
24817
2534
2535
24550
25339
2540
2541
24811
25340
25342
1492
1493
1494
1495
2908
2909
1496
1497
1500
36695
1501
24819
24820
24821
24822
1502
1503
1504
1505
2918
2919
2922
2923
2926
2927
2930
2931
2934
2935
2938
2939
2942
2943
2944
2945
2946
2947
37316
37318
37320
2948
2949
37322
37324
2952
2953
37326
37328
2956
2957
2960
2961
37330
37332
2964
2965
37334
2968
2969
1506
1507
37336
37338
37340
37342
37344
37346
37348
37350
37352
37354
1510
36689
1511
24824
24825
24826
24827
1514
36687
1515
24829
1518
36685
1519
24744
24831
1522
36681
1523
24762
24767
24832
24833
1526
36683
1527
24835
1530
37356
37147
1531
24748
24750
24837
1540
36697
36691
36693
36727
1541
24838
24839
24840
24841
24842
1542
1543
1544
1545
2978
2979
1546
1547
1550
37145
1551
24844
24845
24846
24847
1552
1553
1554
1555
2988
2989
24075
2992
2993
24083
37358
2996
2997
3000
3001
37360
37362
3004
3005
37364
37366
3008
3009
3012
3013
3014
3015
3016
3017
37368
37370
3018
3019
3022
3023
24098
3026
3027
24101
37372
37374
3030
3031
37376
37378
3034
3035
3038
3039
3040
3041
3042
3043
37380
3044
3045
37382
3048
3049
37384
3052
3053
3056
3057
37386
37388
3060
3061
37390
3064
3065
37392
3068
3069
37394
3072
3073
37396
3076
3077
37398
3080
3081
37400
3084
3085
3088
3089
24120
37402
37404
3092
3093
3096
3097
3098
3099
3100
3101
37406
3102
3103
37408
3106
3107
24141
3110
3111
37410
3112
3113
37412
3114
3115
24146
37414
3118
3119
24174
37416
3122
3123
3126
3127
37418
37420
3130
3131
37422
3134
3135
37424
3138
3139
24229
3142
3143
24232
37426
37428
3146
3147
37430
3150
3151
37432
3154
3155
37434
3158
3159
24291
37436
3162
3163
37438
3166
3167
24352
37440
3170
3171
24415
37442
3174
3175
24540
37444
3178
3179
37446
3182
3183
24543
37448
3186
3187
24548
37450
3190
3191
24803
37452
3194
3195
37454
3198
3199
37456
3202
3203
24806
37458
3206
3207
24809
37460
3210
3211
24816
37462
3214
3215
37464
3218
3219
25338
37466
3222
37193
3223
25341
37468
3226
37191
3227
3230
3231
37470
3232
3233
3236
3237
37472
3238
3239
3242
3243
3244
3245
25694
3246
37155
3247
25357
25695
3248
3249
3250
3251
25697
3252
37153
3253
25366
25696
25698
3254
3255
37474
3256
3257
37476
3260
3261
37478
3264
3265
3268
3269
37480
3270
3271
37482
3274
3275
25335
37484
3278
3279
25374
37486
3282
3283
37488
3286
3287
25691
37490
3290
3291
25700
37492
3294
3295
3298
3299
37494
3300
3301
3304
3305
37496
3306
3307
3310
3311
37498
3312
3313
37500
3316
3317
37502
3320
3321
3324
3325
37504
3326
3327
37506
3330
3331
25688
37508
3334
3335
25707
37510
3338
3339
37512
3342
3343
25725
37514
3346
3347
25728
37516
3350
3351
3354
3355
37518
3356
3357
3360
3361
37520
3362
3363
3366
3367
37522
3368
3369
37524
3372
3373
37526
3376
3377
3380
3381
37528
3382
3383
37530
3386
3387
25722
37532
3390
3391
25735
37534
3394
3395
37536
3398
3399
25753
37538
3402
3403
25756
37540
3406
3407
3410
3411
37542
3412
3413
3416
3417
37544
3418
3419
3422
3423
37546
3424
3425
37548
3428
3429
37550
3432
3433
3436
3437
37552
3438
3439
37554
3442
3443
25750
37556
3446
3447
25763
37558
3450
3451
37560
3454
3455
25781
37562
3458
3459
25784
37564
3462
3463
3466
3467
37566
3468
3469
3472
3473
37568
3474
3475
3478
3479
37570
3480
3481
37572
3484
3485
37574
3488
3489
3492
3493
37576
3494
3495
37578
3498
3499
25778
37580
3502
3503
25791
37582
3506
3507
37584
3510
3511
25809
37586
3514
3515
25812
37588
3518
3519
3522
3523
37590
3524
3525
3528
3529
37592
3530
3531
3534
3535
37594
3536
3537
37596
3540
3541
37598
3544
3545
3548
3549
37600
3550
3551
37602
3554
3555
25806
37604
3558
3559
25819
37606
3562
3563
25834
37608
3566
3567
25837
37610
3570
3571
25840
37612
3574
3575
25847
3578
3579
37614
37616
3580
3581
25862
3584
3585
3586
3587
25865
3590
3591
3592
3593
3596
3597
37618
37620
3598
3599
37622
3602
3603
25868
37624
3606
3607
25871
3610
3611
37626
37628
3612
3613
25878
3616
3617
3618
3619
25881
3622
3623
37630
37632
3624
3625
3628
3629
3630
3631
37634
3634
3635
25884
37636
3638
3639
25887
3642
3643
37638
37640
3644
3645
25894
3648
3649
3650
3651
25897
3654
3655
37642
37644
3656
3657
3660
3661
3662
3663
37646
3666
3667
25900
37648
3670
3671
25903
3674
3675
37650
37652
3676
3677
25910
3680
3681
3682
3683
25913
3686
3687
37654
37656
3688
3689
3692
3693
3694
3695
37658
3698
3699
25916
37660
3702
3703
25919
3706
3707
37662
37664
3708
3709
25926
3712
3713
3714
3715
25929
3718
3719
37666
37668
3720
3721
3724
3725
3726
3727
37670
3730
3731
25932
37672
3734
3735
25935
3738
3739
37674
37676
3740
3741
25942
3744
3745
3746
3747
25945
3750
3751
37678
37680
3752
3753
3756
3757
3758
3759
37682
3762
3763
25948
37684
3766
3767
25951
3770
3771
37686
37688
3772
3773
25958
3776
3777
3778
3779
25961
3782
3783
37690
37692
3784
3785
3788
3789
3790
3791
37694
3794
3795
25964
37696
3798
3799
25967
3802
3803
37698
37700
3804
3805
25974
3808
3809
3810
3811
25977
3815
3816
3817
3818
25980
3821
3822
3823
3824
25983
3827
3828
3829
3830
25986
3833
3834
3835
3836
25989
3839
3840
3841
3842
25992
3845
3846
3847
3848
25995
3851
3852
3853
3854
25998
3857
3858
37702
37704
3859
3860
26001
3864
3865
37706
3866
3867
26004
3870
3871
37708
3872
3873
26007
3876
3877
37710
3878
3879
26010
3882
3883
37712
3884
3885
26013
3888
3889
37714
3890
3891
26016
3894
3895
37716
3896
3897
26019
3900
3901
37718
3902
3903
26022
3906
3907
37720
3908
3909
26025
3913
3914
37722
3915
3916
26028
3919
3920
37724
3921
3922
26031
3925
3926
37726
3927
3928
26034
3931
3932
37728
3933
3934
26037
3937
3938
37730
3939
3940
26040
3943
3944
37732
3945
3946
26043
3949
3950
37734
3951
3952
26046
3955
3956
37736
3957
3958
26049
3962
3963
37738
3964
3965
26052
3968
3969
37740
3970
3971
26055
3974
3975
37742
3976
3977
26058
3980
3981
37744
3982
3983
26061
3986
3987
37746
3988
3989
26064
3992
3993
37748
3994
3995
26067
3998
3999
37750
4000
4001
26070
4004
4005
37752
4006
4007
26073
4011
4012
37754
37756
37758
37760
37762
37764
37766
37768
4013
4014
4017
4018
4019
4020
37770
4023
4024
37772
4027
4028
4031
4032
37774
4033
4034
4037
4038
37776
4039
4040
4043
4044
37778
4045
4046
37780
4049
4050
37782
4053
4054
4057
4058
37784
4059
4060
37786
4064
4065
26076
37788
4068
4069
26079
37790
4072
4073
37792
4076
4077
26089
37794
4080
4081
26092
37796
4084
4085
37798
4089
4090
26086
37800
4093
4094
26099
4098
4099
37802
4100
4101
4104
4105
37804
4106
4107
37806
4111
4112
37808
4115
4116
37810
4120
4121
26118
37812
4124
4125
26121
4129
4130
37814
4131
4132
4133
37179
37181
4134
26133
4135
4136
4137
4138
26135
4139
4140
4141
4142
24537
26137
4143
4144
4145
4146
4147
4148
26140
4149
4150
4151
4152
24610
26142
4153
4154
4155
4156
26144
4157
4158
4159
4160
24670
26146
4161
4162
4163
4164
26148
4165
4166
4167
4168
4169
4170
26138
26151
4171
4172
37816
4175
4176
37818
4179
4180
37820
4183
4184
37822
4187
4188
37824
4191
4192
4195
4196
37826
4197
4198
37828
4201
4202
37830
4205
4206
37832
4209
4210
37834
4213
4214
37836
4217
4218
37838
4221
4222
37840
4225
4226
37842
4229
4230
4233
4234
37844
4235
4236
4239
4240
37846
4241
4242
37848
4245
4246
37850
4249
4250
4253
4254
37852
4255
4256
37854
4259
4260
37856
4263
4264
37858
4267
4268
37860
4271
4272
37862
4275
4276
37864
4279
4280
37866
4283
4284
37868
4287
4288
37870
4291
4292
37872
4295
4296
37874
4299
4300
37876
4303
4304
37878
4307
4308
37880
4311
4312
37882
4315
4316
37884
4319
4320
37886
4323
4324
37888
4327
4328
37890
4331
4332
37892
4335
4336
37894
4339
4340
37896
4343
4344
37898
4347
4348
37900
4351
4352
4355
4356
37902
4357
4358
4361
4362
37904
4363
4364
4367
4368
37906
4369
4370
37908
4373
4374
37910
4377
4378
37912
4381
4382
37914
4385
4386
4389
4390
37916
4391
4392
4395
4396
37918
4397
4398
4401
4402
37920
4403
4404
37922
4407
4408
37924
4411
4412
37926
4415
4416
37928
4419
4420
37930
37932
37934
4423
4424
37936
4425
4426
37938
37940
4429
4430
37942
4431
4432
37944
37946
37948
4435
4436
37950
4437
4438
37952
4441
4442
37954
4445
4446
37956
4449
4450
37958
4453
4454
37960
4457
4458
37962
4459
4460
37964
4463
4464
37966
4465
4466
37968
4469
4470
37970
4471
4472
37972
4475
4476
37974
4479
4480
37976
4483
4484
37978
4487
4488
37980
37982
4491
4492
37984
4493
4494
37986
37988
4497
4498
37990
4499
4500
37992
37994
37996
37998
38000
4503
4504
38002
4505
4506
38004
4509
4510
38006
4513
4514
38008
4517
4518
38010
4521
4522
38012
38014
38016
38018
38020
38022
4525
4526
38024
4527
4528
38026
38028
4531
4532
38030
4533
4534
38032
4537
4538
38034
4539
4540
38036
4543
4544
38038
4547
4548
38040
4551
4552
38042
4555
4556
4559
4560
38044
4561
4562
38046
4565
4566
38048
4567
4568
38050
38052
4571
4572
38054
4573
4574
38056
4577
4578
38058
4581
4582
38060
4585
4586
38062
4589
4590
38064
4593
4594
38066
4595
4596
38068
4599
4600
38070
4603
4604
38072
4607
4608
38074
4611
4612
38076
4615
4616
38078
4619
4620
38080
4623
4624
38082
4627
4628
38084
4631
4632
38086
4635
4636
38088
4639
4640
38090
4643
4644
38092
4647
4648
38094
4651
4652
38096
4655
4656
38098
4659
4660
38100
4663
4664
38102
4667
4668
38104
4671
4672
38106
4675
4676
38108
4679
4680
38110
4683
4684
38112
4687
4688
38114
4691
4692
38116
4695
4696
38118
4699
4700
38120
4703
4704
38122
4707
4708
38124
4711
4712
38126
4715
4716
38128
4719
4720
38130
4723
4724
38132
4727
4728
38134
4731
4732
38136
4735
4736
38138
4739
4740
38140
4743
4744
38142
4747
4748
38144
4751
4752
38146
4755
4756
38148
4759
4760
38150
4763
4764
38152
4767
4768
38154
4771
4772
38156
4775
4776
38158
4779
4780
38160
4783
4784
38162
4787
4788
38164
4791
4792
38166
4795
4796
38168
4799
4800
38170
4803
4804
38172
4807
4808
38174
4811
4812
38176
4815
4816
38178
4819
4820
38180
4823
4824
38182
4827
4828
38184
4831
4832
38186
4835
4836
38188
4839
4840
38190
4843
4844
38192
4847
4848
38194
4851
4852
38196
4855
4856
38198
4859
4860
38200
4863
4864
38202
4867
4868
38204
4871
4872
38206
4873
4874
4877
4878
4879
4880
4881
4882
26507
4883
4884
26506
26508
4885
4886
4887
4888
4889
4890
26511
4891
4892
26509
26510
26512
4893
4894
4895
4896
4897
4898
26515
4899
4900
26513
26514
26516
4901
4902
4903
4904
4905
4906
26519
4907
4908
26517
26518
26520
4909
4910
4911
4912
4913
4914
26523
4915
4916
26521
26522
26524
4917
4918
4919
4920
4921
4922
26527
4923
4924
26525
26526
26528
4925
4926
4927
4928
4929
4930
26531
4931
4932
26529
26530
26532
4933
4934
4935
4936
26534
4939
4940
4941
4942
4943
4944
26538
4947
4948
38208
4949
4950
26541
4953
4954
4955
4956
38210
4957
4958
26545
4959
4960
26544
26546
4961
4962
4963
4964
4965
4966
26549
4967
4968
26547
26548
26550
4969
4970
4971
4972
4973
4974
26553
4975
4976
26551
26552
26554
4977
4978
4979
4980
4981
4982
26557
4983
4984
26555
26556
26558
4985
4986
4987
4988
4989
4990
26561
4991
4992
26559
26560
26562
4993
4994
4995
4996
4997
4998
26565
4999
5000
26563
26564
26566
5001
5002
5003
5004
5005
5006
26569
5007
5008
26567
26568
26570
5009
5010
5011
5012
26572
5015
5016
5017
5018
38212
5019
5020
26576
5023
5024
38214
5025
5026
26579
5029
5030
5031
5032
38216
5033
5034
26583
5035
5036
26582
26584
5037
5038
5039
5040
5041
5042
26587
5043
5044
26585
26586
26588
5045
5046
5047
5048
5049
5050
26591
5051
5052
26589
26590
26592
5053
5054
5055
5056
5057
5058
26595
5059
5060
26593
26594
26596
5061
5062
5063
5064
5065
5066
26599
5067
5068
26597
26598
26600
5069
5070
5071
5072
5073
5074
26603
5075
5076
26601
26602
26604
5077
5078
5079
5080
5081
5082
26607
5083
5084
26605
26606
26608
5085
5086
5087
5088
26610
5091
5092
5093
5094
38218
5095
5096
26614
5099
5100
38220
5101
5102
26617
5105
5106
5107
5108
38222
5109
5110
26621
5111
5112
26620
26622
5113
5114
5115
5116
5117
5118
26625
5119
5120
26623
26624
26626
5121
5122
5123
5124
5125
5126
26629
5127
5128
26627
26628
26630
5129
5130
5131
5132
5133
5134
26633
5135
5136
26631
26632
26634
5137
5138
5139
5140
5141
5142
26637
5143
5144
26635
26636
26638
5145
5146
5147
5148
5149
5150
26641
5151
5152
26639
26640
26642
5153
5154
5155
5156
5157
5158
26645
5159
5160
26643
26644
26646
5161
5162
5163
5164
26648
5167
5168
5169
5170
38224
5171
5172
26652
5175
5176
38226
5177
5178
26655
5181
5182
5183
5184
38228
5185
5186
26659
5187
5188
26658
26660
5189
5190
5191
5192
5193
5194
26663
5195
5196
26661
26662
26664
5197
5198
5199
5200
5201
5202
26667
5203
5204
26665
26666
26668
5205
5206
5207
5208
5209
5210
26671
5211
5212
26669
26670
26672
5213
5214
5215
5216
5217
5218
26675
5219
5220
26673
26674
26676
5221
5222
5223
5224
5225
5226
26679
5227
5228
26677
26678
26680
5229
5230
5231
5232
5233
5234
26683
5235
5236
26681
26682
26684
5237
5238
5239
5240
26686
5243
5244
5245
5246
38230
5247
5248
26690
5251
5252
38232
5253
5254
26693
5257
5258
5259
5260
38234
5261
5262
26697
5263
5264
26696
26698
5265
5266
5267
5268
5269
5270
26701
5271
5272
26699
26700
26702
5273
5274
5275
5276
5277
5278
26705
5279
5280
26703
26704
26706
5281
5282
5283
5284
5285
5286
26709
5287
5288
26707
26708
26710
5289
5290
5291
5292
5293
5294
26713
5295
5296
26711
26712
26714
5297
5298
5299
5300
5301
5302
26717
5303
5304
26715
26716
26718
5305
5306
5307
5308
5309
5310
26721
5311
5312
26719
26720
26722
5313
5314
5315
5316
26724
5319
5320
5321
5322
38236
5323
5324
26728
5327
5328
38238
5329
5330
26731
5333
5334
5335
5336
38240
5337
5338
26735
5339
5340
26734
26736
5341
5342
5343
5344
5345
5346
26739
5347
5348
26737
26738
26740
5349
5350
5351
5352
5353
5354
26743
5355
5356
26741
26742
26744
5357
5358
5359
5360
5361
5362
26747
5363
5364
26745
26746
26748
5365
5366
5367
5368
5369
5370
26751
5371
5372
26749
26750
26752
5373
5374
5375
5376
5377
5378
26755
5379
5380
26753
26754
26756
5381
5382
5383
5384
5385
5386
26759
5387
5388
26757
26758
26760
5389
5390
5391
5392
26762
5395
5396
5397
5398
38242
5399
5400
26766
5403
5404
38244
5405
5406
26769
5409
5410
5411
5412
5413
5414
38246
5415
5416
26774
5417
5418
26773
26775
5419
5420
5421
5422
5423
5424
26778
5425
5426
26776
26777
26779
5427
5428
5429
5430
5431
5432
26782
5433
5434
26780
26781
26783
5435
5436
5437
5438
5439
5440
26786
5441
5442
26784
26785
26787
5443
5444
5445
5446
5447
5448
26790
5449
5450
26788
26789
26791
5451
5452
5453
5454
5455
5456
26794
5457
5458
26792
26793
26795
5459
5460
5461
5462
5463
5464
26798
5465
5466
26796
26797
26799
5467
5468
5469
5470
26801
5473
5474
5475
5476
38248
5477
5478
26805
5481
5482
38250
5483
5484
26808
5487
5488
38252
5489
5490
26811
5493
5494
38254
5495
5496
26814
5499
5500
38256
5501
5502
26817
5505
5506
38258
5507
5508
26820
5511
5512
38260
5513
5514
26823
5517
5518
38262
5519
5520
26826
5523
5524
38264
5525
5526
26829
5529
5530
38266
5531
5532
26832
5535
5536
38268
5537
5538
26835
5541
5542
5543
5544
38270
5545
5546
26839
5549
5550
38272
5551
5552
26842
5555
5556
38274
5557
5558
26845
5561
5562
38276
5563
5564
26848
5567
5568
38278
5569
5570
26851
5573
5574
38280
5575
5576
26854
5579
5580
38282
5581
5582
26857
5585
5586
38284
5587
5588
26860
5591
5592
38286
5593
5594
26863
5597
5598
38288
5599
5600
26866
5603
5604
5605
5606
38290
5607
5608
26870
5611
5612
38292
5613
5614
26873
5617
5618
38294
5619
5620
26876
5623
5624
38296
5625
5626
26879
5629
5630
38298
5631
5632
26882
5635
5636
38300
5637
5638
26885
5641
5642
38302
5643
5644
26888
5647
5648
38304
5649
5650
26891
5653
5654
38306
5655
5656
26894
5659
5660
38308
5661
5662
26897
5665
5666
5667
5668
38310
5669
5670
26901
5673
5674
38312
5675
5676
26904
5679
5680
38314
5681
5682
26907
5685
5686
38316
5687
5688
26910
5691
5692
38318
5693
5694
26913
5697
5698
38320
5699
5700
26916
5703
5704
38322
5705
5706
26919
5709
5710
38324
5711
5712
26922
5715
5716
38326
5717
5718
26925
5721
5722
38328
5723
5724
26928
5727
5728
5729
5730
38330
5731
5732
26932
5735
5736
38332
5737
5738
26935
5741
5742
38334
5743
5744
26938
5747
5748
38336
5749
5750
26941
5753
5754
38338
5755
5756
26944
5759
5760
38340
5761
5762
26947
5765
5766
38342
5767
5768
26950
5771
5772
38344
5773
5774
26953
5777
5778
38346
5779
5780
26956
5783
5784
38348
5785
5786
26959
5789
5790
5791
5792
38350
5793
5794
26963
5797
5798
38352
5799
5800
26966
5803
5804
38354
5805
5806
26969
5809
5810
38356
5811
5812
26972
5815
5816
38358
5817
5818
26975
5821
5822
38360
5823
5824
26978
5827
5828
38362
5829
5830
26981
5833
5834
38364
5835
5836
26984
5839
5840
38366
5841
5842
26987
5845
5846
38368
5847
5848
26990
5851
5852
5853
5854
38370
5855
5856
26994
5859
5860
38372
5861
5862
26997
5865
5866
38374
5867
5868
27000
5871
5872
38376
5873
5874
27003
5877
5878
38378
5879
5880
27006
5883
5884
38380
5885
5886
27009
5889
5890
38382
5891
5892
27012
5895
5896
38384
5897
5898
27015
5901
5902
38386
5903
5904
27018
5907
5908
38388
5909
5910
27021
5913
5914
5915
5916
38390
5917
5918
27025
5921
5922
38392
5923
5924
27028
5927
5928
38394
5929
5930
27031
5933
5934
38396
5935
5936
5939
5940
38398
5941
5942
5945
5946
38400
5947
5948
27040
5951
5952
38402
5953
5954
27043
5957
5958
38404
5959
5960
27046
5963
5964
38406
5965
5966
27049
5969
5970
38408
5971
5972
27052
5975
5976
38410
5977
5978
27055
5981
5982
38412
5983
5984
27058
5987
5988
38414
5989
5990
27061
5993
5994
38416
5995
5996
5999
6000
38418
6001
6002
6005
6006
38420
6007
6008
27070
6011
6012
38422
6013
6014
27073
6017
6018
38424
6019
6020
27076
6023
6024
38426
6025
6026
27079
6029
6030
38428
6031
6032
27082
6035
6036
38430
6037
6038
27085
6041
6042
38432
6043
6044
27088
6047
6048
38434
6049
6050
27091
6053
6054
38436
6055
6056
6059
6060
38438
6061
6062
6065
6066
38440
6067
6068
27100
6071
6072
38442
6073
6074
27103
6077
6078
38444
6079
6080
27106
6083
6084
38446
6085
6086
27109
6089
6090
38448
6091
6092
27112
6095
6096
38450
6097
6098
27115
6101
6102
38452
6103
6104
27118
6107
6108
38454
6109
6110
27121
6113
6114
38456
6115
6116
6119
6120
38458
6121
6122
6125
6126
38460
6127
6128
27130
6131
6132
38462
6133
6134
27133
6137
6138
38464
6139
6140
27136
6143
6144
38466
6145
6146
27139
6149
6150
38468
6151
6152
27142
6155
6156
38470
6157
6158
27145
6161
6162
38472
6163
6164
27148
6167
6168
38474
6169
6170
27151
6173
6174
38476
6175
6176
6179
6180
38478
6181
6182
6185
6186
38480
6187
6188
27160
6191
6192
38482
6193
6194
27163
6197
6198
38484
6199
6200
27166
6203
6204
38486
6205
6206
27169
6209
6210
38488
6211
6212
27172
6215
6216
38490
6217
6218
27175
6221
6222
38492
6223
6224
27178
6227
6228
38494
6229
6230
27181
6233
6234
38496
6235
6236
6239
6240
38498
6241
6242
6245
6246
38500
6247
6248
27190
6251
6252
38502
6253
6254
27193
6257
6258
38504
6259
6260
27196
6263
6264
38506
6265
6266
27199
6269
6270
38508
6271
6272
27202
6275
6276
38510
6277
6278
27205
6281
6282
38512
6283
6284
27208
6287
6288
38514
6289
6290
27211
6293
6294
38516
6295
6296
6299
6300
38518
6301
6302
6305
6306
38520
6307
6308
27220
6311
6312
38522
6313
6314
27223
6317
6318
38524
6319
6320
27226
6323
6324
38526
6325
6326
27229
6329
6330
38528
6331
6332
27232
6335
6336
38530
6337
6338
27235
6341
6342
38532
6343
6344
27238
6347
6348
38534
6349
6350
27241
6353
6354
38536
6355
6356
6359
6360
38538
6361
6362
27247
6365
6366
38540
6367
6368
27250
6371
6372
38542
6373
6374
27253
6377
6378
38544
6379
6380
27256
6383
6384
38546
6385
6386
27259
6389
6390
38548
6391
6392
27262
6395
6396
38550
6397
6398
27265
6401
6402
38552
6403
6404
27268
6407
6408
38554
6409
6410
6413
6414
38556
6415
6416
6419
6420
38558
6421
6422
6425
6426
38560
6427
6428
6431
6432
38562
6433
6434
6437
6438
38564
6439
6440
6443
6444
38566
6445
6446
6449
6450
38568
6451
6452
6455
6456
38570
6457
6458
6461
6462
38572
6463
6464
27298
6467
6468
38574
6469
6470
27301
6473
6474
38576
6475
6476
27304
6479
6480
38578
6481
6482
27307
6485
6486
38580
6487
6488
27310
6491
6492
38582
6493
6494
27313
6497
6498
38584
6499
6500
27316
6503
6504
38586
6505
6506
27319
6509
6510
38588
6511
6512
6515
6516
38590
6517
6518
6521
6522
38592
6523
6524
6527
6528
38594
6529
6530
6533
6534
38596
6535
6536
6539
6540
38598
6541
6542
6545
6546
38600
6547
6548
6551
6552
38602
6553
6554
6557
6558
38604
6559
6560
6563
6564
38606
6565
6566
27349
6569
6570
38608
6571
6572
27352
6575
6576
38610
6577
6578
27355
6581
6582
38612
6583
6584
27358
6587
6588
38614
6589
6590
27361
6593
6594
38616
6595
6596
27364
6599
6600
38618
6601
6602
27367
6605
6606
38620
6607
6608
27370
6611
6612
38622
6613
6614
6617
6618
38624
6619
6620
6623
6624
38626
6625
6626
6629
6630
38628
6631
6632
6635
6636
38630
6637
6638
6641
6642
38632
6643
6644
6647
6648
38634
6649
6650
6653
6654
38636
6655
6656
6659
6660
38638
6661
6662
6665
6666
38640
6667
6668
27400
6671
6672
38642
6673
6674
27403
6677
6678
38644
6679
6680
27406
6683
6684
38646
6685
6686
27409
6689
6690
38648
6691
6692
27412
6695
6696
38650
6697
6698
27415
6701
6702
38652
6703
6704
27418
6707
6708
38654
6709
6710
27421
6713
6714
38656
6715
6716
6719
6720
38658
6721
6722
6725
6726
38660
6727
6728
6731
6732
38662
6733
6734
6737
6738
38664
6739
6740
6743
6744
38666
6745
6746
6749
6750
38668
6751
6752
6755
6756
38670
6757
6758
6761
6762
38672
6763
6764
6767
6768
38674
6769
6770
27451
6773
6774
38676
6775
6776
27454
6779
6780
38678
6781
6782
27457
6785
6786
38680
6787
6788
27460
6791
6792
38682
6793
6794
27463
6797
6798
38684
6799
6800
27466
6803
6804
38686
6805
6806
27469
6809
6810
38688
6811
6812
27472
6815
6816
38690
6817
6818
6821
6822
38692
6823
6824
6827
6828
38694
6829
6830
6833
6834
38696
6835
6836
38698
38700
38702
38704
38706
38708
38710
38712
38714
38716
38718
38720
38722
38724
38726
38728
38730
6839
6840
38732
6841
6842
38734
38736
38738
6845
6846
38740
6847
6848
38742
38744
38746
38748
38750
6851
6852
38752
6853
6854
38754
6857
6858
38756
6859
6860
38758
6863
6864
38760
6865
6866
38762
6869
6870
38764
6871
6872
27502
6875
6876
38766
6877
6878
27505
6881
6882
38768
6883
6884
27508
6887
6888
38770
6889
6890
27511
6893
6894
38772
6895
6896
27514
6899
6900
38774
6901
6902
27517
6905
6906
38776
6907
6908
27520
6911
6912
38778
6913
6914
27523
6917
6918
38780
6919
6920
38782
6923
6924
38784
6925
6926
38786
6929
6930
38788
6931
6932
38790
6935
6936
38792
6937
6938
38794
6941
6942
38796
6943
6944
38798
6947
6948
38800
6949
6950
38802
6953
6954
38804
6955
6956
38806
6959
6960
38808
6961
6962
38810
6965
6966
38812
6967
6968
38814
6971
6972
38816
6973
6974
27553
6977
6978
38818
6979
6980
27556
6983
6984
38820
6985
6986
27559
6989
6990
38822
6991
6992
27562
6995
6996
38824
6997
6998
27565
7001
7002
38826
7003
7004
27568
7007
7008
38828
7009
7010
27571
7013
7014
38830
7015
7016
27574
7019
7020
38832
7021
7022
38834
7025
7026
38836
7027
7028
7031
7032
7033
7034
38838
7035
7036
7039
7040
38840
7041
7042
7045
7046
38842
7047
7048
38844
7051
7052
38846
7053
7054
7057
7058
38848
7059
7060
7063
7064
38850
7065
7066
7069
7070
38852
7071
7072
38854
7075
7076
38856
7077
7078
27605
7081
7082
38858
7083
7084
27608
7087
7088
38860
7089
7090
27611
7093
7094
38862
7095
7096
27614
7099
7100
38864
7101
7102
27617
7105
7106
38866
7107
7108
27620
7111
7112
38868
7113
7114
27623
7117
7118
38870
7119
7120
27626
7123
7124
38872
7125
7126
7129
7130
38874
7131
7132
7135
7136
38876
7137
7138
7141
7142
38878
7143
7144
7147
7148
38880
7149
7150
7153
7154
38882
7155
7156
7159
7160
38884
7161
7162
7165
7166
38886
7167
7168
38888
7171
7172
38890
7173
7174
7177
7178
38892
7179
7180
7183
7184
7185
7186
38894
7187
7188
7191
7192
38896
7193
7194
38898
7197
7198
38900
7199
7200
7203
7204
38902
7205
7206
7209
7210
38904
7211
7212
7215
7216
38906
7217
7218
38908
7221
7222
38910
7223
7224
7227
7228
38912
7229
7230
7233
7234
38914
7235
7236
7239
7240
7241
7242
38916
7243
7244
38918
7247
7248
38920
7249
7250
7253
7254
38922
7255
7256
7259
7260
38924
7261
7262
7265
7266
38926
7267
7268
38928
7271
7272
38930
7273
7274
7277
7278
38932
7279
7280
7283
7284
38934
7285
7286
7289
7290
38936
7291
7292
7295
7296
38938
7297
7298
38940
7299
7300
7303
7304
38942
7305
7306
7309
7310
38944
7311
7312
7315
7316
38946
7317
7318
38948
7321
7322
38950
7323
7324
7327
7328
38952
7329
7330
7333
7334
38954
7335
7336
7339
7340
38956
7341
7342
7345
7346
38958
7347
7348
38960
7351
7352
7353
7354
38962
7355
7356
7359
7360
38964
7361
7362
7365
7366
38966
7367
7368
7371
7372
38968
7373
7374
7377
7378
38970
7379
7380
7383
7384
38972
7385
7386
7389
7390
38974
7391
7392
38976
7395
7396
38978
7397
7398
7401
7402
38980
7403
7404
38982
7407
7408
7409
7410
38984
7411
7412
7415
7416
38986
7417
7418
7421
7422
38988
7423
7424
7427
7428
38990
7429
7430
7433
7434
38992
7435
7436
7439
7440
38994
7441
7442
38996
7445
7446
38998
7447
7448
7451
7452
39000
7453
7454
7457
7458
39002
7459
7460
39004
7463
7464
7465
7466
39006
7467
7468
7471
7472
39008
7473
7474
7477
7478
39010
7479
7480
7483
7484
39012
7485
7486
7489
7490
39014
7491
7492
39016
7495
7496
39018
7497
7498
7501
7502
39020
7503
7504
7507
7508
39022
7509
7510
7513
7514
39024
7515
7516
39026
39028
39030
39032
7519
7520
39034
7521
7522
39036
7523
7524
7527
7528
39038
7529
7530
39040
39042
39044
7533
7534
39046
7537
7538
39048
7541
7542
39050
7545
7546
39052
7549
7550
39054
7553
7554
39056
7557
7558
39058
7561
7562
39060
7565
7566
39062
7569
7570
39064
7573
7574
39066
7577
7578
39068
7581
7582
39070
7585
7586
39072
7589
7590
39074
7593
7594
39076
7597
7598
39078
7601
7602
39080
7605
7606
39082
7609
7610
39084
7613
7614
39086
7617
7618
39088
7621
7622
39090
7625
7626
39092
7629
7630
39094
7633
7634
39096
7637
7638
39098
7641
7642
39100
7645
7646
39102
7649
7650
39104
7653
7654
39106
7657
7658
39108
7661
7662
39110
7665
7666
39112
7669
7670
7673
7674
7677
7678
39114
7681
7682
39116
7685
7686
39118
7689
7690
39120
7693
7694
39122
7697
7698
39124
7701
7702
39126
7705
7706
39128
7709
7710
39130
7713
7714
39132
7717
7718
39134
7721
7722
39136
7725
7726
39138
7729
7730
39140
7733
7734
39142
7737
7738
39144
7741
7742
39146
7745
7746
39148
7749
7750
39150
7753
7754
39152
7757
7758
39154
7761
7762
39156
7765
7766
39158
7769
7770
39160
7773
7774
39162
7777
7778
39164
7781
7782
39166
7785
7786
39168
7789
7790
39170
7793
7794
39172
7797
7798
39174
7801
7802
39176
7805
7806
39178
7809
7810
39180
7813
7814
39182
7817
7818
39184
7821
7822
39186
7825
7826
39188
7829
7830
39190
7833
7834
39192
7837
7838
39194
7841
7842
39196
7845
7846
39198
7849
7850
39200
7853
7854
39202
7857
7858
39204
7861
7862
39206
7865
7866
39208
7869
7870
39210
7873
7874
39212
7877
7878
39214
7881
7882
39216
7885
7886
39218
7889
7890
39220
7893
7894
39222
7897
38751
7898
39224
7901
38755
7902
39226
7905
39228
38759
7906
39230
7909
39232
38763
7910
39234
7913
39236
38783
7914
39238
7917
39240
38787
7918
39242
7921
39244
38791
7922
39246
7925
39248
38795
7926
39250
7929
39252
38799
7930
39254
7933
39256
38803
7934
39258
7937
39260
38807
7938
39262
7941
39264
38811
7942
39266
7945
39268
38815
7946
39270
7949
7950
39272
7953
7954
39274
39276
39278
39280
39282
39284
39286
39288
39290
7957
7958
39292
7959
7960
39294
7963
7964
39296
7967
7968
39298
7971
7972
39300
7975
7976
39302
7979
7980
39304
7983
7984
39306
7987
7988
39308
7991
7992
39310
7995
7996
39312
7999
8000
39314
8003
8004
39316
8007
8008
39318
8011
8012
39320
8015
8016
39322
8019
8020
39324
8023
8024
39326
8027
8028
39328
8029
8030
39330
8033
8034
39332
8037
8038
39334
8041
8042
39336
8045
8046
39338
8049
8050
39340
8053
8054
39342
8057
8058
39344
8061
8062
39346
8065
8066
39348
8067
8068
39350
8071
8072
39352
8075
8076
39354
8079
8080
39356
8083
8084
39358
8087
8088
39360
8091
8092
39362
8095
8096
39364
8099
8100
39366
8103
8104
39368
8105
8106
39370
8109
8110
39372
8113
8114
39374
8117
8118
39376
8121
8122
39378
8125
8126
39380
8129
8130
39382
8133
8134
39384
8137
8138
39386
8141
8142
39388
8143
8144
39390
8147
8148
39392
8151
8152
39394
8155
8156
39396
8159
8160
39398
8163
8164
39400
8167
8168
39402
8171
8172
39404
8175
8176
39406
8179
8180
39408
8181
8182
39410
8185
8186
39412
8189
8190
39414
8193
8194
39416
8197
8198
39418
8201
8202
39420
8205
8206
39422
8209
8210
39424
8213
8214
39426
8217
8218
39428
8219
8220
39430
8223
8224
39432
8227
8228
39434
8231
8232
39436
8235
8236
39438
8239
39033
8240
39440
8243
39031
8244
39442
8247
39029
8248
39444
8251
39027
8252
39446
8255
8256
39448
8257
8258
39450
8261
8262
39452
39454
39456
8265
8266
39458
8269
8270
39460
8273
8274
39462
8277
8278
39464
8281
8282
39466
8285
8286
39468
8289
8290
39470
8293
8294
39472
8297
8298
39474
8301
8302
39476
8305
8306
39478
8309
8310
39480
8313
8314
39482
8317
8318
39484
8321
8322
39486
8325
8326
39488
8329
8330
39490
8333
8334
39492
8337
8338
39494
8341
8342
39496
8345
8346
39498
8349
8350
39500
8353
8354
39502
8357
8358
39504
8361
8362
39506
8365
8366
39508
8369
8370
39510
8373
8374
39512
8377
8378
39514
8381
8382
39516
8385
8386
39518
8389
8390
39520
8393
8394
39522
8397
8398
39524
8401
8402
8405
8406
8409
8410
39526
8413
8414
39528
8417
8418
39530
8421
8422
39532
8425
8426
39534
8429
8430
39536
8433
8434
39538
8437
8438
39540
8441
8442
39542
8445
8446
39544
8449
8450
39546
8453
8454
39548
8457
8458
39550
8461
8462
39552
8465
8466
39554
8469
8470
39556
8473
8474
39558
8477
8478
39560
8481
8482
39562
8485
8486
39564
8489
8490
39566
8493
8494
39568
8497
8498
39570
8501
8502
39572
8505
8506
39574
8509
8510
39576
8513
8514
39578
8517
8518
39580
8521
8522
39582
8525
8526
39584
8529
8530
39586
8533
8534
39588
8537
8538
39590
8541
8542
39592
8545
8546
39594
8549
8550
39596
8553
8554
39598
8557
8558
39600
8561
8562
39602
8565
8566
39604
8569
8570
39606
8573
8574
39608
8577
8578
39610
8581
8582
39612
8585
8586
39614
8589
8590
39616
8593
8594
39618
8597
8598
39620
8601
8602
39622
8605
8606
39624
8609
39291
8610
39626
8613
39628
39289
8614
39630
8617
39287
8618
39632
8621
39285
8622
39634
8625
39283
8626
39636
8629
39638
39281
8630
39640
8633
39642
39229
8634
39644
8637
39646
39233
8638
39648
8641
39650
39237
8642
39652
8645
39654
39241
8646
39656
8649
39658
39245
8650
39660
8653
39662
39249
8654
39664
8657
39666
39253
8658
39668
8661
39670
39257
8662
39672
8665
39674
39261
8666
39676
8669
39678
39265
8670
39680
8673
39682
39269
8674
39684
8677
39686
39279
8678
39688
8681
39690
39277
8682
39692
8685
39694
39275
8686
39696
39698
39700
39702
8689
8690
39704
8691
8692
39706
8695
8696
39708
8699
8700
39710
8703
8704
39712
8707
8708
39714
8711
8712
39716
8715
8716
39718
8719
8720
39720
8723
8724
39722
8727
8728
39724
8731
8732
39726
8735
8736
39728
8739
8740
39730
8743
8744
39732
8747
8748
39734
8751
8752
39736
8755
8756
39738
8759
8760
39740
8761
8762
39742
8765
8766
39744
8769
8770
39746
8773
8774
39748
8777
8778
39750
8781
8782
39752
8785
8786
39754
8789
8790
39756
8793
8794
39758
8797
8798
39760
8799
8800
39762
8803
8804
39764
8807
8808
39766
8811
8812
39768
8815
8816
39770
8819
8820
39772
8823
8824
39774
8827
8828
39776
8831
8832
39778
8835
8836
39780
8837
8838
39782
8841
8842
39784
8845
8846
39786
8849
8850
39788
8853
8854
39790
8857
8858
39792
8861
8862
39794
8865
8866
39796
8869
8870
39798
8873
8874
39800
8875
8876
39802
8879
8880
39804
8883
8884
39806
8887
8888
39808
8891
8892
39810
8895
8896
39812
8899
8900
39814
8903
8904
39816
8907
8908
39818
8911
8912
39820
8913
8914
39822
8917
8918
39824
8921
8922
39826
8925
8926
39828
8929
8930
39830
8933
8934
39832
8937
8938
39834
8941
8942
39836
8945
8946
39838
8949
8950
39840
8951
8952
39842
8955
8956
39844
8959
8960
39846
8963
8964
39848
8967
8968
39850
8971
8972
39852
8975
8976
39854
8979
8980
39856
8983
8984
39858
8987
8988
39860
8989
8990
39862
8993
8994
39864
39866
39868
39870
39872
39874
39876
39878
39880
39882
39884
39886
39888
39890
39892
39894
39896
39898
39900
39902
39904
39906
39908
39910
39912
39914
39916
39918
39920
39922
39924
39926
39928
39930
39932
39934
8997
8998
39936
39938
39940
8999
9000
9003
9004
9005
9006
9009
9010
9011
9012
9015
9016
39942
9017
9018
9021
9022
39944
9023
9024
9027
9028
39946
9029
9030
9033
9034
39948
9035
9036
9039
9040
39950
9041
9042
9045
9046
39952
9047
9048
39954
9051
9052
39956
9055
9056
39958
9059
9060
39960
9063
9064
39962
9067
9068
39964
9071
9072
39966
9075
9076
39968
9079
9080
39970
9083
9084
39972
9087
9088
39974
9091
9092
39976
9095
9096
39978
9099
9100
39980
9103
9104
39982
9107
9108
39984
9111
9112
39986
39988
39990
39992
39994
39996
39998
40000
40002
40004
40006
40008
40010
40012
40014
40016
40018
40020
40022
40024
40026
9115
9116
40028
40030
40032
9117
9118
9121
9122
9123
9124
9127
9128
9129
9130
9133
9134
40034
9135
9136
9139
9140
40036
9141
9142
9145
9146
40038
9147
9148
9151
9152
40040
9153
9154
9157
9158
40042
9159
9160
9163
9164
40044
9165
9166
40046
9169
9170
40048
9173
9174
40050
9177
9178
40052
9181
9182
40054
9185
9186
40056
9189
9190
40058
9193
9194
40060
9197
9198
40062
9201
9202
40064
9205
9206
40066
9209
9210
40068
9213
9214
40070
9217
9218
40072
9221
9222
40074
9225
9226
40076
9229
9230
40078
40080
40082
40084
40086
40088
40090
40092
40094
40096
40098
40100
40102
40104
40106
40108
40110
40112
9233
9234
40114
40116
40118
9235
9236
9239
9240
9241
9242
9245
9246
9247
9248
9251
9252
40120
9253
9254
9257
9258
40122
9259
9260
9263
9264
40124
9265
9266
9269
9270
40126
9271
9272
9275
9276
40128
9277
9278
9281
9282
40130
9283
9284
40132
9287
9288
40134
9291
9292
40136
9295
9296
40138
9299
9300
40140
9303
9304
40142
9307
9308
40144
9311
9312
40146
9315
9316
40148
9319
9320
40150
9323
9324
40152
9327
9328
40154
9331
9332
40156
9335
9336
40158
9339
9340
40160
9343
9344
40162
9347
9348
40164
40166
40168
40170
40172
40174
40176
40178
40180
40182
40184
40186
40188
40190
40192
40194
40196
40198
40200
40202
40204
40206
40208
40210
40212
40214
40216
40218
40220
40222
40224
40226
40228
40230
40232
40234
40236
40238
40240
40242
40244
40246
40248
40250
40252
40254
40256
40258
40260
40262
9351
9352
40264
40266
40268
9353
9354
9357
9358
9359
9360
9363
9364
9365
9366
9369
9370
40270
9371
9372
9375
9376
40272
9377
9378
9381
9382
40274
9383
9384
9387
9388
40276
9389
9390
9393
9394
40278
9395
9396
9399
9400
40280
9401
9402
40282
9405
9406
40284
9409
9410
40286
9413
9414
40288
9417
9418
40290
9421
9422
40292
9425
9426
40294
9429
9430
40296
9433
9434
40298
9437
9438
40300
9441
9442
40302
9445
9446
40304
9449
9450
40306
9453
9454
40308
9457
9458
40310
9461
9462
40312
9465
9466
40314
40316
40318
40320
40322
40324
40326
40328
40330
9469
9470
40332
40334
40336
9471
9472
9475
9476
9477
9478
9481
9482
9483
9484
9487
9488
40338
9489
9490
9493
9494
40340
9495
9496
9499
9500
40342
9501
9502
9505
9506
40344
9507
9508
9511
9512
40346
9513
9514
9517
9518
40348
9519
9520
40350
9523
9524
40352
9527
9528
40354
9531
9532
40356
9535
9536
40358
9539
9540
40360
9543
9544
40362
9547
9548
40364
9551
9552
40366
9555
9556
40368
9559
9560
40370
9563
9564
40372
9567
9568
40374
9571
9572
40376
9575
9576
40378
9579
9580
40380
9583
9584
40382
40384
40386
40388
40390
40392
40394
40396
40398
40400
40402
9587
9588
40404
40406
40408
9589
9590
9593
9594
9595
9596
9599
9600
9601
9602
9605
9606
40410
9607
9608
9611
9612
40412
9613
9614
9617
9618
40414
9619
9620
9623
9624
40416
9625
9626
9629
9630
40418
9631
9632
9635
9636
40420
9637
9638
40422
9641
9642
40424
9645
9646
40426
9649
9650
40428
9653
9654
40430
9657
9658
40432
9661
9662
40434
9665
9666
40436
9669
9670
40438
9673
9674
40440
9677
9678
40442
9681
9682
40444
9685
9686
40446
9689
9690
40448
9693
9694
40450
9697
9698
40452
9701
9702
40454
40456
40458
40460
40462
40464
40466
40468
40470
9705
9706
40472
40474
40476
9707
9708
9711
9712
9713
9714
9717
9718
9719
9720
9723
9724
40478
9725
9726
9729
9730
40480
9731
9732
9735
9736
40482
9737
9738
9741
9742
40484
9743
9744
9747
9748
40486
9749
9750
9753
9754
40488
9755
9756
40490
9759
9760
40492
9763
9764
40494
9767
9768
40496
9771
9772
40498
9775
9776
40500
9779
9780
40502
9783
9784
40504
9787
9788
40506
9791
9792
40508
9795
9796
40510
9799
9800
40512
9803
9804
40514
9807
9808
40516
9811
9812
40518
9815
9816
40520
9819
9820
9823
9824
40522
40524
40526
9825
9826
40528
9829
9830
40530
9833
9834
40532
9837
9838
40534
9841
9842
40536
9845
9846
40538
9849
9850
40540
9853
9854
40542
9857
9858
40544
9861
9862
40546
9865
9866
40548
9869
9870
40550
9873
9874
40552
9877
9878
40554
9881
9882
40556
9885
9886
40558
9889
9890
40560
9893
9894
40562
9897
9898
40564
9901
9902
40566
9905
9906
40568
9909
9910
40570
9913
9914
40572
9917
9918
40574
9921
9922
40576
9925
9926
40578
9929
9930
40580
9933
9934
40582
9937
9938
40584
9941
9942
40586
9945
9946
40588
9949
9950
40590
9953
9954
40592
9957
9958
40594
9961
9962
9965
9966
9969
9970
40596
9973
9974
40598
9977
9978
40600
9981
9982
40602
9985
9986
40604
9989
9990
40606
9993
9994
40608
9997
9998
40610
10001
10002
40612
10005
10006
40614
10009
10010
40616
10013
10014
40618
10017
10018
40620
10021
10022
40622
10025
10026
40624
10029
10030
40626
10033
10034
40628
10037
10038
40630
10041
10042
40632
10045
10046
40634
10049
40403
10050
40636
10053
40401
10054
40638
10057
40399
10058
40640
10061
40331
10062
40642
10065
40263
10066
40644
10069
40261
10070
40646
10073
40259
10074
40648
10077
40257
10078
40650
10081
40255
10082
40652
10085
40253
10086
40654
10089
40251
10090
40656
10093
40249
10094
40658
10097
40247
10098
40660
10101
40245
10102
40662
10105
40243
10106
40664
10109
40241
10110
40666
10113
40239
10114
40668
10117
40237
10118
40670
10121
40235
10122
40672
10125
40233
10126
40674
10129
40231
10130
40676
10133
40229
10134
40678
10137
40227
10138
40680
10141
40225
10142
40682
10145
40223
10146
40684
10149
40221
10150
40686
10153
40219
10154
40688
10157
40217
10158
40690
10161
40215
10162
40692
10165
40213
10166
40694
10169
40211
10170
40696
10173
39703
10174
40698
10177
39701
10178
40700
10181
39699
10182
40702
10185
39639
10186
40704
10189
39643
10190
40706
10193
39647
10194
40708
10197
39651
10198
40710
10201
39655
10202
40712
10205
39659
10206
40714
10209
39663
10210
40716
10213
39667
10214
40718
10217
39671
10218
40720
10221
39675
10222
40722
10225
40724
39679
10226
40726
10229
40728
39683
10230
40730
10233
40732
39687
10234
40734
10237
40736
39691
10238
40738
10241
40740
39695
10242
40742
10245
40744
39697
10246
40746
40748
40750
40752
10249
10250
40754
10251
40756
40209
10252
40758
10255
40207
10256
40760
10259
40205
10260
40762
10263
40203
10264
40764
10267
40766
40201
10268
40768
10271
40770
40199
10272
40772
10275
40774
40197
10276
40776
10279
40778
40195
10280
40780
10283
40782
40193
10284
40784
10287
40786
40191
10288
40788
10291
40790
40189
10292
40792
10295
40794
40187
10296
40796
10299
40798
40185
10300
40800
10303
40802
40183
10304
40804
10307
40806
40181
10308
40808
10311
40810
40113
10312
40812
10315
40814
40111
10316
40816
40818
40820
40822
10319
10320
40824
10321
40826
40109
10322
40828
10325
40107
10326
40830
10329
40105
10330
40832
10333
40103
10334
40834
10337
40836
40101
10338
40838
10341
40840
40099
10342
40842
10345
40844
40097
10346
40846
10349
40848
40095
10350
40850
10353
40852
40027
10354
40854
40856
40858
40860
10357
10358
40862
10359
40864
40025
10360
40866
10363
40023
10364
40868
10367
40021
10368
40870
10371
40019
10372
40872
10375
40874
40017
10376
40876
10379
40878
40015
10380
40880
10383
40882
40013
10384
40884
10387
40886
40011
10388
40888
10391
40890
40009
10392
40892
40894
40896
40898
10395
10396
40900
10397
40902
40007
10398
40904
10401
40005
10402
40906
10405
40003
10406
40908
10409
39935
10410
40910
10413
40912
39933
10414
40914
10417
40916
39931
10418
40918
10421
40920
39929
10422
40922
10425
40924
39927
10426
40926
10429
40928
39925
10430
40930
40932
40934
40936
10433
10434
40938
10435
40940
39923
10436
40942
10439
39921
10440
40944
10443
39919
10444
40946
10447
39917
10448
40948
10451
40950
39915
10452
40952
10455
40954
39913
10456
40956
10459
40958
39911
10460
40960
10463
40962
39909
10464
40964
10467
40966
39907
10468
40968
40970
40972
40974
10471
10472
40976
10473
40978
39905
10474
40980
10477
39903
10478
40982
10481
39901
10482
40984
10485
39899
10486
40986
10489
40988
39897
10490
40990
10493
40992
39895
10494
40994
10497
40996
39893
10498
40998
10501
41000
39891
10502
41002
10505
41004
39889
10506
41006
41008
41010
41012
10509
10510
41014
10511
41016
39887
10512
41018
10515
39885
10516
41020
10519
39883
10520
41022
10523
39881
10524
41024
10527
41026
39879
10528
41028
10531
41030
39877
10532
41032
10535
41034
39875
10536
41036
10539
41038
39873
10540
41040
10543
41042
39871
10544
41044
41046
41048
41050
10547
10548
41052
10549
41054
39869
10550
41056
10553
39867
10554
41058
41060
41062
10557
10558
10561
40001
10562
10565
39999
10566
41064
10569
41066
39997
10570
41068
10573
41070
39995
10574
41072
10577
41074
39993
10578
41076
10581
41078
39991
10582
41080
10585
41082
39989
10586
41084
10589
41086
39987
10590
41088
41090
41092
10593
10594
10597
41094
40093
10598
10601
41096
40091
10602
41098
10605
41100
40089
10606
41102
10609
41104
40087
10610
41106
10613
41108
40085
10614
41110
10617
41112
40083
10618
41114
10621
41116
40081
10622
41118
10625
41120
40079
10626
41122
41124
41126
10629
10630
10633
41128
40179
10634
10637
41130
40177
10638
41132
10641
41134
40175
10642
41136
10645
41138
40173
10646
41140
10649
41142
40171
10650
41144
10653
41146
40169
10654
41148
10657
41150
40167
10658
41152
10661
41154
40165
10662
41156
41158
41160
10665
10666
10669
41162
40329
10670
10673
41164
40327
10674
41166
10677
41168
40325
10678
41170
10681
41172
40323
10682
41174
10685
41176
40321
10686
41178
10689
41180
40319
10690
41182
10693
41184
40317
10694
41186
10697
41188
40315
10698
41190
41192
41194
10701
10702
10705
41196
40397
10706
10709
41198
40395
10710
41200
10713
41202
40393
10714
41204
10717
41206
40391
10718
41208
10721
41210
40389
10722
41212
10725
41214
40387
10726
41216
10729
41218
40385
10730
41220
10733
41222
40383
10734
41224
41226
41228
10737
10738
10741
41230
40469
10742
10745
41232
40467
10746
41234
10749
41236
40465
10750
41238
10753
41240
40463
10754
41242
10757
41244
40461
10758
41246
10761
41248
40459
10762
41250
10765
41252
40457
10766
41254
10769
41256
40455
10770
41258
41260
41262
10773
10774
10777
10778
10781
10782
41264
10785
10786
41266
10789
10790
41268
10793
10794
41270
10797
10798
41272
10801
10802
41274
10805
10806
41276
41278
41280
10809
10810
41282
10813
10814
41284
10817
10818
41286
10821
10822
41288
10825
10826
41290
10829
10830
41292
10833
10834
41294
10837
10838
41296
10841
10842
41298
10845
10846
41300
10849
10850
41302
10853
10854
41304
10857
10858
41306
10861
10862
41308
10865
10866
41310
10869
10870
41312
10873
10874
41314
10877
10878
41316
10881
10882
41318
10885
10886
41320
10889
10890
41322
10893
10894
41324
10897
10898
41326
10901
10902
41328
10905
10906
41330
10909
10910
41332
10913
10914
41334
10917
10918
41336
10921
10922
41338
10925
10926
41340
10929
10930
10933
10934
10937
10938
41342
10941
10942
41344
10945
10946
41346
10949
10950
41348
10953
10954
41350
10957
10958
41352
10961
10962
41354
10965
10966
41356
10969
10970
41358
10973
10974
41360
10977
10978
41362
10981
10982
41364
10985
10986
41366
10989
10990
41368
10993
10994
41370
10997
10998
41372
11001
11002
41374
11005
11006
41376
11009
11010
41378
11013
11014
41380
11017
11018
41382
11021
11022
41384
11025
11026
41386
11029
11030
41388
11033
11034
41390
11037
11038
41392
11041
11042
41394
11045
11046
41396
11049
11050
41398
11053
11054
41400
11057
11058
41402
11061
11062
41404
11065
11066
41406
11069
11070
41408
11073
11074
41410
11077
11078
41412
11081
11082
41414
11085
11086
41416
11089
11090
41418
11093
11094
41420
11097
11098
41422
11101
11102
41424
11105
11106
41426
11109
11110
41428
11113
11114
41430
11117
11118
41432
11121
11122
41434
11125
11126
41436
11129
11130
41438
11133
11134
41440
11137
11138
41442
11141
11142
41444
11145
11146
41446
11149
11150
41448
11153
11154
41450
11157
11158
41452
11161
11162
41454
11165
11166
41456
11169
11170
41458
11173
11174
41460
11177
41462
40753
11178
41464
11181
41466
40751
11182
41468
11185
41470
40749
11186
41472
11189
41474
40725
11190
41476
11193
41478
40729
11194
41480
11197
41482
40733
11198
41484
11201
41486
40737
11202
41488
11205
41490
40741
11206
41492
11209
41494
40745
11210
41496
11213
41498
40747
11214
41500
41502
41504
41506
11217
11218
41508
11219
41510
40823
11220
41512
11223
40821
11224
41514
11227
40819
11228
41516
11231
40767
11232
41518
11235
41520
40771
11236
41522
11239
41524
40775
11240
41526
11243
41528
40779
11244
41530
11247
41532
40783
11248
41534
11251
41536
40787
11252
41538
11255
41540
40791
11256
41542
11259
41544
40795
11260
41546
11263
41548
40799
11264
41550
11267
41552
40803
11268
41554
11271
41556
40807
11272
41558
11275
41560
40811
11276
41562
11279
41564
40815
11280
41566
11283
41568
40817
11284
41570
41572
41574
41576
11287
11288
41578
11289
41580
40861
11290
41582
11293
40859
11294
41584
11297
40857
11298
41586
11301
40837
11302
41588
11305
41590
40841
11306
41592
11309
41594
40845
11310
41596
11313
41598
40849
11314
41600
11317
41602
40853
11318
41604
11321
41606
40855
11322
41608
41610
41612
41614
11325
11326
41616
11327
41618
40899
11328
41620
11331
40897
11332
41622
11335
40895
11336
41624
11339
40875
11340
41626
11343
41628
40879
11344
41630
11347
41632
40883
11348
41634
11351
41636
40887
11352
41638
11355
41640
40891
11356
41642
11359
41644
40893
11360
41646
41648
41650
41652
11363
11364
41654
11365
41656
40937
11366
41658
11369
40935
11370
41660
11373
40933
11374
41662
11377
40913
11378
41664
11381
41666
40917
11382
41668
11385
41670
40921
11386
41672
11389
41674
40925
11390
41676
11393
41678
40929
11394
41680
11397
41682
40931
11398
41684
41686
41688
41690
11401
11402
41692
11403
41694
40975
11404
41696
11407
40973
11408
41698
11411
40971
11412
41700
11415
40951
11416
41702
11419
41704
40955
11420
41706
11423
41708
40959
11424
41710
11427
41712
40963
11428
41714
11431
41716
40967
11432
41718
11435
41720
40969
11436
41722
41724
41726
41728
11439
11440
41730
11441
41732
41013
11442
41734
11445
41011
11446
41736
11449
41009
11450
41738
11453
40989
11454
41740
11457
41742
40993
11458
41744
11461
41746
40997
11462
41748
11465
41750
41001
11466
41752
11469
41754
41005
11470
41756
11473
41758
41007
11474
41760
41762
41764
41766
11477
11478
41768
11479
41770
41051
11480
41772
11483
41049
11484
41774
11487
41047
11488
41776
11491
41027
11492
41778
11495
41780
41031
11496
41782
11499
41784
41035
11500
41786
11503
41788
41039
11504
41790
11507
41792
41043
11508
41794
11511
41796
41045
11512
41798
41800
41802
41804
11515
11516
41806
11517
11518
41808
11521
11522
41810
41812
41814
11525
11526
11529
11530
11533
41816
41067
11534
41818
11537
41071
11538
41820
11541
41075
11542
41822
11545
41079
11546
41824
11549
41826
41083
11550
41828
11553
41830
41087
11554
41832
11557
41834
41095
11558
41836
41838
41840
11561
11562
11565
41842
41097
11566
11569
41844
41101
11570
41846
11573
41848
41105
11574
41850
11577
41852
41109
11578
41854
11581
41856
41113
11582
41858
11585
41860
41117
11586
41862
11589
41864
41121
11590
41866
11593
41868
41129
11594
41870
41872
41874
11597
11598
11601
41876
41131
11602
11605
41878
41135
11606
41880
11609
41882
41139
11610
41884
11613
41886
41143
11614
41888
11617
41890
41147
11618
41892
11621
41894
41151
11622
41896
11625
41898
41155
11626
41900
11629
41902
41163
11630
41904
41906
41908
11633
11634
11637
41910
41165
11638
11641
41912
41169
11642
41914
11645
41916
41173
11646
41918
11649
41920
41177
11650
41922
11653
41924
41181
11654
41926
11657
41928
41185
11658
41930
11661
41932
41189
11662
41934
11665
41936
41197
11666
41938
41940
41942
11669
11670
11673
41944
41199
11674
11677
41946
41203
11678
41948
11681
41950
41207
11682
41952
11685
41954
41211
11686
41956
11689
41958
41215
11690
41960
11693
41962
41219
11694
41964
11697
41966
41223
11698
41968
11701
41970
41231
11702
41972
41974
41976
11705
11706
11709
41978
41233
11710
11713
41980
41237
11714
41982
11717
41984
41241
11718
41986
11721
41988
41245
11722
41990
11725
41992
41249
11726
41994
11729
41996
41253
11730
41998
11733
42000
41257
11734
42002
11737
11738
42004
42006
42008
11741
11742
11745
11746
11749
11750
42010
11753
11754
42012
11757
11758
42014
11761
11762
42016
11765
11766
42018
11769
11770
42020
11773
11774
42022
42024
42026
11777
11778
42028
42030
42032
42034
42036
42038
42040
42042
42044
42046
42048
42050
42052
42054
42056
42058
42060
11781
11782
42062
11783
11784
42064
42066
42068
42070
42072
42074
42076
42078
42080
42082
42084
42086
42088
42090
42092
42094
42096
42098
42100
42102
42104
42106
42108
42110
42112
42114
42116
42118
42120
42122
42124
42126
42128
42130
42132
42134
42136
42138
42140
42142
42144
42146
42148
42150
42152
42154
42156
42158
42160
42162
42164
42166
11787
11788
42168
11789
11790
42170
42172
42174
42176
11793
11794
42178
11795
11796
42180
11799
11800
42182
11801
11802
42184
11805
11806
42186
11807
11808
42188
11811
11812
42190
11813
11814
42192
11817
11818
42194
11819
11820
42196
11823
11824
42198
11825
11826
42200
11829
11830
42202
11831
11832
42204
11835
11836
42206
11839
11840
42208
11843
11844
42210
11847
11848
42212
11851
11852
42214
11855
11856
42216
11859
11860
42218
11863
11864
42220
11867
11868
42222
11871
11872
42224
11875
11876
42226
11879
11880
42228
11883
11884
42230
11887
11888
42232
11891
11892
42234
11895
11896
42236
11899
11900
42238
11901
11902
11905
11906
42240
11907
11908
42242
11911
11912
42244
11913
11914
11917
11918
42246
11919
11920
42248
11923
11924
42250
11925
11926
11929
11930
42252
11931
11932
11935
11936
42254
11937
11938
42256
11941
11942
42258
11943
11944
11947
11948
42260
11949
11950
42262
11953
11954
42264
11957
11958
42266
11961
11962
42268
11965
11966
42270
11969
11970
42272
11973
11974
42274
11977
11978
42276
11981
11982
42278
11985
11986
42280
11989
11990
42282
11993
11994
42284
11997
11998
42286
12001
12002
42288
12005
12006
42290
12009
12010
42292
12013
12014
12017
12018
42294
12019
12020
42296
12023
12024
42298
12025
12026
42300
12029
12030
42302
12031
12032
12035
12036
42304
12037
12038
42306
12041
12042
42308
12043
12044
42310
12047
12048
42312
12049
12050
42314
12053
12054
42316
12055
12056
42318
12059
12060
42320
12061
12062
42322
12065
12066
42324
12067
12068
42326
12071
12072
42328
12075
12076
42330
12079
12080
42332
12083
12084
42334
12087
12088
42336
12091
12092
42338
12095
12096
42340
12099
12100
42342
12103
12104
42344
12107
12108
42346
12111
12112
42348
12115
12116
42350
12119
12120
42352
12123
12124
42354
12127
12128
42356
12131
12132
42358
12135
12136
42360
12137
12138
42362
12141
12142
42364
12145
12146
42366
12149
12150
42368
12153
12154
42370
12157
12158
42372
12161
12162
42374
12165
12166
42376
12169
12170
42378
12173
12174
12177
12178
12181
42175
12182
42380
12185
42173
12186
42382
12189
42171
12190
42384
12193
42167
12194
42386
12197
42165
12198
42388
12201
42163
12202
42390
12205
42161
12206
42392
12209
42159
12210
42394
12213
42157
12214
42396
12217
42155
12218
42398
12221
42153
12222
42400
12225
42151
12226
42402
12229
42149
12230
42404
12233
42147
12234
42406
12237
42145
12238
42408
12241
42143
12242
42410
12245
42141
12246
42412
12249
42139
12250
42414
12253
42137
12254
42416
12257
42135
12258
42418
12261
42133
12262
42420
12265
42131
12266
42422
12269
42129
12270
42424
12273
42127
12274
42426
12277
42125
12278
42428
12281
42123
12282
42430
12285
42121
12286
42432
12289
42119
12290
42434
12293
42117
12294
42436
12297
42115
12298
42438
12301
42113
12302
42440
12305
42111
12306
42442
12309
42109
12310
42444
12313
42107
12314
42446
12317
42105
12318
42448
12321
42103
12322
42450
12325
42101
12326
42452
12329
42099
12330
42454
12333
42097
12334
42456
12337
42095
12338
42458
12341
42093
12342
42460
12345
42091
12346
42462
12349
42089
12350
42464
12353
42087
12354
42466
12357
42085
12358
42468
12361
42083
12362
42470
12365
42081
12366
42472
12369
42079
12370
42474
12373
42077
12374
42476
12377
42075
12378
42478
12381
42073
12382
42480
12385
42482
42071
12386
42484
12389
42486
42069
12390
42488
12393
42490
42067
12394
42492
12397
42494
42065
12398
42496
12401
42498
42061
12402
42500
12405
42502
41507
12406
42504
12409
42506
41505
12410
42508
12413
42510
41503
12414
42512
12417
42514
41463
12418
42516
12421
42518
41467
12422
42520
12425
42522
41471
12426
42524
12429
42526
41475
12430
42528
12433
42530
41479
12434
42532
12437
42534
41483
12438
42536
12441
42538
41487
12442
42540
12445
42542
41491
12446
42544
12449
42546
41495
12450
42548
12453
42550
41499
12454
42552
12457
42554
41501
12458
42556
42558
42560
42562
12461
12462
42564
12463
42566
41577
12464
42568
12467
41575
12468
42570
12471
41573
12472
42572
12475
41521
12476
42574
12479
42576
41525
12480
42578
12483
42580
41529
12484
42582
12487
42584
41533
12488
42586
12491
42588
41537
12492
42590
12495
42592
41541
12496
42594
12499
42596
41545
12500
42598
12503
42600
41549
12504
42602
12507
42604
41553
12508
42606
12511
42608
41557
12512
42610
12515
42612
41561
12516
42614
12519
42616
41565
12520
42618
12523
42620
41569
12524
42622
12527
42624
41571
12528
42626
42628
42630
42632
12531
12532
42634
12533
42636
41615
12534
42638
12537
41613
12538
42640
12541
41611
12542
42642
12545
41591
12546
42644
12549
42646
41595
12550
42648
12553
42650
41599
12554
42652
12557
42654
41603
12558
42656
12561
42658
41607
12562
42660
12565
42662
41609
12566
42664
42666
42668
42670
12569
12570
42672
12571
42674
41653
12572
42676
12575
41651
12576
42678
12579
41649
12580
42680
12583
41629
12584
42682
12587
42684
41633
12588
42686
12591
42688
41637
12592
42690
12595
42692
41641
12596
42694
12599
42696
41645
12600
42698
12603
42700
41647
12604
42702
42704
42706
42708
12607
12608
42710
12609
42712
41691
12610
42714
12613
41689
12614
42716
12617
41687
12618
42718
12621
41667
12622
42720
12625
42722
41671
12626
42724
12629
42726
41675
12630
42728
12633
42730
41679
12634
42732
12637
42734
41683
12638
42736
12641
42738
41685
12642
42740
42742
42744
42746
12645
12646
42748
12647
42750
41729
12648
42752
12651
41727
12652
42754
12655
41725
12656
42756
12659
41705
12660
42758
12663
42760
41709
12664
42762
12667
42764
41713
12668
42766
12671
42768
41717
12672
42770
12675
42772
41721
12676
42774
12679
42776
41723
12680
42778
42780
42782
42784
12683
12684
42786
12685
42788
41767
12686
42790
12689
41765
12690
42792
12693
41763
12694
42794
12697
41743
12698
42796
12701
42798
41747
12702
42800
12705
42802
41751
12706
42804
12709
42806
41755
12710
42808
12713
42810
41759
12714
42812
12717
42814
41761
12718
42816
42818
42820
42822
12721
12722
42824
12723
42826
41805
12724
42828
12727
41803
12728
42830
12731
41801
12732
42832
12735
41781
12736
42834
12739
42836
41785
12740
42838
12743
42840
41789
12744
42842
12747
42844
41793
12748
42846
12751
42848
41797
12752
42850
12755
42852
41799
12756
42854
42856
42858
42860
12759
12760
42862
12761
42864
42059
12762
42866
12765
42057
12766
42868
42870
42872
12769
12770
12773
42055
12774
12777
42053
12778
42874
12781
42876
42051
12782
42878
12785
42880
42049
12786
42882
12789
42884
41827
12790
42886
12793
42888
41831
12794
42890
12797
42892
41835
12798
42894
12801
42896
41843
12802
42898
42900
42902
12805
12806
12809
42904
41845
12810
12813
42906
41849
12814
42908
12817
42910
41853
12818
42912
12821
42914
41857
12822
42916
12825
42918
41861
12826
42920
12829
42922
41865
12830
42924
12833
42926
41869
12834
42928
12837
42930
41877
12838
42932
42934
42936
12841
12842
12845
42938
41879
12846
12849
42940
41883
12850
42942
12853
42944
41887
12854
42946
12857
42948
41891
12858
42950
12861
42952
41895
12862
42954
12865
42956
41899
12866
42958
12869
42960
41903
12870
42962
12873
42964
41911
12874
42966
42968
42970
12877
12878
12881
42972
41913
12882
12885
42974
41917
12886
42976
12889
42978
41921
12890
42980
12893
42982
41925
12894
42984
12897
42986
41929
12898
42988
12901
42990
41933
12902
42992
12905
42994
41937
12906
42996
12909
42998
41945
12910
43000
43002
43004
12913
12914
12917
43006
41947
12918
12921
43008
41951
12922
43010
12925
43012
41955
12926
43014
12929
43016
41959
12930
43018
12933
43020
41963
12934
43022
12937
43024
41967
12938
43026
12941
43028
41971
12942
43030
12945
43032
41979
12946
43034
43036
43038
12949
12950
12953
43040
41981
12954
12957
43042
41985
12958
43044
12961
43046
41989
12962
43048
12965
43050
41993
12966
43052
12969
43054
41997
12970
43056
12973
43058
42001
12974
43060
12977
43062
42047
12978
43064
12981
43066
42045
12982
43068
43070
43072
12985
12986
12989
43074
42043
12990
12993
43076
42041
12994
43078
12997
43080
42039
12998
43082
13001
43084
42037
13002
43086
13005
43088
42035
13006
43090
13009
43092
42033
13010
43094
13013
43096
42031
13014
43098
13017
43100
42029
13018
43102
43104
43106
13021
13022
43108
13025
13026
43110
13029
13030
43112
13033
13034
43114
13037
13038
43116
13041
13042
43118
13045
13046
43120
13049
13050
43122
13053
13054
43124
13057
13058
43126
13061
13062
43128
13065
13066
43130
13069
13070
43132
13073
13074
43134
13077
13078
43136
13081
13082
43138
13085
13086
43140
13089
13090
43142
13093
13094
43144
13097
13098
43146
13101
13102
43148
13105
13106
43150
13109
13110
43152
13113
13114
43154
13117
13118
43156
13121
13122
43158
13125
13126
43160
13129
13130
43162
13133
13134
43164
13137
13138
13141
13142
13145
13146
43166
13149
13150
43168
13153
13154
43170
13157
13158
43172
13161
13162
43174
13165
13166
43176
13169
13170
43178
13173
13174
43180
13177
13178
43182
13181
13182
43184
13185
13186
43186
13189
13190
43188
13193
13194
43190
13197
13198
43192
13201
13202
43194
13205
13206
43196
13209
13210
43198
13213
13214
43200
13217
13218
43202
13221
13222
43204
13225
13226
43206
13229
13230
43208
13233
13234
43210
13237
13238
43212
13241
13242
43214
13245
13246
43216
13249
13250
43218
13253
13254
43220
13257
13258
43222
13261
13262
43224
13265
13266
43226
13269
13270
43228
13273
13274
43230
13277
13278
43232
13281
13282
43234
13285
13286
43236
13289
13290
43238
13293
13294
43240
13297
13298
43242
13301
13302
43244
13305
13306
43246
13309
13310
43248
13313
13314
43250
13317
13318
43252
13321
13322
43254
13325
13326
43256
13329
13330
43258
13333
43260
42563
13334
43262
13337
43264
42561
13338
43266
13341
43268
42559
13342
43270
13345
43272
42483
13346
43274
13349
43276
42487
13350
43278
13353
43280
42491
13354
43282
13357
43284
42495
13358
43286
13361
43288
42499
13362
43290
13365
43292
42503
13366
43294
13369
43296
42507
13370
43298
13373
43300
42511
13374
43302
13377
43304
42515
13378
43306
13381
43308
42519
13382
43310
13385
43312
42523
13386
43314
13389
43316
42527
13390
43318
13393
43320
42531
13394
43322
13397
43324
42535
13398
43326
13401
43328
42539
13402
43330
13405
43332
42543
13406
43334
13409
43336
42547
13410
43338
13413
43340
42551
13414
43342
13417
43344
42555
13418
43346
13421
43348
42557
13422
43350
43352
43354
43356
13425
13426
43358
13427
43360
42633
13428
43362
13431
42631
13432
43364
13435
42629
13436
43366
13439
42577
13440
43368
13443
43370
42581
13444
43372
13447
43374
42585
13448
43376
13451
43378
42589
13452
43380
13455
43382
42593
13456
43384
13459
43386
42597
13460
43388
13463
43390
42601
13464
43392
13467
43394
42605
13468
43396
13471
43398
42609
13472
43400
13475
43402
42613
13476
43404
13479
43406
42617
13480
43408
13483
43410
42621
13484
43412
13487
43414
42625
13488
43416
13491
43418
42627
13492
43420
43422
43424
43426
13495
13496
43428
13497
43430
42671
13498
43432
13501
42669
13502
43434
13505
42667
13506
43436
13509
42647
13510
43438
13513
43440
42651
13514
43442
13517
43444
42655
13518
43446
13521
43448
42659
13522
43450
13525
43452
42663
13526
43454
13529
43456
42665
13530
43458
43460
43462
43464
13533
13534
43466
13535
43468
42709
13536
43470
13539
42707
13540
43472
13543
42705
13544
43474
13547
42685
13548
43476
13551
43478
42689
13552
43480
13555
43482
42693
13556
43484
13559
43486
42697
13560
43488
13563
43490
42701
13564
43492
13567
43494
42703
13568
43496
43498
43500
43502
13571
13572
43504
13573
43506
42747
13574
43508
13577
42745
13578
43510
13581
42743
13582
43512
13585
42723
13586
43514
13589
43516
42727
13590
43518
13593
43520
42731
13594
43522
13597
43524
42735
13598
43526
13601
43528
42739
13602
43530
13605
43532
42741
13606
43534
43536
43538
43540
13609
13610
43542
13611
43544
42785
13612
43546
13615
42783
13616
43548
13619
42781
13620
43550
13623
42761
13624
43552
13627
43554
42765
13628
43556
13631
43558
42769
13632
43560
13635
43562
42773
13636
43564
13639
43566
42777
13640
43568
13643
43570
42779
13644
43572
43574
43576
43578
13647
13648
43580
13649
43582
42823
13650
43584
13653
42821
13654
43586
13657
42819
13658
43588
13661
42799
13662
43590
13665
43592
42803
13666
43594
13669
43596
42807
13670
43598
13673
43600
42811
13674
43602
13677
43604
42815
13678
43606
13681
43608
42817
13682
43610
43612
43614
43616
13685
13686
43618
13687
43620
42861
13688
43622
13691
42859
13692
43624
13695
42857
13696
43626
13699
42837
13700
43628
13703
43630
42841
13704
43632
13707
43634
42845
13708
43636
13711
43638
42849
13712
43640
13715
43642
42853
13716
43644
13719
43646
42855
13720
43648
43650
43652
43654
13723
13724
43656
13725
13726
43658
13729
13730
43660
43662
43664
13733
13734
13737
13738
13741
43666
42877
13742
43668
13745
42881
13746
43670
13749
42885
13750
43672
13753
42889
13754
43674
13757
43676
42893
13758
43678
13761
43680
42897
13762
43682
13765
43684
42905
13766
43686
43688
43690
13769
13770
13773
43692
42907
13774
13777
43694
42911
13778
43696
13781
43698
42915
13782
43700
13785
43702
42919
13786
43704
13789
43706
42923
13790
43708
13793
43710
42927
13794
43712
13797
43714
42931
13798
43716
13801
43718
42939
13802
43720
43722
43724
13805
13806
13809
43726
42941
13810
13813
43728
42945
13814
43730
13817
43732
42949
13818
43734
13821
43736
42953
13822
43738
13825
43740
42957
13826
43742
13829
43744
42961
13830
43746
13833
43748
42965
13834
43750
13837
43752
42973
13838
43754
43756
43758
13841
13842
13845
43760
42975
13846
13849
43762
42979
13850
43764
13853
43766
42983
13854
43768
13857
43770
42987
13858
43772
13861
43774
42991
13862
43776
13865
43778
42995
13866
43780
13869
43782
42999
13870
43784
13873
43786
43007
13874
43788
43790
43792
13877
13878
13881
43794
43009
13882
13885
43796
43013
13886
43798
13889
43800
43017
13890
43802
13893
43804
43021
13894
43806
13897
43808
43025
13898
43810
13901
43812
43029
13902
43814
13905
43816
43033
13906
43818
13909
43820
43041
13910
43822
43824
43826
13913
13914
13917
43828
43043
13918
13921
43830
43047
13922
43832
13925
43834
43051
13926
43836
13929
43838
43055
13930
43840
13933
43842
43059
13934
43844
13937
43846
43063
13938
43848
13941
43850
43067
13942
43852
13945
43854
43075
13946
43856
43858
43860
13949
13950
13953
43862
43077
13954
13957
43864
43081
13958
43866
13961
43868
43085
13962
43870
13965
43872
43089
13966
43874
13969
43876
43093
13970
43878
13973
43880
43097
13974
43882
13977
43884
43101
13978
43886
13981
13982
43888
43890
43892
13985
13986
43894
13989
13990
43896
13993
13994
43898
13997
13998
43900
14001
14002
43902
14005
14006
43904
14009
14010
43906
14013
14014
43908
14017
14018
43910
14021
14022
43912
14025
14026
43914
14029
14030
43916
14033
14034
43918
14037
14038
43920
14041
14042
43922
14045
14046
43924
14049
14050
43926
14053
14054
43928
14057
14058
43930
14061
14062
43932
14065
14066
43934
14069
14070
43936
14073
14074
43938
14077
14078
43940
14081
14082
43942
14085
14086
43944
14089
14090
43946
14093
14094
43948
14097
14098
43950
43952
43954
43956
43958
43960
43962
43964
43966
43968
43970
43972
43974
43976
43978
43980
43982
43984
43986
43988
43990
43992
43994
43996
43998
44000
44002
44004
44006
44008
44010
44012
44014
44016
44018
44020
44022
44024
44026
44028
44030
44032
44034
44036
44038
44040
44042
44044
44046
44048
44050
44052
44054
14101
14102
44056
14103
14104
44058
14107
14108
44060
14109
14110
44062
14113
14114
44064
14115
14116
44066
14119
14120
44068
14121
14122
44070
14125
14126
44072
14127
14128
44074
14131
14132
44076
14135
14136
44078
14139
14140
44080
14143
14144
44082
14147
14148
44084
14151
14152
44086
14155
14156
44088
14159
14160
44090
14163
14164
44092
14165
14166
44094
14169
14170
44096
14171
14172
44098
14175
14176
44100
14177
14178
44102
14181
14182
44104
14183
14184
44106
14187
14188
44108
14189
14190
44110
14193
14194
44112
14197
14198
44114
14201
14202
44116
14205
14206
44118
14209
14210
44120
14213
14214
44122
14217
14218
44124
14221
14222
44126
14225
14226
44128
14227
14228
44130
14231
14232
44132
14233
14234
44134
14237
14238
44136
14239
14240
14243
14244
44138
14245
14246
44140
14249
14250
44142
14251
14252
44144
14255
14256
44146
14259
14260
44148
14263
14264
44150
14267
14268
44152
14271
14272
44154
14275
14276
44156
14279
14280
44158
14283
14284
44160
14287
14288
44162
14289
14290
44164
14293
14294
44166
14297
14298
44168
14301
14302
44170
14305
14306
44172
14309
14310
44174
14313
14314
44176
14317
14318
44178
14321
14322
44180
14325
14326
44182
14329
14330
44184
14333
14334
44186
14337
14338
44188
14341
14342
44190
14345
14346
44192
14349
14350
44194
14353
14354
44196
14357
14358
44198
14361
14362
44200
14365
14366
44202
14369
14370
44204
14373
14374
44206
14377
14378
44208
14381
14382
44210
14385
14386
44212
14389
14390
44214
14393
14394
44216
14397
14398
44218
14401
14402
44220
14405
14406
44222
14409
14410
44224
14413
14414
44226
14417
14418
44228
14421
14422
44230
14425
14426
44232
14429
14430
44234
14433
14434
44236
14437
14438
44238
14441
14442
44240
14445
14446
44242
14449
14450
44244
14453
14454
44246
14457
14458
44248
14461
14462
44250
14465
14466
44252
14469
14470
44254
14473
14474
44256
14477
14478
44258
14481
14482
44260
14485
14486
44262
14489
14490
44264
14493
14494
44266
14497
14498
44268
14501
14502
44270
14505
14506
44272
14509
14510
44274
14513
14514
44276
14517
14518
44278
14521
14522
44280
14525
14526
44282
14529
14530
44284
14533
14534
44286
14537
14538
44288
14541
14542
44290
14545
14546
44292
14549
14550
44294
14553
14554
44296
14557
14558
44298
14561
14562
44300
14565
14566
44302
14569
14570
44304
14573
14574
44306
14577
14578
44308
14581
14582
44310
14583
14584
44312
14587
14588
44314
14589
14590
44316
14593
14594
44318
14595
14596
44320
14599
14600
44322
14601
14602
44324
14605
14606
44326
14607
14608
44328
14611
14612
44330
14615
14616
44332
14619
14620
44334
14623
14624
44336
14627
14628
44338
14631
14632
44340
14635
14636
44342
14639
14640
44344
14643
14644
44346
14645
14646
44348
14649
14650
44350
14651
14652
44352
14655
14656
44354
14657
14658
44356
14661
14662
44358
14663
14664
44360
14667
14668
44362
14669
14670
44364
14673
14674
44366
14677
14678
44368
14681
14682
44370
14685
14686
44372
14689
14690
44374
14693
14694
44376
14697
14698
44378
14701
14702
44380
14705
14706
44382
14707
14708
44384
14711
14712
44386
14713
14714
44388
14717
14718
44390
14719
14720
44392
14723
14724
44394
14725
14726
44396
14729
14730
44398
14731
14732
44400
14735
14736
44402
14739
14740
44404
14743
14744
44406
14747
14748
44408
14751
14752
44410
14755
14756
44412
14759
14760
44414
14763
14764
44416
14767
14768
44418
14769
14770
44420
14773
14774
44422
14777
14778
44424
14781
14782
44426
14785
14786
44428
14789
14790
44430
14793
14794
44432
14797
14798
44434
14801
14802
44436
14805
14806
44438
14809
14810
44440
14813
14814
44442
14817
14818
44444
14821
14822
44446
14825
14826
44448
14829
14830
44450
14833
14834
44452
14837
14838
44454
14841
14842
44456
14845
14846
44458
14849
14850
44460
14853
14854
44462
14857
14858
44464
14861
14862
44466
14865
14866
44468
14869
14870
44470
14871
14872
44472
14875
14876
44474
14877
14878
44476
14881
14882
44478
14883
14884
44480
14887
14888
44482
14889
14890
44484
14893
14894
44486
14895
14896
44488
14899
14900
44490
14903
14904
44492
14907
14908
44494
14911
14912
44496
14915
14916
44498
14919
14920
44500
14923
14924
44502
14927
14928
44504
14931
14932
44506
14933
14934
44508
14937
14938
44510
14939
14940
44512
14943
14944
44514
14945
14946
44516
14949
14950
44518
14951
14952
44520
14955
14956
44522
14957
14958
44524
14961
14962
44526
14965
14966
44528
14969
14970
44530
14973
14974
44532
14977
14978
44534
14981
14982
44536
14985
14986
44538
14989
14990
44540
14993
14994
44542
14995
14996
44544
14999
15000
44546
15001
15002
44548
15005
15006
44550
15007
15008
44552
15011
15012
44554
15013
15014
44556
15017
15018
44558
15019
15020
44560
15023
15024
44562
15027
15028
44564
15031
15032
44566
15035
15036
44568
15039
15040
44570
15043
15044
44572
15047
15048
44574
15051
15052
44576
15055
15056
44578
15057
15058
44580
15061
15062
44582
15065
15066
44584
15069
15070
44586
15073
15074
44588
15077
15078
44590
15079
15080
44592
15083
15084
44594
15085
15086
44596
15089
15090
44598
15091
15092
44600
15095
15096
44602
15097
15098
44604
15101
15102
44606
15103
15104
44608
15107
15108
44610
15111
15112
44612
15115
15116
44614
15119
15120
44616
15123
15124
44618
15125
15126
44620
15129
15130
44622
15131
15132
44624
15135
15136
44626
15137
15138
44628
15141
15142
44630
15143
15144
44632
15147
15148
44634
15149
15150
44636
15153
15154
44638
15157
15158
44640
15161
15162
44642
15165
15166
44644
15169
15170
44646
15171
15172
44648
15175
15176
44650
15177
15178
44652
15181
15182
44654
15183
15184
44656
15187
15188
44658
15189
15190
44660
15193
15194
44662
15195
15196
44664
15199
15200
44666
15203
15204
44668
15207
15208
44670
15211
15212
44672
15215
15216
44674
15217
15218
15221
15222
15223
15224
44676
44678
15227
15228
44680
44682
15229
15230
44684
15233
15234
44686
15235
15236
44688
15239
15240
44690
15241
15242
44692
15245
15246
44694
15247
15248
15251
15252
15253
15254
44696
44698
15257
15258
44700
44702
15259
15260
44704
15263
15264
44706
15265
15266
44708
15269
15270
44710
15271
15272
44712
15275
15276
44714
15277
15278
15281
15282
15283
15284
44716
44718
15287
15288
44720
44722
15289
15290
44724
15293
15294
44726
15295
15296
44728
15299
15300
44730
15301
15302
44732
15305
15306
44734
15307
15308
15311
15312
15313
15314
44736
44738
15318
44740
44742
44161
15319
15320
37173
38205
15321
31726
15322
15323
26132
15324
38065
15325
24354
24414
24477
31728
15326
44744
44141
15327
15328
38053
15329
31730
15330
15331
15332
38051
15333
31732
15334
44746
44748
44750
44135
15335
15336
38047
15337
26134
31734
15338
15339
15340
44752
38033
15341
26136
26141
31736
15342
44754
44756
44758
44131
15343
15344
38029
15345
31738
15346
15347
44760
15350
44762
44764
44127
15351
44766
15354
44768
44107
15355
15356
15357
31744
15358
15359
44770
15362
44772
44774
44776
44778
42359
15363
44780
15366
44782
44103
15367
44784
15370
44786
42323
15371
44788
15374
44790
42319
15375
44792
15378
44794
44099
15379
44796
15382
44798
42315
15383
44800
15386
44802
42311
15387
44804
15390
44806
44095
15391
44808
15394
44810
42307
15395
44812
15398
44814
42301
15399
44816
15402
44818
44091
15403
44820
15406
44822
42297
15407
44824
15410
44826
42201
15411
44828
15414
44830
44071
15415
44832
15418
44834
42197
15419
44836
15422
44838
42193
15423
44840
15426
44842
44067
15427
44844
15430
44846
42189
15431
44848
15434
44850
42185
15435
44852
15438
44854
44063
15439
44856
15442
44858
42181
15443
44860
15446
44862
42177
15447
44864
15450
44866
44059
15451
44868
15454
44870
44055
15455
15458
44053
15459
15462
44051
15463
15466
44049
15467
15470
44047
15471
15474
44045
15475
44872
15478
44043
15479
44874
15482
44041
15483
44876
15486
44039
15487
44878
15490
44037
15491
44880
15494
44035
15495
44882
15498
44033
15499
44884
15502
44031
15503
44886
15506
44029
15507
44888
15510
44027
15511
44890
15514
44025
15515
44892
15518
44023
15519
44894
15522
44021
15523
44896
15526
44019
15527
44898
15530
44017
15531
44900
15534
44015
15535
44902
15538
44013
15539
44904
15542
44011
15543
44906
15546
44009
15547
44908
15550
44007
15551
44910
15554
44005
15555
44912
15558
44003
15559
44914
15562
44001
15563
44916
15566
43999
15567
44918
15570
43997
15571
44920
15574
43995
15575
44922
15578
43993
15579
44924
15582
43991
15583
44926
15586
43989
15587
44928
15590
43987
15591
44930
15594
43985
15595
44932
15598
43983
15599
44934
15602
43981
15603
44936
15606
43979
15607
44938
15610
43977
15611
44940
15614
43975
15615
44942
15618
43973
15619
44944
15622
43971
15623
44946
15626
43969
15627
44948
15630
44950
43967
15631
44952
15634
44954
43357
15635
44956
15638
44958
43355
15639
44960
15642
44962
43353
15643
44964
15646
44966
43261
15647
44968
15650
44970
43265
15651
44972
15654
44974
43269
15655
44976
15658
44978
43273
15659
44980
15662
44982
43277
15663
44984
15666
44986
43281
15667
44988
15670
44990
43285
15671
44992
15674
44994
43289
15675
44996
15678
44998
43293
15679
45000
15682
45002
43297
15683
45004
15686
45006
43301
15687
45008
15690
45010
43305
15691
45012
15694
45014
43309
15695
45016
15698
45018
43313
15699
45020
15702
45022
43317
15703
45024
15706
45026
43321
15707
45028
15710
45030
43325
15711
45032
15714
45034
43329
15715
45036
15718
45038
43333
15719
45040
15722
45042
43337
15723
45044
15726
45046
43341
15727
45048
15730
45050
43345
15731
45052
15734
45054
43349
15735
45056
15738
45058
43351
15739
45060
45062
45064
45066
15742
15743
45068
15744
45070
43427
15745
45072
15748
43425
15749
45074
15752
43423
15753
45076
15756
43371
15757
45078
15760
45080
43375
15761
45082
15764
45084
43379
15765
45086
15768
45088
43383
15769
45090
15772
45092
43387
15773
45094
15776
45096
43391
15777
45098
15780
45100
43395
15781
45102
15784
45104
43399
15785
45106
15788
45108
43403
15789
45110
15792
45112
43407
15793
45114
15796
45116
43411
15797
45118
15800
45120
43415
15801
45122
15804
45124
43419
15805
45126
15808
45128
43421
15809
45130
45132
45134
45136
15812
15813
45138
15814
45140
43465
15815
45142
15818
43463
15819
45144
15822
43461
15823
45146
15826
43441
15827
45148
15830
45150
43445
15831
45152
15834
45154
43449
15835
45156
15838
45158
43453
15839
45160
15842
45162
43457
15843
45164
15846
45166
43459
15847
45168
45170
45172
45174
15850
15851
45176
15852
45178
43503
15853
45180
15856
43501
15857
45182
15860
43499
15861
45184
15864
43479
15865
45186
15868
45188
43483
15869
45190
15872
45192
43487
15873
45194
15876
45196
43491
15877
45198
15880
45200
43495
15881
45202
15884
45204
43497
15885
45206
45208
45210
45212
15888
15889
45214
15890
45216
43541
15891
45218
15894
43539
15895
45220
15898
43537
15899
45222
15902
43517
15903
45224
15906
45226
43521
15907
45228
15910
45230
43525
15911
45232
15914
45234
43529
15915
45236
15918
45238
43533
15919
45240
15922
45242
43535
15923
45244
45246
45248
45250
15926
15927
45252
15928
45254
43579
15929
45256
15932
43577
15933
45258
15936
43575
15937
45260
15940
43555
15941
45262
15944
45264
43559
15945
45266
15948
45268
43563
15949
45270
15952
45272
43567
15953
45274
15956
45276
43571
15957
45278
15960
45280
43573
15961
45282
45284
45286
45288
15964
15965
45290
15966
45292
43617
15967
45294
15970
43615
15971
45296
15974
43613
15975
45298
15978
43593
15979
45300
15982
45302
43597
15983
45304
15986
45306
43601
15987
45308
15990
45310
43605
15991
45312
15994
45314
43609
15995
45316
15998
45318
43611
15999
45320
45322
45324
45326
16002
16003
45328
16004
45330
43655
16005
45332
16008
43653
16009
45334
16012
43651
16013
45336
16016
43631
16017
45338
16020
45340
43635
16021
45342
16024
45344
43639
16025
45346
16028
45348
43643
16029
45350
16032
45352
43647
16033
45354
16036
45356
43649
16037
45358
45360
45362
45364
16040
16041
45366
16042
45368
43965
16043
45370
16046
43963
16047
45372
45374
45376
45378
45380
45382
16050
16051
16054
43961
16055
16058
43959
16059
16062
45384
43957
16063
16066
45386
43955
16067
16070
45388
43677
16071
45390
16074
45392
43681
16075
45394
16078
45396
43685
16079
45398
16082
45400
43693
16083
45402
45404
45406
45408
45410
45412
16086
16087
16090
45414
43695
16091
16094
45416
43699
16095
16098
45418
43703
16099
16102
45420
43707
16103
16106
45422
43711
16107
45424
16110
45426
43715
16111
45428
16114
45430
43719
16115
45432
16118
45434
43727
16119
45436
45438
45440
45442
45444
45446
16122
16123
16126
45448
43729
16127
16130
45450
43733
16131
16134
45452
43737
16135
16138
45454
43741
16139
16142
45456
43745
16143
45458
16146
45460
43749
16147
45462
16150
45464
43753
16151
45466
16154
45468
43761
16155
45470
45472
45474
45476
45478
45480
16158
16159
16162
45482
43763
16163
16166
45484
43767
16167
16170
45486
43771
16171
16174
45488
43775
16175
16178
45490
43779
16179
45492
16182
45494
43783
16183
45496
16186
45498
43787
16187
45500
16190
45502
43795
16191
45504
45506
45508
45510
45512
45514
16194
16195
16198
45516
43797
16199
16202
45518
43801
16203
16206
45520
43805
16207
16210
45522
43809
16211
16214
45524
43813
16215
45526
16218
45528
43817
16219
45530
16222
45532
43821
16223
45534
16226
45536
43829
16227
45538
45540
45542
45544
45546
45548
16230
16231
16234
45550
43831
16235
16238
45552
43835
16239
16242
45554
43839
16243
16246
45556
43843
16247
16250
45558
43847
16251
45560
16254
45562
43851
16255
45564
16258
45566
43855
16259
45568
16262
45570
43863
16263
45572
45574
45576
45578
45580
45582
16266
16267
16270
45584
43865
16271
16274
45586
43869
16275
16278
45588
43873
16279
16282
45590
43877
16283
16286
45592
43881
16287
45594
16290
45596
43885
16291
45598
16294
45600
43953
16295
45602
16298
45604
43951
16299
45606
45608
45610
45612
45614
45616
16302
16303
45618
16306
16307
45620
16310
16311
45622
16314
16315
45624
16318
16319
45626
16322
16323
45628
16326
16327
45630
16330
16331
45632
16334
16335
45634
16338
16339
45636
16342
16343
45638
16346
16347
45640
16350
16351
45642
16354
16355
45644
16358
16359
45646
16362
16363
45648
16366
16367
45650
16370
16371
45652
16374
16375
45654
16378
16379
45656
16382
16383
45658
16386
16387
45660
16390
16391
45662
16394
16395
45664
16398
16399
45666
16402
45668
45670
45672
45674
45676
45678
45680
45682
45684
45686
45688
45690
45692
45694
45696
45698
45700
45702
45704
45706
45708
45710
45712
45714
45716
45718
45720
45722
45724
45726
45728
45730
45732
45734
45736
45738
45740
45742
45744
45746
45748
45750
45752
45754
44417
16403
45756
16406
45758
44397
16407
45760
16410
45762
44393
16411
45764
16414
45766
44389
16415
45768
16418
16419
45770
16422
45772
44385
16423
45774
16426
45776
44381
16427
45778
16430
45780
44361
16431
45782
16434
45784
44357
16435
45786
16438
16439
45788
16442
45790
44353
16443
45792
16446
45794
44349
16447
45796
16450
45798
44345
16451
45800
16454
45802
44325
16455
45804
16458
16459
45806
16462
45808
44321
16463
45810
16466
45812
44317
16467
45814
16470
45816
44313
16471
45818
16474
45820
44309
16475
45822
16478
16479
45824
16482
16483
45826
16486
16487
45828
16490
16491
45830
16494
16495
45832
16498
16499
45834
16502
16503
45836
16506
16507
45838
16510
16511
45840
16514
16515
45842
16518
45844
44557
16519
45846
16522
45848
44521
16523
45850
16526
45852
44485
16527
45854
16530
45856
44481
16531
45858
16534
45860
44477
16535
45862
16538
45864
44473
16539
45866
16542
45868
44469
16543
45870
16546
16547
45872
16550
45874
44517
16551
45876
16554
45878
44513
16555
45880
16558
45882
44509
16559
45884
16562
45886
44505
16563
45888
16566
16567
45890
16570
45892
44553
16571
45894
16574
45896
44549
16575
45898
16578
45900
44545
16579
45902
16582
45904
44541
16583
45906
16586
16587
45908
16590
45910
44605
16591
45912
16594
45914
44601
16595
45916
16598
45918
44597
16599
45920
16602
45922
44577
16603
45924
16606
45926
44589
16607
45928
16610
45930
44593
16611
45932
16614
45934
44633
16615
45936
16618
45938
44629
16619
45940
16622
45942
44625
16623
45944
16626
45946
44617
16627
45948
16630
45950
44621
16631
45952
16634
45954
44661
16635
45956
16638
45958
44657
16639
45960
16642
45962
44653
16643
45964
16646
45966
44645
16647
45968
16650
45970
44649
16651
45972
16654
16655
45974
16658
16659
45976
16662
45978
44745
16663
45980
16666
45982
44673
16667
45984
16670
45986
44679
16671
16674
44677
16675
45988
45990
16678
45992
45994
44685
16679
45996
16682
45998
44689
16683
46000
16686
46002
44693
16687
46004
16690
46006
44699
16691
16694
44697
16695
46008
46010
16698
46012
46014
44705
16699
46016
16702
46018
44709
16703
46020
16706
46022
44713
16707
46024
16710
46026
44719
16711
16714
44717
16715
46028
46030
16718
46032
46034
44725
16719
46036
16722
46038
44729
16723
46040
16726
46042
44733
16727
46044
16730
46046
44743
16731
16734
44741
16735
46048
46050
16739
46052
46054
44751
16740
26139
16741
44747
44749
16742
32436
16743
44759
16744
46056
16745
44753
16746
31727
32438
16747
16748
26150
16749
44757
16750
31729
31731
31733
32437
32440
16751
44765
16752
16753
44779
16754
32442
16755
16756
16757
44777
16758
32444
16759
46058
44769
16760
46060
16761
46062
44763
16762
32446
16763
16764
16765
16766
32448
16767
16768
46064
16769
16770
31735
32450
16771
46066
46068
46070
44783
16772
16773
44775
16774
32447
32452
16775
44787
16776
46072
16779
46074
46076
44791
16780
46078
16781
16782
32456
16783
46080
44795
16784
16785
16786
32457
32458
16787
44799
16788
46082
16791
46084
46086
44803
16792
46088
16793
16794
32462
16795
46090
44807
16796
16797
16798
32463
32464
16799
44811
16800
46092
16803
46094
46096
44815
16804
46098
16805
16806
32468
16807
46100
44819
16808
16809
16810
32469
32470
16811
44823
16812
46102
16815
46104
46106
44827
16816
46108
16817
16818
32474
16819
46110
44831
16820
16821
16822
32475
32476
16823
44835
16824
46112
16827
46114
46116
44839
16828
46118
16829
16830
32480
16831
46120
44843
16832
16833
16834
32481
32482
16835
44847
16836
46122
16839
46124
46126
44851
16840
46128
16841
16842
32486
16843
46130
44855
16844
16845
16846
32487
32488
16847
44859
16848
46132
16851
46134
46136
44863
16852
46138
16853
16854
32445
32492
16855
46140
46142
44867
16856
16857
16858
32451
32493
32494
16859
44871
16860
46144
16863
16864
16867
45753
16868
16871
45751
16872
16875
45749
16876
16879
45747
16880
16883
45745
16884
46146
16887
45743
16888
46148
16891
45741
16892
46150
16895
45739
16896
46152
16899
45737
16900
46154
16903
45735
16904
46156
16907
45733
16908
46158
16911
45731
16912
46160
16915
45729
16916
46162
16919
45727
16920
46164
16923
45725
16924
46166
16927
45723
16928
46168
16931
45721
16932
46170
16935
45719
16936
46172
16939
45717
16940
46174
16943
45715
16944
46176
16947
45713
16948
46178
16951
45711
16952
46180
16955
45709
16956
46182
16959
45707
16960
46184
16963
45705
16964
46186
16967
45703
16968
46188
16971
45701
16972
46190
16975
45699
16976
46192
16979
45697
16980
46194
16983
45695
16984
46196
16987
45693
16988
46198
16991
45691
16992
46200
16995
45689
16996
46202
16999
45687
17000
46204
17003
45685
17004
46206
17007
45683
17008
46208
17011
45681
17012
46210
17015
45679
17016
46212
17019
45677
17020
46214
17023
45067
17024
46216
17027
45065
17028
46218
17031
45063
17032
46220
17035
44951
17036
46222
17039
44955
17040
46224
17043
44959
17044
46226
17047
44963
17048
46228
17051
44967
17052
46230
17055
46232
44971
17056
46234
17059
46236
44975
17060
46238
17063
46240
44979
17064
46242
17067
46244
44983
17068
46246
17071
46248
44987
17072
46250
17075
46252
44991
17076
46254
17079
46256
44995
17080
46258
17083
46260
44999
17084
46262
17087
46264
45003
17088
46266
17091
46268
45007
17092
46270
17095
46272
45011
17096
46274
17099
46276
45015
17100
46278
17103
46280
45019
17104
46282
17107
46284
45023
17108
46286
17111
46288
45027
17112
46290
17115
46292
45031
17116
46294
17119
46296
45035
17120
46298
17123
46300
45039
17124
46302
17127
46304
45043
17128
46306
17131
46308
45047
17132
46310
17135
46312
45051
17136
46314
17139
46316
45055
17140
46318
17143
46320
45059
17144
46322
17147
46324
45061
17148
46326
46328
46330
46332
17151
17152
46334
17153
46336
45137
17154
46338
17157
45135
17158
46340
17161
45133
17162
46342
17165
45081
17166
46344
17169
46346
45085
17170
46348
17173
46350
45089
17174
46352
17177
46354
45093
17178
46356
17181
46358
45097
17182
46360
17185
46362
45101
17186
46364
17189
46366
45105
17190
46368
17193
46370
45109
17194
46372
17197
46374
45113
17198
46376
17201
46378
45117
17202
46380
17205
46382
45121
17206
46384
17209
46386
45125
17210
46388
17213
46390
45129
17214
46392
17217
46394
45131
17218
46396
46398
46400
46402
17221
17222
46404
17223
46406
45175
17224
46408
17227
45173
17228
46410
17231
45171
17232
46412
17235
45151
17236
46414
17239
46416
45155
17240
46418
17243
46420
45159
17244
46422
17247
46424
45163
17248
46426
17251
46428
45167
17252
46430
17255
46432
45169
17256
46434
46436
46438
46440
17259
17260
46442
17261
46444
45213
17262
46446
17265
45211
17266
46448
17269
45209
17270
46450
17273
45189
17274
46452
17277
46454
45193
17278
46456
17281
46458
45197
17282
46460
17285
46462
45201
17286
46464
17289
46466
45205
17290
46468
17293
46470
45207
17294
46472
46474
46476
46478
17297
17298
46480
17299
46482
45251
17300
46484
17303
45249
17304
46486
17307
45247
17308
46488
17311
45227
17312
46490
17315
46492
45231
17316
46494
17319
46496
45235
17320
46498
17323
46500
45239
17324
46502
17327
46504
45243
17328
46506
17331
46508
45245
17332
46510
46512
46514
46516
17335
17336
46518
17337
46520
45289
17338
46522
17341
45287
17342
46524
17345
45285
17346
46526
17349
45265
17350
46528
17353
46530
45269
17354
46532
17357
46534
45273
17358
46536
17361
46538
45277
17362
46540
17365
46542
45281
17366
46544
17369
46546
45283
17370
46548
46550
46552
46554
17373
17374
46556
17375
46558
45327
17376
46560
17379
45325
17380
46562
17383
45323
17384
46564
17387
45303
17388
46566
17391
46568
45307
17392
46570
17395
46572
45311
17396
46574
17399
46576
45315
17400
46578
17403
46580
45319
17404
46582
17407
46584
45321
17408
46586
46588
46590
46592
17411
17412
46594
17413
46596
45365
17414
46598
17417
45363
17418
46600
17421
45361
17422
46602
17425
45341
17426
46604
17429
46606
45345
17430
46608
17433
46610
45349
17434
46612
17437
46614
45353
17438
46616
17441
46618
45357
17442
46620
17445
46622
45359
17446
46624
46626
46628
46630
17449
17450
46632
17451
46634
45675
17452
46636
17455
45673
17456
46638
46640
46642
46644
46646
46648
17459
17460
17463
45671
17464
17467
45385
17468
17471
46650
45387
17472
17475
46652
45389
17476
17479
46654
45393
17480
46656
17483
46658
45397
17484
46660
17487
46662
45401
17488
46664
17491
46666
45415
17492
46668
46670
46672
46674
46676
46678
17495
17496
17499
46680
45417
17500
17503
46682
45419
17504
17507
46684
45421
17508
17511
46686
45423
17512
17515
46688
45427
17516
46690
17519
46692
45431
17520
46694
17523
46696
45435
17524
46698
17527
46700
45449
17528
46702
46704
46706
46708
46710
46712
17531
17532
17535
46714
45451
17536
17539
46716
45453
17540
17543
46718
45455
17544
17547
46720
45457
17548
17551
46722
45461
17552
46724
17555
46726
45465
17556
46728
17559
46730
45469
17560
46732
17563
46734
45483
17564
46736
46738
46740
46742
46744
46746
17567
17568
17571
46748
45485
17572
17575
46750
45487
17576
17579
46752
45489
17580
17583
46754
45491
17584
17587
46756
45495
17588
46758
17591
46760
45499
17592
46762
17595
46764
45503
17596
46766
17599
46768
45517
17600
46770
46772
46774
46776
46778
46780
17603
17604
17607
46782
45519
17608
17611
46784
45521
17612
17615
46786
45523
17616
17619
46788
45525
17620
17623
46790
45529
17624
46792
17627
46794
45533
17628
46796
17631
46798
45537
17632
46800
17635
46802
45551
17636
46804
46806
46808
46810
46812
46814
17639
17640
17643
46816
45553
17644
17647
46818
45555
17648
17651
46820
45557
17652
17655
46822
45559
17656
17659
46824
45563
17660
46826
17663
46828
45567
17664
46830
17667
46832
45571
17668
46834
17671
46836
45585
17672
46838
46840
46842
46844
46846
46848
17675
17676
17679
46850
45587
17680
17683
46852
45589
17684
17687
46854
45591
17688
17691
46856
45593
17692
17695
46858
45597
17696
46860
17699
46862
45601
17700
46864
17703
46866
45605
17704
46868
17707
46870
45669
17708
46872
46874
46876
46878
46880
46882
17711
17712
46884
17715
17716
46886
17719
17720
46888
17723
17724
46890
17727
17728
46892
17731
17732
46894
17735
17736
46896
17739
17740
46898
17743
17744
46900
17747
17748
46902
17751
17752
46904
17755
17756
46906
17759
17760
46908
17763
17764
46910
17767
17768
46912
17771
17772
46914
17775
17776
46916
17779
17780
46918
17783
17784
46920
17787
17788
46922
17791
17792
46924
17795
17796
46926
17799
17800
46928
17803
17804
46930
17807
46932
46934
46936
46938
46940
46942
46944
46946
46948
46950
46952
46954
46956
46958
46960
46962
46964
46966
46968
46970
46972
46974
46976
46978
46980
46982
46984
46986
46988
46990
46992
46994
46996
46998
47000
47002
47004
47006
47008
47010
47012
47014
47016
47018
47020
47022
47024
47026
47028
47030
45755
17808
47032
17811
47034
45759
17812
47036
17815
47038
45763
17816
47040
17819
47042
45767
17820
47044
17823
17824
47046
17827
47048
45773
17828
47050
17831
47052
45777
17832
47054
17835
47056
45781
17836
47058
17839
47060
45785
17840
47062
17843
17844
47064
17847
47066
45791
17848
47068
17851
47070
45795
17852
47072
17855
47074
45799
17856
47076
17859
47078
45803
17860
47080
17863
17864
47082
17867
47084
45809
17868
47086
17871
47088
45813
17872
47090
17875
47092
45817
17876
47094
17879
47096
45821
17880
47098
17883
17884
47100
17887
17888
47102
17891
17892
47104
17895
17896
47106
17899
17900
47108
17903
17904
47110
17907
17908
47112
17911
17912
47114
17915
17916
47116
17919
17920
47118
17923
47120
45845
17924
47122
17927
47124
45849
17928
47126
17931
47128
45853
17932
47130
17935
47132
45857
17936
47134
17939
47136
45861
17940
47138
17943
47140
45865
17944
47142
17947
47144
45869
17948
47146
17951
17952
47148
17955
47150
45875
17956
47152
17959
47154
45879
17960
47156
17963
47158
45883
17964
47160
17967
47162
45887
17968
47164
17971
17972
47166
17975
47168
45893
17976
47170
17979
47172
45897
17980
47174
17983
47176
45901
17984
47178
17987
47180
45905
17988
47182
17991
17992
47184
17995
47186
45911
17996
47188
17999
47190
45915
18000
47192
18003
47194
45919
18004
47196
18007
47198
45923
18008
47200
18011
47202
45927
18012
47204
18015
47206
45931
18016
47208
18019
47210
45935
18020
47212
18023
47214
45939
18024
47216
18027
47218
45943
18028
47220
18031
47222
45947
18032
47224
18035
47226
45951
18036
47228
18039
47230
45955
18040
47232
18043
47234
45959
18044
47236
18047
47238
45963
18048
47240
18051
47242
45967
18052
47244
18055
47246
45971
18056
47248
18059
47250
46063
18060
47252
18063
47254
46057
18064
47256
18067
47258
45979
18068
47260
18071
47262
45983
18072
47264
18075
47266
45987
18076
47268
18079
47270
45995
18080
18083
45993
18084
47272
47274
18087
47276
47278
45999
18088
47280
18091
47282
46003
18092
47284
18095
47286
46007
18096
47288
18099
47290
46015
18100
18103
46013
18104
47292
47294
18107
47296
47298
46019
18108
47300
18111
47302
46023
18112
47304
18115
47306
46027
18116
47308
18119
47310
46035
18120
18123
46033
18124
47312
47314
18127
47316
47318
46039
18128
47320
18131
47322
46043
18132
47324
18135
47326
46047
18136
47328
18139
47330
46055
18140
18143
46053
18144
47332
47334
18148
47336
47338
46059
18149
26165
18150
46065
46069
18151
33140
18152
46061
18153
26184
18154
18155
33142
18156
46071
18157
26187
18158
18159
32439
32441
33144
18160
46081
18161
26194
18162
18163
33143
33146
18164
46077
18165
47340
18168
47342
47344
46079
18169
26248
18170
18171
33150
18172
46091
18173
26251
18174
18175
33151
33152
18176
46087
18177
47346
18180
47348
47350
46089
18181
26265
18182
18183
33156
18184
46101
18185
26268
18186
18187
33157
33158
18188
46097
18189
47352
18192
47354
47356
46099
18193
26282
18194
18195
33162
18196
46111
18197
26285
18198
18199
33163
33164
18200
46107
18201
47358
18204
47360
47362
46109
18205
26299
18206
18207
33168
18208
46121
18209
26302
18210
18211
33169
33170
18212
46117
18213
47364
18216
47366
47368
46119
18217
26316
18218
18219
33174
18220
46131
18221
26319
18222
18223
33175
33176
18224
46127
18225
47370
18228
47372
47374
46129
18229
26333
18230
18231
33180
18232
46143
18233
26336
18234
18235
33181
33182
18236
46137
18237
47376
18240
47378
47380
46139
18241
26350
18242
18243
32443
33141
33186
18244
18245
26353
18246
18247
32449
33145
33187
33188
18248
18249
47382
18252
18253
18256
47027
18257
18260
47025
18261
18264
47023
18265
18268
47021
18269
18272
47019
18273
47384
18276
47017
18277
47386
18280
47015
18281
47388
18284
47013
18285
47390
18288
47011
18289
47392
18292
47009
18293
47394
18296
47007
18297
47396
18300
47005
18301
47398
18304
47003
18305
47400
18308
47001
18309
47402
18312
46999
18313
47404
18316
46997
18317
47406
18320
46995
18321
47408
18324
46993
18325
47410
18328
46991
18329
47412
18332
46989
18333
47414
18336
46987
18337
47416
18340
46985
18341
47418
18344
46983
18345
47420
18348
46981
18349
47422
18352
46979
18353
47424
18356
46977
18357
47426
18360
46975
18361
47428
18364
46973
18365
47430
18368
46971
18369
47432
18372
46969
18373
47434
18376
46967
18377
47436
18380
46965
18381
47438
18384
46963
18385
47440
18388
46961
18389
47442
18392
46959
18393
47444
18396
46957
18397
47446
18400
46955
18401
47448
18404
46953
18405
47450
18408
46951
18409
47452
18412
46949
18413
47454
18416
46947
18417
47456
18420
46945
18421
47458
18424
46943
18425
47460
18428
46333
18429
47462
18432
46331
18433
47464
18436
46329
18437
47466
18440
46233
18441
47468
18444
46237
18445
47470
18448
46241
18449
47472
18452
46245
18453
47474
18456
46249
18457
47476
18460
46253
18461
47478
18464
46257
18465
47480
18468
46261
18469
47482
18472
46265
18473
47484
18476
46269
18477
47486
18480
46273
18481
47488
18484
46277
18485
47490
18488
46281
18489
47492
18492
46285
18493
47494
18496
46289
18497
47496
18500
46293
18501
47498
18504
46297
18505
47500
18508
46301
18509
47502
18512
46305
18513
47504
18516
46309
18517
47506
18520
46313
18521
47508
18524
46317
18525
47510
18528
46321
18529
47512
18532
46325
18533
47514
18536
46327
18537
18540
18541
47516
18542
46403
18543
47518
18546
46401
18547
47520
18550
47522
46399
18551
47524
18554
46347
18555
47526
18558
46351
18559
47528
18562
46355
18563
47530
18566
47532
46359
18567
47534
18570
47536
46363
18571
47538
18574
47540
46367
18575
47542
18578
47544
46371
18579
47546
18582
47548
46375
18583
47550
18586
47552
46379
18587
47554
18590
47556
46383
18591
47558
18594
47560
46387
18595
47562
18598
47564
46391
18599
47566
18602
47568
46395
18603
47570
18606
47572
46397
18607
47574
47576
47578
47580
18610
18611
47582
18612
47584
46441
18613
47586
18616
46439
18617
47588
18620
46437
18621
47590
18624
46417
18625
47592
18628
47594
46421
18629
47596
18632
47598
46425
18633
47600
18636
47602
46429
18637
47604
18640
47606
46433
18641
47608
18644
47610
46435
18645
47612
47614
47616
47618
18648
18649
47620
18650
47622
46479
18651
47624
18654
46477
18655
47626
18658
46475
18659
47628
18662
46455
18663
47630
18666
47632
46459
18667
47634
18670
47636
46463
18671
47638
18674
47640
46467
18675
47642
18678
47644
46471
18679
47646
18682
47648
46473
18683
47650
47652
47654
47656
18686
18687
47658
18688
47660
46517
18689
47662
18692
46515
18693
47664
18696
46513
18697
47666
18700
46493
18701
47668
18704
47670
46497
18705
47672
18708
47674
46501
18709
47676
18712
47678
46505
18713
47680
18716
47682
46509
18717
47684
18720
47686
46511
18721
47688
47690
47692
47694
18724
18725
47696
18726
47698
46555
18727
47700
18730
46553
18731
47702
18734
46551
18735
47704
18738
46531
18739
47706
18742
47708
46535
18743
47710
18746
47712
46539
18747
47714
18750
47716
46543
18751
47718
18754
47720
46547
18755
47722
18758
47724
46549
18759
47726
47728
47730
47732
18762
18763
47734
18764
47736
46593
18765
47738
18768
46591
18769
47740
18772
46589
18773
47742
18776
46569
18777
47744
18780
47746
46573
18781
47748
18784
47750
46577
18785
47752
18788
47754
46581
18789
47756
18792
47758
46585
18793
47760
18796
47762
46587
18797
47764
47766
47768
47770
18800
18801
47772
18802
47774
46631
18803
47776
18806
46629
18807
47778
18810
46627
18811
47780
18814
46607
18815
47782
18818
47784
46611
18819
47786
18822
47788
46615
18823
47790
18826
47792
46619
18827
47794
18830
47796
46623
18831
47798
18834
47800
46625
18835
47802
47804
47806
47808
18838
18839
47810
18840
47812
46939
18841
47814
18844
46937
18845
47816
47818
47820
47822
47824
47826
18848
18849
18852
46935
18853
18856
46651
18857
18860
47828
46653
18861
18864
47830
46655
18865
18868
47832
46659
18869
47834
18872
47836
46663
18873
47838
18876
47840
46667
18877
47842
18880
47844
46681
18881
47846
47848
47850
47852
47854
47856
18884
18885
18888
47858
46683
18889
18892
47860
46685
18893
18896
47862
46687
18897
18900
47864
46689
18901
18904
47866
46693
18905
47868
18908
47870
46697
18909
47872
18912
47874
46701
18913
47876
18916
47878
46715
18917
47880
47882
47884
47886
47888
47890
18920
18921
18924
47892
46717
18925
18928
47894
46719
18929
18932
47896
46721
18933
18936
47898
46723
18937
18940
47900
46727
18941
47902
18944
47904
46731
18945
47906
18948
47908
46735
18949
47910
18952
47912
46749
18953
47914
47916
47918
47920
47922
47924
18956
18957
18960
47926
46751
18961
18964
47928
46753
18965
18968
47930
46755
18969
18972
47932
46757
18973
18976
47934
46761
18977
47936
18980
47938
46765
18981
47940
18984
47942
46769
18985
47944
18988
47946
46783
18989
47948
47950
47952
47954
47956
47958
18992
18993
18996
47960
46785
18997
19000
47962
46787
19001
19004
47964
46789
19005
19008
47966
46791
19009
19012
47968
46795
19013
47970
19016
47972
46799
19017
47974
19020
47976
46803
19021
47978
19024
47980
46817
19025
47982
47984
47986
47988
47990
47992
19028
19029
19032
47994
46819
19033
19036
47996
46821
19037
19040
47998
46823
19041
19044
48000
46825
19045
19048
48002
46829
19049
48004
19052
48006
46833
19053
48008
19056
48010
46837
19057
48012
19060
48014
46851
19061
48016
48018
48020
48022
48024
48026
19064
19065
19068
48028
46853
19069
19072
48030
46855
19073
19076
48032
46857
19077
19080
48034
46859
19081
19084
48036
46863
19085
48038
19088
48040
46867
19089
48042
19092
48044
46871
19093
48046
19096
48048
46933
19097
48050
48052
48054
48056
48058
48060
19100
19101
48062
19104
19105
48064
19108
19109
48066
19112
19113
48068
19116
19117
48070
19120
19121
48072
19124
19125
48074
19128
19129
48076
19132
19133
48078
19136
19137
48080
19140
19141
48082
19144
19145
48084
19148
19149
48086
19152
19153
48088
19156
19157
48090
19160
19161
48092
19164
19165
48094
19168
19169
48096
19172
19173
48098
19176
19177
48100
19180
19181
48102
19184
19185
48104
19188
19189
48106
19192
48108
48110
48112
48114
48116
48118
48120
48122
48124
47031
19193
48126
19196
48128
48130
48132
48134
48136
48138
48140
48142
48144
48146
48148
48150
47035
19197
48152
19200
48154
48156
48158
48160
48162
48164
48166
48168
48170
48172
48174
48176
47039
19201
48178
19204
48180
48182
48184
48186
48188
48190
48192
48194
48196
48198
48200
48202
48204
48206
48208
48210
48212
48214
48216
48218
48220
48222
48224
48226
48228
48230
48232
48234
48236
48238
48240
48242
48244
48246
48248
48250
48252
48254
48256
48258
48260
48262
48264
48266
48268
47043
19205
48270
19208
19209
48272
19212
48274
47049
19213
48276
19216
48278
47053
19217
48280
19220
48282
47057
19221
48284
19224
48286
47061
19225
48288
19228
19229
48290
19232
48292
47067
19233
48294
19236
48296
47071
19237
48298
19240
48300
47075
19241
48302
19244
48304
47079
19245
48306
19248
19249
48308
19252
48310
47085
19253
48312
19256
48314
47089
19257
48316
19260
48318
47093
19261
48320
19264
48322
47097
19265
48324
19268
19269
48326
19272
19273
48328
19276
19277
48330
19280
19281
48332
19284
19285
48334
19288
19289
48336
19292
19293
48338
19296
19297
48340
19300
19301
48342
19304
19305
48344
19308
48346
47121
19309
48348
19312
48350
47125
19313
48352
19316
48354
47129
19317
48356
19320
48358
47133
19321
48360
19324
48362
47137
19325
48364
19328
48366
47141
19329
48368
19332
48370
47145
19333
48372
19336
19337
48374
19340
48376
47151
19341
48378
19344
48380
47155
19345
48382
19348
48384
47159
19349
48386
19352
48388
47163
19353
48390
19356
19357
48392
19360
48394
47169
19361
48396
19364
47173
19365
48398
19368
48400
47177
19369
48402
19372
48404
47181
19373
48406
19376
19377
48408
19380
48410
47187
19381
48412
19384
48414
47191
19385
48416
19388
48418
47195
19389
48420
19392
48422
47199
19393
48424
19396
48426
47203
19397
48428
19400
48430
47207
19401
48432
19404
48434
47211
19405
48436
19408
48438
47215
19409
48440
19412
48442
47219
19413
48444
19416
48446
47223
19417
48448
19420
48450
47227
19421
48452
19424
48454
47231
19425
48456
19428
48458
47235
19429
48460
19432
48462
47239
19433
48464
19436
48466
47243
19437
48468
19440
48470
47247
19441
48472
19444
48474
47251
19445
48476
19448
48478
47255
19449
48480
19452
48482
47259
19453
48484
19456
48486
47263
19457
48488
19460
48490
47267
19461
48492
19464
48494
47271
19465
48496
19468
48498
47279
19469
19472
47277
19473
48500
48502
19476
48504
48506
47283
19477
48508
19480
48510
47287
19481
48512
19484
48514
47291
19485
48516
19488
48518
47299
19489
19492
47297
19493
48520
48522
19496
48524
48526
47303
19497
48528
19500
48530
47307
19501
48532
19504
48534
47311
19505
48536
19508
48538
47319
19509
19512
47317
19513
48540
48542
19516
48544
48546
47323
19517
48548
19520
48550
47327
19521
48552
19524
48554
47331
19525
48556
19528
48558
47339
19529
19532
47337
19533
48560
48562
19537
48564
48566
47345
19538
26245
19539
46075
47343
19540
33834
19541
47351
19542
26262
19543
46085
47349
19544
33835
33836
19545
48568
48570
48572
48574
48576
47357
19546
26279
19547
46095
47355
19548
33837
33838
19549
47363
19550
26296
19551
46105
47361
19552
33839
33840
19553
47369
19554
26313
19555
46115
47367
19556
33841
33842
19557
47375
19558
26330
19559
46125
47373
19560
33843
33844
19561
47381
19562
26347
19563
46135
47379
19564
33845
33846
19565
19566
26364
19567
47029
19568
33847
33848
19569
19570
19573
48267
19574
19577
48265
19578
19581
48263
19582
19585
48261
19586
19589
48259
19590
48578
19593
48257
19594
48580
19597
48255
19598
48582
19601
48253
19602
48584
19605
48251
19606
48586
19609
48249
19610
48588
19613
48247
19614
48590
19617
48245
19618
48592
19621
48243
19622
48594
19625
48241
19626
48596
19629
48239
19630
48598
19633
48237
19634
48600
19637
48235
19638
48602
19641
48233
19642
48604
19645
48231
19646
48606
19649
48229
19650
48608
19653
48227
19654
48610
19657
48225
19658
48612
19661
48223
19662
48614
19665
48221
19666
48616
19669
48219
19670
48618
19673
48217
19674
48620
19677
48215
19678
48622
19681
48213
19682
48624
19685
48211
19686
48626
19689
48209
19690
48628
19693
48207
19694
48630
19697
48205
19698
48632
19701
48203
19702
48634
19705
48201
19706
48636
19709
48199
19710
48638
19713
48197
19714
48640
19717
48195
19718
48642
19721
48193
19722
48644
19725
48191
19726
48646
19729
48189
19730
48648
19733
48187
19734
48650
19737
48185
19738
48652
19741
48183
19742
48654
19745
48181
19746
48656
19749
48658
48177
19750
48660
19753
48175
19754
48662
19757
48664
48173
19758
48666
19761
48171
19762
48668
19765
48670
48169
19766
48672
19769
48167
19770
48674
19773
48676
48165
19774
48678
19777
48680
48163
19778
48682
19781
48684
48161
19782
48686
19785
48688
48159
19786
48690
19789
48692
48157
19790
48694
19793
48696
48155
19794
48698
19797
48700
48151
19798
48702
19801
48704
48149
19802
48706
19805
48708
48147
19806
48710
19809
48712
48145
19810
48714
19813
48716
48143
19814
48718
19817
48720
48141
19818
48722
19821
48724
48139
19822
48726
19825
48728
48137
19826
48730
19829
48732
48135
19830
48734
19833
48736
48133
19834
48738
19837
48740
48131
19838
48742
19841
48744
48129
19842
48746
19845
48748
48125
19846
48750
19849
48752
48123
19850
48754
19853
48756
48121
19854
48758
48760
48762
48764
48766
48768
48770
48772
48774
48776
48778
48780
48782
48784
48786
48788
19857
19858
48790
19859
48119
19860
48792
19863
48117
19864
48794
19867
47581
19868
48796
19871
47579
19872
48798
19875
47577
19876
48800
19879
47533
19880
48802
19883
47537
19884
48804
19887
47541
19888
48806
19891
47545
19892
48808
19895
47549
19896
48810
19899
47553
19900
48812
19903
47557
19904
48814
19907
47561
19908
48816
19911
47565
19912
48818
19915
47569
19916
48820
19919
47573
19920
48822
19923
47575
19924
48824
19927
19928
48826
19929
47619
19930
48828
19933
47617
19934
48830
19937
47615
19938
48832
19941
47595
19942
48834
19945
47599
19946
48836
19949
48838
47603
19950
48840
19953
47607
19954
48842
19957
47611
19958
48844
19961
47613
19962
48846
48848
48850
48852
19965
19966
48854
19967
48856
47657
19968
48858
19971
47655
19972
48860
19975
47653
19976
48862
19979
47633
19980
48864
19983
48866
47637
19984
48868
19987
48870
47641
19988
48872
19991
48874
47645
19992
48876
19995
48878
47649
19996
48880
19999
48882
47651
20000
48884
48886
48888
48890
20003
20004
48892
20005
48894
47695
20006
48896
20009
47693
20010
48898
20013
47691
20014
48900
20017
47671
20018
48902
20021
48904
47675
20022
48906
20025
48908
47679
20026
48910
20029
48912
47683
20030
48914
20033
48916
47687
20034
48918
20037
48920
47689
20038
48922
48924
48926
48928
20041
20042
48930
20043
48932
47733
20044
48934
20047
47731
20048
48936
20051
47729
20052
48938
20055
47709
20056
48940
20059
48942
47713
20060
48944
20063
48946
47717
20064
48948
20067
48950
47721
20068
48952
20071
48954
47725
20072
48956
20075
48958
47727
20076
48960
48962
48964
48966
20079
20080
48968
20081
48970
47771
20082
48972
20085
47769
20086
48974
20089
47767
20090
48976
20093
47747
20094
48978
20097
48980
47751
20098
48982
20101
48984
47755
20102
48986
20105
48988
47759
20106
48990
20109
48992
47763
20110
48994
20113
48996
47765
20114
48998
49000
49002
49004
20117
20118
49006
20119
49008
47809
20120
49010
20123
47807
20124
49012
20127
47805
20128
49014
20131
47785
20132
49016
20135
49018
47789
20136
49020
20139
49022
47793
20140
49024
20143
49026
47797
20144
49028
20147
49030
47801
20148
49032
20151
49034
47803
20152
49036
49038
49040
49042
20155
20156
49044
20157
49046
48115
20158
49048
20161
48113
20162
49050
49052
49054
49056
49058
49060
20165
20166
20169
48111
20170
20173
47829
20174
20177
49062
47831
20178
20181
49064
47833
20182
20185
49066
47837
20186
49068
20189
49070
47841
20190
49072
20193
49074
47845
20194
49076
20197
49078
47859
20198
49080
49082
49084
49086
49088
49090
20201
20202
20205
49092
47861
20206
20209
49094
47863
20210
20213
49096
47865
20214
20217
49098
47867
20218
20221
49100
47871
20222
49102
20225
49104
47875
20226
49106
20229
49108
47879
20230
49110
20233
49112
47893
20234
49114
49116
49118
49120
49122
49124
20237
20238
20241
49126
47895
20242
20245
49128
47897
20246
20249
49130
47899
20250
20253
49132
47901
20254
20257
49134
47905
20258
49136
20261
49138
47909
20262
49140
20265
49142
47913
20266
49144
20269
49146
47927
20270
49148
49150
49152
49154
49156
49158
20273
20274
20277
49160
47929
20278
20281
49162
47931
20282
20285
49164
47933
20286
20289
49166
47935
20290
20293
49168
47939
20294
49170
20297
49172
47943
20298
49174
20301
49176
47947
20302
49178
20305
49180
47961
20306
49182
49184
49186
49188
49190
49192
20309
20310
20313
49194
47963
20314
20317
49196
47965
20318
20321
49198
47967
20322
20325
49200
47969
20326
20329
49202
47973
20330
49204
20333
49206
47977
20334
49208
20337
49210
47981
20338
49212
20341
49214
47995
20342
49216
49218
49220
49222
49224
49226
20345
20346
20349
49228
47997
20350
20353
49230
47999
20354
20357
49232
48001
20358
20361
49234
48003
20362
20365
49236
48007
20366
49238
20369
49240
48011
20370
49242
20373
49244
48015
20374
49246
20377
49248
48029
20378
49250
49252
49254
49256
49258
49260
20381
20382
20385
49262
48031
20386
20389
49264
48033
20390
20393
49266
48035
20394
20397
49268
48037
20398
20401
49270
48041
20402
49272
20405
49274
48045
20406
49276
20409
49278
48049
20410
49280
20413
49282
48109
20414
49284
49286
49288
49290
49292
49294
20417
20418
49296
20421
20422
49298
20425
20426
49300
20429
20430
49302
20433
20434
49304
20437
20438
49306
20441
20442
49308
20445
20446
49310
20449
20450
49312
20453
20454
49314
20457
20458
49316
20461
20462
49318
20465
20466
49320
20469
20470
49322
20473
20474
49324
20477
20478
49326
20481
20482
49328
20485
20486
49330
20489
20490
49332
20493
20494
49334
20497
20498
49336
20501
20502
49338
20505
20506
49340
20509
20510
49342
20513
20514
49344
20517
49346
49348
49350
49352
49354
49356
49358
49360
49362
49364
49366
49368
49370
49372
49374
49376
49378
49380
49382
49384
49386
49388
49390
49392
49394
49396
49398
49400
49402
49404
49406
49408
49410
49412
49414
48269
20518
49416
20521
20522
49418
20525
49420
49422
49424
49426
49428
49430
49432
49434
49436
49438
49440
49442
48275
20526
49444
20529
49446
49448
49450
49452
49454
49456
49458
48279
20530
49460
20533
49462
49464
49466
49468
49470
49472
49474
49476
49478
49480
49482
49484
49486
49488
49490
49492
49494
48283
20534
49496
20537
49498
48287
20538
49500
20541
20542
49502
20545
49504
48293
20546
49506
20549
49508
48297
20550
49510
20553
49512
48301
20554
49514
20557
49516
48305
20558
49518
20561
20562
49520
20565
49522
48311
20566
49524
20569
49526
48315
20570
49528
20573
49530
48319
20574
49532
20577
49534
48323
20578
49536
20581
20582
49538
20585
20586
49540
20589
20590
49542
20593
20594
49544
20597
20598
49546
20601
20602
49548
20605
20606
49550
20609
20610
49552
20613
20614
49554
20617
20618
49556
20621
49558
48347
20622
49560
20625
49562
48351
20626
49564
20629
49566
48355
20630
49568
20633
49570
48359
20634
49572
20637
49574
48363
20638
49576
20641
49578
48367
20642
49580
20645
49582
48371
20646
49584
20649
20650
49586
20653
49588
48377
20654
49590
20657
49592
48381
20658
49594
20661
49596
48385
20662
49598
20665
49600
48389
20666
49602
20669
20670
49604
20673
49606
48395
20674
49608
20677
20678
49610
20681
49612
48401
20682
49614
20685
49616
48405
20686
49618
20689
49620
48577
20690
49622
20693
49624
48411
20694
49626
20697
49628
48415
20698
49630
20701
49632
48419
20702
49634
20705
49636
48423
20706
49638
20709
49640
48427
20710
49642
20713
49644
48431
20714
49646
20717
49648
48435
20718
49650
20721
49652
48439
20722
49654
20725
49656
48443
20726
49658
20729
49660
48447
20730
49662
20733
49664
48451
20734
49666
20737
49668
48455
20738
49670
20741
49672
48459
20742
49674
20745
49676
48463
20746
49678
20749
49680
48467
20750
49682
20753
49684
48471
20754
49686
20757
49688
48475
20758
49690
20761
49692
48479
20762
49694
20765
49696
48483
20766
49698
20769
49700
48487
20770
49702
20773
49704
48491
20774
49706
20777
49708
48495
20778
49710
20781
49712
48499
20782
49714
20785
49716
48507
20786
20789
48505
20790
49718
49720
20793
49722
49724
48511
20794
49726
20797
49728
48515
20798
49730
20801
49732
48519
20802
49734
20805
49736
48527
20806
20809
48525
20810
49738
49740
20813
49742
49744
48531
20814
49746
20817
49748
48535
20818
49750
20821
49752
48539
20822
49754
20825
49756
48547
20826
20829
48545
20830
49758
49760
20833
49762
49764
48551
20834
49766
20837
49768
48555
20838
49770
20841
49772
48559
20842
49774
20845
49776
48567
20846
20849
48565
20850
49778
49780
20854
20855
26503
20858
49493
20859
27034
20862
49491
20863
27037
20866
49489
20867
27064
20870
49487
20871
27067
20874
49485
20875
27094
49782
20878
49483
20879
27097
49784
20882
49481
20883
27124
49786
20886
49479
20887
27127
49788
20890
49477
20891
27154
49790
20894
49475
20895
27157
49792
20898
49473
20899
27184
49794
20902
49471
20903
27187
49796
20906
49469
20907
27214
49798
20910
49467
20911
27217
49800
20914
49465
20915
27244
49802
20918
49463
20919
27271
49804
20922
49459
20923
27274
49806
20926
49457
20927
27277
49808
20930
49455
20931
27280
49810
20934
49453
20935
27283
49812
20938
49451
20939
27286
49814
20942
49449
20943
27289
49816
20946
49447
20947
27292
49818
20950
49443
20951
27295
49820
20954
49441
20955
27322
49822
20958
49439
20959
27325
49824
20962
49437
20963
27328
49826
20966
49435
20967
27331
49828
20970
49433
20971
27334
49830
20974
49431
20975
27337
49832
20978
49429
20979
27340
49834
20982
49427
20983
27343
49836
20986
49425
20987
27346
49838
20990
49423
20991
27373
49840
20994
49421
20995
27376
49842
20998
49415
20999
27379
49844
21002
49413
21003
27382
49846
21006
49411
21007
27385
49848
21010
49409
21011
27388
49850
21014
49407
21015
27391
49852
21018
49405
21019
27394
49854
21022
49403
21023
27397
49856
21026
49401
21027
27424
49858
21030
49399
21031
27427
49860
21034
48789
21035
27430
49862
21038
48787
21039
27433
49864
21042
48785
21043
27436
49866
21046
48783
21047
27439
49868
21050
48781
21051
27442
49870
21054
48677
21055
27445
49872
21058
48681
21059
27448
49874
21062
48685
21063
27475
49876
21066
48689
21067
27478
49878
21070
48693
21071
27481
49880
21074
48697
21075
27484
49882
21078
48701
21079
27487
49884
21082
48705
21083
27490
49886
21086
48709
21087
27493
49888
21090
48713
21091
27496
49890
21094
48717
21095
27499
49892
21098
48721
21099
27526
49894
21102
48725
21103
27529
49896
21106
48729
21107
27532
49898
21110
48733
21111
27535
49900
21114
48737
21115
27538
49902
21118
48741
21119
27541
49904
21122
48745
21123
27544
49906
21126
48749
21127
27547
49908
21130
48753
21131
27550
49910
21134
48757
21135
27577
49912
21138
48759
21139
27580
21142
21143
49914
21144
49397
21145
27584
49916
21148
49395
21149
27587
49918
21152
49393
21153
27590
49920
21156
49391
21157
27593
49922
21160
49389
21161
27596
49924
21164
49387
21165
27599
49926
21168
49385
21169
27602
49928
21172
49383
21173
27629
49930
21176
49381
21177
27632
49932
21180
49379
21181
27635
49934
21184
49377
21185
27638
49936
21188
49375
21189
27641
49938
21192
49373
21193
27644
49940
21196
49371
21197
27647
49942
21200
49369
21201
27650
49944
21204
49367
21205
27653
49946
21208
49365
21209
27656
21212
21213
49948
21214
49363
21215
27660
49950
21218
49361
21219
27663
49952
21222
49359
21223
27666
49954
21226
49357
21227
27669
49956
21230
49355
21231
27672
49958
21234
48853
21235
27675
49960
21238
48851
21239
27678
49962
21242
48849
21243
27681
49964
21246
48847
21247
27684
21250
21251
49966
21252
48891
21253
27688
49968
21256
48889
21257
27691
49970
21260
48887
21261
27694
49972
21264
48867
21265
27697
49974
21268
48871
21269
27700
49976
21272
48875
21273
27703
49978
21276
48879
21277
27706
49980
21280
48883
21281
27709
49982
21284
48885
21285
27712
21288
21289
49984
21290
48929
21291
27716
49986
21294
48927
21295
27719
49988
21298
48925
21299
27722
49990
21302
48905
21303
27725
49992
21306
48909
21307
27728
49994
21310
48913
21311
27731
49996
21314
48917
21315
27734
49998
21318
48921
21319
27737
50000
21322
48923
21323
27740
21326
21327
50002
21328
48967
21329
27744
50004
21332
48965
21333
27747
50006
21336
48963
21337
27750
50008
21340
48943
21341
27753
50010
21344
48947
21345
27756
50012
21348
48951
21349
27759
50014
21352
48955
21353
27762
50016
21356
48959
21357
27765
50018
21360
48961
21361
27768
50020
21364
21365
50022
21366
49005
21367
27772
50024
21370
49003
21371
27775
50026
21374
49001
21375
27778
50028
21378
48981
21379
27781
50030
21382
48985
21383
27784
50032
21386
48989
21387
27787
50034
21390
48993
21391
27790
50036
21394
48997
21395
27793
50038
21398
48999
21399
27796
50040
21402
21403
50042
21404
49043
21405
27800
50044
21408
49041
21409
27803
50046
21412
49039
21413
27806
50048
21416
49019
21417
27809
50050
21420
49023
21421
27812
50052
21424
49027
21425
27815
50054
21428
49031
21429
27818
50056
21432
49035
21433
27821
50058
21436
49037
21437
27824
50060
21440
21441
50062
21442
49353
21443
27828
50064
21446
49351
21447
27831
50066
50068
50070
50072
50074
50076
21450
21451
21454
49349
21455
28569
21458
49063
21459
28572
21462
49065
21463
28575
21466
49067
21467
28578
21470
49071
21471
28581
50078
21474
49075
21475
28584
50080
21478
49079
21479
28587
50082
21482
49093
21483
28590
50084
50086
50088
50090
50092
50094
21486
21487
21490
49095
21491
28628
21494
49097
21495
28631
21498
49099
21499
28634
21502
49101
21503
28637
21506
49105
21507
28640
50096
21510
49109
21511
28643
50098
21514
49113
21515
28646
50100
21518
49127
21519
28649
50102
50104
50106
50108
50110
50112
21522
21523
21526
49129
21527
28687
21530
49131
21531
28690
21534
49133
21535
28693
21538
49135
21539
28696
21542
49139
21543
28699
50114
21546
49143
21547
28702
50116
21550
49147
21551
28705
50118
21554
49161
21555
28708
50120
50122
50124
50126
50128
50130
21558
21559
21562
49163
21563
28746
21566
49165
21567
28749
21570
49167
21571
28752
21574
49169
21575
28755
21578
49173
21579
28758
50132
21582
49177
21583
28761
50134
21586
49181
21587
28764
50136
21590
49195
21591
28767
50138
50140
50142
50144
50146
50148
21594
21595
21598
49197
21599
28805
21602
49199
21603
28808
21606
49201
21607
28811
21610
49203
21611
28814
21614
49207
21615
28817
50150
21618
49211
21619
28820
50152
21622
49215
21623
28823
50154
21626
49229
21627
28826
50156
50158
50160
50162
50164
50166
21630
21631
21634
49231
21635
28864
21638
49233
21639
28867
21642
49235
21643
28870
21646
49237
21647
28873
21650
49241
21651
28876
50168
21654
49245
21655
28879
50170
21658
49249
21659
28882
50172
21662
49263
21663
28885
50174
50176
50178
50180
50182
50184
21666
21667
21670
49265
21671
28923
21674
49267
21675
28926
21678
49269
21679
28929
21682
49271
21683
28932
21686
49275
21687
28935
50186
21690
49279
21691
28938
50188
21694
49283
21695
28941
50190
21698
49347
21699
28944
50192
50194
50196
50198
50200
50202
21702
21703
50204
21706
21707
50206
21710
21711
50208
21714
21715
50210
21718
21719
50212
21722
21723
50214
21726
21727
50216
21730
21731
50218
21734
21735
50220
21738
21739
50222
21742
21743
50224
21746
21747
50226
21750
21751
50228
21754
21755
50230
21758
21759
50232
21762
21763
50234
21766
21767
50236
21770
21771
50238
21774
21775
50240
21778
21779
50242
21782
21783
50244
21786
21787
50246
21790
21791
50248
21794
21795
50250
21798
21799
50252
21802
21803
50254
21806
21807
50256
21810
21811
50258
21814
50260
50262
49495
21815
50264
21818
50266
50268
50270
50272
50274
49499
21819
50276
21822
21823
50278
21826
50280
49505
21827
50282
21830
50284
49509
21831
50286
21834
50288
49513
21835
50290
21838
50292
49517
21839
50294
21842
21843
50296
21846
50298
49523
21847
50300
21850
50302
49527
21851
50304
21854
50306
49531
21855
50308
21858
50310
49535
21859
50312
21862
21863
50314
21866
21867
50316
21870
21871
50318
21874
21875
50320
21878
21879
50322
21882
21883
50324
21886
21887
50326
21890
21891
50328
21894
21895
50330
21898
21899
50332
21902
50334
49559
21903
50336
21906
50338
49563
21907
50340
21910
50342
49567
21911
50344
21914
50346
49571
21915
50348
21918
50350
49575
21919
50352
21922
50354
49579
21923
50356
21926
50358
49583
21927
50360
21930
21931
50362
21934
50364
49589
21935
50366
21938
50368
49593
21939
50370
21942
50372
49597
21943
50374
21946
50376
49601
21947
50378
21950
21951
50380
21954
50382
49607
21955
50384
21958
21959
50386
21962
50388
49613
21963
50390
21966
50392
49617
21967
50394
21970
50396
49621
21971
50398
21974
50400
49625
21975
50402
21978
50404
49629
21979
50406
21982
50408
49633
21983
50410
21986
50412
49637
21987
50414
21990
50416
49641
21991
50418
21994
50420
49645
21995
50422
21998
50424
49649
21999
50426
22002
50428
49653
22003
50430
22006
50432
49657
22007
50434
22010
50436
49661
22011
50438
22014
50440
49665
22015
50442
22018
50444
49669
22019
50446
22022
50448
49673
22023
50450
22026
50452
49677
22027
50454
22030
50456
49681
22031
50458
22034
50460
49685
22035
50462
22038
50464
49689
22039
50466
22042
50468
49693
22043
50470
22046
50472
49697
22047
50474
22050
50476
49701
22051
50478
22054
50480
49705
22055
50482
22058
50484
49709
22059
50486
22062
50488
49713
22063
50490
22066
50492
49717
22067
50494
22070
50496
49725
22071
22074
49723
22075
50498
50500
22078
50502
50504
49729
22079
50506
22082
50508
49733
22083
50510
22086
50512
49737
22087
50514
22090
50516
49745
22091
22094
49743
22095
50518
50520
22098
50522
50524
49749
22099
50526
22102
50528
49753
22103
50530
22106
50532
49757
22107
50534
22110
50536
49765
22111
22114
49763
22115
50538
50540
22118
50542
50544
49769
22119
50546
22122
50548
49773
22123
50550
22126
50552
49777
22127
50554
22130
22131
22134
50273
22135
50556
50558
22139
22140
28566
50560
22143
22144
28625
50562
22147
22148
28684
50564
22151
22152
28743
50566
22155
22156
28802
50568
22159
22160
28861
50570
22163
22164
28920
50572
22167
22168
28979
50574
22171
22172
50576
22175
22176
29961
50578
22179
22180
29964
50580
22183
22184
29967
50582
22187
22188
29970
50584
22191
22192
29973
50586
22195
22196
29976
50588
22199
22200
29979
50590
22203
22204
29982
50592
22207
22208
50594
22211
22212
30020
50596
22215
22216
30023
50598
22219
22220
30026
50600
22223
22224
30029
50602
22227
22228
30032
50604
22231
22232
30035
50606
22235
22236
30038
50608
22239
22240
30041
50610
22243
22244
50612
22247
22248
30079
50614
22251
22252
30082
50616
22255
22256
30085
50618
22259
22260
30088
50620
22263
22264
30091
50622
22267
22268
30094
50624
22271
22272
30097
50626
22275
22276
30100
50628
22279
50275
22280
50630
22283
22284
50632
22287
50281
22288
50634
22291
50285
22292
50636
22295
50289
22296
50638
22299
50293
22300
50640
22303
22304
50642
22307
50299
22308
50644
22311
50303
22312
50646
22315
50307
22316
50648
22319
50311
22320
50650
22323
22324
50652
22327
22328
50654
22331
22332
50656
22335
22336
50658
22339
22340
50660
22343
22344
50662
22347
22348
50664
22351
22352
50666
22355
22356
50668
22359
22360
50670
22363
50335
22364
50672
22367
50339
22368
50674
22371
50343
22372
50676
22375
50347
22376
50678
22379
50351
22380
50680
22383
50355
22384
50682
22387
50359
22388
50684
22391
22392
50686
22395
50365
22396
50688
22399
50369
22400
50690
22403
50373
22404
50692
22407
50377
22408
50694
22411
22412
50696
22415
50383
22416
50698
22419
22420
50700
22423
50389
22424
50702
22427
50393
22428
50704
22431
50397
22432
50706
22435
50401
22436
50708
22439
50405
22440
50710
22443
50409
22444
50712
22447
50413
22448
50714
22451
50417
22452
50716
22455
50421
22456
50718
22459
50425
22460
50720
22463
50429
22464
50722
22467
50433
22468
50724
22471
50437
22472
50726
22475
50728
50730
50441
22476
50732
22479
50734
50445
22480
50736
22483
50738
50449
22484
50740
22487
50742
50453
22488
50744
22491
50746
50457
22492
50748
22495
50750
50461
22496
50752
22499
50754
50465
22500
50756
22503
50758
50469
22504
50760
22507
50762
50473
22508
50764
22511
50766
50477
22512
50768
22515
50770
50481
22516
50772
22519
50774
50485
22520
50776
22523
50778
50489
22524
50780
22527
50782
50493
22528
50784
22531
50786
50497
22532
50788
22535
50790
50505
22536
22539
50503
22540
50792
50794
22543
50796
50798
50509
22544
50800
22547
50802
50513
22548
50804
22551
50806
50517
22552
50808
22555
50810
50525
22556
22559
50523
22560
50812
50814
22563
50816
50818
50529
22564
50820
22567
50822
50533
22568
50824
22571
50826
50537
22572
50828
22575
50830
50545
22576
22579
50543
22580
50832
50834
22583
50836
50838
50549
22584
50840
22587
50842
50553
22588
50844
22591
22592
50846
22595
22596
22599
50729
22600
50848
50850
22604
22605
29958
50852
22608
22609
30017
50854
22612
22613
30076
50856
22616
22617
30135
50858
22620
22621
50860
22624
22625
31121
50862
22628
22629
31124
50864
22632
22633
31127
50866
22636
22637
31130
50868
22640
22641
50870
22644
22645
31152
50872
22648
22649
31155
50874
22652
22653
31158
50876
22656
22657
31161
50878
22660
22661
50880
22664
22665
31183
50882
22668
22669
31186
50884
22672
22673
31189
50886
22676
22677
31192
50888
22680
22681
50890
22684
22685
50892
22688
22689
50894
22692
22693
50896
22696
22697
50898
22700
22701
50900
22704
22705
50902
22708
22709
50904
22712
22713
50906
22716
22717
50908
22720
22721
50910
22724
22725
50912
22728
22729
50914
22732
22733
50916
22736
22737
50918
22740
22741
50920
22744
22745
50922
22748
22749
50924
22752
22753
50926
22756
22757
50928
22760
22761
50930
22764
22765
50932
22768
22769
50934
22772
22773
50936
22776
22777
50938
22780
22781
50940
22784
22785
50942
22788
22789
50944
22792
22793
50946
22796
22797
50948
22800
22801
50950
22804
22805
50952
22808
50731
22809
50954
22812
50735
22813
50956
22816
50739
22817
50958
22820
50743
22821
50960
22824
50747
22825
50962
22828
50751
22829
50964
22832
50755
22833
50966
22836
50759
22837
50968
22840
50763
22841
50970
22844
50767
22845
50972
22848
50771
22849
50974
22852
50775
22853
50976
22856
50779
22857
50978
22860
50783
22861
50980
22864
50787
22865
50982
22868
50791
22869
50984
22872
50986
50988
50799
22873
22876
50797
22877
50990
50992
22880
50994
50996
50803
22881
50998
22884
51000
50807
22885
51002
22888
51004
50811
22889
51006
22892
51008
50819
22893
22896
50817
22897
51010
51012
22900
51014
51016
50823
22901
51018
22904
51020
50827
22905
51022
22908
51024
50831
22909
51026
22912
51028
50839
22913
22916
50837
22917
51030
51032
22920
51034
51036
50843
22921
51038
22924
22925
51040
22928
22929
51042
22932
22933
22936
50987
22937
51044
51046
22941
22942
31118
51048
22945
22946
31149
51050
22949
22950
31180
51052
22953
22954
31211
51054
22957
22958
51056
22961
22962
31361
51058
22965
22966
31364
51060
22969
22970
31367
51062
22973
22974
31370
51064
22977
22978
51066
22981
22982
31392
51068
22985
22986
31395
51070
22989
22990
31398
51072
22993
22994
31401
51074
22997
22998
51076
23001
23002
31423
51078
23005
23006
31426
51080
23009
23010
31429
51082
23013
23014
31432
51084
23017
23018
51086
23021
23022
51088
23025
23026
51090
23029
23030
51092
23033
23034
51094
23037
23038
51096
23041
23042
51098
23045
23046
51100
23049
23050
51102
23053
23054
51104
23057
23058
51106
23061
23062
51108
23065
23066
51110
23069
23070
51112
23073
23074
51114
23077
23078
51116
23081
23082
51118
23085
23086
51120
23089
23090
51122
23093
23094
51124
23097
23098
51126
23101
23102
51128
23105
23106
51130
23109
23110
51132
23113
23114
51134
23117
23118
51136
23121
23122
51138
23125
23126
51140
23129
23130
51142
23133
23134
51144
23137
23138
51146
23141
50989
23142
51148
23145
50997
23146
23149
50995
23150
51150
51152
23153
51001
23154
51154
23157
51005
23158
51156
23161
51009
23162
51158
23165
51017
23166
23169
51015
23170
51160
51162
23173
51021
23174
51164
23177
51025
23178
51166
23181
51029
23182
51168
23185
51037
23186
23189
51035
23190
51170
51172
23193
23194
51174
23197
23198
51176
23201
23202
51178
23205
23206
23209
23210
51180
51182
23214
23215
31358
51184
23218
23219
31389
51186
23222
23223
31420
51188
23226
23227
31451
51190
23230
23231
51192
23234
23235
31505
51194
23238
23239
31508
51196
23242
23243
31511
51198
23246
23247
31514
51200
23250
23251
51202
23254
23255
31536
51204
23258
23259
31539
51206
23262
23263
31542
51208
23266
23267
31545
51210
23270
23271
51212
23274
23275
31567
51214
23278
23279
31570
51216
23282
23283
31573
51218
23286
23287
31576
51220
23290
23291
51222
23294
23295
51224
23298
23299
51226
23302
23303
51228
23306
23307
51230
23310
23311
51232
23314
23315
51234
23318
23319
51236
23322
23323
51238
23326
23327
51240
23330
23331
51242
23334
23335
51244
23338
23339
51246
23342
23343
51248
23346
23347
51250
23350
23351
51252
23354
23355
23358
23359
51254
51256
23362
23363
51258
23366
23367
51260
23370
23371
51262
23374
23375
23378
23379
51264
51266
23382
23383
51268
23386
23387
51270
23390
23391
51272
23394
23395
23398
23399
51274
51276
23402
23403
51278
23406
23407
51280
23410
23411
51282
23414
23415
23418
23419
51284
51286
23423
23424
31502
51288
23427
23428
31533
51290
23431
23432
31564
51292
23435
23436
31595
51294
23439
23440
51296
23443
23444
31609
51298
23447
23448
31612
51300
23451
23452
31615
51302
23455
23456
31618
51304
23459
23460
51306
23463
23464
31632
51308
23467
23468
31635
51310
23471
23472
31638
51312
23475
23476
31641
51314
23479
23480
51316
23483
23484
31655
51318
23487
23488
31658
51320
23491
23492
31661
51322
23495
23496
31664
51324
23499
23500
23503
23504
51326
51328
23507
23508
51330
23511
23512
51332
23515
23516
51334
23519
23520
23523
23524
51336
51338
23527
23528
51340
23531
23532
51342
23535
23536
51344
23539
23540
23543
23544
51346
51348
23547
23548
51350
23551
23552
51352
23555
23556
51354
23559
23560
23563
23564
51356
51358
23568
23569
31606
51360
23572
23573
31629
51362
23576
23577
31652
51364
23580
23581
31675
23584
23585
31678
51366
51368
23588
23589
31681
51370
23592
23593
31684
51372
23596
23597
31687
51374
23600
23601
31690
23604
23605
31693
51376
51378
23608
23609
31696
51380
23612
23613
31699
51382
23616
23617
31702
51384
23620
23621
31705
23624
23625
31708
51386
51388
23628
23629
31711
51390
23632
23633
31714
51392
23636
23637
31717
51394
23640
23641
31720
23644
23645
31723
23649
23650
23651
23652
23655
23656
23657
23658
23661
23662
23663
23664
23667
23668
23669
23670
51396
23674
23675
51398
23678
23679
51400
23682
23683
51402
23686
23687
51404
23691
23692
51406
23695
23696
51408
23699
23700
51410
23703
23704
51412
23708
23709
51414
23712
23713
51416
23716
23717
51418
23720
23721
51420
23725
23726
51422
23729
23730
51424
23733
23734
51426
23737
23738
51428
23742
23743
51430
23746
23747
51432
23750
23751
51434
23754
23755
51436
23759
23760
51438
23763
23764
51440
23767
23768
51442
23771
23772
51444
23776
23777
51446
23780
23781
51448
23784
23785
51450
23788
23789
51452
23793
23794
51454
23797
23798
51456
23801
23802
51458
23805
23806
51460
23810
23811
51462
23814
23815
51464
23818
23819
51466
23822
23823
51468
23827
23828
51470
23831
23832
51472
23835
23836
51474
23839
23840
51476
23844
23845
35886
51478
23848
23849
35889
51480
23852
23853
35892
51482
23856
23857
35895
23861
23862
51484
23863
23864
23867
23868
51486
23869
23870
23873
23874
51488
23875
23876
23879
23880
51490
23881
23882
51492
23886
23887
51494
23890
23891
51496
23894
23895
51498
23898
23899
51500
23903
23904
51502
23907
23908
51504
23911
23912
51506
23915
23916
51508
23920
23921
51510
23924
23925
51512
23928
23929
51514
23932
23933
51516
23937
23938
51518
23941
23942
51520
23945
23946
51522
23949
23950
51524
23954
23955
51526
23958
23959
51528
23962
23963
51530
23966
23967
51532
23971
23972
51534
23975
23976
51536
23979
23980
51538
23983
23984
51540
23988
23989
51542
23992
23993
51544
23996
23997
51546
24000
24001
51548
24005
24006
51550
24009
24010
51552
24013
24014
51554
24017
24018
51556
24022
24023
51558
24026
24027
51560
24030
24031
51562
24034
24035
51564
24039
24040
51566
24043
24044
51568
24047
24048
51570
24051
24052
51572
24056
24057
35986
51574
24060
24061
35989
51576
24064
24065
35992
51578
24068
24069
35995
1556
1557
1560
42249
42257
51580
51582
51584
51586
51588
36707
1561
24849
24850
24851
24852
1564
42237
42243
36699
1565
24854
1568
38983
39005
36703
1569
24769
24856
1572
40471
36701
1573
24823
24828
24857
24858
1576
38949
38961
36705
1577
24860
1580
51590
36709
38909
38929
1581
24773
24775
24862
1590
36711
36721
36723
36725
1591
24863
24864
24865
24866
24867
1594
36713
38855
38889
1595
24869
1598
36715
38023
38027
1599
24724
24871
1602
38835
36717
1603
24757
24782
24872
24873
1606
36719
38019
38021
1607
24875
1610
36741
38015
38017
1611
24728
24730
24877
4173
38001
38013
4174
24732
26153
4177
37819
37997
37999
4178
26155
4181
37821
44755
37995
4182
26143
26145
26157
15348
44773
46067
15349
31740
15360
44771
15361
31737
31746
1612
1613
1614
1615
1616
1617
1620
36753
1621
24879
24880
24881
24882
1622
1623
1624
1625
1626
1627
1630
36743
1631
24884
24885
24886
24887
1634
36745
1635
24889
1638
36749
1639
24830
24891
1642
36747
1643
24848
24853
24892
24893
1646
36751
1647
24895
1650
36755
1651
24834
24836
24897
1660
36757
37167
37169
37171
1661
24898
24899
24900
24901
24902
1662
1663
1664
1665
1666
1667
1670
36769
1671
24904
24905
24906
24907
1672
1673
1674
1675
1676
1677
1680
36759
1681
24909
24910
24911
24912
1684
36761
1685
24914
1688
36765
1689
24855
24916
1692
36763
1693
24883
24888
24917
24918
1696
36767
1697
24920
1700
36771
1701
24859
24861
24922
1710
36773
37161
37163
37165
1711
24923
24924
24925
24926
24927
1714
36775
1715
24929
1718
36777
1719
24784
24931
1722
36779
1723
24843
24868
24932
24933
1726
36781
1727
24935
1730
36783
1731
24788
24790
24937
1734
36785
1735
24939
1986
36875
1987
25065
4185
37823
4186
24792
26159
4189
37825
4190
26161
4193
37827
4194
26147
26149
26163
4199
37829
4200
26166
4243
37849
4244
26152
26188
15352
44767
46141
15353
31742
15364
44781
46941
15365
31743
31748
18166
47341
48573
48575
18167
33147
33148
15372
44789
15373
31752
15376
44793
15377
31753
31754
18178
47347
48569
48571
18179
33149
33153
33154
15384
44801
15385
31758
15388
44805
15389
31759
31760
18190
47353
48777
48779
18191
33155
33159
33160
15396
44813
15397
31764
15400
44817
15401
31765
31766
18202
47359
48773
48775
18203
33161
33165
33166
15408
44825
15409
31770
15412
44829
15413
31771
31772
18214
47365
48769
48771
18215
33167
33171
33172
15420
44837
15421
31776
15424
44841
15425
31777
31778
18226
47371
48765
48767
18227
33173
33177
33178
15432
44849
15433
31782
15436
44853
15437
31783
31784
18238
47377
48761
48763
18239
33179
33183
33184
15444
44861
15445
31739
31741
31788
15448
44865
15449
31745
31747
31789
31790
18250
47383
48665
48671
18251
33185
33189
33190
20856
50077
48659
20857
34492
1736
1737
1738
1739
1740
1741
1744
36797
1745
24941
24942
24943
24944
1746
1747
1748
1749
1750
1751
1754
36787
1755
24946
24947
24948
24949
1758
36789
1759
24951
1762
36793
1763
24890
24953
1766
36791
1767
24908
24913
24954
24955
1770
36795
1771
24957
1774
36799
1775
24894
24896
24959
1784
36801
36975
37141
37157
1785
24960
24961
24962
24963
24964
1786
1787
1788
1789
1790
1791
1794
36813
1795
24966
24967
24968
24969
1796
1797
1798
1799
1800
1801
1804
36803
1805
24971
24972
24973
24974
1808
36805
1809
24976
1812
36809
1813
24915
24978
1816
36807
1817
24945
24950
24979
24980
1820
36811
1821
24982
1824
36815
1825
24919
24921
24984
1834
36817
36913
36971
36973
1835
24985
24986
24987
24988
24989
1838
36819
1839
24991
1842
36821
1843
24870
24993
1846
36823
1847
24903
24928
24994
24995
1850
36825
1851
24997
1854
36827
1855
24874
24876
24999
4203
37831
4204
24878
26168
4207
37833
4208
26170
4211
37835
4212
26154
26156
26172
4215
37837
4216
26174
4247
37851
4248
26158
26190
1856
1857
1858
1859
1860
1861
1864
36839
1865
25001
25002
25003
25004
1866
1867
1868
1869
1870
1871
1874
36829
1875
25006
25007
25008
25009
1878
36831
1879
25011
1882
36835
1883
24952
25013
1886
36833
1887
24970
24975
25014
25015
1890
36837
1891
25017
1894
36841
1895
24956
24958
25019
1904
36843
36907
36909
36911
1905
25020
25021
25022
25023
25024
1906
1907
1908
1909
1910
1911
1914
36855
1915
25026
25027
25028
25029
1916
1917
1918
1919
1920
1921
1924
36845
1925
25031
25032
25033
25034
1928
36847
1929
25036
1932
36851
1933
24977
25038
1936
36849
1937
25005
25010
25039
25040
1940
36853
1941
25042
1944
36857
1945
24981
24983
25044
1954
36859
36879
36881
36905
1955
25045
25046
25047
25048
25049
1958
36861
1959
25051
1962
36863
1963
24930
25053
1966
36865
1967
24965
24990
25054
25055
1970
36867
1971
25057
1974
36869
1975
24934
24936
25059
1978
36871
1979
25061
1990
36877
1991
25067
4219
37839
4220
24938
26176
1982
36873
37347
1983
25063
1994
36883
37345
1995
25064
25069
2506
37143
2507
24794
24940
25325
2510
37123
2511
24800
25066
25326
25327
4223
37841
4224
26178
4227
37843
4228
26160
26162
26180
4231
37845
4232
26182
4251
37853
4252
26164
26192
4237
37847
4238
26185
4257
37855
4258
26186
26195
16777
46073
16778
32453
32454
4365
37907
4366
26249
4371
37909
4372
26250
26252
16789
46083
16790
32455
32459
32460
4399
37921
4400
26266
4405
37923
4406
26267
26269
16801
46093
16802
32461
32465
32466
4433
37951
4434
26283
4439
37953
4440
26284
26286
16813
46103
16814
32467
32471
32472
4467
37971
4468
26300
4473
37973
4474
26301
26303
16825
46113
16826
32473
32477
32478
4501
38003
4502
26317
4507
38005
4508
26318
26320
16837
46123
16838
32479
32483
32484
4535
38035
4536
26334
4541
38037
4542
26335
26337
16849
46133
16850
32485
32489
32490
4569
38055
4570
26167
26175
26351
4575
38057
4576
26189
26191
26352
26354
16861
46145
16862
32491
32495
32496
19571
49061
19572
33849
33850
1996
1997
1998
1999
2000
2001
2004
36895
2005
25071
25072
25073
25074
2006
2007
2008
2009
2010
2011
2014
36885
2015
25076
25077
25078
25079
2018
36887
2019
25081
2022
36891
2023
25012
25083
2026
36889
2027
25030
25035
25084
25085
2030
36893
2031
25087
2034
36897
2035
25016
25018
25089
2044
36915
36899
36901
36903
2045
25090
25091
25092
25093
25094
2046
2047
2048
2049
2050
2051
2054
36927
2055
25096
25097
25098
25099
2056
2057
2058
2059
2060
2061
2064
36917
2065
25101
25102
25103
25104
2068
36919
2069
25106
2072
36923
2073
25037
25108
2076
36921
2077
25075
25080
25109
25110
2080
36925
2081
25112
2084
36929
2085
25041
25043
25114
2094
36931
36965
36967
36969
2095
25115
25116
25117
25118
25119
2098
36933
2099
25121
2102
36935
2103
24992
25123
2106
36937
2107
25025
25050
25124
25125
2110
36939
2111
25127
2114
36941
2115
24996
24998
25129
4261
37857
4262
25000
26197
4265
37859
4266
26199
4269
37861
4270
26169
26171
26201
4273
37863
4274
26203
4297
37875
4298
26173
26215
2116
2117
2118
2119
2120
2121
2124
36953
2125
25131
25132
25133
25134
2126
2127
2128
2129
2130
2131
2134
36943
2135
25136
25137
25138
25139
2138
36945
2139
25141
2142
36949
2143
25082
25143
2146
36947
2147
25100
25105
25144
25145
2150
36951
2151
25147
2154
36955
2155
25086
25088
25149
2164
36963
36957
36959
36961
2165
25150
25151
25152
25153
25154
2166
2167
2168
2169
2170
2171
2174
36987
2175
25156
25157
25158
25159
2176
2177
2178
2179
2180
2181
2184
36977
2185
25161
25162
25163
25164
2188
36979
2189
25166
2192
36983
2193
25107
25168
2196
36981
2197
25135
25140
25169
25170
2200
36985
2201
25172
2204
36989
2205
25111
25113
25174
2214
36991
37027
37029
37031
2215
25175
25176
25177
25178
25179
2218
36993
2219
25181
2222
36995
2223
25052
25183
2226
36997
2227
25095
25120
25184
25185
2230
36999
2231
25187
2234
37001
2235
25056
25058
25189
2238
37003
2239
25191
2490
37121
2491
25317
4277
37865
4278
25060
26205
4281
37867
4282
26207
4285
37869
4286
26177
26179
26209
4289
37871
4290
26211
4301
37877
4302
26181
26217
4293
37873
4294
26213
4305
37879
4306
26214
26219
15368
44785
15369
31749
31750
4375
37911
4376
26254
4379
37913
4380
26255
26256
15380
44797
15381
31751
31755
31756
4409
37925
4410
26271
4413
37927
4414
26272
26273
15392
44809
15393
31757
31761
31762
4443
37955
4444
26288
4447
37957
4448
26289
26290
15404
44821
15405
31763
31767
31768
4477
37975
4478
26305
4481
37977
4482
26306
26307
15416
44833
15417
31769
31773
31774
4511
38007
4512
26322
4515
38009
4516
26323
26324
15428
44845
15429
31775
31779
31780
4545
38039
4546
26339
4549
38041
4550
26340
26341
15440
44857
15441
31781
31785
31786
4579
38059
4580
26183
26204
26356
4583
38061
4584
26193
26216
26357
26358
15452
44869
15453
31787
31791
31792
18254
47827
18255
33191
33192
2240
2241
2242
2243
2244
2245
2248
37015
2249
25193
25194
25195
25196
2250
2251
2252
2253
2254
2255
2258
37005
2259
25198
25199
25200
25201
2262
37007
2263
25203
2266
37011
2267
25142
25205
2270
37009
2271
25160
25165
25206
25207
2274
37013
2275
25209
2278
37017
2279
25146
25148
25211
2288
37025
37019
37021
37023
2289
25212
25213
25214
25215
25216
2290
2291
2292
2293
2294
2295
2298
37043
2299
25218
25219
25220
25221
2300
2301
2302
2303
2304
2305
2308
37041
2309
25223
25224
25225
25226
2312
37039
2313
25228
2316
37035
2317
25167
25230
2320
37033
2321
25197
25202
25231
25232
2324
37037
2325
25234
2328
37113
2329
25171
25173
25236
2338
37045
37079
37081
37137
2339
25237
25238
25239
25240
25241
2342
37047
2343
25243
2346
37049
2347
25122
25245
2350
37051
2351
25155
25180
25246
25247
2354
37053
2355
25249
2358
37055
2359
25126
25128
25251
4309
37881
4310
25130
26221
4313
37883
4314
26223
4317
37885
4318
26198
26200
26225
4321
37887
4322
26227
4345
37899
4346
26202
26239
2360
2361
2362
2363
2364
2365
2368
37067
2369
25253
25254
25255
25256
2370
2371
2372
2373
2374
2375
2378
37057
2379
25258
25259
25260
25261
2382
37059
2383
25263
2386
37063
2387
25204
25265
2390
37061
2391
25222
25227
25266
25267
2394
37065
2395
25269
2398
37069
2399
25208
25210
25271
2408
37077
37071
37073
37075
2409
25272
25273
25274
25275
25276
2410
2411
2412
2413
2414
2415
2418
37093
2419
25278
25279
25280
25281
2420
2421
2422
2423
2424
2425
2428
37083
2429
25283
25284
25285
25286
2432
37085
2433
25288
2436
37089
2437
25229
25290
2440
37087
2441
25257
25262
25291
25292
2444
37091
2445
25294
2448
37095
2449
25233
25235
25296
2458
37097
37131
37133
37135
2459
25297
25298
25299
25300
25301
2462
37099
2463
25303
2466
37101
2467
25182
25305
2470
37103
2471
25217
25242
25306
25307
2474
37105
2475
25309
2478
37107
2479
25186
25188
25311
2482
37109
2483
25313
2494
37115
2495
25319
4325
37889
4326
25190
26229
2486
37111
2487
25315
2498
37117
2499
25316
25321
2514
37125
2515
25062
25192
25329
2518
37127
2519
25068
25318
25330
25331
2502
37119
37343
2503
25323
2522
37129
37341
2523
25324
25333
2596
37149
2597
24802
25070
25370
2600
37159
2601
24815
25328
25371
25372
2528
37139
37339
2529
25336
2606
37195
37337
37151
2607
25337
25375
3240
37629
3241
25692
3258
37617
37931
3259
25693
25701
4329
37891
4330
26231
4333
37893
4334
26206
26208
26233
4337
37895
4338
26235
4349
37901
4350
26210
26241
4341
37897
4342
26237
4353
37903
4354
26238
26243
4359
37905
4360
26196
26246
4383
37915
4384
26258
4387
37917
4388
26259
26260
4393
37919
4394
26247
26253
26263
4417
37929
4418
26275
4421
37937
4422
26276
26277
4427
37943
4428
26264
26270
26280
4451
37959
4452
26292
4455
37963
4456
26293
26294
4461
37967
4462
26281
26287
26297
4485
37979
4486
26309
4489
37985
4490
26310
26311
4495
37991
4496
26298
26304
26314
4519
38011
4520
26326
4523
38025
4524
26327
26328
4529
38031
4530
26315
26321
26331
4553
38043
4554
26343
4557
38045
4558
26344
26345
4563
38049
4564
26332
26338
26348
4587
38063
4588
26212
26228
26360
4591
38067
4592
26218
26240
26361
26362
4597
38069
4598
26349
26355
26365
16865
46649
16866
32497
32498
2608
2609
2610
2611
2612
2613
2616
37207
2617
25377
25378
25379
25380
2618
2619
2620
2621
2622
2623
2626
37205
2627
25382
25383
25384
25385
2630
37197
2631
25387
2634
37201
2635
25264
25389
2638
37199
2639
25282
25287
25390
25391
2642
37203
2643
25393
2646
37209
2647
25268
25270
25395
2656
37211
37987
37989
37993
2657
25396
25397
25398
25399
25400
2658
2659
2660
2661
2662
2663
2666
37223
2667
25402
25403
25404
25405
2668
2669
2670
2671
2672
2673
2676
37221
2677
25407
25408
25409
25410
2680
37213
2681
25412
2684
37217
2685
25289
25414
2688
37215
2689
25381
25386
25415
25416
2692
37219
2693
25418
2696
37225
2697
25293
25295
25420
2706
37227
37355
37981
37983
2707
25421
25422
25423
25424
25425
2710
37229
2711
25427
2714
37233
2715
25244
25429
2718
37231
2719
25277
25302
25430
25431
2722
37235
2723
25433
2726
37237
2727
25248
25250
25435
4601
38071
4602
25252
26367
4605
38073
4606
26369
4609
38075
4610
26222
26224
26371
4613
38077
4614
26373
4637
38089
4638
26226
26385
2728
2729
2730
2731
2732
2733
2736
37249
2737
25437
25438
25439
25440
2738
2739
2740
2741
2742
2743
2746
37247
2747
25442
25443
25444
25445
2750
37239
2751
25447
2754
37243
2755
25388
25449
2758
37241
2759
25406
25411
25450
25451
2762
37245
2763
25453
2766
37251
2767
25392
25394
25455
2776
37259
37253
37255
37257
2777
25456
25457
25458
25459
25460
2778
2779
2780
2781
2782
2783
2786
37271
2787
25462
25463
25464
25465
2788
2789
2790
2791
2792
2793
2796
37269
2797
25467
25468
25469
25470
2800
37261
2801
25472
2804
37265
2805
25413
25474
2808
37263
2809
25441
25446
25475
25476
2812
37267
2813
25478
2816
37273
2817
25417
25419
25480
2826
37275
37287
37289
37291
2827
25481
25482
25483
25484
25485
2830
37277
2831
25487
2834
37281
2835
25304
25489
2838
37279
2839
25401
25426
25490
25491
2842
37283
2843
25493
2846
37285
2847
25308
25310
25495
2850
37293
2851
25497
3078
37477
3079
25611
4617
38079
4618
25312
26375
4621
38081
4622
26377
4625
38083
4626
26230
26232
26379
4629
38085
4630
26381
4641
38091
4642
26234
26387
4633
38087
4634
26383
4645
38093
4646
26384
26389
4649
38095
4650
26220
26391
4653
38097
4654
26393
4657
38099
4658
26394
26395
4661
38101
4662
26257
26392
26397
4665
38103
4666
26399
4669
38105
4670
26400
26401
4673
38107
4674
26274
26398
26403
4677
38109
4678
26405
4681
38111
4682
26406
26407
4685
38113
4686
26291
26404
26409
4689
38115
4690
26411
4693
38117
4694
26412
26413
4697
38119
4698
26308
26410
26415
4701
38121
4702
26417
4705
38123
4706
26418
26419
4709
38125
4710
26325
26416
26421
4713
38127
4714
26423
4717
38129
4718
26424
26425
4721
38131
4722
26342
26422
26427
4725
38133
4726
26236
26374
26429
4729
38135
4730
26242
26386
26430
26431
4733
38137
4734
26359
26428
26433
15456
45383
15457
31793
31794
2852
2853
2854
2855
2856
2857
2860
37305
2861
25499
25500
25501
25502
2862
2863
2864
2865
2866
2867
2870
37303
2871
25504
25505
25506
25507
2874
37295
2875
25509
2878
37299
2879
25448
25511
2882
37297
2883
25466
25471
25512
25513
2886
37301
2887
25515
2890
37307
2891
25452
25454
25517
2900
37315
37309
37311
37313
2901
25518
25519
25520
25521
25522
2902
2903
2904
2905
2906
2907
2910
37327
2911
25524
25525
25526
25527
2912
2913
2914
2915
2916
2917
2920
37325
2921
25529
25530
25531
25532
2924
37323
2925
25534
2928
37321
2929
25473
25536
2932
37317
2933
25503
25508
25537
25538
2936
37319
2937
25540
2940
37475
2941
25477
25479
25542
2950
37399
37349
37351
37353
2951
25543
25544
25545
25546
25547
2954
37329
2955
25549
2958
37333
2959
25428
25551
2962
37331
2963
25461
25486
25552
25553
2966
37335
2967
25555
2970
37357
2971
25432
25434
25557
4737
38139
4738
25436
26435
4741
38141
4742
26437
4745
38143
4746
26368
26370
26439
4749
38145
4750
26441
4773
38157
4774
26372
26453
2972
2973
2974
2975
2976
2977
2980
37369
2981
25559
25560
25561
25562
2982
2983
2984
2985
2986
2987
2990
37367
2991
25564
25565
25566
25567
2994
37359
2995
25569
2998
37363
2999
25510
25571
3002
37361
3003
25528
25533
25572
25573
3024
37375
3025
25535
25570
25584
3028
37373
3029
25563
25568
25585
25586
3006
37365
3007
25575
3010
37371
3011
25514
25516
25577
3020
37379
37961
37965
37969
3021
25578
25579
25580
25581
25582
3032
37377
3033
25588
3036
37381
3037
25539
25541
25590
3046
37383
37945
37947
37949
3047
25591
25592
25593
25594
25595
3050
37385
3051
25597
3054
37389
3055
25488
25599
3058
37387
3059
25523
25548
25600
25601
3062
37391
3063
25603
3066
37393
3067
25492
25494
25605
3070
37395
3071
25607
3082
37401
3083
25613
4753
38147
4754
25496
26443
3074
37397
3075
25609
3086
37405
3087
25610
25615
3196
37455
3197
25314
25498
25670
3200
37457
3201
25320
25612
25671
25672
4757
38149
4758
26445
4761
38151
4762
26376
26378
26447
4765
38153
4766
26449
4777
38159
4778
26380
26455
4769
38155
4770
26451
4781
38161
4782
26452
26457
4785
38163
4786
26244
26459
4789
38165
4790
26461
4793
38167
4794
26462
26463
4797
38169
4798
26261
26460
26465
4801
38171
4802
26467
4805
38173
4806
26468
26469
4809
38175
4810
26278
26466
26471
4813
38177
4814
26473
4817
38179
4818
26474
26475
4821
38181
4822
26295
26472
26477
4825
38183
4826
26479
4829
38185
4830
26480
26481
4833
38187
4834
26312
26478
26483
4837
38189
4838
26485
4841
38191
4842
26486
26487
4845
38193
4846
26329
26484
26489
4849
38195
4850
26491
4853
38197
4854
26492
26493
4857
38199
4858
26346
26490
26495
4861
38201
4862
26382
26442
26497
4865
38203
4866
26388
26454
26498
26499
4869
38207
4870
26363
26496
26501
4875
39045
4876
26366
26504
3090
37403
3091
25617
3094
37407
3095
25574
25576
25619
3104
37409
37935
37939
37941
3105
25620
25621
25622
25623
25624
3108
37413
3109
25587
25589
25618
25626
3116
37415
37411
37933
3117
25627
25628
25629
25630
3120
37417
3121
25632
3124
37421
3125
25550
25634
3128
37419
3129
25583
25596
25635
25636
3140
37429
3141
25598
25633
25642
3144
37427
3145
25625
25631
25643
25644
3132
37423
3133
25638
3136
37425
3137
25554
25556
25640
7535
39047
7536
25558
27834
3148
37431
3149
25646
3152
37433
3153
25602
25604
25648
3156
37435
3157
25650
3180
37447
3181
25662
7551
39055
7552
25606
27842
3160
37437
3161
25652
3164
37439
3165
25637
25639
25654
3168
37441
3169
25645
25647
25653
25656
8267
39459
8268
25641
28200
3172
37443
3173
25658
3184
37449
3185
25664
8283
39467
8284
25649
28208
9831
40531
9832
25655
25657
28982
3176
37445
3177
25660
3188
37451
3189
25661
25666
3204
37459
3205
25608
25651
25659
25674
3208
37461
3209
25614
25663
25665
25675
25676
3192
37453
3193
25668
3212
37463
3213
25669
25678
3220
37467
3221
25322
25616
25667
25682
3224
37469
3225
25332
25673
25677
25683
25684
3216
37465
3217
25680
3228
37471
3229
25681
25686
3262
37479
3263
24818
25703
3266
37481
3267
25343
25704
25705
3276
37485
3277
25710
3280
37487
3281
25369
25711
25712
3288
37491
3289
25334
25679
25716
3292
37493
3293
25373
25685
25699
25717
25718
3234
37473
3235
25689
3272
37483
3273
25690
25708
3284
37489
3285
25714
3296
37495
3297
25715
25720
3332
37509
3333
25738
3336
37511
3337
25739
25740
3308
37499
3309
25726
3314
37501
3315
25727
25729
3318
37503
3319
25731
3322
37505
3323
25732
25733
3344
37515
3345
25744
3348
37517
3349
25745
25746
3302
37497
3303
25723
3328
37507
3329
25724
25736
3340
37513
3341
25742
3352
37519
3353
25743
25748
3388
37533
3389
25766
3392
37535
3393
25767
25768
3364
37523
3365
25754
3370
37525
3371
25755
25757
3374
37527
3375
25709
25759
3378
37529
3379
25730
25760
25761
3400
37539
3401
25721
25741
25772
3404
37541
3405
25734
25747
25773
25774
3358
37521
3359
25751
3384
37531
3385
25752
25764
3396
37537
3397
25770
3408
37543
3409
25771
25776
3444
37557
3445
25794
3448
37559
3449
25795
25796
3420
37547
3421
25782
3426
37549
3427
25783
25785
3430
37551
3431
25787
3434
37553
3435
25788
25789
3456
37563
3457
25800
3460
37565
3461
25801
25802
3414
37545
3415
25779
3440
37555
3441
25737
25780
25792
3452
37561
3453
25798
3464
37567
3465
25749
25799
25804
3500
37581
3501
25822
3504
37583
3505
25769
25823
25824
3476
37571
3477
25810
3482
37573
3483
25758
25811
25813
3486
37575
3487
25765
25815
3490
37577
3491
25762
25786
25816
25817
3512
37587
3513
25777
25797
25828
3516
37589
3517
25775
25790
25803
25829
25830
3470
37569
3471
25807
3496
37579
3497
25808
25820
3508
37585
3509
25826
3520
37591
3521
25827
25832
3526
37593
3527
25835
3594
37621
3595
25869
3626
37641
3627
25885
3658
37653
3659
25901
3690
37665
3691
25917
3722
37677
3723
25933
3754
37689
3755
25949
3786
37701
3787
25821
25965
3556
37605
3557
25850
3560
37607
3561
25851
25852
3564
37609
3565
25854
3604
37625
3605
25874
3636
37637
3637
25890
3668
37649
3669
25906
3700
37661
3701
25922
3732
37673
3733
25938
3764
37685
3765
25954
3796
37697
3797
25833
25853
25970
3532
37595
3533
25838
3538
37597
3539
25839
25841
3542
37599
3543
25793
25843
3546
37601
3547
25814
25844
25845
3552
37603
3553
25836
25848
3600
37623
3601
25870
25872
3632
37635
3633
25886
25888
3664
37647
3665
25902
25904
3696
37659
3697
25918
25920
3728
37671
3729
25934
25936
3760
37683
3761
25950
25952
3792
37695
3793
25842
25966
25968
3568
37611
3569
25805
25825
25856
3572
37613
3573
25818
25831
25857
25858
3576
37615
3577
25855
25860
3582
44761
3583
25849
25861
25863
3608
37627
3609
25875
25876
3614
37633
3615
25873
25877
25879
3640
37639
3641
25891
25892
3646
37645
3647
25889
25893
25895
3672
37651
3673
25907
25908
3678
37657
3679
25905
25909
25911
3704
37663
3705
25923
25924
3710
37669
3711
25921
25925
25927
3736
37675
3737
25939
25940
3742
37681
3743
25937
25941
25943
3768
37687
3769
25955
25956
3774
37693
3775
25953
25957
25959
3800
37699
3801
25846
25859
25971
25972
3806
37769
3807
25969
25973
25975
4015
37817
4016
26077
4021
37771
4022
26078
26080
4025
37773
4026
26082
4029
37775
4030
26083
26084
4066
37789
4067
26102
4070
37791
4071
26103
26104
4041
37779
4042
26090
4047
37781
4048
26091
26093
4051
37783
4052
25713
26095
4055
37785
4056
25719
26096
26097
4078
37795
4079
25376
25687
26108
4082
37797
4083
25702
25706
26109
26110
4035
37777
4036
26087
4061
37787
4062
26088
26100
4074
37793
4075
26106
4086
37799
4087
26107
26112
4091
37801
4092
26114
4095
37803
4096
26115
26116
4102
37805
4103
26119
4108
37807
4109
26120
26122
4113
37809
4114
26085
26124
4117
37811
4118
26098
26125
26126
4122
37813
4123
26081
26105
26128
4126
37815
4127
26094
26111
26129
26130
7539
39049
7540
27836
7543
39051
7544
26436
26438
27838
7555
39057
7556
27844
7559
39059
7560
26444
26446
27846
8271
39461
8272
28202
8275
39463
8276
27835
27837
28204
8287
39469
8288
28210
8291
39471
8292
27843
27845
28212
9835
40533
9836
28984
9839
40535
9840
28201
28203
28986
9847
40539
9848
28990
9851
40541
9852
28209
28211
28992
10815
41285
10816
28983
28985
28991
29474
7547
39053
7548
27840
7571
39065
7572
26440
27852
7563
39061
7564
27848
7575
39067
7576
26448
27854
8279
39465
8280
28206
8303
39477
8304
27839
28218
8295
39473
8296
28214
8307
39479
8308
27847
28220
9843
40537
9844
28988
9863
40547
9864
28205
28998
9855
40543
9856
28994
9867
40549
9868
28213
29000
10819
41287
10820
29476
10831
41293
10832
28987
29482
10823
41289
10824
29478
10835
41295
10836
28993
29475
29484
4063
26101
4088
26113
4097
26117
4110
26123
4119
26127
4128
26131
7567
39063
7568
27850
7579
39069
7580
27851
27856
7583
39071
7584
26390
27858
8299
39475
8300
28216
8311
39481
8312
28217
28222
8315
39483
8316
26458
28224
9859
40545
9860
28996
9871
40551
9872
28997
29002
9875
40553
9876
27857
29004
10827
41291
10828
29480
10839
41297
10840
29481
29486
10843
41299
10844
28223
29488
12143
42365
12144
29003
29487
30138
7587
39073
7588
27860
7591
39075
7592
27861
27862
7595
39077
7596
26396
27859
27864
8319
39485
8320
28226
8323
39487
8324
28227
28228
8327
39489
8328
26464
28225
28230
9879
40555
9880
29006
9883
40557
9884
29007
29008
9887
40559
9888
27863
29005
29010
10847
41301
10848
29490
10851
41303
10852
29491
29492
10855
41305
10856
28229
29489
29494
12147
42367
12148
29009
29493
30139
30140
7599
39079
7600
27866
7603
39081
7604
27867
27868
7607
39083
7608
26402
27865
27870
8331
39491
8332
28232
8335
39493
8336
28233
28234
8339
39495
8340
26470
28231
28236
9891
40561
9892
29012
9895
40563
9896
29013
29014
9899
40565
9900
27869
29011
29016
10859
41307
10860
29496
10863
41309
10864
29497
29498
10867
41311
10868
28235
29495
29500
12151
42369
12152
29015
29499
30141
30142
7611
39085
7612
27872
7615
39087
7616
27873
27874
7619
39089
7620
26408
27871
27876
8343
39497
8344
28238
8347
39499
8348
28239
28240
8351
39501
8352
26476
28237
28242
9903
40567
9904
29018
9907
40569
9908
29019
29020
9911
40571
9912
27875
29017
29022
10871
41313
10872
29502
10875
41315
10876
29503
29504
10879
41317
10880
28241
29501
29506
12155
42371
12156
29021
29505
30143
30144
7623
39091
7624
27878
7627
39093
7628
27879
27880
7631
39095
7632
26414
27877
27882
8355
39503
8356
28244
8359
39505
8360
28245
28246
8363
39507
8364
26482
28243
28248
9915
40573
9916
29024
9919
40575
9920
29025
29026
9923
40577
9924
27881
29023
29028
10883
41319
10884
29508
10887
41321
10888
29509
29510
10891
41323
10892
28247
29507
29512
12159
42373
12160
29027
29511
30145
30146
7635
39097
7636
27884
7639
39099
7640
27885
27886
7643
39101
7644
26420
27883
27888
8367
39509
8368
28250
8371
39511
8372
28251
28252
8375
39513
8376
26488
28249
28254
9927
40579
9928
29030
9931
40581
9932
29031
29032
9935
40583
9936
27887
29029
29034
10895
41325
10896
29514
10899
41327
10900
29515
29516
10903
41329
10904
28253
29513
29518
12163
42375
12164
29033
29517
30147
30148
7647
39103
7648
27890
7651
39105
7652
27891
27892
7655
39107
7656
26426
27889
27894
7659
39109
7660
26450
27841
27896
7663
39111
7664
26456
27853
27897
27898
7667
39113
7668
26432
27895
27900
7671
39457
7672
26434
27902
8379
39515
8380
28256
8383
39517
8384
28257
28258
8387
39519
8388
26494
28255
28260
8391
39521
8392
27849
28207
28262
8395
39523
8396
27855
28219
28263
28264
8399
39525
8400
26500
28261
28266
8403
39941
8404
26502
28268
9939
40585
9940
29036
9943
40587
9944
29037
29038
9947
40589
9948
27893
29035
29040
9951
40591
9952
28215
28989
29042
9955
40593
9956
28221
28999
29043
29044
9959
40595
9960
27899
29041
29046
9963
41063
9964
27901
29048
10907
41331
10908
29520
10911
41333
10912
29521
29522
10919
41337
10920
28995
29477
29479
29526
10923
41339
10924
29001
29483
29485
29527
29528
10915
41335
10916
28259
29519
29524
10927
41341
10928
28265
29525
29530
12167
42377
12168
29039
29523
30149
30150
12171
42379
12172
29045
29529
30151
30152
10931
41815
10932
28267
29532
12175
42873
12176
29047
30154
13139
43665
13140
29531
30153
30636
4937
39043
4938
26535
4945
38209
38749
38729
4946
26533
26536
26537
26539
5013
38213
5014
26573
5021
38215
38747
38727
5022
26571
26574
26575
26577
4951
38211
4952
26542
5027
38217
5028
26543
26580
5089
38219
5090
26611
5097
38221
38745
38725
5098
26609
26612
26613
26615
5103
38223
5104
26581
26618
5503
38259
5504
26818
5509
38261
5510
26819
26821
5515
38263
5516
26822
26824
5165
38225
5166
26649
5173
38227
38743
38723
5174
26647
26650
26651
26653
5179
38229
5180
26619
26656
5521
38265
5522
26825
26827
5565
38279
5566
26849
5571
38281
5572
26850
26852
5577
38283
5578
26853
26855
5583
38285
5584
26856
26858
5241
38231
5242
26687
5249
38233
38739
38721
5250
26685
26688
26689
26691
5255
38235
5256
26657
26694
5527
38267
5528
26828
26830
5589
38287
5590
26859
26861
5627
38299
5628
26880
5633
38301
5634
26881
26883
5639
38303
5640
26884
26886
5645
38305
5646
26887
26889
5651
38307
5652
26890
26892
5317
38237
5318
26725
5325
38239
38737
38719
5326
26723
26726
26727
26729
5331
38241
5332
26695
26732
5533
38269
5534
26831
26833
5595
38289
5596
26862
26864
5657
38309
5658
26893
26895
5689
38319
5690
26911
5695
38321
5696
26912
26914
5701
38323
5702
26915
26917
5707
38325
5708
26918
26920
5713
38327
5714
26921
26923
5719
38329
5720
26924
26926
5393
38243
5394
26763
5401
38245
38735
38717
5402
26761
26764
26765
26767
5407
38247
5408
26733
26770
5539
38271
5540
26834
26836
5601
38291
5602
26865
26867
5663
38311
5664
26896
26898
5725
38331
5726
26927
26929
5751
38339
5752
26942
5757
38341
5758
26943
26945
5763
38343
5764
26946
26948
5769
38345
5770
26949
26951
5775
38347
5776
26952
26954
5781
38349
5782
26955
26957
5787
38351
5788
26958
26960
5471
38249
5472
26802
5479
38251
38731
38715
5480
26800
26803
26804
26806
5485
38253
38713
5486
26771
26772
26809
5547
38273
38711
5548
26837
26838
26840
5609
38293
38709
5610
26868
26869
26871
5671
38313
38707
5672
26899
26900
26902
5733
38333
38705
5734
26930
26931
26933
5795
38353
38703
5796
26961
26962
26964
5491
38255
5492
26810
26812
5553
38275
5554
26841
26843
5615
38295
5616
26872
26874
5677
38315
5678
26903
26905
5739
38335
5740
26934
26936
5801
38355
5802
26965
26967
5813
38359
5814
26973
5819
38361
5820
26974
26976
5875
38379
5876
26540
27004
5881
38381
5882
26578
27005
27007
5825
38363
5826
26977
26979
5887
38383
5888
26616
27008
27010
5831
38365
5832
26980
26982
5893
38385
5894
26654
27011
27013
5837
38367
5838
26983
26985
5899
38387
5900
26692
27014
27016
5843
38369
5844
26986
26988
5905
38389
5906
26730
27017
27019
5849
38371
5850
26989
26991
5857
38373
38701
5858
26992
26993
26995
5911
38391
5912
26768
27020
27022
5919
38393
38699
5920
26807
27023
27024
27026
5863
38375
5864
26996
26998
5925
38395
5926
27027
27029
5497
38257
5498
26815
5559
38277
5560
26816
26846
5621
38297
5622
26847
26877
5683
38317
5684
26878
26908
5745
38337
5746
26909
26939
5807
38357
5808
26940
26970
5869
38377
5870
26971
27001
5931
38397
5932
27002
27032
5949
38403
5950
27041
5955
38405
5956
27042
27044
5961
38407
5962
27045
27047
5967
38409
5968
27048
27050
5973
38411
5974
27051
27053
5979
38413
5980
27054
27056
5985
38415
5986
27057
27059
5991
38417
5992
27060
27062
6009
38423
6010
27071
6015
38425
6016
27072
27074
6021
38427
6022
27075
27077
6027
38429
6028
27078
27080
6033
38431
6034
27081
27083
6039
38433
6040
27084
27086
6045
38435
6046
27087
27089
6051
38437
6052
27090
27092
6069
38443
6070
27101
6075
38445
6076
27102
27104
6081
38447
6082
27105
27107
6087
38449
6088
27108
27110
6093
38451
6094
27111
27113
6099
38453
6100
27114
27116
6105
38455
6106
27117
27119
6111
38457
6112
27120
27122
6129
38463
6130
27131
6135
38465
6136
27132
27134
6141
38467
6142
27135
27137
6147
38469
6148
27138
27140
6153
38471
6154
27141
27143
6159
38473
6160
27144
27146
6165
38475
6166
27147
27149
6171
38477
6172
27150
27152
6189
38483
6190
27161
6195
38485
6196
27162
27164
6201
38487
6202
27165
27167
6207
38489
6208
27168
27170
6213
38491
6214
27171
27173
6219
38493
6220
27174
27176
6225
38495
6226
27177
27179
6231
38497
6232
27180
27182
6249
38503
6250
27191
6255
38505
6256
27192
27194
6261
38507
6262
27195
27197
6267
38509
6268
27198
27200
6273
38511
6274
27201
27203
6279
38513
6280
27204
27206
6285
38515
6286
27207
27209
6291
38517
6292
27210
27212
6309
38523
6310
27221
6315
38525
6316
27222
27224
6321
38527
6322
27225
27227
6327
38529
6328
27228
27230
6333
38531
6334
27231
27233
6339
38533
6340
27234
27236
6345
38535
6346
27237
27239
6351
38537
6352
27240
27242
6363
38541
6364
27248
6369
38543
6370
27249
27251
6375
38545
6376
27252
27254
6381
38547
6382
27255
27257
6387
38549
6388
27258
27260
6393
38551
6394
27261
27263
6399
38553
6400
27264
27266
6405
38555
6406
27267
27269
6465
38575
6466
27299
6471
38577
6472
27300
27302
6477
38579
6478
27303
27305
6483
38581
6484
27306
27308
6489
38583
6490
27309
27311
6495
38585
6496
27312
27314
6501
38587
6502
27315
27317
6507
38589
6508
27318
27320
6567
38609
6568
27350
6573
38611
6574
27351
27353
6579
38613
6580
27354
27356
6585
38615
6586
27357
27359
6591
38617
6592
27360
27362
6597
38619
6598
27363
27365
6603
38621
6604
27366
27368
6609
38623
6610
27369
27371
6669
38643
6670
27401
6675
38645
6676
27402
27404
6681
38647
6682
27405
27407
6687
38649
6688
27408
27410
6693
38651
6694
27411
27413
6699
38653
6700
27414
27416
6705
38655
6706
27417
27419
6711
38657
6712
27420
27422
6771
38677
6772
27452
6777
38679
6778
27453
27455
6783
38681
6784
27456
27458
6789
38683
6790
27459
27461
6795
38685
6796
27462
27464
6801
38687
6802
27465
27467
6807
38689
6808
27468
27470
6813
38691
6814
27471
27473
6873
38767
6874
27503
6879
38769
6880
27504
27506
6885
38771
6886
27507
27509
6891
38773
6892
27510
27512
6897
38775
6898
27513
27515
6903
38777
6904
27516
27518
6909
38779
6910
27519
27521
6915
38781
6916
27522
27524
6975
38819
6976
27554
6981
38821
6982
27555
27557
7079
38859
7080
26813
27606
7085
38861
7086
26844
27607
27609
6987
38823
6988
27558
27560
7091
38863
7092
26875
27610
27612
6993
38825
6994
27561
27563
7097
38865
7098
26906
27613
27615
6999
38827
7000
27564
27566
7103
38867
7104
26937
27616
27618
7005
38829
7006
27567
27569
7109
38869
7110
26968
27619
27621
7011
38831
7012
27570
27572
7115
38871
7116
26999
27622
27624
7017
38833
7018
27573
27575
7121
38873
7122
27030
27625
27627
3819
37767
3820
25981
3825
37765
3826
25982
25984
3831
37763
3832
25985
25987
3837
37761
3838
25988
25990
3843
37759
3844
25991
25993
3849
37757
3850
25994
25996
3855
37705
3856
25997
25999
3861
37707
3862
26000
26002
3868
37709
3869
26005
3874
37711
3875
26006
26008
3880
37713
3881
26009
26011
3886
37715
3887
26012
26014
3892
37717
3893
26015
26017
3898
37719
3899
26018
26020
3904
37721
3905
26021
26023
3910
37723
3911
26024
26026
3917
37725
3918
26029
3923
37727
3924
26030
26032
3929
37729
3930
26033
26035
3935
37731
3936
26036
26038
3941
37733
3942
26039
26041
3947
37735
3948
26042
26044
3953
37737
3954
26045
26047
3959
37739
3960
26048
26050
3966
37741
3967
26053
3972
37743
3973
26054
26056
3978
37745
3979
26057
26059
3984
37747
3985
26060
26062
3990
37749
3991
26063
26065
3996
37751
3997
26066
26068
4002
37753
4003
26069
26071
4008
37755
4009
26072
26074
3588
37619
3589
25864
25866
3620
37631
3621
25867
25880
25882
3652
37643
3653
25883
25896
25898
3684
37655
3685
25899
25912
25914
3716
37667
3717
25915
25928
25930
3748
37679
3749
25931
25944
25946
3780
37691
3781
25947
25960
25962
3812
37703
3813
25963
25976
25978
3814
25979
3863
26003
3912
26027
3961
26051
4010
26075
5937
38399
5938
27035
7675
39455
7676
27904
8407
39939
8408
28270
9967
41061
9968
29050
10935
41813
10936
29534
12179
42871
12180
30156
13143
43663
13144
30638
5997
38419
5998
27065
7683
39117
7684
27908
8415
39529
8416
28274
9975
40599
9976
29054
10943
41345
10944
29538
12187
42383
12188
30160
13151
43169
13152
30642
15460
45381
15461
31796
15468
45379
15469
31800
16869
46647
16870
32500
6057
38439
6058
27095
7691
39121
7692
27912
8423
39533
8424
28278
9983
40603
9984
29058
10951
41349
10952
29542
12195
42387
12196
30164
13159
43173
13160
30646
16877
46645
16878
32504
18258
47825
18259
33194
15476
45377
15477
31804
18266
47823
18267
33198
6117
38459
6118
27125
7699
39125
7700
27916
8431
39537
8432
28282
9991
40607
9992
29062
10959
41353
10960
29546
19575
49059
19576
33852
12203
42391
12204
30168
13167
43177
13168
30650
16885
46643
16886
32508
19583
49057
19584
33856
15484
45375
15485
31808
18274
47821
18275
33202
6177
38479
6178
27155
7707
39129
7708
27920
8439
39541
8440
28286
9999
40611
10000
29066
10967
41357
10968
29550
12211
42395
12212
30172
13175
43181
13176
30654
16893
46641
16894
32512
19591
49055
19592
33860
20860
50075
20861
27033
34494
15492
44881
15493
31812
20868
50073
20869
27063
34498
20876
50071
20877
27093
34502
18282
47819
18283
33206
6237
38499
6238
27185
7715
39133
7716
27924
8447
39545
8448
28290
10007
40615
10008
29070
10975
41361
10976
29554
12219
42399
12220
30176
13183
43185
13184
30658
16901
46155
16902
32516
19599
49053
19600
33864
20884
50069
20885
27123
34506
15500
44885
15501
31816
18290
47393
18291
33210
6297
38519
6298
27215
6357
38539
6358
26505
27245
7723
39137
7724
27928
7731
39141
7732
27903
27932
8455
39549
8456
28294
8463
39553
8464
28269
28298
10015
40619
10016
29074
10023
40623
10024
29049
29078
10983
41365
10984
29558
10991
41369
10992
29533
29562
12227
42403
12228
30180
12235
42407
12236
30155
30184
13191
43189
13192
30662
13199
43193
13200
30637
30666
16909
46159
16910
32520
19607
48587
19608
33868
20892
49791
20893
27153
34510
15508
44889
15509
31820
15516
44893
15517
31795
31824
18298
47397
18299
33214
16917
46163
16918
32524
16925
46167
16926
32499
32528
19615
48591
19616
33872
20900
49795
20901
27183
34514
18306
47401
18307
33218
18314
47405
18315
33193
33222
19623
48595
19624
33876
19631
48599
19632
33851
33880
20908
49799
20909
27213
34518
20916
49803
20917
27243
34493
34522
5943
38401
5944
27038
6003
38421
6004
27039
27068
6063
38441
6064
27069
27098
6123
38461
6124
27099
27128
6183
38481
6184
27129
27158
6243
38501
6244
27159
27188
6303
38521
6304
27189
27218
6411
38557
6412
27219
27272
7679
39115
7680
27906
7687
39119
7688
27907
27910
7695
39123
7696
27911
27914
7703
39127
7704
27915
27918
7711
39131
7712
27919
27922
7719
39135
7720
27923
27926
7727
39139
7728
27927
27930
7735
39143
7736
27931
27934
8411
39527
8412
28272
8419
39531
8420
28273
28276
8427
39535
8428
28277
28280
8435
39539
8436
28281
28284
8443
39543
8444
28285
28288
8451
39547
8452
28289
28292
8459
39551
8460
28293
28296
8467
39555
8468
28297
28300
9971
40597
9972
29052
9979
40601
9980
29053
29056
9987
40605
9988
29057
29060
9995
40609
9996
29061
29064
10003
40613
10004
29065
29068
10011
40617
10012
29069
29072
10019
40621
10020
29073
29076
10027
40625
10028
29077
29080
10939
41343
10940
29536
10947
41347
10948
29537
29540
10955
41351
10956
29541
29544
10963
41355
10964
29545
29548
10971
41359
10972
29549
29552
10979
41363
10980
29553
29556
10987
41367
10988
29557
29560
10995
41371
10996
29561
29564
12183
42381
12184
30158
12191
42385
12192
30159
30162
12199
42389
12200
30163
30166
12207
42393
12208
30167
30170
12215
42397
12216
30171
30174
12223
42401
12224
30175
30178
12231
42405
12232
30179
30182
12239
42409
12240
30183
30186
13147
43167
13148
30640
13155
43171
13156
30641
30644
13163
43175
13164
30645
30648
13171
43179
13172
30649
30652
13179
43183
13180
30653
30656
13187
43187
13188
30657
30660
13195
43191
13196
30661
30664
13203
43195
13204
30665
30668
6423
38561
6424
27278
6429
38563
6430
27279
27281
6435
38565
6436
27282
27284
6441
38567
6442
27285
27287
6447
38569
6448
27288
27290
6453
38571
6454
27291
27293
6459
38573
6460
27294
27296
6513
38591
6514
27297
27323
7743
39147
7744
27938
7747
39149
7748
27939
27940
7751
39151
7752
27941
27942
7755
39153
7756
27943
27944
7759
39155
7760
27945
27946
7763
39157
7764
27947
27948
7767
39159
7768
27949
27950
7771
39161
7772
27951
27952
8475
39559
8476
28304
8479
39561
8480
28305
28306
8483
39563
8484
28307
28308
8487
39565
8488
28309
28310
8491
39567
8492
28311
28312
8495
39569
8496
28313
28314
8499
39571
8500
28315
28316
8503
39573
8504
28317
28318
10035
40629
10036
29084
10039
40631
10040
29085
29086
10043
40633
10044
29087
29088
10047
40635
10048
29089
29090
10051
40637
10052
29091
29092
10055
40639
10056
29093
29094
10059
40641
10060
29095
29096
10063
40643
10064
29097
29098
11003
41375
11004
29568
11007
41377
11008
29569
29570
11011
41379
11012
29571
29572
11015
41381
11016
29573
29574
11019
41383
11020
29575
29576
11023
41385
11024
29577
29578
11027
41387
11028
29579
29580
11031
41389
11032
29581
29582
12247
42413
12248
30190
12251
42415
12252
30191
30192
12255
42417
12256
30193
30194
12259
42419
12260
30195
30196
12263
42421
12264
30197
30198
12267
42423
12268
30199
30200
12271
42425
12272
30201
30202
12275
42427
12276
30203
30204
13211
43199
13212
30672
13215
43201
13216
30673
30674
13219
43203
13220
30675
30676
13223
43205
13224
30677
30678
13227
43207
13228
30679
30680
13231
43209
13232
30681
30682
13235
43211
13236
30683
30684
13239
43213
13240
30685
30686
15464
44877
15465
31798
15472
44873
15473
31799
31802
15480
44875
15481
31803
31806
15488
44879
15489
31807
31810
15496
44883
15497
31811
31814
15504
44887
15505
31815
31818
15512
44891
15513
31819
31822
15520
44895
15521
31823
31826
15528
44899
15529
31830
15532
44901
15533
31831
31832
15536
44903
15537
31833
31834
15540
44905
15541
31835
31836
15544
44907
15545
31837
31838
15548
44909
15549
31839
31840
15552
44911
15553
31841
31842
15556
44913
15557
31843
31844
16873
46151
16874
32502
16881
46147
16882
32503
32506
16889
46149
16890
32507
32510
16897
46153
16898
32511
32514
16905
46157
16906
32515
32518
16913
46161
16914
32519
32522
16921
46165
16922
32523
32526
16929
46169
16930
32527
32530
6525
38595
6526
27329
6531
38597
6532
27330
27332
6537
38599
6538
27333
27335
6543
38601
6544
27336
27338
6549
38603
6550
27339
27341
6555
38605
6556
27342
27344
6561
38607
6562
27345
27347
6615
38625
6616
27348
27374
7779
39165
7780
27956
7783
39167
7784
27957
27958
7787
39169
7788
27959
27960
7791
39171
7792
27961
27962
7795
39173
7796
27963
27964
7799
39175
7800
27965
27966
7803
39177
7804
27967
27968
7807
39179
7808
27969
27970
8511
39577
8512
28322
8515
39579
8516
28323
28324
8519
39581
8520
28325
28326
8523
39583
8524
28327
28328
8527
39585
8528
28329
28330
8531
39587
8532
28331
28332
8535
39589
8536
28333
28334
8539
39591
8540
28335
28336
10071
40647
10072
29102
10075
40649
10076
29103
29104
10079
40651
10080
29105
29106
10083
40653
10084
29107
29108
10087
40655
10088
29109
29110
10091
40657
10092
29111
29112
10095
40659
10096
29113
29114
10099
40661
10100
29115
29116
11039
41393
11040
29586
11043
41395
11044
29587
29588
11047
41397
11048
29589
29590
11051
41399
11052
29591
29592
11055
41401
11056
29593
29594
11059
41403
11060
29595
29596
11063
41405
11064
29597
29598
11067
41407
11068
29599
29600
12283
42431
12284
30208
12287
42433
12288
30209
30210
12291
42435
12292
30211
30212
12295
42437
12296
30213
30214
12299
42439
12300
30215
30216
12303
42441
12304
30217
30218
12307
42443
12308
30219
30220
12311
42445
12312
30221
30222
13247
43217
13248
30690
13251
43219
13252
30691
30692
13255
43221
13256
30693
30694
13259
43223
13260
30695
30696
13263
43225
13264
30697
30698
13267
43227
13268
30699
30700
13271
43229
13272
30701
30702
13275
43231
13276
30703
30704
16937
46173
16938
32534
16941
46175
16942
32535
32536
16945
46177
16946
32537
32538
16949
46179
16950
32539
32540
16953
46181
16954
32541
32542
16957
46183
16958
32543
32544
16961
46185
16962
32545
32546
16965
46187
16966
32547
32548
18262
47389
18263
33196
18270
47385
18271
33197
33200
18278
47387
18279
33201
33204
18286
47391
18287
33205
33208
18294
47395
18295
33209
33212
18302
47399
18303
33213
33216
18310
47403
18311
33217
33220
18318
47407
18319
33221
33224
15564
44917
15565
31848
51592
51594
51596
51598
51600
51602
15568
44919
15569
31849
31850
15572
44921
15573
31851
31852
15576
44923
15577
31853
31854
15580
44925
15581
31855
31856
15584
44927
15585
31857
31858
15588
44929
15589
31859
31860
15592
44931
15593
31861
31862
18326
47411
18327
33228
51604
51606
51608
51610
18330
47413
18331
33229
33230
18334
47415
18335
33231
33232
18338
47417
18339
33233
33234
18342
47419
18343
33235
33236
18346
47421
18347
33237
33238
18350
47423
18351
33239
33240
18354
47425
18355
33241
33242
6627
38629
6628
27380
6633
38631
6634
27381
27383
6639
38633
6640
27384
27386
6645
38635
6646
27387
27389
6651
38637
6652
27390
27392
6657
38639
6658
27393
27395
6663
38641
6664
27396
27398
6717
38659
6718
27399
27425
7815
39183
7816
27974
7819
39185
7820
27975
27976
7823
39187
7824
27977
27978
7827
39189
7828
27979
27980
7831
39191
7832
27981
27982
7835
39193
7836
27983
27984
7839
39195
7840
27985
27986
7843
39197
7844
27987
27988
8547
39595
8548
28340
51612
51614
51616
8551
39597
8552
28341
28342
8555
39599
8556
28343
28344
8559
39601
8560
28345
28346
8563
39603
8564
28347
28348
8567
39605
8568
28349
28350
8571
39607
8572
28351
28352
8575
39609
8576
28353
28354
10107
40665
10108
29120
10111
40667
10112
29121
29122
10115
40669
10116
29123
29124
10119
40671
10120
29125
29126
10123
40673
10124
29127
29128
10127
40675
10128
29129
29130
10131
40677
10132
29131
29132
10135
40679
10136
29133
29134
11075
41411
11076
29604
11079
41413
11080
29605
29606
11083
41415
11084
29607
29608
11087
41417
11088
29609
29610
11091
41419
11092
29611
29612
11095
41421
11096
29613
29614
11099
41423
11100
29615
29616
11103
41425
11104
29617
29618
19579
48583
19580
33854
51618
51620
51622
19587
48579
19588
33855
33858
19595
48581
19596
33859
33862
19603
48585
19604
33863
33866
19611
48589
19612
33867
33870
19619
48593
19620
33871
33874
19627
48597
19628
33875
33878
19635
48601
51601
19636
33879
33882
12319
42449
12320
30226
12323
42451
12324
30227
30228
12327
42453
12328
30229
30230
12331
42455
12332
30231
30232
12335
42457
12336
30233
30234
12339
42459
12340
30235
30236
12343
42461
12344
30237
30238
12347
42463
12348
30239
30240
13283
43235
13284
30708
13287
43237
13288
30709
30710
13291
43239
13292
30711
30712
13295
43241
13296
30713
30714
13299
43243
13300
30715
30716
13303
43245
13304
30717
30718
13307
43247
13308
30719
30720
13311
43249
13312
30721
30722
16973
46191
16974
32552
51624
51626
51628
51630
16977
46193
16978
32553
32554
16981
46195
16982
32555
32556
16985
46197
16986
32557
32558
16989
46199
16990
32559
32560
16993
46201
16994
32561
32562
16997
46203
16998
32563
32564
17001
46205
51605
17002
32565
32566
19643
48605
19644
33886
19647
48607
19648
33887
33888
19651
48609
19652
33889
33890
19655
48611
19656
33891
33892
19659
48613
19660
33893
33894
19663
48615
19664
33895
33896
19667
48617
19668
33897
33898
19671
48619
51613
19672
33899
33900
15600
44935
15601
31866
51632
51634
15604
44937
15605
31867
31868
15608
44939
15609
31869
31870
15612
44941
15613
31871
31872
15616
44943
15617
31873
31874
15620
44945
15621
31875
31876
15624
44947
15625
31877
31878
15628
44949
51629
15629
31879
31880
18362
47429
18363
33246
51636
51638
51640
18366
47431
18367
33247
33248
18370
47433
18371
33249
33250
18374
47435
18375
33251
33252
18378
47437
18379
33253
33254
18382
47439
18383
33255
33256
18386
47441
18387
33257
33258
18390
47443
18391
33259
33260
6729
38663
6730
27431
6735
38665
6736
27432
27434
6741
38667
6742
27435
27437
6747
38669
6748
27438
27440
6753
38671
6754
27441
27443
6759
38673
6760
27444
27446
6765
38675
6766
27447
27449
6819
38693
51599
6820
27450
27476
7851
39201
7852
27992
51642
51644
51646
51648
51650
7855
39203
7856
27993
27994
7859
39205
7860
27995
27996
7863
39207
7864
27997
27998
7867
39209
7868
27999
28000
7871
39211
7872
28001
28002
7875
39213
7876
28003
28004
7879
39215
7880
28005
28006
8583
39613
8584
28358
8587
39615
8588
28359
28360
8591
39617
8592
28361
28362
8595
39619
8596
28363
28364
8599
39621
8600
28365
28366
8603
39623
8604
28367
28368
8607
39625
8608
28369
28370
8611
39627
8612
28371
28372
10143
40683
10144
29138
10147
40685
10148
29139
29140
10151
40687
10152
29141
29142
10155
40689
10156
29143
29144
10159
40691
10160
29145
29146
10163
40693
10164
29147
29148
10167
40695
10168
29149
29150
10171
40697
10172
29151
29152
11111
41429
11112
29622
11115
41431
11116
29623
29624
11119
41433
11120
29625
29626
11123
41435
11124
29627
29628
11127
41437
11128
29629
29630
11131
41439
11132
29631
29632
11135
41441
11136
29633
29634
11139
41443
11140
29635
29636
12355
42467
12356
30244
51652
51654
51656
12359
42469
12360
30245
30246
12363
42471
12364
30247
30248
12367
42473
12368
30249
30250
12371
42475
12372
30251
30252
12375
42477
12376
30253
30254
12379
42479
12380
30255
30256
12383
42481
12384
30257
30258
13319
43253
13320
30726
13323
43255
13324
30727
30728
13327
43257
13328
30729
30730
13331
43259
13332
30731
30732
13335
43263
13336
30733
30734
13339
43267
13340
30735
30736
13343
43271
13344
30737
30738
13347
43275
13348
30739
30740
17009
46209
17010
32570
17013
46211
17014
32571
32572
17017
46213
17018
32573
32574
17021
46215
17022
32575
32576
17025
46217
17026
32577
32578
17029
46219
17030
32579
32580
17033
46221
17034
32581
32582
17037
46223
51637
17038
32583
32584
19679
48623
19680
33904
51658
51660
51662
19683
48625
19684
33905
33906
19687
48627
19688
33907
33908
19691
48629
19692
33909
33910
19695
48631
19696
33911
33912
19699
48633
19700
33913
33914
19703
48635
19704
33915
33916
19707
48637
51643
19708
33917
33918
20864
49787
20865
34496
51664
51666
20872
49783
20873
34497
34500
20880
49785
20881
34501
34504
20888
49789
20889
34505
34508
20896
49793
20897
34509
34512
20904
49797
20905
34513
34516
20912
49801
20913
34517
34520
20920
49805
51625
20921
27270
34521
34524
15636
44957
15637
31884
51668
15640
44961
15641
31885
31886
15644
44965
15645
31887
31888
15648
44969
15649
31889
31890
15652
44973
15653
31891
31892
15656
44977
15657
31893
31894
15660
44981
15661
31895
31896
15664
44985
51661
15665
31897
31898
20928
49809
20929
34528
51670
51672
20932
49811
20933
34529
34530
20936
49813
20937
34531
34532
20940
49815
20941
34533
34534
20944
49817
20945
34535
34536
20948
49819
20949
34537
34538
20952
49821
20953
34539
34540
20956
49823
51633
20957
27321
34541
34542
18398
47447
18399
33264
51674
18402
47449
18403
33265
33266
18406
47451
18407
33267
33268
18410
47453
18411
33269
33270
18414
47455
18415
33271
33272
18418
47457
18419
33273
33274
18422
47459
18423
33275
33276
18426
47461
51659
18427
33277
33278
6831
38697
6832
27482
51676
51678
6837
38733
6838
27483
27485
6843
38741
6844
27486
27488
6849
38753
6850
27489
27491
6855
38757
6856
27492
27494
6861
38761
6862
27495
27497
6867
38765
6868
27498
27500
6921
38785
51597
6922
27501
27527
7887
39219
7888
28010
51680
51682
51684
51686
51688
7891
39221
7892
28011
28012
7895
39223
7896
28013
28014
7899
39225
7900
28015
28016
7903
39227
7904
28017
28018
7907
39231
7908
28019
28020
7911
39235
7912
28021
28022
7915
39239
7916
28023
28024
8619
39633
8620
28376
8623
39635
8624
28377
28378
8627
39637
8628
28379
28380
8631
39641
8632
28381
28382
8635
39645
8636
28383
28384
8639
39649
8640
28385
28386
8643
39653
8644
28387
28388
8647
39657
8648
28389
28390
10179
40701
10180
29156
10183
40703
10184
29157
29158
10187
40705
10188
29159
29160
10191
40707
10192
29161
29162
10195
40709
10196
29163
29164
10199
40711
10200
29165
29166
10203
40713
10204
29167
29168
10207
40715
10208
29169
29170
11147
41447
11148
29640
11151
41449
11152
29641
29642
11155
41451
11156
29643
29644
11159
41453
11160
29645
29646
11163
41455
11164
29647
29648
11167
41457
11168
29649
29650
11171
41459
11172
29651
29652
11175
41461
11176
29653
29654
12391
42489
12392
30262
12395
42493
12396
30263
30264
12399
42497
12400
30265
30266
12403
42501
12404
30267
30268
12407
42505
12408
30269
30270
12411
42509
12412
30271
30272
12415
42513
12416
30273
30274
12419
42517
12420
30275
30276
13355
43283
13356
30744
51690
13359
43287
13360
30745
30746
13363
43291
13364
30747
30748
13367
43295
13368
30749
30750
13371
43299
13372
30751
30752
13375
43303
13376
30753
30754
13379
43307
13380
30755
30756
13383
43311
13384
30757
30758
20964
49827
20965
34546
51692
51694
20968
49829
20969
34547
34548
20972
49831
20973
34549
34550
20976
49833
20977
34551
34552
20980
49835
20981
34553
34554
20984
49837
20985
34555
34556
20988
49839
20989
34557
34558
20992
49841
51665
20993
27372
34559
34560
17045
46227
17046
32588
51696
17049
46229
17050
32589
32590
17053
46231
17054
32591
32592
17057
46235
17058
32593
32594
17061
46239
17062
32595
32596
17065
46243
17066
32597
32598
17069
46247
17070
32599
32600
17073
46251
51671
17074
32601
32602
19715
48641
19716
33922
51698
51700
19719
48643
19720
33923
33924
19723
48645
19724
33925
33926
19727
48647
19728
33927
33928
19731
48649
19732
33929
33930
19735
48651
19736
33931
33932
19739
48653
19740
33933
33934
19743
48655
51677
19744
33935
33936
15672
44993
15673
31902
51702
51704
15676
44997
15677
31903
31904
15680
45001
15681
31905
31906
15684
45005
15685
31907
31908
15688
45009
15689
31909
31910
15692
45013
15693
31911
31912
15696
45017
15697
31913
31914
15700
45021
51693
15701
31915
31916
18434
47465
18435
33282
51706
51708
18438
47467
18439
33283
33284
18442
47469
18443
33285
33286
18446
47471
18447
33287
33288
18450
47473
18451
33289
33290
18454
47475
18455
33291
33292
18458
47477
18459
33293
33294
18462
47479
51699
18463
33295
33296
6933
38793
6934
27533
51710
51712
6939
38797
6940
27534
27536
6945
38801
6946
27537
27539
6951
38805
6952
27540
27542
6957
38809
6958
27543
27545
6963
38813
6964
27546
27548
6969
38817
6970
27549
27551
7023
38837
51595
7024
27552
27578
7037
38841
7038
27036
27585
51714
51716
51718
51720
51722
51724
51726
7043
38843
7044
27066
27586
27588
7049
38847
7050
27096
27589
27591
7055
38849
7056
27126
27592
27594
7061
38851
7062
27156
27595
27597
7067
38853
7068
27186
27598
27600
7073
38857
7074
27216
27601
27603
7127
38875
51593
7128
27246
27604
27630
7923
39247
7924
28028
7927
39251
7928
28029
28030
7931
39255
7932
28031
28032
7935
39259
7936
28033
28034
7939
39263
7940
28035
28036
7943
39267
7944
28037
28038
7947
39271
7948
28039
28040
7951
39273
51715
7952
28041
28042
7961
39295
7962
27905
28047
7965
39297
7966
27909
28048
28049
7969
39299
7970
27913
28050
28051
7973
39301
7974
27917
28052
28053
7977
39303
7978
27921
28054
28055
7981
39305
7982
27925
28056
28057
7985
39307
7986
27929
28058
28059
7989
39309
7990
27933
28060
28061
8655
39665
8656
28394
8659
39669
8660
28395
28396
8663
39673
8664
28397
28398
8667
39677
8668
28399
28400
8671
39681
8672
28401
28402
8675
39685
8676
28403
28404
8679
39689
8680
28405
28406
8683
39693
8684
28407
28408
8693
39707
8694
28271
28413
8697
39709
8698
28275
28414
28415
8701
39711
8702
28279
28416
28417
8705
39713
8706
28283
28418
28419
8709
39715
8710
28287
28420
28421
8713
39717
8714
28291
28422
28423
8717
39719
8718
28295
28424
28425
8721
39721
8722
28299
28426
28427
10215
40719
10216
29174
10219
40721
10220
29175
29176
10223
40723
10224
29177
29178
10227
40727
10228
29179
29180
10231
40731
10232
29181
29182
10235
40735
10236
29183
29184
10239
40739
10240
29185
29186
10243
40743
10244
29187
29188
10253
40759
10254
29051
29193
10257
40761
10258
29055
29194
29195
10261
40763
10262
29059
29196
29197
10265
40765
10266
29063
29198
29199
10269
40769
10270
29067
29200
29201
10273
40773
10274
29071
29202
29203
10277
40777
10278
29075
29204
29205
10281
40781
10282
29079
29206
29207
11183
41469
11184
29658
11187
41473
11188
29659
29660
11191
41477
11192
29661
29662
11195
41481
11196
29663
29664
11199
41485
11200
29665
29666
11203
41489
11204
29667
29668
11207
41493
11208
29669
29670
11211
41497
11212
29671
29672
11221
41513
11222
29535
29677
11225
41515
11226
29539
29678
29679
11229
41517
11230
29543
29680
29681
11233
41519
11234
29547
29682
29683
11237
41523
11238
29551
29684
29685
11241
41527
11242
29555
29686
29687
11245
41531
11246
29559
29688
29689
11249
41535
11250
29563
29690
29691
12427
42525
12428
30280
12431
42529
12432
30281
30282
12435
42533
12436
30283
30284
12439
42537
12440
30285
30286
12443
42541
12444
30287
30288
12447
42545
12448
30289
30290
12451
42549
12452
30291
30292
12455
42553
12456
30293
30294
12465
42569
12466
30157
30299
12469
42571
12470
30161
30300
30301
12473
42573
12474
30165
30302
30303
12477
42575
12478
30169
30304
30305
12481
42579
12482
30173
30306
30307
12485
42583
12486
30177
30308
30309
12489
42587
12490
30181
30310
30311
12493
42591
12494
30185
30312
30313
13391
43319
13392
30762
13395
43323
13396
30763
30764
13399
43327
13400
30765
30766
13403
43331
13404
30767
30768
13407
43335
13408
30769
30770
13411
43339
13412
30771
30772
13415
43343
13416
30773
30774
13419
43347
13420
30775
30776
13429
43363
13430
30639
30781
13433
43365
13434
30643
30782
30783
13437
43367
13438
30647
30784
30785
13441
43369
13442
30651
30786
30787
13445
43373
13446
30655
30788
30789
13449
43377
13450
30659
30790
30791
13453
43381
13454
30663
30792
30793
13457
43385
13458
30667
30794
30795
21000
49845
21001
34564
21004
49847
21005
34565
34566
21008
49849
21009
34567
34568
21012
49851
21013
34569
34570
21016
49853
21017
34571
34572
21020
49855
21021
34573
34574
21024
49857
21025
34575
34576
21028
49859
51703
21029
27423
34577
34578
17081
46259
17082
32606
17085
46263
17086
32607
32608
17089
46267
17090
32609
32610
17093
46271
17094
32611
32612
17097
46275
17098
32613
32614
17101
46279
17102
32615
32616
17105
46283
17106
32617
32618
17109
46287
51707
17110
32619
32620
19751
48661
19752
33940
19755
48663
19756
33941
33942
19759
48667
19760
33943
33944
19763
48669
19764
33945
33946
19767
48673
19768
33947
33948
19771
48675
19772
33949
33950
19775
48679
19776
33951
33952
19779
48683
51711
19780
33953
33954
15708
45029
15709
31920
15712
45033
15713
31921
31922
15716
45037
15717
31923
31924
15720
45041
15721
31925
31926
15724
45045
15725
31927
31928
15728
45049
15729
31929
31930
15732
45053
15733
31931
31932
15736
45057
15737
31933
31934
15746
45073
15747
31797
31939
15750
45075
15751
31801
31940
31941
15754
45077
15755
31805
31942
31943
15758
45079
15759
31809
31944
31945
15762
45083
15763
31813
31946
31947
15766
45087
15767
31817
31948
31949
15770
45091
15771
31821
31950
31951
15774
45095
15775
31825
31952
31953
18470
47483
18471
33300
18474
47485
18475
33301
33302
18478
47487
18479
33303
33304
18482
47489
18483
33305
33306
18486
47491
18487
33307
33308
18490
47493
18491
33309
33310
18494
47495
18495
33311
33312
18498
47497
18499
33313
33314
21036
49863
21037
34582
21040
49865
21041
34583
34584
21044
49867
21045
34585
34586
21048
49869
21049
34587
34588
21052
49871
21053
34589
34590
21056
49873
21057
34591
34592
21060
49875
21061
34593
34594
21064
49877
21065
27474
34595
34596
17117
46295
17118
32624
17121
46299
17122
32625
32626
17125
46303
17126
32627
32628
17129
46307
17130
32629
32630
17133
46311
17134
32631
32632
17137
46315
17138
32633
32634
17141
46319
17142
32635
32636
17145
46323
17146
32637
32638
17155
46339
17156
32501
32643
17159
46341
17160
32505
32644
32645
17163
46343
17164
32509
32646
32647
17167
46345
17168
32513
32648
32649
17171
46349
17172
32517
32650
32651
17175
46353
17176
32521
32652
32653
17179
46357
17180
32525
32654
32655
17183
46361
17184
32529
32656
32657
19787
48691
19788
33958
19791
48695
19792
33959
33960
19795
48699
19796
33961
33962
19799
48703
19800
33963
33964
19803
48707
19804
33965
33966
19807
48711
19808
33967
33968
19811
48715
19812
33969
33970
19815
48719
19816
33971
33972
18506
47501
18507
33318
18510
47503
18511
33319
33320
18514
47505
18515
33321
33322
18518
47507
18519
33323
33324
18522
47509
18523
33325
33326
18526
47511
18527
33327
33328
18530
47513
18531
33329
33330
18534
47515
18535
33331
33332
18544
47519
18545
33195
33337
18548
47521
18549
33199
33338
33339
18552
47525
18553
33203
33340
33341
18556
47527
18557
33207
33342
33343
18560
47529
18561
33211
33344
33345
18564
47531
18565
33215
33346
33347
18568
47535
18569
33219
33348
33349
18572
47539
18573
33223
33350
33351
6417
38559
6418
27275
6519
38593
6520
27276
27326
6621
38627
6622
27327
27377
6723
38661
6724
27378
27428
6825
38695
6826
27429
27479
6927
38789
6928
27480
27530
7029
38839
7030
27531
27581
7133
38845
38877
7134
27582
27583
27633
7739
39145
7740
27936
7775
39163
7776
27937
27954
7811
39181
7812
27955
27972
7847
39199
7848
27973
27990
7883
39217
7884
27991
28008
7919
39243
7920
28009
28026
7955
39293
7956
28027
28044
7993
39327
39311
7994
28045
28046
28063
8471
39557
8472
28302
8507
39575
8508
28303
28320
8543
39593
8544
28321
28338
8579
39611
8580
28339
28356
8615
39631
8616
28357
28374
8651
39661
8652
28375
28392
8687
39705
8688
28393
28410
8725
39739
39723
8726
28411
28412
28429
10031
40627
10032
29082
10067
40645
10068
29083
29100
10103
51727
40663
10104
29101
29118
10139
51725
40681
10140
29119
29136
10175
51723
40699
10176
29137
29154
10211
51721
40717
10212
29155
29172
10247
40755
10248
29173
29190
10285
40757
40785
10286
29191
29192
29209
10999
51719
41373
11000
29566
11035
51689
41391
11036
29567
29584
11071
51687
41409
11072
29585
29602
11107
51685
41427
11108
29603
29620
11143
51657
41445
11144
29621
29638
11179
51717
41465
11180
29639
29656
11215
41509
11216
29657
29674
11253
41511
41539
11254
29675
29676
29693
12243
51655
42411
12244
30188
12279
51653
42429
12280
30189
30206
12315
51651
42447
12316
30207
30224
12351
51649
42465
12352
30225
30242
12387
51683
42485
12388
30243
30260
12423
51691
42521
12424
30261
30278
12459
42565
12460
30279
30296
12497
42567
42595
12498
30297
30298
30315
13207
51647
43197
13208
30670
13243
51623
43215
13244
30671
30688
13279
51621
43233
13280
30689
30706
13315
51631
43251
13316
30707
30724
13351
51681
43279
13352
30725
30742
13387
51695
43315
13388
30743
30760
13423
43359
13424
30761
30778
13461
43361
43389
13462
30779
30780
30797
7145
38881
7146
27639
7151
38883
7152
27640
27642
7157
38885
7158
27643
27645
7163
38887
7164
27646
27648
7169
38891
7170
27649
27651
7175
38893
7176
27652
27654
7181
38895
7182
27655
27657
7189
38899
38897
7190
27658
27659
27661
8001
39315
8002
28067
8005
39317
8006
28068
28069
8009
39319
8010
28070
28071
8013
39321
8014
28072
28073
8017
39323
8018
28074
28075
8021
39325
8022
28076
28077
8025
39329
8026
28078
28079
8031
39347
39331
8032
28080
28081
28082
8733
39727
8734
28433
8737
39729
8738
28434
28435
8741
39731
8742
28436
28437
8745
39733
8746
28438
28439
8749
39735
8750
28440
28441
8753
39737
8754
28442
28443
8757
39741
8758
28444
28445
8763
39759
39743
8764
28446
28447
28448
19823
48727
19824
33976
19827
48731
19828
33977
33978
19831
48735
19832
33979
33980
19835
48739
19836
33981
33982
19839
48743
19840
33983
33984
19843
48747
19844
33985
33986
19847
48751
19848
33987
33988
19851
48755
19852
33989
33990
19861
48793
19862
33853
33995
19865
48795
19866
33857
33996
33997
19869
48797
19870
33861
33998
33999
19873
48799
19874
33865
34000
34001
19877
48801
19878
33869
34002
34003
19881
48803
19882
33873
34004
34005
19885
48805
19886
33877
34006
34007
19889
48807
19890
33881
34008
34009
10293
40793
10294
29213
10297
40797
10298
29214
29215
10301
40801
10302
29216
29217
10305
40805
10306
29218
29219
10309
40809
10310
29220
29221
10313
40813
10314
29222
29223
10317
40825
10318
29224
29225
10323
40827
40829
10324
29226
29227
29228
11261
41547
11262
29697
11265
41551
11266
29698
29699
11269
41555
11270
29700
29701
11273
41559
11274
29702
29703
11277
41563
11278
29704
29705
11281
41567
11282
29706
29707
11285
41579
11286
29708
29709
11291
41581
41583
11292
29710
29711
29712
12505
42603
12506
30319
12509
42607
12510
30320
30321
12513
42611
12514
30322
30323
12517
42615
12518
30324
30325
12521
42619
12522
30326
30327
12525
42623
12526
30328
30329
12529
42635
12530
30330
30331
12535
42637
42639
12536
30332
30333
30334
13469
43397
13470
30801
13473
43401
13474
30802
30803
13477
43405
13478
30804
30805
13481
43409
13482
30806
30807
13485
43413
13486
30808
30809
13489
43417
13490
30810
30811
13493
43429
13494
30812
30813
13499
43431
43433
13500
30814
30815
30816
15524
51619
44897
15525
31828
15560
51617
44915
15561
31829
31846
15596
51611
44933
15597
31847
31864
15632
51641
44953
15633
31865
31882
15668
51673
44989
15669
31883
31900
15704
51709
45025
15705
31901
31918
15740
45069
15741
31919
31936
15778
45071
45099
15779
31937
31938
31955
15786
45107
15787
31959
15790
45111
15791
31960
31961
15794
45115
15795
31962
31963
15798
45119
15799
31964
31965
15802
45123
15803
31966
31967
15806
45127
15807
31968
31969
15810
45139
15811
31970
31971
15816
45141
45143
15817
31972
31973
31974
16933
51609
46171
16934
32532
16969
51607
46189
16970
32533
32550
17005
51639
46207
17006
32551
32568
17041
51663
46225
17042
32569
32586
17077
51701
46255
17078
32587
32604
17113
46291
17114
32605
32622
17149
46335
17150
32623
32640
17187
46337
46365
17188
32641
32642
32659
7201
38903
7202
27667
7207
38905
7208
27668
27670
7213
38907
7214
27671
27673
7219
38911
7220
27674
27676
7225
38913
7226
27677
27679
7231
38915
7232
27680
27682
7237
38917
7238
27683
27685
7245
38919
38921
7246
27686
27687
27689
8039
39335
8040
28086
8043
39337
8044
28087
28088
8047
39339
8048
28089
28090
8051
39341
8052
28091
28092
8055
39343
8056
28093
28094
8059
39345
8060
28095
28096
8063
39349
8064
28097
28098
8069
39367
39351
8070
28099
28100
28101
8771
39747
8772
28452
8775
39749
8776
28453
28454
8779
39751
8780
28455
28456
8783
39753
8784
28457
28458
8787
39755
8788
28459
28460
8791
39757
8792
28461
28462
8795
39761
8796
28463
28464
8801
39779
39763
8802
28465
28466
28467
10331
40833
10332
29232
10335
40835
10336
29233
29234
10339
40839
10340
29235
29236
10343
40843
10344
29237
29238
10347
40847
10348
29239
29240
10351
40851
10352
29241
29242
10355
40863
10356
29243
29244
10361
40865
40867
10362
29245
29246
29247
11299
41587
11300
29716
11303
41589
11304
29717
29718
11307
41593
11308
29719
29720
11311
41597
11312
29721
29722
11315
41601
11316
29723
29724
11319
41605
11320
29725
29726
11323
41617
11324
29727
29728
11329
41619
41621
11330
29729
29730
29731
12543
42643
12544
30338
12547
42645
12548
30339
30340
12551
42649
12552
30341
30342
12555
42653
12556
30343
30344
12559
42657
12560
30345
30346
12563
42661
12564
30347
30348
12567
42673
12568
30349
30350
12573
42675
42677
12574
30351
30352
30353
13507
43437
13508
30820
13511
43439
13512
30821
30822
13515
43443
13516
30823
30824
13519
43447
13520
30825
30826
13523
43451
13524
30827
30828
13527
43455
13528
30829
30830
13531
43467
13532
30831
30832
13537
43469
43471
13538
30833
30834
30835
17195
46373
17196
32663
17199
46377
17200
32664
32665
17203
46381
17204
32666
32667
17207
46385
17208
32668
32669
17211
46389
17212
32670
32671
17215
46393
17216
32672
32673
17219
46405
17220
32674
32675
17225
46407
46409
17226
32676
32677
32678
18322
51603
47409
18323
33226
18358
51615
47427
18359
33227
33244
18394
51645
47445
18395
33245
33262
18430
51679
47463
18431
33263
33280
18466
51713
47481
18467
33281
33298
18502
47499
18503
33299
33316
18538
47517
18539
33317
33334
18576
47523
47543
18577
33335
33336
33353
15824
45147
15825
31978
15828
45149
15829
31979
31980
15832
45153
15833
31981
31982
15836
45157
15837
31983
31984
15840
45161
15841
31985
31986
15844
45165
15845
31987
31988
15848
45177
15849
31989
31990
15854
45179
45181
15855
31991
31992
31993
18584
47551
18585
33357
18588
47555
18589
33358
33359
18592
47559
18593
33360
33361
18596
47563
18597
33362
33363
18600
47567
18601
33364
33365
18604
47571
18605
33366
33367
18608
47583
18609
33368
33369
18614
47585
47587
18615
33370
33371
33372
7257
38925
7258
27695
7263
38927
7264
27696
27698
7269
38931
7270
27699
27701
7275
38933
7276
27702
27704
7281
38935
7282
27705
27707
7287
38937
7288
27708
27710
7293
38941
7294
27711
27713
7301
38939
38943
7302
27714
27715
27717
8077
39355
8078
28105
8081
39357
8082
28106
28107
8085
39359
8086
28108
28109
8089
39361
8090
28110
28111
8093
39363
8094
28112
28113
8097
39365
8098
28114
28115
8101
39369
8102
28116
28117
8107
39387
39371
8108
28118
28119
28120
8809
39767
8810
28471
8813
39769
8814
28472
28473
8817
39771
8818
28474
28475
8821
39773
8822
28476
28477
8825
39775
8826
28478
28479
8829
39777
8830
28480
28481
8833
39781
8834
28482
28483
8839
39799
39783
8840
28484
28485
28486
10369
40871
10370
29251
10373
40873
10374
29252
29253
10377
40877
10378
29254
29255
10381
40881
10382
29256
29257
10385
40885
10386
29258
29259
10389
40889
10390
29260
29261
10393
40901
10394
29262
29263
10399
40903
40905
10400
29264
29265
29266
11337
41625
11338
29735
11341
41627
11342
29736
29737
11345
41631
11346
29738
29739
11349
41635
11350
29740
29741
11353
41639
11354
29742
29743
11357
41643
11358
29744
29745
11361
41655
11362
29746
29747
11367
41657
41659
11368
29748
29749
29750
19639
51627
48603
19640
33884
19675
51635
48621
19676
33885
33902
19711
51667
48639
19712
33903
33920
19747
51705
48657
19748
33921
33938
19783
48687
19784
33939
33956
19819
48723
19820
33957
33974
19855
48791
19856
33975
33992
19893
48825
48809
19894
33993
33994
34011
12581
42681
12582
30357
12585
42683
12586
30358
30359
12589
42687
12590
30360
30361
12593
42691
12594
30362
30363
12597
42695
12598
30364
30365
12601
42699
12602
30366
30367
12605
42711
12606
30368
30369
12611
42713
42715
12612
30370
30371
30372
13545
43475
13546
30839
13549
43477
13550
30840
30841
13553
43481
13554
30842
30843
13557
43485
13558
30844
30845
13561
43489
13562
30846
30847
13565
43493
13566
30848
30849
13569
43505
13570
30850
30851
13575
43507
43509
13576
30852
30853
30854
17233
46413
17234
32682
17237
46415
17238
32683
32684
17241
46419
17242
32685
32686
17245
46423
17246
32687
32688
17249
46427
17250
32689
32690
17253
46431
17254
32691
32692
17257
46443
17258
32693
32694
17263
46445
46447
17264
32695
32696
32697
19901
48813
19902
34015
19905
48815
19906
34016
34017
19909
48817
19910
34018
34019
19913
48819
19914
34020
34021
19917
48821
19918
34022
34023
19921
48823
19922
34024
34025
19925
48827
19926
34026
34027
19931
48839
48829
19932
34028
34029
34030
15862
45185
15863
31997
15866
45187
15867
31998
31999
15870
45191
15871
32000
32001
15874
45195
15875
32002
32003
15878
45199
15879
32004
32005
15882
45203
15883
32006
32007
15886
45215
15887
32008
32009
15892
45217
45219
15893
32010
32011
32012
18622
47591
18623
33376
18626
47593
18627
33377
33378
18630
47597
18631
33379
33380
18634
47601
18635
33381
33382
18638
47605
18639
33383
33384
18642
47609
18643
33385
33386
18646
47621
18647
33387
33388
18652
47623
47625
18653
33389
33390
33391
7313
38947
7314
27723
7319
38951
7320
27724
27726
7325
38953
7326
27727
27729
7331
38955
7332
27730
27732
7337
38957
7338
27733
27735
7343
38959
7344
27736
27738
7349
38963
7350
27739
27741
7357
38977
38965
7358
27742
27743
27745
8115
39375
8116
28124
8119
39377
8120
28125
28126
8123
39379
8124
28127
28128
8127
39381
8128
28129
28130
8131
39383
8132
28131
28132
8135
39385
8136
28133
28134
8139
39389
8140
28135
28136
8145
39407
39391
8146
28137
28138
28139
8847
39787
8848
28490
8851
39789
8852
28491
28492
8855
39791
8856
28493
28494
8859
39793
8860
28495
28496
8863
39795
8864
28497
28498
8867
39797
8868
28499
28500
8871
39801
8872
28501
28502
8877
39819
39803
8878
28503
28504
28505
10407
40909
10408
29270
10411
40911
10412
29271
29272
10415
40915
10416
29273
29274
10419
40919
10420
29275
29276
10423
40923
10424
29277
29278
10427
40927
10428
29279
29280
10431
40939
10432
29281
29282
10437
40941
40943
10438
29283
29284
29285
11375
41663
11376
29754
11379
41665
11380
29755
29756
11383
41669
11384
29757
29758
11387
41673
11388
29759
29760
11391
41677
11392
29761
29762
11395
41681
11396
29763
29764
11399
41693
11400
29765
29766
11405
41695
41697
11406
29767
29768
29769
12619
42719
12620
30376
12623
42721
12624
30377
30378
12627
42725
12628
30379
30380
12631
42729
12632
30381
30382
12635
42733
12636
30383
30384
12639
42737
12640
30385
30386
12643
42749
12644
30387
30388
12649
42751
42753
12650
30389
30390
30391
13583
43513
13584
30858
13587
43515
13588
30859
30860
13591
43519
13592
30861
30862
13595
43523
13596
30863
30864
13599
43527
13600
30865
30866
13603
43531
13604
30867
30868
13607
43543
13608
30869
30870
13613
43545
43547
13614
30871
30872
30873
17271
46451
17272
32701
17275
46453
17276
32702
32703
17279
46457
17280
32704
32705
17283
46461
17284
32706
32707
17287
46465
17288
32708
32709
17291
46469
17292
32710
32711
17295
46481
17296
32712
32713
17301
46483
46485
17302
32714
32715
32716
19939
48833
19940
34034
19943
48835
19944
34035
34036
19947
48837
19948
34037
34038
19951
48841
19952
34039
34040
19955
48843
19956
34041
34042
19959
48845
19960
34043
34044
19963
48855
19964
34045
34046
19969
48857
48859
19970
34047
34048
34049
20924
51669
49807
20925
34526
51728
51730
51732
51734
51736
51738
51740
51742
51744
51746
51748
51750
51752
51754
51756
51758
51760
51762
51764
51766
51768
20960
51675
49825
20961
34527
34544
20996
51697
49843
20997
34545
34562
21032
49861
21033
34563
34580
21068
49879
21069
34581
34598
21072
49881
21073
34600
51770
21076
49883
21077
34601
34602
21080
49885
21081
34603
34604
21084
49887
21085
34605
34606
21088
49889
21089
34607
34608
21092
49891
21093
34609
34610
21096
49893
21097
34611
34612
21100
49895
21101
27525
34613
34614
21104
49897
21105
34599
34616
21108
49899
21109
34618
21112
49901
21113
34619
34620
21116
49903
21117
34621
34622
21120
49905
21121
34623
34624
21124
49907
21125
34625
34626
21128
49909
21129
34627
34628
21132
49911
21133
34629
34630
21136
49913
21137
27576
34631
34632
21140
49915
21141
34617
34634
21146
49917
21147
34495
34637
21150
49919
21151
34499
34638
34639
21154
49921
21155
34503
34640
34641
21158
49923
21159
34507
34642
34643
21162
49925
21163
34511
34644
34645
21166
49927
21167
34515
34646
34647
21170
49929
21171
34519
34648
34649
21174
49931
51749
21175
27628
34523
34650
34651
21178
50271
49933
21179
34635
34636
34653
15900
45223
15901
32016
15904
45225
15905
32017
32018
15908
45229
15909
32019
32020
15912
45233
15913
32021
32022
15916
45237
15917
32023
32024
15920
45241
15921
32025
32026
15924
45253
15925
32027
32028
15930
45255
45257
15931
32029
32030
32031
21186
49937
21187
34657
21190
49939
21191
34658
34659
21194
49941
21195
34660
34661
21198
49943
21199
34662
34663
21202
49945
21203
34664
34665
21206
49947
21207
34666
34667
21210
49949
21211
34668
34669
21216
50269
49951
21217
34670
34671
34672
18660
47629
18661
33395
18664
47631
18665
33396
33397
18668
47635
18669
33398
33399
18672
47639
18673
33400
33401
18676
47643
18677
33402
33403
18680
47647
18681
33404
33405
18684
47659
18685
33406
33407
18690
47661
47663
18691
33408
33409
33410
7369
38969
7370
27751
7375
38971
7376
27752
27754
7381
38973
7382
27755
27757
7387
38975
7388
27758
27760
7393
38979
7394
27761
27763
7399
38981
7400
27764
27766
7405
38985
7406
27767
27769
7413
38997
38987
7414
27770
27771
27773
8153
39395
8154
28143
8157
39397
8158
28144
28145
8161
39399
8162
28146
28147
8165
39401
8166
28148
28149
8169
39403
8170
28150
28151
8173
39405
8174
28152
28153
8177
39409
8178
28154
28155
8183
39427
39411
8184
28156
28157
28158
8885
39807
8886
28509
8889
39809
8890
28510
28511
8893
39811
8894
28512
28513
8897
39813
8898
28514
28515
8901
39815
8902
28516
28517
8905
39817
8906
28518
28519
8909
39821
8910
28520
28521
8915
39839
39823
8916
28522
28523
28524
10445
40947
10446
29289
10449
40949
10450
29290
29291
10453
40953
10454
29292
29293
10457
40957
10458
29294
29295
10461
40961
10462
29296
29297
10465
40965
10466
29298
29299
10469
40977
10470
29300
29301
10475
40979
40981
10476
29302
29303
29304
11413
41701
11414
29773
11417
41703
11418
29774
29775
11421
41707
11422
29776
29777
11425
41711
11426
29778
29779
11429
41715
11430
29780
29781
11433
41719
11434
29782
29783
11437
41731
11438
29784
29785
11443
41733
41735
11444
29786
29787
29788
12657
42757
12658
30395
12661
42759
12662
30396
30397
12665
42763
12666
30398
30399
12669
42767
12670
30400
30401
12673
42771
12674
30402
30403
12677
42775
12678
30404
30405
12681
42787
12682
30406
30407
12687
42789
42791
12688
30408
30409
30410
13621
43551
13622
30877
13625
43553
13626
30878
30879
13629
43557
13630
30880
30881
13633
43561
13634
30882
30883
13637
43565
13638
30884
30885
13641
43569
13642
30886
30887
13645
43581
13646
30888
30889
13651
43583
43585
13652
30890
30891
30892
21224
49955
21225
34676
21228
49957
21229
34677
34678
21232
49959
21233
34679
34680
21236
49961
21237
34681
34682
21240
49963
21241
34683
34684
21244
49965
21245
34685
34686
21248
49967
21249
34687
34688
21254
50267
49969
21255
34689
34690
34691
17309
46489
17310
32720
17313
46491
17314
32721
32722
17317
46495
17318
32723
32724
17321
46499
17322
32725
32726
17325
46503
17326
32727
32728
17329
46507
17330
32729
32730
17333
46519
17334
32731
32732
17339
46521
46523
17340
32733
32734
32735
19977
48863
19978
34053
19981
48865
19982
34054
34055
19985
48869
19986
34056
34057
19989
48873
19990
34058
34059
19993
48877
19994
34060
34061
19997
48881
19998
34062
34063
20001
48893
20002
34064
34065
20007
48895
48897
20008
34066
34067
34068
15938
45261
15939
32035
15942
45263
15943
32036
32037
15946
45267
15947
32038
32039
15950
45271
15951
32040
32041
15954
45275
15955
32042
32043
15958
45279
15959
32044
32045
15962
45291
15963
32046
32047
15968
45293
45295
15969
32048
32049
32050
18698
47667
18699
33414
18702
47669
18703
33415
33416
18706
47673
18707
33417
33418
18710
47677
18711
33419
33420
18714
47681
18715
33421
33422
18718
47685
18719
33423
33424
18722
47697
18723
33425
33426
18728
47699
47701
18729
33427
33428
33429
7425
38991
7426
27779
7431
38993
7432
27780
27782
7437
38995
7438
27783
27785
7443
38999
7444
27786
27788
7449
39001
7450
27789
27791
7455
39003
7456
27792
27794
7461
39007
7462
27795
27797
7469
39017
39009
7470
27798
27799
27801
7481
39013
7482
27273
27807
7487
39015
7488
27324
27808
27810
7493
39019
7494
27375
27811
27813
7499
39021
7500
27426
27814
27816
7505
39023
7506
27477
27817
27819
7511
39025
7512
27528
27820
27822
7517
39037
7518
27579
27823
27825
7525
39035
39039
7526
27631
27826
27827
27829
8191
39415
8192
28162
8195
39417
8196
28163
28164
8199
39419
8200
28165
28166
8203
39421
8204
28167
28168
8207
39423
8208
28169
28170
8211
39425
8212
28171
28172
8215
39429
8216
28173
28174
8221
39447
39431
8222
28175
28176
28177
8229
39435
8230
27935
28181
8233
39437
8234
27953
28182
28183
8237
39439
8238
27971
28184
28185
8241
39441
8242
27989
28186
28187
8245
39443
8246
28007
28188
28189
8249
39445
8250
28025
28190
28191
8253
39449
8254
28043
28192
28193
8259
39629
39451
8260
28062
28194
28195
28196
8923
39827
8924
28528
8927
39829
8928
28529
28530
8931
39831
8932
28531
28532
8935
39833
8936
28533
28534
8939
39835
8940
28535
28536
8943
39837
8944
28537
28538
8947
39841
8948
28539
28540
8953
39859
39843
8954
28541
28542
28543
8961
39847
8962
28301
28547
8965
39849
8966
28319
28548
28549
8969
39851
8970
28337
28550
28551
8973
39853
8974
28355
28552
28553
8977
39855
8978
28373
28554
28555
8981
39857
8982
28391
28556
28557
8985
39861
8986
28409
28558
28559
8991
39865
39863
8992
28428
28560
28561
28562
10483
40985
10484
29308
10487
40987
10488
29309
29310
10491
40991
10492
29311
29312
10495
40995
10496
29313
29314
10499
40999
10500
29315
29316
10503
41003
10504
29317
29318
10507
41015
10508
29319
29320
10513
41017
41019
10514
29321
29322
29323
10521
41023
10522
29081
29327
10525
41025
10526
29099
29328
29329
10529
41029
10530
29117
29330
29331
10533
41033
10534
29135
29332
29333
10537
41037
10538
29153
29334
29335
10541
41041
10542
29171
29336
29337
10545
41053
10546
29189
29338
29339
10551
41055
41057
10552
29208
29340
29341
29342
11451
41739
11452
29792
11455
41741
11456
29793
29794
11459
41745
11460
29795
29796
11463
41749
11464
29797
29798
11467
41753
11468
29799
29800
11471
41757
11472
29801
29802
11475
41769
11476
29803
29804
11481
41771
41773
11482
29805
29806
29807
11489
41777
11490
29565
29811
11493
41779
11494
29583
29812
29813
11497
41783
11498
29601
29814
29815
11501
41787
11502
29619
29816
29817
11505
41791
11506
29637
29818
29819
11509
41795
11510
29655
29820
29821
11513
41807
11514
29673
29822
29823
11519
41817
41809
11520
29692
29824
29825
29826
12695
42795
12696
30414
12699
42797
12700
30415
30416
12703
42801
12704
30417
30418
12707
42805
12708
30419
30420
12711
42809
12712
30421
30422
12715
42813
12716
30423
30424
12719
42825
12720
30425
30426
12725
42827
42829
12726
30427
30428
30429
12733
42833
12734
30187
30433
12737
42835
12738
30205
30434
30435
12741
42839
12742
30223
30436
30437
12745
42843
12746
30241
30438
30439
12749
42847
12750
30259
30440
30441
12753
42851
12754
30277
30442
30443
12757
42863
12758
30295
30444
30445
12763
42865
42867
12764
30314
30446
30447
30448
13659
43589
13660
30896
13663
43591
13664
30897
30898
13667
43595
13668
30899
30900
13671
43599
13672
30901
30902
13675
43603
13676
30903
30904
13679
43607
13680
30905
30906
13683
43619
13684
30907
30908
13689
43621
43623
13690
30909
30910
30911
13697
43627
13698
30669
30915
13701
43629
13702
30687
30916
30917
13705
43633
13706
30705
30918
30919
13709
43637
13710
30723
30920
30921
13713
43641
13714
30741
30922
30923
13717
43645
13718
30759
30924
30925
13721
43657
13722
30777
30926
30927
13727
43667
43659
13728
30796
30928
30929
30930
21262
49973
21263
34695
21266
49975
21267
34696
34697
21270
49977
21271
34698
34699
21274
49979
21275
34700
34701
21278
49981
21279
34702
34703
21282
49983
21283
34704
34705
21286
49985
21287
34706
34707
21292
50263
49987
21293
34708
34709
34710
17347
46527
17348
32739
17351
46529
17352
32740
32741
17355
46533
17356
32742
32743
17359
46537
17360
32744
32745
17363
46541
17364
32746
32747
17367
46545
17368
32748
32749
17371
46557
17372
32750
32751
17377
46559
46561
17378
32752
32753
32754
20015
48901
20016
34072
20019
48903
20020
34073
34074
20023
48907
20024
34075
34076
20027
48911
20028
34077
34078
20031
48915
20032
34079
34080
20035
48919
20036
34081
34082
20039
48931
20040
34083
34084
20045
48933
48935
20046
34085
34086
34087
15976
45299
15977
32054
15980
45301
15981
32055
32056
15984
45305
15985
32057
32058
15988
45309
15989
32059
32060
15992
45313
15993
32061
32062
15996
45317
15997
32063
32064
16000
45329
16001
32065
32066
16006
45331
45333
16007
32067
32068
32069
16014
45337
16015
31827
32073
16018
45339
16019
31845
32074
32075
16022
45343
16023
31863
32076
32077
16026
45347
16027
31881
32078
32079
16030
45351
16031
31899
32080
32081
16034
45355
16035
31917
32082
32083
16038
45367
16039
31935
32084
32085
16044
45369
45371
16045
31954
32086
32087
32088
18736
47705
18737
33433
18740
47707
18741
33434
33435
18744
47711
18745
33436
33437
18748
47715
18749
33438
33439
18752
47719
18753
33440
33441
18756
47723
18757
33442
33443
18760
47735
18761
33444
33445
18766
47737
47739
18767
33446
33447
33448
21300
49991
21301
34714
21304
49993
21305
34715
34716
21308
49995
21309
34717
34718
21312
49997
21313
34719
34720
21316
49999
21317
34721
34722
21320
50001
21321
34723
34724
21324
50003
21325
34725
34726
21330
50021
50005
21331
34727
34728
34729
17385
46565
17386
32758
17389
46567
17390
32759
32760
17393
46571
17394
32761
32762
17397
46575
17398
32763
32764
17401
46579
17402
32765
32766
17405
46583
17406
32767
32768
17409
46595
17410
32769
32770
17415
46597
46599
17416
32771
32772
32773
17423
46603
17424
32531
32777
17427
46605
17428
32549
32778
32779
17431
46609
17432
32567
32780
32781
17435
46613
17436
32585
32782
32783
17439
46617
17440
32603
32784
32785
17443
46621
17444
32621
32786
32787
17447
46633
17448
32639
32788
32789
17453
46635
46637
17454
32658
32790
32791
32792
20053
48939
20054
34091
20057
48941
20058
34092
34093
20061
48945
20062
34094
34095
20065
48949
20066
34096
34097
20069
48953
20070
34098
34099
20073
48957
20074
34100
34101
20077
48969
20078
34102
34103
20083
48971
48973
20084
34104
34105
34106
18774
47743
18775
33452
18778
47745
18779
33453
33454
18782
47749
18783
33455
33456
18786
47753
18787
33457
33458
18790
47757
18791
33459
33460
18794
47761
18795
33461
33462
18798
47773
18799
33463
33464
18804
47775
47777
18805
33465
33466
33467
18812
47781
18813
33225
33471
18816
47783
18817
33243
33472
33473
18820
47787
18821
33261
33474
33475
18824
47791
18825
33279
33476
33477
18828
47795
18829
33297
33478
33479
18832
47799
18833
33315
33480
33481
18836
47811
18837
33333
33482
33483
18842
47813
47815
18843
33352
33484
33485
33486
7139
38879
7140
27636
7195
38901
7196
27637
27664
7251
38923
7252
27665
27692
7307
38945
7308
27693
27720
7363
38967
7364
27721
27748
7419
38989
7420
27749
27776
7475
39011
7476
27777
27804
7531
39041
7532
27805
27832
7997
39313
7998
28065
8035
39333
8036
28066
28084
8073
39353
8074
28085
28103
8111
39373
8112
28104
28122
8149
39393
8150
28123
28141
8187
39413
8188
28142
28160
8225
39433
8226
28161
28179
8263
39453
8264
28180
28198
8729
39725
8730
28431
8767
39745
8768
28432
28450
8805
39765
8806
28451
28469
8843
39785
8844
28470
28488
8881
39805
8882
28489
28507
8919
39825
8920
28508
28526
8957
39845
8958
28527
28545
8995
39937
8996
28546
28564
9001
40033
9002
28567
11791
42179
11792
29962
11909
42245
11910
30021
12027
42303
12028
30080
10289
40789
10290
29211
10327
40831
10328
29212
29230
10365
40869
10366
29231
29249
10403
40907
10404
29250
29268
10441
40945
10442
29269
29287
10479
40983
10480
29288
29306
10517
41021
10518
29307
29325
10555
41059
10556
29326
29344
10559
41093
10560
29346
11837
42207
11838
29985
11955
42265
11956
30044
12073
42329
12074
30103
11257
41543
11258
29695
11295
41585
11296
29696
29714
11333
41623
11334
29715
29733
11371
41661
11372
29734
29752
11409
41699
11410
29753
29771
11447
41737
11448
29772
29790
11485
41775
11486
29791
29809
11523
41811
11524
29810
29828
11527
41841
11528
29830
11869
42223
11870
30001
11987
42281
11988
30060
12105
42345
12106
28565
30119
12501
42599
12502
30317
12539
42641
12540
30318
30336
12577
42679
12578
30337
30355
12615
51771
42717
12616
30356
30374
12653
51769
42755
12654
30375
30393
12691
42793
12692
30394
30412
12729
42831
12730
30413
30431
12767
42869
12768
30432
30450
12771
42903
12772
30452
13031
43113
13032
30582
13067
43131
13068
30600
13103
43149
13104
29345
30618
13465
51767
43393
13466
30799
13503
51765
43435
13504
30800
30818
13541
51763
43473
13542
30819
30837
13579
51761
43511
13580
30838
30856
13617
51759
43549
13618
30857
30875
13655
43587
13656
30876
30894
13693
43625
13694
30895
30913
13731
43661
13732
30914
30932
13735
43691
13736
30934
14295
44167
14296
31214
13995
43899
13996
31064
14331
44185
14332
31232
14031
43917
14032
31082
14067
43935
14068
29829
31100
14367
44203
14368
31250
14403
44221
14404
30451
30933
31268
21338
50009
21339
34733
21342
50011
21343
34734
34735
21346
50013
21347
34736
34737
21350
50015
21351
34738
34739
21354
50017
21355
34740
34741
21358
50019
21359
34742
34743
21362
50023
21363
34744
34745
21368
50041
50025
21369
34746
34747
34748
20091
48977
20092
34110
20095
48979
20096
34111
34112
20099
48983
20100
34113
34114
20103
48987
20104
34115
34116
20107
48991
20108
34117
34118
20111
48995
20112
34119
34120
20115
49007
20116
34121
34122
20121
49009
49011
20122
34123
34124
34125
20129
49015
20130
33883
34129
20133
49017
20134
33901
34130
34131
20137
49021
20138
33919
34132
34133
20141
49025
20142
33937
34134
34135
20145
49029
20146
33955
34136
34137
20149
49033
20150
33973
34138
34139
20153
49045
20154
33991
34140
34141
20159
49047
49049
20160
34010
34142
34143
34144
15782
51757
45103
15783
31957
15820
51755
45145
15821
31958
31976
15858
51753
45183
15859
31977
31995
15896
51751
45221
15897
31996
32014
15934
45259
15935
32015
32033
15972
45297
15973
32034
32052
16010
45335
16011
32053
32071
16048
45373
16049
32072
32090
16052
45413
16053
32092
16312
45623
16313
32222
16348
45641
16349
32240
16384
45659
16385
28199
32258
21376
50029
21377
34752
21380
50031
21381
34753
34754
21384
50033
21385
34755
34756
21388
50035
21389
34757
34758
21392
50037
21393
34759
34760
21396
50039
21397
34761
34762
21400
50043
21401
34763
34764
21406
50061
50045
21407
34765
34766
34767
21414
50049
21415
34525
34771
21418
50051
21419
34543
34772
34773
21422
50053
21423
34561
34774
34775
21426
50055
21427
34579
34776
34777
21430
50057
21431
34597
34778
34779
21434
50059
21435
34615
34780
34781
21438
50063
21439
34633
34782
34783
21444
50261
50065
21445
34652
34784
34785
34786
17191
51747
46369
17192
32661
17229
51745
46411
17230
32662
32680
17267
51743
46449
17268
32681
32699
17305
51741
46487
17306
32700
32718
17343
46525
17344
32719
32737
17381
46563
17382
32738
32756
17419
46601
17420
32757
32775
17457
46639
17458
32776
32794
17461
46679
17462
32796
17721
46889
17722
32926
17757
46907
17758
32944
17793
46925
17794
27833
32962
18580
51739
47547
18581
33355
18618
51737
47589
18619
33356
33374
18656
51735
47627
18657
33375
33393
18694
47665
18695
33394
33412
18732
47703
18733
33413
33431
18770
47741
18771
33432
33450
18808
47779
18809
33451
33469
18846
47817
18847
33470
33488
18850
47857
18851
33490
19110
48067
19111
33620
19146
48085
19147
33638
19182
48103
19183
32091
33656
9007
40031
9008
28570
9013
39943
9014
28571
28573
9019
39945
9020
28574
28576
9025
39947
9026
28577
28579
9031
39949
9032
28580
28582
9037
39951
9038
28583
28585
9043
39953
9044
28586
28588
9049
39955
9050
28589
28591
9053
39957
9054
28593
9057
39959
9058
28594
28595
9061
39961
9062
28596
28597
9065
39963
9066
28598
28599
9069
39965
9070
28600
28601
9073
39967
9074
28602
28603
9077
39969
9078
28604
28605
9081
39971
9082
28606
28607
9085
39973
9086
28609
9089
39975
9090
28610
28611
9093
39977
9094
28612
28613
9097
39979
9098
28614
28615
9101
39981
9102
28616
28617
9105
39983
9106
28618
28619
9109
39985
9110
28620
28621
9113
40029
9114
28622
28623
9119
40119
9120
28568
28626
11797
42183
11798
29963
29965
11915
42247
11916
30022
30024
12033
42305
12034
30081
30083
10563
41091
10564
29348
10567
41065
10568
29349
29350
10571
41069
10572
29351
29352
10575
41073
10576
29353
29354
10579
41077
10580
29355
29356
10583
41081
10584
29357
29358
10587
41085
10588
29359
29360
10591
41089
10592
29361
29362
10595
41127
10596
29347
29364
11841
42209
11842
29986
29987
11959
42267
11960
30045
30046
12077
42331
12078
30104
30105
11531
41839
11532
29832
11535
41819
11536
29833
29834
11539
41821
11540
29835
29836
11543
41823
11544
29837
29838
11547
41825
11548
29839
29840
11551
41829
11552
29841
29842
11555
41833
11556
29843
29844
11559
41837
11560
29845
29846
11563
41875
11564
29831
29848
11873
42225
11874
30002
30003
11991
42283
11992
30061
30062
12109
42347
12110
28624
30120
30121
12775
42901
12776
30454
12779
42875
12780
30455
30456
12783
42879
12784
30457
30458
12787
42883
12788
30459
30460
12791
42887
12792
30461
30462
12795
42891
12796
30463
30464
12799
42895
12800
30465
30466
12803
42899
12804
30467
30468
12807
42937
12808
30453
30470
13035
43115
13036
30583
30584
13071
43133
13072
30601
30602
13107
43151
13108
29363
30619
30620
13739
43689
13740
30936
13743
43669
13744
30937
30938
13747
43671
13748
30939
30940
13751
43673
13752
30941
30942
13755
43675
13756
30943
30944
13759
43679
13760
30945
30946
13763
43683
13764
30947
30948
13767
43687
13768
30949
30950
13771
43725
13772
30935
30952
14299
44169
14300
31215
31216
13999
43901
14000
31065
31066
14335
44187
14336
31233
31234
14035
43919
14036
31083
31084
14071
43937
14072
29847
31101
31102
14371
44205
14372
31251
31252
14407
44223
14408
30469
30951
31269
31270
19897
51733
48811
19898
34013
19935
51731
48831
19936
34014
34032
19973
51729
48861
19974
34033
34051
20011
48899
20012
34052
34070
20049
48937
20050
34071
34089
20087
48975
20088
34090
34108
20125
49013
20126
34109
34127
20163
49051
20164
34128
34146
20167
49091
20168
34148
20427
49301
20428
34278
51772
51774
51776
51778
51780
51782
51784
51786
51788
51790
51792
51794
51796
51798
51800
51802
51804
51806
51808
51810
51812
20463
49319
20464
34296
51814
51816
51818
20499
49337
20500
32795
34314
51820
16056
45411
16057
32094
51822
51824
51826
51828
51830
51832
51834
51836
51838
51840
51842
51844
51846
51848
51850
51852
51854
51856
51858
51860
16060
45409
16061
32095
32096
16064
45407
16065
32097
32098
16068
45405
16069
32099
32100
16072
45391
16073
32101
32102
16076
45395
16077
32103
32104
16080
45399
16081
32105
32106
16084
45403
16085
32107
32108
16088
45447
16089
32093
32110
16316
45625
16317
32223
32224
16352
45643
16353
32241
32242
16388
45661
16389
28608
32259
32260
21182
49935
21183
34655
21220
49953
21221
34656
34674
21258
49971
21259
34675
34693
21296
49989
21297
34694
34712
21334
50007
21335
34713
34731
21372
50027
21373
34732
34750
21410
50047
21411
34751
34769
21448
50067
21449
34770
34788
21452
50095
21453
34790
22141
50561
22142
35134
51862
51864
51866
51868
51870
51872
21712
50209
21713
34920
51874
51876
51878
51880
51882
51884
22177
50579
22178
35152
51886
51888
51890
51892
51894
21748
50227
21749
34938
51896
51898
51900
51902
51904
51906
51908
21784
50245
21785
33489
34956
51910
51912
51914
22213
50597
22214
35170
51916
22249
50615
22250
34147
34789
35188
51918
17465
46677
17466
32798
51920
51922
17469
46675
17470
32799
32800
17473
46673
17474
32801
32802
17477
46671
17478
32803
32804
17481
46657
17482
32805
32806
17485
46661
17486
32807
32808
17489
46665
17490
32809
32810
17493
46669
17494
32811
32812
17497
46713
17498
32797
32814
17725
46891
17726
32927
32928
17761
46909
17762
32945
32946
17797
46927
17798
28592
32963
32964
18854
47855
18855
33492
18858
47853
18859
33493
33494
18862
47851
18863
33495
33496
18866
47849
18867
33497
33498
18870
47835
18871
33499
33500
18874
47839
18875
33501
33502
18878
47843
18879
33503
33504
18882
47847
18883
33505
33506
18886
47891
18887
33491
33508
19114
48069
19115
33621
33622
19150
48087
19151
33639
33640
19186
48105
19187
32109
33657
33658
20171
49089
20172
34150
20175
49087
20176
34151
34152
20179
49085
20180
34153
34154
20183
49083
20184
34155
34156
20187
49069
20188
34157
34158
20191
49073
20192
34159
34160
20195
49077
20196
34161
34162
20199
49081
20200
34163
34164
20203
49125
20204
34149
34166
20431
49303
20432
34279
34280
20467
49321
20468
34297
34298
20503
49339
20504
32813
34315
34316
21456
51915
50093
21457
34792
21460
51913
50091
21461
34793
34794
21464
51911
50089
21465
34795
34796
21468
51909
50087
21469
34797
34798
21472
51907
50079
21473
34799
34800
21476
51905
50081
21477
34801
34802
21480
51903
50083
21481
34803
34804
21484
51901
50085
21485
34805
34806
21488
50113
21489
34791
34808
22145
50563
22146
35135
35136
21716
50211
21717
34921
34922
22181
50581
22182
35153
35154
21752
50229
21753
34939
34940
21788
50247
21789
33507
34957
34958
22217
50599
22218
35171
35172
22253
50617
22254
34165
34807
35189
35190
9125
51899
40117
9126
28629
9131
51897
40035
9132
28630
28632
9137
51895
40037
9138
28633
28635
9143
51893
40039
9144
28636
28638
9149
51891
40041
9150
28639
28641
9155
51889
40043
9156
28642
28644
9161
51887
40045
9162
28645
28647
9167
51885
40047
9168
28648
28650
9171
51883
40049
9172
28652
9175
51881
40051
9176
28653
28654
9179
51879
40053
9180
28655
28656
9183
51877
40055
9184
28657
28658
9187
51861
40057
9188
28659
28660
9191
51859
40059
9192
28661
28662
9195
51857
40061
9196
28663
28664
9199
51855
40063
9200
28665
28666
9203
51853
40065
9204
28668
9207
51851
40067
9208
28669
28670
9211
51849
40069
9212
28671
28672
9215
51847
40071
9216
28673
28674
9219
51845
40073
9220
28675
28676
9223
51843
40075
9224
28677
28678
9227
51841
40077
9228
28679
28680
9231
51839
40115
9232
28681
28682
9237
40269
9238
28627
28685
11803
42187
11804
29966
29968
11921
42251
11922
30025
30027
12039
42309
12040
30084
30086
10599
51837
41125
10600
29366
10603
51835
41099
10604
29367
29368
10607
51833
41103
10608
29369
29370
10611
51831
41107
10612
29371
29372
10615
51829
41111
10616
29373
29374
10619
51827
41115
10620
29375
29376
10623
51825
41119
10624
29377
29378
10627
51821
41123
10628
29379
29380
10631
41161
10632
29365
29382
11845
42211
11846
29988
29989
11963
42269
11964
30047
30048
12081
42333
12082
30106
30107
11567
51819
41873
11568
29850
51924
11571
51926
51817
41847
11572
29851
29852
11575
51928
51815
41851
11576
29853
29854
11579
51930
51813
41855
11580
29855
29856
11583
51932
51811
41859
11584
29857
29858
11587
51934
51809
41863
11588
29859
29860
11591
51936
51807
41867
11592
29861
29862
11595
51805
41871
11596
29863
29864
11599
41909
11600
29849
29866
11877
42227
11878
30004
30005
11995
42285
11996
30063
30064
12113
42349
12114
28683
30122
30123
12811
51803
42935
12812
30472
51938
51940
51942
51944
51946
51948
51950
12815
51801
42909
12816
30473
30474
12819
51799
42913
12820
30475
30476
12823
51797
42917
12824
30477
30478
12827
51795
42921
12828
30479
30480
12831
51793
42925
12832
30481
30482
12835
51952
51791
42929
12836
30483
30484
12839
51789
42933
12840
30485
30486
12843
42971
12844
30471
30488
13039
43117
13040
30585
30586
13075
43135
13076
30603
30604
13111
43153
13112
29381
30621
30622
13775
51787
43723
13776
30954
51954
51956
13779
51958
51785
43697
13780
30955
30956
13783
51960
51783
43701
13784
30957
30958
13787
51962
51781
43705
13788
30959
30960
13791
51964
51779
43709
13792
30961
30962
13795
51966
51777
43713
13796
30963
30964
13799
51968
51775
43717
13800
30965
30966
13803
51773
43721
13804
30967
30968
13807
43759
13808
30953
30970
14303
44171
14304
31217
31218
14003
43903
14004
31067
31068
14339
44189
14340
31235
31236
14039
43921
14040
31085
31086
14075
43939
14076
29865
31103
31104
14375
44207
14376
31253
31254
14411
44225
14412
30487
30969
31271
31272
16092
51823
45445
16093
32112
51970
51972
16096
51875
45443
16097
32113
32114
16100
51873
45441
16101
32115
32116
16104
51974
51871
45439
16105
32117
32118
16108
51976
51869
45425
16109
32119
32120
16112
51978
51867
45429
16113
32121
32122
16116
51980
51865
45433
16117
32123
32124
16120
51863
45437
16121
32125
32126
16124
45481
16125
32111
32128
16320
45627
51982
51984
51986
51923
16321
32225
32226
16356
45645
51988
51990
51992
51919
16357
32243
32244
16392
45663
51994
51996
51998
52000
52002
52004
52006
52008
52010
52012
52014
52016
52018
52020
52022
52024
52026
52028
52030
52032
52034
52036
52038
52040
52042
52044
52046
52048
52050
52052
52054
52056
52058
52060
52062
52064
52066
52068
51917
16393
28667
32261
32262
17501
51921
46711
17502
32816
52070
52072
17505
46709
17506
32817
32818
17509
46707
17510
32819
32820
17513
46705
17514
32821
32822
17517
46691
17518
32823
32824
17521
46695
17522
32825
32826
17525
46699
17526
32827
32828
17529
46703
17530
32829
32830
17533
46747
17534
32815
32832
17729
46893
17730
32929
32930
17765
46911
17766
32947
32948
17801
46929
17802
28651
32965
32966
18890
47889
18891
33510
18894
47887
18895
33511
33512
18898
47885
18899
33513
33514
18902
47883
18903
33515
33516
18906
47869
18907
33517
33518
18910
47873
18911
33519
33520
18914
47877
18915
33521
33522
18918
47881
18919
33523
33524
18922
47925
18923
33509
33526
19118
48071
19119
33623
33624
19154
48089
19155
33641
33642
19190
48107
19191
32127
33659
33660
20207
49123
20208
34168
20211
49121
20212
34169
34170
20215
49119
20216
34171
34172
20219
49117
20220
34173
34174
20223
49103
20224
34175
34176
20227
49107
20228
34177
34178
20231
49111
20232
34179
34180
20235
49115
20236
34181
34182
20239
49159
20240
34167
34184
20435
49305
20436
34281
34282
20471
49323
20472
34299
34300
20507
49341
20508
32831
34317
34318
21492
52067
50111
21493
34810
21496
52065
50109
21497
34811
34812
21500
52063
50107
21501
34813
34814
21504
52061
50105
21505
34815
34816
21508
52059
50097
21509
34817
34818
21512
52057
50099
21513
34819
34820
21516
52055
50101
21517
34821
34822
21520
52053
50103
21521
34823
34824
21524
50131
21525
34809
34826
22149
50565
22150
35137
35138
21720
50213
21721
34923
34924
22185
50583
22186
35155
35156
21756
50231
21757
34941
34942
21792
50249
21793
33525
34959
34960
22221
50601
22222
35173
35174
22257
50619
22258
34183
34825
35191
35192
9243
52051
40267
9244
28688
9249
52049
40121
9250
28689
28691
9255
52047
40123
9256
28692
28694
9261
52045
40125
9262
28695
28697
9267
52043
40127
9268
28698
28700
9273
52041
40129
9274
28701
28703
9279
52039
40131
9280
28704
28706
9285
52037
40133
9286
28707
28709
9289
52035
40135
9290
28711
9293
52033
40137
9294
28712
28713
9297
52031
40139
9298
28714
28715
9301
52029
40141
9302
28716
28717
9305
52027
40143
9306
28718
28719
9309
52025
40145
9310
28720
28721
9313
52023
40147
9314
28722
28723
9317
52021
40149
9318
28724
28725
9321
52019
40151
9322
28727
9325
52017
40153
9326
28728
28729
9329
52015
40155
9330
28730
28731
9333
52013
40157
9334
28732
28733
9337
52011
40159
9338
28734
28735
9341
52009
40161
9342
28736
28737
9345
52007
40163
9346
28738
28739
9349
52005
40265
9350
28740
28741
9355
40337
9356
28686
28744
11809
42191
11810
29969
29971
11927
42253
11928
30028
30030
12045
42313
12046
30087
30089
10635
52003
41159
10636
29384
10639
52001
41133
10640
29385
29386
10643
51999
41137
10644
29387
29388
10647
51951
41141
10648
29389
29390
10651
51949
41145
10652
29391
29392
10655
52074
51947
41149
10656
29393
29394
10659
52076
51945
41153
10660
29395
29396
10663
51927
41157
10664
29397
29398
10667
41195
10668
29383
29400
11849
42213
11850
29990
29991
11967
42271
11968
30049
30050
12085
42335
12086
30108
30109
11603
51925
41907
11604
29868
52078
52080
52082
52084
52086
52088
11607
51929
41881
11608
29869
29870
11611
51931
41885
11612
29871
29872
11615
51933
41889
11616
29873
29874
11619
52090
51935
41893
11620
29875
29876
11623
52092
51937
41897
11624
29877
29878
11627
52094
51943
41901
11628
29879
29880
11631
51941
41905
11632
29881
29882
11635
41943
11636
29867
29884
11881
42229
11882
30006
30007
11999
42287
12000
30065
30066
12117
42351
12118
28742
30124
30125
12847
51939
42969
12848
30490
52096
52098
52100
52102
52104
12851
51997
42943
12852
30491
30492
12855
51995
42947
12856
30493
30494
12859
51993
42951
12860
30495
30496
12863
52106
51991
42955
12864
30497
30498
12867
52108
51953
42959
12868
30499
30500
12871
52110
51959
42963
12872
30501
30502
12875
51957
42967
12876
30503
30504
12879
43005
12880
30489
30506
13043
43119
13044
30587
30588
13079
43137
13080
30605
30606
13115
43155
13116
29399
30623
30624
13811
51955
43757
13812
30972
52112
52114
52116
52118
13815
51961
43731
13816
30973
30974
13819
51963
43735
13820
30975
30976
13823
52120
51965
43739
13824
30977
30978
13827
52122
51967
43743
13828
30979
30980
13831
52124
51969
43747
13832
30981
30982
13835
52126
51989
43751
13836
30983
30984
13839
51973
43755
13840
30985
30986
13843
43793
13844
30971
30988
14307
44173
14308
31219
31220
14007
43905
14008
31069
31070
14343
44191
14344
31237
31238
14043
43923
14044
31087
31088
14079
43941
14080
29883
31105
31106
14379
44209
14380
31255
31256
14415
44227
14416
30505
30987
31273
31274
16128
51971
45479
16129
32130
52128
52130
16132
51987
45477
16133
32131
32132
16136
51975
45475
16137
32133
32134
16140
52132
51977
45473
16141
32135
32136
16144
52134
51979
45459
16145
32137
32138
16148
52136
51981
45463
16149
32139
32140
16152
52138
51985
45467
16153
32141
32142
16156
51983
45471
16157
32143
32144
16160
45515
16161
32129
32146
16324
45629
16325
32227
32228
16360
45647
52140
52142
52144
52069
16361
32245
32246
16396
45665
52146
52148
52150
52152
52154
52156
52158
52160
52162
52164
52166
52168
52170
52172
52174
52176
52178
52180
52182
52184
52186
52188
52190
52192
52194
52196
52198
52200
52202
52204
52206
52208
52210
52212
52214
52216
52218
52073
16397
28726
32263
32264
17537
52071
46745
17538
32834
52220
52222
17541
46743
17542
32835
32836
17545
46741
17546
32837
32838
17549
46739
17550
32839
32840
17553
46725
17554
32841
32842
17557
46729
17558
32843
32844
17561
46733
17562
32845
32846
17565
46737
17566
32847
32848
17569
46781
17570
32833
32850
17733
46895
17734
32931
32932
17769
46913
17770
32949
32950
17805
46931
17806
28710
32967
32968
18926
47923
18927
33528
18930
47921
18931
33529
33530
18934
47919
18935
33531
33532
18938
47917
18939
33533
33534
18942
47903
18943
33535
33536
18946
47907
18947
33537
33538
18950
47911
18951
33539
33540
18954
47915
18955
33541
33542
18958
47959
18959
33527
33544
19122
48073
19123
33625
33626
19158
48091
19159
33643
33644
19194
48127
19195
32145
33661
33662
20243
49157
20244
34186
20247
49155
20248
34187
34188
20251
49153
20252
34189
34190
20255
49151
20256
34191
34192
20259
49137
20260
34193
34194
20263
49141
20264
34195
34196
20267
49145
20268
34197
34198
20271
49149
20272
34199
34200
20275
49193
20276
34185
34202
20439
49307
20440
34283
34284
20475
49325
20476
34301
34302
20511
49343
20512
32849
34319
34320
21528
52217
50129
21529
34828
21532
52215
50127
21533
34829
34830
21536
52213
50125
21537
34831
34832
21540
52211
50123
21541
34833
34834
21544
52209
50115
21545
34835
34836
21548
52207
50117
21549
34837
34838
21552
52205
50119
21553
34839
34840
21556
52203
50121
21557
34841
34842
21560
50149
21561
34827
34844
22153
50567
22154
35139
35140
21724
50215
21725
34925
34926
22189
50585
22190
35157
35158
21760
50233
21761
34943
34944
21796
50251
21797
33543
34961
34962
22225
50603
22226
35175
35176
22261
50621
22262
34201
34843
35193
35194
9361
52201
40335
9362
28747
9367
52199
40271
9368
28748
28750
9373
52197
40273
9374
28751
28753
9379
52195
40275
9380
28754
28756
9385
52193
40277
9386
28757
28759
9391
52191
40279
9392
28760
28762
9397
52189
40281
9398
28763
28765
9403
52187
40283
9404
28766
28768
9407
52185
40285
9408
28770
9411
52183
40287
9412
28771
28772
9415
52181
40289
9416
28773
28774
9419
52179
40291
9420
28775
28776
9423
52177
40293
9424
28777
28778
9427
52175
40295
9428
28779
28780
9431
52173
40297
9432
28781
28782
9435
52171
40299
9436
28783
28784
9439
52169
40301
9440
28786
9443
52167
40303
9444
28787
28788
9447
52165
40305
9448
28789
28790
9451
52163
40307
9452
28791
28792
9455
52161
40309
9456
28793
28794
9459
52159
40311
9460
28795
28796
9463
52157
40313
9464
28797
28798
9467
52155
40333
9468
28799
28800
9473
40409
9474
28745
28803
11815
42195
11816
29972
29974
11933
42255
11934
30031
30033
12051
42317
12052
30090
30092
10671
52153
41193
10672
29402
10675
52089
41167
10676
29403
29404
10679
52087
41171
10680
29405
29406
10683
52085
41175
10684
29407
29408
10687
52075
41179
10688
29409
29410
10691
52224
52077
41183
10692
29411
29412
10695
52226
52083
41187
10696
29413
29414
10699
52081
41191
10700
29415
29416
10703
41229
10704
29401
29418
11853
42215
11854
29992
29993
11971
42273
11972
30051
30052
12089
42337
12090
30110
30111
11639
52079
41941
11640
29886
52228
52230
52232
52234
52236
52238
11643
52105
41915
11644
29887
29888
11647
52103
41919
11648
29889
29890
11651
52091
41923
11652
29891
29892
11655
52240
52093
41927
11656
29893
29894
11659
52242
52095
41931
11660
29895
29896
11663
52244
52101
41935
11664
29897
29898
11667
52099
41939
11668
29899
29900
11671
41977
11672
29885
29902
11885
42231
11886
30008
30009
12003
42289
12004
30067
30068
12121
42353
12122
28801
30126
30127
12883
52097
43003
12884
30508
52246
52248
52250
52252
52254
12887
52151
42977
12888
30509
30510
12891
52119
42981
12892
30511
30512
12895
52107
42985
12896
30513
30514
12899
52256
52109
42989
12900
30515
30516
12903
52258
52111
42993
12904
30517
30518
12907
52260
52117
42997
12908
30519
30520
12911
52115
43001
12912
30521
30522
12915
43039
12916
30507
30524
13047
43121
13048
30589
30590
13083
43139
13084
30607
30608
13119
43157
13120
29417
30625
30626
13847
52113
43791
13848
30990
52262
52264
52266
52268
13851
52149
43765
13852
30991
30992
13855
52121
43769
13856
30993
30994
13859
52270
52123
43773
13860
30995
30996
13863
52272
52125
43777
13864
30997
30998
13867
52274
52127
43781
13868
30999
31000
13871
52276
52147
43785
13872
31001
31002
13875
52131
43789
13876
31003
31004
13879
43827
13880
30989
31006
14311
44175
14312
31221
31222
14011
43907
14012
31071
31072
14347
44193
14348
31239
31240
14047
43925
14048
31089
31090
14083
43943
14084
29901
31107
31108
14383
44211
14384
31257
31258
14419
44229
14420
30523
31005
31275
31276
16164
52129
45513
16165
32148
52278
52280
16168
52145
45511
16169
32149
32150
16172
52133
45509
16173
32151
32152
16176
52282
52135
45507
16177
32153
32154
16180
52284
52137
45493
16181
32155
32156
16184
52286
52139
45497
16185
32157
32158
16188
52288
52143
45501
16189
32159
32160
16192
52141
45505
16193
32161
32162
16196
45549
16197
32147
32164
16328
45631
16329
32229
32230
16364
45649
52290
52292
52294
52219
16365
32247
32248
16400
45667
52296
52298
52300
52302
52304
52306
52308
52310
52312
52314
52316
52318
52320
52322
52324
52326
52328
52330
52332
52334
52336
52338
52340
52342
52344
52346
52348
52350
52352
52354
52356
52358
52360
52362
52364
52366
52368
52223
16401
28785
32265
32266
17573
52221
46779
17574
32852
52370
52372
17577
46777
17578
32853
32854
17581
46775
17582
32855
32856
17585
46773
17586
32857
32858
17589
46759
17590
32859
32860
17593
46763
17594
32861
32862
17597
46767
17598
32863
32864
17601
46771
17602
32865
32866
17605
46815
17606
32851
32868
17737
46897
17738
32933
32934
17773
46915
17774
32951
32952
17809
47033
17810
28769
32969
32970
18962
47957
18963
33546
18966
47955
18967
33547
33548
18970
47953
18971
33549
33550
18974
47951
18975
33551
33552
18978
47937
18979
33553
33554
18982
47941
18983
33555
33556
18986
47945
18987
33557
33558
18990
47949
18991
33559
33560
18994
47993
18995
33545
33562
19126
48075
19127
33627
33628
19162
48093
19163
33645
33646
19198
48153
19199
32163
33663
33664
20279
49191
20280
34204
20283
49189
20284
34205
34206
20287
49187
20288
34207
34208
20291
49185
20292
34209
34210
20295
49171
20296
34211
34212
20299
49175
20300
34213
34214
20303
49179
20304
34215
34216
20307
49183
20308
34217
34218
20311
49227
20312
34203
34220
20443
49309
20444
34285
34286
20479
49327
20480
34303
34304
20515
49345
20516
32867
34321
34322
21564
52367
50147
21565
34846
21568
52365
50145
21569
34847
34848
21572
52363
50143
21573
34849
34850
21576
52361
50141
21577
34851
34852
21580
52359
50133
21581
34853
34854
21584
52357
50135
21585
34855
34856
21588
52355
50137
21589
34857
34858
21592
52353
50139
21593
34859
34860
21596
50167
21597
34845
34862
22157
50569
22158
35141
35142
21728
50217
21729
34927
34928
22193
50587
22194
35159
35160
21764
50235
21765
34945
34946
21800
50253
21801
33561
34963
34964
22229
50605
22230
35177
35178
22265
50623
22266
34219
34861
35195
35196
9479
52351
40407
9480
28806
9485
52349
40339
9486
28807
28809
9491
52347
40341
9492
28810
28812
9497
52345
40343
9498
28813
28815
9503
52343
40345
9504
28816
28818
9509
52341
40347
9510
28819
28821
9515
52339
40349
9516
28822
28824
9521
52337
40351
9522
28825
28827
9525
52335
40353
9526
28829
9529
52333
40355
9530
28830
28831
9533
52331
40357
9534
28832
28833
9537
52329
40359
9538
28834
28835
9541
52327
40361
9542
28836
28837
9545
52325
40363
9546
28838
28839
9549
52323
40365
9550
28840
28841
9553
52321
40367
9554
28842
28843
9557
52319
40369
9558
28845
9561
52317
40371
9562
28846
28847
9565
52315
40373
9566
28848
28849
9569
52313
40375
9570
28850
28851
9573
52311
40377
9574
28852
28853
9577
52309
40379
9578
28854
28855
9581
52307
40381
9582
28856
28857
9585
52305
40405
9586
28858
28859
9591
40477
9592
28804
28862
11821
42199
11822
29975
29977
11939
42259
11940
30034
30036
12057
42321
12058
30093
30095
10707
52303
41227
10708
29420
10711
52239
41201
10712
29421
29422
10715
52237
41205
10716
29423
29424
10719
52235
41209
10720
29425
29426
10723
52225
41213
10724
29427
29428
10727
52227
41217
10728
29429
29430
10731
52374
52233
41221
10732
29431
29432
10735
52231
41225
10736
29433
29434
10739
41263
10740
29419
29436
11857
42217
11858
29994
29995
11975
42275
11976
30053
30054
12093
42339
12094
30112
30113
11675
52229
41975
11676
29904
52376
52378
52380
52382
52384
52386
11679
52255
41949
11680
29905
29906
11683
52253
41953
11684
29907
29908
11687
52241
41957
11688
29909
29910
11691
52388
52243
41961
11692
29911
29912
11695
52390
52245
41965
11696
29913
29914
11699
52392
52251
41969
11700
29915
29916
11703
52249
41973
11704
29917
29918
11707
42009
11708
29903
29920
11889
42233
11890
30010
30011
12007
42291
12008
30069
30070
12125
42355
12126
28860
30128
30129
12919
52247
43037
12920
30526
52394
52396
52398
52400
52402
52404
52406
52408
52410
52412
52414
52416
52418
52420
52422
52424
52426
52428
52430
52432
52434
52436
52438
52440
52442
52444
52446
52448
52450
52452
52454
52456
52458
52460
52462
52464
52466
52468
52470
52472
52474
52476
52478
52480
52482
52484
52486
12923
52301
43011
12924
30527
30528
12927
52269
43015
12928
30529
30530
12931
52257
43019
12932
30531
30532
12935
52259
43023
12936
30533
30534
12939
52261
43027
12940
30535
30536
12943
52267
43031
12944
30537
30538
12947
52265
43035
12948
30539
30540
12951
43073
12952
30525
30542
13051
43123
13052
30591
30592
13087
43141
13088
30609
30610
13123
43159
13124
29435
30627
30628
13883
52263
43825
13884
31008
13887
52299
43799
13888
31009
31010
13891
52271
43803
13892
31011
31012
13895
52273
43807
13896
31013
31014
13899
52275
43811
13900
31015
31016
13903
52277
43815
13904
31017
31018
13907
52297
43819
13908
31019
31020
13911
52281
43823
13912
31021
31022
13915
43861
13916
31007
31024
14315
44177
14316
31223
31224
14015
43909
14016
31073
31074
14351
44195
14352
31241
31242
14051
43927
14052
31091
31092
14087
43945
14088
29919
31109
31110
14387
44213
14388
31259
31260
14423
44231
14424
30541
31023
31277
31278
16200
52279
45547
16201
32166
16204
52295
45545
16205
32167
32168
16208
52283
45543
16209
32169
32170
16212
52285
45541
16213
32171
32172
16216
52287
45527
16217
32173
32174
16220
52289
45531
16221
32175
32176
16224
52293
45535
16225
32177
32178
16228
52291
45539
16229
32179
32180
16232
45583
16233
32165
32182
16332
45633
16333
32231
32232
16368
45651
52369
16369
32249
32250
16404
45757
52373
16405
28844
32267
32268
17609
52371
46813
17610
32870
17613
46811
17614
32871
32872
17617
46809
17618
32873
32874
17621
46807
17622
32875
32876
17625
46793
17626
32877
32878
17629
46797
17630
32879
32880
17633
46801
17634
32881
32882
17637
46805
17638
32883
32884
17641
46849
17642
32869
32886
17741
46899
17742
32935
32936
17777
46917
17778
32953
32954
17813
47037
17814
28828
32971
32972
18998
47991
18999
33564
19002
47989
19003
33565
33566
19006
47987
19007
33567
33568
19010
47985
19011
33569
33570
19014
47971
19015
33571
33572
19018
47975
19019
33573
33574
19022
47979
19023
33575
33576
19026
47983
19027
33577
33578
19030
48027
19031
33563
33580
19130
48077
19131
33629
33630
19166
48095
19167
33647
33648
19202
48179
19203
32181
33665
33666
20315
52487
49225
20316
34222
20319
52485
49223
20320
34223
34224
20323
52483
49221
20324
34225
34226
20327
52481
49219
20328
34227
34228
20331
52479
49205
20332
34229
34230
20335
52477
49209
20336
34231
34232
20339
52475
49213
20340
34233
34234
20343
52473
49217
20344
34235
34236
20347
49261
20348
34221
34238
20447
49311
20448
34287
34288
20483
49329
20484
34305
34306
20519
49417
20520
32885
34323
34324
21600
52471
50165
21601
34864
21604
52469
50163
21605
34865
34866
21608
52467
50161
21609
34867
34868
21612
52465
50159
21613
34869
34870
21616
52463
50151
21617
34871
34872
21620
52461
50153
21621
34873
34874
21624
52459
50155
21625
34875
34876
21628
52457
50157
21629
34877
34878
21632
50185
21633
34863
34880
22161
50571
22162
35143
35144
21732
50219
21733
34929
34930
22197
50589
22198
35161
35162
21768
50237
21769
34947
34948
21804
50255
21805
33579
34965
34966
22233
50607
22234
35179
35180
22269
50625
22270
34237
34879
35197
35198
9597
52455
40475
9598
28865
52488
9603
52453
40411
9604
28866
28868
9609
52490
52451
40413
9610
28869
28871
9615
52492
52449
40415
9616
28872
28874
9621
52494
52447
40417
9622
28875
28877
9627
52496
52445
40419
9628
28878
28880
9633
52498
52443
40421
9634
28881
28883
9639
52441
40423
9640
28884
28886
9715
40525
9716
27634
28924
52500
52502
52504
52506
52508
52510
52512
52514
52516
52518
52520
52522
52524
9721
40479
9722
27662
28925
28927
9727
40481
9728
27690
28928
28930
9733
40483
9734
27718
28931
28933
9739
40485
9740
27746
28934
28936
9745
40487
9746
27774
28937
28939
9751
40489
9752
27802
28940
28942
9757
40491
9758
27830
28943
28945
9643
52439
40425
9644
28888
9647
52437
40427
9648
28889
28890
9651
52435
40429
9652
28891
28892
9655
52433
40431
9656
28893
28894
9659
52431
40433
9660
28895
28896
9663
52429
40435
9664
28897
28898
9667
52427
40437
9668
28899
28900
9671
52425
40439
9672
28901
28902
9761
40493
9762
28064
28947
9765
40495
9766
28083
28948
28949
9769
40497
9770
28102
28950
28951
9773
40499
9774
28121
28952
28953
9777
40501
9778
28140
28954
28955
9781
40503
9782
28159
28956
28957
9785
40505
9786
28178
28958
28959
9789
40507
9790
28197
28960
28961
9675
52423
40441
9676
28904
9679
52421
40443
9680
28905
28906
9683
52419
40445
9684
28907
28908
9687
52417
40447
9688
28909
28910
9691
52415
40449
9692
28911
28912
9695
52413
40451
9696
28913
28914
9699
52411
40453
9700
28915
28916
9703
52409
40473
9704
28917
28918
9709
40527
9710
28863
28921
11827
42203
11828
29978
29980
11945
42261
11946
30037
30039
12063
42325
12064
30096
30098
9793
40509
9794
28430
28963
9797
40511
9798
28449
28964
28965
9801
40513
9802
28468
28966
28967
9805
40515
9806
28487
28968
28969
9809
40517
9810
28506
28970
28971
9813
40519
9814
28525
28972
28973
9817
40521
9818
28544
28974
28975
9821
40523
9822
28563
28976
28977
9827
40529
9828
28922
28980
11833
42205
11834
29981
29983
11951
42263
11952
30040
30042
12069
42327
12070
30099
30101
10743
52407
41261
10744
29438
10747
52405
41235
10748
29439
29440
10751
52387
41239
10752
29441
29442
10755
52385
41243
10756
29443
29444
10759
52383
41247
10760
29445
29446
10763
52375
41251
10764
29447
29448
10767
52381
41255
10768
29449
29450
10771
52379
41259
10772
29451
29452
10775
41281
10776
29437
29454
11861
42219
11862
29996
29997
11979
42277
11980
30055
30056
12097
42341
12098
30114
30115
10779
41279
10780
29210
29456
10783
41265
10784
29229
29457
29458
10787
41267
10788
29248
29459
29460
10791
41269
10792
29267
29461
29462
10795
41271
10796
29286
29463
29464
10799
41273
10800
29305
29465
29466
10803
41275
10804
29324
29467
29468
10807
41277
10808
29343
29469
29470
10811
41283
10812
29455
29472
11865
42221
11866
29998
29999
11983
42279
11984
30057
30058
12101
42343
12102
30116
30117
11711
52377
42007
11712
29922
11715
52403
41983
11716
29923
29924
11719
52401
41987
11720
29925
29926
11723
52389
41991
11724
29927
29928
11727
52391
41995
11728
29929
29930
11731
52393
41999
11732
29931
29932
11735
52399
42003
11736
29933
29934
11739
52397
42005
11740
29935
29936
11743
42027
11744
29921
29938
11893
42235
11894
30012
30013
12011
42293
12012
30071
30072
12129
42357
12130
28919
30130
30131
11747
42025
11748
29694
29940
11751
42011
11752
29713
29941
29942
11755
42013
11756
29732
29943
29944
11759
42015
11760
29751
29945
29946
11763
42017
11764
29770
29947
29948
11767
42019
11768
29789
29949
29950
11771
42021
11772
29808
29951
29952
11775
42023
11776
29827
29953
29954
11779
42063
11780
29939
29956
11897
42239
11898
30014
30015
12015
42295
12016
30073
30074
12133
42361
12134
28978
30132
30133
11785
42169
11786
29959
11903
42241
11904
29960
30018
12021
42299
12022
30019
30077
12139
42363
12140
30078
30136
14111
44065
14112
31122
14117
44069
14118
31123
31125
14123
44073
14124
31126
31128
14129
44075
14130
31129
31131
14173
44101
14174
31153
14179
44105
14180
31154
31156
14185
44109
14186
31157
31159
14191
44111
14192
31160
31162
14235
44137
14236
31184
14241
44139
14242
31185
31187
14247
44143
14248
31188
31190
14253
44145
14254
31191
31193
12955
52395
43071
12956
30544
12959
43045
12960
30545
30546
12963
43049
12964
30547
30548
12967
43053
12968
30549
30550
12971
43057
12972
30551
30552
12975
43061
12976
30553
30554
12979
43065
12980
30555
30556
12983
43069
12984
30557
30558
12987
43107
12988
30543
30560
13055
43125
13056
30593
30594
13091
43143
13092
30611
30612
13127
43161
13128
29453
30629
30630
12991
43105
12992
30316
30562
12995
43079
12996
30335
30563
30564
12999
43083
13000
30354
30565
30566
13003
43087
13004
30373
30567
30568
13007
43091
13008
30392
30569
30570
13011
43095
13012
30411
30571
30572
13015
43099
13016
30430
30573
30574
13019
43103
13020
30449
30575
30576
13023
43109
13024
30561
30578
13059
43127
13060
30595
30596
13095
43145
13096
30613
30614
13131
43163
13132
29471
30631
30632
13027
43111
13028
30580
13063
43129
13064
30581
30598
13099
43147
13100
30599
30616
13135
43165
13136
30617
30634
14133
44077
14134
31133
14137
44079
14138
31134
31135
14141
44081
14142
31136
31137
14145
44083
14146
31138
31139
14195
44113
14196
31164
14199
44115
14200
31165
31166
14203
44117
14204
31167
31168
14207
44119
14208
31169
31170
14257
44147
14258
31195
14261
44149
14262
31196
31197
14265
44151
14266
31198
31199
14269
44153
14270
31200
31201
13919
43859
13920
31026
13923
43833
13924
31027
31028
13927
43837
13928
31029
31030
13931
43841
13932
31031
31032
13935
43845
13936
31033
31034
13939
43849
13940
31035
31036
13943
43853
13944
31037
31038
13947
43857
13948
31039
31040
13951
43893
13952
31025
31042
14319
44179
14320
31225
31226
14019
43911
14020
31075
31076
14355
44197
14356
31243
31244
14055
43929
14056
31093
31094
14091
43947
14092
29937
31111
31112
14391
44215
14392
31261
31262
14427
44233
14428
30559
31041
31279
31280
13955
43891
13956
30798
31044
13959
43867
13960
30817
31045
31046
13963
43871
13964
30836
31047
31048
13967
43875
13968
30855
31049
31050
13971
43879
13972
30874
31051
31052
13975
43883
13976
30893
31053
31054
13979
43887
13980
30912
31055
31056
13983
43889
13984
30931
31057
31058
13987
43895
13988
31043
31060
14323
44181
14324
31227
31228
14023
43913
14024
31077
31078
14359
44199
14360
31245
31246
14059
43931
14060
31095
31096
14095
43949
14096
29955
31113
31114
14395
44217
14396
31263
31264
14431
44235
14432
30577
31059
31281
31282
13991
43897
13992
31062
14027
43915
14028
31063
31080
14063
43933
14064
31081
31098
14099
44057
14100
31099
31116
14327
44183
14328
31230
14363
44201
14364
31231
31248
14399
44219
14400
31249
31266
14435
44237
14436
31267
31284
14503
44271
14504
31318
14507
44273
14508
31319
31320
14511
44275
14512
31321
31322
14515
44277
14516
31323
31324
14149
44085
14150
31141
14153
44087
14154
31142
31143
14157
44089
14158
31144
31145
14161
44093
14162
31146
31147
14443
44241
14444
31288
14447
44243
14448
31289
31290
14451
44245
14452
31291
31292
14455
44247
14456
31293
31294
14523
44281
14524
31328
14527
44283
14528
31329
31330
14531
44285
14532
31331
31332
14535
44287
14536
31333
31334
14211
44121
14212
31172
14215
44123
14216
31173
31174
14219
44125
14220
31175
31176
14223
44129
14224
31177
31178
14463
44251
14464
31298
14467
44253
14468
31299
31300
14471
44255
14472
31301
31302
14475
44257
14476
31303
31304
14543
44291
14544
31338
14547
44293
14548
31339
31340
14551
44295
14552
31341
31342
14555
44297
14556
31343
31344
14273
44155
14274
31203
14277
44157
14278
31204
31205
14281
44159
14282
31206
31207
14285
44163
14286
31208
31209
14483
44261
14484
31308
14487
44263
14488
31309
31310
14491
44265
14492
31311
31312
14495
44267
14496
31313
31314
14563
44301
14564
31348
14567
44303
14568
31349
31350
14571
44305
14572
31351
31352
14575
44307
14576
31353
31354
14105
44061
14106
31119
14167
44097
14168
31120
31150
14229
44133
14230
31151
31181
14291
44165
14292
29957
31182
31212
14439
44239
14440
31286
14459
44249
14460
31287
31296
14479
44259
14480
31297
31306
14499
44269
14500
30579
31307
31316
14519
44279
14520
31326
14539
44289
14540
31327
31336
14559
44299
14560
31337
31346
14579
44311
14580
31061
31347
31356
14775
44423
14776
31454
14779
44425
14780
31455
31456
14783
44427
14784
31457
31458
14787
44429
14788
31229
31459
31460
14591
44319
14592
31362
14597
44323
14598
31363
31365
14603
44327
14604
31366
31368
14609
44329
14610
30016
31369
31371
14613
44331
14614
31373
14617
44333
14618
31374
31375
14621
44335
14622
31376
31377
14625
44337
14626
30597
31378
31379
14629
44339
14630
31381
14633
44341
14634
31382
31383
14637
44343
14638
31384
31385
14641
44347
14642
31079
31386
31387
14795
44433
14796
31464
14799
44435
14800
31465
31466
14803
44437
14804
31467
31468
14807
44439
14808
31247
31469
31470
14653
44355
14654
31393
14659
44359
14660
31394
31396
14665
44363
14666
31397
31399
14671
44365
14672
30075
31400
31402
14675
44367
14676
31404
14679
44369
14680
31405
31406
14683
44371
14684
31407
31408
14687
44373
14688
30615
31409
31410
14691
44375
14692
31412
14695
44377
14696
31413
31414
14699
44379
14700
31415
31416
14703
44383
14704
31097
31417
31418
14815
44443
14816
31474
14819
44445
14820
31475
31476
14823
44447
14824
31477
31478
14827
44449
14828
31265
31479
31480
14715
44391
14716
31424
14721
44395
14722
31425
31427
14727
44399
14728
31428
31430
14733
44401
14734
30134
31431
31433
14737
44403
14738
31435
14741
44405
14742
31436
31437
14745
44407
14746
31438
31439
14749
44409
14750
30633
31440
31441
14753
44411
14754
31117
31443
14757
44413
14758
31148
31444
31445
14761
44415
14762
31179
31446
31447
14765
44419
14766
31115
31210
31448
31449
14835
44453
14836
31285
31325
31484
14839
44455
14840
31295
31335
31485
31486
14843
44457
14844
31305
31345
31487
31488
14847
44459
14848
31283
31315
31355
31489
31490
14585
44315
14586
31359
14647
44351
14648
31360
31390
14709
44387
14710
31391
31421
14771
44421
14772
31422
31452
14791
44431
14792
31462
14811
44441
14812
31463
31472
14831
44451
14832
31473
31482
14851
44461
14852
31483
31492
14855
44463
14856
31494
14859
44465
14860
31495
31496
14863
44467
14864
31497
31498
14867
44471
14868
31499
31500
14879
44479
14880
31506
14885
44483
14886
31507
31509
14891
44487
14892
31510
31512
14897
44489
14898
31513
31515
14901
44491
14902
31517
14905
44493
14906
31518
31519
14909
44495
14910
31520
31521
14913
44497
14914
31522
31523
14917
44499
14918
31525
14921
44501
14922
31526
31527
14925
44503
14926
31528
31529
14929
44507
14930
31530
31531
14941
44515
14942
31537
14947
44519
14948
31538
31540
14953
44523
14954
31541
31543
14959
44525
14960
31544
31546
14963
44527
14964
31548
14967
44529
14968
31549
31550
14971
44531
14972
31551
31552
14975
44533
14976
31553
31554
14979
44535
14980
31556
14983
44537
14984
31557
31558
14987
44539
14988
31559
31560
14991
44543
14992
31561
31562
15003
44551
15004
31568
15009
44555
15010
31569
31571
15015
44559
15016
31572
31574
15021
44561
15022
31575
31577
15025
44563
15026
31579
15029
44565
15030
31580
31581
15033
44567
15034
31582
31583
15037
44569
15038
31584
31585
15041
44571
15042
31357
31461
31587
15045
44573
15046
31388
31471
31588
31589
15049
44575
15050
31419
31481
31590
31591
15053
44579
15054
31450
31491
31592
31593
14873
44475
14874
31503
14935
44511
14936
31504
31534
14997
44547
14998
31535
31565
15059
44581
15060
31566
31596
15063
44583
15064
31598
15067
44585
15068
31599
31600
15071
44587
15072
31601
31602
15075
44591
15076
31603
31604
15087
44599
15088
31610
15093
44603
15094
31611
31613
15099
44607
15100
31614
31616
15105
44609
15106
31617
31619
15109
44611
15110
31621
15113
44613
15114
31622
31623
15117
44615
15118
31624
31625
15121
44619
15122
31626
31627
15133
44627
15134
31633
15139
44631
15140
31634
31636
15145
44635
15146
31637
31639
15151
44637
15152
31640
31642
15155
44639
15156
31644
15159
44641
15160
31645
31646
15163
44643
15164
31647
31648
15167
44647
15168
31649
31650
15179
44655
15180
31656
15185
44659
15186
31657
31659
15191
44663
15192
31660
31662
15197
44665
15198
31663
31665
15201
44667
15202
31501
31667
15205
44669
15206
31532
31668
31669
15209
44671
15210
31563
31670
31671
15213
44675
15214
31594
31672
31673
15081
44595
15082
31607
15127
44623
15128
31608
31630
15173
44651
15174
31631
31653
15219
44683
15220
31654
31676
15231
44687
15232
31682
15237
44691
15238
31683
31685
15243
44695
15244
31686
31688
15249
44703
15250
31689
31691
15261
44707
15262
31697
15267
44711
15268
31698
31700
15273
44715
15274
31701
31703
15279
44723
15280
31704
31706
15291
44727
15292
31712
15297
44731
15298
31713
31715
15303
44735
15304
31716
31718
15309
44739
15310
31719
31721
16236
45581
16237
32184
16240
45579
16241
32185
32186
16244
45577
16245
32187
32188
16248
45575
16249
32189
32190
16252
45561
16253
32191
32192
16256
45565
16257
32193
32194
16260
45569
16261
32195
32196
16264
45573
16265
32197
32198
16268
45617
16269
32183
32200
16336
45635
16337
32233
32234
16372
45653
16373
32251
32252
16408
45761
16409
28903
32269
32270
16272
45615
16273
31956
32202
16276
45613
16277
31975
32203
32204
16280
45611
16281
31994
32205
32206
16284
45609
16285
32013
32207
32208
16288
45595
16289
32032
32209
32210
16292
45599
16293
32051
32211
32212
16296
45603
16297
32070
32213
32214
16300
45607
16301
32089
32215
32216
16304
45619
16305
32201
32218
16340
45637
16341
32235
32236
16376
45655
16377
32253
32254
16412
45765
16413
28962
32271
32272
16308
45621
16309
32220
16344
45639
16345
32221
32238
16380
45657
16381
32239
32256
16416
45769
16417
32257
32274
16424
45775
16425
32278
16428
45779
16429
32279
32280
16432
45783
16433
32281
32282
16436
45787
16437
32283
32284
16444
45793
16445
32288
16448
45797
16449
32289
32290
16452
45801
16453
32291
32292
16456
45805
16457
32293
32294
16464
45811
16465
32298
16468
45815
16469
32299
32300
16472
45819
16473
32301
32302
16476
45823
16477
32303
32304
16420
45771
16421
32276
16440
45789
16441
32277
32286
16460
45807
16461
32287
32296
16480
45825
16481
29473
32297
32306
16488
45829
16489
32310
16492
45831
16493
32311
32312
16496
45833
16497
32313
32314
16500
45835
16501
30000
32315
32316
16508
45839
16509
32320
16512
45841
16513
32321
32322
16516
45843
16517
32323
32324
16520
45847
16521
30059
32325
32326
16528
45855
16529
30635
32330
16532
45859
16533
31140
32331
32332
16536
45863
16537
31171
32333
32334
16540
45867
16541
30118
31202
32335
32336
16484
45827
16485
32308
16504
45837
16505
32309
32318
16524
45851
16525
32319
32328
16544
45871
16545
32329
32338
16552
45877
16553
32342
16556
45881
16557
32343
32344
16560
45885
16561
32345
32346
16564
45889
16565
32347
32348
16572
45895
16573
32352
16576
45899
16577
32353
32354
16580
45903
16581
32355
32356
16584
45907
16585
32357
32358
16592
45913
16593
31317
32362
16596
45917
16597
31380
32363
32364
16600
45921
16601
31411
32365
32366
16604
45925
16605
31442
32367
32368
16548
45873
16549
32340
16568
45891
16569
32341
32350
16588
45909
16589
32351
32360
16608
45929
16609
32361
32370
16616
45937
16617
32374
16620
45941
16621
32375
32376
16624
45945
16625
32377
32378
16628
45949
16629
32379
32380
16636
45957
16637
32384
16640
45961
16641
32385
32386
16644
45965
16645
32387
32388
16648
45969
16649
32389
32390
16656
45975
16657
31493
32394
16660
45977
16661
31524
32395
32396
16664
45981
16665
31555
32397
32398
16668
45985
16669
31586
32399
32400
16612
45933
16613
32372
16632
45953
16633
32373
32382
16652
45973
16653
32383
32392
16672
45991
16673
32393
32402
16680
45997
16681
32406
16684
46001
16685
32407
32408
16688
46005
16689
32409
32410
16692
46011
16693
32411
32412
16700
46017
16701
32416
16704
46021
16705
32417
32418
16708
46025
16709
32419
32420
16712
46031
16713
32421
32422
16720
46037
16721
31605
32426
16724
46041
16725
31628
32427
32428
16728
46045
16729
31651
32429
32430
16732
46051
16733
31674
32431
32432
17645
46847
17646
32888
17649
46845
17650
32889
32890
17653
46843
17654
32891
32892
17657
46841
17658
32893
32894
17661
46827
17662
32895
32896
17665
46831
17666
32897
32898
17669
46835
17670
32899
32900
17673
46839
17674
32901
32902
17677
46883
17678
32887
32904
17745
46901
17746
32937
32938
17781
46919
17782
32955
32956
17817
47041
17818
28887
32973
32974
17681
46881
17682
32660
32906
17685
46879
17686
32679
32907
32908
17689
46877
17690
32698
32909
32910
17693
46875
17694
32717
32911
32912
17697
46861
17698
32736
32913
32914
17701
46865
17702
32755
32915
32916
17705
46869
17706
32774
32917
32918
17709
46873
17710
32793
32919
32920
17713
46885
17714
32905
32922
17749
46903
17750
32939
32940
17785
46921
17786
32957
32958
17821
47045
17822
28946
32975
32976
17717
46887
17718
32924
17753
46905
17754
32925
32942
17789
46923
17790
32943
32960
17825
47047
17826
32961
32978
17833
47055
17834
32982
17837
47059
17838
32983
32984
17841
47063
17842
32985
32986
17845
47065
17846
32987
32988
17853
47073
17854
32992
17857
47077
17858
32993
32994
17861
47081
17862
32995
32996
17865
47083
17866
32997
32998
17873
47091
17874
33002
17877
47095
17878
33003
33004
17881
47099
17882
33005
33006
17885
47101
17886
33007
33008
17829
47051
17830
32980
17849
47069
17850
32981
32990
17869
47087
17870
32991
33000
17889
47103
17890
28981
33001
33010
17897
47107
17898
33014
17901
47109
17902
33015
33016
17905
47111
17906
33017
33018
17909
47113
17910
29984
33019
33020
17917
47117
17918
33024
17921
47119
17922
33025
33026
17925
47123
17926
33027
33028
17929
47127
17930
30043
33029
33030
17937
47135
17938
30137
33034
17941
47139
17942
31132
33035
33036
17945
47143
17946
31163
33037
33038
17949
47147
17950
30102
31194
33039
33040
17893
47105
17894
33012
17913
47115
17914
33013
33022
17933
47131
17934
33023
33032
17953
47149
17954
33033
33042
17961
47157
17962
33046
17965
47161
17966
33047
33048
17969
47165
17970
33049
33050
17973
47167
17974
33051
33052
17981
47175
17982
33056
17985
47179
17986
33057
33058
17989
47183
17990
33059
33060
17993
47185
17994
33061
33062
18001
47193
18002
31213
33066
18005
47197
18006
31372
33067
33068
18009
47201
18010
31403
33069
33070
18013
47205
18014
31434
33071
33072
17957
47153
17958
33044
17977
47171
17978
33045
33054
17997
47189
17998
33055
33064
18017
47209
18018
33065
33074
18025
47217
18026
33078
18029
47221
18030
33079
33080
18033
47225
18034
33081
33082
18037
47229
18038
33083
33084
18045
47237
18046
33088
18049
47241
18050
33089
33090
18053
47245
18054
33091
33092
18057
47249
18058
33093
33094
18065
47257
18066
31453
33098
18069
47261
18070
31516
33099
33100
18073
47265
18074
31547
33101
33102
18077
47269
18078
31578
33103
33104
18021
47213
18022
33076
18041
47233
18042
33077
33086
18061
47253
18062
33087
33096
18081
47275
18082
33097
33106
18089
47281
18090
33110
18093
47285
18094
33111
33112
18097
47289
18098
33113
33114
18101
47295
18102
33115
33116
18109
47301
18110
33120
18113
47305
18114
33121
33122
18117
47309
18118
33123
33124
18121
47315
18122
33125
33126
18129
47321
18130
31597
33130
18133
47325
18134
31620
33131
33132
18137
47329
18138
31643
33133
33134
18141
47335
18142
31666
33135
33136
19034
48025
19035
33582
19038
48023
19039
33583
33584
19042
48021
19043
33585
33586
19046
48019
19047
33587
33588
19050
48005
19051
33589
33590
19054
52525
48009
19055
33591
33592
19058
52523
48013
19059
33593
33594
19062
52521
48017
19063
33595
33596
19066
48061
19067
33581
33598
19134
48079
19135
33631
33632
19170
48097
19171
33649
33650
19206
48271
19207
32199
33667
33668
19070
48059
19071
33354
33600
19074
48057
19075
33373
33601
33602
19078
48055
19079
33392
33603
33604
19082
48053
19083
33411
33605
33606
19086
48039
19087
33430
33607
33608
19090
48043
19091
33449
33609
33610
19094
48047
19095
33468
33611
33612
19098
48051
19099
33487
33613
33614
19102
48063
19103
33599
33616
19138
48081
19139
33633
33634
19174
48099
19175
33651
33652
19210
48273
19211
32217
33669
33670
19106
48065
19107
33618
19142
48083
19143
33619
33636
19178
48101
19179
33637
33654
19214
48277
19215
33655
33672
19222
48285
19223
33676
19226
48289
19227
33677
33678
19230
48291
19231
33679
33680
19234
48295
19235
33681
33682
19242
48303
19243
33686
19246
48307
19247
33687
33688
19250
48309
19251
33689
33690
19254
48313
19255
33691
33692
19262
48321
19263
33696
19266
48325
19267
33697
33698
19270
48327
19271
33699
33700
19274
48329
19275
33701
33702
19218
48281
19219
33674
19238
48299
19239
33675
33684
19258
48317
19259
33685
33694
19278
48331
19279
32219
33695
33704
19286
48335
19287
33708
19290
48337
19291
33709
33710
19294
48339
19295
33711
33712
19298
48341
19299
32237
33713
33714
19306
48345
19307
33718
19310
48349
19311
33719
33720
19314
48353
19315
33721
33722
19318
48357
19319
32255
33723
33724
19326
48365
19327
32275
33728
19330
48369
19331
32285
33729
33730
19334
48373
19335
32295
33731
33732
19338
48375
19339
32273
32305
33733
33734
19282
48333
19283
33706
19302
48343
19303
33707
33716
19322
48361
19323
33717
33726
19342
48379
19343
33727
33736
19350
48387
19351
33740
19354
48391
19355
33741
33742
19358
48393
19359
33743
33744
19362
48397
19363
33745
33746
19370
48403
19371
33750
19374
48407
19375
33751
33752
19378
48409
19379
33753
33754
19382
48413
19383
33755
33756
19390
48421
19391
32307
33760
19394
48425
19395
32317
33761
33762
19398
48429
19399
32327
33763
33764
19402
48433
19403
32337
33765
33766
19346
48383
19347
33738
19366
48399
19367
33739
33748
19386
48417
19387
33749
33758
19406
48437
19407
33759
33768
19414
48445
19415
33772
19418
48449
19419
33773
33774
19422
48453
19423
33775
33776
19426
48457
19427
33777
33778
19434
48465
19435
33782
19438
48469
19439
33783
33784
19442
48473
19443
33785
33786
19446
48477
19447
33787
33788
19454
48485
19455
32339
33792
19458
48489
19459
32349
33793
33794
19462
48493
19463
32359
33795
33796
19466
48497
19467
32369
33797
33798
19410
48441
19411
33770
19430
48461
19431
33771
33780
19450
48481
19451
33781
33790
19470
48503
19471
33791
33800
19478
48509
19479
33804
19482
48513
19483
33805
33806
19486
48517
19487
33807
33808
19490
48523
19491
33809
33810
19498
48529
19499
33814
19502
48533
19503
33815
33816
19506
48537
19507
33817
33818
19510
48543
19511
33819
33820
19518
48549
19519
32371
33824
19522
48553
19523
32381
33825
33826
19526
48557
19527
32391
33827
33828
19530
48563
19531
32401
33829
33830
20351
52519
49259
20352
34240
20355
52517
49257
20356
34241
34242
20359
52515
49255
20360
34243
34244
20363
52513
49253
20364
34245
34246
20367
52511
49239
20368
34247
34248
20371
52509
49243
20372
34249
34250
20375
52507
49247
20376
34251
34252
20379
52505
49251
20380
34253
34254
20383
49295
20384
34239
34256
20451
49313
20452
34289
34290
20487
49331
20488
34307
34308
20523
49419
20524
32903
34325
34326
20387
49293
20388
34012
34258
20391
49291
20392
34031
34259
34260
20395
49289
20396
34050
34261
34262
20399
49287
20400
34069
34263
34264
20403
49273
20404
34088
34265
34266
20407
49277
20408
34107
34267
34268
20411
49281
20412
34126
34269
34270
20415
49285
20416
34145
34271
34272
20419
49297
20420
34257
34274
20455
49315
20456
34291
34292
20491
49333
20492
34309
34310
20527
49445
20528
32921
34327
34328
20423
49299
20424
34276
20459
49317
20460
34277
34294
20495
49335
20496
34295
34312
20531
49461
20532
34313
34330
20539
49501
20540
34334
20543
49503
20544
34335
34336
20547
49507
20548
34337
34338
20551
49511
20552
34339
34340
20559
49519
20560
34344
20563
49521
20564
34345
34346
20567
49525
20568
34347
34348
20571
49529
20572
34349
34350
20579
49537
20580
34354
20583
49539
20584
34355
34356
20587
49541
20588
34357
34358
20591
49543
20592
34359
34360
20535
49497
20536
34332
20555
49515
20556
34333
34342
20575
49533
20576
34343
34352
20595
49545
20596
32923
34353
34362
20603
49549
20604
34366
20607
49551
20608
34367
34368
20611
49553
20612
34369
34370
20615
49555
20616
32941
34371
34372
20623
49561
20624
34376
20627
49565
20628
34377
34378
20631
49569
20632
34379
34380
20635
49573
20636
32959
34381
34382
20643
49581
20644
32979
34386
20647
49585
20648
32989
34387
34388
20651
49587
20652
32999
34389
34390
20655
49591
20656
32977
33009
34391
34392
20599
49547
20600
34364
20619
49557
20620
34365
34374
20639
49577
20640
34375
34384
20659
49595
20660
34385
34394
20667
49603
20668
34398
20671
49605
20672
34399
34400
20675
49609
20676
34401
34402
20679
49611
20680
34403
34404
20687
49619
20688
34408
20691
49623
20692
34409
34410
20695
49627
20696
34411
34412
20699
49631
20700
34413
34414
20707
49639
20708
33011
34418
20711
49643
20712
33021
34419
34420
20715
49647
20716
33031
34421
34422
20719
49651
20720
33041
34423
34424
20663
49599
20664
34396
20683
49615
20684
34397
34406
20703
49635
20704
34407
34416
20723
49655
20724
34417
34426
20731
49663
20732
34430
20735
49667
20736
34431
34432
20739
49671
20740
34433
34434
20743
49675
20744
34435
34436
20751
49683
20752
34440
20755
49687
20756
34441
34442
20759
49691
20760
34443
34444
20763
49695
20764
34445
34446
20771
49703
20772
33043
34450
20775
49707
20776
33053
34451
34452
20779
49711
20780
33063
34453
34454
20783
49715
20784
33073
34455
34456
20727
49659
20728
34428
20747
49679
20748
34429
34438
20767
49699
20768
34439
34448
20787
49721
20788
34449
34458
20795
49727
20796
34462
20799
49731
20800
34463
34464
20803
49735
20804
34465
34466
20807
49741
20808
34467
34468
20815
49747
20816
34472
20819
49751
20820
34473
34474
20823
49755
20824
34475
34476
20827
49761
20828
34477
34478
20835
49767
20836
33075
34482
20839
49771
20840
33085
34483
34484
20843
49775
20844
33095
34485
34486
20847
49781
20848
33105
34487
34488
21636
52503
50183
21637
34882
21640
52501
50181
21641
34883
34884
21644
52499
50179
21645
34885
34886
21648
52497
50177
21649
34887
34888
21652
52495
50169
21653
34889
34890
21656
52493
50171
21657
34891
34892
21660
52491
50173
21661
34893
34894
21664
52489
50175
21665
34895
34896
21668
50203
21669
34881
34898
22165
50573
22166
35145
35146
21736
50221
21737
34931
34932
22201
50591
22202
35163
35164
21772
50239
21773
34949
34950
21808
50257
21809
33597
34967
34968
22237
50609
22238
35181
35182
22273
50627
22274
34255
34897
35199
35200
21672
50201
21673
34654
34900
21676
50199
21677
34673
34901
34902
21680
50197
21681
34692
34903
34904
21684
50195
21685
34711
34905
34906
21688
50187
21689
34730
34907
34908
21692
50189
21693
34749
34909
34910
21696
50191
21697
34768
34911
34912
21700
50193
21701
34787
34913
34914
21704
50205
21705
34899
34916
22169
50575
22170
35147
35148
21740
50223
21741
34933
34934
22205
50593
22206
35165
35166
21776
50241
21777
34951
34952
21812
50259
21813
33615
34969
34970
22241
50611
22242
35183
35184
22277
50629
22278
34273
34915
35201
35202
21708
50207
21709
34918
21744
50225
21745
34919
34936
21780
50243
21781
34937
34954
21816
50265
21817
34955
34972
22173
50577
22174
35150
22209
50595
22210
35151
35168
22245
50613
22246
35169
35186
22281
50631
22282
35187
35204
22606
50853
22607
35366
22610
50855
22611
35367
35368
22614
50857
22615
35369
35370
22618
50859
22619
35371
35372
21824
50279
21825
34976
21828
50283
21829
34977
34978
21832
50287
21833
34979
34980
21836
50291
21837
34981
34982
22289
50635
22290
35208
22293
50637
22294
35209
35210
22297
50639
22298
35211
35212
22301
50641
22302
35213
35214
22626
50863
22627
35376
22630
50865
22631
35377
35378
22634
50867
22635
35379
35380
22638
50869
22639
35381
35382
21844
50297
21845
34986
21848
50301
21849
34987
34988
21852
50305
21853
34989
34990
21856
50309
21857
34991
34992
22309
50645
22310
35218
22313
50647
22314
35219
35220
22317
50649
22318
35221
35222
22321
50651
22322
35223
35224
22646
50873
22647
35386
22650
50875
22651
35387
35388
22654
50877
22655
35389
35390
22658
50879
22659
35391
35392
21864
50315
21865
34996
21868
50317
21869
34997
34998
21872
50319
21873
34999
35000
21876
50321
21877
35001
35002
22329
50655
22330
35228
22333
50657
22334
35229
35230
22337
50659
22338
35231
35232
22341
50661
22342
35233
35234
22666
50883
22667
35396
22670
50885
22671
35397
35398
22674
50887
22675
35399
35400
22678
50889
22679
35401
35402
21820
50277
21821
34974
21840
50295
21841
34975
34984
21860
50313
21861
34985
34994
21880
50323
21881
33617
34995
35004
22285
50633
22286
35206
22305
50643
22306
35207
35216
22325
50653
22326
35217
35226
22345
50663
22346
34275
35227
35236
22622
50861
22623
35374
22642
50871
22643
35375
35384
22662
50881
22663
35385
35394
22682
50891
22683
34917
35395
35404
22943
51049
22944
35534
22947
51051
22948
35535
35536
22951
51053
22952
35537
35538
22955
51055
22956
35149
35539
35540
21888
50327
21889
35008
21892
50329
21893
35009
35010
21896
50331
21897
35011
35012
21900
50333
21901
33635
35013
35014
22353
50667
22354
35240
22357
50669
22358
35241
35242
22361
50671
22362
35243
35244
22365
50673
22366
34293
35245
35246
22690
50895
22691
35408
22694
50897
22695
35409
35410
22698
50899
22699
35411
35412
22702
50901
22703
34935
35413
35414
22963
51059
22964
35544
22967
51061
22968
35545
35546
22971
51063
22972
35547
35548
22975
51065
22976
35167
35549
35550
21908
50341
21909
35018
21912
50345
21913
35019
35020
21916
50349
21917
35021
35022
21920
50353
21921
33653
35023
35024
21928
50361
21929
33673
35028
21932
50363
21933
33683
35029
35030
21936
50367
21937
33693
35031
35032
21940
50371
21941
33671
33703
35033
35034
22373
50677
22374
35250
22377
50679
22378
35251
35252
22381
50681
22382
35253
35254
22385
50683
22386
34311
35255
35256
22393
50687
22394
34331
35260
22397
50689
22398
34341
35261
35262
22401
50691
22402
34351
35263
35264
22405
50693
22406
34329
34361
35265
35266
22710
50905
22711
35418
22714
50907
22715
35419
35420
22718
50909
22719
35421
35422
22722
50911
22723
34953
35423
35424
22730
50915
22731
34973
35428
22734
50917
22735
34983
35429
35430
22738
50919
22739
34993
35431
35432
22742
50921
22743
34971
35003
35433
35434
22983
51069
22984
35554
22987
51071
22988
35555
35556
22991
51073
22992
35557
35558
22995
51075
22996
35185
35559
35560
23003
51079
23004
35205
35373
35564
23007
51081
23008
35215
35383
35565
35566
23011
51083
23012
35225
35393
35567
35568
23015
51085
23016
35203
35235
35403
35569
35570
21884
50325
21885
35006
21904
50337
21905
35007
35016
21924
50357
21925
35017
35026
21944
50375
21945
35027
35036
22349
50665
22350
35238
22369
50675
22370
35239
35248
22389
50685
22390
35249
35258
22409
50695
22410
35259
35268
22686
50893
22687
35406
22706
50903
22707
35407
35416
22726
50913
22727
35417
35426
22746
50923
22747
35427
35436
22959
51057
22960
35542
22979
51067
22980
35543
35552
22999
51077
23000
35553
35562
23019
51087
23020
35563
35572
21952
50381
21953
35040
21956
50385
21957
35041
35042
21960
50387
21961
35043
35044
21964
50391
21965
35045
35046
23216
51185
23217
35670
23220
51187
23221
35671
35672
23224
51189
23225
35673
35674
23228
51191
23229
35675
35676
22417
50699
22418
35272
22421
50701
22422
35273
35274
22425
50703
22426
35275
35276
22429
50705
22430
35277
35278
22754
50927
22755
35440
22758
50929
22759
35441
35442
22762
50931
22763
35443
35444
22766
50933
22767
35445
35446
23027
51091
23028
35576
23031
51093
23032
35577
35578
23035
51095
23036
35579
35580
23039
51097
23040
35581
35582
23236
51195
23237
35680
23240
51197
23241
35681
35682
23244
51199
23245
35683
35684
23248
51201
23249
35685
35686
21972
50399
21973
35050
21976
50403
21977
35051
35052
21980
50407
21981
35053
35054
21984
50411
21985
35055
35056
21992
50419
21993
33705
35060
21996
50423
21997
33715
35061
35062
22000
50427
22001
33725
35063
35064
22004
50431
22005
33735
35065
35066
22437
50709
22438
35282
22441
50711
22442
35283
35284
22445
50713
22446
35285
35286
22449
50715
22450
35287
35288
22457
50719
22458
34363
35292
22461
50721
22462
34373
35293
35294
22465
50723
22466
34383
35295
35296
22469
50725
22470
34393
35297
35298
22774
50937
22775
35450
22778
50939
22779
35451
35452
22782
50941
22783
35453
35454
22786
50943
22787
35455
35456
22794
50947
22795
35005
35460
22798
50949
22799
35015
35461
35462
22802
50951
22803
35025
35463
35464
22806
50953
22807
35035
35465
35466
23047
51101
23048
35586
23051
51103
23052
35587
35588
23055
51105
23056
35589
35590
23059
51107
23060
35591
35592
23067
51111
23068
35237
35596
23071
51113
23072
35247
35597
35598
23075
51115
23076
35257
35599
35600
23079
51117
23080
35267
35601
35602
23256
51205
23257
35690
23260
51207
23261
35691
35692
23264
51209
23265
35693
35694
23268
51211
23269
35695
35696
23276
51215
23277
35405
35541
35700
23280
51217
23281
35415
35551
35701
35702
23284
51219
23285
35425
35561
35703
35704
23288
51221
23289
35435
35571
35705
35706
21948
50379
21949
35038
21968
50395
21969
35039
35048
21988
50415
21989
35049
35058
22008
50435
22009
35059
35068
22413
50697
22414
35270
22433
50707
22434
35271
35280
22453
50717
22454
35281
35290
22473
50727
22474
35291
35300
22750
50925
22751
35438
22770
50935
22771
35439
35448
22790
50945
22791
35449
35458
22810
50955
22811
35459
35468
23023
51089
23024
35574
23043
51099
23044
35575
35584
23063
51109
23064
35585
35594
23083
51119
23084
35595
35604
22016
50443
22017
35072
22020
50447
22021
35073
35074
22024
50451
22025
35075
35076
22028
50455
22029
35077
35078
23232
51193
23233
35678
23252
51203
23253
35679
35688
23272
51213
23273
35689
35698
23292
51223
23293
35699
35708
22481
50737
22482
35304
22485
50741
22486
35305
35306
22489
50745
22490
35307
35308
22493
50749
22494
35309
35310
23425
51289
23426
35774
23429
51291
23430
35775
35776
23433
51293
23434
35777
35778
23437
51295
23438
35779
35780
22818
50959
22819
35472
22822
50961
22823
35473
35474
22826
50963
22827
35475
35476
22830
50965
22831
35477
35478
23091
51123
23092
35608
23095
51125
23096
35609
35610
23099
51127
23100
35611
35612
23103
51129
23104
35613
35614
23300
51227
23301
35712
23304
51229
23305
35713
35714
23308
51231
23309
35715
35716
23312
51233
23313
35717
35718
23445
51299
23446
35784
23449
51301
23450
35785
35786
23453
51303
23454
35787
35788
23457
51305
23458
35789
35790
22036
50463
22037
35082
22040
50467
22041
35083
35084
22044
50471
22045
35085
35086
22048
50475
22049
35087
35088
22056
50483
22057
33737
35092
22060
50487
22061
33747
35093
35094
22064
50491
22065
33757
35095
35096
22068
50495
22069
33767
35097
35098
22501
50757
22502
35314
22505
50761
22506
35315
35316
22509
50765
22510
35317
35318
22513
50769
22514
35319
35320
22521
50777
22522
34395
35324
22525
50781
22526
34405
35325
35326
22529
50785
22530
34415
35327
35328
22533
50789
22534
34425
35329
35330
22838
50969
22839
35482
22842
50971
22843
35483
35484
22846
50973
22847
35485
35486
22850
50975
22851
35487
35488
22858
50979
22859
35037
35492
22862
50981
22863
35047
35493
35494
22866
50983
22867
35057
35495
35496
22870
50985
22871
35067
35497
35498
23111
51133
23112
35618
23115
51135
23116
35619
35620
23119
51137
23120
35621
35622
23123
51139
23124
35623
35624
23131
51143
23132
35269
35628
23135
51145
23136
35279
35629
35630
23139
51147
23140
35289
35631
35632
23143
51149
23144
35299
35633
35634
23320
51237
23321
35722
23324
51239
23325
35723
35724
23328
51241
23329
35725
35726
23332
51243
23333
35727
35728
23340
51247
23341
35437
35732
23344
51249
23345
35447
35733
35734
23348
51251
23349
35457
35735
35736
23352
51253
23353
35467
35737
35738
23465
51309
23466
35794
23469
51311
23470
35795
35796
23473
51313
23474
35797
35798
23477
51315
23478
35799
35800
23485
51319
23486
35573
35677
35804
23489
51321
23490
35583
35687
35805
35806
23493
51323
23494
35593
35697
35807
35808
23497
51325
23498
35603
35707
35809
35810
22012
50439
22013
35070
22032
50459
22033
35071
35080
22052
50479
22053
35081
35090
22072
50501
22073
35091
35100
22080
50507
22081
35104
22084
50511
22085
35105
35106
22088
50515
22089
35107
35108
22092
50521
22093
35109
35110
22477
50733
22478
35302
22497
50753
22498
35303
35312
22517
50773
22518
35313
35322
22537
50795
22538
35323
35332
22545
50801
22546
35336
22549
50805
22550
35337
35338
22553
50809
22554
35339
35340
22557
50815
22558
35341
35342
22814
50957
22815
35470
22834
50967
22835
35471
35480
22854
50977
22855
35481
35490
22874
50993
22875
35491
35500
22100
50527
22101
35114
22104
50531
22105
35115
35116
22108
50535
22109
35117
35118
22112
50541
22113
35119
35120
22120
50547
22121
33769
35124
22124
50551
22125
33779
35125
35126
22128
50555
22129
33789
35127
35128
22132
50559
22133
33799
35129
35130
22882
50999
22883
35504
22886
51003
22887
35505
35506
22890
51007
22891
35507
35508
22894
51013
22895
35509
35510
23087
51121
23088
35606
23107
51131
23108
35607
35616
23127
51141
23128
35617
35626
23147
51153
23148
35627
35636
22565
50821
22566
35346
22569
50825
22570
35347
35348
22573
50829
22574
35349
35350
22577
50835
22578
35351
35352
22585
50841
22586
34427
35356
22589
50845
22590
34437
35357
35358
22593
50847
22594
34447
35359
35360
22597
50851
22598
34457
35361
35362
23155
51155
23156
35640
23159
51157
23160
35641
35642
23163
51159
23164
35643
35644
23167
51163
23168
35645
35646
23296
51225
23297
35710
23316
51235
23317
35711
35720
23336
51245
23337
35721
35730
23356
51257
23357
35731
35740
22902
51019
22903
35514
22906
51023
22907
35515
35516
22910
51027
22911
35517
35518
22914
51033
22915
35519
35520
22922
51039
22923
35069
35524
22926
51041
22927
35079
35525
35526
22930
51043
22931
35089
35527
35528
22934
51047
22935
35099
35529
35530
23364
51259
23365
35744
23368
51261
23369
35745
35746
23372
51263
23373
35747
35748
23376
51267
23377
35749
35750
23441
51297
23442
35782
23461
51307
23462
35783
35792
23481
51317
23482
35793
35802
23501
51329
23502
35803
35812
23175
51165
23176
35650
23179
51167
23180
35651
35652
23183
51169
23184
35653
35654
23187
51173
23188
35655
35656
23195
51175
23196
35301
35660
23199
51177
23200
35311
35661
35662
23203
51179
23204
35321
35663
35664
23207
51183
23208
35331
35665
35666
23509
51331
23510
35816
23513
51333
23514
35817
35818
23517
51335
23518
35819
35820
23521
51339
23522
35821
35822
23570
51361
23571
35846
23574
51363
23575
35847
35848
23578
51365
23579
35849
35850
23582
51369
23583
35851
35852
23384
51269
23385
35754
23388
51271
23389
35755
35756
23392
51273
23393
35757
35758
23396
51277
23397
35759
35760
23404
51279
23405
35469
35764
23408
51281
23409
35479
35765
35766
23412
51283
23413
35489
35767
35768
23416
51287
23417
35499
35769
35770
23590
51371
23591
35856
23594
51373
23595
35857
35858
23598
51375
23599
35859
35860
23602
51379
23603
35861
35862
23529
51341
23530
35826
23533
51343
23534
35827
35828
23537
51345
23538
35829
35830
23541
51349
23542
35831
35832
23549
51351
23550
35605
35836
23553
51353
23554
35615
35837
35838
23557
51355
23558
35625
35839
35840
23561
51359
23562
35635
35841
35842
23610
51381
23611
35866
23614
51383
23615
35867
35868
23618
51385
23619
35869
35870
23622
51389
23623
35871
35872
23630
51391
23631
35709
35781
35876
23634
51393
23635
35719
35791
35877
35878
23638
51395
23639
35729
35801
35879
35880
23642
51591
23643
35739
35811
35881
35882
15225
44681
15226
31679
15255
44701
15256
31680
31694
15285
44721
15286
31695
31709
15315
44737
15316
31710
31724
15317
31725
16676
45989
16677
32404
16696
46009
16697
32405
32414
16716
46029
16717
32415
32424
16736
46049
16737
32425
32434
16738
32435
18085
47273
18086
33108
18105
47293
18106
33109
33118
18125
47313
18126
33119
33128
18145
47333
18146
33129
33138
18147
33139
19474
48501
19475
33802
19494
48521
19495
33803
33812
19514
48541
19515
33813
33822
19534
48561
19535
33823
33832
19536
33833
20791
49719
20792
34460
20811
49739
20812
34461
34470
20831
49759
20832
34471
34480
20851
49779
20852
34481
34490
20853
34491
22076
50499
22077
35102
22096
50519
22097
35103
35112
22116
50539
22117
35113
35122
22136
50557
22137
35123
35132
22138
35133
22541
50793
22542
35334
22561
50813
22562
35335
35344
22581
50833
22582
35345
35354
22601
50849
22602
35355
35364
22603
35365
22878
50991
22879
35502
22898
51011
22899
35503
35512
22918
51031
22919
35513
35522
22938
51045
22939
35523
35532
22940
35533
23151
51151
23152
35638
23171
51161
23172
35639
35648
23191
51171
23192
35649
35658
23211
51181
23212
35659
35668
23213
35669
23360
51255
23361
35742
23380
51265
23381
35743
35752
23400
51275
23401
35753
35762
23420
51285
23421
35763
35772
23422
35773
23505
51327
23506
35814
23525
51337
23526
35815
35824
23545
51347
23546
35825
35834
23565
51357
23566
35835
35844
23567
35845
23586
51367
23587
35854
23606
51377
23607
35855
35864
23626
51387
23627
35865
35874
23646
51589
23647
35875
35884
23648
35885
23653
51587
23654
35887
23659
51585
23660
35888
35890
23665
51583
23666
35891
35893
23671
51397
23672
35894
35896
23673
35897
23865
51487
23866
31677
35987
23871
51489
23872
31692
35988
35990
23877
51491
23878
31707
35991
35993
23883
51493
23884
31722
35994
35996
23676
51399
23677
35898
23680
51401
23681
35899
35900
23684
51403
23685
35901
35902
23688
51405
23689
35903
35904
23690
35905
23888
51495
23889
32403
35998
23892
51497
23893
32413
35999
36000
23896
51499
23897
32423
36001
36002
23900
51501
23901
32433
36003
36004
23693
51407
23694
35906
23697
51409
23698
35907
35908
23701
51411
23702
35909
35910
23705
51413
23706
35911
35912
23707
35913
23905
51503
23906
33107
36006
23909
51505
23910
33117
36007
36008
23913
51507
23914
33127
36009
36010
23917
51509
23918
33137
36011
36012
23710
51415
23711
35914
23714
51417
23715
35915
35916
23718
51419
23719
35917
35918
23722
51421
23723
35919
35920
23724
35921
23922
51511
23923
33801
36014
23926
51513
23927
33811
36015
36016
23930
51515
23931
33821
36017
36018
23934
51517
23935
33831
36019
36020
23727
51423
23728
35922
23731
51425
23732
35923
35924
23735
51427
23736
35925
35926
23739
51429
23740
35927
35928
23741
35929
23939
51519
23940
34459
36022
23943
51521
23944
34469
36023
36024
23947
51523
23948
34479
36025
36026
23951
51525
23952
34489
36027
36028
23744
51431
23745
35930
23748
51433
23749
35931
35932
23752
51435
23753
35933
35934
23756
51437
23757
35935
35936
23758
35937
23956
51527
23957
35101
36030
23960
51529
23961
35111
36031
36032
23964
51531
23965
35121
36033
36034
23968
51533
23969
35131
36035
36036
23761
51439
23762
35938
23765
51441
23766
35939
35940
23769
51443
23770
35941
35942
23773
51445
23774
35943
35944
23775
35945
23973
51535
23974
35333
36038
23977
51537
23978
35343
36039
36040
23981
51539
23982
35353
36041
36042
23985
51541
23986
35363
36043
36044
23778
51447
23779
35946
23782
51449
23783
35947
35948
23786
51451
23787
35949
35950
23790
51453
23791
35951
35952
23792
35953
23990
51543
23991
35501
36046
23994
51545
23995
35511
36047
36048
23998
51547
23999
35521
36049
36050
24002
51549
24003
35531
36051
36052
23795
51455
23796
35954
23799
51457
23800
35955
35956
23803
51459
23804
35957
35958
23807
51461
23808
35959
35960
23809
35961
24007
51551
24008
35637
36054
24011
51553
24012
35647
36055
36056
24015
51555
24016
35657
36057
36058
24019
51557
24020
35667
36059
36060
23812
51463
23813
35962
23816
51465
23817
35963
35964
23820
51467
23821
35965
35966
23824
51469
23825
35967
35968
23826
35969
24024
51559
24025
35741
36062
24028
51561
24029
35751
36063
36064
24032
51563
24033
35761
36065
36066
24036
51565
24037
35771
36067
36068
23829
51471
23830
35970
23833
51473
23834
35971
35972
23837
51475
23838
35973
35974
23841
51477
23842
35975
35976
23843
35977
24041
51567
24042
35813
36070
24045
51569
24046
35823
36071
36072
24049
51571
24050
35833
36073
36074
24053
51573
24054
35843
36075
36076
23846
51479
23847
35978
23850
51481
23851
35979
35980
23854
51483
23855
35981
35982
23858
51485
23859
35983
35984
23860
35985
23885
35997
23902
36005
23919
36013
23936
36021
23953
36029
23970
36037
23987
36045
24004
36053
24021
36061
24038
36069
24055
36077
24058
51575
24059
35853
36078
24062
51577
24063
35863
36079
36080
24066
51579
24067
35873
36081
36082
24070
51581
24071
35883
36083
36084
24072
36085
