0
1
2
3
10
11
12
13
14
15
26
27
28
29
30
31
36
37
38
39
40
41
62
63
64
65
66
67
72
73
74
75
36086
76
77
36088
100
101
36090
102
103
36092
104
105
36094
110
111
36096
112
113
36098
114
115
36100
152
153
36102
154
155
36104
156
157
36106
162
163
36108
164
165
36110
166
167
36112
208
209
36114
210
211
36116
212
213
36118
218
219
36120
220
221
36122
222
223
36124
258
259
36126
260
261
36128
262
263
36130
268
269
36132
270
271
36134
272
273
36136
324
325
36138
326
327
36140
328
329
36142
334
335
36144
336
337
36146
338
339
36148
374
375
36150
376
377
36152
378
379
36154
384
385
36156
386
387
36158
388
389
36160
442
443
36162
444
445
36164
446
447
36166
452
453
36168
454
455
36170
456
457
36172
492
493
36174
494
495
36176
496
497
36178
502
503
36180
504
505
36182
506
507
36184
564
565
36186
566
567
36188
568
569
36190
574
575
36192
576
577
36194
578
579
36196
614
615
36198
616
617
36200
618
619
36202
624
625
36204
626
627
36206
628
629
36208
690
691
36210
692
693
36212
694
695
36214
700
701
36216
702
703
36218
704
705
36220
740
741
36222
742
743
36224
744
745
36226
750
751
36228
752
753
36230
754
755
36232
810
811
36234
812
813
36236
814
815
36238
820
821
36240
822
823
36242
824
825
36244
860
861
36246
862
863
36248
864
865
36250
870
871
36252
872
873
36254
874
875
36256
956
957
36258
958
959
36260
960
961
36262
966
967
36264
968
969
36266
970
971
36268
1006
1007
36270
1008
1009
36272
1010
1011
36274
1016
1017
36276
1018
1019
36278
1020
1021
36280
1076
1077
36282
1078
1079
36284
1080
1081
36286
1086
1087
36288
1088
1089
36290
1090
1091
36292
4
5
20
21
6
7
16
17
8
9
24073
24074
24076
32
33
42
43
50
51
68
69
18
19
24078
24079
24080
24081
78
79
106
107
56
57
116
117
34
35
24086
24087
24088
24089
158
159
136
137
168
169
36294
214
215
44
45
24091
24092
24093
24094
224
225
36296
264
265
36298
274
275
94
95
70
71
24104
24105
24106
24107
330
331
36300
340
341
36302
380
381
146
147
80
36087
36089
81
24109
24110
24111
24112
22
23
36304
46
47
36306
82
83
108
36091
36093
36095
109
24123
24124
24125
24126
120
121
202
203
36308
172
173
36310
228
229
118
36097
36099
36101
119
24128
24129
24130
24131
390
391
36312
278
279
36314
344
345
160
36103
36105
36107
161
24149
24150
24151
24152
142
143
394
395
36316
52
53
36318
86
87
170
36109
36111
36113
36320
36295
171
24154
24155
24156
24157
124
125
36322
176
177
144
145
36324
232
233
216
36115
36117
36119
217
24177
24178
24179
24180
448
449
36326
282
283
36328
458
459
226
36121
36123
36125
36330
36297
227
24182
24183
24184
24185
192
193
462
463
36332
348
349
36334
398
399
266
36127
36129
36131
36336
36299
267
24202
24203
24204
24205
466
467
194
195
58
59
36338
90
91
36340
128
129
36342
36344
498
499
276
36133
36135
36137
277
24207
24208
24209
24210
180
181
508
509
36346
236
237
36348
36350
512
513
196
197
36352
516
517
332
36139
36141
36143
36354
36301
333
24235
24236
24237
24238
286
287
352
353
402
403
470
471
520
521
36356
36358
36360
36362
96
97
342
36145
36147
36149
36364
36366
36303
343
24240
24241
24242
24243
132
133
248
249
36368
570
571
36370
580
581
382
36151
36153
36155
383
24260
24261
24262
24263
584
585
36372
588
589
592
593
250
251
36374
36376
184
185
392
36157
36159
36161
393
24265
24266
24267
24268
240
241
36378
290
291
36380
356
357
450
36163
36165
36167
451
24294
24295
24296
24297
620
621
252
253
36382
630
631
36384
406
407
460
36169
36171
36386
36388
36390
36392
36394
36396
36398
36400
36402
36404
36406
36408
36410
36173
461
24299
24300
24301
24302
634
635
36412
638
639
298
299
642
36405
643
36414
36416
474
475
500
36175
36177
36179
501
24319
24320
24321
24322
524
525
36418
596
597
36420
646
647
510
36181
36183
36422
36424
36426
36428
36185
511
24324
24325
24326
24327
300
301
36430
36432
138
139
696
697
572
36187
36189
36191
36434
36371
573
24355
24356
24357
24358
706
707
36436
36438
188
189
302
303
582
36193
36195
36197
583
24360
24361
24362
24363
710
711
714
715
718
36425
719
36440
36442
722
723
622
36199
36201
36444
36446
36448
36450
36452
36454
36456
36203
623
24380
24381
24382
24383
364
365
36458
36460
244
245
36462
294
295
632
36205
36207
36209
633
24385
24386
24387
24388
746
747
366
367
756
757
36464
360
361
698
36211
36213
36466
36468
36470
36472
36215
699
24418
24419
24420
24421
760
761
764
765
368
369
708
36217
36219
36221
36474
36439
709
24423
24424
24425
24426
768
36449
769
772
36451
773
36476
36478
36480
410
411
748
36223
36225
36227
749
24443
24444
24445
24446
36482
478
479
414
415
816
817
758
36229
36231
36484
36486
36488
36490
36492
36494
36233
759
24448
24449
24450
24451
528
529
36496
826
827
416
417
818
36235
36237
36239
819
24478
24479
24480
24481
830
831
834
835
838
36489
839
36498
36500
842
843
828
36241
36243
36502
36504
36506
36508
36510
36245
829
24483
24484
24485
24486
36512
600
601
418
419
36514
650
651
24
36516
36305
25
24084
866
867
36518
726
727
482
483
868
36247
36249
36251
869
24503
24504
24505
24506
876
877
880
881
36520
884
885
878
36253
36255
36257
879
24508
24509
24510
24511
484
485
888
36505
889
892
36507
893
36522
36524
36526
776
777
48
36307
49
24096
36528
846
847
486
487
36530
896
897
84
36351
85
24114
36532
148
36407
149
36534
198
199
122
36309
123
24133
532
533
962
963
36536
254
255
964
36259
36538
36540
36542
36544
36546
36548
36550
36552
36554
36556
36558
36560
36562
36261
36263
965
24551
24552
24553
24554
534
535
972
973
36564
976
977
974
36265
36267
36269
975
24556
24557
24558
24559
980
981
984
36549
985
988
989
536
537
36566
36568
36570
36572
992
993
174
36311
175
24159
36574
304
305
230
36313
231
24187
36576
370
371
604
605
1012
1013
280
36578
36315
281
24212
1022
1023
36580
36582
420
421
606
607
1026
1027
1014
36271
36273
36584
36586
36588
36590
36592
36594
36596
36598
36600
36602
36275
1015
24576
24577
24578
24579
1030
1031
1034
36593
1035
36604
36606
1038
1039
1024
36277
36279
36281
1025
24581
24582
24583
24584
36608
1042
1043
608
609
36610
488
489
346
36331
347
24245
36612
538
539
654
655
1082
1083
396
36411
36614
36317
397
24270
1092
1093
36616
36618
610
611
1084
36283
36285
36620
36622
36624
36626
36628
36630
36632
36287
1085
24611
24612
24613
24614
1096
36601
1097
656
657
1100
1101
1104
36625
1105
36634
36636
1108
1109
1094
36289
36291
36293
1095
24616
24617
24618
24619
36638
1112
1113
658
659
36640
660
661
464
36409
36429
36333
465
24304
36642
736
737
36644
786
787
514
36427
36457
36353
515
24329
36646
36648
36650
36652
36654
36656
36658
36660
1126
1127
1132
36633
1133
36662
856
857
586
36453
36455
36664
36373
587
24365
906
907
36666
1002
1003
636
36668
36471
36670
36672
36473
36674
36437
637
24390
1142
1143
1146
1147
712
36676
36678
36680
36493
36682
36684
36495
713
24428
1150
1151
1154
36651
1155
36686
36688
1158
1159
36690
36692
36694
1162
1163
762
36696
36698
36700
36702
36704
36491
36706
36511
763
24453
36708
36710
36712
36714
36716
36718
36720
1128
1129
36722
1052
1053
832
36509
36583
833
24488
36724
1122
1123
36726
1172
1173
882
36581
883
24513
36728
204
36403
205
36730
308
309
978
36573
979
24561
36732
424
425
1028
36619
1029
24586
36734
542
543
36736
36738
36740
1130
1131
1206
36679
1207
1098
1099
24621
36742
664
665
36744
790
791
54
36555
36557
36319
55
24099
36746
910
911
88
36553
36321
89
24085
24116
1216
1217
126
36551
36323
127
24097
24135
1220
36677
1221
36748
1224
36701
1225
178
36750
36752
36599
36325
179
24115
24161
1228
36697
1229
1232
36699
1233
234
36754
36756
36758
36760
36597
36762
36764
36327
235
24134
24189
36766
1236
36703
1237
284
36768
36595
36770
36329
285
24160
24214
36772
36774
36776
36778
36780
1136
1137
36782
36784
1056
1057
1134
1135
24636
24637
24638
24639
1246
1247
36786
1176
1177
350
36629
36335
351
24188
24247
400
36627
36337
401
24213
24272
468
36655
36345
469
24246
24306
518
36653
36355
519
24271
24331
590
36671
36377
591
24305
24367
640
36683
36417
641
24330
24392
1138
1139
716
36715
36443
717
24366
24430
766
36713
36475
767
24391
24455
836
36501
837
24429
24490
886
36527
887
24454
24515
982
36571
983
24489
24563
1032
36617
1033
24514
24588
1102
1103
24562
24623
60
36339
61
24077
24082
24100
24102
1256
36759
1257
36788
36790
36792
36794
36796
36798
36800
36802
36804
1140
1141
92
36341
93
24090
24095
24117
24118
130
36561
36563
36343
131
24108
24113
24136
24137
182
36559
36347
183
24127
24132
24162
24163
238
36349
239
24153
24158
24190
24191
1200
1201
1144
36695
1145
24641
24642
24643
24644
1148
36693
1149
24646
1152
36689
1153
24587
24648
288
36773
36365
289
24181
24186
24215
24216
354
36603
36363
355
24206
24211
24248
24249
1202
1203
404
36719
36721
36361
405
24239
24244
24273
24274
472
36631
36717
36359
473
24264
24269
24307
24308
522
36659
36661
36357
523
24298
24303
24332
24333
594
36657
36673
36375
595
24323
24328
24368
24369
1204
1205
644
36669
36685
36415
645
24359
24364
24393
24394
720
36681
36707
36441
721
24384
24389
24431
24432
770
36705
36711
36477
771
24422
24427
24456
24457
840
36709
36805
36499
841
24447
24452
24491
24492
1210
1211
1266
36789
1267
36806
1270
36753
1271
1274
36751
1275
1278
36755
1279
36808
36810
1282
36757
1283
36812
1286
36769
1287
1208
1209
24673
24674
24675
24676
890
36781
36803
36523
891
24482
24487
24516
24517
986
36777
36779
36801
36567
987
24507
24512
24564
24565
1036
36739
36741
36799
36605
1037
24555
24560
24589
24590
1212
1213
1106
36737
36775
36797
36635
1107
24580
24585
24624
24625
1156
36761
36687
1157
24615
24620
24649
24650
98
36795
36367
99
24121
36814
36816
1296
36793
1297
36818
1300
36791
1301
134
36369
135
24139
186
36385
187
24165
242
36379
243
24193
1214
1215
292
36381
293
24218
358
36383
359
24251
408
36413
409
24276
476
36433
477
24310
526
36419
527
24335
598
36421
599
24371
648
36431
649
24396
724
36459
725
24434
36820
36822
36824
36826
36828
36830
36832
36834
1250
1251
1218
36783
1219
24678
24679
24680
24681
1222
36771
1223
24683
1226
36767
1227
24622
24685
1230
36763
1231
24640
24645
24686
24687
774
36479
775
24459
844
36513
845
24494
1252
1253
894
36525
895
24519
990
36569
991
24567
1040
36609
1041
24592
1110
36639
1111
24627
1160
36691
1161
24652
1234
36765
1235
24689
140
36836
36435
141
24103
24142
1254
1255
190
36461
191
24119
24122
24167
246
36463
247
24138
24140
24195
36838
296
36465
297
24164
24166
24220
362
36481
363
24192
24194
24253
36840
36842
412
36483
413
24217
24219
24278
480
36519
481
24250
24252
24312
530
36497
531
24275
24277
24337
602
36515
603
24309
24311
24373
36844
36846
36848
36850
36852
36854
36856
36858
1260
1261
1326
36831
1327
1258
1259
24698
24699
24700
24701
652
36517
653
24334
24336
24398
728
36521
729
24370
24372
24436
778
36529
779
24395
24397
24461
1336
1337
1340
36827
1341
1344
36825
1345
1348
36821
1349
36860
36862
1352
36823
1353
36864
36866
1356
36835
1357
848
36868
36870
36531
849
24433
24435
24496
898
36533
899
24458
24460
24521
1262
1263
1366
36833
1367
994
36872
36575
995
24493
24495
24569
1044
36611
1045
24518
24520
24594
1114
36641
1115
24566
24568
24629
1376
1377
1164
36874
36723
1165
24591
24593
24654
1238
36785
36853
36855
1239
24626
24628
24691
200
36537
36397
36399
36401
201
24168
24169
24170
24171
24172
1386
1387
1390
1391
36876
1394
1395
1398
1399
36878
36880
1402
1403
36882
36884
1406
1407
256
36886
36565
36391
36393
36395
257
24196
24197
24198
24199
24200
1264
1265
306
36577
36423
36445
36447
307
24221
24222
24223
24224
24225
372
36579
36467
36469
36487
373
24254
24255
24256
24257
24258
422
36607
36485
36503
36547
423
24279
24280
24281
24282
24283
490
36613
36541
36543
36545
491
24313
24314
24315
24316
24317
1416
1417
36888
1420
36829
1421
540
36859
36890
36615
36539
36589
36591
541
24338
24339
24340
24341
24342
612
36857
36637
36585
36587
36623
613
24374
24375
24376
24377
24378
662
36643
36621
36647
36649
663
24399
24400
24401
24402
24403
1320
1321
1268
1269
24703
24704
24705
24706
1272
36851
36817
1273
24708
1276
36843
36845
36815
1277
24647
24710
1280
36849
36809
1281
24677
24682
24711
24712
1284
36839
36841
36813
1285
24714
1288
1289
24651
24653
24716
1322
1323
150
36847
36535
36387
36389
151
24143
24144
24145
24147
206
36731
207
24175
310
36733
311
24227
426
36735
427
24285
1498
1499
544
36743
545
24344
666
36745
667
24405
1324
1325
36892
36894
36896
36898
36900
36902
36904
36906
36908
36910
36912
36914
36916
36918
36920
36922
36924
1330
1331
1508
1509
1512
1513
1516
1517
1520
1521
1524
1525
36926
36928
36930
1528
1529
1328
36932
36871
1329
24733
24734
24735
24736
1332
1333
1334
1335
1370
1371
36934
36936
1538
1539
1338
36869
1339
24738
24739
24740
24741
1342
36867
1343
24743
1346
36863
1347
24684
24745
1350
36861
1351
24702
24707
24746
24747
1354
36865
1355
24749
1358
1359
24688
24690
24751
1372
1373
1374
1375
1380
1381
1548
1549
1378
36875
1379
24758
24759
24760
24761
1382
1383
1384
1385
1492
1493
1558
1559
1562
1563
36938
1566
1567
1570
1571
1574
1575
36940
36942
36944
1578
1579
1388
36946
36885
1389
24763
24764
24765
24766
1392
36877
1393
24768
1396
36881
1397
24709
24770
1400
36879
1401
24737
24742
24771
24772
1404
36883
1405
24774
1408
36948
36887
1409
24713
24715
24776
1494
1495
1496
1497
1502
1503
1588
1589
36950
1592
1593
1500
36952
36937
1501
24819
24820
24821
24822
1504
1505
1506
1507
1542
1543
1618
1619
1510
36935
1511
24824
24825
24826
24827
1514
36933
1515
24829
1518
36931
1519
24744
24831
1522
36927
1523
24762
24767
24832
24833
1526
36929
1527
24835
1530
1531
24748
24750
24837
1544
1545
1546
1547
1552
1553
1628
1629
1632
1633
1636
1637
1640
1641
36954
36956
1644
1645
36958
36960
1648
1649
1550
1551
24844
24845
24846
24847
1554
1555
1556
1557
1612
1613
36962
36964
1658
1659
1560
36949
1561
24849
24850
24851
24852
1564
36947
1565
24854
1568
36945
1569
24769
24856
1572
36941
1573
24823
24828
24857
24858
1576
36943
1577
24860
1580
1581
24773
24775
24862
1614
1615
1616
1617
1622
1623
1668
1669
1620
1621
24879
24880
24881
24882
1624
1625
1626
1627
1662
1663
1678
1679
1682
1683
1686
1687
1690
1691
1694
1695
36966
36968
1698
1699
1630
36970
36963
1631
24884
24885
24886
24887
1634
36961
1635
24889
1638
36957
1639
24830
24891
1642
36955
1643
24848
24853
24892
24893
1646
36959
1647
24895
1650
36972
36965
1651
24834
24836
24897
1664
1665
1666
1667
1672
1673
1708
1709
36974
1712
1713
1670
1671
24904
24905
24906
24907
1674
1675
1676
1677
1736
1737
1742
1743
36976
36978
1680
1681
24909
24910
24911
24912
1684
1685
24914
1688
36973
1689
24855
24916
1692
36967
1693
24883
24888
24917
24918
1696
36971
1697
24920
1700
1701
24859
24861
24922
1738
1739
1740
1741
1746
1747
1752
1753
1756
1757
1760
1761
1764
36977
1765
1768
1769
36980
1772
1773
1744
1745
24941
24942
24943
24944
1748
1749
1750
1751
1754
1755
24946
24947
24948
24949
730
731
36982
36984
1782
1783
1758
1759
24951
1786
1787
1762
1763
24890
24953
1766
36983
1767
24908
24913
24954
24955
1770
36985
1771
24957
1774
1775
24894
24896
24959
1788
1789
1792
1793
1790
1791
36986
36988
36990
36992
36994
36996
36998
1796
1797
1794
1795
24966
24967
24968
24969
1798
1799
1802
1803
1806
1807
1810
1811
1814
36987
1815
1818
1819
37000
1822
1823
1800
1801
1804
1805
24971
24972
24973
24974
732
733
1808
1809
24976
734
735
1812
1813
24915
24978
1816
1817
24945
24950
24979
24980
780
781
1820
1821
24982
1824
1825
24919
24921
24984
1832
1833
1836
1837
1856
1857
738
36645
739
24437
24438
24439
24440
24441
1858
1859
1862
1863
1860
1861
1866
1867
1864
1865
25001
25002
25003
25004
1868
1869
1872
1873
1876
1877
1880
1881
1884
1885
37002
1888
1889
37004
1892
1893
1870
1871
1874
1875
25006
25007
25008
25009
782
783
1878
1879
25011
784
785
1882
1883
24952
25013
1886
1887
24970
24975
25014
25015
850
851
1890
1891
25017
1894
1895
24956
24958
25019
1902
1903
1906
1907
788
36663
789
24462
24463
24464
24465
24466
792
36747
36923
793
24468
1908
1909
1912
1913
1910
1911
1916
1917
1914
1915
25026
25027
25028
25029
1918
1919
1922
1923
1926
1927
1930
1931
1934
1935
1938
1939
37006
1942
1943
1920
1921
1924
1925
25031
25032
25033
25034
852
853
1928
1929
25036
854
855
1932
1933
24977
25038
1936
1937
25005
25010
25039
25040
900
901
1940
1941
25042
1944
1945
24981
24983
25044
1952
1953
1956
1957
1996
1997
858
36665
859
24497
24498
24499
24500
24501
1998
1999
2002
2003
2000
2001
2006
2007
2004
2005
25071
25072
25073
25074
2008
2009
2012
2013
2016
2017
2020
2021
2024
2025
37008
2028
2029
37010
2032
2033
2010
2011
2014
2015
25076
25077
25078
25079
902
903
2018
2019
25081
904
905
2022
2023
25012
25083
2026
2027
25030
25035
25084
25085
996
997
2030
2031
25087
2034
2035
25016
25018
25089
2042
2043
2046
2047
908
36667
909
24522
24523
24524
24525
24526
912
36749
913
24528
2048
2049
2052
2053
2050
2051
2056
2057
2054
2055
25096
25097
25098
25099
2058
2059
2062
2063
2066
2067
2070
2071
2074
2075
2078
2079
37012
2082
2083
2060
2061
2064
2065
25101
25102
25103
25104
998
999
2068
2069
25106
1000
1001
2072
2073
25037
25108
2076
2077
25075
25080
25109
25110
1046
1047
2080
2081
25112
2084
2085
25041
25043
25114
2092
2093
2096
2097
2116
2117
1004
36675
1005
24570
24571
24572
24573
24574
2118
2119
2122
2123
2120
2121
2126
2127
2124
2125
25131
25132
25133
25134
2128
2129
2132
2133
2136
2137
2140
2141
2144
2145
37014
2148
2149
37016
2152
2153
2130
2131
2134
2135
25136
25137
25138
25139
1048
1049
2138
2139
25141
1050
1051
2142
2143
25082
25143
2146
2147
25100
25105
25144
25145
1116
1117
2150
2151
25147
2154
2155
25086
25088
25149
2162
2163
2166
2167
1054
36725
1055
24595
24596
24597
24598
24599
1058
36811
1059
24601
2168
2169
2172
2173
2170
2171
37018
37020
37022
37024
37026
37028
37030
37032
37034
2176
2177
2174
2175
25156
25157
25158
25159
2178
2179
2182
2183
2186
2187
2190
2191
2194
2195
2198
2199
37036
2202
2203
2180
2181
2184
2185
25161
25162
25163
25164
1118
1119
2188
2189
25166
1120
1121
2192
2193
25107
25168
2196
2197
25135
25140
25169
25170
1166
1167
2200
2201
25172
2204
2205
25111
25113
25174
2212
2213
2216
2217
2240
2241
1124
36727
1125
24630
24631
24632
24633
24634
2242
2243
2246
2247
2244
2245
2250
2251
2248
2249
25193
25194
25195
25196
2252
2253
2256
2257
2260
2261
2264
2265
2268
2269
37038
2272
2273
37040
2276
2277
2254
2255
2258
2259
25198
25199
25200
25201
1168
1169
2262
2263
25203
1170
1171
2266
2267
25142
25205
2270
2271
25160
25165
25206
25207
1240
1241
2274
2275
25209
2278
2279
25146
25148
25211
2286
2287
2290
2291
1174
36729
1175
24655
24656
24657
24658
24659
1178
36807
1179
24661
2292
2293
2296
2297
2294
2295
2300
2301
2298
2299
25218
25219
25220
25221
2302
2303
2306
2307
2310
2311
2314
2315
2318
2319
2322
2323
37042
2326
2327
2304
2305
2308
2309
25223
25224
25225
25226
1242
1243
2312
2313
25228
1244
1245
2316
2317
25167
25230
2320
2321
25197
25202
25231
25232
1290
1291
2324
2325
25234
2328
2329
25171
25173
25236
2336
2337
2340
2341
2360
2361
1248
36925
36787
1249
24692
24693
24694
24695
24696
2362
2363
2366
2367
2364
2365
2370
2371
2368
2369
25253
25254
25255
25256
2372
2373
2376
2377
2380
2381
2384
2385
2388
2389
37044
2392
2393
37046
2396
2397
2374
2375
2378
2379
25258
25259
25260
25261
1292
1293
2382
2383
25263
1294
1295
2386
2387
25204
25265
2390
2391
25222
25227
25266
25267
1360
1361
2394
2395
25269
2398
2399
25208
25210
25271
2406
2407
2410
2411
1298
36921
36819
1299
24717
24718
24719
24720
24721
1302
36837
1303
24723
2412
2413
2416
2417
2414
2415
37048
37050
37052
37054
37056
37058
37060
37062
37064
37066
37068
2420
2421
2418
2419
25278
25279
25280
25281
2422
2423
2426
2427
2430
2431
2434
2435
2438
37061
2439
2442
2443
37070
2446
2447
2424
2425
2428
2429
25283
25284
25285
25286
1362
1363
2432
2433
25288
1364
1365
2436
2437
25229
25290
2440
2441
25257
25262
25291
25292
1410
1411
2444
2445
25294
2448
2449
25233
25235
25296
2456
2457
2460
2461
1412
1413
1368
36999
36873
1369
24752
24753
24754
24755
24756
1414
1415
1532
1533
1418
36997
36889
1419
24777
24778
24779
24780
24781
1422
36891
1423
24783
1534
1535
1536
1537
1582
1583
1540
36995
36939
1541
24838
24839
24840
24841
24842
1584
1585
1586
1587
1652
1653
1590
36993
36951
1591
24863
24864
24865
24866
24867
1594
36953
1595
24869
1654
1655
1656
1657
1702
1703
1660
36979
36969
1661
24898
24899
24900
24901
24902
1704
1705
2608
2609
2610
2611
2612
2613
2614
2615
2616
2617
25377
25378
25379
25380
2618
2619
2620
2621
2622
2623
2624
2625
2626
2627
25382
25383
25384
25385
2628
2629
1706
1707
2630
2631
25387
2632
2633
1776
1777
2636
2637
2640
2641
37072
2644
2645
2634
2635
25264
25389
2638
2639
25282
25287
25390
25391
1778
1779
2642
2643
25393
2646
2647
25268
25270
25395
1780
1781
1710
36991
36975
1711
24923
24924
24925
24926
24927
1714
36981
1715
24929
2654
2655
2658
2659
1784
36989
37001
1785
24960
24961
24962
24963
24964
2660
2661
2664
2665
2662
2663
37074
37076
37078
37080
37082
37084
2668
2669
2666
2667
25402
25403
25404
25405
2670
2671
2674
2675
2678
2679
2682
2683
2686
2687
37086
2690
2691
37088
2694
2695
2672
2673
2676
2677
25407
25408
25409
25410
1826
1827
2680
2681
25412
1828
1829
2684
2685
25289
25414
2688
2689
25381
25386
25415
25416
1830
1831
2692
2693
25418
2696
2697
25293
25295
25420
2704
2705
2708
2709
2728
2729
1834
37005
1835
24985
24986
24987
24988
24989
1838
37003
1839
24991
2730
2731
2734
2735
2732
2733
2738
2739
2736
2737
25437
25438
25439
25440
2740
2741
2744
2745
2748
2749
2752
2753
2756
2757
37090
2760
2761
37092
2764
2765
2742
2743
2746
2747
25442
25443
25444
25445
1896
1897
2750
2751
25447
1898
1899
2754
2755
25388
25449
2758
2759
25406
25411
25450
25451
1900
1901
2762
2763
25453
2766
2767
25392
25394
25455
2774
2775
2778
2779
1904
37007
1905
25020
25021
25022
25023
25024
2780
2781
2784
2785
2782
2783
37094
37096
37098
37100
37102
37104
37106
37108
2788
2789
2786
2787
25462
25463
25464
25465
2790
2791
2794
2795
2798
2799
2802
2803
2806
37107
2807
2810
2811
37110
2814
2815
2792
2793
2796
2797
25467
25468
25469
25470
1946
1947
2800
2801
25472
1948
1949
2804
2805
25413
25474
2808
2809
25441
25446
25475
25476
1950
1951
2812
2813
25478
2816
2817
25417
25419
25480
2824
2825
2828
2829
2852
2853
1954
37011
1955
25045
25046
25047
25048
25049
1958
37009
1959
25051
2854
2855
2858
2859
2856
2857
2862
2863
2860
2861
25499
25500
25501
25502
2864
2865
2868
2869
2872
2873
2876
2877
2880
2881
37112
37114
2884
2885
37116
2888
2889
2866
2867
2870
2871
25504
25505
25506
25507
2036
2037
2874
2875
25509
2038
2039
2878
2879
25448
25511
2882
37113
2883
25466
25471
25512
25513
2040
2041
2886
2887
25515
2890
2891
25452
25454
25517
2898
2899
2902
2903
2044
37013
2045
25090
25091
25092
25093
25094
2904
2905
2908
2909
2906
2907
2912
2913
2910
2911
25524
25525
25526
25527
2914
2915
2918
2919
2922
2923
2926
2927
2930
2931
2934
2935
37118
37120
2938
2939
2916
2917
2920
2921
25529
25530
25531
25532
2086
2087
2924
2925
25534
2088
2089
2928
2929
25473
25536
2932
37119
2933
25503
25508
25537
25538
2090
2091
2936
2937
25540
2940
2941
25477
25479
25542
2948
2949
2952
2953
2972
2973
2094
37017
2095
25115
25116
25117
25118
25119
2098
37015
2099
25121
2974
2975
2978
2979
2976
2977
2982
2983
2980
2981
25559
25560
25561
25562
2984
2985
2988
2989
24075
2992
2993
24083
2996
2997
3000
3001
37122
37124
3004
3005
37126
3008
3009
2986
2987
2990
2991
25564
25565
25566
25567
2156
2157
2994
2995
25569
2158
2159
2998
2999
25510
25571
3002
37123
3003
25528
25533
25572
25573
2160
2161
3006
3007
25575
3010
3011
25514
25516
25577
3018
3019
3022
3023
24098
2206
2207
3026
3027
24101
3030
3031
3034
3035
3024
3025
25535
25570
25584
3028
3029
25563
25568
25585
25586
2208
2209
3032
3033
25588
3036
3037
25539
25541
25590
2210
2211
2164
37037
2165
25150
25151
25152
25153
25154
3044
3045
3048
3049
3088
3089
24120
3090
3091
25617
37128
3092
3093
3094
3095
25574
25576
25619
2280
2281
2214
37069
37041
2215
25175
25176
25177
25178
25179
2218
37039
2219
25181
2282
2283
3102
3103
37130
3106
3107
24141
3108
3109
25587
25589
25618
25626
2284
2285
2330
2331
2288
37067
37043
2289
25212
25213
25214
25215
25216
3114
3115
24146
37132
3118
3119
24174
2332
2333
2334
2335
2400
2401
2338
37065
37134
37047
2339
25237
25238
25239
25240
25241
2342
37045
2343
25243
2402
2403
2404
2405
2450
2451
2408
37063
37071
2409
25272
25273
25274
25275
25276
2452
2453
2454
2455
2648
2649
2458
37089
2459
25297
25298
25299
25300
25301
2462
37073
2463
25303
2650
2651
2652
2653
2698
2699
2656
37087
2657
25396
25397
25398
25399
25400
2700
2701
2702
2703
2768
2769
2706
37093
2707
25421
25422
25423
25424
25425
2710
37091
2711
25427
2770
2771
2772
2773
2818
2819
2776
37109
37111
2777
25456
25457
25458
25459
25460
2820
2821
2822
2823
2892
2893
2826
37117
2827
25481
25482
25483
25484
25485
2830
37115
2831
25487
2894
2895
2896
2897
2942
2943
2900
37121
2901
25518
25519
25520
25521
25522
2944
2945
2946
2947
3012
3013
2950
37127
2951
25543
25544
25545
25546
25547
2954
37125
2955
25549
3014
3015
3016
3017
3038
3039
3020
3021
25578
25579
25580
25581
25582
3040
3041
3042
3043
3096
3097
3046
3047
25591
25592
25593
25594
25595
3050
37129
3051
25597
3098
3099
3100
3101
3110
3111
3104
37131
3105
25620
25621
25622
25623
25624
3112
3113
312
313
3116
37133
3117
25627
25628
25629
25630
3120
37135
3121
25632
436
437
314
315
428
429
316
36899
36901
317
24230
546
547
430
36897
431
24176
24287
558
559
668
669
548
36895
549
24228
24346
794
795
670
36893
671
24286
24407
914
915
796
37023
797
24345
24470
318
319
1060
1061
916
37021
917
24406
24530
684
685
1180
1181
1062
37019
1063
24469
24603
1304
1305
1182
37051
1183
24529
24663
1424
1425
1306
37049
1307
24602
24725
934
935
1596
1597
1426
37079
1427
24662
24785
1716
1717
1598
37077
1599
24724
24871
940
941
1840
1841
1718
37075
1719
24784
24931
1960
1961
1842
37095
1843
24870
24993
2100
2101
1962
1963
24930
25053
950
951
2102
2103
24992
25123
320
321
432
433
550
551
672
673
798
799
322
36917
36919
323
24148
24173
24231
24233
2220
2221
434
36913
36915
435
24201
24226
24288
24289
1466
1467
918
919
1064
1065
1184
1185
1308
1309
2222
2223
25052
25183
1428
1429
1600
1601
1720
1721
1844
1845
1964
1965
552
36909
36911
553
24259
24284
24347
24348
2104
2105
2224
2225
438
439
1472
1473
674
36905
36907
675
24318
24343
24408
24409
37136
37138
37140
37142
37144
37146
37148
554
555
800
36903
37035
801
24379
24404
24471
24472
37150
37152
37154
676
677
920
37031
37033
921
24442
24467
24531
24532
1460
1461
37156
802
803
1066
37027
37029
1067
24502
24527
24604
24605
1186
37025
37059
37153
1187
24575
24600
24664
24665
37158
2344
2345
1310
37055
37057
37151
1311
24635
24660
24726
24727
2348
2349
37160
37162
922
923
1486
1487
2346
2347
25122
25245
1068
1069
1430
37053
37105
37149
1431
24697
24722
24786
24787
2464
2465
1602
37101
37103
37147
1603
24757
24782
24872
24873
2468
2469
37164
37166
1188
1189
2466
2467
25182
25305
1312
1313
1722
37083
37085
37145
1723
24843
24868
24932
24933
37168
1432
1433
1846
37081
37099
37143
1847
24903
24928
24994
24995
1966
37097
37141
1967
24965
24990
25054
25055
37170
1604
1605
2106
37139
2107
25025
25050
25124
25125
37172
1724
1725
2226
37137
2227
25095
25120
25184
25185
37174
1848
1849
2350
37161
2351
25155
25180
25246
25247
37176
1968
1969
2470
37165
2471
25217
25242
25306
25307
37178
2108
2109
440
37180
37163
441
24292
2228
2229
556
37182
37155
557
24350
2352
2353
678
37184
37157
679
24411
2472
2473
804
37186
37159
805
24474
560
561
924
925
24534
680
681
1070
37188
37167
1071
24607
2524
2525
806
807
1190
1191
24667
2530
2531
926
927
1314
37190
37169
1315
24729
2536
2537
1072
1073
1434
37192
37171
1435
24789
2542
2543
2544
2545
1192
1193
1606
37194
37173
1607
24875
2550
2551
1316
1317
1726
37196
37175
1727
24935
2556
2557
2558
2559
1436
1437
1850
37198
37177
1851
24997
2564
2565
1608
1609
1970
37200
37179
1971
25057
2570
2571
1728
1729
2110
37202
37181
2111
25127
2576
2577
1852
1853
2230
37204
37183
2231
25187
2582
2583
1972
1973
2354
37206
37185
2355
25249
2588
2589
2112
2113
2474
37208
37187
2475
25309
2232
2233
562
563
24234
24353
2356
2357
682
37210
37189
683
24290
24293
24413
2602
2603
2476
2477
808
809
24349
24351
24476
2712
2713
928
37212
37191
929
24410
24412
24536
2716
2717
2720
2721
2714
2715
25244
25429
2724
2725
2718
2719
25277
25302
25430
25431
37214
2832
2833
2722
2723
25433
686
687
2834
2835
25304
25489
2836
2837
1074
37193
1075
24473
24475
24609
2840
2841
2838
2839
25401
25426
25490
25491
37216
2844
2845
2842
2843
25493
930
931
1194
37218
37195
1195
24533
24535
24669
2956
2957
1318
37220
37197
1319
24606
24608
24731
2960
2961
2964
2965
2958
2959
25428
25551
2968
2969
2962
2963
25461
25486
25552
25553
37222
3052
3053
2966
2967
25555
1196
1197
3054
3055
25488
25599
3056
3057
1440
1441
3058
3059
25523
25548
25600
25601
37224
3060
3061
1438
37226
37199
1439
24666
24668
24791
3064
3065
3062
3063
25603
1732
1733
1610
37228
37201
1611
24728
24730
24877
1976
1977
1730
37230
37203
1731
24788
24790
24937
2236
2237
1854
37232
37205
1855
24874
24876
24999
3122
3123
1974
37234
37207
1975
24934
24936
25059
2480
2481
3124
3125
25550
25634
3126
3127
3130
3131
3128
3129
25583
25596
25635
25636
2114
37236
37209
2115
24996
24998
25129
3138
3139
24229
3132
3133
25638
3142
3143
24232
3146
3147
3140
3141
25598
25633
25642
3134
3135
3144
3145
25625
25631
25643
25644
37238
3150
3151
3148
3149
25646
2848
2849
2234
2235
25056
25058
25189
3158
3159
24291
2358
37240
37211
2359
25126
25128
25251
3162
3163
3160
3161
25652
3166
3167
24352
2478
37242
37213
2479
25186
25188
25311
3068
3069
2726
37244
37215
2727
25248
25250
25435
3154
3155
2846
37246
37221
2847
25308
25310
25495
3170
3171
24415
2970
37248
37223
2971
25432
25434
25557
936
937
3066
37250
37235
3067
25492
25494
25605
942
943
3136
37252
37239
3137
25554
25556
25640
946
947
3152
3153
25602
25604
25648
1444
1445
3164
3165
25637
25639
25654
1448
1449
3168
37254
37243
3169
25645
25647
25653
25656
1452
1453
688
37256
37217
689
24416
1980
1981
932
37258
37219
933
24538
1984
1985
1198
37260
37227
1199
24671
1988
1989
1442
37262
37225
1443
24793
2484
2485
1734
37264
37229
1735
24939
2488
2489
1978
37266
37231
1979
25061
2492
2493
2238
37268
37233
2239
25191
3072
3073
3230
3231
2482
37270
37237
2483
25313
3174
3175
24540
3236
3237
2850
37272
37241
2851
25497
3242
3243
3076
3077
3070
37274
37245
3071
25607
3080
3081
3156
37276
37247
3157
25650
3248
3249
3178
3179
3172
37278
37249
3173
25658
3182
3183
24543
938
37280
37251
939
24541
3254
3255
952
953
944
37282
37253
945
24544
1456
1457
3268
3269
948
949
24546
1468
1469
1446
1447
24795
1478
1479
1450
37284
37255
1451
24797
1992
1993
1454
37286
37257
1455
24799
2496
2497
1982
37288
37259
1983
25063
2504
2505
1986
37290
37261
1987
25065
2512
2513
1990
37292
37263
1991
25067
3084
3085
3298
3299
2486
37294
37265
2487
25315
3304
3305
3186
3187
24548
3310
3311
2490
37296
37267
2491
25317
3194
3195
2494
37298
37269
2495
25319
3202
3203
24806
3074
37300
37271
3075
25609
1474
1475
3324
3325
3078
37302
37275
3079
25611
1482
1483
3082
37304
37277
3083
25613
2508
2509
3176
37306
37273
3177
25660
2516
2517
3180
37308
37279
3181
25662
3198
3199
3354
3355
3184
37310
37281
3185
25664
3206
3207
24809
3360
3361
954
37312
37283
955
24542
24549
3366
3367
1462
1463
37314
2500
2501
1458
1459
24796
24801
3190
3191
24803
3380
3381
37316
1488
1489
1994
1995
25064
25069
2520
2521
37318
3210
3211
24816
2498
37320
37289
2499
25316
25321
2532
2533
37322
2594
2595
3086
37324
37295
3087
25610
25615
3218
3219
25338
37326
2538
2539
3410
3411
3188
37328
37297
3189
25661
25666
2598
2599
3204
37330
37301
3205
25651
25659
25674
3222
3223
25341
3416
3417
3196
37332
37299
3197
25498
25608
25670
2526
2527
3422
3423
2514
37334
37293
2515
25192
25314
25329
3214
3215
2506
37336
37291
2507
24940
25062
25325
3274
3275
25335
1480
37338
37287
1481
24672
24794
24812
2546
2547
25345
2552
2553
25348
3436
3437
2560
2561
25352
2566
2567
25355
2578
2579
25361
1470
37285
1471
24417
24539
24807
2604
2605
3208
37340
37342
37344
37346
37348
37350
37313
3209
25663
25665
25675
25676
3226
3227
37352
3278
3279
25374
3200
37354
37311
3201
25612
25614
25671
25672
3466
3467
3238
3239
3472
3473
37356
3260
3261
3478
3479
2518
37358
37309
2519
25318
25320
25330
25331
3286
3287
25691
2584
2585
25364
3492
3493
2572
2573
25358
2590
2591
25367
2510
37360
37362
37364
37366
37307
2511
25066
25068
25326
25327
3256
3257
37368
3264
3265
1484
37370
37305
1485
24798
24800
24813
24814
3290
3291
25700
3522
3523
3244
3245
25694
3528
3529
3250
3251
25697
3534
3535
37372
37374
37376
3232
3233
1476
37378
37303
1477
24545
24547
24808
24810
3282
3283
3548
3549
37380
3330
3331
25688
1464
37382
37315
1465
24804
3270
3271
2502
2503
25323
3294
3295
3192
37384
37317
3193
25668
3334
3335
25707
1490
1491
24805
24817
3306
3307
37386
3316
3317
3578
3579
2522
37388
37319
2523
25324
25333
3342
3343
25725
3212
37390
37321
3213
25669
25678
3312
3313
37392
3320
3321
3220
37394
37327
3221
25616
25667
25682
3346
3347
25728
2596
37396
37325
2597
25070
25322
25370
3300
3301
3584
3585
2534
37398
37323
2535
24550
24802
25339
3338
3339
3590
3591
3224
37400
37333
3225
25673
25677
25683
25684
3596
3597
3386
3387
25722
37402
3326
3327
2600
37404
37331
2601
25328
25332
25371
25372
3610
3611
3350
3351
3616
3617
37406
3390
3391
25735
3622
3623
2540
37408
37329
2541
24811
24815
25340
25342
3628
3629
3362
3363
37410
3372
3373
2548
37349
2549
25344
25346
2562
37347
2563
25351
25353
2554
37345
2555
25349
37412
3398
3399
25753
3642
3643
2528
37414
37335
2529
25336
3648
3649
3368
3369
3654
3655
3216
37416
37337
3217
25680
3660
3661
3376
3377
3276
37418
37339
3277
25710
3402
3403
25756
3674
3675
2568
37343
2569
25350
25356
2580
37341
2581
25347
25362
2586
37365
2587
25354
25363
25365
2574
37363
2575
25359
37420
3356
3357
3680
3681
2592
37361
2593
25360
25368
2606
37422
37351
2607
25337
25375
3394
3395
37424
3442
3443
25750
3686
3687
3228
37426
37353
3229
25681
25686
3382
3383
37428
3406
3407
3692
3693
3280
37430
37355
3281
25369
25711
25712
3446
3447
25763
37432
3418
3419
3240
37434
37357
3241
25692
3428
3429
3262
37436
37359
3263
24818
25703
3454
3455
25781
3706
3707
3288
37438
37367
3289
25334
25679
25716
3712
3713
3424
3425
3718
3719
3246
37375
3247
25357
25695
3252
37373
3253
25366
25696
25698
3258
37440
37369
3259
25693
25701
3432
3433
37442
3458
3459
25784
3724
3725
3266
37444
37371
3267
25343
25704
25705
3412
3413
37446
3450
3451
3738
3739
3292
37448
37377
3293
25373
25685
25699
25717
25718
3744
3745
3498
3499
25778
3750
3751
37450
3438
3439
3756
3757
3234
37452
37379
3235
25689
3462
3463
3284
37454
37381
3285
25714
3502
3503
25791
3332
37456
37383
3333
25738
3474
3475
3770
3771
3272
3273
25690
25708
3776
3777
3484
3485
3782
3783
37458
3510
3511
25809
3788
3789
3296
37460
37385
3297
25715
25720
3480
3481
37462
3488
3489
3336
3337
25739
25740
3514
3515
25812
3308
37464
37387
3309
25726
3468
3469
3318
37466
37389
3319
25731
3506
3507
3344
37468
37391
3345
25744
3554
3555
25806
3314
37470
37393
3315
25727
25729
3802
3803
3494
3495
3808
3809
37472
3518
3519
3815
3816
3322
37474
37395
3323
25732
25733
3821
3822
3558
3559
25819
3827
3828
37476
3530
3531
3833
3834
3348
37478
37397
3349
25745
25746
3839
3840
3540
3541
3845
3846
37480
3566
3567
25837
3851
3852
3302
37482
37399
3303
25723
3536
3537
3857
3858
3340
37484
37401
3341
25742
3544
3545
3864
3865
3388
37486
37403
3389
25766
3570
3571
25840
3870
3871
3328
37488
37405
3329
25724
25736
3876
3877
3524
3525
3882
3883
37490
3562
3563
25834
3888
3889
3352
37492
37407
3353
25743
25748
3592
3593
37494
3602
3603
25868
3894
3895
3392
37496
37409
3393
25767
25768
3624
3625
37498
3634
3635
25884
3364
37500
37411
3365
25754
3656
3657
3374
37502
37413
3375
25709
25759
3666
3667
25900
3900
3901
3400
37504
37415
3401
25721
25741
25772
3550
3551
3906
3907
3370
37506
37417
3371
25755
25757
3913
3914
3574
3575
25847
3919
3920
37508
3688
3689
3925
3926
3378
37510
37419
3379
25730
25760
25761
3931
3932
3698
3699
25916
3937
3938
37512
3598
3599
3943
3944
3404
37514
37421
3405
25734
25747
25773
25774
3949
3950
3606
3607
25871
3955
3956
3358
37516
37423
3359
25751
3720
3721
3962
3963
3396
37518
37425
3397
25770
3730
3731
25932
3968
3969
3444
37520
37427
3445
25794
3630
3631
3974
3975
3384
37522
37429
3385
25752
25764
3980
3981
3638
3639
25887
3986
3987
37524
3752
3753
3992
3993
3408
37526
37431
3409
25771
25776
3762
3763
25948
37528
3662
3663
3998
3999
3448
37530
37433
3449
25795
25796
3670
3671
25903
37532
3784
3785
3420
37534
37435
3421
25782
3794
3795
25964
3430
37536
37437
3431
25787
3694
3695
4004
4005
3456
37538
37439
3457
25800
3702
3703
25919
4011
4012
3426
37540
37441
3427
25783
25785
4017
4018
3726
3727
37542
3734
3735
25935
3434
37544
37443
3435
25788
25789
4031
4032
3580
3581
25862
4037
4038
37546
3758
3759
4043
4044
3460
37548
37445
3461
25801
25802
3766
3767
25951
37550
3612
3613
25878
4057
4058
3414
37552
37447
3415
25779
3452
37449
3453
25798
3790
3791
3500
37554
37451
3501
25822
3798
3799
25967
3440
37556
37453
3441
25737
25780
25792
3644
3645
25894
37558
3676
3677
25910
3464
37560
37455
3465
25749
25799
25804
3708
3709
25926
3504
37562
37457
3505
25769
25823
25824
3740
3741
25942
37564
3772
3773
25958
3476
3477
25810
3486
37459
3487
25765
25815
37566
3804
3805
25974
3512
37461
3513
25777
25797
25828
4013
4014
3482
37568
37463
3483
25758
25811
25813
4023
4024
37570
4064
4065
26076
3490
3491
25762
25786
25816
25817
4019
4020
37572
4027
4028
4098
4099
3516
37574
37465
3517
25775
25790
25803
25829
25830
4104
4105
4039
4040
37576
4049
4050
3470
37578
37467
3471
25807
4068
4069
26079
3508
37580
37469
3509
25826
4076
4077
26089
3556
37582
37471
3557
25850
4045
4046
3496
37584
37473
3497
25808
25820
4053
4054
37586
4080
4081
26092
4129
4130
3520
37588
37475
3521
25827
25832
4033
4034
37590
4072
4073
3560
37592
37477
3561
25851
25852
4059
4060
3532
37594
37479
3533
25838
3817
3818
25980
3866
3867
26004
4084
4085
3542
37596
37598
37600
37481
3543
25793
25843
4089
4090
26086
3568
37602
37483
3569
25805
25825
25856
4093
4094
26099
3538
37604
37485
3539
25839
25841
4100
4101
37606
4111
4112
3546
37608
37487
3547
25814
25844
25845
4120
4121
26118
37610
4106
4107
3572
37612
37489
3573
25818
25831
25857
25858
4131
4132
37614
4135
4136
4133
4134
26133
4139
4140
4137
4138
26135
4143
4144
4145
4146
4141
4142
24537
26137
4149
4150
4147
4148
26140
4153
4154
4151
4152
24610
26142
4157
4158
4155
4156
26144
4161
4162
4165
4166
4159
4160
24670
26146
4167
4168
4163
4164
26148
4171
4172
4169
4170
26138
26151
4175
4176
4173
4174
24732
26153
4179
4180
4177
4178
26155
4183
4184
4181
4182
26143
26157
4187
4188
4185
4186
24792
26159
4191
4192
4195
4196
4189
4190
26161
4197
4198
4193
4194
26147
26149
26163
4201
4202
4199
4200
26166
4205
4206
4203
4204
24878
26168
4209
4210
4207
4208
26170
4213
4214
4211
4212
26154
26156
26172
4217
4218
4215
4216
26174
4221
4222
4219
4220
24938
26176
4225
4226
4223
4224
26178
4229
4230
4233
4234
4227
4228
26160
26162
26180
4235
4236
4239
4240
4231
4232
26182
4241
4242
4237
4238
26185
4245
4246
4243
4244
26188
4249
4250
4247
4248
26190
4253
4254
4255
4256
4251
4252
26164
26192
4259
4260
4257
4258
26186
26195
4263
4264
37616
4267
4268
4261
4262
25000
26197
4271
4272
4265
4266
26199
4275
4276
4269
4270
26169
26171
26201
4115
4116
4277
4278
25060
26205
4279
4280
4273
4274
26203
4283
4284
4281
4282
26207
4287
4288
4285
4286
26177
26179
26209
4291
4292
4289
4290
26211
4295
4296
4293
4294
26213
4299
4300
4297
4298
26173
26215
4307
4308
4301
4302
26181
26217
4311
4312
4309
4310
25130
26221
4315
4316
4313
4314
26223
4319
4320
4317
4318
26198
26200
26225
4323
4324
4321
4322
26227
4327
4328
4325
4326
25190
26229
4331
4332
4329
4330
26231
4335
4336
4333
4334
26206
26208
26233
4339
4340
4337
4338
26235
4343
4344
4341
4342
26237
4347
4348
4345
4346
26202
26239
4303
4304
4349
4350
26210
26241
4355
4356
4351
4352
4305
4306
26214
26219
4361
4362
4363
4364
4353
4354
26238
26243
4367
4368
4369
4370
37618
4373
4374
4365
4366
26249
4357
4358
4375
4376
26254
4377
4378
4371
4372
26250
26252
4381
4382
37620
4124
4125
26121
4383
4384
26258
4389
4390
4385
4386
4379
4380
26255
26256
4395
4396
4397
4398
37622
4391
4392
4401
4402
4387
4388
26259
26260
4407
4408
37624
4403
4404
4359
37626
37621
4360
26246
4411
4412
4399
4400
26266
4415
4416
4409
4410
26271
3823
3824
25983
4419
4420
4423
4424
4417
4418
26275
4425
4426
4429
4430
4393
37628
37630
37625
4394
26247
26263
4435
4436
4431
4432
37632
4437
4438
4405
37634
37627
4406
26267
26269
4441
4442
37636
4445
4446
4413
4414
26272
26273
4449
4450
4421
4422
26276
26277
4453
4454
4457
4458
37638
4459
4460
4463
4464
4433
37640
37633
4434
26283
4465
4466
4443
37642
37637
4444
26288
3915
3916
26028
4469
4470
4471
4472
4451
4452
26292
4475
4476
4427
37644
37646
37631
4428
26264
26280
4479
4480
37648
4483
4484
4439
37650
37635
4440
26284
26286
4487
4488
4491
4492
37652
4493
4494
4497
4498
4447
4448
26289
26290
4503
4504
4499
4500
37654
4505
4506
4455
37656
37639
4456
26293
26294
4509
4510
3872
3873
26007
37658
37660
4513
4514
4467
37662
37643
4468
26300
4517
4518
4477
4478
26305
3964
3965
26052
4485
37651
4486
26309
4521
4522
4525
4526
4461
37664
37666
37641
4462
26281
26297
4531
4532
4533
4534
37668
4527
4528
4537
4538
4473
37670
37647
4474
26301
26303
4543
4544
37672
4539
4540
4481
37674
37649
4482
26306
26307
4551
4552
37676
4547
4548
4489
37678
37653
4490
26310
26311
4555
4556
4559
4560
37680
4561
4562
4565
4566
3526
37682
37491
3527
25835
4567
4568
3564
37684
37493
3565
25854
3921
3922
26031
37686
37688
37690
37692
37694
37696
37698
37700
37702
37704
37706
37708
37710
37712
37714
37716
37718
37720
37722
37724
37726
37728
37730
37732
37734
37736
37738
37740
37742
37744
37746
37748
37750
37752
37754
37756
37758
37760
37762
37764
37766
37768
37770
37772
37774
37776
37778
4571
4572
4573
4574
4501
4502
26317
4577
4578
4511
37780
37782
37661
4512
26322
3829
3830
25986
4519
4520
26326
4581
4582
3594
37495
3595
25869
4585
4586
3604
37784
37786
37497
3605
25874
3970
3971
26055
4589
4590
37788
37790
4593
4594
3626
37792
37794
37499
3627
25885
4595
4596
3636
37796
37501
3637
25890
4599
4600
3658
37798
37503
3659
25901
3878
3879
26010
4603
4604
4601
4602
25252
26367
4607
4608
4605
4606
26369
4611
4612
4609
4610
26222
26224
26371
4615
4616
4613
4614
26373
4619
4620
4617
4618
25312
26375
4623
4624
4621
4622
26377
4627
4628
4625
4626
26230
26232
26379
4631
4632
4629
4630
26381
4635
4636
4633
4634
26383
4639
4640
4637
4638
26226
26385
4643
4644
4641
4642
26234
26387
4647
4648
4645
4646
26384
26389
4651
4652
3586
3587
25865
37800
37802
37804
4655
4656
4653
4654
26393
4659
4660
4657
4658
26394
26395
4663
4664
37806
4667
4668
4649
4650
26391
4671
4672
4665
4666
26399
4675
4676
37808
37810
37812
37814
37816
37818
37820
37822
37824
37826
4661
37828
37807
4662
26392
26397
4679
4680
37830
4683
4684
4669
4670
26400
26401
4687
4688
4677
4678
26405
3927
3928
26034
4691
4692
4673
37832
37834
37829
4674
26398
26403
4699
4700
37836
4695
4696
4681
37838
37831
4682
26406
26407
4703
4704
37840
4707
4708
4689
4690
26411
4711
4712
4685
4686
26404
26409
4715
4716
37842
4719
4720
4693
37844
37835
4694
26412
26413
4723
4724
3835
3836
25989
37846
37848
4727
4728
4701
37850
37837
4702
26417
4731
4732
3668
37852
37505
3669
25906
4735
4736
3552
37854
37507
3553
25836
25848
4739
4740
4737
4738
25436
26435
4743
4744
4741
4742
26437
4747
4748
4745
4746
26368
26370
26439
4751
4752
4749
4750
26441
4755
4756
4753
4754
25496
26443
4759
4760
4757
4758
26445
4763
4764
4761
4762
26376
26378
26447
4767
4768
4765
4766
26449
4771
4772
4769
4770
26451
4775
4776
4773
4774
26372
26453
4779
4780
4777
4778
26380
26455
4783
4784
4781
4782
26452
26457
4787
4788
3618
37777
3619
25881
37856
37858
4791
4792
4789
4790
26461
4795
4796
4793
4794
26462
26463
4799
4800
37860
4803
4804
4785
4786
26244
26459
4807
4808
4801
4802
26467
4811
4812
4797
37862
37861
4798
26261
26460
26465
4815
4816
37864
4819
4820
4805
4806
26468
26469
4823
4824
3976
37827
3977
26058
37866
37868
4827
4828
4813
4814
26473
4831
4832
4809
37870
37863
4810
26278
26466
26471
4835
4836
37872
4839
4840
4817
37874
37865
4818
26474
26475
4843
4844
4825
4826
26479
4847
4848
4821
37876
37869
4822
26295
26472
26477
4851
4852
37878
4855
4856
4829
4830
26480
26481
4859
4860
3884
37825
3885
26013
37880
37882
4863
4864
4837
37884
37873
4838
26485
4867
4868
37886
37888
37890
37892
37894
37896
37898
37900
37902
37904
37906
37908
37910
37912
37914
37916
37918
37920
37922
37924
4871
4872
3576
37926
37509
37821
37823
3577
25855
25860
4873
4874
4877
4878
4879
4880
4881
4882
26507
3650
37771
3651
25897
4885
4886
4887
4888
4495
37928
37930
37932
37655
4496
26298
26314
4893
4894
4895
4896
4889
4890
26511
4901
4902
4903
4904
4897
4898
26515
4909
4910
4911
4912
4905
4906
26519
4917
4918
4919
4920
4913
4914
26523
4925
4926
4927
4928
4921
4922
26527
4933
4934
4929
4930
26531
4939
4940
4941
4942
4935
4936
26534
4947
4948
4943
4944
26538
4953
4954
4955
4956
4957
4958
26545
4507
37934
37936
37938
37940
37942
37944
37946
37948
37657
4508
26318
26320
4961
4962
4963
4964
4965
4966
26549
4969
4970
4971
4972
4973
4974
26553
4977
4978
4979
4980
4981
4982
26557
4985
4986
4987
4988
4989
4990
26561
4993
4994
4995
4996
4997
4998
26565
5001
5002
5003
5004
5005
5006
26569
5009
5010
5011
5012
26572
5015
5016
5017
5018
5019
5020
26576
5023
5024
4949
4950
26541
5029
5030
5031
5032
4515
37950
37952
37954
37956
37958
37663
4516
26323
26324
5037
5038
5039
5040
5033
5034
26583
5041
5042
26587
5045
5046
5047
5048
5049
5050
26591
5053
5054
5055
5056
5057
5058
26595
5061
5062
5063
5064
5065
5066
26599
5069
5070
5071
5072
5073
5074
26603
5077
5078
5079
5080
5081
5082
26607
5085
5086
5087
5088
26610
5091
5092
5093
5094
5025
5026
26579
5099
5100
4523
37960
37962
37964
37966
37968
37970
37972
37974
37976
37978
37980
37982
37667
4524
26327
26328
5095
5096
26614
5105
5106
5107
5108
5109
5110
26621
5101
5102
26617
5113
5114
5115
5116
5117
5118
26625
5121
5122
5123
5124
5125
5126
26629
5129
5130
5131
5132
5133
5134
26633
5137
5138
5139
5140
5141
5142
26637
5145
5146
5147
5148
5149
5150
26641
5153
5154
5155
5156
5157
5158
26645
5161
5162
4697
37984
37986
37988
37990
37992
37994
37996
37998
37839
4698
26410
26415
5167
5168
5169
5170
5163
5164
26648
5175
5176
5171
5172
26652
5181
5182
5183
5184
5185
5186
26659
5177
5178
26655
5189
5190
5191
5192
5193
5194
26663
5197
5198
5199
5200
5201
5202
26667
5205
5206
5207
5208
5209
5210
26671
5213
5214
5215
5216
5217
5218
26675
5221
5222
5223
5224
5225
5226
26679
5229
5230
5231
5232
4833
38000
38002
38004
38006
38008
38010
38012
38014
38016
37871
4834
26312
26478
26483
5237
5238
5233
5234
26683
5243
5244
5245
5246
5239
5240
26686
5251
5252
5247
5248
26690
5257
5258
5259
5260
5261
5262
26697
5253
5254
26693
5265
5266
5267
5268
5269
5270
26701
5273
5274
5275
5276
5277
5278
26705
5281
5282
5283
5284
5285
5286
26709
5289
5290
5291
5292
5293
5294
26713
5297
5298
5299
5300
4705
38018
38020
38022
38024
38026
38028
38030
38032
38034
37841
4706
26418
26419
5301
5302
26717
5305
5306
5307
5308
5309
5310
26721
5313
5314
5315
5316
26724
5319
5320
5321
5322
5323
5324
26728
5327
5328
5329
5330
26731
5333
5334
5335
5336
5337
5338
26735
3933
37769
3934
26037
5341
5342
5343
5344
5345
5346
26739
5349
5350
5351
5352
5353
5354
26743
5357
5358
5359
5360
4841
38036
38038
38040
38042
38044
38046
38048
38050
38052
37875
4842
26486
26487
5361
5362
26747
5365
5366
5367
5368
5369
5370
26751
5373
5374
5375
5376
5377
5378
26755
5381
5382
5383
5384
5385
5386
26759
5389
5390
5391
5392
26762
5395
5396
5397
5398
5399
5400
26766
5403
5404
5405
5406
26769
5409
5410
5411
5412
5413
5414
5415
5416
26774
3841
37767
3842
25992
5419
5420
5421
5422
3690
38054
38056
38058
38060
38062
38064
38066
38068
38070
37511
37813
37917
3691
25917
5423
5424
26778
5427
5428
5429
5430
5431
5432
26782
5435
5436
5437
5438
5439
5440
26786
5443
5444
5445
5446
3982
37765
3983
26061
3682
37715
3683
25913
5453
5454
3700
38072
38074
38076
37513
37915
3701
25922
5447
5448
26790
3890
37763
3891
26016
3939
37761
3940
26040
3847
37759
3848
25995
3714
37713
3715
25929
3600
38078
38080
38082
38084
38086
37515
37819
37913
3601
25870
25872
3988
37757
3989
26064
5461
5462
5455
5456
26794
3896
37755
3897
26019
3746
37711
3747
25945
3945
37753
3946
26043
3853
37751
3854
25998
5499
5500
5463
5464
26798
3994
37749
3995
26067
3902
37747
3903
26022
3778
37709
3779
25961
3608
38088
38090
38092
38094
38096
38098
38100
38102
38104
38106
37517
37789
3609
25875
25876
3951
37745
3952
26046
3859
37743
3860
26001
5505
5506
5501
5502
26817
3810
37707
3811
25977
4000
37741
4001
26070
3908
37739
3909
26025
3957
37737
3958
26049
4006
37735
4007
26073
5561
5562
5507
5508
26820
3722
38108
38110
38112
38114
38116
38118
38120
38122
38124
37519
3723
25933
5511
5512
5563
5564
26848
3732
38126
37521
3733
25938
5567
5568
5513
5514
26823
3632
38128
37523
37817
3633
25886
25888
5517
5518
5569
5570
26851
3640
38130
37525
37811
3641
25891
25892
5573
5574
5519
5520
26826
5523
5524
5575
5576
26854
3754
38132
38134
37527
3755
25949
5623
5624
5525
5526
26829
3764
38136
37529
3765
25954
5629
5630
5625
5626
26879
3664
38138
37531
37815
3665
25902
25904
5579
5580
5631
5632
26882
3672
38140
37533
37911
3673
25907
25908
5635
5636
5581
5582
26857
5451
5452
5637
5638
26885
4535
38142
38144
37669
4536
26334
5467
5468
4545
37673
4546
26339
5529
5530
5469
5470
26801
4553
38146
37677
4554
26343
5585
5586
5531
5532
26832
4713
38148
37859
4714
26423
5641
5642
5587
5588
26860
4849
4850
26491
3786
37535
3787
25821
25965
5475
5476
5643
5644
26888
3796
37537
3797
25833
25853
25970
5685
5686
5477
5478
26805
3696
37539
3697
25918
25920
5691
5692
5687
5688
26910
5697
5698
5693
5694
26913
3704
37541
3705
25923
25924
5459
5460
5699
5700
26916
5535
5536
4883
37931
4884
26506
26508
3728
37543
3729
25934
25936
5591
5592
5537
5538
26835
5647
5648
5593
5594
26863
3736
37545
3737
25939
25940
5703
5704
5649
5650
26891
4891
4892
26509
26510
26512
4959
37949
4960
26544
26546
5481
5482
5705
5706
26919
3760
37549
3761
25950
25952
5747
5748
5483
5484
26808
3768
38150
37551
3769
25955
25956
5753
5754
5749
5750
26941
5759
5760
5755
5756
26944
4967
4968
26547
26548
26550
4899
37947
4900
26513
26514
26516
5473
5474
5761
5762
26947
5035
37983
5036
26582
26584
3582
38152
38154
38156
38158
38160
38162
38164
38166
38168
38170
38172
38174
38176
38178
38180
37547
37909
3583
25849
25861
25863
5543
5544
4529
37671
4530
26315
26331
5597
5598
5545
5546
26839
5653
5654
5599
5600
26866
4541
37675
4542
26335
26337
5709
5710
5655
5656
26894
4549
37679
4550
26340
26341
5765
5766
5711
5712
26922
5487
5488
5767
5768
26950
4557
37681
4558
26344
26345
5493
5494
5489
5490
26811
5549
5550
5495
5496
26814
4709
37855
4710
26416
26421
5809
5810
5551
5552
26842
4845
37877
4846
26329
26484
26489
5815
5816
5811
5812
26972
5821
5822
5817
5818
26975
4717
37843
4718
26424
26425
5605
5606
5823
5824
26978
5659
5660
5607
5608
26870
4853
37879
4854
26492
26493
5715
5716
5661
5662
26897
3792
37555
3793
25842
25966
25968
5771
5772
5717
5718
26925
5827
5828
5773
5774
26953
3800
38182
38184
38186
37557
3801
25846
25859
25971
25972
5871
5872
5829
5830
26981
5877
5878
5873
5874
27003
4975
37981
4976
26551
26552
26554
5043
37979
5044
26585
26586
26588
3614
38188
38190
38192
38194
38196
38198
38200
38202
38204
38206
38208
38210
37553
3615
25873
25877
25879
5883
5884
5879
5880
27006
4907
37945
4908
26517
26518
26520
5541
5542
5885
5886
27009
5111
5112
26620
26622
4983
37977
4984
26555
26556
26558
5051
37975
5052
26589
26590
26592
5119
37999
5120
26623
26624
26626
5555
5556
3646
37559
3647
25889
25893
25895
5611
5612
5557
5558
26845
4915
37943
4916
26521
26522
26524
5187
38017
5188
26658
26660
4991
37973
4992
26559
26560
26562
5667
5668
5613
5614
26873
5059
37971
5060
26593
26594
26596
5127
37997
5128
26627
26628
26630
5195
38015
5196
26661
26662
26664
3678
37561
3679
25905
25909
25911
5721
5722
5669
5670
26901
5777
5778
5723
5724
26928
4923
37941
4924
26525
26526
26528
5263
38035
5264
26696
26698
4569
37685
4570
26175
26351
5833
5834
5779
5780
26956
4579
37805
4580
26183
26204
26356
5889
5890
5835
5836
26984
4587
37799
4588
26212
26228
26360
5603
5604
5891
5892
27012
4725
37849
4726
26236
26374
26429
5945
5946
4861
4862
26382
26442
26497
4999
37959
5000
26563
26564
26566
5617
5618
5947
5948
27040
5067
37969
5068
26597
26598
26600
5135
37995
5136
26631
26632
26634
5203
38013
5204
26665
26666
26668
5951
5952
5619
5620
26876
5271
38033
5272
26699
26700
26702
3710
37563
3711
25921
25925
25927
5673
5674
5953
5954
27043
4931
37939
4932
26529
26530
26532
5339
38053
5340
26734
26736
4937
37937
4938
26535
5729
5730
5675
5676
26904
5007
37957
5008
26567
26568
26570
5075
37967
5076
26601
26602
26604
5143
37993
5144
26635
26636
26638
5211
38011
5212
26669
26670
26672
5783
5784
5731
5732
26932
5279
38031
5280
26703
26704
26706
5347
38051
5348
26737
26738
26740
3742
37565
3743
25937
25941
25943
5839
5840
5785
5786
26959
4945
37935
4946
26533
26536
26537
26539
5895
5896
5841
5842
26987
5417
38071
5418
26773
26775
5013
37955
5014
26573
5021
37953
5022
26571
26574
26575
26577
5083
37965
5084
26605
26606
26608
5665
5666
5897
5898
27015
5151
37991
5152
26639
26640
26642
5219
38009
5220
26673
26674
26676
5287
38029
5288
26707
26708
26710
5679
5680
5355
38049
5356
26741
26742
26744
5425
38181
5426
26776
26777
26779
3774
37567
3775
25953
25957
25959
5957
5958
5681
5682
26907
4951
37951
4952
26542
5089
37963
5090
26611
5735
5736
5959
5960
27046
4575
37783
4576
26191
26352
26354
5791
5792
5737
5738
26935
4583
37787
4584
26193
26216
26357
26358
6005
6006
5793
5794
26963
5845
5846
6007
6008
27070
4591
38212
38214
38216
38218
38220
37795
4592
26218
26240
26361
26362
5901
5902
5847
5848
26990
5727
5728
5903
5904
27018
4729
37851
4730
26242
26386
26430
26431
6011
6012
4865
37885
4866
26388
26454
26498
26499
5741
5742
6013
6014
27073
5963
5964
5743
5744
26938
4563
37683
4564
26332
26348
5797
5798
5965
5966
27049
5853
5854
5799
5800
26966
4721
38222
38224
37845
4722
26422
26427
5907
5908
5855
5856
26994
4857
38226
37883
4858
26346
26490
26495
5789
5790
5909
5910
27021
6065
6066
5097
37989
5098
26609
26612
26613
26615
5159
37987
5160
26643
26644
26646
6017
6018
6067
6068
27100
5227
38007
5228
26677
26678
26680
5295
38027
5296
26711
26712
26714
5363
38069
5364
26745
26746
26748
5803
5804
6019
6020
27076
5433
38179
5434
26780
26781
26783
5027
37961
5028
26543
26580
5503
38125
5504
26818
3806
38228
38230
38232
38234
38236
38238
38240
37617
3807
25969
25973
25975
5969
5970
5805
5806
26969
5165
38005
5166
26649
6071
6072
5971
5972
27052
5509
38123
5510
26819
26821
5173
38003
5174
26647
26650
26651
26653
5235
38025
5236
26681
26682
26684
5303
38047
5304
26715
26716
26718
5859
5860
6073
6074
27103
5371
38067
5372
26749
26750
26752
5441
38077
5442
26784
26785
26787
5103
37985
5104
26581
26618
5565
38127
5566
26849
5915
5916
5861
5862
26997
5241
38023
5242
26687
5515
38129
5516
26822
26824
5571
38131
5572
26850
26852
5249
38021
5250
26685
26688
26689
26691
5851
5852
5917
5918
27025
5311
38045
5312
26719
26720
26722
5379
38065
5380
26753
26754
26756
5449
38087
5450
26788
26789
26791
6023
6024
5179
38001
5180
26619
26656
5627
38139
5628
26880
5317
38043
5318
26725
5521
38135
5522
26825
26827
5865
5866
6025
6026
27079
5577
38133
5578
26853
26855
5633
38141
5634
26881
26883
5325
38041
5326
26723
26726
26727
26729
5387
38063
5388
26757
26758
26760
5975
5976
5867
5868
27000
5457
38107
5458
26792
26793
26795
5255
38019
5256
26657
26694
5689
38177
5690
26911
5393
38061
5394
26763
6125
6126
5977
5978
27055
5527
38137
5528
26828
26830
5583
38145
5584
26856
26858
5639
38143
5640
26884
26886
5695
38175
5696
26912
26914
6077
6078
6127
6128
27130
5401
38059
5402
26761
26764
26765
26767
5465
38105
5466
26796
26797
26799
5331
38039
5332
26695
26732
5751
38173
5752
26942
5921
5922
6079
6080
27106
5471
38147
5472
26802
5533
38149
5534
26831
26833
5589
38171
5590
26859
26861
5645
38169
5646
26887
26889
5913
5914
5923
5924
27028
5701
38167
5702
26915
26917
5757
38165
5758
26943
26945
5479
38163
5480
26800
26803
26804
26806
6029
6030
5407
38057
5408
26733
26770
5813
5814
26973
5539
38161
5540
26834
26836
5595
38159
5596
26862
26864
6131
6132
6031
6032
27082
5651
38157
5652
26890
26892
5707
38155
5708
26918
26920
5763
38153
5764
26946
26948
5819
5820
26974
26976
5927
5928
6133
6134
27133
4597
38242
38244
38246
38248
38250
38252
38254
38256
38258
38260
37797
4598
26349
26365
5981
5982
5929
5930
27031
4733
37853
4734
26428
26433
6083
6084
5983
5984
27058
6035
6036
6085
6086
27109
4869
37927
4870
26363
26496
26501
6185
6186
6037
6038
27085
6137
6138
6187
6188
27160
5485
38151
5486
26771
26772
26809
5875
38211
5876
26540
27004
5547
38209
5548
26837
26838
26840
5881
5882
26578
27005
27007
5933
5934
6139
6140
27136
5601
38207
5602
26865
26867
5657
38205
5658
26893
26895
5713
38203
5714
26921
26923
5769
38201
5770
26949
26951
5987
5988
5935
5936
5825
38199
5826
26977
26979
5491
38197
5492
26810
26812
5609
38195
5610
26868
26869
26871
5887
5888
26616
27008
27010
6089
6090
5989
5990
27061
5553
38193
5554
26841
26843
5663
38191
5664
26896
26898
5719
38187
5720
26924
26926
5775
38185
5776
26952
26954
6191
6192
6091
6092
27112
5831
38189
5832
26980
26982
5497
38183
5498
26815
5559
5560
26816
26846
5671
5672
26899
26900
26902
6041
6042
6193
6194
27163
5893
5894
26654
27011
27013
5615
5616
26872
26874
5725
5726
26927
26929
5781
5782
26955
26957
6143
6144
6043
6044
27088
5837
5838
26983
26985
5949
5950
27041
5621
5622
26847
26877
5955
5956
27042
27044
5939
5940
6145
6146
27139
5733
5734
26930
26931
26933
5899
5900
26692
27014
27016
5677
5678
26903
26905
5787
5788
26958
26960
5993
5994
5941
5942
5843
5844
26986
26988
6009
38221
6010
27071
5683
38219
5684
26878
26908
5961
38217
5962
27045
27047
6095
6096
5995
5996
5795
38215
5796
26961
26962
26964
5905
38241
5906
26730
27017
27019
5739
38213
5740
26934
26936
5849
38239
5850
26989
26991
6245
6246
6097
6098
27115
6015
38237
6016
27072
27074
5745
38235
5746
26909
26939
5967
38225
5968
27048
27050
6197
6198
6247
6248
27190
5857
38227
5858
26992
26993
26995
5911
38233
5912
26768
27020
27022
5801
38223
5802
26965
26967
6069
38231
6070
27101
6021
38229
6022
27075
27077
6047
6048
6199
6200
27166
4875
38262
38264
38266
38268
38270
38272
38274
38276
37933
4876
26504
6149
6150
6049
6050
27091
5807
5808
26940
26970
5973
5974
27051
27053
6075
6076
27102
27104
5919
38261
5920
26807
27023
27024
27026
5999
6000
6151
6152
27142
5863
38259
5864
26996
26998
6027
38257
6028
27078
27080
5869
38255
5870
26971
27001
5979
38253
5980
27054
27056
6251
6252
6001
6002
6129
38251
6130
27131
6081
38249
6082
27105
27107
5925
38247
5926
27027
27029
6033
38245
6034
27081
27083
6101
6102
6253
6254
27193
6135
38243
6136
27132
27134
5931
5932
27002
27032
5985
5986
27057
27059
6087
6088
27108
27110
6419
6420
6103
6104
27118
6039
6040
27084
27086
6189
6190
27161
6141
6142
27135
27137
5991
5992
27060
27062
6203
6204
6421
6422
5937
5938
27035
6093
6094
27111
27113
6195
38277
6196
27162
27164
6053
6054
6045
38275
6046
27087
27089
6205
6206
27169
6147
38273
6148
27138
27140
5943
38271
5944
27038
5997
38269
5998
27065
6155
6156
6055
6056
6099
38267
6100
27114
27116
6249
38265
6250
27191
6201
38263
6202
27165
27167
6051
6052
27090
27092
6425
6426
6157
6158
27145
6153
6154
27141
27143
6003
6004
27039
27068
6423
6424
27278
6305
6306
6427
6428
6255
6256
27192
27194
6105
6106
27117
27119
6207
6208
27168
27170
6057
6058
27095
6257
6258
6307
6308
27220
6159
6160
27144
27146
6429
6430
27279
27281
6309
6310
27221
6107
6108
6259
6260
27196
4015
37569
37701
37703
37705
4016
26077
6261
6262
27195
27197
6209
6210
6109
6110
27121
6111
6112
27120
27122
4025
37571
4026
26082
6059
6060
6211
6212
27172
6213
6214
27171
27173
4066
37615
4067
26102
6521
6522
6061
6062
6063
6064
27069
27098
4021
37573
37695
37697
37699
4022
26078
26080
6311
6312
6523
6524
6161
6162
6313
6314
27223
6525
6526
27329
6315
6316
27222
27224
6359
6360
6163
6164
27148
4029
37575
4030
26083
26084
6263
6264
6361
6362
27247
6165
6166
27147
27149
6113
6114
6265
6266
27199
6363
6364
27248
6267
6268
27198
27200
4041
37577
4042
26090
6215
6216
6115
6116
6117
6118
27125
4051
37579
4052
25713
26095
6431
6432
6217
6218
27175
6219
6220
27174
27176
4070
37581
4071
26103
26104
6527
6528
6433
6434
6317
6318
6529
6530
6435
6436
27282
27284
6531
6532
27330
27332
6365
6366
6319
6320
27226
6321
6322
27225
27227
4078
37583
4079
25376
25687
26108
6167
6168
6367
6368
27250
6369
6370
27249
27251
4047
37585
4048
26091
26093
6461
6462
6169
6170
27151
6269
6270
6463
6464
27298
6171
6172
27150
27152
6465
6466
27299
4055
37587
4056
25719
26096
26097
6119
6120
6271
6272
27202
6221
6222
6121
6122
6273
6274
27201
27203
6123
6124
27099
27128
6323
6324
6223
6224
27178
6225
6226
27177
27179
4082
37589
4083
25702
25706
26109
26110
6623
6624
6325
6326
27229
6371
6372
6625
6626
6627
6628
27380
6327
6328
27228
27230
4035
37591
4036
26087
6467
6468
6373
6374
27253
6375
6376
27252
27254
4074
37593
4075
26106
6173
6174
6469
6470
27301
6471
6472
27300
27302
6275
6276
6175
6176
4091
37603
4092
26114
6437
6438
6277
6278
27205
6177
6178
27155
6279
6280
27204
27206
4102
37607
4103
26119
6533
6534
6439
6440
6441
6442
27285
27287
4113
37609
4114
26085
26124
6629
6630
6535
6536
6537
6538
27333
27335
6227
6228
6631
6632
6633
6634
27381
27383
4122
37611
4123
26081
26105
26128
6563
6564
6229
6230
27181
6231
6232
27180
27182
3819
37599
3820
25981
4061
37595
4062
26088
26100
6329
6330
6565
6566
27349
6377
6378
6331
6332
27232
6567
6568
27350
4063
26101
6333
6334
27231
27233
6473
6474
6379
6380
27256
3868
37597
3869
26005
6381
6382
27255
27257
4086
37601
4087
26107
26112
6179
6180
6475
6476
27304
6281
6282
6181
6182
6477
6478
27303
27305
4088
26113
6183
6184
27129
27158
3825
37629
3826
25982
25984
6725
6726
6283
6284
27208
6285
6286
27207
27209
3917
37645
3918
26029
4095
37605
4096
26115
26116
6569
6570
6727
6728
6233
6234
6571
6572
27352
6729
6730
27431
4097
26117
6573
6574
27351
27353
3874
37659
3875
26006
26008
6335
6336
6235
6236
3966
37665
3967
26053
6237
6238
27185
3923
37781
3924
26030
26032
4108
37613
4109
26120
26122
6383
6384
6337
6338
27235
6479
6480
6385
6386
27259
6339
6340
27234
27236
4110
26123
6387
6388
27258
27260
6443
6444
6481
6482
27307
3831
37785
3832
25985
25987
6483
6484
27306
27308
3972
37793
3973
26054
26056
3588
37801
3589
25864
25866
6539
6540
6445
6446
3880
37803
3881
26009
26011
6447
6448
27288
27290
4117
37619
4118
26098
26125
26126
6635
6636
6541
6542
6731
6732
6637
6638
6543
6544
27336
27338
4119
26127
6639
6640
27384
27386
6287
6288
6733
6734
6735
6736
27432
27434
3929
37833
3930
26033
26035
6665
6666
6289
6290
27211
3620
37857
3621
25867
25880
25882
6291
6292
27210
27212
4126
37623
4127
26094
26111
26129
26130
6575
6576
6667
6668
27400
6239
6240
6577
6578
27355
6669
6670
27401
4128
26131
6579
6580
27354
27356
3837
37847
3838
25988
25990
3978
37867
3979
26057
26059
6827
6828
6241
6242
3886
37881
3887
26012
26014
6243
6244
27159
27188
3652
37929
3653
25883
25896
25898
6341
6342
6829
6830
3935
38037
3936
26036
26038
6831
6832
27482
3843
38055
3844
25991
25993
3984
38075
3985
26060
26062
6389
6390
6343
6344
27238
3684
38073
3685
25899
25912
25914
6345
6346
27237
27239
3892
38085
3893
26015
26017
3941
38083
3942
26039
26041
6485
6486
6391
6392
27262
3716
38079
3717
25915
25930
6393
6394
27261
27263
3849
38081
3850
25994
25996
3990
38103
3991
25928
26063
26065
6671
6672
6487
6488
27310
3898
38101
3899
26018
26020
6489
6490
27309
27311
3748
38091
3749
25931
25946
3947
38099
3948
26042
26044
6293
6294
6673
6674
27403
3855
38097
3856
25997
25999
6675
6676
27402
27404
3996
38095
3997
25944
26066
26068
3780
38089
3781
25947
25962
6581
6582
6295
6296
3904
38093
3905
26021
26023
6297
6298
27215
3953
38121
3954
26045
26047
3812
38109
3813
25963
25978
6449
6450
6583
6584
27358
3861
38119
3862
26000
26002
3814
25979
6585
6586
27357
27359
3863
26003
4002
38117
4003
25960
26069
26071
3910
38115
3911
26024
26026
6545
6546
6451
6452
6453
6454
27291
27293
3912
26027
3959
38113
3960
26048
26050
4008
38111
4009
25976
26072
26074
3961
26051
6641
6642
6547
6548
6549
6550
27339
27341
4010
26075
6737
6738
6643
6644
6645
6646
27387
27389
6833
6834
6739
6740
6741
6742
27435
27437
6347
6348
6835
6836
6837
6838
27483
27485
6395
6396
6349
6350
27241
6351
6352
27240
27242
6491
6492
6397
6398
27265
6399
6400
27264
27266
6767
6768
6493
6494
27313
6495
6496
27312
27314
6677
6678
6769
6770
27451
6771
6772
27452
6299
6300
6679
6680
27406
6681
6682
27405
27407
6929
6930
6301
6302
6303
6304
27189
27218
6587
6588
6931
6932
6933
6934
27533
6773
6774
6589
6590
27361
6591
6592
27360
27362
6353
6354
6775
6776
27454
6777
6778
27453
27455
6401
6402
6355
6356
6357
6358
26505
27245
6497
6498
6403
6404
27268
6405
6406
27267
27269
6683
6684
6499
6500
27316
6501
6502
27315
27317
6455
6456
6685
6686
27409
6687
6688
27408
27410
6551
6552
6457
6458
6459
6460
27294
27296
6647
6648
6553
6554
6555
6556
27342
27344
6743
6744
6649
6650
6651
6652
27390
27392
6839
6840
6745
6746
6747
6748
27438
27440
6935
6936
6841
6842
6843
6844
27486
27488
6593
6594
6937
6938
6939
6940
27534
27536
6869
6870
6595
6596
27364
6597
6598
27363
27365
6779
6780
6871
6872
27502
6873
6874
27503
6407
6408
6781
6782
27457
6783
6784
27456
27458
6503
6504
6409
6410
6411
6412
27219
27272
7033
7034
6505
6506
27319
6507
6508
27318
27320
6689
6690
7035
7036
7037
7038
27036
27585
6875
6876
6691
6692
27412
6693
6694
27411
27413
6599
6600
6877
6878
27505
6879
6880
27504
27506
6785
6786
6601
6602
27367
6603
6604
27366
27368
6509
6510
6787
6788
27460
6789
6790
27459
27461
6557
6558
6511
6512
6513
6514
27297
27323
6653
6654
6559
6560
6561
6562
27345
27347
6749
6750
6655
6656
6657
6658
27393
27395
6845
6846
6751
6752
6753
6754
27441
27443
6941
6942
6847
6848
6849
6850
27489
27491
7039
7040
6943
6944
6945
6946
27537
27539
6695
6696
7041
7042
7043
7044
27066
27586
27588
6971
6972
6697
6698
27415
6699
6700
27414
27416
6881
6882
6973
6974
27553
6975
6976
27554
6413
6414
6883
6884
27508
6885
6886
27507
27509
6605
6606
6415
6416
6417
6418
27275
6791
6792
6607
6608
27370
6609
6610
27369
27371
6977
6978
6793
6794
27463
6795
6796
27462
27464
6701
6702
6979
6980
27556
6981
6982
27555
27557
6887
6888
6703
6704
27418
6705
6706
27417
27419
6515
6516
6889
6890
27511
6891
6892
27510
27512
6611
6612
6517
6518
6519
6520
27276
27326
6659
6660
6613
6614
6615
6616
27348
27374
6755
6756
6661
6662
6663
6664
27396
27398
6851
6852
6757
6758
6759
6760
27444
27446
6947
6948
6853
6854
6855
6856
27492
27494
7045
7046
6949
6950
6951
6952
27540
27542
7141
7142
7047
7048
7049
7050
27096
27589
27591
6797
6798
7143
7144
7145
7146
27639
7075
7076
6799
6800
27466
6801
6802
27465
27467
6983
6984
7077
7078
27605
7079
7080
26813
27606
6707
6708
6985
6986
27559
6987
6988
27558
27560
6893
6894
6709
6710
27421
6711
6712
27420
27422
7147
7148
6895
6896
27514
6897
6898
27513
27515
7081
7082
7149
7150
7151
7152
27640
27642
6803
6804
7083
7084
27608
7085
7086
26844
27607
27609
6989
6990
6805
6806
27469
6807
6808
27468
27470
6617
6618
6991
6992
27562
6993
6994
27561
27563
6713
6714
6619
6620
6621
6622
27327
27377
6761
6762
6715
6716
6717
6718
27399
27425
6857
6858
6763
6764
6765
6766
27447
27449
6953
6954
6859
6860
6861
6862
27495
27497
7051
7052
6955
6956
6957
6958
27543
27545
7197
7198
7053
7054
7055
7056
27126
27592
27594
6899
6900
7199
7200
7201
7202
27667
7087
7088
6901
6902
27517
6903
6904
27516
27518
6809
6810
7089
7090
27611
7091
7092
26875
27610
27612
6995
6996
6811
6812
27472
6813
6814
27471
27473
7153
7154
6997
6998
27565
6999
7000
27564
27566
7203
7204
7155
7156
38278
38280
38282
38284
38286
38288
38290
38292
38294
38296
38298
38300
38302
38304
38306
38308
38310
38312
38314
38316
38318
38320
38322
38324
38326
38328
38330
38332
7157
7158
27643
27645
6905
6906
7205
7206
7207
7208
27668
27670
7093
7094
6907
6908
27520
6909
6910
27519
27521
6719
6720
7095
7096
27614
7097
7098
26906
27613
27615
6815
6816
6721
6722
6723
6724
27378
27428
6863
6864
6817
6818
6819
6820
27450
27476
6959
6960
6865
6866
6867
6868
27498
27500
7057
7058
6961
6962
6963
6964
27546
27548
7253
7254
7059
7060
7061
7062
27156
27595
27597
7001
7002
7255
7256
7257
7258
27695
6911
6912
7003
7004
27568
7005
7006
27567
27569
7099
7100
6913
6914
27523
6915
6916
27522
27524
7159
7160
7101
7102
27617
7103
7104
26937
27616
27618
7209
7210
7161
7162
7163
7164
27646
27648
7259
7260
7211
7212
7213
7214
27671
27673
7007
7008
7261
7262
7263
7264
27696
27698
6821
6822
7009
7010
27571
7011
7012
27570
27572
6917
6918
6823
6824
6825
6826
27429
27479
6965
6966
6919
6920
6921
6922
27501
27527
7063
7064
6967
6968
6969
6970
27549
27551
7309
7310
7065
7066
7067
7068
27186
27598
27600
7105
7106
7311
7312
7313
7314
27723
7013
7014
7107
7108
27620
7109
7110
26968
27619
27621
7165
7166
7015
7016
27574
7017
7018
27573
27575
7215
7216
7167
7168
7169
7170
27649
27651
7265
7266
7217
7218
7219
7220
27674
27676
7315
7316
7267
7268
7269
7270
27699
27701
7111
7112
7317
7318
7319
7320
27724
27726
6923
6924
7113
7114
27623
7115
7116
26999
27622
27624
7019
7020
6925
6926
6927
6928
27480
27530
7069
7070
7021
7022
7023
7024
27552
27578
7533
7534
7365
7366
7535
37791
7536
25558
27834
7537
7538
7539
7540
27836
7541
7542
7117
7118
7543
37923
37925
7544
26436
26438
27838
7545
7546
7171
7172
7547
37919
38334
38336
38338
38340
38342
38344
38346
38348
38350
38352
38354
37921
7548
27840
7549
7550
7221
7222
38356
7551
38358
38360
37779
7552
25606
27842
7553
7554
7271
7272
7555
7556
27844
7557
7558
7321
7322
38362
7559
7560
26444
26446
27846
7561
7562
7371
7372
7563
7564
27848
7565
7566
7025
7026
38364
38366
38368
38370
38372
38374
38376
38378
38380
38382
38384
38386
38388
38390
38392
38394
38396
38398
38400
38402
38404
38406
38408
38410
38412
38414
38416
38418
38420
38422
38424
38426
38428
38430
38432
38434
38436
38438
38440
38442
38444
38446
38448
38450
38452
38454
38456
38458
38460
38462
38464
38466
38468
38470
7567
7568
27850
7569
7570
7571
7572
26440
27852
7573
7574
7123
7124
7575
7576
26448
27854
7577
7578
7421
7422
7579
7580
27851
27856
7581
7582
7031
7032
7585
7586
7583
37905
37907
7584
26390
27858
7177
7178
7589
7590
7587
7588
27860
7593
7594
7227
7228
7591
7592
27861
27862
7597
7598
7277
7278
7071
7072
7367
7368
7327
7328
7119
7120
27626
7173
7174
7599
7600
27866
7601
7602
7377
7378
38472
38474
38476
38478
38480
38482
38484
38486
38488
38490
38492
38494
7595
37901
37903
7596
26396
27859
27864
7605
7606
7427
7428
7609
7610
7603
7604
27867
27868
7183
7184
7613
7614
38496
38498
38500
38502
38504
7617
7618
7129
7130
7611
7612
27872
7621
7622
7607
37897
37899
7608
26402
27865
27870
7477
7478
7625
7626
7185
7186
38506
7629
7630
7615
38508
38505
7616
27873
27874
7633
7634
7233
7234
7223
7224
7283
7284
7273
7274
7323
7324
7623
7624
27878
7373
7374
7637
7638
7333
7334
7619
37893
37895
7620
26408
27871
27876
7645
7646
7383
7384
38510
38512
38514
38516
38518
7641
7642
7627
38520
38507
7628
27879
27880
7433
7434
7649
7650
7483
7484
38522
7653
7654
7635
7636
27884
7657
7658
7239
7240
7631
38524
38509
7632
26414
27877
27882
7661
7662
7135
7136
38526
7665
7666
7639
7640
27885
27886
7191
7192
7669
7670
7241
7242
7673
7674
7647
38528
38530
38519
7648
27890
7677
7678
7681
7682
7685
7686
7689
7690
7693
7694
7289
7290
7643
38521
7644
26420
27883
27888
7697
7698
7701
7702
7705
7706
7709
7710
7713
7714
7339
7340
7717
7718
7721
7722
7725
7726
7729
7730
7651
38532
38534
38536
38538
38540
38542
38544
38546
38548
38523
7652
27891
27892
7741
7742
7745
7746
7389
7390
7749
7750
7753
7754
7757
7758
7761
7762
7765
7766
7439
7440
7733
7734
7769
7770
7659
7660
26450
27841
27896
7777
7778
7781
7782
7785
7786
7489
7490
7789
7790
7793
7794
7663
38550
38552
38554
38556
38558
38560
38562
38564
38566
38568
38570
38572
38527
7664
26456
27853
27897
27898
7797
7798
7801
7802
7737
7738
7813
38469
7814
7295
7296
7817
38467
7818
7821
38465
7822
7825
38463
7826
7829
38461
7830
7833
38459
7834
7655
38574
38576
38578
38580
38525
7656
26426
27889
27894
7773
38457
7774
7805
38455
7806
7849
38453
7850
7247
7248
7853
38451
7854
7857
38449
7858
7861
38447
7862
7865
38445
7866
7837
38443
7838
7297
7298
7869
38441
7870
7667
7668
26432
27895
27900
7809
38439
7810
7841
38437
7842
7885
38435
7886
7889
38433
7890
7893
38431
7894
7345
7346
7897
38429
7898
7901
38427
7902
7873
38425
7874
7905
38423
7906
7671
38582
38584
38586
38588
38590
38592
38594
38596
38598
38600
38602
38604
38606
38608
38610
38612
38614
38616
38531
7672
27902
7027
38421
7028
7395
7396
7125
38493
7126
7423
38491
7424
7179
38489
7180
7229
38487
7230
7675
38529
38301
7676
27904
7279
38485
7280
7679
7680
27906
7445
7446
7329
38483
7330
7845
38419
7846
7683
38299
7684
27908
7379
38481
7380
38618
38620
38622
38624
38626
38628
38630
38632
38634
38636
38638
38640
38642
38644
38646
38648
38650
38652
38654
38656
38658
38660
38662
38664
38666
38668
38670
38672
38674
38676
38678
38680
38682
38684
38686
38688
38690
38692
38694
38696
38698
38700
38702
38704
38706
38708
38710
38712
38714
38716
38718
38720
38722
38724
38726
38728
38730
38732
38734
38736
38738
38740
38742
38744
38746
38748
7687
7688
27907
27910
7877
38417
7878
7881
38415
7882
7909
38413
7910
7743
7744
27938
7495
7496
7913
38411
7914
7691
38297
7692
27912
7917
38409
7918
7921
38407
7922
38750
38752
38754
38756
38758
38760
38762
38764
38766
38768
38770
38772
38774
38776
38778
38780
38782
38784
7747
7748
27939
27940
7429
7430
7925
38405
7926
7695
7696
27911
27914
7351
7352
7929
38403
7930
7933
38401
7934
7779
38573
7780
27956
7937
38399
7938
7941
38397
7942
7699
38549
38295
7700
27916
7945
38395
7946
38786
38788
38790
38792
38794
38796
38798
38800
38802
7751
38571
7752
27941
27942
7949
38393
7950
7959
38391
7960
7953
7954
7783
38569
7784
27957
27958
7957
7958
7963
38389
7964
7967
38387
7968
7703
38804
38547
7704
27915
27918
7971
38333
7972
38806
7975
38385
7976
38808
7979
38383
7980
7815
7816
27974
7983
38479
7984
7707
38810
38545
38293
7708
27920
7987
7988
38812
38814
38816
38818
38820
38822
38824
38826
38828
38830
38832
38834
38836
7755
38838
38567
7756
27943
27944
7999
38331
8000
7303
7304
38840
8003
38329
8004
38842
8007
38327
8008
7787
38844
38565
7788
27959
27960
8011
38381
8012
38846
8015
38379
8016
7819
7820
27975
27976
8019
38477
8020
38848
8023
8024
8027
8028
38850
7131
7132
7711
38852
38543
7712
27919
27922
8037
38325
8038
38854
8041
38377
8042
7851
7852
27992
8045
38375
8046
38856
8049
38359
8050
7715
38858
38541
38291
7716
27924
8053
8054
38860
38862
38864
38866
38868
38870
38872
38874
38876
38878
38880
38882
38884
38886
38888
38890
7759
38892
38563
7760
27945
27946
8057
8058
38894
7479
7480
7353
7354
7791
38896
38561
7792
27961
27962
7991
7992
38898
7187
7188
38900
7235
7236
7823
7824
27977
27978
7285
7286
38902
8075
38353
8076
8065
8066
7855
7856
27993
27994
8079
38351
8080
38904
8083
38349
8084
38906
8087
8088
7719
38908
38539
7720
27923
27926
8091
8092
38910
7335
7336
7887
38912
38617
7888
28010
7385
7386
38914
7435
7436
7723
38916
38537
38289
7724
27928
8113
38347
8114
8103
8104
38918
38920
38922
38924
38926
38928
38930
38932
38934
38936
38938
38940
38942
38944
38946
7763
38948
38559
7764
27947
27948
8117
38345
8118
38950
8121
8122
7795
38952
38557
7796
27963
27964
8125
8126
38954
7485
7486
38956
8029
8030
7827
38958
38615
7828
27979
27980
8061
8062
38960
8095
8096
7859
38962
38613
7860
27995
27996
8151
38475
8152
8141
8142
38964
8155
8156
38966
8159
8160
7891
38968
38611
7892
28011
28012
8129
8130
38970
8163
8164
7727
38972
38535
7728
27927
27930
8189
8190
38974
8193
8194
38976
8197
8198
7923
7924
28028
7137
7138
7731
38978
38533
38287
7732
27903
27932
7401
7402
7995
7996
38980
38982
38984
38986
38988
7767
38990
38555
7768
27949
27950
7193
38783
7194
38992
7243
38781
7244
38994
8227
8228
7799
38996
38609
7800
27965
27966
8231
8232
7451
7452
38998
7291
38779
7292
7831
39000
38581
7832
27981
27982
7341
38777
7342
39002
7391
38775
7392
39004
7441
38773
7442
7863
39006
38607
7864
27997
27998
39008
39010
39012
39014
39016
39018
39020
39022
39024
39026
39028
39030
39032
39034
39036
39038
39040
39042
39044
39046
39048
8265
8266
7501
7502
7895
38605
7896
28013
28014
7927
7928
28029
28030
7491
38771
7492
8033
8034
8267
37775
8268
25641
28200
8269
8270
7407
7408
7735
38553
38285
7736
27931
27934
8067
8068
8099
8100
8133
8134
7961
7962
27905
28047
8167
8168
8179
8180
8271
8272
28202
8273
8274
7965
7966
27909
28048
28049
8201
8202
39050
39052
39054
39056
39058
39060
39062
39064
39066
39068
8277
8278
8275
8276
27835
27837
28204
7359
7360
8235
8236
8281
8282
8279
8280
28206
7409
7410
8283
37773
8284
25649
28208
8285
8286
7457
7458
7771
38551
38283
7772
27951
27952
7249
38769
7250
8289
8290
8287
8288
28210
7507
7508
7299
38767
7300
8293
8294
8291
8292
27843
27845
28212
7463
7464
8297
8298
8295
8296
28214
8217
8218
8301
8302
39070
39072
39074
8299
8300
28216
8305
8306
39076
8303
8304
27839
28218
7415
7416
8309
8310
8307
8308
27847
28220
7465
7466
8313
8314
8311
8312
28217
28222
7513
7514
7347
38749
7348
8317
8318
8315
8316
26458
28224
7519
7520
8321
8322
39078
39080
39082
39084
39086
39088
39090
39092
39094
39096
39098
39100
39102
39104
39106
39108
39110
39112
39114
39116
39118
39120
39122
39124
39126
39128
39130
39132
39134
39136
39138
39140
39142
39144
39146
39148
39150
39152
39154
39156
8319
8320
28226
8329
8330
8255
8256
8323
8324
28227
28228
8325
8326
39158
39160
39162
39164
39166
39168
39170
8333
8334
7471
7472
8331
8332
28232
8337
8338
7521
7522
39172
39174
39176
39178
8327
8328
26464
28225
28230
8341
8342
7527
7528
7397
38747
7398
7447
38745
7448
39180
39182
39184
39186
8345
8346
8335
8336
28233
28234
8349
8350
39188
8353
8354
8343
8344
28238
7497
38765
7498
8339
39187
8340
26470
28231
28236
8357
8358
39190
39192
8365
8366
8347
8348
28239
28240
8361
8362
39194
8369
8370
8355
8356
28244
8373
8374
8351
39196
39189
8352
26476
28237
28242
8377
8378
39198
8381
8382
8359
39200
39193
8360
28245
28246
8385
8386
39202
8389
8390
8367
8368
28250
8071
8072
8393
8394
8363
39204
39206
39195
8364
26482
28243
28248
8397
8398
39208
8401
8402
8371
8372
28251
28252
8405
38743
8406
8409
38741
8410
8413
38739
8414
8417
38737
8418
8421
38735
8422
8379
39199
8380
28256
8425
38733
8426
8429
38731
8430
8433
38729
8434
8437
38727
8438
8441
38725
8442
8375
39210
39212
39214
39216
39218
39197
8376
26488
28249
28254
8445
38723
8446
8449
38721
8450
8453
38719
8454
8457
38717
8458
8461
38715
8462
8473
38713
8474
8477
38711
8478
8481
38709
8482
8485
38707
8486
8383
39220
39222
39224
39226
39228
39230
39232
39234
39236
39238
39201
8384
28257
28258
8489
38705
8490
8493
38703
8494
8497
38701
8498
8465
38699
8466
8501
38697
8502
8509
38695
8510
8513
38693
8514
8517
38691
8518
8521
38689
8522
8391
8392
27849
28207
28262
8525
38687
8526
8529
38685
8530
8533
38683
8534
8469
38681
8470
8395
39240
39242
39244
39246
39248
39207
8396
27855
28219
28263
28264
8545
38679
8546
8549
38677
8550
8553
38675
8554
8557
38673
8558
8561
38671
8562
8565
38669
8566
8505
38667
8506
8537
38665
8538
8569
38663
8570
8387
39250
39252
39254
39256
39258
39260
39262
39264
39266
39268
39203
8388
26494
28255
28260
8581
38661
8582
8585
38659
8586
8589
38657
8590
8593
38655
8594
8597
38653
8598
8601
38651
8602
8541
38649
8542
8573
38647
8574
8605
38645
8606
8399
39270
39272
39274
39276
39278
39280
39209
38947
8400
26500
28261
28266
8617
38643
8618
8621
38641
8622
8625
38639
8626
8629
38637
8630
8633
38635
8634
8637
38633
8638
8577
38631
8578
8609
38763
8610
8641
38761
8642
8403
38943
38945
8404
26502
28268
8105
39153
8106
8137
39151
8138
8171
8172
8205
8206
8613
38759
8614
8407
38621
8408
28270
8239
8240
7305
38889
7306
8411
8412
28272
7355
38941
7356
8415
38619
8416
28274
7403
39149
7404
8645
38757
8646
8419
8420
28273
28276
8653
38755
8654
8649
38753
8650
8475
39239
8476
28304
8657
38801
8658
39282
39284
39286
39288
39290
39292
39294
39296
39298
39300
39302
8423
39304
39237
38751
8424
28278
8661
38799
8662
39306
8665
38797
8666
39308
39310
39312
39314
39316
39318
39320
39322
39324
39326
39328
39330
39332
39334
39336
39338
39340
39342
39344
39346
39348
39350
39352
39354
39356
39358
39360
39362
39364
39366
39368
39370
39372
39374
39376
39378
39380
39382
39384
8479
39386
39235
8480
28305
28306
8669
38795
8670
39388
8673
38793
8674
8427
39390
39219
8428
28277
28280
8677
38791
8678
39392
8681
38835
8682
8689
8690
39394
8691
38833
8692
8511
8512
28322
8685
38831
8686
8431
39396
39217
38787
8432
28282
8695
38829
8696
39398
8699
38827
8700
39400
39402
39404
39406
39408
39410
39412
39414
39416
39418
39420
39422
39424
39426
39428
39430
39432
39434
39436
39438
39440
39442
39444
39446
39448
39450
39452
39454
39456
8483
39458
39233
8484
28307
28308
8703
38825
8704
39460
8707
38823
8708
8515
8516
28323
28324
8711
38821
8712
39462
8715
38819
8716
39464
8719
38817
8720
8435
39466
39215
8436
28281
28284
8723
38939
8724
39468
8731
38887
8732
8547
8548
28340
8735
38885
8736
8439
39470
39213
38813
8440
28286
8739
38883
8740
39472
8743
38881
8744
39474
39476
39478
39480
39482
39484
39486
39488
39490
39492
39494
39496
39498
39500
39502
39504
39506
39508
39510
39512
39514
39516
39518
39520
39522
39524
39526
39528
39530
39532
39534
39536
39538
39540
39542
39544
8487
39546
39231
8488
28309
28310
8747
38879
8748
39548
8751
38877
8752
8519
8520
28325
28326
8755
38875
8756
8759
8760
39550
8761
39143
8762
39552
8727
39141
8728
8551
8552
28341
28342
8769
38873
8770
39554
8773
38871
8774
8443
39556
39211
8444
28285
28288
8777
38869
8778
39558
8781
38867
8782
39560
8785
38865
8786
8583
8584
28358
8789
38937
8790
8797
8798
8447
39562
39229
38861
8448
28290
8793
39139
8794
39564
39566
39568
39570
39572
39574
39576
39578
39580
39582
39584
39586
39588
39590
39592
39594
8491
8492
28311
28312
8765
39137
8766
39596
8807
38935
8808
39598
8811
38933
8812
8523
8524
28327
28328
8815
38931
8816
39600
8819
38929
8820
8555
39602
39269
8556
28343
28344
8823
38927
8824
39604
8827
39135
8828
39606
8799
39133
8800
8835
8836
8587
8588
28359
28360
8831
39131
8832
39608
8803
8804
8451
39610
39227
8452
28289
28292
8845
38925
8846
39612
8849
39129
8850
39614
8853
39127
8854
8619
8620
28376
8857
39125
8858
8455
39616
39225
38919
8456
28294
8861
39123
8862
39618
39620
39622
39624
39626
39628
39630
39632
39634
39636
8495
39638
39267
8496
28313
28314
8865
39121
8866
8873
8874
39640
8837
8838
39642
8869
8870
8527
39644
39265
8528
28329
28330
8883
39119
8884
39646
8887
39117
8888
8559
39648
39263
8560
28345
28346
8891
39115
8892
39650
8895
39113
8896
39652
8899
39111
8900
8591
8592
28361
28362
8903
39541
8904
39654
7453
39109
7454
8911
8912
8623
8624
28377
28378
7503
39107
7504
39656
8109
39539
8110
39658
8921
38989
8922
8459
39660
39223
8460
28293
28296
8925
38987
8926
39662
8929
38985
8930
8655
8656
28394
8933
39105
8934
8463
39664
39221
38981
8464
28269
28298
8937
39537
8938
39666
8143
39535
8144
8949
8950
39668
39670
39672
39674
39676
39678
39680
39682
39684
39686
39688
39690
39692
39694
39696
39698
39700
39702
39704
39706
39708
39710
39712
39714
39716
39718
8499
39720
39261
8500
28315
28316
8175
39533
8176
39722
8209
8210
8531
39724
39249
8532
28331
28332
8959
39103
8960
39726
8963
39101
8964
39728
8967
39099
8968
8563
39730
39259
8564
28347
28348
8971
39531
8972
39732
8243
8244
8595
39734
39281
8596
28363
28364
8841
8842
39736
8875
8876
8987
8988
39738
8907
8908
8627
8628
28379
28380
8941
8942
39740
39742
39744
39746
39748
39750
39752
39754
39756
39758
8997
8998
39760
8975
8976
9003
9004
8659
8660
28395
28396
9005
9006
9009
9010
39762
9011
9012
9015
9016
8467
39764
39247
39073
8468
28297
28300
7361
39097
7362
39766
7411
39095
7412
39768
7459
39093
7460
8693
8694
28271
28413
7509
39091
7510
8697
8698
28275
28414
28415
8147
8148
39770
8181
8182
39772
8213
8214
7803
39774
38579
7804
27967
27968
9017
9018
9021
9022
39776
8247
8248
9027
9028
7835
39778
38577
7836
27983
27984
8879
8880
9033
9034
39780
8913
8914
9039
9040
7867
39782
38603
7868
27999
28000
8945
8946
9045
9046
39784
8979
8980
39786
9051
9052
7899
39788
38601
7900
28015
28016
9055
9056
39790
9059
9060
7931
39792
39185
7932
28031
28032
9023
9024
39794
9063
9064
39796
7417
39089
7418
8503
39798
39245
39071
8504
28317
28318
7467
39087
7468
39800
9083
9084
8535
39802
39243
8536
28333
28334
9087
9088
39804
9091
9092
39806
9095
9096
8567
39808
39257
8568
28349
28350
7515
39085
7516
39810
8185
8186
8599
39812
39279
8600
28365
28366
8219
8220
39814
8251
8252
9115
9116
8631
8632
28381
28382
8917
8918
9121
9122
39816
8951
8952
9127
9128
39818
8983
8984
9133
9134
8663
8664
28397
28398
9029
9030
9139
9140
39820
9067
9068
9145
9146
7739
39822
38575
7740
27936
9099
9100
9151
9152
39824
7473
39177
7474
9157
9158
39826
39828
39830
39832
39834
39836
39838
39840
39842
39844
39846
39848
39850
39852
39854
39856
39858
39860
39862
39864
39866
39868
8471
39870
39241
8472
28302
7523
39175
7524
9163
9164
39872
39874
7969
39876
39171
7970
27913
28050
28051
8223
8224
39878
8257
8258
39880
8955
8956
8701
8702
28279
28416
28417
8989
8990
39882
9123
9124
7775
39884
38599
7776
27937
27954
9169
9170
39886
39888
39890
39892
39894
39896
39898
39900
39902
39904
39906
39908
39910
39912
39914
39916
39918
39920
39922
39924
39926
39928
39930
39932
39934
39936
8999
9000
7807
38597
38281
7808
27969
27970
7839
38595
7840
27985
27986
9129
9130
7871
38593
7872
28001
28002
9201
9202
9173
9174
9205
9206
7903
38591
7904
28017
28018
9035
9036
9071
9072
7935
39169
7936
28033
28034
9103
9104
7529
39497
7530
8261
8262
9233
9234
8507
39255
8508
28303
28320
9239
9240
8993
8994
9245
9246
9135
9136
9251
9252
8539
39253
8540
28335
28336
9177
9178
9257
9258
9209
9210
9263
9264
8571
39251
8572
28351
28352
9041
39867
9042
9269
9270
9075
9076
9275
9276
9107
9108
9281
9282
8603
39277
8604
28367
28368
39938
39940
39942
39944
39946
39948
39950
39952
39954
39956
39958
39960
39962
39964
39966
39968
39970
9117
9118
8635
8636
28383
28384
8667
8668
28399
28400
9141
39865
9142
9181
9182
8001
39167
8002
28067
9213
9214
9047
39863
9048
8733
8734
28433
9079
9080
8005
39069
8006
28068
28069
9111
9112
9147
39861
9148
9185
9186
8737
8738
28434
28435
9217
9218
9241
9242
7973
39067
7974
27917
28052
28053
9287
9288
9319
9320
9247
9248
8705
8706
28283
28418
28419
9291
9292
9323
9324
7811
38589
7812
27955
27972
9351
9352
9153
39859
9154
9357
9358
9189
9190
9363
9364
7843
38587
38279
7844
27987
27988
9221
9222
9369
9370
9253
9254
9375
9376
9295
9296
9381
9382
7875
38585
7876
28003
28004
9327
9328
9387
9388
9159
39857
9160
9393
9394
7907
39972
38583
7908
28019
28020
9193
9194
9399
9400
39974
9225
9226
39976
39978
39980
39982
39984
39986
39988
39990
39992
39994
39996
39998
40000
40002
40004
40006
40008
40010
40012
40014
40016
9235
9236
7939
39065
7940
28035
28036
8543
39275
8544
28321
28338
9259
9260
8575
39273
8576
28353
28354
9299
9300
9331
9332
8607
39271
8608
28369
28370
9165
39873
9166
9197
9198
8639
8640
28385
28386
9229
9230
9265
9266
9303
9304
8671
39937
8672
28401
28402
9335
9336
9359
9360
8039
39049
8040
28086
9405
9406
9437
9438
8771
39935
8772
28452
9365
9366
8009
40018
39047
8010
28070
28071
9409
9410
40020
40022
40024
40026
40028
40030
40032
40034
40036
40038
40040
40042
40044
40046
40048
40050
40052
40054
40056
40058
40060
40062
40064
40066
40068
40070
9469
9470
40072
9441
9442
9475
9476
40074
9271
9272
9481
9482
8043
40076
39045
8044
28087
28088
9307
9308
9487
9488
40078
9339
9340
9493
9494
8741
40080
39933
8742
28436
28437
9371
9372
9499
9500
40082
9413
9414
9505
9506
8775
40084
39931
8776
28453
28454
9445
9446
9511
9512
40086
9277
9278
9517
9518
40088
9311
9312
7977
40090
39043
7978
27921
28054
28055
9343
9344
40092
40094
40096
40098
40100
40102
40104
40106
40108
40110
40112
40114
40116
40118
40120
9353
9354
8709
39929
8710
28287
28420
28421
7847
39041
7848
27973
27990
9377
9378
7879
39039
38343
7880
28005
28006
9417
9418
9449
9450
9283
9284
7911
39037
7912
28021
28022
9315
9316
9347
9348
7943
39035
7944
28037
28038
9383
9384
9421
9422
9453
9454
8579
39927
8580
28339
28356
9477
9478
9523
9524
8611
39925
8612
28371
28372
9555
9556
9587
9588
9483
9484
9593
9594
8643
39923
8644
28387
28388
9527
9528
9599
9600
40122
9559
9560
40124
9389
40069
9390
8675
40126
39921
8676
28403
28404
9425
9426
40128
9457
9458
8077
40130
39033
8078
28105
9605
9606
9489
9490
40132
9531
9532
8809
40134
39919
8810
28471
9563
9564
40136
40138
40140
40142
40144
40146
40148
40150
40152
40154
40156
40158
40160
40162
40164
40166
8013
40168
39031
8014
28072
28073
9395
40067
9396
40170
9429
9430
40172
9461
9462
8047
40174
39029
8048
28089
28090
9611
9612
40176
40178
40180
40182
40184
40186
40188
40190
40192
40194
40196
40198
40200
40202
9471
9472
8081
39027
8082
28106
28107
8745
39917
8746
28438
28439
9617
9618
9495
9496
9535
9536
8779
39559
8780
28455
28456
9567
9568
9401
40065
9402
8813
39915
8814
28472
28473
9433
9434
9465
9466
9705
9706
9501
9502
7981
39025
7982
27925
28056
28057
9539
9540
9571
9572
8713
39547
8714
28291
28422
28423
9595
9596
9641
9642
9673
9674
7883
39023
7884
27991
28008
9601
9602
9645
9646
7915
40204
39021
38341
7916
28023
28024
9677
9678
40206
40208
40210
40212
40214
40216
40218
40220
40222
40224
40226
40228
40230
40232
40234
9829
9830
7947
39019
7948
28039
28040
9711
9712
8615
39473
8616
28357
28374
9507
9508
9543
9544
9831
9832
25655
25657
28982
9833
9834
9717
9718
8647
39471
8648
28389
28390
9575
9576
9607
40165
9608
9835
9836
28984
9837
9838
9623
9624
8679
39463
8680
28405
28406
9649
9650
9723
9724
9681
9682
8115
39017
8116
28124
9513
40163
9514
9547
9548
9839
39179
9840
28201
28203
28986
9845
9846
9629
9630
8847
39913
8848
28490
9579
9580
8017
39015
8018
28074
28075
40236
40238
40240
40242
40244
40246
40248
40250
40252
40254
9841
9842
9729
9730
8051
39013
8052
28091
28092
8085
39011
8086
28108
28109
9589
9590
8119
38951
8120
28125
28126
9635
9636
8749
39549
8750
28440
28441
9613
9614
9653
9654
9685
9686
9843
39155
39157
9844
28988
9519
40161
9520
40256
40258
40260
40262
40264
40266
40268
40270
40272
40274
9823
9824
9849
9850
40276
40278
40280
40282
9847
9848
28990
9853
9854
9851
9852
28209
28211
28992
9857
9858
9735
9736
40284
40286
8783
39561
8784
28457
28458
9551
9552
9855
9856
28994
9583
9584
40288
9861
9862
9741
9742
8817
40290
39911
8818
28474
28475
9619
9620
40292
9657
9658
9863
9864
28205
28998
9747
9748
9689
9690
9713
9714
40294
40296
9865
9866
9859
39545
9860
28996
9753
9754
9759
9760
9791
9792
40298
40300
40302
40304
40306
40308
40310
40312
40314
40316
9867
9868
28213
29000
9869
9870
9871
39543
9872
28997
29002
9877
9878
40318
40320
9873
9874
9879
9880
29006
9881
9882
40322
40324
40326
40328
40330
40332
40334
40336
40338
9875
39145
39147
9876
27857
29004
9885
9886
9883
9884
29007
29008
9889
9890
40340
9719
9720
40342
40344
40346
40348
40350
40352
9893
9894
9891
9892
29012
9897
9898
40354
9887
39527
39529
9888
27863
29005
29010
9901
9902
40356
9905
9906
9895
9896
29013
29014
9909
9910
40358
9913
9914
9903
9904
29018
9763
9764
9917
9918
9899
40360
40362
40357
39523
39525
9900
27869
29011
29016
9925
9926
40364
9921
9922
9907
9908
29019
29020
9929
9930
9915
9916
29024
9933
9934
9911
40366
40359
39519
39521
9912
27875
29017
29022
9937
9938
40368
9941
9942
9919
40370
40363
9920
29025
29026
9945
39875
9946
40372
9949
40374
40376
40378
40380
40382
40384
40386
40388
40390
40392
40394
40396
40398
40400
39869
9950
9927
40402
40365
9928
29030
9795
9796
9953
40404
40406
40408
40410
40412
40414
39759
9954
9923
39515
39517
9924
27881
29023
29028
9957
39719
9958
40416
40418
9961
40420
40422
39595
9962
9931
9932
29031
29032
9965
39455
9966
9969
39453
9970
9973
39451
9974
9977
39449
9978
9981
39447
9982
9985
39445
9986
9939
40424
40369
9940
29036
9989
39443
9990
9993
39441
9994
9997
39439
9998
10001
39437
10002
10005
39435
10006
9935
40426
40428
40430
40432
40434
40367
39511
39513
9936
27887
29029
29034
10009
39433
10010
10013
39431
10014
10017
39429
10018
10021
39427
10022
10033
39425
10034
10037
39423
10038
10041
39421
10042
10045
39419
10046
10049
39385
10050
9943
40436
40438
40440
40442
40444
40446
40448
40450
40452
40454
40371
9944
29037
29038
10053
39383
10054
10057
39381
10058
10025
39379
10026
10061
39377
10062
10069
39375
10070
10073
39373
10074
10077
39371
10078
10081
39369
10082
10085
39367
10086
9951
40456
40458
40460
40462
40464
40466
40468
40470
40472
40403
9952
28215
28989
29042
10089
39365
10090
10093
39363
10094
10029
39361
10030
10065
39359
10066
10105
39357
10106
9955
9956
28221
28999
29043
29044
10109
39355
10110
10113
39353
10114
10117
39351
10118
10121
39349
10122
10125
39347
10126
10097
39345
10098
10129
39343
10130
10141
39341
10142
10145
39339
10146
9947
40474
40476
40478
40480
40482
40484
40486
40488
40490
40492
40494
40496
40373
39507
39509
9948
27893
29035
29040
10149
39337
10150
10153
39335
10154
10157
39333
10158
10161
39331
10162
10101
39329
10102
10133
39327
10134
10165
39325
10166
10177
39323
10178
10181
39321
10182
9959
40498
40500
40502
40504
40506
40508
40510
40419
39503
39505
9960
27899
29041
29046
10185
39319
10186
10189
39317
10190
10193
39315
10194
10197
39303
10198
10137
39301
10138
10169
39299
10170
10201
39297
10202
10213
39295
10214
10217
39293
10218
9963
39499
39501
9964
27901
29048
9625
40315
9626
9661
9662
9693
9694
9725
40313
9726
10173
39291
10174
9967
39285
9968
29050
9767
9768
9971
9972
29052
9799
9800
9631
40311
9632
9975
39283
9976
29054
9665
9666
9979
9980
29053
29056
10205
39289
10206
10209
39287
10210
10221
39313
10222
10035
40455
10036
29084
10225
39311
10226
9983
40453
39309
9984
29058
10229
39417
10230
10233
39415
10234
40512
40514
40516
40518
40520
40522
40524
40526
40528
40530
40532
40534
40536
40538
40540
40542
40544
40546
40548
40550
40552
40554
40556
40558
40560
40562
40564
40566
40568
40570
40572
40574
40576
40578
40580
40582
40584
40586
40588
40590
40592
40594
40596
40598
40600
40602
40604
40606
40608
40610
40612
40614
40616
40618
40620
40622
40624
40626
40628
40630
40632
40634
40636
40638
40640
40642
40644
40646
40648
40650
40652
40654
40656
40658
10039
40451
10040
29085
29086
10237
39413
10238
10241
39411
10242
9987
40425
9988
29057
29060
10249
10250
10251
39409
10252
10245
39407
10246
10071
40660
40473
10072
29102
10255
39405
10256
40662
10259
39403
10260
9991
40664
40435
39401
9992
29062
10263
39495
10264
40666
40668
40670
40672
40674
40676
40678
40680
40682
40684
40686
40688
40690
40692
40694
40696
40698
40700
10043
40702
40449
10044
29087
29088
10267
39493
10268
40704
10271
39491
10272
40706
10275
39489
10276
10075
40708
40471
10076
29103
29104
10279
39487
10280
40710
10283
39485
10284
9995
40712
40433
9996
29061
29064
10291
39483
10292
40714
10295
39481
10296
40716
10299
39479
10300
10107
10108
29120
10303
39477
10304
9999
40718
40431
39475
10000
29066
10307
39589
10308
40720
40722
40724
40726
40728
40730
40732
40734
40736
40738
40740
40742
10047
40744
40447
10048
29089
29090
10311
39587
10312
40746
10315
39585
10316
10319
10320
40748
10321
39583
10322
10079
40750
40469
10080
29105
29106
10287
39581
10288
40752
10329
39579
10330
10111
10112
29121
29122
10333
39577
10334
40754
10337
39575
10338
40756
10341
39573
10342
10003
40758
40429
10004
29065
29068
10345
39571
10346
40760
10349
39569
10350
10357
10358
10143
40762
40497
10144
29138
10353
39567
10354
40764
10325
39711
10326
10007
40766
40427
39565
10008
29070
10367
39709
10368
40768
40770
40772
40774
40776
40778
40780
40782
40784
40786
40788
40790
40792
40794
40796
40798
40800
10051
40802
40445
10052
29091
29092
10371
39707
10372
40804
10375
39705
10376
10083
40806
40467
10084
29107
29108
10379
39703
10380
40808
10383
39701
10384
40810
10387
39637
10388
10115
40812
40495
10116
29123
29124
10359
39635
10360
10395
10396
40814
10391
39633
10392
10147
40816
40493
10148
29139
29140
10363
39631
10364
40818
10405
39629
10406
40820
10409
39627
10410
10011
40822
40443
10012
29069
29072
10413
39625
10414
40824
10417
39623
10418
10179
10180
29156
10421
39621
10422
40826
10425
39699
10426
10433
10434
10015
40828
40441
39619
10016
29074
10397
39697
10398
40830
40832
40834
40836
40838
40840
40842
40844
40846
40848
40850
40852
40854
40856
40858
40860
40862
40864
40866
10055
40868
40465
10056
29093
29094
10429
39695
10430
40870
10443
39693
10444
10087
40872
40463
10088
29109
29110
10447
39691
10448
40874
10451
39689
10452
40876
10455
39687
10456
10119
40878
40491
10120
29125
29126
10459
39685
10460
40880
10463
39683
10464
10151
10152
29141
29142
10401
39757
10402
10471
10472
40882
10435
39755
10436
40884
10467
39753
10468
10183
40886
40511
10184
29157
29158
10481
39681
10482
40888
10485
39679
10486
10019
40890
40439
10020
29073
29076
10489
39677
10490
40892
10493
39675
10494
40894
10497
39673
10498
10215
10216
29174
10501
39751
10502
10509
10510
10023
40896
40437
39669
10024
29049
29078
10439
39855
10440
40898
40900
40902
40904
40906
40908
40910
40912
40914
40916
40918
40920
40922
40924
40926
40928
40930
40932
40934
40936
40938
10059
40940
40461
10060
29095
29096
10473
39853
10474
40942
10519
39749
10520
40944
10523
39747
10524
10091
40946
40489
10092
29111
29112
10527
39745
10528
40948
10531
39743
10532
10123
40950
40487
10124
29127
29128
10535
39851
10536
40952
10505
39849
10506
40954
10539
39847
10540
10547
10548
10155
40956
40509
10156
29143
29144
10477
39845
10478
40958
10511
39843
10512
10187
10188
29159
29160
10543
39841
10544
40960
10561
39839
10562
40962
10565
39837
10566
10219
10220
29175
29176
10569
39835
10570
40964
10573
39833
10574
10027
40966
40459
39829
10028
29077
29080
9697
40659
9698
40968
40970
40972
40974
40976
40978
40980
40982
40984
40986
40988
40990
40992
40994
40996
40998
41000
41002
41004
41006
41008
41010
41012
41014
41016
9707
9708
10253
10254
29051
29193
10257
10258
29055
29194
29195
10063
40457
39827
10064
29097
29098
10515
40063
10516
10549
40061
10550
10553
40059
10554
10095
40485
10096
29113
29114
41018
41020
41022
41024
10557
10558
10127
40483
10128
29129
29130
10159
40507
10160
29145
29146
10577
39831
10578
10581
40057
10582
10191
10192
29161
29162
10585
40055
10586
10589
40053
10590
10593
10594
10223
10224
29177
29178
10031
40481
10032
29082
10261
10262
29059
29196
29197
10597
40051
10598
10601
40049
10602
10067
40479
10068
29083
29100
10605
40047
10606
10609
40045
10610
10613
40043
10614
10099
40477
40023
10100
29115
29116
10617
40041
10618
10621
40039
10622
10131
40475
10132
29131
29132
41026
41028
41030
41032
41034
41036
41038
41040
41042
41044
10629
40071
10630
10163
40505
10164
29147
29148
10195
10196
29163
29164
10633
40037
10634
10637
40035
10638
10641
40033
10642
10227
10228
29179
29180
10645
40031
10646
41046
10625
40029
10626
10293
41048
41017
10294
29213
10649
40027
10650
10297
41050
41015
10298
29214
29215
10653
40159
10654
41052
10657
40157
10658
41054
41056
41058
41060
41062
41064
10665
41066
41068
41070
41072
41074
41076
41078
41080
41082
41084
41086
41088
41090
41092
41094
41096
41098
41100
41102
41104
41106
41108
41110
41112
41114
41116
41118
41120
41122
41124
41126
41128
41130
41132
41134
41136
41138
41140
41142
41144
41146
41148
41150
40167
10666
10265
41013
10266
29063
29198
29199
10103
40503
10104
29101
29118
10669
40025
10670
10135
40501
40021
10136
29133
29134
10673
40155
10674
10677
40153
10678
10167
40499
10168
29149
29150
10681
40151
10682
10661
40149
10662
41152
10685
40147
10686
10199
41154
41011
10200
29165
29166
10689
40145
10690
41156
10693
40281
10694
10231
41158
41009
10232
29181
29182
10705
40143
10706
41160
10709
40141
10710
41162
10713
40139
10714
10331
41164
41007
10332
29232
41166
41168
41170
41172
41174
10701
10702
10301
41005
10302
29216
29217
10335
41003
10336
29233
29234
10717
40279
10718
10269
41001
10270
29067
29200
29201
10697
40277
10698
10721
40275
10722
10725
40273
10726
10139
40999
10140
29119
29136
10741
40271
10742
41176
10745
40269
10746
10171
41178
40997
40137
10172
29151
29152
10749
40267
10750
41180
10729
40265
10730
10203
41182
40995
10204
29167
29168
41184
41186
41188
41190
41192
10737
10738
10235
40993
10236
29183
29184
10369
40991
10370
29251
10753
40263
10754
10733
40309
10734
10305
40989
10306
29218
29219
10757
40307
10758
10761
40657
10762
10339
40987
10340
29235
29236
10777
40305
10778
41194
10781
40405
10782
41196
10785
40655
10786
10373
41198
40985
10374
29252
29253
10765
41149
10766
41200
41202
41204
41206
41208
41210
10773
10774
10273
40983
10274
29071
29202
29203
10175
40981
10176
29137
29154
9731
40261
9732
10207
40805
40257
10208
29169
29170
9771
9772
9803
9804
41212
41214
41216
41218
10813
10814
10239
40803
10240
29185
29186
10407
40821
10408
29270
8851
39615
8852
28491
28492
10789
10790
41220
41222
10817
10818
10815
10816
28983
28985
28991
29474
10821
10822
10819
10820
29476
10825
10826
10823
10824
29478
10829
10830
10827
10828
29480
10833
10834
10831
10832
28987
29482
10837
10838
10835
10836
28993
29475
29484
10841
10842
10839
10840
29481
29486
10845
10846
9637
40259
9638
10847
10848
29490
10849
10850
10843
40397
40399
10844
28223
29488
10857
10858
10851
10852
29491
29492
10853
10854
41224
41226
10861
10862
10859
10860
29496
10865
10866
41228
41230
41232
41234
41236
41238
41240
41242
41244
41246
41248
41250
41252
41254
41256
41258
41260
41262
41264
41266
41268
41270
41272
41274
41276
41278
41280
41282
41284
41286
41288
41290
10855
40393
40395
10856
28229
29489
29494
10869
10870
41292
10873
10874
10863
10864
29497
29498
10877
10878
41294
10881
10882
10871
10872
29502
9669
9670
10885
10886
10867
41296
41298
41293
40389
40391
10868
28235
29495
29500
10893
10894
41300
10889
10890
10875
10876
29503
29504
10897
10898
41302
10901
10902
10883
10884
29508
10905
10906
10879
41304
41295
40375
40377
10880
28241
29501
29506
10909
10910
10887
41306
41299
10888
29509
29510
10913
10914
41308
10917
10918
10895
41310
41301
10896
29514
9701
9702
10921
10922
10891
40421
40423
10892
28247
29507
29512
10925
10926
41312
41314
10929
10930
10899
41316
41303
10900
29515
29516
10933
40653
10934
10937
40651
10938
10941
40649
10942
10945
40647
10946
10949
40645
10950
10953
40643
10954
10957
40641
10958
10907
10908
29520
10961
40639
10962
10965
40637
10966
10969
40635
10970
10973
40633
10974
10977
40631
10978
10903
41305
40697
40699
10904
28253
29513
29518
10981
40629
10982
10985
40627
10986
10989
40625
10990
11001
40623
11002
11005
40621
11006
11009
40619
11010
11013
40617
11014
11017
40615
11018
11021
40613
11022
10911
41318
41320
41322
41324
41326
41328
41330
41332
41334
41336
41338
41340
41342
41307
10912
29521
29522
11025
40611
11026
10993
40609
10994
11029
40607
11030
11037
40605
11038
11041
40603
11042
11045
40601
11046
11049
40599
11050
11053
40597
11054
11057
40595
11058
10919
41344
41346
41348
41350
41352
41354
41311
10920
28995
29477
29479
29526
11061
40593
11062
10997
40591
10998
11033
40589
11034
11073
40587
11074
11077
40585
11078
10923
10924
29001
29483
29485
29527
29528
11081
40583
11082
11085
40581
11086
11089
40579
11090
11093
40577
11094
11065
40575
11066
11097
40573
11098
11109
40571
11110
11113
40569
11114
11117
40567
11118
10915
41356
41358
41360
41362
41364
41366
41368
41370
41372
41374
41309
40693
40695
10916
28259
29519
29524
11121
40565
11122
11125
40563
11126
11129
40561
11130
11069
40559
11070
11101
40557
11102
11133
40555
11134
11145
40553
11146
11149
40551
11150
11153
40549
11154
10927
41376
41378
41380
41382
41384
41386
41315
40689
41388
41390
40691
10928
28265
29525
29530
11157
40547
11158
11161
40545
11162
11165
40543
11166
11105
40541
11106
11137
40539
11138
11169
40537
11170
11181
40535
11182
11185
40533
11186
11189
40531
11190
10931
41392
41394
41396
41398
41400
41402
41404
41406
41408
41410
41317
41412
41414
40685
41416
41418
40687
10932
28267
29532
10769
10770
9737
40285
9738
9775
9776
9807
9808
41420
41422
41424
41426
41428
41430
41432
41434
41436
41438
41440
41442
41444
41446
41448
10935
40517
10936
29534
10793
10794
9743
40303
9744
41450
41452
41454
41456
41458
41460
41462
41464
41466
41468
41470
41472
41474
41476
41478
41480
41482
41484
41486
41488
41490
41492
41494
41496
41498
41500
41502
10939
10940
29536
9779
9780
10943
40515
10944
29538
11141
40529
11142
9811
9812
41504
41506
41508
41510
41512
41514
41516
41518
41520
41522
41524
41526
41528
41530
41532
41534
41536
41538
10947
10948
29537
29540
11173
40527
11174
11177
40525
11178
11003
11004
29568
11193
40523
11194
11197
40521
11198
10951
40513
10952
29542
11201
40519
11202
41540
41542
41544
41546
41548
41550
41552
11007
11008
29569
29570
11205
40681
11206
11209
40679
11210
11213
40677
11214
11217
11218
10955
10956
29541
29544
11219
40675
11220
11223
40673
11224
11039
11040
29586
11227
40671
11228
10959
41343
40667
10960
29546
11231
40669
11232
11235
40741
11236
41554
41556
41558
41560
41562
41564
41566
41568
41570
41572
11011
41341
11012
29571
29572
11239
40739
11240
11243
40737
11244
11043
11044
29587
29588
11247
40735
11248
41574
11251
40733
11252
41576
11255
40795
11256
10963
41578
41339
10964
29545
29548
11259
40731
11260
41580
11263
40729
11264
11075
11076
29604
11267
40727
11268
41582
11271
40725
11272
10967
41584
41337
40721
10968
29550
11275
40723
11276
41586
41588
41590
41592
41594
41596
41598
41600
41602
41604
41606
41608
11015
41610
41335
11016
29573
29574
11279
40793
11280
11287
11288
41612
11283
40791
11284
41614
11289
40789
11290
11047
11048
29589
29590
11297
40787
11298
41616
11301
40785
11302
11079
11080
29605
29606
11305
40783
11306
41618
11309
40781
11310
10971
41620
41333
10972
29549
29552
11313
40779
11314
41622
11317
40777
11318
11325
11326
41624
11321
40775
11322
41626
41628
41630
41632
41634
41636
41638
41640
41642
41644
41646
11111
11112
29622
11293
40773
11294
10975
41648
41331
40769
10976
29554
11335
40771
11336
41650
11339
40861
11340
41652
41654
41656
41658
41660
11019
41662
41329
11020
29575
29576
11343
40859
11344
41664
11347
40857
11348
11051
41666
41355
11052
29591
29592
11351
40855
11352
41668
11355
40853
11356
41670
11327
40851
11328
11363
11364
41672
41674
41676
41678
41680
41682
11083
11084
29607
29608
11359
40849
11360
41684
11331
40847
11332
11115
41686
41375
11116
29623
29624
11373
40845
11374
41688
11377
40843
11378
10979
41690
41327
10980
29553
29556
11381
40841
11382
41692
11385
40839
11386
41694
11389
40837
11390
11147
11148
29640
11393
40835
11394
11401
11402
41696
41698
41700
41702
41704
41706
41708
41710
41712
10983
41714
41325
40831
10984
29558
11365
40833
11366
41716
11397
40937
11398
41718
41720
41722
41724
11023
41726
41323
11024
29577
29578
11411
40935
11412
41728
11415
40933
11416
11055
41730
41353
11056
29593
29594
11419
40931
11420
41732
11423
40929
11424
41734
11427
40927
11428
11087
41736
41373
11088
29609
29610
11431
40925
11432
41738
11369
40923
11370
11439
11440
11119
41740
41371
11120
29625
29626
11403
40921
11404
41742
11435
40919
11436
11151
11152
29641
29642
11449
40917
11450
41744
11453
40915
11454
41746
11457
40913
11458
10987
41748
41321
10988
29557
29560
11461
40911
11462
41750
11465
40909
11466
11183
41752
41411
11184
29658
11469
40907
11470
41754
41756
41758
41760
41762
41764
41766
41768
41770
41772
41774
41776
41778
41780
41782
41784
11477
11478
41786
11407
40905
11408
41788
41790
10991
41792
41319
40899
10992
29533
29562
11441
41147
11442
41794
41796
41798
11027
41800
41351
11028
29579
29580
11487
41145
11488
41802
11491
41143
11492
41804
11495
41141
11496
11059
41806
41349
11060
29595
29596
11499
41139
11500
41808
11503
41137
11504
11091
41810
41369
11092
29611
29612
11473
41135
11474
41812
11507
41133
11508
11515
11516
41814
41816
41818
41820
41822
41824
41826
41828
11123
41830
41409
11124
29627
29628
11445
41131
11446
41832
11479
41129
11480
41834
11511
41127
11512
11155
41836
41387
11156
29643
29644
11529
41125
11530
41838
11533
41123
11534
11187
41840
41407
11188
29659
29660
11537
41121
11538
41842
11541
41119
11542
41844
11545
41117
11546
10995
41846
41347
41071
10996
29561
29564
10797
10798
41848
9749
40301
9750
11221
11222
29535
29677
11483
41115
11484
41850
41852
41854
41856
41858
41860
41862
41864
41866
41868
41870
41872
11225
11226
29539
29678
29679
9783
9784
41874
11517
41113
11518
41876
11521
41111
11522
11031
41878
41345
41069
11032
29581
29582
41880
41882
41884
41886
41888
41890
41892
41894
41896
41898
41900
41902
41904
41906
41908
41910
41912
41914
41916
41918
41920
41922
41924
41926
11525
11526
11063
41367
11064
29597
29598
11095
41365
11096
29613
29614
11549
41109
11550
11553
41107
11554
11127
41385
11128
29629
29630
41928
41930
41932
11561
11562
11159
41405
11160
29645
29646
11191
41403
11192
29661
29662
11565
41105
11566
11569
41103
11570
11573
41101
11574
10999
41363
11000
29566
11577
41099
11578
11229
11230
29543
29680
29681
11557
41097
11558
11581
41095
11582
11585
41093
11586
11035
41361
11036
29567
29584
11589
41091
11590
11601
41089
11602
11067
41359
41067
11068
29599
29600
11605
41087
11606
11609
41085
11610
41934
41936
41938
41940
41942
41944
41946
41948
41950
41952
41954
41956
11597
41958
41960
41962
41964
41966
41968
41970
41972
41151
11598
11099
41357
11100
29615
29616
11131
41383
11132
29631
29632
11613
41083
11614
11163
41401
11164
29647
29648
11593
41081
11594
11617
41079
11618
11195
11196
29663
29664
11621
41077
11622
11625
41075
11626
11261
11262
29697
11637
41289
11638
11641
41287
11642
41974
41976
41978
41980
41982
41984
41986
41988
41990
41992
41994
41996
41998
42000
42002
42004
42006
42008
11265
11266
29698
29699
11645
41285
11646
42010
42012
42014
42016
42018
42020
42022
42024
42026
11633
11634
11233
11234
29547
29682
29683
11071
41381
11072
29585
29602
11649
41283
11650
11103
41379
41233
11104
29617
29618
11629
41281
11630
11653
41279
11654
11657
41277
11658
11135
41377
11136
29633
29634
11673
41275
11674
11677
41273
11678
11167
41399
11168
29649
29650
11681
41271
11682
11661
41269
11662
42028
42030
42032
42034
42036
42038
42040
42042
42044
11669
11670
11199
11200
29665
29666
11299
11300
29716
11269
41927
11270
29700
29701
11685
41267
11686
11665
41265
11666
11303
41925
11304
29717
29718
11689
41263
11690
11693
41261
11694
11709
41259
11710
11237
41923
11238
29551
29684
29685
11713
41257
11714
11717
41255
11718
11107
41397
11108
29603
29620
11697
41253
11698
11705
11706
11139
41395
41231
11140
29635
29636
11171
41393
11172
29651
29652
11721
41251
11722
11203
41921
11204
29667
29668
11701
41249
11702
11725
41247
11726
11745
41245
11746
11337
41919
11338
29735
11749
41243
11750
11273
41917
11274
29702
29703
11729
41241
11730
42046
11753
41239
11754
42048
11733
41237
11734
11307
42050
41915
11308
29719
29720
42052
42054
42056
42058
42060
42062
42064
42066
42068
42070
42072
42074
42076
42078
11741
11742
11341
41913
11342
29736
29737
11241
41911
11242
29555
29686
29687
11757
41235
11758
11737
11738
11143
41909
11144
29621
29638
42080
42082
42084
42086
42088
42090
42092
42094
42096
42098
42100
42102
42104
42106
42108
42110
42112
42114
42116
42118
42120
42122
42124
42126
11781
11782
11761
11762
42128
42130
42132
42134
42136
42138
42140
11787
11788
11789
11790
42142
11793
11794
11175
41907
41229
11176
29653
29654
11207
41905
11208
29669
29670
42144
42146
42148
42150
11795
11796
42152
42154
11799
11800
11375
41903
11376
29754
42156
10309
40757
10310
29220
29221
42158
11801
11802
42160
11805
11806
10343
40759
10344
29237
29238
10377
40807
10378
29254
29255
42162
11807
11808
42164
11811
11812
10411
40823
10412
29271
29272
11277
41901
11278
29704
29705
42166
11813
11814
11817
11818
42168
42170
11311
41899
11312
29721
29722
11345
41897
11346
29738
29739
42172
11819
11820
11823
11824
42174
11379
41895
11380
29755
29756
7073
42176
38891
38373
38503
7074
27216
27601
27603
11829
11830
42178
11825
11826
42180
42182
7985
40387
38949
7986
27929
28058
28059
8717
40385
39465
8718
28295
28424
28425
42184
11835
11836
10277
40755
10278
29075
29204
29205
11245
41893
11246
29559
29688
29689
42186
11839
11840
7919
42188
42190
42192
42194
42196
42198
42200
42202
42204
42206
42208
42210
42212
40939
40383
38907
7920
28009
28026
7951
40867
40381
38859
38339
7952
28041
28042
42214
11843
11844
8651
42216
40801
40379
39461
8652
28375
28392
8683
40743
40355
39459
8684
28407
28408
42218
11867
11868
10211
40745
10212
29155
29172
10243
40719
10244
29187
29188
42220
11871
11872
11179
41891
11180
29639
29656
11211
41889
11212
29671
29672
42222
11875
11876
7369
38371
38501
7370
27751
8153
40339
38965
8154
28143
8885
42224
42226
40337
39909
8886
28509
42228
11847
11848
42230
10445
40979
10446
29289
42232
11413
41887
11414
29773
7121
38499
38335
38337
7122
27030
27625
27627
42234
11879
11880
42236
42238
7175
42240
38837
38369
38497
7176
27652
27654
7225
42242
38803
38367
38517
7226
27677
27679
42244
11851
11852
7275
42246
42248
42250
38785
38365
38515
7276
27702
27704
7325
42252
42254
42256
42258
42260
42262
38495
38363
38513
7326
27727
27729
42264
11883
11884
7375
38361
38511
7376
27752
27754
8021
42266
40701
38857
8022
28076
28077
42268
11855
11856
8055
42270
40415
40335
38893
8056
28093
28094
8089
42272
40413
40333
38909
8090
28110
28111
42274
11887
11888
11899
11900
42276
8123
42278
40411
42280
40331
38953
8124
28127
28128
8157
40329
38967
8158
28144
28145
42282
11859
11860
11905
11906
42284
8753
42286
40409
39557
8754
28442
28443
8787
42288
40407
40327
39601
8788
28459
28460
42290
11907
11908
42292
11911
11912
8821
42294
40401
40325
39603
8822
28476
28477
8855
42296
40323
39647
8856
28493
28494
42298
11913
11914
11917
11918
42300
8889
39649
8890
28510
28511
10313
40747
10314
29222
29223
42302
11919
11920
11923
11924
42304
42306
42308
10347
40761
10348
29239
29240
10381
40809
10382
29256
29257
42310
11925
11926
11929
11930
42312
42314
42316
42318
42320
42322
10415
40825
10416
29273
29274
10449
40875
10450
29290
29291
42324
11931
11932
42326
42328
42330
42332
42334
11935
11936
11281
41691
11282
29706
29707
11315
41665
11316
29723
29724
42336
11891
11892
42338
11941
11942
11349
41667
11350
29740
29741
11383
41693
11384
29757
29758
42340
11937
11938
11947
11948
11417
41731
11418
29774
29775
7127
38357
38855
42237
7128
27246
27604
27630
42342
11953
11954
7989
38849
7990
27933
28060
28061
8721
39467
8722
28299
28426
28427
42344
11957
11958
10281
40717
10282
29079
29206
29207
11249
41663
11250
29563
29690
29691
42346
11961
11962
7029
38471
38355
38847
7030
27531
27581
7955
38845
7956
28027
28044
42348
11965
11966
8687
39399
8688
28393
28410
10247
40715
10248
29173
29190
42350
11985
11986
11215
41623
11216
29657
29674
7425
38843
7426
27779
42352
11989
11990
8191
38975
8192
28162
8923
39907
8924
28528
10483
40977
10484
29308
11451
41885
11452
29792
42354
11993
11994
42356
42358
7181
38841
7182
27655
27657
7231
38839
7232
27680
27682
42360
11997
11998
7281
38811
7282
27705
27707
7331
38809
7332
27730
27732
42362
11969
11970
7381
38807
7382
27755
27757
7431
38805
7432
27780
27782
42364
12001
12002
8025
38851
8026
28078
28079
8059
38895
8060
28095
28096
42366
11973
11974
8093
42335
38911
8094
28112
28113
8127
42333
38955
8128
28129
28130
42368
12005
12006
12017
12018
8161
42331
38969
8162
28146
28147
8195
42323
38977
8196
28163
28164
11765
41871
11766
12023
12024
42370
42372
12025
12026
42374
42376
12029
12030
42378
8757
39551
8758
28444
28445
8791
42380
42321
39563
8792
28461
28462
42382
12031
12032
42384
12035
12036
8825
42319
39605
8826
28478
28479
8859
42386
42317
39617
8860
28495
28496
42388
12037
12038
12041
12042
42390
8893
42309
39651
8894
28512
28513
8927
42392
42307
39905
8928
28529
28530
42394
12043
12044
42396
12047
12048
10317
40749
10318
29224
29225
10351
42305
40763
10352
29241
29242
42398
12049
12050
12053
12054
42400
10385
42315
40811
10386
29258
29259
10419
42402
42313
40873
10420
29275
29276
9815
42007
9816
42404
12059
12060
10801
10802
42406
12065
12066
10453
42408
42329
40877
10454
29292
29293
11769
11770
42410
42412
42414
42416
12071
12072
10487
42327
40891
10488
29309
29310
11285
41621
11286
29708
29709
42418
12075
12076
11319
41625
11320
29725
29726
11353
41669
11354
29742
29743
42420
12079
12080
11387
41695
11388
29759
29760
11421
41733
11422
29776
29777
42422
12083
12084
11455
41747
11456
29793
29794
7133
38473
38853
7134
27582
27583
27633
42424
9825
42426
42428
42430
40317
9826
7993
38815
38899
7994
28045
28046
28063
8725
39457
39469
8726
28411
28412
28429
42432
10809
10810
10285
40683
40713
10286
29191
29192
29209
7481
38897
7482
27273
27807
8229
39009
8230
27935
28181
9755
40299
9756
9787
9788
11253
42261
41619
11254
29675
29676
29693
9819
9820
10805
10806
8961
39903
8962
28301
28547
10521
40975
10522
29081
29327
7189
38629
38901
7190
27658
27659
27661
7487
38957
7488
27324
27808
27810
8031
38863
38959
8032
28080
28081
28082
8233
38999
8234
27953
28182
28183
8763
39593
39553
8764
28446
28447
28448
8965
39729
8966
28319
28548
28549
10323
40799
40751
10324
29226
29227
29228
11489
41803
11490
29565
29811
10525
40947
10526
29099
29328
29329
11291
42259
41617
11292
29710
29711
29712
11493
41805
11494
29583
29812
29813
7237
38905
7238
27683
27685
7287
38903
7288
27708
27710
7337
38913
7338
27733
27735
7387
38915
7388
27758
27760
7437
38917
7438
27783
27785
8063
38961
8064
28097
28098
8097
38963
8098
28114
28115
8131
38971
8132
28131
28132
8165
38973
8166
28148
28149
8199
38997
8200
28165
28166
8795
39599
8796
28463
28464
8829
39607
8830
28480
28481
8863
39639
8864
28497
28498
8897
39653
8898
28514
28515
8931
39727
8932
28531
28532
10355
40765
10356
29243
29244
10389
40813
10390
29260
29261
10423
40827
10424
29277
29278
10457
42405
40879
10458
29294
29295
10491
40893
10492
29311
29312
11323
41651
11324
29727
29728
11357
41671
11358
29744
29745
11391
41729
11392
29761
29762
11425
41735
11426
29778
29779
11459
41749
11460
29795
29796
7139
42429
38979
7140
27636
7997
38991
7998
28065
8729
39555
8730
28431
10289
40753
10290
29211
11257
41615
11258
29695
7245
38627
38995
7246
27686
27687
27689
7493
39063
7494
27375
27811
27813
8069
38923
39061
8070
28099
28100
28101
8237
39165
8238
27971
28184
28185
8801
39591
39613
8802
28465
28466
28467
8969
39731
8970
28337
28550
28551
10361
40797
40815
10362
29245
29246
29247
10529
40949
10530
29117
29330
29331
11329
42257
41689
11330
29729
29730
29731
11497
41807
11498
29601
29814
29815
7195
38993
7196
27637
27664
7293
39001
7294
27711
27713
7343
39003
7344
27736
27738
7393
39005
7394
27761
27763
7443
39007
7444
27786
27788
8035
39059
8036
28066
28084
8101
39057
8102
28116
28117
8135
39055
8136
28133
28134
8169
39053
8170
28150
28151
8203
39051
8204
28167
28168
8767
39597
8768
28432
28450
8833
39609
8834
28482
28483
8867
39641
8868
28499
28500
8901
39663
8902
28516
28517
8935
39665
8936
28533
28534
10327
40767
10328
29212
29230
10393
40817
10394
29262
29263
10427
40829
10428
29279
29280
10461
40881
10462
29296
29297
10495
40895
10496
29313
29314
11295
41649
11296
29696
29714
11361
41685
11362
29746
29747
11395
41715
11396
29763
29764
11429
41737
11430
29780
29781
11463
41751
11464
29797
29798
7301
38625
39163
7302
27714
27715
27717
7499
39191
7500
27426
27814
27816
8107
38921
39397
8108
28118
28119
28120
11773
11774
42434
42436
42438
42440
42442
42444
11777
11778
42446
11783
42301
11784
42448
11831
42297
11832
42450
11863
11864
42452
11895
11896
42454
11901
42295
11902
42456
11943
42397
11944
42458
11949
42393
11950
42460
11977
11978
42462
11981
11982
42464
12009
12010
42466
12013
12014
42468
12019
42391
12020
42470
12055
42403
12056
42472
12061
42407
12062
42474
12067
42409
12068
42476
12087
42401
12088
42478
12091
12092
42480
12095
12096
42482
12099
12100
42484
12103
12104
42486
12107
12108
42488
12111
12112
42490
12115
42492
42494
42496
42498
42500
42502
42504
42506
42508
42510
42512
42514
42516
42518
42520
42522
42524
42526
42528
42431
12116
42530
12119
12120
42532
12123
12124
42534
12127
12128
42536
12131
12132
42538
12135
12136
42540
12137
12138
42542
12141
42544
42293
12142
12143
42253
42255
12144
29003
29487
30138
12145
42546
42289
12146
12147
42247
42249
12148
29009
29493
30139
30140
12149
42548
42287
12150
12151
42209
42211
12152
29015
29499
30141
30142
12153
42550
42285
12154
12155
42205
42207
12156
29021
29505
30143
30144
12157
42552
42281
12158
12159
42201
42203
12160
29027
29511
30145
30146
12161
42554
42279
12162
12163
42197
42199
12164
29033
29517
30147
30148
12165
42556
42273
12166
12167
42193
42195
12168
29039
29523
30149
30150
12169
42558
42271
12170
12171
42189
42191
12172
29045
29529
30151
30152
12173
42560
42263
12174
12175
42175
42181
12176
29047
30154
12177
41537
12178
12179
41451
12180
30156
12181
41535
12182
12183
12184
30158
12185
41533
12186
12187
41505
12188
30160
12189
41531
12190
12191
12192
30159
30162
12193
41529
12194
12195
41541
12196
30164
12197
41527
12198
12199
12200
30163
30166
12201
41525
12202
12203
41555
12204
30168
12205
41523
12206
12207
12208
30167
30170
12209
41521
12210
12211
41587
12212
30172
12213
41519
12214
12215
12216
30171
30174
12217
41517
12218
12219
41653
12220
30176
12221
41515
12222
42562
42564
42566
42568
42570
42572
42574
42576
42578
42580
42582
42584
42586
42588
42590
42592
42594
42596
42598
42600
42602
12223
12224
30175
30178
12225
41513
12226
12227
41719
12228
30180
12229
41511
12230
12231
12232
30179
30182
12233
41509
12234
12235
41795
12236
30155
30184
12237
41503
12238
12239
41851
12240
30183
30186
12241
41501
12242
12243
12244
30188
12245
41499
12246
42604
42606
42608
42610
42612
42614
42616
42618
42620
42622
12247
12248
30190
12249
41497
12250
42624
42626
12251
12252
30191
30192
12253
41495
12254
12255
12256
30193
30194
12257
41493
12258
12259
12260
30195
30196
12261
41491
12262
12263
12264
30197
30198
12265
41489
12266
12267
12268
30199
30200
12269
41487
12270
12271
12272
30201
30202
12273
41485
12274
12275
41961
12276
30203
30204
12277
41483
12278
12279
12280
30189
30206
12281
41481
12282
12283
12284
30208
12285
41479
12286
42628
42630
42632
42634
42636
42638
42640
42642
42644
42646
42648
12287
12288
30209
30210
12289
41477
12290
12291
12292
30211
30212
12293
41475
12294
12295
12296
30213
30214
12297
41473
12298
12299
12300
30215
30216
12301
41471
12302
12303
12304
30217
30218
12305
41469
12306
12307
12308
30219
30220
12309
41467
12310
12311
41959
12312
30221
30222
12313
41465
12314
12315
12316
30207
30224
12317
41463
12318
12319
12320
30226
12321
41461
12322
12323
12324
30227
30228
12325
41459
12326
12327
12328
30229
30230
12329
41457
12330
12331
12332
30231
30232
12333
41455
12334
12335
12336
30233
30234
12337
41453
12338
12339
12340
30235
30236
12341
41449
12342
12343
12344
30237
30238
12345
41447
12346
12347
42083
12348
30239
30240
12349
41445
12350
12351
12352
30225
30242
12353
41443
12354
12355
12356
30244
12357
41441
12358
42650
42652
42654
42656
42658
42660
42662
42664
42666
42668
42670
42672
42674
42676
42678
42680
42682
42684
42686
42688
42690
12359
12360
30245
30246
12361
41439
12362
12363
12364
30247
30248
12365
41437
12366
12367
12368
30249
30250
12369
41435
12370
12371
12372
30251
30252
12373
41433
12374
12375
12376
30253
30254
12377
41431
12378
12379
12380
30255
30256
12381
41429
12382
12383
42081
12384
30257
30258
12385
41507
12386
12387
12388
30243
30260
12389
41427
12390
12391
12392
30262
12393
41391
12394
12395
12396
30263
30264
12397
41389
12398
12399
12400
30265
30266
12401
41425
12402
12403
12404
30267
30268
12405
41423
12406
12407
12408
30269
30270
12409
41421
12410
12411
12412
30271
30272
12413
41419
12414
12415
12416
30273
30274
12417
41551
12418
12419
42153
12420
30275
30276
12421
41549
12422
12423
12424
30261
30278
12425
41417
12426
12427
12428
30280
12429
41415
12430
42692
42694
42696
42698
42700
42702
42704
42706
42708
42710
42712
42714
42716
42718
42720
42722
42724
42726
42728
42730
42732
12431
12432
30281
30282
12433
41413
12434
12435
12436
30283
30284
12437
41547
12438
12439
12440
30285
30286
12441
41545
12442
12443
12444
30287
30288
12445
41543
12446
12447
12448
30289
30290
12449
41571
12450
12451
12452
30291
30292
12453
41569
12454
12455
42225
12456
30293
30294
12457
41567
12458
12459
12460
30279
30296
12461
12462
12463
41565
12464
12465
12466
30157
30299
12467
41563
12468
42734
42736
42738
42740
42742
42744
42746
42748
42750
42752
42754
12469
12470
30161
30300
30301
12471
41561
12472
12473
12474
30165
30302
30303
12475
41559
12476
12477
12478
30169
30304
30305
12479
41557
12480
12481
12482
30173
30306
30307
12483
41607
12484
12485
12486
30177
30308
30309
12487
41605
12488
12489
12490
30181
30310
30311
12491
41603
12492
12493
42357
12494
30185
30312
30313
12495
41601
12496
12497
12498
30297
30298
30315
12499
41599
12500
12501
12502
30317
12503
41597
12504
12505
12506
30319
12507
41595
12508
12509
12510
30320
30321
12511
41593
12512
12513
12514
30322
30323
12515
41591
12516
12517
12518
30324
30325
12519
41589
12520
12521
12522
30326
30327
12523
41645
12524
12525
12526
30328
30329
12527
41643
12528
12529
12530
30330
30331
12531
12532
12533
41641
12534
12535
12536
30332
30333
30334
12537
41659
12538
12539
12540
30318
30336
12541
41639
12542
12543
12544
30338
12545
41637
12546
12547
12548
30339
30340
12549
41635
12550
12551
12552
30341
30342
12553
41633
12554
12555
12556
30343
30344
12557
41631
12558
12559
12560
30345
30346
12561
41629
12562
12563
12564
30347
30348
12565
41627
12566
12567
12568
30349
30350
12569
12570
12571
41681
12572
12573
12574
30351
30352
30353
12575
41711
12576
8241
39395
8242
27989
28186
28187
8839
39717
39643
8840
28484
28485
28486
12579
41657
12580
12581
12582
30357
12583
41655
12584
12585
12586
30358
30359
12587
41679
12588
12589
12590
30360
30361
12591
41677
12592
12593
12594
30362
30363
12595
41675
12596
12597
12598
30364
30365
12599
41673
12600
12601
12602
30366
30367
12603
41709
12604
12605
12606
30368
30369
12607
12608
12609
41723
12610
8973
39733
8974
28355
28552
28553
10399
40865
40869
10400
29264
29265
29266
12613
41783
12614
12617
41707
12618
12619
12620
30376
12621
41705
12622
12623
12624
30377
30378
12625
41703
12626
12627
12628
30379
30380
12629
41701
12630
12631
12632
30381
30382
12633
41699
12634
12635
12636
30383
30384
12637
41697
12638
12639
12640
30385
30386
12641
41721
12642
10533
40951
10534
29135
29332
29333
11367
42171
41717
11368
29748
29749
29750
12645
12646
12647
41781
12648
12651
41789
12652
12655
41779
12656
12657
12658
30395
12659
41777
12660
12661
12662
30396
30397
12663
41775
12664
12665
12666
30398
30399
12667
41773
12668
12669
12670
30400
30401
12671
41771
12672
12673
12674
30402
30403
12675
41769
12676
11501
41809
11502
29619
29816
29817
12611
12612
30370
30371
30372
12679
41767
12680
12683
12684
12685
41797
12686
12689
41869
12690
12693
41765
12694
12695
12696
30414
12697
41763
12698
12699
12700
30415
30416
12701
41761
12702
12703
12704
30417
30418
12705
41759
12706
12707
12708
30419
30420
12709
41757
12710
7251
42527
39161
7252
27665
27692
7349
39159
7350
27739
27741
7399
39183
7400
27764
27766
7449
39181
7450
27789
27791
8073
42525
39205
8074
28085
28103
8139
39393
8140
28135
28136
8173
39391
8174
28152
28153
8207
39389
8208
28169
28170
8805
42523
39611
8806
28451
28469
8871
39645
8872
28501
28502
8905
39655
8906
28518
28519
8939
39667
8940
28535
28536
10365
42521
40819
10366
29231
29249
10431
40871
10432
29281
29282
10465
40889
10466
29298
29299
10499
40945
10500
29315
29316
11333
42519
41687
11334
29715
29733
11399
41727
11400
29765
29766
11433
41739
11434
29782
29783
11467
41753
11468
29799
29800
12577
12578
30337
30355
12643
12644
30387
30388
12677
12678
30404
30405
12711
12712
30421
30422
12713
41755
12714
9007
42517
39901
9008
28570
42756
42758
42760
42762
42764
42766
42768
42770
42772
42774
42776
42778
42780
42782
9053
42515
39899
9054
28593
42784
42786
42788
42790
42792
42794
42796
42798
42800
42802
42804
42806
42808
42810
42812
42814
42816
42818
42820
42822
42824
42826
42828
42830
42832
42834
42836
42838
42840
42842
42844
42846
42848
42850
42852
42854
42856
42858
42860
42862
42864
42866
42868
42870
42872
42874
42876
42878
42880
42882
42884
42886
9085
42513
39897
9086
28609
42888
42890
42892
42894
42896
10563
42511
40973
10564
29348
42898
42900
11531
42509
41839
11532
29832
42902
42904
42906
42908
9013
42507
39895
9014
28571
28573
9057
42505
39803
9058
28594
28595
9089
42503
39805
9090
28610
28611
10567
42501
40971
10568
29349
29350
11535
42499
41841
11536
29833
29834
7357
38789
39387
7358
27742
27743
27745
12717
41827
12718
12721
12722
12723
41867
12724
12727
41865
12728
12731
41825
12732
12733
12734
30187
30433
12735
41823
12736
12737
12738
30205
30434
30435
12739
41821
12740
12741
12742
30223
30436
30437
12743
41819
12744
12745
12746
30241
30438
30439
12747
41817
12748
7505
39661
7506
27477
27817
27819
8145
38983
39721
8146
28137
28138
28139
12751
41815
12752
12755
41863
12756
12759
12760
12761
42005
12762
42910
12765
42003
12766
42912
42914
42916
42918
42920
42922
42924
42926
42928
42930
12769
42251
12770
12773
41861
12774
12775
12776
30454
12777
41859
12778
12779
12780
30455
30456
12781
41857
12782
8245
39735
8246
28007
28188
28189
8877
39715
39739
8878
28503
28504
28505
12785
41855
12786
12789
41853
12790
12793
42001
12794
12797
41999
12798
12801
41997
12802
42932
42934
42936
42938
42940
42942
12805
42243
12806
12809
41995
12810
8977
39765
8978
28373
28554
28555
10437
40863
40885
10438
29283
29284
29285
12813
41993
12814
12817
41991
12818
12821
41989
12822
12825
41973
12826
12829
41971
12830
12833
41969
12834
12837
41987
12838
42944
42946
42948
42950
42952
42954
42956
42958
42960
12841
42241
12842
12845
41967
12846
10537
40953
10538
29153
29334
29335
11405
42169
41743
11406
29767
29768
29769
12849
41965
12850
12853
41963
12854
12857
41985
12858
12861
41983
12862
12865
41981
12866
12869
41979
12870
12873
42139
12874
42962
42964
42966
42968
42970
42972
42974
42976
42978
12877
42980
42982
42984
42986
42988
42990
42992
42994
42996
42998
43000
43002
43004
43006
43008
43010
43012
43014
43016
43018
43020
43022
43024
43026
43028
43030
43032
43034
43036
43038
43040
43042
43044
43046
43048
43050
43052
43054
43056
43058
43060
43062
43064
43066
43068
43070
43072
43074
43076
43078
43080
42217
12878
12881
41977
12882
11505
41811
11506
29637
29818
29819
12649
12650
30389
30390
30391
12885
41975
12886
12889
42137
12890
12893
42135
12894
12897
42133
12898
12901
42131
12902
12905
42127
12906
12909
42125
12910
43082
43084
43086
43088
43090
43092
43094
43096
43098
12913
42213
12914
12917
42123
12918
12749
12750
30259
30440
30441
7307
42497
39307
7308
27693
27720
7405
39305
7406
27767
27769
7455
39657
7456
27792
27794
8111
42495
39659
8112
28104
28122
8177
39723
8178
28154
28155
8211
39725
8212
28171
28172
8843
42907
39737
8844
28470
28488
8909
39763
8910
28520
28521
8943
39761
8944
28537
28538
10403
42905
40883
10404
29250
29268
10469
40887
10470
29300
29301
10503
40897
10504
29317
29318
11371
42901
41741
11372
29734
29752
11437
41745
11438
29784
29785
11471
41787
11472
29801
29802
12615
42897
12616
30356
30374
12681
12682
30406
30407
12715
12716
30423
30424
9019
42895
39791
9020
28574
28576
9061
42893
39793
9062
28596
28597
9093
42891
39807
9094
28612
28613
10571
42887
40965
10572
29351
29352
11539
42885
41843
11540
29835
29836
12783
42883
12784
30457
30458
7413
39083
39769
7414
27770
27771
27773
12921
42121
12922
12925
42119
12926
12929
42117
12930
12933
42115
12934
12937
42113
12938
12941
42111
12942
12945
42109
12946
43100
43102
43104
12949
42183
12950
43106
12953
42107
12954
7511
43108
39789
7512
27528
27820
27822
8183
39081
39777
8184
28156
28157
28158
12957
42105
12958
43110
12961
42103
12962
43112
12965
42101
12966
43114
12969
42099
12970
43116
12973
42097
12974
43118
12977
42095
12978
43120
12981
42093
12982
43122
43124
43126
43128
43130
43132
12985
42177
12986
12989
42091
12990
8249
39779
8250
28025
28190
28191
8915
39713
39783
8916
28522
28523
28524
12993
42089
12994
12997
42087
12998
13001
42085
13002
13005
42129
13006
43134
13009
42375
13010
43136
13013
42427
13014
43138
13017
42493
13018
43140
43142
43144
43146
43148
43150
13021
13022
43152
13025
13026
43154
13029
42233
13030
43156
13033
42231
13034
43158
13037
42227
13038
43160
13041
42239
13042
43162
13045
43164
43166
43168
43170
43172
43174
43176
43178
43180
43182
43184
43186
43188
42267
13046
43190
13049
43192
43194
43196
43198
43200
43202
43204
43206
43208
43210
43212
43214
43216
43218
43220
43222
43224
43226
43228
43230
43232
43234
43236
43238
43240
43242
43244
43246
43248
43250
43252
43254
43256
43258
43260
43262
42277
13050
43264
13053
43266
42339
13054
43268
13057
13058
43270
13061
13062
43272
13065
43274
42387
13066
43276
13069
42385
13070
43278
13073
43280
42359
13074
43282
13077
43284
42381
13078
43286
13081
43288
42379
13082
43290
13085
43292
42377
13086
43294
13089
13090
43296
13093
13094
43298
13097
43300
42909
13098
43302
13101
43304
42755
13102
43306
13105
43308
42733
13106
43310
13109
43312
42529
13110
43314
13113
43316
42691
13114
43318
13117
43320
42649
13118
43322
13121
43324
42627
13122
43326
13125
43328
42623
13126
43330
13129
43332
42539
13130
43334
13133
43336
42545
13134
43338
13137
43340
42603
13138
13139
42599
42601
13140
29531
30153
30636
13141
42597
13142
13143
42573
13144
30638
13145
42595
13146
13147
13148
30640
13149
42593
13150
13151
42571
13152
30642
13153
42591
13154
13155
13156
30641
30644
13157
42589
13158
13159
42569
13160
30646
13161
42587
13162
13163
13164
30645
30648
13165
42585
13166
13167
42567
13168
30650
13169
42583
13170
13171
13172
30649
30652
13173
42581
13174
13175
42565
13176
30654
13177
42579
13178
13179
13180
30653
30656
13181
42577
13182
13183
42563
13184
30658
13185
42575
13186
13187
13188
30657
30660
13189
42621
13190
13191
42609
13192
30662
13193
42619
13194
13195
13196
30661
30664
13197
42617
13198
13199
42607
13200
30637
30666
13201
42615
13202
13203
42605
13204
30665
30668
13205
42613
13206
13207
13208
30670
13209
42611
13210
43342
43344
43346
43348
43350
43352
43354
43356
43358
43360
43362
43364
43366
43368
43370
43372
43374
43376
43378
43380
43382
43384
43386
43388
43390
43392
43394
43396
13211
13212
30672
13213
42625
13214
43398
43400
13215
13216
30673
30674
13217
42647
13218
13219
13220
30675
30676
13221
42645
13222
13223
13224
30677
30678
13225
42643
13226
13227
13228
30679
30680
13229
42641
13230
13231
13232
30681
30682
13233
42639
13234
13235
13236
30683
30684
13237
42637
13238
13239
42629
13240
30685
30686
13241
42635
13242
13243
13244
30671
30688
13245
42633
13246
13247
13248
30690
13249
42631
13250
43402
43404
43406
43408
43410
43412
43414
43416
43418
43420
43422
13251
13252
30691
30692
13253
42689
13254
13255
13256
30693
30694
13257
42687
13258
13259
13260
30695
30696
13261
42685
13262
13263
13264
30697
30698
13265
42683
13266
13267
13268
30699
30700
13269
42681
13270
13271
13272
30701
30702
13273
42679
13274
13275
42653
13276
30703
30704
13277
42677
13278
13279
13280
30689
30706
13281
42675
13282
13283
13284
30708
13285
42673
13286
13287
13288
30709
30710
13289
42671
13290
13291
13292
30711
30712
13293
42669
13294
13295
13296
30713
30714
13297
42667
13298
13299
13300
30715
30716
13301
42665
13302
13303
13304
30717
30718
13305
42663
13306
13307
13308
30719
30720
13309
42661
13310
13311
42651
13312
30721
30722
13313
42659
13314
13315
13316
30707
30724
13317
42657
13318
13319
13320
30726
13321
42655
13322
43424
43426
43428
43430
43432
43434
43436
43438
43440
43442
43444
43446
43448
43450
43452
43454
43456
43458
43460
43462
43464
13323
13324
30727
30728
13325
42731
13326
13327
13328
30729
30730
13329
42729
13330
13331
13332
30731
30732
13333
42727
13334
13335
13336
30733
30734
13337
42725
13338
13339
13340
30735
30736
13341
42723
13342
13343
13344
30737
30738
13345
42721
13346
13347
42695
13348
30739
30740
13349
42719
13350
13351
13352
30725
30742
13353
42717
13354
13355
13356
30744
13357
42715
13358
13359
13360
30745
30746
13361
42713
13362
13363
13364
30747
30748
13365
42711
13366
13367
13368
30749
30750
13369
42709
13370
13371
13372
30751
30752
13373
42707
13374
13375
13376
30753
30754
13377
42705
13378
13379
13380
30755
30756
13381
42703
13382
13383
42693
13384
30757
30758
13385
42701
13386
13387
13388
30743
30760
13389
42699
13390
13391
13392
30762
13393
42697
13394
43466
43468
43470
43472
43474
43476
43478
43480
43482
43484
43486
43488
43490
43492
43494
43496
43498
43500
43502
43504
43506
13395
13396
30763
30764
13397
42753
13398
13399
13400
30765
30766
13401
42751
13402
13403
13404
30767
30768
13405
42749
13406
13407
13408
30769
30770
13409
42747
13410
13411
13412
30771
30772
13413
42745
13414
13415
13416
30773
30774
13417
42743
13418
13419
42735
13420
30775
30776
13421
42741
13422
13423
13424
30761
30778
13425
13426
13427
42739
13428
13429
13430
30639
30781
13431
42737
13432
43508
43510
43512
43514
43516
43518
43520
43522
43524
43526
43528
13433
13434
30643
30782
30783
13435
42875
13436
13437
13438
30647
30784
30785
13439
42873
13440
13441
13442
30651
30786
30787
13443
42871
13444
13445
13446
30655
30788
30789
13447
42869
13448
13449
13450
30659
30790
30791
13451
42867
13452
13453
13454
30663
30792
30793
13455
42865
13456
13457
42757
13458
30667
30794
30795
13459
42863
13460
13461
13462
30779
30780
30797
13463
42861
13464
13465
13466
30799
13467
42859
13468
13469
13470
30801
13471
42857
13472
13473
13474
30802
30803
13475
42855
13476
13477
13478
30804
30805
13479
42853
13480
13481
13482
30806
30807
13483
42851
13484
13485
13486
30808
30809
13487
42849
13488
13489
13490
30810
30811
13491
42847
13492
13493
13494
30812
30813
13495
13496
13497
42845
13498
13499
13500
30814
30815
30816
13501
42843
13502
13503
13504
30800
30818
13505
42841
13506
13507
13508
30820
13509
42839
13510
13511
13512
30821
30822
13513
42837
13514
13515
13516
30823
30824
13517
42835
13518
13519
13520
30825
30826
13521
42833
13522
13523
13524
30827
30828
13525
42831
13526
13527
13528
30829
30830
13529
42829
13530
13531
13532
30831
30832
13533
13534
13535
42827
13536
13537
13538
30833
30834
30835
13539
42825
13540
13541
13542
30819
30837
13543
42823
13544
13545
13546
30839
13547
42821
13548
13549
13550
30840
30841
13551
42819
13552
13553
13554
30842
30843
13555
42817
13556
13557
13558
30844
30845
13559
42815
13560
13561
13562
30846
30847
13563
42813
13564
13565
13566
30848
30849
13567
42811
13568
13569
13570
30850
30851
13571
13572
13573
42809
13574
13575
13576
30852
30853
30854
13577
42807
13578
13579
13580
30838
30856
13581
42805
13582
13583
13584
30858
13585
42803
13586
13587
13588
30859
30860
13589
42801
13590
13591
13592
30861
30862
13593
42799
13594
13595
13596
30863
30864
13597
42797
13598
13599
13600
30865
30866
13601
42795
13602
13603
13604
30867
30868
13605
42793
13606
13607
13608
30869
30870
13609
13610
13611
42791
13612
13613
13614
30871
30872
30873
13615
42789
13616
8981
39787
8982
28391
28556
28557
10475
40903
40943
10476
29302
29303
29304
13619
42787
13620
13621
13622
30877
13623
42785
13624
13625
13626
30878
30879
13627
42783
13628
13629
13630
30880
30881
13631
42781
13632
13633
13634
30882
30883
13635
42779
13636
13637
13638
30884
30885
13639
42777
13640
13641
13642
30886
30887
13643
42775
13644
13645
13646
30888
30889
13647
13648
13649
42773
13650
10541
40957
10542
29171
29336
29337
11443
41785
41801
11444
29786
29787
29788
13653
42771
13654
13657
42769
13658
13659
13660
30896
13661
42767
13662
13663
13664
30897
30898
13665
42765
13666
13667
13668
30899
30900
13669
42763
13670
13671
13672
30901
30902
13673
42761
13674
13675
13676
30903
30904
13677
42759
13678
13679
13680
30905
30906
13681
43051
13682
11509
41831
11510
29655
29820
29821
12687
42881
42929
12688
30408
30409
30410
13685
13686
13687
43049
13688
13691
43047
13692
13695
43045
13696
13697
13698
30669
30915
13699
43043
13700
43530
43532
43534
43536
13701
13702
30687
30916
30917
13703
43041
13704
13705
13706
30705
30918
30919
13707
43039
13708
13709
13710
30723
30920
30921
13711
43037
13712
13713
13714
30741
30922
30923
13715
43035
13716
12753
42927
12754
30277
30442
30443
13651
13652
30890
30891
30892
13719
43033
13720
13723
13724
13725
43031
13726
13729
43029
13730
43538
43540
43542
43544
43546
43548
43550
13733
13734
13737
43027
13738
13739
13740
30936
13741
43025
13742
13743
13744
30937
30938
13745
43023
13746
13747
13748
30939
30940
13749
43021
13750
13717
13718
30759
30924
30925
7363
43079
39767
7364
27721
27748
7461
39773
7462
27795
27797
8149
43077
39771
8150
28123
28141
8215
39775
8216
28173
28174
8881
43075
39781
8882
28489
28507
8947
39785
8948
28539
28540
10441
43073
40941
10442
29269
29287
10507
40955
10508
29319
29320
11409
43071
41793
11410
29753
29771
11475
41813
11476
29803
29804
12653
43261
42925
12654
30375
30393
12719
42923
12720
30425
30426
13617
13618
30857
30875
13683
13684
30907
30908
9025
43259
39795
9026
28577
28579
9065
43257
39797
9066
28598
28599
9097
43552
43554
43255
39809
9098
28614
28615
10575
43556
43558
43253
40967
10576
29353
29354
11543
43560
43562
43251
41845
11544
29837
29838
12787
43564
43566
43249
42941
12788
30459
30460
13751
13752
30941
30942
13753
43019
13754
7469
39077
39801
7470
27798
27799
27801
13757
43017
13758
13761
43015
13762
13765
43013
13766
13769
13770
13773
43011
13774
7517
43568
39811
7518
27579
27823
27825
8221
39075
39815
8222
28175
28176
28177
13777
43009
13778
43570
13781
43007
13782
43572
13785
43005
13786
43574
13789
43003
13790
43576
13793
43001
13794
43578
13797
42999
13798
43580
13801
42997
13802
43582
43584
43586
43588
43590
43592
13805
43594
43596
43598
43600
43602
43604
43606
43608
43610
43612
43614
43616
43618
43620
43622
43624
43626
43628
43630
43632
43634
43081
13806
13809
42995
13810
8253
39893
8254
28043
28192
28193
8953
39671
39819
8954
28541
28542
28543
13813
42993
13814
13817
42991
13818
13821
42989
13822
13825
42987
13826
43636
13829
42985
13830
43638
13833
42983
13834
43640
13837
42981
13838
43642
43644
43646
43648
43650
43652
13841
13842
13845
43229
13846
8985
39891
8986
28409
28558
28559
10513
40901
40963
10514
29321
29322
29323
13849
43227
13850
13853
43225
13854
13857
43223
13858
13861
43221
13862
43654
13865
43219
13866
43656
13869
43217
13870
43658
13873
43215
13874
43660
43662
43664
43666
43668
43670
13877
13878
13881
43213
13882
10545
40961
10546
29189
29338
29339
11481
41791
41835
11482
29805
29806
29807
13885
43211
13886
13889
43209
13890
13893
43207
13894
13897
43205
13898
43672
13901
43203
13902
43674
13905
43201
13906
43676
13909
43199
13910
43678
43680
43682
43684
43686
43688
13913
13914
13917
43197
13918
11513
41837
11514
29673
29822
29823
12725
43069
42921
12726
30427
30428
30429
13921
43195
13922
13925
43193
13926
13929
43189
13930
13933
43187
13934
43690
13937
43185
13938
43692
13941
43183
13942
43694
13945
43181
13946
43696
43698
43700
43702
43704
43706
13949
13950
13953
43179
13954
12757
42919
12758
30295
30444
30445
13689
43549
13690
30909
30910
30911
13957
43177
13958
13961
43175
13962
13965
43173
13966
13969
43171
13970
43708
13973
43169
13974
43710
13977
43167
13978
43712
13981
43165
13982
43714
43716
43718
43720
43722
43724
13985
13986
43726
13989
13990
43728
13993
13994
43730
13997
13998
43732
14001
14002
43734
14005
14006
43736
14009
43263
14010
43738
14013
43740
43742
43744
43746
43748
43750
43752
43754
43756
43758
43760
43762
43764
43766
43768
43770
43772
43774
43776
43778
43780
43782
43784
43786
43788
43790
43792
43794
43796
43798
43800
43802
43804
43806
43808
43810
43812
43814
43816
43818
43820
43822
43824
43826
43828
43830
43832
43834
43836
43838
43840
43842
43844
43846
43848
43850
43852
43854
43856
43858
43860
43862
43864
43866
43868
43870
43872
43874
43876
43878
43880
43267
14014
43882
14017
43884
43886
43888
43890
43892
43894
43896
43898
43900
43902
43904
43906
43908
43910
43912
43914
43916
43918
43920
43922
43924
43926
43928
43529
14018
43930
14021
43932
43934
43936
43938
43940
43507
14022
43942
14025
43944
43946
43948
43950
43952
43954
43275
14026
43956
14029
43958
43465
14030
43960
14033
43962
43964
43966
43968
43970
43281
14034
43972
14037
43974
43976
43285
14038
43978
14041
43980
43982
43984
43289
14042
43986
14045
43988
43990
43293
14046
43992
14049
43994
43996
43998
44000
43423
14050
44002
14053
44004
43401
14054
44006
14057
44008
43301
14058
44010
14061
44012
43305
14062
44014
14065
44016
43309
14066
44018
14069
44020
43313
14070
44022
14073
44024
43317
14074
44026
14077
44028
43321
14078
44030
14081
44032
43325
14082
44034
14085
44036
43329
14086
44038
14089
44040
43333
14090
44042
14093
44044
43337
14094
44046
14097
44048
43341
14098
44050
14101
14102
44052
14103
14104
44054
14107
14108
44056
14109
14110
44058
14113
14114
44060
14115
14116
44062
14119
14120
44064
14121
14122
44066
14125
14126
44068
14127
14128
44070
14131
14132
44072
14135
14136
44074
14139
14140
44076
14143
14144
44078
14147
14148
44080
14151
14152
44082
14155
14156
44084
14159
14160
44086
14163
14164
44088
14165
14166
44090
14169
14170
44092
14171
14172
44094
14175
14176
44096
14177
14178
44098
14181
14182
44100
14183
14184
44102
14187
14188
44104
14189
14190
44106
14193
14194
44108
14197
14198
44110
14201
14202
44112
14205
14206
44114
14209
14210
44116
14213
14214
44118
14217
14218
44120
14221
14222
44122
14225
14226
44124
14227
14228
44126
14231
14232
44128
14233
14234
44130
14237
14238
44132
14239
14240
44134
14243
14244
44136
14245
14246
44138
14249
14250
44140
14251
14252
44142
14255
14256
44144
14259
14260
44146
14263
14264
44148
14267
14268
44150
14271
14272
44152
14275
14276
44154
14279
14280
44156
14283
14284
44158
14287
14288
44160
14289
14290
44162
14293
14294
44164
14297
14298
44166
14301
14302
44168
14305
14306
44170
14309
14310
44172
14313
14314
44174
14317
14318
13721
43547
13722
30777
30926
30927
7419
43247
39799
7420
27749
27776
44176
14321
14322
8187
43245
39813
8188
28142
28160
8919
43243
39817
8920
28508
28526
44178
14325
14326
10479
44029
40959
10480
29288
29306
11447
44009
41833
11448
29772
29790
44180
14329
14330
12691
44001
42917
12692
30394
30412
13655
43999
43545
13656
30876
30894
44182
14333
14334
9031
43997
39821
9032
28580
28582
9069
43995
39823
9070
28600
28601
44184
14337
14338
9101
43991
39825
9102
28616
28617
10579
43989
41063
10580
29355
29356
44186
14341
14342
11547
43985
41847
11548
29839
29840
12791
43983
42939
12792
30461
30462
44188
14345
14346
13755
43981
43591
13756
30943
30944
7525
39079
39877
7526
27631
27826
27827
27829
44190
14349
14350
8259
39173
39881
8260
28062
28194
28195
28196
8991
39741
39889
8992
28428
28560
28561
28562
44192
14365
14366
10551
41073
41023
10552
29208
29340
29341
29342
11519
41829
41883
11520
29692
29824
29825
29826
44194
14369
14370
12763
43067
42915
12764
30314
30446
30447
30448
13727
43977
43543
13728
30796
30928
30929
30930
44196
14373
14374
7475
43975
39871
7476
27777
27804
8225
43971
39879
8226
28161
28179
44198
14377
14378
8957
43969
39883
8958
28527
28545
10517
43967
41021
10518
29307
29325
44200
14381
14382
11485
43965
41881
11486
29791
29809
12729
43963
42911
12730
30413
30431
44202
14401
14402
13693
43959
43541
13694
30895
30913
9125
42879
39885
9126
28629
44204
14405
14406
9171
42877
39887
9172
28652
9203
42889
39969
9204
28668
10599
42899
41045
10600
29366
11567
42903
41955
11568
29850
44206
14409
44067
14410
12811
43065
42959
12812
30472
13775
43955
43589
13776
30954
9131
43063
39967
9132
28630
28632
44208
14413
44210
44063
14414
9175
43061
39965
9176
28653
28654
9207
43059
39963
9208
28669
28670
44212
14353
44214
44059
14354
10603
43057
41043
10604
29367
29368
11571
43055
41953
11572
29851
29852
44216
14385
44218
44033
14386
12815
43053
42957
12816
30473
30474
13779
44220
43953
43587
13780
30955
30956
44222
14417
44224
44037
14418
9037
39961
9038
28583
28585
9073
39959
9074
28602
28603
44226
14357
44228
44025
14358
9105
39957
9106
28618
28619
10583
41041
10584
29357
29358
44230
14389
44021
14390
11551
41931
11552
29841
29842
12795
42937
12796
30463
30464
44232
14421
44234
44041
14422
13759
43585
13760
30945
30946
7531
39955
7532
27805
27832
44236
14361
44238
44005
14362
8263
39953
8264
28180
28198
44240
14393
44013
14394
8995
39951
8996
28546
28564
10555
41019
10556
29326
29344
44242
14425
44244
44045
14426
11523
41879
11524
29810
29828
12767
42913
12768
30432
30450
13731
43539
13732
30914
30932
9137
43241
39949
9138
28633
28635
9179
43239
39947
9180
28655
28656
9211
43237
39945
9212
28671
28672
10607
43235
41039
10608
29369
29370
11575
43233
41951
11576
29853
29854
12819
43231
42955
12820
30475
30476
13783
43951
43573
13784
30957
30958
9043
39943
9044
28586
28588
9077
39941
9078
28604
28605
9109
39939
9110
28620
28621
10587
41037
10588
29359
29360
11555
41929
11556
29843
29844
12799
42935
12800
30465
30466
13763
43571
13764
30947
30948
9001
44246
39971
9002
28567
10559
41227
10560
29346
11527
41933
11528
29830
44248
12771
12772
30452
44250
13735
13736
30934
44252
9143
43949
40119
9144
28636
28638
9183
44254
43947
40017
9184
28657
28658
9215
43945
40015
9216
28673
28674
10611
43941
41035
10612
29371
29372
11579
43939
41949
11580
29855
29856
12823
44256
43937
42953
12824
30477
30478
13787
43935
43575
13788
30959
30960
9049
40013
9050
28589
28591
14295
44165
14296
31214
9081
40011
9082
28606
28607
9113
40009
9114
28622
28623
10591
41033
10592
29361
29362
11559
41947
11560
29845
29846
12803
42933
12804
30467
30468
13767
43569
13768
30949
30950
9149
40007
9150
28639
28641
9187
40005
9188
28659
28660
9219
40003
9220
28675
28676
10615
41031
10616
29373
29374
11583
41945
11584
29857
29858
12827
42951
12828
30479
30480
13791
43577
13792
30961
30962
9243
40001
9244
28688
9289
39999
9290
28711
9321
39997
9322
28727
10635
41061
10636
29384
11603
41943
11604
29868
44258
12847
42977
12848
30490
44260
13811
43651
13812
30972
44262
9119
40255
9120
28568
28626
10595
41223
10596
29347
29364
14397
44264
44017
14398
11563
41957
11564
29831
29848
14429
44266
44049
14430
14433
44268
44051
14434
44270
14437
44272
44055
14438
44274
14441
44276
44103
14442
44278
14445
44280
44099
14446
44282
14449
44284
44095
14450
44286
14453
44288
44087
14454
44290
14457
44292
44091
14458
44294
14461
44296
44139
14462
44298
14465
44300
44135
14466
44302
14469
44304
44131
14470
44306
14473
44308
44123
14474
44310
14477
44312
44127
14478
44314
14481
14482
44316
14485
14486
44318
14489
14490
44320
14493
44322
44159
14494
44324
14497
14498
44326
14501
14502
44328
14505
14506
44330
14509
14510
44332
14513
14514
44334
14517
14518
44336
14521
14522
44338
14525
14526
44340
14529
14530
44342
14533
14534
44344
14537
14538
44346
14541
14542
44348
14545
14546
44350
14549
14550
44352
14553
14554
12807
44354
42961
12808
30453
30470
14561
14562
13771
44356
43593
13772
30935
30952
14565
14566
44358
14569
14570
14299
44360
44167
14300
31215
31216
44362
14581
14582
14557
14558
44364
14587
14588
44366
14589
14590
44368
14593
14594
11791
44370
42943
11792
29962
14595
14596
44372
14599
14600
44374
11837
44376
42931
11838
29985
14573
14574
44378
14605
14606
44380
11869
44382
42221
11870
30001
14601
14602
44384
13031
44386
43551
13032
30582
14611
14612
44388
13995
44390
43731
13996
31064
14615
14616
44392
14331
44394
44183
14332
31232
14619
14620
44396
9249
39995
9250
28689
28691
44398
14577
14578
9293
39993
9294
28712
28713
9325
39991
9326
28728
28729
44400
14627
14628
10639
41059
10640
29385
29386
11607
41941
11608
29869
29870
44402
14631
14632
12851
42975
12852
30491
30492
13815
43649
13816
30973
30974
44404
14635
14636
9155
39989
9156
28642
28644
9191
39987
9192
28661
28662
44406
14607
14608
44408
14643
14644
9223
39985
9224
28677
28678
10619
41029
10620
29375
29376
44410
14623
14624
44412
14649
14650
11587
41939
11588
29859
29860
12831
42949
12832
30481
30482
44414
14651
14652
44416
14655
14656
13795
43579
13796
30963
30964
9255
39983
9256
28692
28694
44418
14657
14658
14661
14662
44420
9297
39981
9298
28714
28715
9329
39979
9330
28730
28731
44422
14639
14640
14667
14668
44424
10643
41057
10644
29387
29388
11611
41937
11612
29871
29872
44426
14663
14664
12855
42973
12856
30493
30494
13819
43647
13820
30975
30976
44428
14673
14674
9161
39973
9162
28645
28647
9195
39975
9196
28663
28664
44430
14677
14678
9227
39977
9228
28679
28680
10623
41027
10624
29377
29378
44432
14681
14682
11591
41935
11592
29861
29862
12835
42947
12836
30483
30484
44434
14583
14584
13799
43581
13800
30965
30966
11797
44436
42187
11798
29963
29965
14689
14690
44438
14693
14694
11841
44440
42215
11842
29986
29987
14705
14706
14697
14698
44442
44444
44446
44448
44450
44452
14711
14712
44454
14713
14714
44456
44458
44460
44462
44464
44466
44468
44470
44472
44474
14717
14718
44476
44478
11873
44480
42223
11874
30002
30003
14723
14724
14719
14720
44482
44484
44486
44488
44490
44492
44494
44496
44498
44500
44502
44504
44506
44508
44510
44512
44514
14729
14730
44516
14645
14646
13035
44518
43159
13036
30583
30584
14735
14736
44520
14739
14740
13999
44522
43733
14000
31065
31066
14751
14752
44524
14755
14756
14335
44526
44185
14336
31233
31234
14669
14670
14767
14768
44528
14685
14686
9261
40117
9262
28695
28697
9301
40115
9302
28716
28717
44530
14773
14774
9333
40113
9334
28732
28733
10647
41047
10648
29389
29390
44532
14777
14778
11615
42025
11616
29873
29874
12859
42971
12860
30495
30496
44534
14781
14782
13823
43645
13824
30977
30978
9167
40111
9168
28648
28650
44536
14785
14786
9199
40109
9200
28665
28666
9231
40107
9232
28681
28682
44538
14793
14794
10627
41049
10628
29379
29380
11595
42023
11596
29863
29864
44540
14701
14702
12839
42945
12840
30485
30486
13803
43583
13804
30967
30968
44542
14725
14726
9267
40105
9268
28698
28700
9305
40103
9306
28718
28719
44544
14743
14744
9337
40101
9338
28734
28735
10651
41051
10652
29391
29392
44546
14759
14760
11619
42021
11620
29875
29876
12863
42969
12864
30497
30498
44548
14707
14708
13827
43637
13828
30979
30980
9361
40099
9362
28747
44550
14789
14790
9407
40097
9408
28770
9439
40095
9440
28786
10671
41173
10672
29402
44552
14797
14798
11639
42019
11640
29886
12883
43097
12884
30508
13847
43669
13848
30990
44554
14801
14802
9237
44556
40121
9238
28627
28685
14805
14806
10631
44558
41065
10632
29365
29382
14813
14814
44560
14817
14818
11599
44562
42027
11600
29849
29866
14821
14822
44564
14833
14834
12843
44566
42979
12844
30471
30488
14837
14838
44568
14809
14810
13807
44570
43653
13808
30953
30970
14853
14854
44572
14825
14826
14303
44574
44169
14304
31217
31218
14841
14842
14869
14870
44576
14857
14858
44578
14875
14876
11909
44580
42299
11910
30021
14877
14878
44582
14881
14882
44584
11955
44586
42345
44515
11956
30044
14883
14884
44588
14887
14888
44590
11987
44592
42353
44513
11988
30060
14731
14732
44594
14893
14894
44596
13067
44598
43277
44511
13068
30600
14747
14748
44600
14031
44602
43961
44509
14032
31082
14899
14900
44604
14367
44606
44195
14368
31250
14903
14904
44608
9367
44610
44507
40019
9368
28748
28750
9411
44505
40073
9412
28771
28772
44612
14763
14764
9443
44503
40075
9444
28787
28788
10675
44501
41171
10676
29403
29404
44614
14829
14830
11643
44616
44499
42017
11644
29887
29888
12887
44497
43095
12888
30509
30510
44618
14915
14916
13851
44495
43667
13852
30991
30992
9273
44493
40077
9274
28701
28703
44620
14919
14920
9309
44491
40079
9310
28720
28721
9341
44622
44489
40081
9342
28736
28737
44624
14845
14846
10655
44487
41053
10656
29393
29394
11623
44485
42015
11624
29877
29878
44626
14861
14862
44628
14931
14932
12867
44479
42967
12868
30499
30500
13831
44630
44477
43639
13832
30981
30982
44632
14889
14890
14937
14938
9373
44634
44475
40083
9374
28751
28753
9415
44473
40085
9416
28773
28774
44636
14939
14940
14943
14944
44638
9447
44471
40087
9448
28789
28790
10679
44469
41169
10680
29405
29406
44640
14907
14908
14949
14950
44642
11647
44467
42013
11648
29889
29890
12891
44465
43093
12892
30511
30512
44644
14923
14924
14955
14956
44646
13855
44648
44463
43665
13856
30993
30994
44650
14945
14946
9279
44461
40089
9280
28704
28706
9313
44459
40091
9314
28722
28723
44652
14961
14962
9345
44457
40093
9346
28738
28739
10659
44453
41055
10660
29395
29396
44654
14965
14966
11627
44451
42011
11628
29879
29880
12871
44656
44449
42965
12872
30501
30502
44658
14769
14770
13835
44660
44447
43641
13836
30983
30984
11803
44662
42163
11804
29966
29968
14977
14978
44664
14981
14982
11845
44666
42219
11846
29988
29989
14849
14850
44668
44670
44672
44674
44676
44678
44680
14993
14994
44682
14865
14866
44684
44686
14999
15000
11877
44688
42229
11878
30004
30005
44690
44692
15005
15006
15001
15002
44694
15011
15012
44696
14895
14896
44698
15017
15018
11915
44700
42303
44443
44445
44483
11916
30022
30024
14911
14912
44702
15023
15024
11959
44704
42347
11960
30045
30046
14927
14928
11991
44706
42355
11992
30061
30062
14951
14952
44708
14969
14970
13039
44710
43161
13040
30585
30586
15039
15040
44712
14985
14986
13071
44714
43279
13072
30601
30602
15007
15008
44716
44718
44720
44722
44724
44726
15055
15056
44728
15027
15028
14003
44730
43735
14004
31067
31068
15043
15044
44732
14871
14872
14035
44734
43973
14036
31083
31084
15061
15062
44736
44738
44740
15077
15078
44742
14933
14934
44744
15083
15084
14339
44746
44187
14340
31235
31236
44748
44750
44752
15089
15090
14957
14958
44754
15095
15096
44756
14973
14974
44758
15101
15102
14371
44760
44197
14372
31251
31252
14989
14990
44762
15013
15014
9379
40201
9380
28754
28756
9419
40199
9420
28775
28776
44764
15031
15032
9451
40197
9452
28791
28792
10683
41167
10684
29407
29408
44766
15047
15048
11651
42043
11652
29891
29892
12895
43091
12896
30513
30514
44768
15065
15066
44770
44772
44774
44776
44778
44780
44782
44784
44786
15123
15124
13859
43663
13860
30995
30996
9285
40195
9286
28707
28709
15129
15130
44788
15085
15086
44790
44792
44794
15135
15136
9317
40193
9318
28724
28725
15141
15142
9349
40191
9350
28740
28741
44796
15107
15108
10663
41153
10664
29397
29398
11631
42041
11632
29881
29882
44798
15091
15092
12875
42963
12876
30503
30504
13839
43643
13840
30985
30986
44800
15111
15112
9385
40189
9386
28757
28759
9423
40187
9424
28777
28778
44802
14995
14996
9455
40185
9456
28793
28794
10687
41155
10688
29409
29410
44804
15019
15020
11655
42039
11656
29893
29894
12899
43089
12900
30515
30516
44806
15035
15036
13863
43655
13864
30997
30998
9479
40183
9480
28806
44808
15051
15052
9525
40181
9526
28829
9557
40179
9558
28845
10707
41161
10708
29420
44810
15069
15070
15147
15148
11675
42037
11676
29904
44812
44814
44816
44818
44820
44822
44824
44826
12919
43131
12920
30526
44828
44830
44832
44834
44836
44838
44840
44842
44844
44846
44848
44850
13883
43687
13884
31008
44852
15131
15132
44854
9355
44856
40203
9356
28686
28744
15153
15154
10667
44858
41175
10668
29383
29400
15097
15098
44860
44862
15169
15170
44864
15115
15116
44866
15175
15176
44868
11635
44870
42045
11636
29867
29884
44872
15181
15182
15137
15138
44874
15187
15188
44876
15157
15158
44878
15193
15194
12879
44880
43099
12880
30489
30506
15057
15058
44882
15073
15074
13843
44884
43671
13844
30971
30988
15177
15178
15215
15216
44886
15199
15200
15221
15222
44888
44890
14307
44892
44171
14308
31219
31220
15227
15228
15103
15104
44894
44896
44898
44900
15233
15234
44902
15119
15120
44904
15239
15240
44906
12027
44908
42383
12028
30080
15143
15144
44910
44912
15245
15246
44914
12073
44916
42419
12074
30103
15161
15162
15251
15252
44918
44920
44922
12105
44924
42487
12106
28565
30119
15183
15184
44926
15257
15258
44928
13103
44930
43307
13104
29345
30618
15203
15204
44932
15263
15264
44934
14067
44936
44019
14068
29829
31100
15079
15080
44938
15269
15270
44940
14403
44942
44205
14404
30451
30933
31268
15229
15230
15275
15276
44944
9485
40177
9486
28807
28809
9529
40123
9530
28830
28831
44946
15259
15260
15281
15282
9561
40125
9562
28846
28847
10711
41163
10712
29421
29422
44948
15125
15126
15287
15288
44950
44952
44954
11679
42035
11680
29905
29906
12923
43129
12924
30527
30528
44956
15149
15150
15293
15294
44958
44960
13887
43685
13888
31009
31010
9391
40127
9392
28760
28762
44962
15165
15166
15299
15300
44964
44966
44968
44970
44972
9427
40129
9428
28779
28780
9459
40131
9460
28795
28796
44974
15189
15190
44976
44978
44980
15305
15306
10691
41157
10692
29411
29412
11659
42033
11660
29895
29896
44982
15207
15208
15311
15312
12903
43087
12904
30517
30518
13867
43657
13868
30999
31000
44984
15235
15236
9491
40133
9492
28810
28812
9533
40135
9534
28832
28833
44986
15318
40287
15319
9565
40169
9566
28848
28849
10715
41165
10716
29423
29424
44988
15289
15290
15320
37731
37733
15321
31726
15322
15323
26132
11683
42031
11684
29907
29908
12927
43127
12928
30529
30530
44990
15326
40283
15327
15324
37729
15325
24354
24414
24477
31728
15330
15331
15328
37727
15329
31730
15334
42165
15335
15332
37725
15333
31732
15338
15339
15336
44992
44994
44996
37723
15337
26134
31734
15342
44998
45000
45002
45004
45006
45008
45010
45012
45014
45016
45018
45020
42161
15343
15340
37721
15341
26136
26141
26145
31736
15346
15347
15344
37719
15345
31738
15350
42157
15351
15348
37717
15349
31740
15354
45022
45024
42155
15355
45026
15352
38323
15353
31742
15358
15359
15356
15357
31744
15362
45028
45030
42143
15363
15360
15361
26152
26158
31746
15366
45032
45034
42547
15367
15364
38321
15365
31743
31748
15370
45036
42141
15371
45038
15265
15266
15372
15373
31752
15374
45040
42009
15375
45042
15368
37693
37809
15369
26220
31750
15382
45044
45046
45048
41873
15383
15376
15377
31753
31754
15378
45050
42549
15379
45052
15386
45054
41291
15387
15384
15385
31758
15390
45056
42551
15391
45058
15380
37691
37891
15381
26257
31751
31756
15394
41799
15395
45060
15398
45062
45064
45066
41725
15399
15388
15389
31759
31760
15402
45068
42553
15403
45070
15406
45072
41713
15407
15396
15397
31764
15295
15296
45074
15392
45076
45061
37689
37889
15393
26274
31757
31762
15410
41683
15411
15400
15401
31765
31766
15418
45078
45080
45082
41661
15419
45084
15414
45086
42555
15415
15408
15409
31770
15422
45088
41647
15423
45090
15404
45092
45071
37687
37887
15405
26291
31763
31768
15430
41609
15431
45094
15426
45096
45098
45100
42557
15427
15412
15413
31771
31772
15434
45102
41573
15435
45104
15438
45106
42559
15439
15420
45108
45085
15421
31776
15442
45110
41553
15443
45112
15416
38317
38319
15417
26308
31769
31774
15446
41539
15447
45114
15450
45116
45118
45120
42561
15451
15424
45122
45093
15425
31777
31778
15454
45124
43397
15455
15458
43395
15459
15462
43393
15463
15432
45126
45128
45130
45095
15433
31782
15466
43391
15467
15470
43389
15471
15474
43387
15475
15478
43385
15479
15482
43383
15483
45132
45134
45136
45138
45140
45142
45144
45146
15428
38313
38315
15429
26325
31775
31780
15486
43381
15487
15490
43379
15491
15494
43377
15495
15498
43375
15499
15502
43373
15503
15506
43371
15507
15510
43369
15511
15514
43367
15515
15518
43365
15519
15436
45105
15437
31783
31784
15526
43363
15527
15530
43399
15531
15534
43421
15535
15538
43419
15539
15542
43417
15543
15546
43415
15547
15550
43413
15551
15554
43411
15555
15522
43361
15523
15444
15445
26167
31741
31788
15562
43409
15563
15566
43407
15567
15570
43463
15571
15574
43461
15575
15578
43459
15579
15448
45148
45150
45152
45154
45156
45158
45160
45162
45164
45166
45168
45170
45172
45174
45176
45178
45180
45182
45115
15449
26189
31747
31789
31790
15582
43457
15583
15586
43455
15587
15558
43405
15559
15598
43453
15599
15602
43451
15603
15606
43449
15607
15610
43447
15611
15614
43445
15615
15618
43443
15619
15440
45109
38309
38311
15441
26342
31781
31786
15590
43441
15591
15622
43439
15623
15594
43437
15595
15634
43435
15635
15638
43433
15639
15642
43505
15643
15646
43503
15647
15650
43501
15651
15654
43499
15655
15452
45184
45186
45188
45190
45192
45194
45196
45198
45200
45202
45204
45206
45208
45210
45123
38305
38307
15453
26359
31787
31792
15626
43431
15627
15658
43497
15659
15630
43429
15631
15670
43495
15671
15674
43493
15675
15678
43491
15679
15682
43489
15683
15686
43487
15687
15690
43485
15691
15456
45131
38303
38623
15457
26434
31794
15171
15172
15460
45212
45129
43359
15461
31796
15195
15196
15464
45214
45127
15465
31798
15468
43357
15469
31800
45216
45218
45220
45222
45224
45226
45228
45230
45232
15472
15473
31799
31802
15211
15212
15528
15529
31830
45234
45236
45238
45240
45242
45244
45246
45248
45250
15476
43355
15477
31804
45252
45254
45256
45258
45260
45262
45264
45266
45268
45270
45272
45274
45276
45278
45280
45282
45284
45286
45288
45290
45292
45294
45296
45298
45300
45302
45304
45306
45308
45310
45312
45314
45316
45318
45320
45322
45324
45326
15532
15533
31831
31832
45328
15241
15242
15480
15481
31803
31806
15564
15565
31848
45330
15271
15272
15484
43353
15485
31808
45332
45334
45336
45338
45340
45342
45344
15536
15537
31833
31834
45346
15301
15302
15568
15569
31849
31850
15488
45183
15489
31807
31810
15662
43483
15663
15600
15601
31866
15666
43481
15667
15492
45181
43351
15493
31812
15694
43479
15695
15698
43477
15699
45348
45350
45352
45354
45356
45358
15540
45179
15541
31835
31836
15702
43475
15703
15706
43473
15707
15572
45177
15573
31851
31852
45360
15217
15218
15604
15605
31867
31868
15496
45175
15497
31811
31814
15710
43471
15711
15714
43527
15715
15636
15637
31884
15718
43525
15719
15722
43523
15723
15500
45173
43349
15501
31816
15726
43521
15727
45362
45364
45366
45368
45370
45372
45374
45376
45378
15544
45171
15545
31837
31838
15730
43519
15731
15734
43517
15735
15742
15743
45380
15744
43515
15745
15576
45169
15577
31853
31854
15738
43513
15739
15748
43511
15749
15608
15609
31869
31870
15752
43933
15753
15756
43929
15757
15760
43927
15761
15640
45211
15641
31885
31886
15764
43925
15765
15768
43923
15769
15504
45167
15505
31815
31818
15772
43921
15773
15776
43919
15777
15672
15673
31902
15784
43917
15785
45382
15788
43915
15789
45384
45386
45388
45390
45392
45394
45396
45398
45400
45402
45404
45406
45408
45410
45412
15508
45414
45165
43347
15509
31820
15792
43913
15793
45416
45418
45420
45422
45424
15548
45426
45163
15549
31839
31840
15796
43911
15797
45428
15800
43909
15801
45430
15804
43907
15805
15580
45432
45161
15581
31855
31856
15808
43905
15809
15812
15813
45434
15814
43903
15815
15612
45436
45209
15613
31871
31872
15780
43901
15781
45438
15822
43899
15823
45440
15826
43897
15827
15644
45442
45207
15645
31887
31888
15830
43895
15831
45444
15834
43893
15835
15676
15677
31903
31904
15838
43891
15839
45446
15842
43889
15843
15512
45448
45159
15513
31819
31822
15850
15851
15846
43887
15847
45450
15818
43885
15819
45452
15860
43881
15861
15708
15709
31920
15864
43879
15865
15516
45454
45157
43345
15517
31795
31824
15868
43877
15869
45456
15872
43875
15873
45458
45460
45462
45464
45466
45468
45470
45472
45474
45476
45478
45480
45482
45484
45486
45488
45490
45492
45494
45496
45498
15552
45500
45155
15553
31841
31842
15876
43873
15877
45502
15880
43871
15881
15584
45504
45205
15585
31857
31858
15852
43869
15853
15888
15889
45506
15884
43867
15885
45508
15856
43865
15857
15616
45510
45203
15617
31873
31874
15898
43863
15899
45512
15902
43861
15903
15648
45514
45201
15649
31889
31890
15906
43859
15907
45516
15910
43857
15911
15680
15681
31905
31906
15914
43855
15915
45518
15918
43853
15919
45520
15890
43851
15891
15926
15927
15712
15713
31921
31922
15922
43849
15923
45522
15894
43847
15895
15520
45524
45153
43343
15521
31823
31826
45526
45528
45530
45532
45534
45536
45538
45540
45542
45544
45546
45548
45550
45552
45554
45556
45558
45560
45562
45564
45566
45568
45570
15247
15248
15746
15747
31797
31939
45572
45574
45576
45578
45580
45582
45584
45586
45588
45590
45592
45594
45596
45598
45600
45602
15750
15751
31801
31940
31941
45604
15277
15278
15556
45151
43403
15557
31843
31844
15588
45199
15589
31859
31860
15928
43845
15929
15936
43843
15937
15620
45197
15621
31875
31876
15932
43841
15933
15940
43839
15941
15652
45195
15653
31891
31892
15944
43837
15945
15948
43835
15949
15952
43833
15953
15684
15685
31907
31908
15956
43831
15957
15960
43829
15961
15964
15965
15716
15717
31923
31924
15966
43827
15967
15970
43825
15971
15974
43823
15975
15524
45149
15525
31828
45606
15307
15308
15754
15755
31805
31942
31943
15560
45193
15561
31829
31846
15978
43821
15979
15592
45191
43427
15593
31861
31862
15982
43635
15983
15986
43633
15987
15624
45189
15625
31877
31878
15990
43631
15991
15994
43629
15995
16002
16003
15998
43627
15999
15656
45187
15657
31893
31894
16004
43625
16005
16012
43537
16013
15688
15689
31909
31910
16008
43535
16009
45608
16016
43533
16017
16020
43623
16021
15720
15721
31925
31926
16024
43621
16025
16028
43619
16029
15786
15787
31959
16032
43567
16033
16036
43565
16037
16040
16041
45610
45612
45614
45616
45618
45620
45622
45624
45626
45628
45630
45632
45634
45636
45638
45640
45642
45644
45646
45648
45650
45652
45654
45656
45658
45660
45662
45664
45666
45668
15790
45571
15791
31960
31961
16042
43563
16043
16046
43561
16047
15758
45569
15759
31809
31944
31945
45670
45672
45674
45676
45678
45680
45682
45684
45686
45688
45690
45692
45694
45696
45698
45700
45702
45704
45706
45708
45710
45712
16050
45714
45716
45718
44323
16051
15596
45185
15597
31847
31864
15628
45567
43425
15629
31879
31880
16054
43559
16055
16058
43557
16059
15660
45565
15661
31895
31896
16062
43555
16063
16066
43553
16067
16070
43617
16071
15692
45563
15693
31911
31912
16074
43615
16075
16078
43613
16079
15724
45561
15725
31927
31928
45720
45722
45724
45726
45728
45730
45732
45734
16086
44313
16087
15824
45559
15825
31978
45736
45738
45740
45742
45744
45746
45748
45750
45752
15794
45557
15795
31962
31963
16090
43611
16091
16094
43609
16095
15828
45555
15829
31979
31980
16098
43607
16099
16102
43605
16103
15762
45553
15763
31813
31946
31947
16082
43603
16083
16106
43601
16107
16110
43599
16111
15632
45551
15633
31865
31882
16114
43597
16115
45754
16126
43819
16127
15664
45756
45549
43469
15665
31897
31898
16130
43817
16131
45758
16134
43815
16135
15696
45760
45547
15697
31913
31914
45762
45764
45766
45768
45770
45772
45774
45776
45778
45780
45782
16122
45784
45786
45788
45790
45792
45794
45796
45798
45800
45802
45804
45806
44309
16123
15728
45545
15729
31929
31930
16138
43813
16139
15862
45543
15863
31997
16118
43595
16119
45808
45810
45812
15798
45541
15799
31964
31965
16142
43811
16143
45814
16146
43809
16147
15832
45816
45539
15833
31981
31982
16150
43807
16151
45818
16162
43805
16163
45820
16166
43803
16167
15866
45822
45537
15867
31998
31999
16170
43801
16171
45824
45826
45828
45830
45832
45834
16158
45836
45838
45840
45842
45844
44305
16159
45846
45848
15766
45535
15767
31817
31948
31949
15668
45533
15669
31883
31900
16174
43799
16175
15700
45531
43467
15701
31915
31916
16154
43797
16155
16178
43795
16179
16182
43793
16183
15732
45445
15733
31931
31932
16198
43791
16199
45850
16202
43789
16203
15900
45852
45513
15901
32016
16206
43787
16207
45854
16186
43785
16187
15802
45856
45443
15803
31966
31967
45858
45860
45862
45864
45866
16194
45868
45870
45872
45874
45876
45878
45880
45882
45884
44301
16195
45886
15836
45455
15837
31983
31984
15870
45457
15871
32000
32001
16210
43783
16211
16190
43781
16191
15904
45515
15905
32017
32018
16214
43779
16215
16218
43777
16219
15770
45441
15771
31821
31950
31951
16234
43775
16235
45888
16238
43773
16239
45890
16242
43771
16243
15704
45892
45431
15705
31901
31918
16222
43769
16223
45894
45896
45898
45900
45902
45904
16230
45906
45908
45910
45912
45914
45916
45918
45920
45922
44297
16231
15736
45429
43509
15737
31933
31934
15938
45833
15939
32035
15806
45433
15807
31968
31969
16246
43767
16247
16226
43765
16227
16250
43763
16251
15840
45447
15841
31985
31986
16270
43761
16271
16274
43759
16275
15874
45924
45501
15875
32002
32003
16254
43757
16255
45926
16278
43755
16279
45928
16258
43753
16259
15908
45930
45517
15909
32019
32020
45932
45934
45936
45938
45940
16266
44293
16267
45942
45944
45946
45948
45950
45952
45954
45956
45958
45960
15942
45831
15943
32036
32037
15774
45427
43531
15775
31825
31952
31953
16282
43751
16283
16262
43749
16263
15740
45415
15741
31919
31936
16286
43747
16287
45962
45964
45966
45968
16310
45970
45972
45974
45976
44289
16311
15976
45783
15977
32054
45978
15810
45435
15811
31970
31971
45980
16314
45982
44285
16315
15844
45449
15845
31987
31988
15878
45503
15879
32004
32005
45984
16318
44281
16319
45986
15912
45529
15913
32021
32022
15946
45781
15947
32038
32039
45988
16322
44277
16323
45990
15980
45779
15981
32055
32056
15778
45383
15779
31937
31938
31955
15223
44889
15224
16014
45777
16015
31827
32073
15253
44919
15254
15816
45437
15817
31972
31973
31974
16290
43745
16291
16294
43743
16295
45992
45994
45996
45998
46000
16302
46002
46004
46006
44273
16303
16018
45735
16019
31845
32074
32075
15848
45451
15849
31989
31990
16298
43741
16299
15882
45505
15883
32006
32007
46008
46010
16326
46012
46014
46016
44267
16327
15916
45519
15917
32023
32024
15950
45713
15951
32040
32041
46018
16330
44265
16331
15984
45711
15985
32057
32058
15782
45439
15783
31957
46020
16334
46022
44263
16335
15854
45497
45507
15855
31991
31992
31993
16022
45709
16023
31863
32076
32077
46024
16338
44261
16339
46026
15820
45453
15821
31958
31976
15886
45509
15887
32008
32009
46028
16346
46030
44259
16347
15920
45521
15921
32025
32026
15954
45707
15955
32042
32043
46032
16350
46034
44257
16351
15988
45705
15989
32059
32060
15892
45527
15893
32010
32011
32012
46036
16354
44255
16355
16026
45703
16027
31881
32078
32079
15858
45511
15859
31977
31995
46038
16358
44253
16359
46040
15924
45523
15925
32027
32028
15958
45701
15959
32044
32045
46042
16362
46044
44251
16363
15992
45699
15993
32061
32062
16056
45733
16057
32094
46046
16366
46048
44225
16367
46050
16060
45731
16061
32095
32096
15930
45697
15931
32029
32030
32031
46052
16370
44235
16371
16030
45695
16031
31899
32080
32081
15896
45525
15897
31996
32014
46054
16382
44221
16383
46056
15962
45693
15963
32046
32047
15996
45691
15997
32063
32064
46058
16386
46060
44219
16387
16064
45729
16065
32097
32098
15968
45689
15969
32048
32049
32050
46062
16390
44211
16391
16034
45687
16035
31917
32082
32083
15934
45685
15935
32015
32033
46064
16394
44215
16395
16000
45683
16001
32065
32066
16068
45727
16069
32099
32100
46066
16398
46068
44229
16399
16006
45681
16007
32067
32068
32069
16038
45679
16039
31935
32084
32085
46070
16402
44239
16403
15972
45677
15973
32034
32052
16072
45725
16073
32101
32102
46072
16306
44425
16307
16044
45675
16045
31954
32086
32087
32088
16010
45673
16011
32053
32071
46074
16342
44421
16343
16092
45775
16093
32112
46076
16096
45773
16097
32113
32114
16076
45723
16077
32103
32104
46078
16374
46080
44245
16375
16048
45671
16049
32072
32090
46082
16406
46084
44249
16407
16100
45771
16101
32115
32116
16080
45721
16081
32105
32106
46086
16422
44417
16423
16052
44911
44921
16053
32092
16426
46088
44413
16427
46090
16104
45769
16105
32117
32118
16084
45767
16085
32107
32108
46092
16378
46094
44409
16379
16108
45765
16109
32119
32120
16128
45763
16129
32130
16088
44723
44725
16089
32093
32110
16410
46096
44269
16411
46098
16442
46100
44397
16443
16312
46102
45981
16313
32222
16430
46104
44393
16431
46106
16132
45759
16133
32131
32132
46108
16446
46110
44389
16447
16112
45757
16113
32121
32122
16136
45761
16137
32133
32134
46112
16414
44385
16415
46114
16116
45755
16117
32123
32124
16316
46116
45985
16317
32223
32224
16462
46118
44381
16463
46120
16434
44375
16435
46122
16140
45829
16141
32135
32136
46124
16450
46126
44373
16451
16120
45827
16121
32125
32126
16144
45815
16145
32137
32138
46128
16466
44369
16467
16164
45821
16165
32148
46130
16124
46132
45835
44681
44685
16125
32111
32128
16418
44759
16419
46134
16438
46136
44699
16439
46138
16348
46140
46033
16349
32240
16454
46142
44365
16455
46144
16168
45823
16169
32149
32150
16148
45817
16149
32139
32140
46146
16470
46148
44363
16471
16172
45825
16173
32151
32152
16152
45819
16153
32141
32142
46150
16486
44649
16487
46152
16320
46154
45989
16321
32225
32226
16490
46156
46158
44643
16491
46160
16458
46162
44639
16459
16352
46164
46037
16353
32241
32242
16474
44379
16475
46166
16506
46168
44617
16507
46170
16176
45865
16177
32153
32154
16156
45863
16157
32143
32144
46172
16494
46174
46176
46178
44611
16495
16180
45861
16181
32155
32156
16200
45859
16201
32166
16160
46180
45867
44861
44863
16161
32129
32146
16510
44609
16511
46182
16478
46184
46186
46188
44605
16479
46190
16384
46192
46059
16385
28199
32258
16526
46194
46196
46198
44601
16527
46200
16204
45853
16205
32167
32168
46202
16498
46204
46206
44597
16499
16184
45851
16185
32157
32158
13891
44679
43683
13892
31011
31012
46208
16514
46210
46212
46214
44595
16515
9397
44677
40171
9398
28763
28765
9431
44675
40173
9432
28781
28782
46216
16530
46218
46220
46222
44591
16531
9463
44673
40175
9464
28797
28798
10695
44671
41159
10696
29413
29414
46224
16482
46226
46228
46230
44589
16483
11663
44657
42029
11664
29897
29898
12907
44661
43085
12908
30519
30520
46232
16502
44585
16503
46234
46236
46238
13871
44669
43659
13872
31001
31002
11809
46240
42167
44873
11810
29969
29971
16518
44583
16519
46242
16534
46244
46246
44579
16535
46248
11849
46250
42235
44899
11850
29990
29991
16550
46252
44635
16551
46254
16554
46256
44623
16555
11881
46258
42245
44891
11882
30006
30007
16522
46260
46262
46264
44631
16523
46266
16538
46268
44629
16539
11921
46270
42311
44691
11922
30025
30027
16570
46272
46274
46276
44695
16571
46278
16558
46280
44647
16559
11963
46282
42349
44721
11964
30047
30048
16574
46284
46286
46288
44693
16575
46290
16542
46292
44687
16543
11995
46294
42361
44739
11996
30063
30064
16590
44755
16591
46296
16562
44753
16563
12033
46298
42389
44719
12034
30081
30083
16578
46300
46302
46304
44727
16579
46306
16594
46308
44745
16595
12077
46310
42421
44717
12078
30104
30105
16546
44741
16547
46312
16566
16567
12109
46314
42489
44737
12110
28624
30120
30121
16582
46316
46318
46320
44795
16583
13107
46322
43311
44785
13108
29363
30619
30620
16598
46324
46326
44787
16599
46328
16614
16615
14071
46330
44023
44783
14072
29847
31101
31102
16618
16619
46332
16586
46334
46336
44941
16587
14407
46338
44207
14408
30469
30951
31269
31270
16602
44851
16603
46340
16634
46342
46344
44935
16635
13043
46346
43163
44897
13044
30587
30588
16622
44929
16623
46348
16638
46350
46352
46354
44879
16639
13075
46356
43283
44751
13076
30603
30604
16606
44927
16607
46358
16654
46360
46362
46364
44915
16655
14007
46366
43737
44895
14008
31069
31070
16626
44913
16627
46368
16642
46370
46372
46374
44923
16643
14039
46376
43979
44749
14040
31085
31086
16658
46378
46380
46382
44933
16659
46384
16610
46386
44939
16611
14343
46388
44189
14344
31237
31238
16678
46390
46392
46394
46396
44945
16679
46398
16698
16699
14375
46400
44199
14376
31253
31254
16630
46402
46404
46406
46408
44981
16631
16208
45855
16209
32169
32170
46410
16646
44973
16647
16188
45857
16189
32159
32160
9497
44781
40233
9498
28813
28815
46412
16662
16663
9537
44779
40231
9538
28834
28835
9569
44777
40229
9570
28850
28851
46414
16682
16683
10719
44775
41191
10720
29425
29426
11687
44773
42077
11688
29909
29910
46416
16718
16719
12931
44771
43125
12932
30531
30532
13895
44793
43681
13896
31013
31014
46418
16702
16703
16388
46420
46063
16389
28608
32259
32260
16739
45049
16740
26139
46422
16722
16723
16741
45017
45019
16742
32436
16743
45021
16744
16324
46424
46001
16325
32227
32228
16747
16748
26150
46426
16751
45027
16752
16749
45015
45023
16750
31729
31733
32440
16755
16756
16745
16746
31727
31731
32437
32438
16759
45025
16760
16753
45029
16754
32442
16763
45031
16764
16757
45033
16758
32444
16767
16768
16761
45423
16762
32446
16771
45035
16772
16769
16770
31737
32450
16779
45041
16780
16765
16766
31735
32448
16775
46428
46430
46432
46434
46436
46438
46440
46442
46444
46446
46448
46450
46452
46454
46456
46458
46460
46462
46464
45037
16776
16773
45421
16774
32447
32452
16783
46466
45043
16784
46468
16787
46470
45055
16788
16781
16782
32456
16791
46472
45051
16792
16785
16786
32457
32458
16795
46474
45057
16796
46476
16799
46478
45059
16800
16777
46480
46469
45045
45047
16778
26196
32454
16803
46482
46484
46486
45067
16804
16793
16794
32462
16650
46488
45499
16651
16789
45063
45065
16790
26253
32455
32460
16807
46490
46492
46494
45069
16808
16797
46496
46477
16798
32463
32464
16815
46498
45075
16816
46500
16811
46502
45073
16812
16805
16806
32468
16819
46504
45083
16820
16801
46506
46481
45079
45081
16802
26270
32461
32466
16827
46508
46510
46512
45087
16828
46514
16823
46516
45089
16824
16809
16810
32469
32470
16831
46518
45091
16832
46520
16835
46522
45103
16836
16817
46524
46501
16818
32474
16839
46526
45101
16840
16813
45097
45099
16814
26287
32467
32472
16843
46528
46530
46532
45107
16844
46534
16847
46536
45111
16848
16821
46538
46507
16822
32475
32476
16851
46540
45113
16852
46542
16666
46544
45425
16667
16829
46546
46515
16830
32480
16855
46548
45121
16856
16825
45117
45119
16826
26304
32473
32478
16859
46550
46552
46554
45125
16860
46556
16863
46558
45147
16864
16833
46560
46521
16834
32481
32482
16867
45145
16868
16871
45143
16872
16875
45141
16876
16879
45139
16880
16883
45137
16884
16887
45135
16888
16841
16842
32486
16891
45133
16892
16895
45321
16896
16899
45319
16900
16903
45317
16904
16907
45315
16908
16837
46525
45341
45343
16838
26321
32479
32484
16911
45313
16912
16915
45311
16916
16919
45309
16920
16923
45307
16924
16935
45305
16936
16939
45303
16940
16943
45301
16944
16947
45299
16948
16951
45297
16952
16845
46562
46564
46566
46568
46570
46572
46574
46576
46578
46580
46582
46584
46586
46535
16846
32487
32488
16955
45295
16956
16959
45293
16960
16927
45291
16928
16963
45289
16964
16971
45287
16972
16975
45285
16976
16979
45283
16980
16983
45281
16984
16987
45279
16988
16853
46588
46590
46592
46594
46596
46598
46543
16854
31739
32445
32492
16991
45277
16992
16995
45275
16996
16931
45273
16932
16967
45271
16968
17007
45269
17008
16857
16858
31745
32451
32493
32494
17011
45267
17012
17015
45265
17016
17019
45263
17020
17023
45261
17024
17027
45259
17028
16999
45257
17000
17031
45255
17032
17043
45251
17044
17047
45249
17048
16849
46600
46602
46604
46606
46608
46610
46612
46614
46539
45337
45339
16850
26338
32485
32490
17051
45247
17052
17055
45245
17056
17059
45243
17060
17063
45241
17064
17003
45239
17004
17035
45237
17036
17067
45235
17068
17079
45233
17080
17083
45231
17084
16861
46616
46618
46620
46622
46624
46626
46628
46630
46632
46634
46557
45327
45335
16862
26355
32491
32496
17087
45229
17088
17091
45227
17092
17095
45225
17096
17099
45223
17100
17039
45221
17040
17071
45357
17072
17103
45355
17104
17115
45377
17116
17119
45375
17120
16865
46636
46638
46640
46642
46644
46646
46648
46561
45323
45325
16866
26366
32498
16686
46650
46652
46654
46656
46658
46660
46662
46664
46666
46668
46670
46672
46674
46676
46678
46680
46682
46684
46686
46688
46690
46692
46694
46696
46698
46700
46702
46704
46706
46708
46710
46712
46714
46716
46718
46720
46722
46724
46726
46728
46730
46732
46734
46736
46738
46740
46742
46744
46746
46748
46750
46752
46754
46756
46758
46760
46762
46764
46766
46768
46770
46772
45413
16687
16869
45219
16870
32500
46774
16706
46776
46778
46780
46782
46784
45345
16707
16873
16874
32502
16877
45217
16878
32504
16881
16882
32503
32506
46786
16726
46788
46790
46792
46794
46796
46798
46800
45359
16727
16937
16938
32534
16885
45253
16886
32508
16941
16942
32535
32536
46802
16670
46804
46806
45379
16671
16889
46587
16890
32507
32510
16973
16974
32552
46808
16690
46810
45603
16691
16893
46585
45333
16894
32512
46812
46814
16945
46583
16946
32537
32538
16977
16978
32553
32554
17075
45353
17076
46816
16710
46818
46820
45719
16711
16897
46581
16898
32511
32514
17009
17010
32570
17107
45351
17108
16901
46579
45349
16902
32516
17111
45373
17112
46822
46824
46826
46828
16949
46577
16950
32539
32540
17123
45371
17124
17127
45369
17128
17131
45367
17132
16981
16982
32555
32556
17135
45365
17136
17139
45411
17140
17013
17014
32571
32572
17143
45409
17144
17147
45407
17148
17151
17152
17153
45405
17154
16905
46575
16906
32515
32518
17157
45403
17158
17161
45401
17162
17045
17046
32588
17165
45399
17166
17169
45397
17170
16909
46573
45363
16910
32520
17173
45395
17174
46830
46832
46834
46836
46838
46840
46842
46844
46846
46848
46850
46852
46854
46856
46858
46860
16953
46571
16954
32541
32542
17177
45393
17178
17181
45391
17182
16985
46599
16986
32557
32558
17185
45389
17186
46862
17189
45495
17190
17193
45387
17194
17017
17018
32573
32574
17197
45385
17198
17201
45419
17202
17049
17050
32589
32590
17205
45493
17206
17209
45491
17210
17213
45489
17214
16913
46569
16914
32519
32522
17221
17222
17217
45487
17218
17223
45485
17224
17081
46635
17082
32606
17231
45483
17232
17235
45481
17236
16917
46864
46567
45417
16918
32524
17239
45479
17240
46866
46868
46870
46872
46874
46876
46878
46880
46882
46884
46886
46888
46890
46892
46894
46896
46898
46900
16957
46902
46597
16958
32543
32544
17243
45477
17244
46904
17247
45475
17248
16989
46906
46595
16990
32559
32560
17251
45473
17252
46908
17255
45471
17256
17259
17260
46910
17227
45469
17228
17021
46912
46633
17022
32575
32576
17261
45601
17262
46914
17269
45467
17270
17053
46916
46631
17054
32591
32592
17273
45465
17274
46918
17277
45463
17278
46920
17281
45461
17282
17085
46922
46629
17086
32607
32608
17285
45599
17286
46924
17289
45597
17290
16921
46926
46565
16922
32523
32526
17297
17298
17293
45595
17294
46928
17265
45593
17266
46930
17307
45591
17308
17117
17118
32624
17311
45589
17312
46932
46934
46936
46938
46940
46942
46944
46946
46948
46950
46952
46954
46956
46958
46960
46962
46964
16925
46966
46563
45459
16926
32499
32528
17315
45587
17316
46968
46970
46972
46974
16961
46976
46593
16962
32545
32546
17319
45585
17320
46978
17323
45583
17324
46980
17327
45581
17328
16993
46982
46615
16994
32561
32562
17299
45579
17300
17335
17336
46984
17331
45577
17332
17025
46986
46613
17026
32577
32578
17303
45575
17304
46988
17345
45667
17346
46990
17349
45665
17350
17057
46992
46627
17058
32593
32594
17353
45663
17354
46994
17357
45661
17358
17089
17090
32609
32610
17361
45659
17362
46996
17365
45657
17366
46998
17337
45655
17338
17373
17374
17121
47000
46649
17122
32625
32626
17369
45653
17370
47002
17341
45651
17342
16929
47004
46591
45573
16930
32527
32530
47006
47008
47010
47012
47014
47016
47018
47020
47022
47024
47026
47028
47030
47032
47034
47036
47038
47040
47042
47044
47046
47048
16730
47050
47052
47054
47056
47058
47060
47062
47064
47066
47068
47070
47072
47074
47076
47078
47080
47082
47084
47086
45669
16731
17155
17156
32501
32643
17159
17160
32505
32644
32645
16674
46015
16675
16965
46589
45613
16966
32547
32548
17375
45649
17376
17379
45647
17380
17383
45645
17384
16997
46611
16998
32563
32564
16694
46007
16695
17387
45643
17388
17029
46609
17030
32579
32580
17391
45641
17392
17395
45639
17396
17399
45637
17400
17061
46625
17062
32595
32596
17403
45635
17404
17407
45633
17408
17411
17412
17093
46647
17094
32611
32612
17413
45631
17414
17417
45629
17418
17421
45627
17422
17125
17126
32627
32628
15283
44951
15284
17425
45625
17426
16933
46607
16934
32532
17429
45623
17430
17163
17164
32509
32646
32647
17433
45621
17434
47088
17437
45619
17438
47090
17441
45617
17442
16969
47092
46605
16970
32533
32550
17449
17450
17445
45615
17446
47094
17451
45717
17452
17001
46603
45611
17002
32565
32566
47096
47098
17459
47100
47102
47104
47106
47108
47110
47112
47114
47116
47118
47120
47122
47124
47126
47128
47130
47132
47134
47136
47138
47140
47142
47144
47146
47148
45923
17460
17033
46601
17034
32581
32582
17065
46623
17066
32597
32598
17463
45751
17464
47150
17467
45749
17468
47152
17471
45747
17472
17097
47154
46645
17098
32613
32614
17475
45745
17476
47156
17479
45743
17480
17129
17130
32629
32630
17483
45741
17484
47158
17455
45715
17456
47160
17487
45739
17488
17195
17196
32663
47162
47164
47166
47168
47170
47172
47174
47176
47178
47180
47182
47184
47186
47188
47190
47192
47194
47196
47198
47200
17495
47202
47204
47206
47208
47210
47212
47214
47216
47218
45753
17496
47220
17199
17200
32664
32665
17167
17168
32513
32648
32649
17499
45807
17500
17005
46621
17006
32551
32568
17503
45805
17504
17507
45803
17508
17037
46619
45737
17038
32583
32584
17511
45801
17512
17491
45799
17492
17515
45797
17516
17069
46617
17070
32599
32600
17519
45795
17520
17523
45793
17524
17101
46643
17102
32615
32616
17535
45791
17536
17539
45789
17540
17543
45787
17544
17133
17134
32631
32632
17531
45813
17532
17233
47049
17234
32682
47222
47224
47226
47228
47230
47232
47234
47236
47238
47240
47242
47244
47246
17203
47047
17204
32666
32667
17547
45811
17548
17237
47045
17238
32683
32684
17527
45809
17528
17551
45847
17552
47248
17555
45845
17556
17171
47250
47043
17172
32517
32650
32651
17559
45843
17560
47252
17571
45841
17572
17041
47254
46641
17042
32569
32586
17575
45839
17576
47256
17579
45837
17580
17073
47258
46639
45785
17074
32601
32602
47260
47262
47264
47266
47268
47270
47272
47274
47276
47278
17567
45849
17568
17105
46637
17106
32617
32618
17583
45885
17584
17137
47041
17138
32633
32634
17563
45883
17564
47280
17587
45881
17588
17271
47282
47039
17272
32701
17591
45879
17592
47284
47286
47288
47290
47292
47294
47296
47298
47300
47302
47304
47306
47308
47310
17207
47312
47037
17208
32668
32669
17607
45877
17608
47314
17611
45875
17612
47316
17615
45873
17616
17241
47318
47035
17242
32685
32686
17595
45871
17596
47320
47322
47324
47326
47328
47330
17603
47332
47334
47336
47338
47340
45887
17604
17275
47033
17276
32702
32703
17175
47031
17176
32521
32652
32653
17619
45921
17620
17077
47029
17078
32587
32604
17599
45919
17600
17623
45917
17624
17643
45915
17644
17109
47027
45869
17110
32619
32620
17647
45913
17648
47342
17627
45911
17628
17141
47344
47025
17142
32635
32636
17651
45909
17652
47346
17631
45907
17632
47348
47350
47352
47354
47356
47358
17639
47360
47362
47364
47366
47368
47370
47372
47374
47376
47378
45983
17640
17309
47023
17310
32720
17211
47021
17212
32670
32671
17245
47019
17246
32687
32688
17655
45959
17656
17635
45957
17636
17279
47017
17280
32704
32705
17659
45955
17660
17679
45953
17680
17313
47015
17314
32721
32722
17683
45951
17684
47380
17663
45949
17664
47382
17687
45947
17688
17179
47384
47013
17180
32525
32654
32655
17667
45945
17668
47386
47388
47390
47392
47394
47396
17675
45961
17676
47398
47400
47402
47404
47406
47408
47410
47412
47414
17113
47011
17114
32605
32622
17145
47009
45943
17146
32637
32638
17691
45977
17692
17347
46991
17348
32739
17671
45975
17672
17695
45973
17696
17215
46967
17216
32672
32673
47416
47418
47420
47422
17719
47424
47426
47428
47430
47432
45979
17720
17249
46921
17250
32689
32690
17283
46923
17284
32706
32707
47434
17723
17724
17317
46977
17318
32723
32724
17351
46993
17352
32740
32741
47436
17727
47438
45987
17728
17183
46919
45971
17184
32529
32656
32657
17149
46917
17150
32623
32640
47440
17731
45991
17732
17385
47199
17386
32758
47442
47444
17219
46907
17220
32674
32675
47446
17735
17736
17253
46909
17254
32691
32692
17287
46925
17288
32708
32709
47448
17739
47450
46023
17740
17321
46979
17322
32725
32726
17355
46995
17356
32742
32743
47452
17743
47454
46031
17744
17389
47197
17390
32759
32760
17187
46859
46905
17188
32641
32642
32659
16714
47147
16715
17699
46005
17700
17423
47195
17424
32531
32777
17703
46003
17704
17225
46899
46903
17226
32676
32677
32678
47456
47458
47460
47462
17711
47464
47466
47468
47470
46017
17712
17427
47193
17428
32549
32778
32779
17257
46911
17258
32693
32694
17707
46013
17708
47472
47474
17747
47476
47478
46027
17748
17291
46927
17292
32710
32711
17325
46981
17326
32727
32728
47480
17715
17716
17359
47007
17360
32744
32745
17393
47191
17394
32761
32762
47482
17755
46035
17756
47484
17191
46865
17192
32661
17263
46973
46915
17264
32695
32696
32697
47486
17759
17760
17431
47189
17432
32567
32780
32781
17229
46913
17230
32662
32680
47488
17763
46045
17764
47490
17295
46929
17296
32712
32713
17329
46983
17330
32729
32730
47492
17767
47494
46041
17768
17363
46997
17364
32746
32747
17397
47187
17398
32763
32764
47496
17771
46049
17772
17301
46965
46985
17302
32714
32715
32716
17435
47185
17436
32585
32782
32783
47498
17775
47500
46051
17776
17267
46931
17268
32681
32699
17333
46987
17334
32731
32732
47502
17779
47504
46061
17780
17367
46999
17368
32748
32749
17401
47183
17402
32765
32766
47506
17791
47508
46057
17792
17465
47181
17466
32798
47510
17469
47179
17470
32799
32800
17339
47085
47001
17340
32733
32734
32735
47512
17795
46207
17796
17439
47177
17440
32603
32784
32785
17305
46989
17306
32700
32718
47514
17799
47516
46149
17800
17371
47003
17372
32750
32751
17405
47175
17406
32767
32768
47518
17803
47520
46069
17804
17473
47173
17474
32801
32802
47522
17807
47524
46111
17808
17377
47083
47171
17378
32752
32753
32754
17443
47169
17444
32621
32786
32787
47526
17811
46081
17812
17343
47005
17344
32719
32737
17409
47167
17410
32769
32770
47528
17751
46077
17752
17477
47157
17478
32803
32804
17415
47155
17416
32771
32772
32773
47530
17783
47532
46085
17784
17447
47153
17448
32639
32788
32789
17381
47151
17382
32738
32756
47534
17815
47536
46095
17816
17481
47165
17482
32805
32806
17453
47099
17454
32658
32790
32791
32792
47538
17831
46089
17832
17419
47097
17420
32757
32775
17501
47329
17502
32816
17505
47327
17506
32817
32818
47540
17835
47542
46091
17836
17485
47159
17486
32807
32808
17457
47161
17458
32776
32794
47544
17787
47546
46097
17788
17509
47325
17510
32819
32820
17489
47163
17490
32809
32810
47548
17819
47550
46101
17820
17461
47552
47201
46195
46197
17462
32796
17851
46105
17852
47554
17513
47279
17514
32821
32822
17493
47277
17494
32811
32812
47556
17839
47558
46107
17840
17517
47275
17518
32823
32824
17537
47273
17538
32834
47560
17855
46119
17856
47562
17497
46453
46455
17498
32797
32814
17823
47564
46115
17824
47566
17871
47568
46127
17872
17721
17722
32926
17843
47570
46123
17844
17541
47271
17542
32835
32836
17521
47269
17522
32825
32826
47572
17859
47574
46143
17860
17545
47267
17546
32837
32838
17525
47265
17526
32827
32828
47576
17875
47578
46131
17876
17725
47580
47437
17726
32927
32928
17827
47582
46137
17828
47584
17847
47586
46139
17848
17549
47263
17550
32839
32840
17529
47261
17530
32829
32830
47588
17863
47590
46145
17864
17553
47249
17554
32841
32842
17573
47255
17574
32852
17533
47592
47435
46273
46157
17534
32815
32832
17879
47594
46159
17880
47596
17895
47598
46153
17896
17757
47600
47487
17758
32944
17899
47602
46163
17900
47604
17577
47257
17578
32853
32854
47606
17867
47608
46179
17868
17557
47251
17558
32843
32844
17581
47259
17582
32855
32856
47610
17883
46169
17884
47612
17561
47253
17562
32845
32846
17729
47614
47441
17730
32929
32930
17915
47616
46171
17916
47618
17903
47620
46199
17904
17761
47622
47489
17762
32945
32946
17919
46189
17920
47624
17887
47626
46191
17888
47628
17585
47323
17586
32857
32858
47630
17935
47632
46201
17936
17565
47281
17566
32847
32848
17589
47283
17590
32859
32860
47634
17907
46215
17908
17609
47315
17610
32870
47636
17569
47638
47331
46449
46451
17570
32833
32850
17923
47640
46223
17924
47642
17939
47644
46231
17940
17793
47646
47513
17794
27833
32962
17891
17892
47648
47650
47652
17613
47317
17614
32871
32872
17593
47313
17594
32861
32862
47654
17911
47656
47658
46239
17912
47660
16356
47662
46039
46285
16357
32243
32244
17927
17928
47664
17943
46249
17944
47666
47668
17617
47319
17618
32873
32874
9403
44791
40227
9404
28766
28768
47670
17959
46257
17960
9435
44849
40225
9436
28783
28784
9467
44847
40223
9468
28799
28800
47672
17963
47674
47676
47678
47680
47682
46265
17964
10699
44845
41189
10700
29415
29416
11667
44843
42075
11668
29899
29900
47684
17931
46269
17932
12911
44841
43083
12912
30521
30522
13875
44839
43661
13876
31003
31004
47686
17947
47688
47690
47692
47694
47696
46277
17948
17597
47321
17598
32863
32864
16212
46177
45903
16213
32171
32172
47698
17967
47700
47702
46289
17968
17797
47704
47515
17798
28592
32963
32964
17951
17952
47706
17979
46281
17980
17733
47708
47447
17734
32931
32932
17983
47710
47712
47714
47716
47718
47720
47722
47724
46293
17984
47726
17971
17972
17765
47728
47493
17766
32947
32948
17987
17988
16192
46175
45901
16193
32161
32162
47730
17955
17956
9503
44837
40221
9504
28816
28818
9541
44835
40219
9542
28836
28837
47732
17999
46309
18000
9573
44833
40217
9574
28852
28853
10723
44831
41187
10724
29427
29428
47734
18003
18004
11691
44827
42073
11692
29911
29912
12935
44825
43107
12936
30533
30534
47736
17975
46321
17976
13899
44823
43673
13900
31015
31016
9597
44821
40215
9598
28865
47738
17991
46327
17992
9643
44819
40213
9644
28888
47740
47742
47744
47746
47748
47750
47752
47754
47756
47758
47760
47762
47764
47766
9675
44817
40211
9676
28904
47768
47770
10743
44815
41185
10744
29438
47772
18007
18008
47774
47776
11711
44813
42071
11712
29922
47778
47780
12955
44829
43109
12956
30544
47782
47784
13919
44855
43705
13920
31026
47786
17995
17996
47788
47790
17621
47357
17622
32875
32876
9473
47792
40235
47794
44869
9474
28745
28803
18023
18024
47796
18027
46337
18028
47798
10703
47800
41193
47802
44867
10704
29401
29418
18011
46345
18012
47804
18043
18044
47806
11671
47808
42159
47810
44875
11672
29885
29902
18031
46355
18032
47812
18047
18048
47814
47816
12915
47818
43157
47820
44907
12916
30507
30524
18015
46365
18016
47822
18063
18064
47824
47826
13879
47828
43689
47830
44905
13880
30989
31006
18035
46375
18036
47832
18051
47834
47836
47838
46383
18052
14311
47840
44173
47842
44901
14312
31221
31222
18067
46387
18068
17601
47355
17602
32865
32866
47844
18019
46397
18020
47846
47848
47850
47852
16216
46187
45899
16217
32173
32174
9603
44971
40209
9604
28866
28868
47854
18087
18088
9647
44969
40205
9648
28889
28890
9679
44955
40207
9680
28905
28906
47856
18039
18040
10747
44953
41179
10748
29439
29440
11715
44961
42069
11716
29923
29924
47858
18055
18056
12959
44959
43111
12960
30545
30546
47860
18071
18072
13923
44967
43703
13924
31027
31028
16236
46185
45897
16237
32184
16196
47862
45905
16197
32147
32164
18107
47864
47866
47868
47870
47872
47874
47876
47878
47880
47882
47884
46409
18108
47886
18091
18092
9509
44965
40253
9510
28819
28821
47888
18111
18112
9545
44979
40251
9546
28838
28839
9577
44977
40249
9578
28854
28855
47890
18059
18060
10727
45013
41177
10728
29429
29430
11695
45011
42067
11696
29913
29914
47892
18127
18128
12939
45009
43105
12940
30535
30536
13903
45007
43675
13904
31017
31018
47894
18131
47896
47898
47900
47902
47904
47906
47908
47910
47341
18132
17625
47353
17626
32877
32878
16240
46205
45891
16241
32185
32186
47912
18075
47087
18076
47914
47916
47918
17645
47351
17646
32888
47920
47922
17605
47924
47359
17606
32851
32868
18095
46975
18096
47926
18148
47928
47930
47932
46901
18149
26165
16220
46213
45889
16221
32175
32176
9609
45005
40247
9610
28869
28871
47934
18115
47936
47938
47940
46861
18116
18150
46461
46463
18151
33140
18152
47942
47944
46821
18153
26184
9651
45003
40245
9652
28891
28892
9683
45001
40243
9684
28907
28908
47946
18156
46549
18157
26187
18154
46799
18155
33142
18160
46495
18161
26194
18158
18159
32439
32441
33144
18164
46467
18165
18162
46797
18163
33143
33146
18168
47948
47950
47952
47954
47956
46465
18169
26248
47958
18135
46807
18136
18170
18171
33150
18172
47960
46471
18173
26251
18166
46483
46485
18167
31749
33148
18180
46475
18181
26265
18174
18175
33151
33152
18184
46479
18185
26268
47962
18176
46473
18177
18182
18183
33156
18188
47964
47966
47968
46487
18189
18178
46491
46493
18179
31755
33149
33154
18192
47970
47972
47974
46489
18193
26282
47976
18196
46499
18197
26285
18186
18187
33157
33158
18200
46505
18201
47978
18204
47980
46503
18205
26299
18194
18195
33162
18079
46811
18080
18190
47982
47977
46509
46511
18191
31761
33155
33160
18208
47984
47986
47988
46513
18209
26302
18198
18199
33163
33164
18216
46517
18217
26316
47990
18212
46519
18213
18206
18207
33168
18220
47992
46523
18221
26319
18202
47994
47979
46529
46531
18203
31767
33161
33166
18228
46533
18229
26333
47996
18224
46527
18225
18210
18211
33169
33170
18232
47998
48000
48002
46537
18233
26336
48004
18236
46541
18237
18218
48006
47991
18219
33174
18240
48008
46545
18241
26350
18214
46551
46553
18215
31773
33167
33172
18244
46555
18245
26353
48010
18248
46559
18249
18222
48012
47995
18223
33175
33176
18252
48014
48016
48018
46801
18253
18256
46771
18257
18260
46769
18261
18230
48020
48022
48024
47997
18231
33180
18264
46767
18265
18268
46765
18269
18272
46763
18273
18276
46761
18277
18280
46759
18281
18226
46793
46795
18227
31779
33173
33178
18284
46757
18285
18288
46755
18289
18292
46753
18293
18296
46751
18297
18300
46749
18301
18304
46747
18305
18308
46745
18309
18312
46743
18313
18316
46741
18317
18234
48005
18235
33181
33182
18324
46739
18325
18328
46737
18329
18332
46735
18333
18336
46733
18337
18340
46731
18341
18344
46729
18345
18348
46727
18349
18352
46725
18353
18320
46723
18321
18242
18243
32443
33141
33186
18360
46721
18361
18364
46719
18365
18368
46717
18369
18372
46715
18373
18376
46713
18377
18246
48026
48028
48030
48032
48034
48036
48038
48040
48042
48044
48046
48048
48050
48052
48054
48056
48058
48060
48011
18247
32449
33145
33187
33188
18380
46711
18381
18384
46709
18385
18356
46707
18357
18396
46705
18397
18400
46703
18401
18404
46701
18405
18408
46699
18409
18412
46697
18413
18416
46695
18417
18238
48007
46785
46791
18239
31785
33179
33184
18388
46693
18389
18420
46691
18421
18392
46689
18393
18432
46687
18433
18436
46685
18437
18440
46683
18441
18444
46681
18445
18448
46679
18449
18452
46677
18453
18250
48062
48064
48066
48068
48070
48072
48074
48076
48078
48080
48082
48084
48086
48088
48013
46781
46783
18251
31791
33185
33190
18424
46675
18425
18456
46673
18457
18428
46671
18429
18468
46669
18469
18472
46667
18473
18476
46665
18477
18480
46663
18481
18484
46661
18485
18488
46659
18489
18254
48025
46773
48090
48092
46779
18255
31793
33192
18099
48094
48096
48098
48100
48102
48104
48106
48108
48110
48112
48114
48116
48118
48120
48122
48124
48126
48128
48130
48132
48134
48136
48138
48140
48142
48144
48146
48148
48150
48152
48154
48156
48158
48160
48162
48164
48166
48168
48170
48172
48174
48176
48178
48180
48182
48184
48186
48188
48190
48192
48194
48196
48198
48200
48202
48204
48206
48208
48210
46815
18100
18258
48212
48023
46777
18259
33194
18119
48214
48216
48218
48220
48222
48224
46829
18120
18262
48226
48021
18263
33196
18266
46789
18267
33198
18270
18271
33197
33200
18139
48228
48230
47149
18140
18326
18327
33228
18274
46805
18275
33202
48232
48234
18330
18331
33229
33230
18083
47145
18084
18103
47143
18104
18278
18279
33201
33204
15313
44993
15314
18460
46657
18461
18464
46819
18465
18362
18363
33246
18123
47469
18124
18282
46813
18283
33206
18492
46655
18493
18496
46827
18497
48236
48238
48240
48242
48244
48246
48248
48250
48252
18334
18335
33231
33232
18500
46825
18501
48254
18504
46653
18505
18366
18367
33247
33248
16734
16735
48256
18508
46651
18509
48258
18512
46857
18513
18286
48260
48061
18287
33205
33208
18516
46855
18517
48262
18520
46853
18521
18398
18399
33264
18524
46851
18525
48264
18528
46849
18529
18290
48059
46823
18291
33210
18532
46847
18533
18540
18541
48266
48268
48270
48272
48274
48276
48278
48280
48282
48284
48286
48288
48290
18338
48057
18339
33233
33234
18542
46845
18543
18536
46843
18537
18370
48055
18371
33249
33250
18546
46841
18547
18550
46839
18551
18554
46837
18555
18402
18403
33265
33266
18558
46835
18559
18562
46833
18563
18294
48053
18295
33209
33212
18566
46897
18567
48292
18570
46895
18571
48294
18574
46893
18575
18434
18435
33282
18582
46891
18583
18298
48296
48051
46831
18299
33214
18586
46889
18587
48298
18590
46887
18591
48300
48302
48304
48306
48308
48310
48312
48314
48316
48318
48320
48322
48324
48326
48328
18342
48330
48049
18343
33235
33236
18594
46885
18595
48332
18598
46883
18599
18374
48334
48047
18375
33251
33252
18602
46881
18603
48336
18606
46879
18607
18610
18611
18406
18407
33267
33268
18612
46877
18613
48338
18578
46875
18579
48340
18620
46873
18621
18438
48342
48089
18439
33283
33284
18624
46871
18625
48344
18628
46869
18629
18302
48346
48045
18303
33213
33216
18632
46963
18633
48348
18636
46961
18637
48350
18640
46959
18641
18648
18649
48352
48354
48356
48358
48360
48362
48364
48366
48368
48370
48372
48374
48376
18470
18471
33300
18644
46957
18645
48378
48380
18306
48382
48043
46867
18307
33218
18616
46955
18617
48384
18658
46953
18659
48386
48388
48390
48392
18346
48394
48041
18347
33237
33238
18662
46951
18663
48396
18666
46949
18667
18378
48398
48039
18379
33253
33254
18670
46947
18671
48400
18674
46945
18675
18410
48402
48087
18411
33269
33270
18678
46943
18679
48404
18650
46941
18651
18686
18687
48406
18682
46939
18683
48408
48410
48412
48414
48416
48418
48420
48422
18442
48424
48085
18443
33285
33286
18654
46937
18655
48426
18696
46935
18697
18474
18475
33301
33302
18700
46933
18701
48428
18704
46971
18705
48430
18708
47081
18709
18310
48432
48037
18311
33217
33220
18712
47079
18713
48434
18716
47077
18717
18724
18725
48436
48438
48440
48442
48444
48446
48448
48450
18506
18507
33318
18688
47075
18689
48452
18720
47073
18721
48454
48456
48458
18314
48460
48035
46969
18315
33193
33222
18734
47071
18735
48462
48464
48466
18350
48468
48033
18351
33239
33240
18738
47069
18739
48470
18742
47067
18743
18382
48472
48083
18383
33255
33256
18746
47065
18747
48474
18750
47063
18751
48476
18754
47061
18755
18414
48478
48081
18415
33271
33272
18692
47059
18693
18762
18763
48480
18726
47057
18727
18446
48482
48079
18447
33287
33288
18758
47055
18759
48484
18772
47141
18773
48486
18776
47139
18777
18478
18479
33303
33304
18780
47137
18781
48488
18784
47135
18785
18510
18511
33319
33320
18788
47133
18789
48490
18792
47131
18793
18318
48492
48031
47051
18319
33221
33224
18143
48287
18144
48494
18730
47053
18731
18544
18545
33195
33337
18548
18549
33199
33338
33339
18354
48029
47103
18355
33241
33242
18764
47129
18765
18768
47127
18769
18386
48496
48077
18387
33257
33258
18418
48075
18419
33273
33274
18450
48073
18451
33289
33290
18482
18483
33305
33306
18514
18515
33321
33322
18322
48027
18323
33226
18552
18553
33203
33340
33341
18358
48071
18359
33227
33244
18796
47125
18797
18800
18801
18802
47123
18803
18806
47121
18807
18810
47119
18811
18390
48498
48069
47101
18391
33259
33260
18422
48067
18423
33275
33276
18454
48065
18455
33291
33292
18486
18487
33307
33308
18518
18519
33323
33324
18584
18585
33357
18588
18589
33358
33359
18556
18557
33207
33342
33343
18394
48063
18395
33245
33262
18814
47117
18815
18818
47115
18819
18822
47113
18823
18826
47111
18827
18830
47109
18831
18834
47107
18835
18838
18839
48500
18840
47105
18841
48502
18844
47217
18845
48504
48506
48508
48510
48512
48514
48516
48518
48520
48522
48524
48526
48528
48530
48532
48534
48536
48538
48540
48542
48544
48546
48548
48550
48552
48554
48556
18848
48558
48560
48562
48564
48566
48568
48570
48572
48574
48576
48578
48580
48582
48584
48586
48588
48590
48592
48594
48596
48598
48600
48602
48604
48606
48608
48610
48612
48614
48616
48618
48620
48622
48624
48626
48628
48630
47219
18849
18852
47215
18853
18856
47213
18857
18860
47211
18861
18864
47209
18865
18868
47207
18869
18872
47205
18873
18876
47203
18877
18880
47245
18881
48632
48634
48636
48638
48640
48642
48644
48646
48648
18884
48650
48652
48654
48656
48658
48660
48662
48664
48666
47221
18885
18888
47243
18889
18892
47241
18893
18896
47239
18897
18900
47237
18901
18904
47235
18905
18908
47233
18909
18912
47231
18913
18916
47309
18917
48668
48670
48672
48674
48676
48678
48680
48682
48684
18920
48686
48688
48690
48692
48694
48696
48698
48700
48702
47247
18921
18924
47229
18925
18928
47227
18929
18426
47223
18427
33277
33278
18932
47225
18933
18936
47307
18937
18458
18459
33293
33294
18940
47305
18941
18944
47303
18945
18948
47301
18949
18490
18491
33309
33310
18952
47299
18953
18956
47311
18957
18522
18523
33325
33326
18622
18623
33376
18592
48557
18593
33360
33361
18960
47297
18961
18964
47295
18965
18968
47293
18969
18626
48555
18627
33377
33378
18972
47291
18973
18976
47289
18977
18560
48553
18561
33211
33344
33345
18980
47287
18981
48704
18984
47339
18985
48706
18988
47377
18989
18430
48708
48551
18431
33263
33280
18996
47337
18997
48710
19000
47335
19001
18462
48712
48549
47285
18463
33295
33296
19004
47333
19005
48714
48716
48718
48720
48722
48724
48726
48728
48730
48732
48734
48736
48738
48740
18992
48742
48744
48746
48748
48750
48752
48754
48756
48758
48760
48762
48764
48766
48768
48770
48772
48774
48776
48778
48780
48782
48784
47379
18993
18494
48547
18495
33311
33312
18526
48545
18527
33327
33328
19008
47375
19009
18660
48543
18661
33395
19012
47373
19013
19016
47371
19017
18596
48541
18597
33362
33363
19020
47369
19021
48786
48788
48790
48792
48794
19028
47433
19029
48796
48798
48800
48802
48804
18630
48539
18631
33379
33380
18664
48537
18665
33396
33397
19032
47367
19033
18564
48535
18565
33215
33346
33347
19036
47365
19037
19040
47363
19041
19044
47413
19045
18466
48397
18467
33281
33298
19024
47411
19025
48806
19048
47409
19049
18498
48808
48347
47361
18499
33313
33314
19052
47407
19053
48810
19056
47405
19057
48812
19068
47403
19069
18530
48814
48345
18531
33329
33330
19072
47401
19073
48816
19076
47399
19077
18698
48818
48533
18699
33414
48820
48822
48824
48826
48828
19064
48830
48832
48834
48836
48838
48840
48842
48844
48846
48848
48850
48852
48854
47415
19065
18600
48335
18601
33364
33365
18634
48349
18635
33381
33382
19080
47431
19081
19060
47429
19061
18668
48399
18669
33398
33399
19084
47427
19085
19088
47467
19089
18702
48429
18703
33415
33416
19092
47465
19093
48856
48858
48860
48862
48864
48866
19100
19101
18568
48333
18569
33219
33348
33349
18502
48331
18503
33299
33316
48868
19108
19109
18534
48299
47425
18535
33331
33332
18736
48531
18737
33433
48870
19112
48872
48874
48876
48878
48880
48882
48884
47439
19113
18604
48337
18605
33366
33367
18638
48351
18639
33383
33384
48886
19116
47479
19117
48888
18672
48401
18673
33400
33401
18706
48431
18707
33417
33418
48890
19120
47445
19121
48892
18740
48471
18741
33434
33435
18572
48295
47443
18573
33223
33350
33351
48894
19124
48896
48898
47451
19125
18538
48293
18539
33317
33334
18774
48487
18775
33452
48900
18608
48343
18609
33368
33369
48902
19128
48904
47455
19129
18642
48395
18643
33385
33386
18676
48403
18677
33402
33403
48906
19132
47471
19133
48908
18710
48433
18711
33419
33420
18744
48473
18745
33436
33437
48910
19144
19145
18778
48529
18779
33453
33454
18576
48289
48297
18577
33335
33336
33353
18812
48527
18813
33225
33471
18614
48381
48339
18615
33370
33371
33372
18816
48525
18817
33243
33472
33473
18646
48383
18647
33387
33388
18680
48405
18681
33404
33405
18714
48435
18715
33421
33422
18748
48475
18749
33438
33439
18782
48489
18783
33455
33456
18580
48341
18581
33355
18652
48377
48407
18653
33389
33390
33391
18820
48523
18821
33261
33474
33475
18618
48385
18619
33356
33374
18684
48425
18685
33406
33407
18718
48469
18719
33423
33424
18752
48477
18753
33440
33441
18786
48521
18787
33457
33458
18690
48423
48453
18691
33408
33409
33410
19096
47477
19097
48912
48914
19104
19105
48916
19136
47485
19137
48918
19140
19141
48920
19148
47495
19149
48922
19152
47491
19153
48924
19156
19157
48926
19160
48928
48930
47501
19161
48932
19164
48934
47505
19165
48936
19168
48938
47509
19169
18824
48519
18825
33279
33476
33477
18656
48427
18657
33375
33393
48940
19172
19173
18722
48461
18723
33425
33426
18756
48479
18757
33442
33443
48942
19176
48944
47609
19177
18790
48491
18791
33459
33460
18854
48647
18855
33492
48946
19180
48948
47511
19181
48950
18858
48645
18859
33493
33494
18728
48451
48483
18729
33427
33428
33429
48952
19184
47517
19185
18828
48517
18829
33297
33478
33479
18694
48481
18695
33394
33412
48954
19188
48956
47521
19189
18760
48485
18761
33444
33445
18794
48493
18795
33461
33462
48958
19192
48960
47525
19193
18862
48643
18863
33495
33496
18766
48629
48515
18767
33446
33447
33448
48962
19196
47537
19197
18832
48513
18833
33315
33480
33481
18732
48511
18733
33413
33431
48964
19200
48966
47533
19201
18798
48509
18799
33463
33464
18866
48641
18867
33497
33498
48968
19204
48970
47551
19205
18804
48627
48507
18805
33465
33466
33467
18836
48501
18837
33333
33482
33483
48972
19220
48974
47543
19221
18770
48497
18771
33432
33450
18870
48639
18871
33499
33500
48976
19224
47547
19225
18842
48625
48503
18843
33352
33484
33485
33486
18808
48499
18809
33451
33469
48978
19208
48980
47559
19209
18890
48683
18891
33510
18894
48681
18895
33511
33512
48982
19228
48984
47565
19229
18874
48637
18875
33501
33502
18846
48505
18847
33470
33488
48986
19212
48988
47569
19213
18898
48679
18899
33513
33514
18878
48635
18879
33503
33504
48990
19232
48992
47575
19233
18850
48994
48649
47649
47651
18851
33490
19240
48996
47555
19241
18902
48677
18903
33515
33516
18882
48633
18883
33505
33506
48998
19244
49000
47563
19245
18906
48675
18907
33517
33518
18926
48741
18927
33528
49002
19248
49004
47579
19249
18886
49006
48685
47717
47719
18887
33491
33508
19216
49008
47587
19217
19110
19111
33620
19260
49010
47571
19261
18930
48739
18931
33529
33530
49012
19264
49014
47583
19265
18910
48673
18911
33519
33520
18934
48737
18935
33531
33532
49016
19236
49018
47591
19237
18914
48671
18915
33521
33522
19114
19115
33621
33622
19252
49020
47595
19253
49022
19268
49024
47599
19269
18938
48735
18939
33533
33534
49026
19284
49028
47603
19285
18918
48669
18919
33523
33524
18942
48733
18943
33535
33536
49030
19256
49032
47617
19257
18962
48731
18963
33546
18922
49034
48887
47763
47765
18923
33509
33526
19288
49036
47605
19289
49038
19272
49040
47613
19273
19146
49042
48915
19147
33638
19292
49044
47633
19293
49046
18966
48729
18967
33547
33548
49048
19304
49050
47621
19305
18946
48727
18947
33537
33538
18970
48725
18971
33549
33550
49052
19308
47627
19309
49054
18950
48723
18951
33539
33540
19118
49056
48891
19119
33623
33624
19276
49058
47629
19277
49060
19296
49062
47641
19297
19150
49064
48923
19151
33639
33640
19324
49066
47637
19325
49068
19312
49070
47645
19313
18974
48721
18975
33551
33552
18954
48719
18955
33541
33542
49072
19328
19329
18978
48717
18979
33553
33554
18998
48711
18999
33564
49074
19280
49076
47653
19281
49078
18958
49080
48871
47713
47715
18959
33527
33544
19300
49082
47661
19301
49084
19316
19317
19182
49086
48953
19183
32091
33656
19332
19333
49088
49090
49092
19002
48713
19003
33565
33566
18982
48705
18983
33555
33556
49094
19348
47683
19349
49096
49098
49100
19006
48715
19007
33567
33568
18986
48707
18987
33557
33558
49102
19352
19353
19186
49104
48955
19187
32109
33657
33658
19320
49106
49108
49110
49112
49114
49116
47697
19321
19122
49118
48895
19123
33625
33626
19336
19337
49120
19368
19369
19154
49122
48925
19155
33641
33642
19356
19357
49124
19372
19373
19010
48793
19011
33569
33570
49126
19340
47725
19341
18990
48709
18991
33559
33560
10751
44999
41181
10752
29441
29442
49128
19360
19361
11719
44997
42065
11720
29925
29926
12963
44995
43113
12964
30547
30548
49130
19388
19389
13927
46211
43701
13928
31029
31030
19014
48791
19015
33571
33572
49132
19376
19377
17649
47659
47343
17650
32889
32890
19034
48827
19035
33582
49134
19392
19393
9515
46221
40241
9516
28822
28824
9549
46219
40239
9550
28840
28841
49136
19344
49138
49140
49142
49144
49146
49148
49150
49152
49154
49156
49158
49160
49162
49164
49166
47785
19345
9581
46229
40237
9582
28856
28857
10731
46227
41183
10732
29431
29432
49168
19364
49170
49172
49174
49176
49178
49180
49182
47781
19365
11699
46237
42063
11700
29915
29916
12943
46235
43103
12944
30537
30538
49184
19380
47771
19381
13907
46245
43677
13908
31019
31020
18994
49186
48795
47931
47933
18995
33545
33562
19396
49188
47777
19397
49190
19412
19413
17629
47657
47345
17630
32879
32880
49192
19416
49194
49196
49198
49200
49202
49204
49206
49208
47803
19417
11815
49210
42173
46247
47929
47883
47815
11816
29972
29974
19384
49212
49214
49216
47791
19385
11853
49218
42265
46253
47825
11854
29992
29993
19400
19401
49220
19432
49222
49224
49226
47811
19433
11885
49228
42269
46263
47835
11886
30008
30009
19420
19421
49230
19436
49232
49234
49236
47821
19437
11927
49238
42325
46275
47711
46447
46261
11928
30028
30030
19404
19405
49240
19452
49242
49244
49246
47831
19453
11967
49248
42351
46287
46351
11968
30049
30050
19424
49250
49252
49254
47839
19425
49256
19440
49258
47843
19441
11999
49260
42363
46305
46371
12000
30065
30066
19456
19457
49262
19408
19409
12039
49264
42395
49266
49268
46303
47761
47667
46301
12040
30084
30086
19476
19477
49270
19428
19429
12081
49272
42423
49274
49276
46319
46361
12082
30106
30107
19444
19445
49278
19496
19497
12113
49280
42491
49282
49284
46317
46379
12114
28683
30122
30123
19460
19461
49286
19480
49288
49290
48631
19481
13111
49292
43315
46325
46405
13112
29381
30621
30622
19500
49294
49296
48467
19501
14075
49298
44027
46335
46403
14076
29865
31103
31104
19448
49300
49302
48459
19449
49304
19516
49306
47911
19517
14411
49308
44209
46343
14412
30487
30969
31271
31272
19520
49310
49312
48393
19521
49314
19464
49316
47923
19465
13047
49318
43191
46353
47851
13048
30589
30590
19484
49320
49322
49324
49326
49328
48329
19485
49330
19537
49332
48291
19538
26245
13079
49334
43287
46363
46393
13080
30605
30606
19504
47957
19505
49336
19541
49338
49340
49342
49344
49346
47969
19542
26262
19539
47965
47967
19540
32453
33147
33834
19545
47975
19546
26279
19543
47971
47973
19544
32459
33153
33835
33836
19549
47981
19550
26296
49348
19553
47993
19554
26313
19547
47985
47987
19548
32465
33159
33837
33838
19557
48003
19558
26330
49350
19561
48009
19562
26347
19551
47999
48001
19552
32471
33165
33839
33840
19565
48019
19566
26364
49352
19569
48253
19570
19555
48015
48017
19556
32477
33171
33841
33842
19573
48203
19574
19577
48201
19578
19581
48199
19582
19585
48197
19586
19589
48195
19590
19593
48193
19594
19559
49354
49351
48221
48223
19560
32483
33177
33843
33844
19597
48191
19598
19601
48189
19602
19605
48187
19606
19609
48185
19610
19613
48183
19614
19617
48181
19618
19621
48179
19622
19625
48177
19626
19629
48175
19630
19563
48217
48219
19564
32489
33183
33845
33846
19633
48173
19634
19637
48171
19638
19641
48169
19642
19645
48167
19646
19649
48165
19650
19653
48163
19654
19657
48161
19658
19661
48159
19662
19665
48157
19666
19567
49356
49358
49360
49362
49364
49366
49368
49370
49372
49374
49376
49378
49380
49353
48209
48211
19568
32495
33189
33847
33848
19669
48155
19670
19673
48153
19674
19677
48151
19678
19681
48149
19682
19685
48147
19686
19689
48145
19690
19693
48143
19694
19697
48141
19698
19701
48139
19702
19571
48205
48207
19572
32497
33850
19524
49382
49384
49386
49388
49390
49392
49394
49396
49398
49400
49402
49404
49406
49408
49410
49412
49414
49416
49418
49420
49422
49424
49426
49428
49430
49432
49434
49436
49438
49440
49442
49444
49446
49448
49450
49452
47961
19525
19575
48215
19576
33852
49454
19468
49456
49458
47989
19469
19579
19580
33854
19583
48229
19584
33856
19587
19588
33855
33858
49460
19488
49462
49464
48225
19489
19591
48233
19592
33860
19595
49355
19596
33859
33862
49466
19508
49468
49470
48231
19509
19643
19644
33886
49472
19647
19648
33887
33888
19599
48237
19600
33864
49474
19528
49476
49478
48235
19529
19679
19680
33904
49480
19651
19652
33889
33890
19683
19684
33905
33906
19472
48251
19473
19705
48137
19706
19709
48135
19710
19603
19604
33863
33866
19713
48133
19714
19717
48131
19718
19715
19716
33922
19721
48129
19722
19725
48127
19726
19607
49381
48267
19608
33868
19729
48125
19730
49482
49484
49486
49488
49490
49492
49494
49496
49498
49500
19655
49379
19656
33891
33892
19733
48123
19734
19737
48121
19738
19741
48119
19742
19687
19688
33907
33908
19745
48117
19746
19749
48115
19750
19719
19720
33923
33924
19492
48249
19493
19753
48113
19754
19611
49377
19612
33867
33870
19757
48111
19758
19761
48109
19762
19765
48107
19766
19751
19752
33940
19769
48105
19770
49502
49504
49506
49508
49510
49512
49514
49516
49518
49520
49522
49524
19615
49375
48301
19616
33872
19773
48103
19774
49526
19777
48247
19778
19659
49528
49373
19660
33893
33894
19785
48101
19786
49530
19781
48245
19782
19691
19692
33909
33910
19789
48099
19790
19793
48097
19794
19797
48095
19798
19723
19724
33925
33926
19801
48093
19802
19805
48091
19806
19755
19756
33941
33942
19809
48243
19810
19813
48241
19814
19619
49371
19620
33871
33874
19821
48285
19822
19817
48283
19818
19825
48281
19826
19787
19788
33958
19829
48279
19830
49532
49534
49536
49538
49540
49542
49544
49546
49548
49550
49552
49554
49556
49558
49560
49562
49564
19623
49369
48387
19624
33876
19833
48277
19834
49566
19837
48275
19838
49568
49570
49572
49574
19663
49576
49367
19664
33895
33896
19841
48273
19842
49578
19845
48271
19846
19695
19696
33911
33912
19849
48269
19850
49580
19853
48327
19854
19857
19858
49582
19859
48325
19860
19727
19728
33927
33928
19512
48239
19513
49584
19863
48323
19864
19759
19760
33943
33944
19867
48321
19868
49586
19871
48319
19872
19791
19792
33959
33960
19875
48317
19876
49588
19879
48315
19880
49590
19883
48313
19884
19627
49592
49365
19628
33875
33878
19887
48311
19888
49594
19891
48309
19892
19823
19824
33976
19899
48307
19900
49596
19903
48305
19904
49598
49600
49602
49604
49606
49608
49610
49612
49614
49616
49618
49620
49622
49624
49626
49628
49630
19631
49632
49363
48463
19632
33851
33880
19907
48303
19908
49634
49636
49638
19667
49640
49361
19668
33897
33898
19911
48375
19912
49642
19915
48373
19916
49644
19919
48371
19920
19699
19700
33913
33914
19923
48369
19924
19927
19928
49646
19929
48367
19930
49648
49650
49652
49654
49656
49658
19731
19732
33929
33930
19895
48365
19896
49660
19937
48363
19938
19763
19764
33945
33946
19941
48361
19942
49662
19945
48359
19946
49664
19949
48357
19950
19795
19796
33961
33962
19953
48355
19954
49666
19957
48353
19958
19827
19828
33977
33978
19961
48379
19962
19965
19966
49668
19933
48391
19934
49670
19967
48421
19968
19635
49672
49359
48563
19636
33879
33882
19532
48623
19533
49674
19971
48449
19972
19861
19862
33853
33995
19975
48389
19976
49676
49678
49680
49682
49684
49686
49688
49690
49692
49694
49696
49698
49700
49702
49704
49706
19865
19866
33857
33996
33997
19671
48561
19672
33899
33900
19979
48419
19980
19983
48417
19984
49708
19987
48415
19988
49710
19991
48413
19992
49712
19995
48411
19996
19703
19704
33915
33916
19999
48409
20000
20003
20004
49714
20005
48457
20006
49716
20009
48621
20010
19735
19736
33931
33932
20013
48447
20014
19767
19768
33947
33948
19799
19800
33963
33964
19831
19832
33979
33980
19639
49357
19640
33884
19869
19870
33861
33998
33999
19675
19676
33885
33902
20017
48445
20018
20021
48443
20022
20025
48441
20026
20029
48439
20030
20033
48437
20034
49718
20037
48455
20038
20041
20042
49720
20043
48619
20044
49722
20047
48617
20048
49724
20051
48465
20052
19707
48559
19708
33917
33918
19739
19740
33933
33934
19771
19772
33949
33950
19803
19804
33965
33966
19835
19836
33981
33982
19901
19902
34015
19905
19906
34016
34017
19873
19874
33865
34000
34001
19711
19712
33903
33920
20055
48615
20056
20059
48613
20060
20063
48611
20064
20067
48609
20068
20071
48607
20072
20075
48605
20076
20079
20080
20081
48603
20082
20085
48601
20086
20089
48599
20090
19743
48745
19744
33935
33936
19775
19776
33951
33952
19807
19808
33967
33968
19839
19840
33983
33984
19939
19940
34034
49726
49728
49730
49732
49734
49736
49738
49740
49742
49744
49746
49748
49750
49752
49754
49756
49758
49760
49762
49764
49766
49768
49770
49772
49774
49776
49778
49780
49782
49784
49786
49788
49790
19909
19910
34018
34019
19943
19944
34035
34036
19877
19878
33869
34002
34003
19747
19748
33921
33938
20093
48597
20094
20097
48595
20098
20101
48593
20102
20105
48591
20106
20109
48589
20110
20113
48587
20114
20117
20118
20119
48585
20120
20123
48583
20124
20127
48581
20128
19779
49792
49641
48743
19780
33953
33954
19811
49633
19812
33969
33970
19843
49589
19844
33985
33986
19977
19978
34053
19913
49643
19914
34020
34021
19947
19948
34037
34038
19981
19982
34054
34055
19881
49591
19882
33873
34004
34005
19783
49579
19784
33939
33956
20131
48579
20132
20135
48577
20136
20139
48575
20140
20143
48573
20144
49794
20147
48571
20148
49796
20151
48569
20152
20155
20156
49798
20157
48567
20158
49800
20161
48565
20162
49802
49804
49806
49808
49810
49812
49814
49816
49818
49820
49822
49824
49826
49828
49830
49832
49834
49836
49838
49840
49842
49844
49846
49848
49850
49852
49854
20165
48667
20166
20169
48665
20170
20173
48663
20174
20177
48661
20178
20181
48659
20182
20185
48657
20186
20189
48655
20190
20193
48653
20194
20197
48651
20198
49856
49858
49860
49862
49864
49866
49868
49870
49872
49874
49876
20201
49878
49880
49882
49884
49886
49888
49890
49892
49894
49896
49898
49900
49902
49904
49906
49908
49910
49912
49914
49916
49918
49920
49922
49924
49926
49928
49930
48703
20202
20205
48701
20206
20209
48699
20210
20213
48697
20214
20217
48695
20218
20221
48693
20222
20225
48691
20226
20229
48689
20230
20233
48687
20234
49932
49934
49936
49938
49940
49942
49944
49946
49948
20237
20238
20241
48783
20242
20245
48781
20246
20249
48779
20250
20253
48777
20254
20257
48775
20258
20261
48773
20262
20265
48771
20266
20269
48769
20270
49950
49952
49954
49956
49958
49960
49962
49964
49966
20273
49968
49970
49972
49974
49976
49978
49980
49982
49984
49986
49988
49990
49992
49994
49996
49998
50000
48785
20274
19815
49577
48831
19816
33971
33972
20277
48767
20278
19847
49587
19848
33987
33988
20281
48765
20282
20285
48763
20286
20289
48761
20290
20015
20016
34072
20293
48759
20294
50002
50004
50006
50008
50010
50012
50014
19917
49645
19918
34022
34023
20297
48757
20298
20301
48755
20302
20305
48753
20306
19951
19952
34039
34040
50016
50018
50020
50022
50024
50026
50028
20309
50030
50032
50034
48855
20310
50036
19985
49877
19986
34056
34057
20019
49875
20020
34073
34074
20313
48751
20314
20317
48749
20318
19885
49593
19886
33877
34006
34007
20321
48747
20322
20325
48803
20326
50038
20329
48801
20330
19819
50040
49567
19820
33957
33974
20333
48799
20334
50042
20337
48797
20338
19851
50044
49581
48873
19852
33989
33990
50046
50048
50050
50052
50054
20345
50056
50058
50060
50062
50064
50066
50068
48805
20346
20053
49873
20054
34091
50070
50072
19921
49665
19922
34024
34025
20349
48853
20350
19955
49667
19956
34041
34042
20353
48851
20354
20357
48849
20358
20361
48847
20362
19989
49855
19990
34058
34059
20341
48845
20342
50074
20365
48843
20366
20023
50076
49853
20024
34075
34076
20369
48841
20370
50078
20373
48839
20374
50080
50082
50084
50086
50088
50090
20381
20382
20057
49851
20058
34092
34093
19889
49595
48897
19890
33881
34008
34009
20385
48837
20386
19855
49583
19856
33975
33992
20389
48835
20390
20393
48833
20394
20091
49849
20092
34110
20397
48883
20398
20377
48881
20378
19925
50092
49647
19926
34026
34027
20401
48879
20402
50094
20405
48877
20406
19959
50096
49711
19960
34043
34044
20409
48875
20410
50098
50100
50102
50104
50106
50108
20417
50110
50112
50114
50116
50118
50120
50122
50124
50126
50128
50130
50132
50134
50136
50138
50140
50142
50144
48905
20418
19993
49713
19994
34060
34061
20027
49847
20028
34077
34078
50146
20425
50148
48885
20426
20061
49845
20062
34094
34095
20095
49843
20096
34111
34112
50150
20429
50152
48899
20430
19893
49631
49597
19894
33993
33994
34011
20129
49841
20130
33883
34129
19931
49659
49663
19932
34028
34029
34030
20133
49839
20134
33901
34130
34131
19963
49669
19964
34045
34046
19997
49837
19998
34062
34063
20031
49835
20032
34079
34080
20065
49833
20066
34096
34097
20099
49831
20100
34113
34114
19897
49661
19898
34013
19969
49705
49673
19970
34047
34048
34049
20137
49829
20138
33919
34132
34133
19935
49671
19936
34014
34032
20001
49715
20002
34064
34065
20035
49827
20036
34081
34082
20069
49825
20070
34098
34099
20103
49823
20104
34115
34116
20007
49717
20008
34066
34067
34068
20141
49821
20142
33937
34134
34135
19973
49709
19974
34033
34051
20039
49721
20040
34083
34084
20073
49819
20074
34100
34101
20107
49817
20108
34117
34118
20171
49871
20172
34150
20175
49869
20176
34151
34152
20045
49789
49723
20046
34085
34086
34087
20145
49815
20146
33955
34136
34137
20011
49719
20012
34052
34070
20077
49813
20078
34102
34103
20111
49811
20112
34119
34120
20179
49867
20180
34153
34154
20083
49787
49809
20084
34104
34105
34106
20413
48929
20414
50154
50156
20421
20422
50158
20433
48889
20434
50160
20437
48893
20438
50162
20441
48901
20442
50164
20445
20446
50166
20449
48909
20450
50168
20453
20454
50170
20457
20458
50172
20461
20462
50174
20465
20466
50176
20469
20470
50178
20473
50180
50182
48931
20474
50184
20477
50186
48935
20478
50188
20481
50190
48939
20482
50192
20485
20486
20149
49807
20150
33973
34138
34139
50194
20489
50196
48945
20490
20049
49725
20050
34071
34089
20115
49805
20116
34121
34122
50198
20493
50200
48949
20494
20183
49865
20184
34155
34156
20121
49797
20122
34123
34124
34125
50202
20497
48951
20498
20153
49799
20154
33991
34140
34141
20087
49795
20088
34090
34108
50204
20501
48957
20502
20187
49863
20188
34157
34158
20159
49801
20160
34010
34142
34143
34144
50206
20505
48961
20506
20125
49793
20126
34109
34127
20207
49947
20208
34168
20211
49945
20212
34169
34170
50208
20509
20510
20191
49861
20192
34159
34160
50210
20513
50212
48967
20514
20163
49803
20164
34128
34146
20215
49943
20216
34171
34172
20195
49859
20196
34161
34162
20167
49089
49091
20168
34148
20517
48971
20518
50214
20521
50216
48975
20522
50218
20219
49941
20220
34173
34174
50220
20525
50222
49051
20526
20199
49857
20200
34163
34164
20223
49939
20224
34175
34176
50224
20529
50226
48993
20530
20243
49965
20244
34186
20203
50228
49949
49111
49113
20204
34149
34166
20537
50230
48985
20538
50232
20541
50234
48981
20542
20427
20428
34278
20545
50236
48989
20546
50238
20247
49963
20248
34187
34188
20227
49937
20228
34177
34178
50240
20549
50242
48997
20550
20251
49961
20252
34189
34190
20231
49935
20232
34179
34180
50244
20533
50246
49011
20534
20431
50248
50157
20432
34279
34280
20557
50250
49001
20558
50252
20561
50254
49005
20562
20255
49959
20256
34191
34192
20235
49933
20236
34181
34182
50256
20565
50258
49009
20566
20259
49957
20260
34193
34194
20279
50053
20280
34204
20239
50260
49967
49175
49177
20240
34167
34184
20553
50262
49021
20554
50264
20577
50266
49015
20578
20463
50268
50175
20464
34296
20581
50270
49019
20582
50272
20283
50029
20284
34205
34206
50274
20569
50276
49025
20570
20263
49955
20264
34195
34196
20287
50027
20288
34207
34208
50278
20585
49029
20586
50280
20267
49953
20268
34197
34198
20435
50282
50161
20436
34281
34282
20573
50284
49037
20574
50286
20601
50288
49033
20602
20467
50290
50177
20468
34297
34298
20605
50292
49041
20606
50294
20589
50296
49045
20590
20291
50025
20292
34209
34210
50298
20609
50300
49047
20610
20271
49951
20272
34199
34200
20295
50023
20296
34211
34212
50302
20593
50304
49063
20594
20315
50051
20316
34222
20275
50306
50151
49165
50308
49167
20276
34185
34202
20621
50310
49059
20622
50312
20625
50314
49055
20626
20499
50316
50205
20500
32795
34314
20613
50318
50320
50322
49067
20614
50324
20319
50049
20320
34223
34224
20299
50021
20300
34213
34214
50326
20629
50328
49083
20630
20323
50047
20324
34225
34226
20303
50019
20304
34215
34216
50330
20597
50332
50334
50336
49079
20598
20503
50338
50207
20504
32813
34315
34316
20641
50340
50342
50344
49071
20642
50346
20645
50348
49077
20646
20439
50350
50163
20440
34283
34284
20617
20618
50352
20633
20634
20471
50354
50179
20472
34299
34300
20649
50356
49093
20650
50358
20665
50360
50362
50364
50366
49101
20666
20327
50039
20328
34227
34228
20307
50017
20308
34217
34218
50368
20637
20638
14011
50370
43739
46373
49323
49325
47849
14012
31071
31072
20669
50372
49117
20670
50374
50376
50378
14043
50380
43987
50382
46381
49341
49343
46391
14044
31087
31088
20653
20654
50384
20673
20674
14347
50386
44191
50388
50390
46395
14348
31239
31240
20685
20686
50392
20689
20690
14379
50394
44201
50396
50398
50400
46407
14380
31255
31256
20657
20658
50402
20677
20678
16244
50404
50406
50408
47919
46445
45893
16245
32187
32188
50410
20705
20706
20331
50041
20332
34229
34230
19038
49099
48825
19039
33583
33584
50412
20693
20694
20351
50089
20352
34240
50414
50416
50418
50420
50422
16224
50424
47945
46443
45895
16225
32177
32178
20311
50426
50055
49203
49205
20312
34203
34220
20709
20710
50428
20661
49183
20662
50430
50432
50434
50436
9615
50438
47943
46441
40351
9616
28872
28874
50440
20681
20682
9655
50442
50444
47955
46439
40349
9656
28893
28894
9687
50446
50448
47953
46437
40347
9688
28909
28910
50450
20697
20698
10755
46435
41209
10756
29443
29444
11723
46433
42061
11724
29927
29928
50452
20713
20714
12967
46431
43115
12968
30549
30550
13931
46429
43699
13932
31031
31032
50454
20729
50456
50458
50460
50462
50464
50466
49209
20730
19018
49097
48789
19019
33573
33574
16392
50468
46065
50470
50472
46459
49275
49283
49163
16393
28667
32261
32262
20733
49217
20734
50474
20701
20702
50476
16328
50478
46019
50480
46457
49213
49223
49201
16329
32229
32230
20717
49227
20718
50482
20749
20750
50484
50486
16360
50488
46043
50490
47669
49243
49251
49161
16361
32245
32246
20737
49237
20738
50492
20753
50494
50496
49791
20754
50498
17653
47681
47347
17654
32891
32892
50500
20721
50502
50504
49247
20722
9521
47679
40345
9522
28825
28827
9553
47677
40291
9554
28842
28843
50506
20769
49255
20770
9585
47675
40289
9586
28858
28859
10735
47695
41207
10736
29433
29434
50508
20741
49259
20742
11703
47693
42059
11704
29917
29918
12947
47691
43101
12948
30539
30540
50510
20757
49707
20758
13911
47689
43679
13912
31021
31022
20355
50087
20356
34241
34242
50512
20725
49639
20726
17633
47703
47349
17634
32881
32882
16248
47701
45939
16249
32189
32190
50514
20745
49575
20746
20335
50043
20336
34231
34232
17801
50516
47519
50518
50520
50522
47723
17802
28651
32965
32966
20773
50524
50526
50528
50530
50532
50534
50536
50538
50540
50542
50544
50546
50548
49565
20774
50550
20761
50552
49525
20762
17737
50554
47449
47721
17738
32933
32934
20777
50556
50558
50560
50562
49501
20778
50564
20765
50566
49479
20766
17769
50568
47497
50570
47767
17770
32949
32950
20793
49307
20794
50572
20797
50574
50576
50578
50580
49297
20798
50582
19042
49109
48823
19043
33585
33586
16228
47759
45937
16229
32179
32180
50584
20781
50586
49329
20782
9621
47757
40293
9622
28875
28877
9659
47755
40341
9660
28895
28896
50588
20801
49333
20802
50590
50592
50594
50596
50598
9691
47753
40297
9692
28911
28912
10759
47751
41205
10760
29445
29446
50600
20785
49465
20786
50602
50604
50606
11727
47749
42057
11728
29929
29930
12971
47747
43117
12972
30551
30552
50608
20805
49471
20806
50610
50612
50614
13935
47745
43691
13936
31033
31034
19022
49107
48787
19023
33575
33576
50616
20813
49291
20814
9715
47743
40295
9716
27634
28924
50618
50620
50622
9761
47741
40321
9762
28064
28947
50624
20817
50626
49303
20818
50628
9793
47769
40319
9794
28430
28963
50630
10779
47775
41203
10780
29210
29456
50632
11747
47779
42055
11748
29694
29940
50634
12991
47783
43149
12992
30316
30562
50636
20821
50638
49347
20822
50640
13955
47789
43723
13956
30798
31044
50642
17657
47795
47395
17658
32893
32894
50644
20825
49473
20826
50646
50648
9591
50650
40353
50652
47799
9592
28804
28862
20833
49313
20834
50654
50656
10739
50658
41211
50660
47807
10740
29419
29436
20837
49317
20838
50662
20841
50664
50666
49459
20842
50668
11707
50670
42079
50672
47817
11708
29903
29920
20854
49453
20855
26503
50674
20845
49481
20846
20856
49449
49451
20857
33191
33849
34492
20858
49447
20859
27034
20862
49445
20863
27037
20866
49443
20867
27064
20789
49499
20790
20860
49457
20861
27033
34494
20870
49441
20871
27067
20868
49463
20869
27063
34498
20874
49439
20875
27094
20878
49437
20879
27097
50676
50678
50680
50682
50684
20864
20865
34496
20882
49435
20883
27124
50686
20872
20873
34497
34500
20886
49433
20887
27127
20890
49431
20891
27154
20809
49523
20810
20876
49469
20877
27093
34502
20894
49429
20895
27157
20880
20881
34501
34504
20898
49427
20899
27184
20902
49425
20903
27187
20906
49423
20907
27214
20884
49477
20885
27123
34506
20829
49629
20830
20888
20889
34505
34508
20910
49421
20911
27217
20914
49419
20915
27244
20918
49417
20919
27271
20892
49483
20893
27153
34510
20922
49415
20923
27274
20896
20897
34509
34512
20926
49413
20927
27277
20930
49411
20931
27280
20928
20929
34528
20934
49409
20935
27283
20938
49407
20939
27286
50688
50690
50692
20932
20933
34529
34530
20942
49405
20943
27289
20946
49403
20947
27292
20936
20937
34531
34532
20950
49401
20951
27295
50694
20954
49399
20955
27322
50696
20958
49397
20959
27325
20940
20941
34533
34534
20962
49395
20963
27328
50698
20849
49703
20850
20964
20965
34546
20966
49393
20967
27331
50700
20970
49391
20971
27334
50702
50704
20968
20969
34547
34548
20974
49389
20975
27337
50706
20978
49387
20979
27340
20972
20973
34549
34550
20982
49385
20983
27343
20986
49383
20987
27346
20900
49533
20901
27183
34514
20990
49497
20991
27373
20994
49495
20995
27376
20944
20945
34535
34536
20998
49493
20999
27379
21000
21001
34564
21002
49491
21003
27382
50708
21004
21005
34565
34566
21006
49489
21007
27385
20976
20977
34551
34552
21008
21009
34567
34568
21010
49487
21011
27388
20904
20905
34513
34516
21014
49485
21015
27391
21018
49521
21019
27394
21022
49519
21023
27397
21026
49517
21027
27424
21030
49515
21031
27427
21034
49513
21035
27430
21036
21037
34582
21038
49511
21039
27433
50710
21040
21041
34583
34584
21042
49509
21043
27436
20908
49569
20909
27213
34518
20948
20949
34537
34538
20980
20981
34553
34554
21012
21013
34569
34570
21044
21045
34585
34586
21046
49507
21047
27439
20912
20913
34517
34520
21050
49505
21051
27442
21054
49503
21055
27445
21058
49563
21059
27448
21062
49561
21063
27475
21066
49559
21067
27478
21070
49557
21071
27481
21072
21073
34600
21074
49555
21075
27484
50712
21076
21077
34601
34602
21078
49553
21079
27487
20916
49635
20917
27243
34493
34522
20952
20953
34539
34540
20984
20985
34555
34556
21016
21017
34571
34572
21048
21049
34587
34588
21080
21081
34603
34604
21082
49551
21083
27490
20920
49677
20921
27270
34521
34524
20956
49731
20957
27321
34541
34542
21086
49549
21087
27493
21090
49547
21091
27496
21094
49545
21095
27499
21098
49543
21099
27526
21102
49541
21103
27529
21106
49539
21107
27532
21108
21109
34618
21110
49537
21111
27535
21112
21113
34619
34620
21114
49535
21115
27538
20988
20989
34557
34558
21020
21021
34573
34574
21052
21053
34589
34590
21084
21085
34605
34606
21116
21117
34621
34622
21118
49573
21119
27541
20924
20925
34526
20992
49729
20993
27372
34559
34560
21122
49571
21123
27544
21126
49627
21127
27547
21130
49625
21131
27550
21134
49623
21135
27577
21138
49621
21139
27580
21142
21143
21144
49619
21145
27584
50714
21146
21147
34495
34637
21148
49617
21149
27587
50716
21150
21151
34499
34638
34639
21152
49615
21153
27590
21154
21155
34503
34640
34641
21156
49613
21157
27593
20960
20961
34527
34544
21024
21025
34575
34576
21056
21057
34591
34592
21088
21089
34607
34608
21120
21121
34623
34624
21158
21159
34507
34642
34643
21160
49611
21161
27596
21028
49727
21029
27423
34577
34578
21164
49609
21165
27599
21168
49607
21169
27602
21172
49605
21173
27629
21176
49603
21177
27632
21180
49701
21181
27635
21184
49601
21185
27638
21186
21187
34657
21188
49599
21189
27641
21190
21191
34658
34659
21192
49637
21193
27644
20996
20997
34545
34562
21060
21061
34593
34594
21092
21093
34609
34610
21124
21125
34625
34626
21194
21195
34660
34661
21196
49657
21197
27647
21162
21163
34511
34644
34645
21064
49879
21065
27474
34595
34596
21200
49655
21201
27650
21204
49653
21205
27653
21208
49651
21209
27656
21212
21213
21214
49649
21215
27660
21218
49699
21219
27663
21222
49697
21223
27666
21224
21225
34676
21226
49695
21227
27669
21228
21229
34677
34678
21230
49693
21231
27672
21032
21033
34563
34580
21096
21097
34611
34612
21128
21129
34627
34628
21198
21199
34662
34663
21232
21233
34679
34680
21234
49691
21235
27675
21166
21167
34515
34646
34647
21100
50003
21101
27525
34613
34614
21238
49689
21239
27678
21242
49687
21243
27681
21246
49685
21247
27684
21250
21251
21252
49683
21253
27688
21256
49681
21257
27691
21260
49679
21261
27694
21262
21263
34695
21264
49785
21265
27697
21266
21267
34696
34697
21268
49783
21269
27700
21068
21069
34581
34598
21132
21133
34629
34630
21202
21203
34664
34665
21236
21237
34681
34682
21270
21271
34698
34699
21272
49781
21273
27703
21170
21171
34519
34648
34649
21136
50057
21137
27576
34631
34632
21276
49779
21277
27706
21280
49777
21281
27709
21284
49775
21285
27712
21288
21289
21290
49773
21291
27716
21294
49771
21295
27719
21298
49769
21299
27722
21300
21301
34714
21302
49767
21303
27725
21304
21305
34715
34716
21306
49765
21307
27728
21104
21105
34599
34616
21206
21207
34666
34667
21240
21241
34683
34684
21274
21275
34700
34701
21308
21309
34717
34718
21310
49763
21311
27731
21174
50111
21175
27628
34523
34650
34651
21314
49761
21315
27734
21318
49759
21319
27737
21322
49757
21323
27740
21326
21327
21328
49755
21329
27744
21332
49753
21333
27747
21336
49751
21337
27750
21338
21339
34733
21340
49749
21341
27753
21342
21343
34734
34735
21344
49747
21345
27756
21140
21141
34617
34634
21210
21211
34668
34669
21244
21245
34685
34686
21278
21279
34702
34703
21312
21313
34719
34720
21346
21347
34736
34737
21348
49745
21349
27759
21178
21179
34635
34636
34653
21216
21217
34670
34671
34672
21352
49743
21353
27762
21356
49741
21357
27765
21360
49739
21361
27768
21364
21365
21366
49737
21367
27772
21370
49735
21371
27775
21374
49733
21375
27778
21376
21377
34752
21378
49929
21379
27781
21380
21381
34753
34754
21382
49927
21383
27784
21248
21249
34687
34688
21282
21283
34704
34705
21316
21317
34721
34722
21350
21351
34738
34739
21384
21385
34755
34756
21386
49925
21387
27787
21182
21183
34655
21254
21255
34689
34690
34691
21390
49923
21391
27790
21394
49921
21395
27793
21398
49919
21399
27796
21402
21403
21404
49917
21405
27800
21408
49915
21409
27803
21412
49913
21413
27806
21414
21415
34525
34771
21416
49911
21417
27809
21418
21419
34543
34772
34773
21420
49909
21421
27812
21422
21423
34561
34774
34775
21424
49907
21425
27815
21220
21221
34656
34674
21286
21287
34706
34707
21320
21321
34723
34724
21354
21355
34740
34741
21388
21389
34757
34758
21292
21293
34708
34709
34710
21428
49905
21429
27818
21432
49903
21433
27821
21436
49901
21437
27824
21440
21441
21442
49899
21443
27828
21446
49897
21447
27831
50718
21450
49931
21451
21454
49895
21455
28569
21426
21427
34579
34776
34777
21258
21259
34675
34693
21324
21325
34725
34726
21358
21359
34742
34743
21392
21393
34759
34760
21456
21457
34792
21458
49893
21459
28572
21460
21461
34793
34794
21462
49891
21463
28575
21330
21331
34727
34728
34729
21466
49889
21467
28578
21470
49887
21471
28581
21474
49885
21475
28584
21478
49883
21479
28587
21482
49881
21483
28590
50720
50722
50724
50726
50728
50730
50732
50734
50736
50738
50740
50742
50744
50746
50748
21486
21487
21490
49999
21491
28628
21430
21431
34597
34778
34779
21296
21297
34694
34712
21362
21363
34744
34745
21396
21397
34761
34762
21464
21465
34795
34796
21368
50749
21369
34746
34747
34748
21494
49997
21495
28631
21498
49995
21499
28634
21502
49993
21503
28637
21506
49991
21507
28640
21510
49989
21511
28643
21514
49987
21515
28646
21518
49985
21519
28649
50750
50752
50754
50756
50758
50760
50762
50764
50766
21522
50001
21523
21526
49983
21527
28687
21434
50747
21435
34615
34780
34781
21334
50745
21335
34713
34731
21400
50743
21401
34763
34764
21468
50741
21469
34797
34798
21406
50739
21407
34765
34766
34767
21530
49981
21531
28690
21534
49979
21535
28693
21538
49977
21539
28696
21542
49975
21543
28699
21546
49973
21547
28702
21550
49971
21551
28705
21554
49969
21555
28708
50768
50770
50772
21558
50015
21559
50774
21562
50013
21563
28746
21438
50776
50737
21439
34633
34782
34783
21372
50735
21373
34732
34750
21472
50733
21473
34799
34800
21444
50731
21445
34652
34784
34785
34786
21566
50011
21567
28749
50778
21570
50009
21571
28752
50780
21574
50007
21575
28755
50782
21578
50005
21579
28758
50784
21582
50035
21583
28761
50786
21586
50033
21587
28764
50788
21590
50031
21591
28767
50790
50792
50794
50796
50798
50800
21594
50037
21595
21598
50071
21599
28805
21410
50729
21411
34751
34769
21492
50765
21493
34810
21496
50763
21497
34811
34812
21476
50727
21477
34801
34802
21448
50725
21449
34770
34788
21500
50761
21501
34813
34814
21480
50723
21481
34803
34804
21452
50319
50321
21453
34790
21602
50069
21603
28808
21606
50067
21607
28811
21610
50065
21611
28814
21614
50063
21615
28817
21618
50061
21619
28820
21622
50059
21623
28823
21626
50143
21627
28826
50802
50804
50806
21630
50073
21631
50808
21634
50141
21635
28864
50810
21504
50812
50759
21505
34815
34816
21484
50721
21485
34805
34806
21508
50757
21509
34817
34818
21528
50799
21529
34828
21488
50814
50816
50818
50820
50822
50767
50341
50343
21489
34791
34808
21638
50139
21639
28867
21642
50137
21643
28870
21646
50135
21647
28873
21650
50133
21651
28876
21654
50131
21655
28879
21658
50129
21659
28882
21662
50127
21663
28885
50824
50826
21666
50828
50830
50145
21667
50832
21670
50125
21671
28923
21532
50834
50797
21533
34829
34830
21512
50755
21513
34819
34820
21536
50795
21537
34831
34832
21516
50753
21517
34821
34822
21540
50793
21541
34833
34834
21520
50751
21521
34823
34824
21544
50775
21545
34835
34836
21564
50777
21565
34846
21524
50363
50365
21525
34809
34826
21674
50123
21675
28926
21678
50121
21679
28929
21682
50119
21683
28932
21686
50117
21687
28935
21690
50115
21691
28938
21694
50113
21695
28941
21698
50181
21699
28944
50836
50838
50840
50842
50844
50846
21702
50848
50149
21703
50850
50852
50854
50856
50858
21706
21707
50860
21710
50862
50153
21711
21712
21713
34920
21714
21715
21716
21717
34921
34922
21718
21719
21568
50779
21569
34847
34848
21548
50773
21549
34837
34838
21572
50781
21573
34849
34850
21552
50771
21553
34839
34840
21720
21721
34923
34924
21722
21723
50864
21726
21727
50866
50868
21730
21731
50870
21734
21735
50872
21738
21739
50874
21742
21743
50876
21746
21747
21748
21749
34938
21750
21751
50878
21752
21753
34939
34940
21754
50880
50183
21755
21576
50783
21577
34851
34852
21556
50769
21557
34841
34842
21580
50785
21581
34853
34854
21600
50821
21601
34864
21560
50882
50801
50357
50361
21561
34827
34844
21604
50819
21605
34865
34866
21584
50787
21585
34855
34856
21608
50817
21609
34867
34868
21588
50789
21589
34857
34858
21724
21725
34925
34926
21758
50884
50886
50888
50890
50892
50187
21759
21762
50894
50191
21763
50896
21766
21767
50898
21770
50900
50197
21771
50902
21774
50904
50201
21775
50906
21778
50908
50329
21779
50910
21782
50912
50311
21783
21784
21785
33489
34956
21786
50914
50916
50918
50277
21787
50920
21788
21789
33507
34957
34958
21790
50243
21791
50922
50924
50926
21756
21757
34941
34942
21612
50815
21613
34869
34870
21592
50791
21593
34859
34860
21616
50809
21617
34871
34872
21636
50813
21637
34882
21596
50883
50433
50435
21597
34845
34862
21640
50867
21641
34883
34884
12951
43133
50928
50930
50932
50934
50936
50938
47827
50681
50683
50547
12952
30525
30542
21794
50213
21795
50940
21798
50942
50944
50946
50948
50223
21799
50950
21802
50952
50217
21803
50954
21806
50956
50219
21807
50958
21810
50960
50227
21811
50962
21814
50964
50231
21815
50966
21818
50968
50251
21819
50970
21822
50972
50235
21823
50974
21826
50976
50237
21827
50978
21830
50980
50239
21831
50982
21834
50984
50247
21835
50986
21838
50988
50267
21839
50990
21842
50992
50255
21843
50994
21846
50996
50259
21847
50998
21850
51000
50263
21851
51002
21854
51004
50285
21855
51006
21858
51008
50289
21859
51010
21862
51012
50271
21863
51014
21866
51016
50273
21867
51018
21870
51020
50281
21871
51022
21874
51024
50301
21875
51026
21878
51028
50309
21879
51030
21882
51032
50345
21883
51034
21886
51036
50293
21887
51038
21890
51040
50297
21891
51042
21894
51044
50305
21895
51046
21898
51048
50325
21899
51050
21902
51052
50705
21903
51054
21906
51056
50315
21907
51058
21910
51060
50323
21911
51062
21914
51064
50337
21915
51066
21918
51068
50693
21919
51070
21922
51072
50687
21923
51074
21926
51076
50349
21927
51078
21930
51080
50673
21931
51082
21934
51084
50367
21935
51086
21938
51088
50661
21939
51090
21942
51092
50653
21943
51094
21946
51096
50449
21947
51098
21950
51100
50383
21951
13915
51102
43707
51104
47837
50545
13916
31007
31024
21954
50379
21955
51106
21958
51108
51110
50391
21959
51112
14315
51114
44175
51116
47853
14316
31223
31224
21970
51118
51120
51122
50439
21971
21620
50807
21621
34873
34874
51124
21974
51126
51128
50401
21975
19190
51130
48959
51132
49115
50541
50543
19191
32127
33659
33660
21962
50409
21963
51134
21978
51136
50425
21979
51138
19126
51140
48903
51142
49181
50559
50561
19127
33627
33628
21990
51144
51146
50423
21991
51148
21994
51150
50437
21995
19158
51152
48927
51154
49179
50577
50579
19159
33643
33644
21966
50445
21967
51156
21982
51158
51160
50505
21983
51162
20359
50335
50085
20360
34243
34244
17637
47847
47393
17638
32883
32884
51164
21998
50467
21999
16252
47881
45935
16253
32191
32192
20339
50333
50045
20340
34233
34234
51166
21986
50481
21987
51168
51170
51172
51174
51176
9721
47879
40343
9722
27662
28925
28927
9765
47877
40361
9766
28083
28948
28949
51178
22002
50491
22003
51180
9797
47875
40417
9798
28449
28964
28965
10783
47873
41197
10784
29229
29457
29458
51182
22014
50473
22015
51184
11751
47871
42053
11752
29713
29941
29942
12995
47869
43147
12996
30335
30563
30564
51186
22018
50477
22019
51188
13959
47867
43721
13960
30817
31045
31046
16272
47865
45933
16273
31956
32202
51190
22022
51192
50497
22023
51194
19046
49159
48821
19047
33587
33588
16232
51196
45941
47885
50655
50665
50597
16233
32165
32182
22006
50643
22007
51198
22034
51200
51202
51204
50487
22035
51206
20507
51208
50209
20508
32831
34317
34318
22038
51210
50499
22039
51212
22026
51214
50639
22027
20443
51216
50165
20444
34285
34286
22042
51218
51220
50635
22043
51222
22054
51224
50633
22055
20475
51226
50185
50891
20476
34301
34302
22058
51228
51230
50631
22059
51232
22010
51234
50553
22011
9627
47909
40711
9628
28878
28880
9663
47907
40709
9664
28897
28898
51236
22030
51238
51240
51242
50549
22031
9695
47905
40707
9696
28913
28914
10763
47903
41195
10764
29447
29448
51244
22046
51246
51248
51250
50563
22047
11731
47901
42047
11732
29931
29932
12975
47899
43119
12976
30553
30554
51252
22062
50567
22063
51254
51256
51258
13939
47897
43693
13940
31035
31036
21644
50889
50857
21645
34885
34886
51260
22078
51262
51264
51266
50581
22079
19026
49157
48807
19027
33577
33578
17661
47917
47391
17662
32895
32896
51268
22050
51270
51272
51274
50571
22051
21624
50887
50805
21625
34875
34876
16276
47915
45925
16277
31975
32203
32204
51276
22082
51278
51280
50583
22083
17681
47921
47389
17682
32660
32906
20363
50377
50083
20364
34245
34246
17641
51282
47397
51284
51286
47941
17642
32869
32886
22066
50627
22067
51288
22086
51290
51292
50599
22087
51294
21792
50945
21793
33525
34959
34960
22098
50623
22099
51296
22102
51298
50629
22103
51300
21728
51302
50869
50939
21729
34927
34928
22106
51304
51306
50641
22107
51308
22070
51310
50607
22071
21760
50885
21761
34943
34944
22118
50657
22119
51312
22122
51314
51316
50667
22123
51318
16256
47939
45927
16257
32193
32194
51320
22126
51322
51324
50669
22127
20343
50375
50075
20344
34235
34236
9727
47937
40705
9728
27690
28928
28930
51326
22090
50615
22091
9769
47951
40703
9770
28102
28950
28951
9801
47949
40665
9802
28468
28966
28967
51328
22110
51330
51332
51334
50649
22111
10787
49155
41199
10788
29248
29459
29460
11755
49153
42049
11756
29732
29943
29944
51336
22130
51338
50685
22131
12999
49151
43145
13000
30354
30565
30566
13963
49149
43719
13964
30836
31047
31048
51340
22139
22140
28566
19050
49147
48809
19051
33589
33590
17685
49145
47381
17686
32679
32907
32908
22074
50677
22075
22141
50915
50917
22142
35134
22143
22144
28625
19070
49143
48815
19071
33354
33600
51342
51344
22147
22148
28684
22145
50923
50925
22146
35135
35136
22151
22152
28743
51346
22155
50831
22156
28802
22149
22150
35137
35138
22159
50811
22160
28861
22153
22154
35139
35140
22163
50849
22164
28920
51348
22167
22168
28979
22157
22158
35141
35142
22175
22176
29961
51350
22171
50863
22172
22177
22178
35152
22179
22180
29964
9633
49141
40663
9634
28881
28883
51352
22183
22184
29967
22181
22182
35153
35154
22187
22188
29970
51354
22191
22192
29973
22185
22186
35155
35156
22195
22196
29976
51356
22199
22200
29979
22189
22190
35157
35158
22203
22204
29982
9667
49139
40661
9668
28899
28900
51358
22207
22208
9699
49173
40969
9700
28915
28916
10767
49171
41201
10768
29449
29450
51360
22211
50881
22212
30020
11735
49199
42051
11736
29933
29934
12979
49197
43121
12980
30555
30556
22094
50691
22095
51362
51364
22215
50879
22216
30023
22213
22214
35170
22219
50893
22220
30026
22217
22218
35171
35172
22223
50895
22224
30029
51366
22227
22228
30032
22221
22222
35173
35174
22231
50901
22232
30035
51368
22235
50905
22236
30038
13943
49189
43695
13944
31037
31038
21648
50937
50855
21649
34887
34888
51370
22239
50909
22240
30041
19030
51372
48829
49207
19031
33563
33580
22247
50919
22248
30079
22193
22194
35159
35160
22251
50921
22252
30082
51374
22255
50927
22256
30085
22249
22250
34147
34789
35188
22259
50949
22260
30088
22253
22254
34165
34807
35189
35190
22263
50953
22264
30091
51376
22267
50957
22268
30094
22257
22258
34183
34825
35191
35192
22271
50961
22272
30097
51378
22275
50965
22276
30100
22225
51380
51367
22226
35175
35176
22243
50913
22244
51382
22279
50969
22280
17665
49195
47383
17666
32897
32898
11821
51384
42179
49215
51291
51203
50679
11822
29975
29977
22287
50977
22288
51386
22291
50981
22292
11857
51388
42275
49225
50943
11858
29994
29995
22295
50985
22296
51390
22307
51392
51394
51396
51398
51400
51402
51404
51406
51408
50997
22308
51410
51412
51414
51416
51418
51420
51422
51424
11889
51426
42283
51428
51430
51432
51434
49235
51109
11890
30010
30011
22311
51001
22312
51436
22299
51438
51440
50989
22300
51442
11933
51444
42337
51446
49245
50557
50485
49233
11934
30031
30033
22315
51005
22316
51448
22327
51450
51452
51017
22328
51454
11971
51456
42365
51458
49253
49321
11972
30051
30052
22331
51021
22332
51460
22283
51462
50973
22284
51464
12003
51466
42367
51468
51470
49269
50373
12004
30067
30068
22303
50993
22304
51472
22319
51474
51476
51009
22320
51478
12045
51480
42399
51482
49277
50575
50495
49267
12046
30087
30089
22335
51025
22336
51484
22351
51486
51041
22352
51488
12085
51490
42425
51492
49285
49339
12086
30108
30109
22355
51045
22356
51494
22323
51496
51013
22324
51498
12117
51500
42531
51502
49289
50389
12118
28742
30124
30125
22339
51504
51029
22340
13115
51506
43319
51508
49295
50407
13116
29399
30623
30624
22359
51049
22360
51510
22371
51512
51061
22372
51514
14079
51516
44031
51518
49301
50405
14080
29883
31105
31106
22375
51065
22376
51520
22343
51522
51033
22344
51524
14415
51526
44213
51528
49311
14416
30505
30987
31273
31274
22363
51053
22364
51530
22379
51532
51069
22380
51534
13051
51536
43265
51538
49327
51121
13052
30591
30592
22391
51081
22392
51540
22395
51542
51544
51085
22396
51546
13083
51548
43291
51550
49345
50399
13084
30607
30608
22347
51037
22348
51552
22367
51554
51556
51057
22368
51558
14015
51560
43883
51119
14016
31073
31074
22383
51562
51073
22384
51564
22399
51566
51089
22400
51568
14047
51570
43993
50397
14048
31089
31090
22415
51572
51574
51576
51105
22416
51578
22419
51580
51111
22420
14351
51582
44193
14352
31241
31242
22387
51077
22388
51584
22403
51586
51093
22404
51588
51590
14383
51592
44203
14384
31257
31258
22435
51594
51596
51598
51129
22436
21628
50935
50803
21629
34877
34878
51600
22423
51113
22424
16280
50421
45929
16281
31994
32205
32206
20367
50419
50077
20368
34247
34248
51602
22439
51133
22440
51604
51606
51608
19074
50417
48817
19075
33373
33601
33602
51610
22407
51097
22408
51612
20387
50415
50107
20388
34012
34258
51614
16260
50431
45931
16261
32195
32196
20347
51616
50091
51333
20348
34221
34238
22427
51618
51620
51137
22428
51622
22455
51624
51151
22456
9733
50443
41217
9734
27718
28931
28933
51626
22443
51628
51139
22444
9773
50447
41215
9774
28121
28952
28953
9805
50465
41213
9806
28487
28968
28969
51630
22459
51632
51155
22460
10791
50463
41221
10792
29267
29461
29462
11759
50461
42149
11760
29751
29945
29946
51634
22411
51101
22412
51636
13003
50459
43143
13004
30373
30567
30568
13967
50457
43717
13968
30855
31049
31050
51638
22431
51161
22432
51640
19054
50471
48811
19055
33591
33592
16396
51642
46067
51159
16397
28726
32263
32264
22447
51163
22448
51644
22463
51646
51648
51193
22464
51650
16332
51652
46021
51429
51431
51433
16333
32231
32232
22479
51654
51656
51185
22480
51658
22483
51660
51189
22484
16364
51662
46047
51451
51469
51145
16365
32247
32248
22451
51177
22452
51664
22467
51666
51668
51181
22468
51670
17689
50503
47385
17690
32698
32909
32910
9639
50539
41225
9640
28884
28886
51672
22499
51207
22500
9671
50537
41297
9672
28901
28902
9703
50535
41313
9704
28917
28918
51674
22487
51195
22488
10771
50533
41613
10772
29451
29452
11739
50531
42147
11740
29935
29936
51676
22503
51215
22504
12983
50529
43123
12984
30557
30558
13947
50527
43697
13948
31039
31040
51678
22471
51205
22472
21652
50933
50853
21653
34889
34890
20391
50525
50105
20392
34031
34259
34260
51680
22491
51221
22492
21672
50931
50835
21673
34654
34900
17669
51682
50523
47387
17670
32899
32900
51684
22475
51243
22476
51686
51688
51690
51692
51694
51696
51698
51700
51702
21632
51704
50823
21633
34863
34880
22507
51225
22508
51706
22495
51708
51251
22496
51710
16284
50521
45967
16285
32013
32207
32208
20371
50519
50079
20372
34249
34250
51712
22519
51714
51716
51231
22520
17805
51718
47523
51720
50829
51229
17806
28710
32967
32968
22523
51235
22524
51722
22511
51724
51267
22512
51726
17741
51728
47453
51730
50717
17742
32935
32936
22527
51259
22528
51732
51734
17773
51736
47499
51738
50715
51219
17774
32951
32952
22515
51281
22516
51740
22543
51742
51744
51275
22544
51746
19078
50595
48819
19079
33392
33603
33604
51748
22547
51750
51287
22548
16264
50587
45965
16265
32197
32198
9739
50593
41611
9740
27746
28934
28936
51752
22531
51754
51756
51293
22532
9777
50591
41585
9778
28140
28954
28955
9809
50605
41583
9810
28506
28970
28971
51758
22551
51760
51295
22552
10795
50603
41581
10796
29286
29463
29464
11763
50613
42145
11764
29770
29947
29948
51762
22535
51325
22536
13007
50611
43135
13008
30392
30569
30570
13971
50621
43709
13972
30874
31051
31052
51764
22555
22556
21676
50929
50851
21677
34673
34901
34902
19058
50619
48813
19059
33593
33594
51766
22563
51299
22564
51768
51770
22161
51772
51355
22162
35143
35144
22567
51301
22568
51774
22571
51776
51311
22572
51778
17693
50647
47421
17694
32717
32911
32912
9709
51780
41025
51782
50713
9710
28863
28921
22583
51317
22584
51784
22587
51786
51788
51319
22588
51790
10775
51792
41219
51794
50711
10776
29437
29454
22591
51335
22592
51796
22575
51798
51339
22576
51800
11743
51802
42151
51804
50709
11744
29921
29938
22604
22605
29958
51806
22608
22609
30017
12987
51808
43151
50947
12988
30543
30560
22612
22613
30076
51810
22624
22625
31121
13951
51812
43725
51117
13952
31025
31042
22628
22629
31124
51814
22632
51459
22633
31127
14319
51816
44177
51123
14320
31225
31226
22644
51447
22645
31152
51818
22648
51441
22649
31155
21656
51127
50833
21657
34891
34892
19194
51820
48963
51143
51315
19195
32145
33661
33662
22616
51435
22617
30135
51822
22636
51443
22637
31130
19130
51824
48907
51147
19131
33629
33630
22664
51455
22665
31183
51826
22652
51453
22653
31158
19162
51828
48933
51305
19163
33645
33646
22668
51463
22669
31186
51830
22620
51465
22621
51832
51834
51836
51838
51840
51842
51844
51846
51848
20395
51175
50103
20396
34050
34261
34262
17673
51173
47419
17674
32901
32902
51850
22656
51479
22657
31161
16288
51171
45963
16289
32032
32209
32210
20375
51169
50081
20376
34251
34252
51852
22672
51487
22673
31189
19082
51201
48865
19083
33411
33605
33606
16268
51854
45969
16269
32183
32200
22640
51477
22641
51856
22688
51858
51860
51862
51489
22689
51864
20511
51866
50211
51868
51211
51423
20512
32849
34319
34320
22692
51497
22693
51870
22676
51872
51509
22677
31192
20447
51874
50167
20448
34287
34288
22660
51499
22661
51876
22708
51515
22709
51878
51880
20479
51882
50189
51421
20480
34303
34304
22696
51513
22697
51884
22712
51886
51888
51890
51523
22713
9745
51241
41579
9746
27774
28937
28939
9781
51239
41577
9782
28159
28956
28957
51892
22680
51894
51525
22681
9813
51249
41575
9814
28525
28972
28973
10799
51247
41849
10800
29305
29465
29466
51896
22728
51545
22729
51898
11767
51257
42371
11768
29789
29949
29950
13011
51255
43137
13012
30411
30571
30572
51900
22700
51533
22701
51902
13975
51265
43711
13976
30893
31053
31054
21680
51263
50847
21681
34692
34903
34904
51904
22716
51906
51535
22717
19062
51273
48863
19063
33595
33596
17697
51271
47417
17698
32736
32913
32914
51908
22732
51910
51912
51547
22733
21660
51279
50827
21661
34893
34894
20399
51285
50101
20400
34069
34263
34264
51914
22684
51557
22685
17677
51916
47423
17678
32887
32904
22704
51918
51920
51922
51559
22705
51924
22720
51926
51928
51567
22721
21796
51930
50941
51419
21797
33543
34961
34962
22736
51932
51569
22737
51934
22752
51936
51581
22753
21732
51938
50871
51940
51307
51787
21733
34929
34930
22756
22757
51942
22724
51599
22725
51944
51946
21764
51948
50897
51417
21765
34945
34946
22740
51591
22741
51950
22772
51952
51954
51956
51621
22773
16292
51323
45999
16293
32051
32211
32212
20379
51331
50093
20380
34253
34254
51958
22760
51615
22761
19086
51415
48861
19087
33430
33607
33608
9751
51413
41877
9752
27802
28940
28942
51960
22776
51962
51964
51966
51609
22777
9785
51411
41875
9786
28178
28958
28959
9817
51409
42415
9818
28544
28974
28975
51968
22744
51970
51613
22745
10803
51407
42413
10804
29324
29467
29468
11771
51405
42411
11772
29808
29951
29952
51972
22792
51974
51629
22793
13015
51403
43139
13016
30430
30573
30574
13979
51401
43713
13980
30912
31055
31056
51976
22764
51978
51625
22765
21684
51399
50845
21685
34711
34905
34906
19066
51980
48867
19067
33581
33598
22780
51982
51984
51986
51988
51633
22781
51990
22796
51992
51657
22797
22261
22262
34201
34843
35193
35194
22748
51994
51996
51637
22749
51998
22768
52000
52002
51641
22769
22197
52004
51357
22198
35161
35162
22784
51649
22785
52006
22800
52008
52010
52012
51651
22801
22229
52014
51375
22230
35177
35178
22816
51661
22817
52016
22820
22821
17701
51397
47461
17702
32755
32915
32916
11827
52018
42185
51927
51863
51847
11828
29978
29980
22788
52020
52022
52024
52026
51669
22789
52028
22804
52030
51671
22805
11861
52032
42291
51845
11862
29996
29997
22836
22837
52034
22824
52036
52038
51751
22825
11893
52040
42341
51843
11894
30012
30013
22840
52042
52044
51739
22841
52046
22808
52048
51731
22809
11939
52050
42343
51733
51655
51439
11940
30034
30036
22856
51721
22857
52052
22828
52054
51717
22829
52056
52058
11975
52060
42369
52062
51471
51543
11976
30053
30054
22844
51709
22845
52064
22860
52066
52068
51725
22861
52070
12007
52072
42373
52074
51483
51563
12008
30069
30070
22812
51703
22813
52076
22880
52078
52080
51747
22881
52082
12051
52084
42417
52086
51493
51743
51667
51475
12052
30090
30092
22900
52088
51805
22901
52090
12089
52092
42479
52094
51503
51555
12090
30110
30111
22832
51711
22833
52096
22848
52098
51727
22849
52100
12121
52102
42533
52104
52106
51505
51573
12122
28801
30126
30127
22864
52108
51735
22865
52110
22884
52112
51757
22885
13119
52114
43323
52116
51519
51597
13120
29417
30625
30626
22920
51795
22921
52118
22904
52120
51789
22905
52122
14083
52124
44035
52126
51529
51595
14084
29901
31107
31108
22924
51791
22925
52128
22852
52130
51745
22853
52132
14419
52134
44227
52136
51539
14420
30523
31005
31275
31276
22868
51761
22869
52138
22941
22942
31118
13055
52140
43269
52142
51551
51841
13056
30593
30594
22945
22946
31149
52144
22949
22950
31180
13087
52146
43295
51589
13088
30609
30610
22953
22954
31211
52148
22961
22962
31361
14019
52150
43931
51577
51839
14020
31075
31076
22965
22966
31364
52152
22969
22970
31367
14051
52154
44003
51575
51587
14052
31091
31092
22973
22974
31370
14355
52156
44217
14356
31243
31244
22981
51891
22982
31392
52158
22985
51895
22986
31395
14387
52160
44223
14388
31259
31260
22989
51913
22990
31398
52162
22957
22958
21664
51607
50825
21665
34895
34896
52164
22977
51929
22978
20403
51605
50095
20404
34088
34265
34266
16296
51619
45997
16297
32070
32213
32214
52166
22993
22994
31401
20383
52168
50109
51985
51987
51965
20384
34239
34256
23001
51899
23002
31423
52170
23005
51923
23006
31426
19090
51647
48859
19091
33449
33609
33610
16400
52172
46071
52089
52105
51837
16401
28785
32265
32266
23009
51937
23010
31429
52174
23013
23014
31432
16336
52176
46025
52025
52037
51983
16337
32233
32234
22997
22998
52178
23025
51941
23026
16368
52180
46053
52057
52067
51835
16369
32249
32250
23029
51957
23030
52182
23033
23034
9757
51701
42443
9758
27830
28943
28945
9789
51699
42441
9790
28197
28960
28961
52184
23045
51967
23046
9821
51697
42439
9822
28563
28976
28977
10807
51695
42437
10808
29343
29469
29470
52186
23017
51975
23018
11775
51693
42435
11776
29827
29953
29954
13019
51691
43141
13020
30449
30575
30576
52188
23021
52003
23022
13983
51689
43715
13984
30931
31057
31058
21688
51683
50843
21689
34730
34907
34908
52190
22888
51783
22889
17705
51687
47459
17706
32774
32917
32918
21668
52192
50865
21669
34881
34898
22908
51779
22909
52194
23037
51989
23038
20407
51715
50097
20408
34107
34267
34268
52196
23041
23042
17809
52198
47527
51887
17810
28769
32969
32970
23049
51971
23050
52200
23053
51993
23054
17745
52202
47463
17746
32937
32938
23057
52013
23058
17777
52204
47503
51879
17778
32953
32954
23065
51979
23066
52206
23069
52208
52210
52212
52214
52216
52218
52220
52222
52224
52226
52228
52230
52232
52234
51997
23070
16300
51755
46009
16301
32089
32215
32216
52236
23061
23062
19094
51769
48857
19095
33468
33611
33612
22165
52238
51349
22166
35145
35146
23073
52087
23074
52240
23077
52242
52244
52075
23078
9827
52246
42433
9828
28922
28980
23089
52031
23090
52248
23093
52250
52252
52027
23094
10811
52254
42445
10812
29455
29472
23097
52256
52045
23098
52258
23081
52260
52063
23082
11779
52262
42447
11780
29939
29956
23085
52264
52266
52268
52081
23086
52270
23101
52272
52059
23102
13023
52274
43153
13024
30561
30578
22928
52276
52278
52280
51799
22929
52282
22872
52284
51777
22873
13987
52286
43727
13988
31043
31060
22892
51771
22893
52288
22912
52290
52292
52294
51801
22913
14323
52296
44179
51907
14324
31227
31228
22539
51395
22540
22559
51393
22560
22595
52298
52300
52302
52304
51425
22596
21692
51833
50841
21693
34749
34909
34910
22114
50689
22115
19198
52306
52308
52310
52312
48965
51903
51953
19199
32163
33663
33664
22876
22877
22896
22897
22579
22580
22932
22933
22134
50703
22135
52314
52316
52318
52320
52322
23105
52099
23106
19134
52324
48911
52326
52328
52330
52332
51869
19135
33631
33632
23109
52039
23110
52334
52336
19166
52338
48937
52340
51849
51945
19167
33647
33648
23113
52049
23114
52342
23117
52344
52346
52069
23118
17709
51861
47473
17710
32793
32919
32920
52348
23121
52350
52101
23122
20411
51859
50099
20412
34126
34269
34270
16304
52352
46011
51865
16305
32201
32218
22599
22600
22916
52331
22917
22936
22937
23125
52354
52356
52358
52360
52133
23126
52362
52364
52366
52368
23129
52370
52055
23130
20515
52372
50719
52374
51873
52023
20516
32867
34321
34322
23133
52071
23134
52376
20451
52378
50169
52380
51881
20452
34289
34290
23137
52113
23138
52382
23141
52384
52386
52143
23142
52388
20483
52390
50193
52392
51889
52011
20484
34305
34306
23145
23146
52394
23153
52396
52398
52083
23154
19098
51911
48913
19099
33487
33613
33614
23149
52329
23150
52400
52402
23157
52404
52406
52117
23158
21696
51919
50839
21697
34768
34911
34912
17713
52408
47475
51921
17714
32905
32922
21800
50951
51933
52021
21801
33561
34963
34964
21736
50873
52410
52412
51947
52243
21737
34931
34932
21768
50899
52414
52416
51955
52009
21769
34947
34948
20415
51963
50155
20416
34145
34271
34272
19102
48869
52001
19103
33599
33616
11833
42451
52267
11834
29981
29983
11865
42453
52279
11866
29998
29999
11897
42455
52293
11898
30014
30015
22201
51365
22202
35163
35164
22233
51369
22234
35179
35180
11945
42459
52231
52233
52043
11946
30037
30039
11979
42463
52229
11980
30055
30056
12011
42467
52227
12012
30071
30072
12057
42473
52095
52223
52225
52079
12058
30093
30095
12093
42481
52107
52221
12094
30112
30113
12125
42535
52109
52219
12126
28860
30128
30129
13123
43327
52418
52420
52422
52424
52426
52428
52430
52432
52434
52436
52438
52440
52442
52444
52127
52217
13124
29435
30627
30628
14087
44039
52446
52448
52450
52452
52454
52456
52458
52460
52137
52215
14088
29919
31109
31110
14423
44237
14424
30541
31023
31277
31278
13059
43271
52303
13060
30595
30596
22265
51377
51995
22266
34219
34861
35195
35196
13091
43297
52213
13092
30611
30612
14023
43943
52301
14024
31077
31078
23161
23162
52462
23165
23166
23169
52327
23170
52464
52466
23173
52091
23174
52468
23177
52123
23178
52470
23181
23182
52472
23185
23186
23189
52357
23190
52474
52476
23193
52121
23194
52478
23197
52480
52482
52484
52486
52488
52490
52492
52494
52131
23198
52496
23201
23202
52498
23205
23206
23209
52355
23210
52500
52502
23214
23215
31358
52504
23218
23219
31389
52506
23222
23223
31420
52508
23226
23227
31451
52510
23230
23231
52512
23234
23235
31505
52514
23238
23239
31508
52516
23242
23243
31511
52518
23246
23247
31514
52520
23250
23251
52522
23254
23255
31536
52524
23258
23259
31539
52526
23262
23263
31542
52528
23266
52381
23267
31545
52530
23270
52341
23271
52532
23274
52235
23275
31567
52534
23278
52305
23279
31570
52536
23282
52245
23283
31573
52538
23286
52295
23287
31576
52540
23290
52285
23291
52542
23294
52273
23295
52544
23298
52253
23299
52546
23302
52269
23303
52548
23306
52261
23307
52550
23310
52281
23311
52552
23314
52333
23315
52554
23318
52337
23319
52556
23322
52347
23323
52558
23326
52351
23327
52560
23330
52562
52564
52361
23331
52566
23334
52568
52371
23335
52570
23338
52572
52375
23339
52574
23342
52576
52377
23343
14055
52578
44007
52211
14056
31093
31094
23346
52387
23347
52580
23350
52582
52584
52389
23351
14359
52586
44231
14360
31245
31246
23354
52588
52590
52592
52594
52399
23355
52596
23362
52598
52407
23363
14391
52600
44233
14392
31261
31262
23366
52413
23367
52602
23370
23371
21700
52209
50837
21701
34787
34913
34914
20419
52604
50147
52455
52457
52459
20420
34257
34274
16404
46073
52451
52453
52345
16405
28844
32267
32268
16340
46029
52445
52447
52449
16341
32235
32236
16372
46055
52441
52443
52335
16373
32251
32252
21704
50859
21705
34899
34916
17813
47529
52397
17814
28828
32971
32972
17749
47481
17750
32939
32940
17781
47507
52385
17782
32955
32956
11785
42449
52251
52257
52265
11786
29959
13027
43155
52277
13028
30580
13991
43729
52291
13992
31062
14327
44181
52299
14328
31230
52606
52608
52610
52612
52614
52616
52618
14503
45039
14504
31318
52620
52622
52624
19202
48969
52439
19203
32181
33665
33666
19138
48919
19139
33633
33634
19170
48941
52415
19171
33649
33650
16308
46075
52359
16309
32220
20519
50215
52437
20520
32885
34323
34324
20455
50171
20456
34291
34292
22169
51351
52393
22170
35147
35148
20487
50195
52435
20488
34307
34308
17717
47483
52411
17718
32924
21804
50955
52433
21805
33579
34965
34966
21740
50875
52417
21741
34933
34934
21772
50903
52626
52431
21773
34949
34950
19106
48917
52628
52429
19107
33618
52630
22205
51359
22206
35165
35166
22237
51371
22238
35181
35182
11903
42457
52632
52423
52634
52425
52636
52427
11904
29960
30018
22269
22270
34237
34879
35197
35198
11951
42461
52421
11952
30040
30042
11983
42465
52493
11984
30057
30058
12015
42469
52491
12016
30073
30074
12063
42475
52419
12064
30096
30098
12097
42483
52489
12098
30114
30115
12129
42537
52583
12130
28919
30130
30131
13127
43331
52461
13128
29453
30629
30630
14091
44043
14092
29937
31111
31112
14427
44247
14428
30559
31041
31279
31280
13063
43273
52487
13064
30581
30598
13095
43299
52593
13096
30613
30614
14027
43957
52485
14028
31063
31080
14059
44011
52591
14060
31095
31096
14363
44241
52589
14364
31231
31248
14395
44243
14396
31263
31264
14507
44989
14508
31319
31320
14111
44061
52617
14112
31122
14133
44073
52615
14134
31133
52638
52640
52642
52644
52646
52648
52650
52652
52654
52656
52658
14149
44081
52623
14150
31141
52660
52662
52664
52666
52668
52670
52672
52674
14443
44331
52621
14444
31288
52676
14523
44339
14524
31328
52678
52680
20423
50159
52613
20424
34276
52682
16408
46087
16409
28903
32269
32270
16344
46079
52611
16345
32221
32238
16376
46083
16377
32253
32254
16424
46427
16425
32278
21708
50861
52609
21709
34918
52684
52686
52688
52690
52692
52694
17817
47539
17818
28887
32973
32974
17753
47531
52607
17754
32925
32942
17785
47535
17786
32957
32958
17833
47541
17834
32982
22173
51353
22174
35150
52696
52698
52700
52702
52704
52706
52708
52710
52712
19206
48973
19207
32199
33667
33668
19142
48921
19143
33619
33636
23358
52405
23359
23374
23375
23378
52483
23379
52714
52716
23382
23383
52718
23386
23387
52720
23390
23391
52722
23394
23395
23398
52481
23399
52724
52726
23402
52495
23403
52728
23406
23407
52730
23410
23411
52732
23414
23415
23418
52563
23419
52734
52736
23423
23424
31502
52738
23427
23428
31533
52740
23431
23432
31564
52742
23435
23436
31595
52744
23439
23440
52746
23443
23444
31609
52748
23447
23448
31612
52750
23451
23452
31615
52752
23455
23456
31618
52754
23459
23460
52756
23463
23464
31632
52758
23467
23468
31635
52760
23471
52565
23472
31638
52762
23475
52569
23476
31641
52764
23479
52573
23480
52766
23483
52577
23484
31655
52768
23487
23488
31658
52770
23491
52585
23492
31661
52772
23495
52595
23496
31664
52774
23499
52599
23500
23503
23504
52776
52778
23507
23508
52780
23511
52625
23512
52782
23515
52619
23516
52784
23519
23520
23523
23524
52786
52788
23527
23528
52790
23531
23532
52792
23535
23536
52794
23539
23540
23543
23544
52796
52798
23547
23548
52800
23551
23552
52802
23555
23556
52804
23559
23560
23563
23564
52806
52808
23568
23569
31606
52810
23572
23573
31629
52812
23576
23577
31652
52814
23580
23581
31675
23584
23585
31678
52816
52818
23588
23589
31681
52820
23592
23593
31684
52822
23596
23597
31687
52824
23600
23601
31690
23604
23605
31693
52826
52828
23608
23609
31696
52830
23612
23613
31699
52832
23616
23617
31702
52834
23620
23621
31705
23624
23625
31708
52836
52838
23628
23629
31711
52840
23632
23633
31714
52842
23636
23637
31717
52844
23640
23641
31720
23644
23645
31723
23649
23650
23651
23652
23655
23656
23657
23658
23661
23662
23663
23664
23667
23668
23669
23670
52846
23674
23675
52848
23678
23679
52850
23682
23683
52852
23686
23687
52854
23691
23692
52856
23695
23696
52858
23699
23700
52860
23703
23704
52862
23708
23709
52864
23712
23713
52866
23716
23717
52868
23720
23721
52870
23725
23726
52872
23729
23730
52874
23733
23734
52876
23737
23738
52878
23742
23743
52880
23746
23747
52882
23750
23751
52884
23754
23755
52886
23759
23760
52888
23763
23764
52890
23767
23768
52892
23771
23772
52894
23776
23777
52896
23780
23781
52898
23784
23785
52900
23788
23789
52902
23793
23794
52904
23797
23798
52906
23801
23802
52908
23805
23806
52910
23810
23811
52912
23814
23815
52914
23818
23819
52916
23822
23823
52918
23827
23828
52920
23831
23832
52922
23835
23836
52924
23839
23840
52926
23844
23845
35886
52928
23848
23849
35889
52930
23852
23853
35892
52932
23856
23857
35895
23861
23862
52934
23863
23864
23867
23868
52936
23869
23870
23873
23874
52938
23875
23876
23879
23880
52940
23881
23882
52942
23886
23887
52944
23890
23891
52946
23894
23895
52948
23898
23899
52950
23903
23904
52952
23907
23908
52954
23911
23912
52956
23915
23916
52958
23920
23921
52960
23924
23925
52962
23928
23929
52964
23932
23933
52966
23937
23938
52968
23941
23942
52970
23945
23946
52972
23949
23950
52974
23954
23955
52976
23958
23959
52978
23962
23963
52980
23966
23967
52982
23971
23972
52984
23975
23976
52986
23979
23980
52988
23983
23984
52990
23988
23989
52992
23992
23993
52994
23996
23997
52996
24000
24001
52998
24005
24006
53000
24009
24010
53002
24013
24014
53004
24017
24018
53006
24022
24023
53008
24026
24027
53010
24030
24031
53012
24034
24035
53014
24039
24040
53016
24043
24044
53018
24047
24048
53020
24051
24052
53022
24056
24057
35986
53024
24060
24061
35989
53026
24064
24065
35992
53028
24068
24069
35995
19174
53030
53032
53034
53036
53038
53040
48943
52631
19175
33651
33652
19222
48977
52711
52713
52693
19223
33676
14117
44065
52709
52691
52673
14118
31123
31125
14137
44075
52671
14138
31134
31135
14153
44083
52669
14154
31142
31143
14447
44329
52667
14448
31289
31290
14527
44341
14528
31329
31330
22606
51807
52705
52707
22607
35366
20523
50221
52665
20524
32903
34325
34326
20459
50173
52629
20460
34277
34294
20491
50199
52663
20492
34309
34310
20539
50233
52703
20540
34334
16428
46093
16429
32279
32280
21808
50959
52637
21809
33597
34967
34968
21744
50877
52627
21745
34919
34936
21776
50907
52635
21777
34951
34952
21824
50975
21825
34976
17837
47545
17838
32983
32984
22273
51379
22274
34255
34897
35199
35200
22209
51361
52633
22210
35151
35168
22241
51373
22242
35183
35184
22289
51387
22290
35208
12021
42471
52655
52657
52659
12022
30019
30077
12069
42477
52701
52689
52653
12070
30099
30101
12101
42485
52651
12102
30116
30117
12133
42541
52649
12134
28978
30132
30133
13131
43335
52647
13132
29471
30631
30632
14095
44047
52645
14096
29955
31113
31114
14431
44283
14432
30577
31059
31281
31282
13099
43303
52643
13100
30599
30616
14063
44015
52641
14064
31081
31098
14399
44279
52683
52639
14400
31249
31266
14511
44333
52675
14512
31321
31322
14173
44097
52699
52687
52661
14174
31153
14195
44109
52677
14196
31164
14211
44117
52681
14212
31172
14463
44299
52679
14464
31298
14543
44349
14544
31338
19226
48979
19227
33677
33678
22610
51809
22611
35367
35368
22626
51813
22627
35376
16412
46423
16413
28962
32271
32272
16380
46099
52695
52685
16381
32239
32256
16444
46103
16445
32288
20543
50675
20544
34335
34336
17821
47553
17822
28946
32975
32976
17789
47549
52697
17790
32943
32960
17853
47557
17854
32992
21828
50979
21829
34977
34978
19210
48983
19211
32217
33669
33670
19178
48947
19179
33637
33654
19242
48999
19243
33686
22293
51389
22294
35209
35210
14123
44069
14124
31126
31128
14141
44077
14142
31136
31137
14157
44085
14158
31144
31145
14179
44101
14180
31154
31156
14199
44111
14200
31165
31166
14215
44119
14216
31173
31174
14451
44287
14452
31291
31292
14467
44303
14468
31299
31300
14531
44343
14532
31331
31332
14547
44351
14548
31339
31340
20527
50225
20528
32921
34327
34328
20495
50203
20496
34295
34312
20559
50253
20560
34344
22630
51815
22631
35377
35378
16432
46109
16433
32281
32282
16448
46113
16449
32289
32290
21812
50963
21813
33615
34969
34970
21780
50911
21781
34937
34954
21844
50995
21845
34986
17841
47561
17842
32985
32986
17857
47959
17858
32993
32994
22277
51381
22278
34273
34915
35201
35202
22245
51383
22246
35169
35186
22309
51427
22310
35218
12139
42543
12140
30078
30136
13135
43339
13136
30617
30634
14099
44053
14100
31099
31116
14435
44271
14436
31267
31284
14515
44335
14516
31323
31324
14235
44133
14236
31184
14257
44145
14258
31195
14273
44153
14274
31203
14483
44317
14484
31308
14563
44357
14564
31348
19230
48987
19231
33679
33680
19246
49003
19247
33687
33688
22614
51811
22615
35369
35370
22646
51819
22647
35386
16416
46117
16417
32257
32274
16464
46121
16465
32298
20547
50241
20548
34337
34338
20563
50257
20564
34345
34346
17825
47567
17826
32961
32978
17873
47935
17874
33002
21832
50983
21833
34979
34980
21848
50999
21849
34987
34988
19214
48991
19215
33655
33672
19262
49349
19263
33696
22297
51391
22298
35211
35212
22313
51437
22314
35219
35220
14129
44071
14130
31129
31131
14145
44079
14146
31138
31139
14161
44089
14162
31146
31147
14185
44105
14186
31157
31159
14203
44113
14204
31167
31168
14219
44121
14220
31175
31176
14241
44137
14242
31185
31187
14261
44147
14262
31196
31197
14277
44155
14278
31204
31205
14455
44291
14456
31293
31294
14471
44307
14472
31301
31302
14487
44319
14488
31309
31310
14535
44345
14536
31333
31334
14551
44353
14552
31341
31342
14567
44359
14568
31349
31350
20531
50229
20532
34313
34330
20579
50269
20580
34354
22634
51817
22635
35379
35380
16436
46125
16437
32283
32284
22650
51821
22651
35387
35388
16452
46129
16453
32291
32292
16468
46133
16469
32299
32300
21816
50967
21817
34955
34972
21864
51015
21865
34996
17845
47573
17846
32987
32988
17861
47577
17862
32995
32996
17877
47581
17878
33003
33004
22281
51385
22282
35187
35204
22329
51457
22330
35228
14105
44057
14106
31119
14439
44275
14440
31286
14519
44337
14520
31326
14775
44533
14776
31454
19234
48995
19235
33681
33682
19250
49007
19251
33689
33690
19266
49017
19267
33697
33698
16420
46135
16421
32276
20551
50245
20552
34339
34340
20567
50261
20568
34347
34348
20583
50275
20584
34355
34356
17829
47585
17830
32980
21836
50987
21837
34981
34982
22618
51823
22619
35371
35372
21852
51003
21853
34989
34990
21868
51019
21869
34997
34998
19218
49013
19219
33674
22301
51445
22302
35213
35214
22317
51449
22318
35221
35222
22333
51461
22334
35229
35230
14167
44093
14168
31120
31150
14191
44107
14192
31160
31162
22666
51827
22667
35396
14207
44115
14208
31169
31170
14223
44125
14224
31177
31178
14247
44141
14248
31188
31190
14265
44149
14266
31198
31199
14281
44157
14282
31206
31207
14459
44295
14460
31287
31296
14475
44311
14476
31303
31304
14491
44321
14492
31311
31312
14539
44347
14540
31327
31336
14555
44355
14556
31343
31344
14571
44361
14572
31351
31352
14779
44535
14780
31455
31456
14591
44371
14592
31362
14613
44391
14614
31373
14629
44403
14630
31381
14795
44541
14796
31464
20535
50249
20536
34332
22638
51825
22639
35381
35382
22654
51829
22655
35389
35390
22670
51831
22671
35397
35398
16440
46141
16441
32277
32286
16456
46147
16457
32293
32294
16472
46151
16473
32301
32302
16488
46155
16489
32310
21820
50971
21821
34974
17849
47589
17850
32981
32990
17865
47593
17866
32997
32998
17881
47597
17882
33005
33006
17897
47601
17898
33014
22285
51467
22286
35206
19238
49335
19239
33675
33684
19254
49023
19255
33691
33692
19270
49027
19271
33699
33700
19286
49031
19287
33708
14597
44377
14598
31363
31365
14617
44395
14618
31374
31375
14633
44405
14634
31382
31383
14799
44555
14800
31465
31466
22622
51851
22623
35374
20555
50265
20556
34333
34342
20571
50279
20572
34349
34350
20587
50283
20588
34357
34358
20603
50291
20604
34366
16492
46161
16493
32311
32312
22943
22944
35534
21840
50991
21841
34975
34984
21856
51007
21857
34991
34992
21872
51023
21873
34999
35000
21888
51039
21889
35008
17901
47607
17902
33015
33016
22305
51473
22306
35207
35216
22321
51481
22322
35223
35224
22337
51485
22338
35231
35232
22353
51491
22354
35240
14229
44129
14230
31151
31181
14253
44143
14254
31191
31193
14269
44151
14270
31200
31201
14285
44161
14286
31208
31209
14479
44315
14480
31297
31306
14495
44325
14496
31313
31314
14559
44367
14560
31337
31346
14575
44383
14576
31353
31354
14783
44537
14784
31457
31458
14653
44419
14654
31393
14675
44431
14676
31404
14691
44439
14692
31412
14815
44561
14816
31474
19290
49039
19291
33709
33710
22642
51857
22643
35375
35384
22658
51853
22659
35391
35392
22674
51855
22675
35399
35400
22690
51867
22691
35408
16460
46165
16461
32287
32296
16476
46167
16477
32303
32304
16508
46173
16509
32320
20607
50295
20608
34367
34368
22947
52145
22948
35535
35536
22963
52151
22964
35544
17869
47611
17870
32991
33000
17885
47615
17886
33007
33008
17917
47619
17918
33024
21892
51043
21893
35009
35010
19258
49035
19259
33685
33694
19274
49043
19275
33701
33702
19306
49053
19307
33718
22357
51495
22358
35241
35242
14603
44387
14604
31366
31368
14621
44399
14622
31376
31377
14637
44407
14638
31384
31385
14659
44423
14660
31394
31396
14679
44433
14680
31405
31406
14695
44441
14696
31413
31414
14803
44557
14804
31467
31468
14819
44563
14820
31475
31476
20575
50287
20576
34343
34352
20591
50299
20592
34359
34360
20623
50313
20624
34376
22694
51871
22695
35409
35410
16496
46181
16497
32313
32314
16512
46183
16513
32321
32322
21860
51011
21861
34985
34994
21876
51027
21877
35001
35002
21908
51059
21909
35018
22967
52153
22968
35545
35546
17905
47623
17906
33017
33018
17921
47625
17922
33025
33026
22325
51501
22326
35217
35226
22341
51507
22342
35233
35234
22373
51517
22374
35250
14291
44163
14292
29957
31182
31212
14499
44327
14500
30579
31307
31316
14579
44401
14580
31061
31347
31356
14787
44539
14788
31229
31459
31460
14715
44481
14716
31424
14737
44521
14738
31435
14753
44525
14754
31117
31443
14835
44567
14836
31285
31325
31484
19294
49049
19295
33711
33712
19310
49057
19311
33719
33720
22662
51877
22663
35385
35394
22678
51875
22679
35401
35402
22710
51883
22711
35418
16480
46193
16481
29473
32297
32306
16528
46203
16529
30635
32330
20611
50303
20612
34369
34370
20627
50317
20628
34377
34378
22951
52147
22952
35537
35538
22983
52159
22984
35554
17889
47631
17890
28981
33001
33010
17937
47635
17938
30137
33034
21896
51047
21897
35011
35012
21912
51063
21913
35019
35020
19278
49061
19279
32219
33695
33704
19326
49069
19327
32275
33728
22361
51511
22362
35243
35244
22377
51521
22378
35251
35252
14609
44411
14610
30016
31369
31371
14625
44415
14626
30597
31378
31379
14641
44427
14642
31079
31386
31387
14807
44559
14808
31247
31469
31470
14665
44429
14666
31397
31399
14683
44435
14684
31407
31408
14699
44455
14700
31415
31416
14721
44517
14722
31425
31427
14741
44523
14742
31436
31437
14757
44527
14758
31148
31444
31445
14839
44569
14840
31295
31335
31485
31486
14823
44565
14824
31477
31478
20595
50307
20596
32923
34353
34362
20643
50347
20644
32979
34386
22698
51885
22699
35411
35412
22714
51893
22715
35419
35420
16500
46209
16501
30000
32315
32316
16532
46225
16533
31140
32331
32332
16516
46217
16517
32323
32324
21880
51031
21881
33617
34995
35004
21928
51079
21929
33673
35028
22971
52155
22972
35547
35548
17909
47639
17910
29984
33019
33020
22987
52161
22988
35555
35556
17941
47647
17942
31132
33035
33036
17925
47643
17926
33027
33028
22345
51527
22346
34275
35227
35236
22393
51541
22394
34331
35260
14585
44437
14586
31359
14791
44553
14792
31462
14855
44573
14856
31494
19298
49065
19299
32237
33713
33714
19330
49075
19331
32285
33729
33730
19314
49073
19315
33721
33722
22682
51897
22683
34917
35395
35404
22730
51901
22731
34973
35428
16484
46233
16485
32308
20615
50327
20616
32941
34371
34372
20647
50351
20648
32989
34387
34388
20631
50331
20632
34379
34380
17893
47655
17894
33012
21900
51051
21901
33635
35013
35014
21932
51083
21933
33683
35029
35030
21916
51067
21917
35021
35022
19282
49081
19283
33706
22365
51531
22366
34293
35245
35246
22955
52149
22956
35149
35539
35540
22397
51549
22398
34341
35261
35262
22381
51537
22382
35253
35254
14671
44529
14672
30075
31400
31402
14687
44531
14688
30615
31409
31410
14703
44543
14704
31097
31417
31418
23003
52171
23004
35205
35373
35564
14827
44575
14828
31265
31479
31480
14647
44519
14648
31360
31390
14727
44545
14728
31428
31430
14745
44547
14746
31438
31439
14761
44549
14762
31179
31446
31447
14843
44577
14844
31305
31345
31487
31488
14811
44571
14812
31463
31472
14859
44581
14860
31495
31496
14879
44587
14880
31506
14901
44607
14902
31517
14917
44621
14918
31525
20599
50339
20600
34364
22702
51905
22703
34935
35413
35414
22734
51915
22735
34983
35429
35430
22718
51909
22719
35421
35422
16520
46243
16521
30059
32325
32326
16536
46251
16537
31171
32333
32334
16504
46241
16505
32309
32318
16552
46255
16553
32342
21884
51035
21885
35006
23007
52173
23008
35215
35383
35565
35566
22975
52157
22976
35167
35549
35550
22991
52163
22992
35557
35558
17929
47665
17930
30043
33029
33030
17945
47671
17946
31163
33037
33038
17913
47663
17914
33013
33022
17961
47673
17962
33046
22349
51553
22350
35238
19318
49087
19319
32255
33723
33724
19334
49095
19335
32295
33731
33732
19302
49085
19303
33707
33716
19350
49103
19351
33740
14885
44593
14886
31507
31509
14905
44613
14906
31518
31519
14921
44625
14922
31526
31527
22686
51917
22687
35406
20635
50355
20636
32959
34381
34382
20651
50359
20652
32999
34389
34390
20619
50353
20620
34365
34374
20667
50369
20668
34398
16556
46259
16557
32343
32344
22959
52165
22960
35542
21920
51071
21921
33653
35023
35024
21936
51087
21937
33693
35031
35032
21904
51055
21905
35007
35016
21952
51103
21953
35040
17965
47685
17966
33047
33048
23216
52505
23217
35670
22385
51565
22386
34311
35255
35256
22401
51571
22402
34351
35263
35264
22369
51561
22370
35239
35248
22417
51579
22418
35272
14733
44599
14734
30134
31431
31433
14749
44603
14750
30633
31440
31441
14765
44615
14766
31115
31210
31448
31449
14847
44627
14848
31283
31315
31355
31489
31490
14709
44551
14710
31391
31421
14831
44619
14832
31473
31482
14863
44633
14864
31497
31498
14941
44641
14942
31537
14963
44655
14964
31548
14979
44665
14980
31556
19354
49105
19355
33741
33742
22722
51931
22723
34953
35423
35424
22738
51935
22739
34993
35431
35432
22706
51925
22707
35407
35416
22754
51939
22755
35440
16540
46271
16541
30118
31202
32335
32336
16524
46267
16525
32319
32328
16572
46279
16573
32352
20671
50381
20672
34399
34400
23011
52175
23012
35225
35393
35567
35568
22995
52169
22996
35185
35559
35560
22979
52167
22980
35543
35552
23027
52181
23028
35576
17949
47699
17950
30102
31194
33039
33040
17933
47687
17934
33023
33032
17981
47709
17982
33056
21956
51107
21957
35041
35042
23220
52507
23221
35671
35672
23236
52515
23237
35680
19338
49121
19339
32273
32305
33733
33734
19322
49119
19323
33717
33726
19370
49123
19371
33750
22421
51583
22422
35273
35274
14891
44637
14892
31510
31512
14909
44645
14910
31520
31521
14925
44651
14926
31528
31529
14947
44653
14948
31538
31540
14967
44659
14968
31549
31550
14983
44667
14984
31557
31558
20655
50385
20656
32977
33009
34391
34392
20639
50371
20640
34375
34384
20687
50393
20688
34408
22758
51943
22759
35441
35442
16560
46283
16561
32345
32346
16576
46291
16577
32353
32354
21940
51091
21941
33671
33703
35033
35034
21924
51075
21925
35017
35026
21972
51125
21973
35050
23031
52183
23032
35577
35578
17969
47705
17970
33049
33050
17985
47727
17986
33057
33058
22405
51593
22406
34329
34361
35265
35266
22389
51585
22390
35249
35258
22437
51601
22438
35282
14771
44663
14772
31422
31452
14851
44683
14852
31483
31492
14867
44689
14868
31499
31500
23240
52517
23241
35681
35682
15003
44697
15004
31568
15025
44705
15026
31579
15041
44713
15042
31357
31461
31587
19358
49125
19359
33743
33744
19374
49127
19375
33751
33752
22742
51951
22743
34971
35003
35433
35434
22726
51949
22727
35417
35426
22774
51959
22775
35450
16544
46295
16545
32329
32338
16592
46297
16593
31317
32362
20675
50387
20676
34401
34402
20691
50395
20692
34409
34410
23015
52177
23016
35203
35235
35403
35569
35570
22999
52179
23000
35553
35562
23047
52187
23048
35586
17953
47707
17954
33033
33042
18001
47735
18002
31213
33066
21960
51115
21961
35043
35044
21976
51131
21977
35051
35052
23224
52509
23225
35673
35674
23256
52525
23257
35690
19342
49129
19343
33727
33736
19390
49133
19391
32307
33760
22425
51603
22426
35275
35276
22441
51611
22442
35283
35284
14897
44701
14898
31513
31515
14913
44703
14914
31522
31523
14929
44707
14930
31530
31531
14953
44709
14954
31541
31543
14971
44711
14972
31551
31552
14987
44715
14988
31559
31560
15009
44729
15010
31569
31571
15029
44731
15030
31580
31581
15045
44733
15046
31388
31471
31588
31589
20659
50403
20660
34385
34394
20707
50413
20708
33011
34418
22762
51961
22763
35443
35444
22778
51969
22779
35451
35452
16596
46311
16597
31380
32363
32364
16564
46299
16565
32347
32348
16580
46307
16581
32355
32356
21944
51095
21945
35027
35036
21992
51149
21993
33705
35060
23035
52185
23036
35579
35580
23051
52201
23052
35587
35588
18005
47737
18006
31372
33067
33068
17973
47729
17974
33051
33052
17989
47731
17990
33059
33060
22409
51617
22410
35259
35268
22457
51627
22458
34363
35292
23244
52519
23245
35683
35684
14873
44735
14874
31503
15063
44743
15064
31598
19394
49137
19395
32317
33761
33762
19362
49131
19363
33745
33746
23260
52527
23261
35691
35692
19378
49135
19379
33753
33754
22746
51973
22747
35427
35436
22794
51977
22795
35005
35460
16548
46313
16549
32340
20711
50429
20712
33021
34419
34420
20679
50411
20680
34403
34404
20695
50427
20696
34411
34412
23019
52189
23020
35563
35572
23067
52207
23068
35237
35596
17957
47733
17958
33044
21996
51153
21997
33715
35061
35062
21964
51135
21965
35045
35046
21980
51141
21981
35053
35054
19346
49169
19347
33738
22461
51635
22462
34373
35293
35294
22429
51623
22430
35277
35278
22445
51631
22446
35285
35286
14935
44747
14936
31504
31534
23228
52511
23229
35675
35676
14959
44757
14960
31544
31546
14975
44761
14976
31553
31554
14991
44763
14992
31561
31562
15015
44765
15016
31572
31574
15033
44767
15034
31582
31583
15049
44769
15050
31419
31481
31590
31591
15067
44789
15068
31599
31600
15087
44797
15088
31610
15109
44799
15110
31621
20663
50441
20664
34396
22798
52141
22799
35015
35461
35462
22766
51981
22767
35445
35446
23276
52535
23277
35405
35541
35700
22782
51991
22783
35453
35454
16600
46329
16601
31411
32365
32366
16568
46315
16569
32341
32350
16584
46323
16585
32357
32358
16616
46331
16617
32374
21948
51099
21949
35038
23071
52237
23072
35247
35597
35598
23039
52197
23040
35581
35582
23055
52203
23056
35589
35590
18009
47787
18010
31403
33069
33070
17977
47739
17978
33045
33054
17993
47773
17994
33061
33062
18025
47797
18026
33078
22413
51639
22414
35270
23280
52537
23281
35415
35551
35701
35702
23248
52521
23249
35685
35686
23264
52529
23265
35693
35694
19398
49191
19399
32327
33763
33764
19366
49185
19367
33739
33748
19382
49187
19383
33755
33756
19414
49193
19415
33772
15093
44801
15094
31611
31613
15113
44803
15114
31622
31623
22750
51999
22751
35438
20715
50455
20716
33031
34421
34422
20683
50451
20684
34397
34406
20699
50453
20700
34413
34414
20731
50469
20732
34430
16620
46333
16621
32375
32376
23023
52191
23024
35574
22000
51167
22001
33725
35063
35064
21968
51157
21969
35039
35048
21984
51165
21985
35055
35056
22016
51187
22017
35072
18029
47801
18030
33079
33080
23232
52513
23233
35678
22465
51653
22466
34383
35295
35296
22433
51643
22434
35271
35280
22449
51645
22450
35287
35288
22481
51659
22482
35304
14997
44805
14998
31535
31565
15021
44807
15022
31575
31577
15037
44809
15038
31584
31585
15053
44811
15054
31450
31491
31592
31593
15071
44853
15072
31601
31602
15133
44857
15134
31633
15155
44859
15156
31644
19418
49211
19419
33773
33774
23425
23426
35774
22802
52015
22803
35025
35463
35464
22770
52005
22771
35439
35448
22786
52007
22787
35455
35456
22818
52017
22819
35472
16604
46341
16605
31442
32367
32368
16588
46339
16589
32351
32360
16636
46347
16637
32384
20735
50475
20736
34431
34432
23075
52241
23076
35257
35599
35600
23043
52199
23044
35575
35584
23059
52205
23060
35591
35592
23091
52249
23092
35608
18013
47805
18014
31434
33071
33072
17997
47793
17998
33055
33064
18045
47809
18046
33088
22020
51191
22021
35073
35074
23284
52539
23285
35425
35561
35703
35704
23252
52523
23253
35679
35688
23268
52531
23269
35695
35696
23300
52547
23301
35712
19402
49221
19403
32337
33765
33766
19386
49219
19387
33749
33758
19434
49229
19435
33782
22485
51663
22486
35305
35306
15099
44865
15100
31614
31616
15117
44871
15118
31624
31625
15139
44877
15140
31634
31636
15159
44881
15160
31645
31646
23429
52741
23430
35775
35776
23445
52749
23446
35784
20719
50483
20720
33041
34423
34424
20703
50479
20704
34407
34416
20751
50489
20752
34440
22822
52019
22823
35473
35474
16624
46349
16625
32377
32378
16640
46357
16641
32385
32386
22004
51183
22005
33735
35065
35066
21988
51179
21989
35049
35058
22036
51209
22037
35082
23095
52255
23096
35609
35610
18033
47813
18034
33081
33082
18049
47819
18050
33089
33090
22469
51673
22470
34393
35297
35298
22453
51665
22454
35281
35290
22501
51675
22502
35314
15059
44883
15060
31566
31596
15075
44885
15076
31603
31604
23304
52549
23305
35713
35714
15179
44887
15180
31656
15201
44893
15202
31501
31667
19422
49231
19423
33775
33776
19438
49239
19439
33783
33784
22806
52033
22807
35035
35465
35466
22790
52029
22791
35449
35458
22838
52035
22839
35482
16608
46359
16609
32361
32370
23449
52751
23450
35785
35786
16656
46367
16657
31493
32394
20739
50493
20740
34433
34434
20755
50501
20756
34441
34442
23079
52247
23080
35267
35601
35602
23063
52239
23064
35585
35594
23111
52339
23112
35618
18017
47823
18018
33065
33074
18065
47829
18066
31453
33098
22024
51197
22025
35075
35076
22040
51213
22041
35083
35084
23288
52541
23289
35435
35571
35705
35706
23272
52533
23273
35689
35698
23320
52557
23321
35722
19406
49241
19407
33759
33768
19454
49249
19455
32339
33792
22489
51677
22490
35307
35308
22505
51679
22506
35315
35316
15105
44903
15106
31617
31619
15121
44909
15122
31626
31627
15145
44917
15146
31637
31639
15163
44925
15164
31647
31648
15185
44931
15186
31657
31659
15205
44937
15206
31532
31668
31669
23433
52743
23434
35777
35778
23465
52759
23466
35794
20723
50507
20724
34417
34426
20771
50509
20772
33043
34450
22826
52041
22827
35475
35476
22842
52047
22843
35483
35484
16660
46385
16661
31524
32395
32396
16628
46369
16629
32379
32380
16644
46377
16645
32387
32388
22008
51199
22009
35059
35068
22056
51227
22057
33737
35092
23099
52259
23100
35611
35612
23115
52343
23116
35619
35620
18069
47845
18070
31516
33099
33100
18037
47833
18038
33083
33084
18053
47841
18054
33091
33092
22473
51681
22474
35291
35300
22521
51719
22522
34395
35324
23308
52551
23309
35715
35716
23324
52559
23325
35723
35724
15081
44943
15082
31607
19458
49263
19459
32349
33793
33794
19426
49257
19427
33777
33778
19442
49261
19443
33785
33786
22810
52051
22811
35459
35468
22858
52053
22859
35037
35492
23453
52753
23454
35787
35788
15231
44947
15232
31682
16612
46389
16613
32372
20775
50551
20776
33053
34451
34452
20743
50511
20744
34435
34436
23469
52761
23470
35795
35796
20759
50513
20760
34443
34444
23083
52263
23084
35595
35604
23131
52373
23132
35269
35628
16680
46399
16681
32406
18021
47855
18022
33076
22060
51233
22061
33747
35093
35094
22028
51217
22029
35077
35078
22044
51223
22045
35085
35086
15261
44949
15262
31697
23292
52543
23293
35699
35708
23340
52575
23341
35437
35732
18089
47857
18090
33110
19410
49265
19411
33770
22525
51723
22526
34405
35325
35326
22493
51685
22494
35309
35310
22509
51707
22510
35317
35318
15127
44957
15128
31608
31630
15151
44963
15152
31640
31642
15167
44975
15168
31649
31650
15191
44983
15192
31660
31662
15209
44985
15210
31563
31670
31671
16700
46401
16701
32416
23437
52745
23438
35779
35780
19478
49271
19479
33804
20727
50515
20728
34428
22862
52073
22863
35047
35493
35494
22830
52061
22831
35477
35478
22846
52065
22847
35485
35486
16664
46415
16665
31555
32397
32398
15237
44987
15238
31683
31685
16632
46411
16633
32373
32382
16648
46413
16649
32389
32390
15291
44991
15292
31712
18109
47887
18110
33120
20795
50573
20796
34462
22012
51237
22013
35070
23135
52379
23136
35279
35629
35630
23103
52275
23104
35613
35614
23485
52769
23486
35573
35677
35804
23119
52349
23120
35621
35622
18073
47863
18074
31547
33101
33102
16684
46417
16685
32407
32408
18041
47859
18042
33077
33086
18057
47861
18058
33093
33094
16720
46419
16721
31605
32426
19498
49281
19499
33814
15267
45053
15268
31698
31700
22080
51269
22081
35104
22477
51705
22478
35302
23344
52579
23345
35447
35733
35734
23312
52553
23313
35717
35718
23328
52561
23329
35725
35726
19462
49287
19463
32359
33795
33796
18093
47889
18094
33111
33112
19430
49273
19431
33771
33780
19446
49279
19447
33787
33788
18129
47895
18130
31597
33130
20815
50625
20816
34472
16704
46421
16705
32417
32418
22545
51749
22546
35336
22814
52077
22815
35470
23489
52771
23490
35583
35687
35805
35806
23457
52755
23458
35789
35790
23473
52763
23474
35797
35798
20779
50565
20780
33063
34453
34454
19482
49293
19483
33805
33806
20747
50517
20748
34429
34438
20763
50555
20764
34445
34446
19518
49309
19519
32371
33824
15297
45077
15298
31713
31715
22100
51347
22101
35114
18113
47891
18114
33121
33122
22882
52085
22883
35504
23087
52271
23088
35606
22064
51261
22065
33757
35095
35096
20799
50585
20800
34463
34464
22032
51245
22033
35071
35080
22048
51253
22049
35087
35088
20835
50659
20836
33075
34482
16724
46425
16725
31628
32427
32428
22565
51773
22566
35346
19502
49299
19503
33815
33816
23155
52403
23156
35640
23296
52545
23297
35710
22529
51737
22530
34415
35327
35328
22084
51283
22085
35105
35106
22497
51713
22498
35303
35312
22513
51729
22514
35319
35320
22120
51345
22121
33769
35124
15173
45213
15174
31631
31653
15197
45215
15198
31663
31665
15213
45329
15214
31594
31672
31673
18133
47913
18134
31620
33131
33132
22902
52093
22903
35514
20819
50637
20820
34473
34474
23364
52601
23365
35744
23441
52747
23442
35782
53042
53044
53046
53048
53050
53052
53054
53056
53058
53060
53062
22866
52111
22867
35057
35495
35496
22549
51753
22550
35337
35338
22834
52097
22835
35471
35480
22850
52103
22851
35487
35488
22585
51785
22586
34427
35356
16668
46547
16669
31586
32399
32400
15243
45331
15244
31686
31688
16652
46497
16653
32383
32392
19522
49315
19523
32381
33825
33826
23175
52469
23176
35650
22104
51303
22105
35115
35116
23509
52781
23510
35816
23570
52811
23571
35846
53064
53066
53068
53070
23139
52383
23140
35289
35631
35632
22886
52115
22887
35505
35506
23107
52325
23108
35607
35616
23123
52353
23124
35623
35624
22922
52119
22923
35069
35524
18077
47925
18078
31578
33103
33104
16688
46775
16689
32409
32410
18061
47893
18062
33087
33096
20839
50663
20840
33085
34483
34484
23384
52739
23385
35754
22569
51775
22570
35347
35348
15273
45347
15274
31701
31703
23590
52821
23591
35856
23348
52581
23349
35457
35735
35736
23159
52409
23160
35641
35642
23316
52555
53063
23317
35711
35720
23332
52567
53061
23333
35727
35728
23195
52479
23196
35301
35660
19466
49319
53059
19467
32369
33797
33798
18097
47927
18098
33113
33114
19450
49305
53057
19451
33781
33790
22124
51321
22125
33779
35125
35126
23529
52791
23530
35826
22906
52125
22907
35515
35516
16708
46787
16709
32419
32420
23493
52773
23494
35593
35697
35807
35808
23368
52603
23369
35745
35746
23461
52757
53055
23462
35783
35792
23477
52765
23478
35799
35800
23404
52729
23405
35469
35764
20783
50589
53053
20784
33073
34455
34456
19486
49331
19487
33807
33808
20767
50569
53051
20768
34439
34448
22589
51793
22590
34437
35357
35358
15303
45361
15304
31716
31718
23610
52831
23611
35866
23179
52471
23180
35651
35652
18117
47947
18118
33123
33124
23513
52783
23514
35817
35818
23574
52813
23575
35847
35848
23549
52801
23550
35605
35836
22068
51289
53069
22069
33767
35097
35098
20803
50601
20804
34465
34466
22052
51277
53049
22053
35081
35090
22926
52129
22927
35079
35525
35526
16728
46803
16729
31651
32429
32430
23388
52721
23389
35755
35756
19506
49337
19507
33817
33818
23594
52823
23595
35857
35858
23630
52841
23631
35709
35781
35876
22533
51759
22534
34425
35329
35330
22088
51297
22089
35107
35108
22517
51741
53047
22518
35313
35322
15219
45381
53043
53045
15220
31654
31676
23199
52497
23200
35311
35661
35662
18137
47963
18138
31643
33133
33134
23533
52793
23534
35827
35828
20823
50645
20824
34475
34476
22870
52139
22871
35067
35497
35498
22553
51763
22554
35339
35340
22854
52135
53067
22855
35481
35490
15249
45605
15250
31689
31691
16672
46809
53065
16673
32393
32402
23408
52731
23409
35479
35765
35766
19526
49455
19527
32391
33827
33828
23614
52833
23615
35867
35868
22108
51309
53071
22109
35117
35118
23143
52391
23144
35299
35633
35634
22890
52193
22891
35507
35508
23127
52369
23128
35617
35626
16692
46817
16693
32411
32412
18081
47983
18082
33097
33106
23553
52803
23554
35615
35837
35838
20843
50671
20844
33095
34485
34486
22573
51781
22574
35349
35350
15279
45607
15280
31704
31706
23352
52587
23353
35467
35737
35738
23163
52463
23164
35643
35644
23336
52571
23337
35721
35730
18101
48213
18102
33115
33116
19470
49461
19471
33791
33800
23634
52843
23635
35719
35791
35877
35878
22128
51327
22129
33789
35127
35128
22910
52195
22911
35517
35518
16712
46863
16713
32421
32422
23497
52775
23498
35603
35707
35809
35810
23372
52605
23373
35747
35748
23481
52767
23482
35793
35802
19490
49467
19491
33809
33810
20787
50609
20788
34449
34458
22593
51797
22594
34447
35359
35360
15309
45609
15310
31719
31721
23183
52473
23184
35653
35654
18121
48227
18122
33125
33126
23517
52785
23518
35819
35820
23578
52815
23579
35849
35850
20807
50617
20808
34467
34468
22072
51313
22073
35091
35100
22930
52283
22931
35089
35527
35528
16732
47095
16733
31674
32431
32432
23392
52723
23393
35757
35758
19510
49475
19511
33819
33820
23598
52825
23599
35859
35860
22092
51329
22093
35109
35110
22537
51765
22538
35323
35332
15225
45995
15226
31679
23203
52499
23204
35321
35663
35664
18141
48265
18142
31666
33135
33136
23537
52795
23538
35829
35830
20827
50651
20828
34477
34478
22557
51767
22558
35341
35342
22874
52287
22875
35491
35500
15255
45993
15256
31680
31694
16676
47093
16677
32404
23412
52733
23413
35489
35767
35768
19530
49531
19531
32401
33829
33830
23618
52835
23619
35869
35870
22112
51337
22113
35119
35120
22894
52289
22895
35509
35510
23147
52395
23148
35627
35636
16696
47091
16697
32405
32414
18085
48263
18086
33108
23557
52805
23558
35625
35839
35840
20847
50707
20848
33105
34487
34488
22577
51803
22578
35351
35352
15285
47089
15286
31695
31709
23167
52467
23168
35645
35646
23356
52597
23357
35731
35740
18105
48261
18106
33109
33118
19474
49529
19475
33802
23638
52845
23639
35729
35801
35879
35880
22132
51341
22133
33799
35129
35130
22914
52297
22915
35519
35520
16716
47457
16717
32415
32424
23376
52719
23377
35749
35750
23501
52779
23502
35803
35812
19494
49527
19495
33803
33812
20791
50699
20792
34460
22597
52313
22598
34457
35361
35362
15315
48259
15316
31710
31724
23187
52477
23188
35655
35656
15317
31725
18125
48255
18126
33119
33128
23521
52789
23522
35821
35822
23582
52819
23583
35851
35852
20811
50697
20812
34461
34470
22076
51343
22077
35102
22934
52323
22935
35099
35529
35530
16736
48257
16737
32425
32434
23396
52727
23397
35759
35760
16738
32435
19514
49585
19515
33813
33822
23602
52829
23603
35861
35862
22096
51363
22097
35103
35112
22541
52311
22542
35334
23207
52503
23208
35331
35665
35666
18145
48495
18146
33129
33138
23541
52799
23542
35831
35832
18147
33139
20831
50695
20832
34471
34480
22561
52309
22562
35335
35344
22878
52321
22879
35502
23416
52737
23417
35499
35769
35770
19534
49675
19535
33823
33832
23622
52839
23623
35871
35872
19536
33833
22116
52307
22117
35113
35122
22898
52319
22899
35503
35512
23151
52401
23152
35638
23561
52809
23562
35635
35841
35842
20851
50701
20852
34481
34490
22581
52317
22582
35345
35354
20853
34491
23171
52465
23172
35639
35648
23360
52717
23361
35742
23642
53041
23643
35739
35811
35881
35882
22136
52315
22137
35123
35132
22918
52367
22919
35513
35522
22138
35133
23380
52715
23381
35743
35752
23505
52777
23506
35814
22601
52365
22602
35355
35364
23191
52475
23192
35649
35658
22603
35365
23525
52787
23526
35815
35824
23586
52817
23587
35854
22938
52363
22939
35523
35532
23400
52725
23401
35753
35762
22940
35533
23606
52827
23607
35855
35864
23653
53039
23654
35887
23211
52501
23212
35659
35668
23545
52797
23546
35825
35834
23213
35669
23659
53037
23660
35888
35890
23676
53035
23677
35898
23420
52735
23421
35763
35772
23626
52837
23627
35865
35874
23422
35773
23680
53033
23681
35899
35900
23693
52857
23694
35906
23565
52807
23566
35835
35844
23665
52851
23666
35891
35893
23567
35845
23697
52859
23698
35907
35908
23710
52865
23711
35914
23646
52849
23647
35875
35884
23684
52853
23685
35901
35902
23648
35885
23714
52867
23715
35915
35916
23727
52873
23728
35922
23671
52847
23672
35894
35896
23701
52861
23702
35909
35910
23673
35897
23731
52875
23732
35923
35924
23744
52881
23745
35930
23688
52855
23689
35903
35904
23718
52869
23719
35917
35918
23690
35905
23748
52883
23749
35931
35932
23761
52889
23762
35938
23705
52863
23706
35911
35912
23735
52877
23736
35925
35926
23707
35913
23765
52891
23766
35939
35940
23778
52897
23779
35946
23722
52871
23723
35919
35920
23752
52885
23753
35933
35934
23724
35921
23782
52899
23783
35947
35948
23795
52905
23796
35954
23739
52879
23740
35927
35928
23769
52893
23770
35941
35942
23741
35929
23799
52907
23800
35955
35956
23812
52913
23813
35962
23756
52887
23757
35935
35936
23786
52901
23787
35949
35950
23758
35937
23816
52915
23817
35963
35964
23829
52921
23830
35970
23773
52895
23774
35943
35944
23803
52909
23804
35957
35958
23775
35945
23833
52923
23834
35971
35972
23846
52929
23847
35978
23790
52903
23791
35951
35952
23820
52917
23821
35965
35966
23792
35953
23850
52931
23851
35979
35980
23865
52937
23866
31677
35987
23807
52911
23808
35959
35960
23837
52925
23838
35973
35974
23809
35961
23871
52939
23872
31692
35988
35990
23888
52945
23889
32403
35998
23824
52919
23825
35967
35968
23854
52933
23855
35981
35982
23826
35969
23892
52947
23893
32413
35999
36000
23905
52953
23906
33107
36006
23841
52927
23842
35975
35976
23877
52941
23878
31707
35991
35993
23843
35977
23909
52955
23910
33117
36007
36008
23922
52961
23923
33801
36014
23858
52935
23859
35983
35984
23896
52949
23897
32423
36001
36002
23860
35985
23926
52963
23927
33811
36015
36016
23939
52969
23940
34459
36022
23883
52943
23884
31722
35994
35996
23913
52957
23914
33127
36009
36010
23885
35997
23943
52971
23944
34469
36023
36024
23956
52977
23957
35101
36030
23900
52951
23901
32433
36003
36004
23930
52965
23931
33821
36017
36018
23902
36005
23960
52979
23961
35111
36031
36032
23973
52985
23974
35333
36038
23917
52959
23918
33137
36011
36012
23947
52973
23948
34479
36025
36026
23919
36013
23977
52987
23978
35343
36039
36040
23990
52993
23991
35501
36046
23934
52967
23935
33831
36019
36020
23964
52981
23965
35121
36033
36034
23936
36021
23994
52995
23995
35511
36047
36048
24007
53001
24008
35637
36054
23951
52975
23952
34489
36027
36028
23981
52989
23982
35353
36041
36042
23953
36029
24011
53003
24012
35647
36055
36056
24024
53009
24025
35741
36062
23968
52983
23969
35131
36035
36036
23998
52997
23999
35521
36049
36050
23970
36037
24028
53011
24029
35751
36063
36064
24041
53017
24042
35813
36070
23985
52991
23986
35363
36043
36044
24015
53005
24016
35657
36057
36058
23987
36045
24045
53019
24046
35823
36071
36072
24058
53025
24059
35853
36078
24002
52999
24003
35531
36051
36052
24032
53013
24033
35761
36065
36066
24004
36053
24062
53027
24063
35863
36079
36080
24019
53007
24020
35667
36059
36060
24049
53021
24050
35833
36073
36074
24021
36061
24036
53015
24037
35771
36067
36068
24066
53029
24067
35873
36081
36082
24038
36069
24053
53023
24054
35843
36075
36076
24070
53031
24071
35883
36083
36084
24055
36077
24072
36085
