0
2
4
6
8
14
18
30
44
66
154
156
226
342
392
460
758
878
956
958
960
1850
1978
1
3
5
7
9
24073
10
24074
12
24076
16
11
13
15
17
19
24078
26
24079
28
24080
20
24081
22
24
34
56
27
29
31
21
23
25
24084
32
33
35
24086
36
24087
38
24088
40
24089
42
37
39
41
43
45
24091
62
24092
64
24094
46
24093
50
48
54
60
63
65
67
47
51
49
24096
52
53
57
55
24099
58
59
61
24102
68
24077
70
24082
80
24100
84
69
71
24104
72
24105
74
24106
76
24107
78
73
75
77
79
81
24112
82
24109
88
24110
102
24111
108
118
83
85
24114
86
87
89
24116
90
24085
92
91
93
24095
104
24117
100
24090
94
24118
96
98
688
101
103
105
95
97
99
24121
106
107
109
24123
112
24124
114
24125
110
24126
116
111
113
115
117
119
24131
120
24128
122
126
24129
24130
152
146
150
170
206
121
123
24133
124
125
127
24135
128
24097
130
318
1476
129
131
24113
136
24137
132
24108
134
24136
140
142
137
133
153
155
157
135
24139
138
139
147
141
24103
144
24142
148
143
145
149
151
24147
158
24143
160
24144
174
24145
178
159
161
24149
162
24150
164
24151
166
24152
168
163
165
167
169
171
24157
172
24154
190
196
24155
210
24156
212
200
173
175
24159
176
177
179
24161
180
24115
182
181
183
24163
184
24162
186
24127
24132
208
185
187
24165
188
189
191
24119
192
24122
194
24167
198
193
195
197
199
209
211
213
201
24170
202
24172
204
24168
216
24171
230
24169
234
203
205
207
24175
214
215
217
24177
218
24178
220
24179
222
24180
224
219
221
223
225
227
24185
228
24182
258
24183
260
24184
262
229
231
24187
232
233
235
24189
236
24134
238
237
239
24191
240
24190
242
24158
246
24153
250
252
241
259
261
263
243
24193
244
245
247
24140
248
24195
254
24138
256
284
249
251
253
255
257
24200
264
24196
266
24198
24199
276
24197
280
265
267
24202
268
24203
270
24204
272
24205
274
269
271
273
275
277
24210
278
24207
302
306
24208
324
24209
326
279
281
24212
282
283
285
24214
286
24160
288
287
289
24216
290
24215
292
24181
296
24186
328
291
293
24218
294
295
297
24164
298
24166
300
24220
304
299
301
303
305
307
24221
312
24225
308
24224
310
24222
316
322
24223
325
327
329
313
309
311
24227
314
315
319
317
24230
320
321
323
24233
330
24231
332
24173
346
24148
350
331
333
24235
334
24236
336
24237
338
24238
340
335
337
339
341
343
24243
344
24240
374
24241
376
24242
378
345
347
24245
348
349
351
24247
352
24188
354
426
353
355
24249
356
24206
358
24211
362
364
24248
372
357
375
377
379
359
24251
360
361
363
24192
368
24194
366
24253
370
365
367
369
371
373
24258
380
24254
24257
382
24255
396
24256
400
418
381
383
24260
384
24261
386
24262
388
24263
390
385
387
389
391
393
24268
394
24265
422
24266
442
24267
444
395
397
24270
398
399
401
24272
402
24213
404
403
405
24274
406
24273
408
24239
412
24244
446
407
409
24276
410
411
413
24217
414
24219
416
24278
420
415
417
419
421
423
24283
424
24280
430
24281
440
24279
450
24282
468
932
1458
425
427
24285
428
429
431
24287
432
24176
434
443
445
447
433
435
24201
436
24289
438
24288
464
24226
472
437
439
441
24292
448
449
451
24294
452
24295
454
24296
456
24297
458
453
455
457
459
461
24302
462
24299
24300
492
24301
494
496
490
463
465
24304
466
467
469
24306
470
24246
476
471
473
24308
474
24264
480
24307
484
24269
500
475
493
495
497
477
24310
478
479
481
24250
482
24252
486
24312
488
483
485
487
489
491
24317
498
24313
510
24314
514
24315
518
24316
522
499
501
24319
502
24320
504
24321
506
24322
508
503
505
507
509
511
24327
512
24324
540
24325
564
24326
566
513
515
24329
516
517
519
24331
520
24271
536
521
523
24333
524
24332
526
24298
530
24303
568
525
527
24335
528
529
531
24275
532
24277
534
24337
538
533
535
537
539
541
24342
542
24339
544
24340
548
552
24341
558
24338
572
543
545
24344
546
547
565
567
569
549
24346
550
24228
551
553
24348
554
24347
556
562
24259
24284
586
559
555
557
24350
560
561
563
24353
570
24234
582
571
573
24355
574
24356
576
24357
578
24358
580
575
577
579
581
583
24363
584
24360
590
24361
614
616
24362
612
632
585
587
24365
588
589
591
24367
592
24305
594
593
595
24369
596
24323
618
24328
598
24368
602
606
597
615
617
619
599
24371
600
601
603
24309
608
24311
604
24373
610
605
607
609
611
613
24378
620
24374
622
24375
636
24376
640
24377
670
621
623
24380
624
24381
626
24382
628
24383
630
625
627
629
631
633
24388
634
24385
690
24386
692
24387
694
635
637
24390
638
639
641
24392
642
24330
644
643
645
24394
646
24393
648
24359
652
24364
658
662
647
649
24396
650
651
653
24334
654
24336
656
24398
660
655
657
659
661
663
24403
664
24400
666
678
24399
698
24401
24402
708
665
667
24405
668
669
671
24407
672
24286
674
673
675
24409
676
24408
682
24318
712
24343
716
677
679
24411
680
681
691
693
695
683
24290
684
24413
686
24293
804
685
687
689
24416
696
697
699
24418
700
24419
702
24420
704
24421
706
701
703
705
707
709
24426
710
24423
24424
740
24425
742
734
738
711
713
24428
714
715
717
24430
718
24366
720
792
719
721
24432
722
24389
744
24431
724
24384
728
723
741
743
745
725
24434
726
727
729
24370
730
24372
732
24436
736
731
733
735
737
739
24441
746
24437
748
24438
762
24439
766
24440
774
747
749
24443
750
24444
752
24445
754
24446
756
751
753
755
757
759
24451
760
24448
812
24449
814
24450
828
836
761
763
24453
764
765
767
24455
768
24391
770
769
771
24457
772
24427
778
24422
782
784
24456
788
773
775
24459
776
777
779
24395
780
24461
786
24397
781
783
785
787
789
24466
790
24463
796
24462
24464
24465
818
791
793
24468
794
795
797
24470
798
24345
800
799
801
24404
810
24472
802
24471
808
24379
832
912
811
813
815
803
805
24474
806
807
809
24476
816
24349
24351
928
817
819
24478
820
24479
822
24480
824
24481
826
821
823
825
827
829
24486
830
24484
860
24485
862
24483
848
858
882
831
833
24488
834
835
837
24490
838
24429
840
839
841
24492
842
24452
24491
864
24447
844
854
843
861
863
865
845
24494
846
847
849
24433
850
24435
852
24496
856
851
853
855
857
859
24501
866
24497
868
24498
886
24499
890
24500
902
867
869
24503
870
24504
872
24505
874
24506
876
871
873
875
877
879
24511
880
24508
974
978
982
24509
24510
1008
1004
881
883
24513
884
885
887
24515
888
24454
908
924
889
891
24517
892
24516
894
24482
898
24487
1006
893
895
24519
896
897
899
24458
900
24460
904
24521
906
901
903
905
907
909
24526
910
24523
916
24522
940
24524
948
24525
911
913
24528
914
915
917
24530
918
24406
920
919
921
24532
922
24531
944
24467
950
954
24442
964
923
925
24534
926
927
929
24410
934
24536
930
24412
938
935
931
933
24538
936
941
937
939
24541
942
943
957
959
961
945
24544
946
951
947
949
24546
952
953
955
24549
962
24542
1058
963
965
24551
966
24552
968
24553
970
24554
972
967
969
971
973
975
24559
976
24556
1024
24557
1076
24558
1078
977
979
24561
980
981
983
24563
984
24489
986
985
987
24565
988
24512
1010
24507
990
24564
994
1000
989
1007
1009
1011
991
24567
992
993
995
24493
996
24495
998
24569
1002
997
999
1001
1003
1005
24574
1012
24570
1014
24571
1028
24572
1032
24573
1050
1013
1015
24576
1016
24577
1018
24578
1020
24579
1022
1017
1019
1021
1023
1025
24584
1026
24581
1080
24582
24583
1128
1027
1029
24586
1030
1031
1033
24588
1034
24514
1036
1035
1037
24590
1038
24589
1040
24555
1044
24560
1054
1106
1039
1041
24592
1042
1043
1045
24518
1048
24520
1046
24594
1052
1047
1049
1051
1053
1055
24599
1056
24596
1062
24595
1084
24598
24597
1102
1057
1059
24601
1060
1061
1077
1079
1081
1063
24603
1064
24469
1066
1065
1067
24605
1068
24527
1070
1074
24502
1094
24604
1098
1069
1071
24607
1072
1073
1075
24609
1082
24473
1178
24475
1190
1083
1085
24611
1086
24612
1088
24613
1090
24614
1092
1087
1089
1091
1093
1095
24619
1096
24618
1126
1124
24616
24617
1200
1202
1097
1099
24621
1100
1101
1103
24623
1104
24562
1105
1107
24625
1108
24585
1130
24624
1110
24580
1114
1120
1144
1109
1127
1129
1131
1111
24627
1112
1113
1115
24566
1118
24568
1116
24629
1122
1117
1119
1121
1123
1125
24634
1132
24630
1134
24631
1148
24632
1152
24633
1160
1133
1135
24636
1136
24637
1138
24638
1140
24639
1142
1137
1139
1141
1143
1145
24644
1146
24641
1204
24642
24643
1252
1147
1149
24646
1150
1151
1153
24648
1154
24587
1156
1155
1157
24650
1158
24620
1164
24649
1170
24615
1174
1159
1161
24652
1162
1163
1165
24591
1168
24593
1166
24654
1172
1318
1450
1167
1169
1171
1173
1175
24659
1176
24656
1182
24655
1218
24658
1222
24657
1226
1177
1179
24661
1180
1181
1183
24663
1184
24529
1186
1185
1187
24665
1188
24664
1194
24600
1208
24575
1244
1310
1201
1203
1205
1189
1191
24667
1192
1193
1195
24669
1196
24533
1198
24535
1302
1197
1199
24671
1206
1207
1209
24673
1210
24674
1212
24675
1214
24676
1216
1211
1213
1215
1217
1219
24681
1220
24680
1250
1248
24678
24679
1320
1500
1221
1223
24683
1224
1225
1227
24685
1228
24622
1230
1229
1231
24687
1232
24645
1254
24686
1234
24640
1238
1268
1233
1251
1253
1255
1235
24689
1236
1237
1239
24626
1242
24628
1240
24691
1246
1241
1243
1245
1247
1249
24696
1256
24692
24694
1258
24693
1272
1276
24695
1257
1259
24698
1260
24699
1262
24700
1264
24701
1266
1261
1263
1265
1267
1269
24706
1270
24703
1322
24704
1324
24705
1374
1271
1273
24708
1274
1275
1277
24710
1278
24647
1280
1279
1281
24712
1282
24711
1284
24682
1288
24677
1292
1294
1283
1285
24714
1286
1287
1289
24651
1290
24716
1296
24653
1298
1291
1293
1295
1297
1299
24721
1300
24718
1306
24717
1328
24719
24720
1358
1301
1303
24723
1304
1305
1321
1323
1325
1307
24725
1308
24602
1314
1442
1309
1311
24727
1312
24635
1338
24726
24660
1346
1313
1315
24729
1316
1317
1319
24731
1326
24606
1342
24608
1422
1327
1329
24733
1330
24734
1332
24735
1334
24736
1336
1331
1333
1335
1337
1339
24741
1340
24739
1370
24740
1372
24738
1492
1486
1341
1343
24743
1344
1345
1347
24745
1348
24684
1350
1349
1351
24747
1352
24746
1354
24702
1364
1368
24707
1388
1353
1371
1373
1375
1355
24749
1356
1357
1359
24688
1362
24690
1360
24751
1366
1361
1363
1365
1367
1369
24756
1376
24752
1378
24753
1392
24754
1396
24755
1400
1377
1379
24758
1380
24759
1382
24760
1384
24761
1386
1381
1383
1385
1387
1389
24766
1390
24763
24764
1496
1510
24765
1542
1391
1393
24768
1394
1395
1397
24770
1398
24709
1414
1610
1399
1401
24772
1402
24771
1404
24737
1408
24742
1418
1403
1405
24774
1406
1407
1409
24713
1410
24715
1412
24776
1416
1411
1413
1415
1417
1419
24781
1420
24779
1426
24780
1434
1438
24777
24778
1466
1472
1421
1423
24783
1424
1425
1427
24785
1428
24662
1430
1429
1431
24787
1432
24722
24786
1460
24697
1494
1433
1435
24789
1436
1437
1439
24791
1440
24666
1446
24668
1454
1464
1441
1443
24793
1444
1445
1447
24795
1448
1449
1451
24797
1452
1453
1455
24799
1456
1457
1461
1459
24801
1462
24796
1470
1467
1463
1465
24804
1468
1473
1469
1471
24807
1474
24417
1986
1475
1477
24810
1478
24808
1480
24545
1484
1490
1479
1481
24812
1482
24539
24672
1493
1495
1497
1483
1487
1485
24814
1488
24547
24813
1594
24798
1489
1491
24817
1498
24805
1606
1499
1501
24819
1502
24820
1504
24821
1506
24822
1508
1503
1505
1507
1509
1511
24827
1512
24824
1514
1518
24825
1544
24826
1546
1534
1513
1515
24829
1516
1517
1519
24831
1520
24744
1522
1521
1523
24833
1524
24762
1526
24832
1530
1532
24767
1550
1525
1543
1545
1547
1527
24835
1528
1529
1531
24748
1536
24837
1538
24750
1540
1533
1535
1537
1539
1541
24842
1548
24838
1560
24841
1564
24839
1568
24840
1572
1549
1551
24844
1552
24845
1554
24846
1556
24847
1558
1553
1555
1557
1559
1561
24852
1562
24850
1590
24849
24851
1612
1563
1565
24854
1566
1567
1569
24856
1570
24769
1586
1730
1571
1573
24858
1574
24857
1576
24823
1580
24828
1614
1616
1575
1577
24860
1578
1579
1581
24773
1584
24775
1582
24862
1588
1583
1585
1587
1589
1591
24867
1592
24864
1598
24865
24863
1630
24866
1638
1593
1595
24869
1596
1597
1613
1615
1617
1599
24871
1600
24724
1602
1601
1603
24873
1604
24757
1620
24872
1634
24782
1656
1605
1607
24875
1608
1609
1611
24877
1618
24728
24730
1726
1734
1619
1621
24879
1622
24880
1624
24881
1626
24882
1628
1623
1625
1627
1629
1631
24887
1632
24884
24885
1662
24886
1664
1666
1660
1633
1635
24889
1636
1637
1639
24891
1640
24830
1642
1641
1643
24893
1644
24892
1646
24853
1650
24848
1680
1645
1663
1665
1667
1647
24895
1648
1649
1651
24834
1652
24836
1654
24897
1658
1653
1655
1657
1659
1661
24902
1668
24898
1670
24899
1684
24900
1688
24901
1704
1669
1671
24904
1672
24905
1674
24906
1676
24907
1678
1673
1675
1677
1679
1681
24912
1682
24909
1736
24910
1738
24911
1740
1683
1685
24914
1686
1687
1689
24916
1690
24855
1692
1714
1691
1693
24918
1694
24917
1696
24883
1700
24888
1710
1784
1695
1697
24920
1698
1699
1701
24859
1706
24861
1702
24922
1708
1703
1705
1707
1709
1711
24927
1712
24926
1718
24925
24923
24924
1754
1770
1713
1715
24929
1716
1717
1719
24931
1720
24784
1722
1721
1723
24933
1724
24868
1744
24843
1758
24932
1762
1737
1739
1741
1725
1727
24935
1728
1729
1731
24937
1732
24788
1838
24790
1733
1735
24939
1742
1743
1745
24941
1746
24942
1748
24943
1750
24944
1752
1747
1749
1751
1753
1755
24949
1756
24946
1788
24947
1790
24948
1794
1757
1759
24951
1760
1761
1763
24953
1764
24890
1766
1765
1767
24955
1768
24908
1774
24954
1780
24913
1798
1769
1771
24957
1772
1773
1775
24894
1778
24896
1776
24959
1782
1777
1779
1781
1783
1785
24960
24962
24963
1786
24964
1792
24961
1808
1787
1789
1791
1793
1795
24966
1796
24967
1800
24969
1802
24968
1804
1812
1816
1797
1799
1801
1803
1805
24974
1806
24971
1858
24972
1856
24973
1864
1807
1809
24976
1810
1811
1813
24978
1814
24915
1830
1815
1817
24980
1818
24979
1820
24950
1824
24945
1834
1819
1821
24982
1822
1823
1825
24919
1826
24921
1828
24984
1832
1827
1829
1831
1833
1835
24989
1836
24986
1842
24985
24987
1874
1878
24988
1882
1837
1839
24991
1840
1841
1843
24993
1844
24870
1846
1845
1847
24903
1860
24995
1848
24994
1854
24928
1857
1859
1861
1849
1851
24997
1852
1853
1855
24999
1862
24874
24876
1863
1865
25001
1868
25002
1870
25003
1866
25004
1872
1867
1869
1871
1873
1875
25009
1876
25007
25008
1906
25006
1900
1904
1924
1877
1879
25011
1880
1881
1883
25013
1884
24952
1886
1885
1887
25015
1888
24970
1908
25014
1890
24975
1894
1889
36086
2106
36088
36090
36092
1910
1907
1909
1911
1891
25017
1892
1893
1895
24956
1896
24958
1898
25019
1902
1897
1899
1901
36094
36096
36098
1914
1903
1905
25024
1912
25023
1936
25022
1946
25021
1966
25020
1913
1915
25026
25027
1918
25028
1916
25029
1922
36100
1920
1917
1919
1921
1923
36102
1928
1925
25034
1926
25031
1996
25032
2014
25033
2050
1927
36104
36106
1932
1929
25036
1930
1931
1933
25038
1934
24977
2138
1935
1937
25040
1938
25039
1940
25010
1944
25005
1998
36108
1950
1939
1941
25042
1942
1943
36110
1954
36112
1948
1947
1949
1951
1945
25044
1952
24981
24983
2000
1953
36114
1958
1955
25049
1956
25048
1962
25045
25046
25047
1957
1959
25051
1960
1961
1963
25053
1964
24930
2018
36116
1970
1965
1967
25055
1968
25054
1974
24990
2004
24965
2168
1969
1971
25057
1972
1973
1975
25059
1976
24936
24934
1982
1990
1994
1977
36118
36120
36093
36122
1979
25061
1980
1981
36097
36099
1983
25063
1984
1985
1997
1999
2001
36091
1987
25065
1988
1989
36117
1991
25067
1992
1993
1995
25069
2002
25064
2003
2005
25071
2006
25072
2008
25073
2010
25074
2012
2007
2009
2011
2013
2015
25079
2016
25076
2022
25077
25078
2048
2044
2064
2094
2017
2019
25081
2020
2021
2023
25083
2024
25012
2026
2098
2238
2510
2025
2027
25085
2028
25035
2046
25030
2030
25084
2034
2038
2029
2047
2049
2051
2031
25087
2032
2033
2035
25016
2040
25018
2036
25089
2042
2037
2039
2041
2043
2045
25094
2052
25090
2054
25091
2068
25092
2072
25093
2076
2053
2055
25096
2056
25097
2058
25098
2060
25099
2062
2057
2059
2061
2063
2065
25104
2066
25101
25102
2120
25103
2166
2160
2164
2067
2069
25106
2070
2071
2073
25108
2074
25037
2090
2075
2077
25110
2078
25109
2080
25075
2084
25080
2134
2079
2081
25112
2082
2083
2085
25041
2088
25043
2086
25114
2092
2087
2089
2091
2093
2095
25119
2096
25116
2102
25115
25117
25118
2097
2099
25121
2100
2101
2103
25123
2104
24992
2124
2105
2107
25025
2116
2118
25125
2108
25124
2110
2114
25050
2142
2117
2119
2121
2109
2111
25127
2112
2113
2115
25129
2122
24996
2218
24998
2332
2482
2123
2125
25131
2126
25132
2128
25133
2130
25134
2132
2127
2129
2131
2133
2135
25139
2136
25136
2170
25137
2184
25138
2244
2137
2139
25141
2140
2141
2143
25143
2144
25082
2146
2145
2147
25145
2148
25144
2150
25100
2154
25105
2149
2167
2169
2171
2151
25147
2152
2153
2155
25086
2158
25088
2156
25149
2162
2157
2159
2161
2163
2165
25154
2172
25150
2174
25151
2188
25152
2192
25153
2173
2175
25156
2176
25157
2178
25158
2180
25159
2182
2177
2179
2181
2183
2185
25164
2186
25163
2210
2214
25161
2240
25162
2242
2187
2189
25166
2190
2191
2193
25168
2194
25107
2196
2195
2197
25170
2198
25169
2200
25135
2204
25140
2612
2199
2201
25172
2202
2203
2205
25111
2208
25113
2206
25174
2212
2207
2209
2211
2213
2215
25179
2216
25176
2222
25175
2248
25177
2262
25178
2266
2217
2219
25181
2220
2221
2223
25183
2224
25052
2226
2225
2227
25185
2228
25184
2230
2234
25095
25120
2258
2241
2243
2245
2229
2231
25187
2232
2233
2235
25189
2236
25058
2342
25056
2237
2239
25191
2246
2247
2249
25193
2250
25194
2252
25195
2254
25196
2256
2251
2253
2255
2257
2259
25201
2260
25198
25199
2290
25200
2294
2284
2288
2308
2261
2263
25203
2264
2265
2267
25205
2268
25142
2270
2269
2271
25207
2272
25165
2292
25206
2274
25160
2278
2273
2291
2293
2295
2275
25209
2276
2277
2279
25146
2280
25148
2282
25211
2286
2281
2283
2285
2287
2289
25216
2296
25212
2298
25213
2312
25215
2316
25214
2297
2299
25218
2300
25219
2302
25220
2304
25221
2306
2301
2303
2305
2307
2309
25226
2310
25223
2360
25224
25225
2364
2311
2313
25228
2314
2315
2317
25230
2318
25167
2320
2319
2321
25232
2322
25231
2324
25197
2328
25202
2334
2338
2323
2325
25234
2326
2327
2329
25173
2330
25236
2336
25171
2378
2331
2333
2335
2337
2339
25241
2340
25240
2346
25239
2350
2354
25237
2368
25238
2382
2341
2343
25243
2344
2345
2347
25245
2348
25122
2478
2349
2351
25180
2362
25247
2352
25246
2358
25155
2361
2363
2365
2353
2355
25249
2356
2357
2359
25251
2366
25126
25128
2462
2367
2369
25253
2370
25254
2372
25255
2374
25256
2376
2371
2373
2375
2377
2379
25261
2380
25258
2386
25259
25260
2412
2414
2404
2408
2381
2383
25263
2384
2385
2387
25265
2388
25204
2390
2389
2391
25267
2392
25222
2394
25266
2398
2400
25227
2418
2393
2395
25269
2396
2397
2399
25210
2410
25208
2402
25271
2406
2411
2413
2415
2401
2403
2405
2407
2409
25276
2416
25272
2428
25273
2432
25275
2436
25274
2450
2417
2419
25278
2420
25279
2422
25280
2424
25281
2426
2421
2423
2425
2427
2429
25286
2430
25283
2524
2530
2536
25284
25285
2608
2610
2602
2431
2433
25288
2434
2435
2437
25290
2438
25229
2440
2439
2441
25292
2442
25291
2444
25262
2452
2454
25257
2448
2443
2445
25294
2446
2447
2451
2453
2455
2449
25296
2456
25233
2458
2474
25235
2616
2457
2459
25301
2460
25298
2466
25297
25299
25300
2506
2461
2463
25303
2464
2465
2467
25305
2468
25182
2470
2469
2471
25307
2472
25242
25306
25217
2634
2473
2475
25309
2476
2477
2479
25311
2480
25186
2486
25188
2490
2494
2481
2483
25313
2484
2485
2487
25315
2488
2489
2491
25317
2492
2493
36124
2498
2495
25319
2496
36113
36126
2497
2499
25321
2500
25316
2502
2518
2522
36089
36125
2501
36087
2503
25323
2504
2505
2507
25325
2508
24794
24940
2514
2509
2511
25327
2512
24800
2534
25326
2722
25066
2513
2515
25329
2516
25062
3156
25192
3172
2517
36101
2519
25068
25331
2520
25318
25330
3086
36121
2521
2525
2523
25333
2526
25324
2528
36123
2531
2527
36119
2529
25336
2532
2537
2533
36127
2535
25339
2538
24550
2540
2542
2548
2556
2562
2539
2541
25340
2544
25342
2546
24811
2545
2547
25345
2550
2543
2551
2549
25346
2552
25344
2554
2553
25348
2558
2559
2555
25349
2560
2561
25352
2564
2557
2565
2563
25353
2566
25351
2568
2567
25355
2570
2571
2569
25356
2572
25350
2574
2573
25358
2576
2577
2575
25359
2578
2579
25361
2582
2580
2583
2581
25362
2584
25347
2586
2585
25364
2587
25363
2588
25365
2590
25354
2592
2589
2591
25367
2596
2593
25368
2594
25360
2595
2597
25370
2598
24802
2600
2606
25070
2609
2611
2613
2599
2603
2601
25372
2604
24815
25371
3070
25328
2605
2607
25375
2614
25337
2850
2615
2617
25377
2618
25378
2620
25379
2622
25380
2624
2619
2621
2623
36128
36130
3078
36132
2626
2625
36134
36136
2630
2627
25385
2628
25382
2658
25383
2660
25384
2662
2629
2631
25387
2632
2633
2635
25389
2636
25264
2638
2637
2639
25391
2640
25282
2642
25287
25390
2646
2652
2656
2641
2659
2661
2663
2643
25393
2644
2645
2647
25268
2650
25270
2648
25395
2654
2649
2651
2653
2655
2657
25400
2664
25396
2666
25397
2680
25398
2684
25399
2688
2665
2667
25402
2668
25403
2670
25404
2672
25405
2674
2669
2671
2673
2675
36138
36140
2676
2677
25410
2678
25407
2728
25408
2730
25409
2732
2679
2681
25412
2682
2683
2685
25414
2686
25289
2702
2687
2689
25416
2690
25415
2692
25386
2696
25381
2746
2691
2693
25418
2694
36142
2695
36144
36146
36148
36150
2700
2697
25293
2698
25420
2704
25295
2706
2699
2701
2703
2705
36152
2710
2707
25425
2708
25422
2714
25421
2736
25423
2754
25424
2770
2709
2711
25427
2712
2713
2729
2731
2733
2715
25429
2716
25244
2718
2717
2719
25431
2720
25430
2726
25302
2772
25277
2776
2721
2723
25433
2724
2725
2727
25435
2734
25248
25250
2750
2735
2737
25437
2738
25438
2740
25439
2742
25440
2744
2739
2741
2743
2745
2747
25445
2748
25442
25443
2780
25444
2782
2786
2749
2751
25447
2752
2753
2755
25449
2756
25388
2758
2757
2759
25451
2760
25411
2778
25450
2762
25406
2766
2761
2779
2781
2783
2763
25453
2764
2765
2767
25392
2768
25455
2774
25394
2896
2769
2771
2773
2775
2777
25460
2784
25456
2796
25457
2800
25458
2804
25459
2820
2785
2787
25462
2788
25463
2790
25464
2792
25465
2794
2789
2791
2793
2795
2797
25470
2798
25467
2852
25468
2854
25469
2856
2799
2801
25472
2802
2803
2805
25474
2806
25413
2808
2807
2809
25476
2810
25475
2812
25446
2816
25441
2822
2826
2811
2813
25478
2814
2815
2817
25419
2818
25480
2824
25417
2900
2966
2819
2821
2823
2825
36154
2830
2827
25485
2828
25484
2834
25481
2860
25482
2874
25483
2878
2829
2831
25487
2832
2833
2835
25489
2836
25304
2838
2837
2839
25491
2840
25490
2842
2846
25401
25426
2870
2853
2855
2857
2841
2843
25493
2844
2845
2847
25495
2848
25310
2882
25308
2954
2970
2849
2851
25497
2858
2859
2861
25499
2862
25500
2864
25501
2866
25502
2868
2863
2865
2867
2869
2871
25507
2872
25504
2902
25505
2904
25506
2906
2873
2875
25509
2876
2877
2879
25511
2880
25448
2944
3066
3082
2881
2883
25513
2884
25512
2886
25471
2890
25466
2910
2885
2903
2905
2907
2887
25515
2888
2889
2891
25452
2892
25454
2894
25517
2898
2893
2895
2897
2899
2901
25522
2908
25518
2920
25519
2924
25521
2928
25520
2942
2909
2911
25524
2912
25525
2914
25526
2916
25527
2918
2913
2915
2917
2919
2921
25532
2922
25529
2972
25530
2974
25531
2976
2923
2925
25534
2926
2927
2929
25536
2930
25473
2932
2931
2933
25538
2934
25537
2936
25503
2940
25508
2990
2935
2937
25540
2938
2939
2941
25477
2946
25542
2948
25479
2950
2943
2945
2947
2949
2951
25547
2952
25546
2958
25543
2980
25544
3014
25545
3020
2953
2955
25549
2956
2957
2973
2975
2977
2959
25551
2960
25428
2962
2961
2963
25553
2964
25552
2994
25486
2998
25461
3012
2965
2967
25555
2968
2969
2971
25557
2978
25434
25432
3062
2979
2981
25559
2982
25560
2984
25561
2986
25562
2988
2983
2985
2987
2989
24075
3050
2991
25567
2992
25564
3046
4367
4387
4233
4657
25565
4253
4355
4789
25566
4797
4423
4457
4491
2993
24083
3016
2995
25569
2996
2997
2999
25571
3000
25510
3002
3001
3003
25573
3004
25572
3006
25533
3010
25528
4525
4559
4853
3005
3007
25575
3008
3009
3013
3015
3017
3011
25577
3018
25514
25516
3036
3019
3021
25582
3022
25579
3024
25580
3032
25581
3040
25578
7603
7615
7627
7639
7651
3023
24098
3025
25584
3026
25535
3028
25570
3027
24101
3029
25586
3030
25563
4593
7587
25568
4871
8415
8407
25585
8693
3031
3033
25588
3034
3035
36156
36158
3042
3037
25539
3038
25590
3044
25541
8697
3039
3041
3043
3045
3047
25595
3048
25592
3054
25591
3094
25593
3100
25594
3104
3049
3051
25597
3052
3053
3055
25599
3056
25488
3058
3057
3059
25601
3060
25600
3090
25548
25523
8709
3061
3063
25603
3064
3065
3067
25605
3068
25494
3074
25492
3069
3071
25607
3072
3073
3075
25609
3076
3077
3079
25611
3080
3081
3083
25613
3084
3085
3087
25615
3088
25610
3120
3089
24120
3091
25617
3092
3093
3095
25574
3098
25576
3096
25619
3102
3097
3099
3101
3103
3105
25624
3106
25620
3108
25621
3110
25622
3116
25623
4565
3107
24141
3109
25587
3112
25626
3114
25618
3164
25589
4285
3111
3113
3115
24146
3230
3117
25630
3118
25628
3124
25629
3140
25627
3360
3119
24174
4571
4625
4725
3121
25632
3122
3123
3125
25634
3126
25550
3128
3127
3129
25636
3130
25635
3132
3136
25596
25583
8663
3131
3133
25638
3134
3135
3137
25640
3138
25556
25554
4587
3139
24229
3236
3141
25642
3142
25633
3144
25598
3148
3143
24232
3145
25644
3146
25643
3152
3160
25631
3254
25625
4503
3147
3149
25646
3150
3151
3153
25648
3154
25604
25602
4463
3155
3157
25650
3158
3159
24291
4553
3161
25652
3162
3163
3165
25654
3166
25637
3168
25639
3180
3184
3167
24352
4239
3169
25656
3170
25645
3176
25653
3188
3192
3200
25647
3171
24415
4317
4333
3173
25658
3174
3175
24540
4269
3177
25660
3178
3179
3181
25662
3182
3183
24543
3268
3370
3400
3460
3185
25664
3186
3187
24548
3189
25666
3190
25661
3196
3191
24803
4195
4321
4337
3193
25668
3194
3195
3197
25670
3198
25498
3240
25314
3199
3201
25672
3202
25671
3204
25320
3208
3212
3224
25612
3203
24806
3310
3324
3205
25674
3206
25659
25651
4729
25608
4537
3207
24809
4469
4489
3209
25676
3210
25663
3220
25614
25665
25675
4455
3211
24816
4429
4693
3213
25678
3214
25669
3216
3215
36141
3217
25680
3218
3219
25338
4421
4361
4669
3221
25682
3222
25667
3228
25616
25322
4497
3223
25341
36139
3225
25673
25684
3226
25677
3234
25332
3242
3246
25683
3512
36145
36159
36151
3227
3229
25681
25686
3232
3296
3231
36157
3237
3233
3235
25689
3238
3239
3243
3241
25692
3244
3255
36149
36147
3245
25694
3248
3249
3247
25695
3250
25357
3252
3251
25697
3258
3266
3253
25698
3256
25366
25696
3257
3259
25701
3260
25693
3262
3261
3263
25703
3264
24818
3272
3265
3269
3267
25705
3270
25704
3276
25343
3280
3271
3273
25708
3274
25690
3288
3275
25335
4401
3277
25710
3278
3279
25374
4395
4681
3281
25712
3282
25711
3284
25369
3283
3285
25714
3286
3287
25691
3304
3289
25716
3290
25334
3292
25679
3291
25700
3298
3293
25718
3294
25373
25699
3302
25717
3314
3322
25685
3332
3295
3299
3297
25720
3300
25715
3308
3305
3301
3303
25723
3306
3311
3307
3309
25726
3312
3313
3315
25729
3316
25727
3318
3317
3319
25731
3320
3321
3325
3323
25733
3326
25732
3328
3336
3348
3352
3327
3329
25736
3330
25724
3344
3331
25688
3380
3333
25738
3334
3335
25707
3366
3337
25740
3338
25739
3340
3339
3341
25742
3342
3343
25725
3410
3345
25744
3346
3347
25728
3354
3349
25746
3350
25745
3364
3351
3355
3353
25748
3356
25743
3358
3361
3357
3359
25751
3362
3367
3363
3365
25754
3368
3369
3371
25757
3372
25755
3374
3373
3375
25759
3376
25709
3378
3377
3381
3379
25761
3382
25730
3384
25760
3392
3440
3464
3520
3383
3385
25764
3386
25752
3388
3387
25722
3436
3389
25766
3390
3391
25735
3416
3393
25768
3394
25767
3396
3395
3397
25770
3398
3399
25753
3422
3401
25772
3402
25741
3404
25721
3434
3403
25756
3472
3405
25774
3406
25747
3408
25734
25773
3420
3407
3411
3409
25776
3412
25771
3414
3426
3417
3413
3415
25779
3418
3423
3419
3421
25782
3424
3425
3427
25785
3428
25783
3430
3429
3431
25787
3432
3433
3437
3435
25789
3438
25788
3456
3439
3441
25792
3442
25780
3444
25737
3448
3443
25750
3478
3445
25794
3446
3447
25763
3466
3449
25796
3450
25795
3452
3451
3453
25798
3454
3455
25781
3492
3457
25800
3458
3459
25784
3528
3461
25802
3462
25801
3476
3463
3467
3465
25804
3468
25799
3470
25749
3482
3473
3469
3471
25807
3474
3479
3475
3477
25810
3480
3481
3483
25813
3484
25758
25811
3486
3485
3487
25815
3488
25765
3490
3489
3493
3491
25817
3494
25762
3496
25786
3504
25816
4047
3495
3497
25820
3498
25808
3500
3499
25778
3534
3501
25822
3502
3503
25791
3548
3505
25824
3506
25823
3508
25769
3507
3509
25826
3510
3511
25809
4037
3513
25828
3514
25777
3516
25797
3538
3515
25812
3522
3517
25830
3518
25790
3526
25775
3546
25803
4051
25829
4185
3519
3523
3521
25832
3524
25827
3532
3529
3525
3527
25835
3530
3535
3531
3533
25838
3536
3537
3539
25841
3540
25839
3542
3541
3543
25843
3544
25793
3545
3549
3547
25845
3550
25814
3552
25844
3556
3551
3553
25848
3554
25836
3560
3564
3555
25806
3557
25850
3558
3559
25819
4057
3561
25852
3562
25851
3568
3563
25834
4043
3565
25854
3566
3567
25837
4227
4591
3569
25856
3570
25825
3572
25805
3600
3571
25840
3578
3573
25858
3574
25831
3576
3582
25818
25857
4029
3579
3575
25847
4031
3577
25860
3580
25855
3594
3581
25862
3590
3596
3583
25849
3584
25863
3586
25861
3588
3614
3591
3585
3597
3587
25865
3604
3589
25866
3592
3593
3595
25869
3598
3599
3601
25872
3602
25870
3608
3603
25868
3605
25874
3606
3607
25871
3610
3611
3609
25876
3612
25875
3616
3613
25878
3622
3628
3623
3615
25879
3618
25877
3626
25873
3664
3617
3629
3619
25881
3620
3632
3621
25882
3624
25867
3646
3625
3627
25885
3630
3631
3633
25888
3634
25886
3636
3640
3635
25884
3637
25890
3638
3639
25887
3642
3643
3641
25892
3644
25891
3645
25894
3654
3660
3647
25889
3648
25895
3650
25893
3658
3655
3649
3661
3651
25897
3652
3672
3653
25898
3656
25883
3678
3657
3659
25901
3662
3663
3665
25904
3666
25902
3668
3667
25900
3669
25906
3670
3671
25903
3674
3675
3673
25908
3676
25907
3680
3677
25910
3686
3692
3687
3679
25911
3682
25909
3684
25905
3696
3704
3681
3693
3683
25913
3690
3685
25914
3688
25899
3710
3689
3691
25917
3694
3695
3697
25920
3698
25918
3700
3699
25916
3701
25922
3702
3703
25919
3706
3707
3705
25924
3708
25923
3712
3709
25926
3718
3724
3719
3711
25927
3714
25925
3716
25921
3728
3748
3713
3725
3715
25929
3722
3717
25930
3720
25915
3742
3721
3723
25933
3726
3727
3729
25936
3730
25934
3732
3736
3731
25932
3733
25938
3734
3735
25935
3738
3739
3737
25940
3740
25939
3744
3741
25942
3750
3756
3751
3743
25943
3746
25941
25937
3760
3745
3757
3747
25945
3754
3749
25946
3752
25931
3774
3753
3755
25949
3758
3759
3761
25952
3762
25950
3764
3768
3763
25948
3765
25954
3766
3767
25951
3770
3771
3769
25956
3772
25955
3776
3773
25958
3782
3788
3783
3775
25959
3778
25953
25957
3777
3789
3779
25961
3780
3786
3781
25962
3784
25947
3806
3785
3787
25965
3790
25821
3792
3791
3793
25968
3794
25842
3796
25966
3795
25964
3797
25970
3798
25853
3800
25833
3799
25967
3802
3803
3801
25972
3804
25846
25971
4021
25859
4035
3805
25974
4011
4017
3807
25969
3808
25975
3810
25973
3809
3811
25977
3812
3825
3813
25963
3815
25978
3817
3816
3818
25980
3821
3822
3814
25979
3819
3820
25981
3823
3824
25983
3827
3828
3826
25984
3829
25982
3831
3830
25986
3833
3834
3832
25987
3835
25985
3837
3836
25989
3839
3840
3838
25990
3841
25988
3843
3842
25992
3845
3846
3844
25993
3847
25991
3849
3848
25995
3851
3852
3850
25996
3853
25994
3855
3854
25998
3857
3858
3856
25999
3859
25997
3861
3860
26001
3864
3865
3862
26002
3866
26000
3868
3867
26004
3870
3871
3869
26005
3872
3873
26007
3876
3877
3863
26003
3874
3875
26008
3878
26006
3880
3879
26010
3882
3883
3881
26011
3884
26009
3886
3885
26013
3888
3889
3887
26014
3890
26012
3892
3891
26016
3894
3895
3893
26017
3896
26015
3898
3897
26019
3900
3901
3899
26020
3902
26018
3904
3903
26022
3906
3907
3905
26023
3908
26021
3910
3909
26025
3913
3914
3911
26026
3915
26024
3917
3916
26028
3919
3920
3918
26029
3921
3922
26031
3925
3926
3912
26027
3923
3924
26032
3927
26030
3929
3928
26034
3931
3932
3930
26035
3933
26033
3935
3934
26037
3937
3938
3936
26038
3939
26036
3941
3940
26040
3943
3944
3942
26041
3945
26039
3947
3946
26043
3949
3950
3948
26044
3951
26042
3953
3952
26046
3955
3956
3954
26047
3957
26045
3959
3958
26049
3962
3963
3960
26050
3964
26048
3966
3965
26052
3968
3969
3967
26053
3970
3971
26055
3974
3975
3961
26051
3972
3973
26056
3976
26054
3978
3977
26058
3980
3981
3979
26059
3982
26057
3984
3983
26061
3986
3987
3985
26062
3988
26060
3990
3989
26064
3992
3993
3991
26065
3994
26063
3996
3995
26067
3998
3999
4012
3997
26068
4000
26066
4002
4001
26070
4004
4005
4003
26071
4006
26069
4008
4018
4007
26073
4015
4009
26074
4013
26072
4014
4016
26077
4019
4020
4022
26080
4023
26078
4025
4024
4026
26082
4027
4028
4032
4030
26084
4033
26083
4041
4038
4034
4036
26087
4039
4044
4040
4042
26090
4045
4046
4048
26093
4049
26091
4055
4050
4052
26095
4053
25713
4054
4058
4056
26097
4059
25719
26096
4078
4060
4010
26075
4061
4062
26100
4064
26088
4066
4065
26076
4098
4067
26102
4068
4069
26079
4104
4063
26101
4070
4071
26104
4072
26103
4074
4073
4075
26106
4076
4077
26089
4079
26108
4080
25687
4082
25376
4081
26092
4219
4083
26110
4084
25702
25706
4086
26109
4122
4085
4087
26112
4089
26107
4091
4090
26086
4143
4173
4092
26114
4093
4094
26099
4165
4099
4088
26113
4095
4096
26116
4100
26115
4102
4105
4101
4103
26119
4106
4107
4097
26117
4108
4109
26122
4111
26120
4113
4112
4114
26124
4115
26085
5921
4116
4110
26123
4117
4118
26126
4120
26125
26098
4121
26118
4129
4123
26128
4124
26105
26081
4125
26121
4159
4717
4119
26127
4126
4127
26130
5415
26111
26094
26129
4203
4128
26131
5413
5411
5414
5412
5416
26774
5421
5417
5422
5418
26773
5419
26775
5423
5420
5424
26778
5429
5425
5430
5426
26777
5427
26779
5431
26776
5433
5428
5432
26782
5434
26780
5437
26781
5435
26783
5439
5438
5436
5440
26786
5445
5441
5446
5442
26785
5443
26787
5447
26784
5449
5444
5448
26790
5450
26788
5453
26789
5451
26791
5455
5454
5452
5456
26794
5461
5457
5462
5458
26793
5459
26795
5463
26792
5465
5460
5464
26798
5466
26796
5467
26799
5469
26797
5471
5468
5470
26801
5475
5476
5472
26802
5477
25976
5473
5478
26805
5335
5479
5474
5336
5480
26806
5337
26804
5333
26803
5339
26800
5347
5338
26735
5343
5334
5344
5340
26736
5345
26734
5341
5346
26739
5351
5342
5352
5348
26740
5353
26738
5349
26737
5355
5354
26743
5359
5350
5360
5356
26744
5361
26742
5357
26741
5363
5362
26747
5367
5358
5368
5364
26748
5369
26746
5365
26745
5371
5370
26751
5375
5366
5376
5372
26752
5377
26750
5373
26749
5379
5378
26755
5383
5374
5384
5380
26756
5385
26754
5381
26753
5387
5386
26759
5389
5382
5390
5388
26760
5391
26758
5393
26757
5401
5392
26762
5397
5398
5394
26763
5399
25960
5395
5400
26766
5259
5396
5260
5402
26767
5261
26765
5257
26764
5263
26761
5271
5262
26697
5267
5258
5268
5264
26698
5269
26696
5265
5270
26701
5275
5266
5276
5272
26702
5277
26700
5273
26699
5279
5278
26705
5283
5274
5284
5280
26706
5285
26704
5281
26703
5287
5286
26709
5291
5282
5292
5288
26710
5293
26708
5289
26707
5295
5294
26713
5299
5290
5300
5296
26714
5301
26712
5297
26711
5303
5302
26717
5307
5298
5308
5304
26718
5309
26716
5305
26715
5311
5310
26721
5313
5306
5314
5312
26722
5315
26720
5317
26719
5325
5316
26724
5321
5322
5318
26725
5323
25944
5319
5324
26728
5183
5320
5184
5326
26729
5185
26727
5181
26726
5187
26723
5195
5186
26659
5191
5182
5192
5188
26660
5193
26658
5189
5194
26663
5199
5190
5200
5196
26664
5201
26662
5197
26661
5203
5202
26667
5207
5198
5208
5204
26668
5209
26666
5205
26665
5211
5210
26671
5215
5206
5216
5212
26672
5217
26670
5213
26669
5219
5218
26675
5223
5214
5224
5220
26676
5225
26674
5221
26673
5227
5226
26679
5231
5222
5232
5228
26680
5233
26678
5229
26677
5235
5234
26683
5237
5230
5238
5236
26684
5239
26682
5241
26681
5249
5240
26686
5245
5246
5242
26687
5247
25928
5243
5248
26690
5107
5244
5108
5250
26691
5109
26689
5105
26688
5111
26685
5119
5110
26621
5115
5106
5116
5112
26622
5117
26620
5113
5118
26625
5123
5114
5124
5120
26626
5125
26624
5121
26623
5127
5126
26629
5131
5122
5132
5128
26630
5133
26628
5129
26627
5135
5134
26633
5139
5130
5140
5136
26634
5141
26632
5137
26631
5143
5142
26637
5147
5138
5148
5144
26638
5149
26636
5145
26635
5151
5150
26641
5155
5146
5156
5152
26642
5157
26640
5153
26639
5159
5158
26645
5161
5154
5162
5160
26646
5163
26644
5165
26643
5173
5164
26648
5169
5170
5166
26649
5171
25912
5167
5172
26652
5031
5168
5032
5174
26653
5033
26651
5029
26650
5035
26647
5043
5034
26583
5039
5030
5040
5036
26584
5041
26582
5037
5042
26587
5047
5038
5048
5044
26588
5049
26586
5045
26585
5051
5050
26591
5055
5046
5056
5052
26592
5057
26590
5053
26589
5059
5058
26595
5063
5054
5064
5060
26596
5065
26594
5061
26593
5067
5066
26599
5071
5062
5072
5068
26600
5073
26598
5069
26597
5075
5074
26603
5079
5070
5080
5076
26604
5081
26602
5077
26601
5083
5082
26607
5085
5078
5086
5084
26608
5087
26606
5089
26605
5091
5088
26610
5093
5094
5090
26611
5095
25896
5096
26614
4955
5097
5092
4956
5098
26615
4957
26612
4953
26609
4959
26613
4967
4958
26545
4963
4954
4964
4960
26546
4965
26544
4961
4966
26549
4971
4962
4972
4968
26550
4973
26548
4969
26547
4975
4974
26553
4979
4970
4980
4976
26554
4981
26552
4977
26551
4983
4982
26557
4987
4978
4988
4984
26558
4989
26556
4985
26555
4991
4990
26561
4995
4986
4996
4992
26562
4997
26560
4993
26559
4999
4998
26565
5003
4994
5004
5000
26566
5005
26564
5001
26563
5007
5006
26569
5009
5002
5010
5008
26570
5011
26568
5013
26567
5015
5012
26572
5017
5018
5014
26573
5019
25880
5020
26576
4879
5021
5016
4880
5022
26577
4881
26574
4877
26571
4883
26575
4891
4882
26507
4887
4878
4888
4884
26508
4889
26506
4885
4890
26511
4895
4886
4896
4892
26512
4897
26510
4893
26509
4899
4898
26515
4903
4894
4904
4900
26516
4905
26514
4901
26513
4907
4906
26519
4911
4902
4912
4908
26520
4913
26518
4909
26517
4915
4914
26523
4919
4910
4920
4916
26524
4921
26522
4917
26521
4923
4922
26527
4927
4918
4928
4924
26528
4929
26526
4925
26525
4931
4930
26531
4933
4926
4934
4932
26532
4935
26530
4937
26529
4939
4936
26534
4941
4942
4938
26535
4943
25864
4944
26538
5871
4945
4940
5872
4946
26539
5873
26533
26536
26537
5874
27003
5877
5875
5878
5876
27004
5879
5880
27006
5883
5881
5884
5882
27007
5885
27005
5887
5886
27009
5888
27008
5889
27010
5891
5890
5892
27012
5895
5893
5896
5894
27013
5897
27011
5899
5898
27015
5900
27014
5901
27016
5903
5902
5904
27018
5907
5905
5908
5906
27019
5909
27017
5911
5910
27021
5915
5916
5912
27020
5913
27022
5917
5914
5922
5918
27025
5919
5920
27026
5923
27023
5925
27024
5924
27028
5821
5926
27027
5809
27029
5811
5810
5812
26972
5815
5813
5816
5822
5814
26973
5817
5818
26975
5819
5820
26976
5823
26974
5825
5824
26978
5833
5826
26977
5827
26979
5829
5828
5834
5830
26981
5831
5832
26982
5835
26980
5837
5836
26984
5845
5838
26983
5839
26985
5841
5840
5846
5842
26987
5843
5857
5844
26988
5847
26986
5849
5848
26990
5853
5854
5850
26991
5855
26989
5851
5856
26994
5859
5852
5860
5858
26995
5861
26992
5863
26993
5862
26997
5753
5864
26996
5747
26998
5749
5748
5754
5750
26941
5751
5757
5795
5733
5671
5609
5547
5553
5752
26942
5755
5756
26944
5759
5760
5758
26945
5761
26943
5763
5762
26947
5765
5766
5764
26948
5767
26946
5769
5768
26950
5771
5772
5770
26951
5773
26949
5775
5774
26953
5777
5778
5776
26954
5779
26952
5781
5780
26956
5783
5784
5782
26957
5785
26955
5787
5786
26959
5791
5792
5788
26960
5793
26958
5789
5794
26963
5797
5790
5798
5796
26964
5799
26961
5801
26962
5689
5800
26966
5685
5686
5802
26967
5687
26965
5695
5688
26910
5691
5692
5690
26911
5693
5694
26913
5697
5698
5696
26914
5699
26912
5701
5700
26916
5703
5704
5702
26917
5705
26915
5707
5706
26919
5709
5710
5708
26920
5711
26918
5713
5712
26922
5715
5716
5714
26923
5717
26921
5719
5718
26925
5721
5722
5720
26926
5723
26924
5725
5724
26928
5729
5730
5726
26929
5731
26927
5727
5732
26932
5735
5728
5736
5734
26933
5737
26930
5739
26931
5627
5738
26935
5623
5624
5740
26936
5625
26934
5633
5626
26879
5629
5630
5628
26880
5631
5632
26882
5635
5636
5634
26883
5637
26881
5639
5638
26885
5641
5642
5640
26886
5643
26884
5645
5644
26888
5647
5648
5646
26889
5649
26887
5651
5650
26891
5653
5654
5652
26892
5655
26890
5657
5656
26894
5659
5660
5658
26895
5661
26893
5663
5662
26897
5667
5668
5664
26898
5669
26896
5665
5670
26901
5673
5666
5674
5672
26902
5675
26899
5677
26900
5565
5676
26904
5561
5562
5678
26905
5563
26903
5571
5564
26848
5567
5568
5566
26849
5569
5570
26851
5573
5574
5572
26852
5575
26850
5577
5576
26854
5579
5580
5578
26855
5581
26853
5583
5582
26857
5585
5586
5584
26858
5587
26856
5589
5588
26860
5591
5592
5590
26861
5593
26859
5595
5594
26863
5597
5598
5596
26864
5599
26862
5601
5600
26866
5605
5606
5602
26867
5607
26865
5603
5608
26870
5611
5604
5612
5610
26871
5613
26868
5615
26869
5503
5614
26873
5499
5500
5616
26874
5501
26872
5509
5502
26817
5505
5506
5504
26818
5507
5508
26820
5511
5512
5510
26821
5513
26819
5515
5514
26823
5517
5518
5516
26824
5519
26822
5521
5520
26826
5523
5524
5522
26827
5525
26825
5527
5526
26829
5529
5530
5528
26830
5531
26828
5533
5532
26832
5535
5536
5534
26833
5537
26831
5539
5538
26835
5543
5544
5540
26836
5545
26834
5541
5546
26839
5549
5542
5550
5548
26840
5551
26837
4951
26838
7079
5552
26842
4947
4948
5554
26843
4949
26841
7085
4950
26541
5023
5024
4952
26542
5025
26540
5027
5026
26579
5099
5100
5028
26580
5101
26578
5103
26543
5491
5102
26617
5175
5176
5104
26618
5177
26616
5179
26581
5485
5178
26655
5251
5252
5180
26656
5253
26619
5255
26654
5254
26693
5327
5328
5256
26694
5329
26657
5331
26692
6353
5330
26731
5403
5404
5332
26732
5405
26695
5407
26730
6255
5406
26769
5481
5482
5408
26770
5483
26733
5409
26768
6195
5484
26808
5487
5410
5488
5486
26809
5489
26807
6135
26772
6075
26771
6015
5490
26811
7075
7076
5492
26812
7077
26810
6021
7078
27605
7081
7082
7080
27606
7083
7084
27608
7087
7088
7086
27609
7089
27607
7091
7090
27611
7093
7094
7092
27612
7095
27610
7097
7096
27614
7099
7100
7098
27615
7101
27613
7103
7102
27617
7105
7106
7104
27618
7107
27616
7109
7108
27620
7111
7112
7110
27621
7113
27619
7115
7114
27623
7117
7118
7116
27624
7119
27622
7121
7120
27626
6305
6306
7122
27627
6307
27625
6309
6308
27220
6311
6312
6310
27221
6313
6314
27223
6317
6315
6318
6316
27224
6319
27222
6321
6320
27226
6322
27225
6323
27227
6325
6324
6326
27229
6329
6327
6330
6328
27230
6331
27228
6333
6332
27232
6334
27231
6335
27233
6337
6336
6338
27235
6341
6339
6342
4130
6340
27236
6343
27234
6345
6344
27238
6346
27237
6347
27239
6349
6348
36131
36143
36133
6350
27241
6351
4557
6352
27242
4183
27240
6249
4184
36095
36109
4186
26159
4157
4158
4160
26146
4171
4144
4172
4174
26153
4187
24792
4189
4188
36137
4190
26161
4201
4202
4204
26168
4205
24878
4207
4206
36129
4208
26170
4217
4218
4220
26176
4221
24938
4223
4166
4222
4224
26178
4225
4226
36153
4228
26180
4259
26160
4261
4260
4262
26197
4263
25000
4265
4264
4266
26199
4267
4268
36135
4270
26201
4275
26169
4277
4276
4278
26205
4279
25060
4281
4280
4282
26207
4283
4240
4284
4286
26209
4299
26177
4301
26179
4309
4300
36155
4302
26217
4307
4308
4310
26221
4311
25130
4313
4312
4314
26223
4315
4316
4318
26225
4343
26198
4345
26200
4325
4344
4346
26239
4323
4324
4326
26229
4327
25190
4329
4328
4330
26231
4331
4332
4334
26233
4347
26208
4349
26206
4289
4196
4348
4350
26241
4287
4288
4290
26211
4319
4320
4322
26227
4335
4566
4336
4338
26235
4585
26210
4601
4572
4586
4588
26360
4589
4590
4592
26362
4599
26361
4609
4617
4600
4602
26367
4603
25252
4605
4604
4606
26369
4607
4608
4610
26371
4635
26224
4637
26222
4621
4636
4638
26385
4615
4616
4618
26375
4619
25312
4435
4620
4622
26377
4623
4624
4626
26379
4639
26232
4641
26230
4613
4640
4642
26387
4611
4612
4614
26373
4627
26226
4629
4628
4630
26381
4723
26234
4523
4705
4724
4726
26429
4727
4728
4730
26430
4531
26431
4551
4532
4538
4552
4554
26343
4555
4556
4558
26345
4711
26344
4713
4712
4714
26423
4715
4716
4498
4718
26425
4517
26424
4519
4504
4518
4520
26326
4521
4522
4524
26328
4699
26327
4701
4700
4702
26417
4703
4704
4464
4706
26419
4483
26418
4485
4470
4484
4486
26309
4487
4488
4490
26311
4687
26310
4689
4688
4690
26411
4691
4692
4430
4694
26413
4449
26412
4451
4436
4450
4452
26292
4453
4454
4456
26294
4675
26293
4677
4676
4678
26405
4679
4680
4396
4682
26407
4415
26406
4417
4402
4416
4418
26275
4419
4420
4422
26277
4663
26276
4665
4664
4666
26399
4667
4668
4362
4670
26401
4381
26400
4383
4368
4382
4384
26258
4385
4386
4388
26260
4651
26259
4653
4652
4654
26393
4655
4656
4234
4658
26395
4339
26394
4341
4254
4340
4342
26237
4351
26228
4353
4817
4352
4354
26243
4631
26238
4633
26240
4645
4781
4632
4634
26383
4643
26374
4741
26236
4829
4841
4644
4646
26389
4735
26386
4737
26242
4745
26384
4769
4736
4738
26435
4739
25436
4761
4740
4742
26437
4743
4744
4746
26439
4747
26368
4749
26370
4753
4748
4750
26441
4751
4752
4754
26443
4755
25496
4757
4756
4758
26445
4759
4760
4762
26447
4763
26376
4765
26378
4773
4764
4766
26449
4767
4768
4770
26451
4771
4772
4774
26453
4775
26372
4777
4776
4778
26455
4779
26380
4793
4805
4780
4356
4782
26457
4783
26452
4785
4784
4786
26459
4787
4788
4790
26461
4791
4792
4794
26462
4389
26463
4795
4390
4796
4798
26465
4799
26460
4801
4800
4802
26467
4803
4804
4424
4806
26469
4807
26468
4809
4808
4810
26471
4811
26466
4813
4812
4814
26473
4815
4816
4458
4818
26475
4819
26474
4821
4820
4822
26477
4823
26472
4825
4824
4826
26479
4827
4828
4492
4830
26481
4831
26480
4833
4832
4834
26483
4835
26478
4837
4836
4838
26485
4839
4840
4526
4842
26487
4843
26486
4845
4844
4846
26489
4847
26484
4849
4848
4850
26491
4851
4852
4560
4854
26493
4855
26492
4857
4856
4858
26495
4859
26490
4861
4860
4862
26497
4863
26442
4865
4869
26382
7539
4864
4594
4866
26499
4867
26388
7535
26498
7567
26454
6857
6863
6917
6767
4868
4870
26501
7533
26496
7555
7559
7534
7536
27834
7537
25558
7543
7538
7540
27836
7541
7542
7544
27838
7545
26436
7547
26438
7551
7546
7548
27840
7549
7550
7552
27842
7553
25606
6839
6845
6851
7554
7556
27844
7557
7558
7560
27846
7561
26444
7563
26446
7571
7562
7564
27848
7565
7566
7568
27850
7569
7570
7572
27852
7573
26440
7575
7574
7576
27854
7577
26448
7579
7591
7578
7580
27856
7581
27851
7583
7582
7584
27858
7585
7586
7588
27860
7589
7590
7592
27862
7593
27861
7595
7594
7596
27864
7597
27859
7599
7598
7600
27866
7601
7602
7604
27868
7605
27867
7607
7606
7608
27870
7609
27865
7611
7610
7612
27872
7613
7614
7616
27874
7617
27873
7619
7618
7620
27876
7621
27871
7623
7622
7624
27878
7625
7626
7628
27880
7629
27879
7631
7630
7632
27882
7633
27877
7635
7634
7636
27884
7637
7638
7640
27886
7641
27885
7643
7642
7644
27888
7645
27883
7647
7646
7648
27890
7649
7650
7652
27892
7653
27891
7655
7654
7656
27894
7657
27889
7659
7658
7660
27896
7661
27841
7663
7667
26450
8287
7662
7664
27898
7665
27853
8267
26456
8275
27897
8319
7666
7668
27900
8265
27895
8299
8266
8268
28200
8269
25641
8271
8270
8272
28202
8273
8274
8276
28204
8277
27835
8279
27837
8283
8278
8280
28206
8281
8282
8284
28208
8285
25649
8291
5559
6981
6879
6777
8286
8288
28210
8289
8290
8292
28212
8293
27845
8295
27843
8303
8294
8296
28214
8297
8298
8300
28216
8301
8302
8304
28218
8305
27839
8307
8306
8308
28220
8309
27847
8311
8323
8310
8312
28222
8313
28217
8315
8314
8316
28224
8317
26458
8395
8318
8320
28226
8321
8322
8324
28228
8325
28227
8327
8326
8328
28230
8329
28225
8331
26464
8335
8330
8332
28232
8333
8334
8336
28234
8337
28233
8339
8338
8340
28236
8341
28231
8343
26470
8347
8342
8344
28238
8345
8346
8348
28240
8349
28239
8351
8350
8352
28242
8353
28237
8355
26476
8359
8354
8356
28244
8357
8358
8360
28246
8361
28245
8363
8362
8364
28248
8365
28243
8367
26482
8371
8366
8368
28250
8369
8370
8372
28252
8373
28251
8375
8374
8376
28254
8377
28249
8379
26488
8383
8378
8380
28256
8381
8382
8384
28258
8385
28257
8387
8386
8388
28260
8389
28255
8391
26494
8399
8390
8392
28262
8393
27849
8403
6245
6185
28207
8447
8394
8396
28264
8397
28219
8463
27855
8455
28263
6005
5945
8423
5493
7033
8398
4872
8400
28266
8401
26500
6125
6065
28261
8439
8431
8402
6354
8404
28268
8461
6246
8462
8464
28298
6247
6248
27190
6251
6252
6250
27191
6253
6254
27193
6257
6258
6256
27194
6259
27192
6261
6260
27196
6263
6264
6262
27197
6265
27195
6267
6266
27199
6269
6270
6268
27200
6271
27198
6273
6272
27202
6275
6276
6274
27203
6277
27201
6279
6278
27205
6281
6282
6280
27206
6283
27204
6285
6284
27208
6287
6288
6286
27209
6289
27207
6291
6290
27211
6293
6294
6186
6292
27212
8453
27210
6189
8454
8456
28294
6187
6188
27160
6191
6192
6190
27161
6193
6194
27163
6197
6198
6196
27164
6199
27162
6201
6200
27166
6203
6204
6202
27167
6205
27165
6207
6206
27169
6209
6210
6208
27170
6211
27168
6213
6212
27172
6215
6216
6214
27173
6217
27171
6219
6218
27175
6221
6222
6220
27176
6223
27174
6225
6224
27178
6227
6228
6226
27179
6229
27177
6231
6230
27181
6233
6234
6126
6232
27182
8445
27180
6129
8446
8448
28290
6127
6128
27130
6131
6132
6130
27131
6133
6134
27133
6137
6138
6136
27134
6139
27132
6141
6140
27136
6143
6144
6142
27137
6145
27135
6147
6146
27139
6149
6150
6148
27140
6151
27138
6153
6152
27142
6155
6156
6154
27143
6157
27141
6159
6158
27145
6161
6162
6160
27146
6163
27144
6165
6164
27148
6167
6168
6166
27149
6169
27147
6171
6170
27151
6173
6174
6066
6172
27152
8437
27150
6069
8438
8440
28286
6067
6068
27100
6071
6072
6070
27101
6073
6074
27103
6077
6078
6076
27104
6079
27102
6081
6080
27106
6083
6084
6082
27107
6085
27105
6087
6086
27109
6089
6090
6088
27110
6091
27108
6093
6092
27112
6095
6096
6094
27113
6097
27111
6099
6098
27115
6101
6102
6100
27116
6103
27114
6105
6104
27118
6107
6108
6106
27119
6109
27117
6111
6110
27121
6113
6114
6006
6112
27122
8429
27120
6009
8430
8432
28282
6007
6008
27070
6011
6012
6010
27071
6013
6014
27073
6017
6018
6016
27074
6019
27072
5955
6020
27076
6023
6024
6022
27077
6025
27075
6027
6026
27079
6029
6030
6028
27080
6031
27078
6033
6032
27082
6035
6036
6034
27083
6037
27081
6039
6038
27085
6041
6042
6040
27086
6043
27084
6045
6044
27088
6047
6048
6046
27089
6049
27087
6051
6050
27091
6053
6054
5946
6052
27092
8421
27090
5949
8422
8424
28278
5947
5948
27040
5951
5952
5950
27041
5953
5954
27043
5957
5958
5956
27044
5959
27042
5961
5960
27046
5963
5964
5962
27047
5965
27045
5967
5966
27049
5969
5970
5968
27050
5971
27048
5973
5972
27052
5975
5976
5974
27053
5977
27051
5979
5978
27055
5981
5982
5980
27056
5983
27054
5985
5984
27058
5987
5988
5986
27059
5989
27057
5991
5990
27061
5993
5994
5494
5992
27062
8413
27060
5497
8414
8416
28274
5495
5496
26814
5555
5556
5498
26815
5557
5558
26845
5617
5618
5560
26846
5619
26816
5621
5620
26876
5679
5680
5622
26877
5681
26847
5683
5682
26907
5741
5742
5684
26908
5743
26878
5745
5744
26938
5803
5804
5746
26939
5805
26909
5807
5806
26969
5865
5866
5808
26970
5867
26940
5869
5868
27000
5927
5928
5870
27001
5929
26971
5931
5930
27031
5933
5934
5932
27032
8405
27002
6975
7034
8406
8408
28269
7039
28270
8691
7045
7040
8692
7046
8694
28413
8695
8696
8698
28415
8699
28414
8701
8700
8702
28416
7051
28417
8703
8705
7052
8704
8706
28418
7057
7063
28419
8707
7069
7123
8721
7058
7064
8708
8710
28421
8711
28420
8713
7070
8712
8714
28423
8715
28422
8717
7124
8716
8718
28424
6971
28425
8719
6972
8720
8722
28427
6973
28426
6935
8655
8659
6974
27553
6977
6978
6976
27554
6979
6980
27556
6983
6984
6982
27557
6985
27555
6987
6986
27559
6989
6990
6988
27560
6991
27558
6993
6992
27562
6995
6996
6994
27563
6997
27561
6999
6998
27565
7001
7002
7000
27566
7003
27564
7005
7004
27568
7007
7008
7006
27569
7009
27567
7011
7010
27571
7013
7014
7012
27572
7015
27570
7017
7016
27574
6929
6930
6936
7018
27575
8653
27573
6873
8654
8656
28394
8657
8658
8660
28395
6941
6947
28396
8661
6953
6959
6965
7019
6869
6833
6942
6948
8662
8664
28398
8665
28397
8667
6954
8666
8668
28400
8669
28399
8671
6960
8670
8672
28402
8673
28401
8675
6966
8674
8676
28404
8677
28403
8679
7020
8678
8680
28406
8681
28405
8683
6870
8682
8684
28408
6871
28407
8619
8623
6872
27502
6875
6876
6874
27503
6877
6878
27505
6881
6882
6880
27506
6883
27504
6885
6884
27508
6887
6888
6886
27509
6889
27507
6891
6890
27511
6893
6894
6892
27512
6895
27510
6897
6896
27514
6899
6900
6898
27515
6901
27513
6903
6902
27517
6905
6906
6904
27518
6907
27516
6909
6908
27520
6911
6912
6910
27521
6913
27519
6915
6914
27523
6827
6828
6834
6916
27524
8617
27522
6771
8618
6840
8620
28376
8621
8622
8624
28378
8625
28377
8627
6846
8626
8628
28380
8629
28379
8631
6852
8630
8632
28382
8633
28381
8635
6858
8634
8636
28384
8637
28383
8639
6864
8638
8640
28386
8641
28385
8643
6918
8642
8644
28388
8645
28387
8647
6731
6527
6533
6539
6768
8646
8648
28390
6769
28389
8583
6770
27451
6773
6774
6772
27452
6775
6776
27454
6779
6780
6778
27455
6781
27453
6783
6782
27457
6785
6786
6784
27458
6787
27456
6789
6788
27460
6791
6792
6790
27461
6793
27459
6795
6794
27463
6797
6798
6796
27464
6799
27462
6801
6800
27466
6803
6804
6802
27467
6805
27465
6807
6806
27469
6809
6810
36160
6737
6743
36162
36164
8587
6808
27470
6811
27468
6813
6812
27472
6725
6726
36166
6749
6755
6732
6814
27473
8581
27471
6669
8582
6738
8584
28358
8585
8586
36168
6761
6815
8588
28360
8589
28359
8591
6744
8590
8592
28362
8593
28361
8595
6750
8594
36170
6665
6573
6471
8596
28364
8597
28363
8599
6756
36172
8611
8598
8600
28366
8601
28365
8603
6762
8602
8604
28368
8605
28367
8607
6816
8606
8608
28370
8609
28369
8547
6666
8610
8612
28372
6667
28371
8551
6668
27400
6671
6672
6670
27401
6673
6674
27403
6677
6675
6678
6676
27404
6679
27402
6681
6680
27406
6682
27405
6683
27407
6685
6684
6686
27409
6689
6687
6690
6688
27410
6691
27408
6693
6692
27412
6694
27411
6695
27413
6697
6696
6698
27415
6701
6699
6702
6700
27416
6703
27414
6705
6704
27418
36174
6629
6635
6706
27417
6707
27419
6709
6708
36176
6641
6647
6710
27421
6623
6711
6624
6630
6712
27422
8545
27420
6567
36178
6653
6659
8546
6636
8548
28340
8549
8550
8552
28342
8553
28341
8555
6642
8554
36180
6713
6563
8556
28344
8557
28343
8559
6648
8558
8560
28346
8561
28345
8563
6654
36182
8575
8562
8564
28348
8565
28347
8567
6660
8566
8568
28350
8569
28349
8571
6714
8570
8572
28352
8573
28351
8515
6564
8574
8576
28354
6565
28353
8511
6566
27349
6569
6570
6568
27350
6571
6572
27352
6575
6576
6574
27353
6577
27351
6579
6578
27355
6581
6582
6580
27356
6583
27354
6585
6584
27358
6587
6588
6586
27359
6589
27357
6591
6590
27361
6593
6594
6592
27362
6595
27360
6597
6596
27364
6599
6600
6598
27365
6601
27363
6603
6602
27367
6605
6606
6604
27368
6607
27366
6609
6608
27370
6521
6522
36184
6545
6551
6528
6610
27371
8509
27369
6465
8510
6534
8512
28322
8513
8514
36186
6557
6611
8516
28324
8517
28323
8519
6540
8518
8520
28326
8521
28325
8523
6546
36188
6461
6425
6431
6437
8522
8524
28328
8525
28327
8527
6552
8526
36190
36192
8539
8528
28330
8529
28329
8531
6558
8530
8532
28332
8533
28331
8535
6612
8534
8536
28334
8537
28333
8479
6462
8538
8540
28336
6463
28335
8475
6464
27298
6467
6468
6466
27299
6469
6470
27301
6473
6474
6472
27302
6475
27300
6477
6476
27304
6479
6480
6478
27305
6481
27303
6483
6482
27307
6485
6486
6484
27308
6487
27306
6489
6488
27310
6491
6492
6490
27311
6493
27309
6495
6494
27313
6497
6498
6496
27314
6499
27312
6501
6500
27316
6503
6504
6502
27317
6505
27315
6507
6506
27319
6419
6420
36194
6443
6449
6455
6509
6426
6508
27320
8473
27318
6363
8474
6432
8476
28304
8477
8478
8480
28306
8481
28305
8483
6438
8482
8484
28308
8485
28307
8487
6444
8486
36196
6359
6059
8488
28310
8489
28309
8491
6450
36198
8503
8490
8492
28312
8493
28311
8495
6456
8494
8496
28314
8497
28313
8499
6510
8498
8500
28316
8501
28315
8419
6360
8502
8504
28318
6361
28317
8411
6362
27247
6365
6366
6364
27248
6367
26813
6369
6368
27250
6371
6372
6370
27251
6373
27249
6375
26844
6381
6374
27253
6377
6378
6376
27254
6379
26875
27252
6380
27256
6383
6384
6382
27257
6385
27255
6387
26906
6386
27259
6389
6390
6388
27260
6391
27258
6393
26937
6392
27262
6395
6396
6394
27263
6397
27261
6399
26968
6398
27265
6401
6402
6400
27266
6403
27264
6405
26999
6404
27268
5999
6406
27030
27267
5939
27269
8409
36200
6119
6179
5940
6000
36202
6239
6299
8410
6060
8412
28272
8417
28271
8418
8420
28276
8425
28273
8427
28275
8435
6120
8426
36204
6407
7477
8428
28280
8433
28279
8987
28277
8851
6180
8434
8436
28284
8441
28281
8443
28283
6240
8442
8444
28288
8449
28287
8451
28285
8889
6300
8450
8452
28292
8457
28289
8459
28291
8467
6408
8458
8460
28296
8465
28293
8965
28295
7507
7513
7521
7421
8466
7478
8468
28299
7483
28300
8959
7489
28297
8961
7495
7501
7484
8960
7490
8962
28547
8963
8964
8966
28549
8967
28548
8969
7496
8968
8970
28551
8971
28550
8973
7502
8972
8974
28553
8975
28552
8977
7508
36206
7427
8991
7433
8976
8978
28555
8979
28554
8981
7514
8988
8980
8982
28557
8983
28556
8985
7522
8984
8986
28559
8989
28558
8927
7422
8990
7428
8992
28562
8921
28560
8923
28561
7439
7445
7451
7457
8922
7434
8924
28528
8925
8926
36208
8949
8928
28530
8929
28529
8931
7440
8930
36210
7465
7365
8932
28532
8933
28531
8935
7446
8934
8936
28534
8937
28533
8939
7452
8938
8940
28536
8941
28535
8943
7458
8950
8942
8944
28538
8945
28537
8947
7466
8946
8948
28540
8951
28539
8953
7395
7401
8911
8952
7366
8954
28542
7371
28543
8883
7377
28541
8885
7383
7389
7372
8884
7378
8886
28509
8887
8888
8890
28511
8891
28510
8893
7384
8892
8894
28513
8895
28512
8897
7390
8896
8898
28515
8899
28514
8901
7396
8900
8902
28517
8903
28516
8905
7402
8904
8906
28519
8907
28518
8909
8908
8910
28520
7409
28521
8913
8915
7333
7339
7345
7353
7253
8912
7410
8914
8916
28523
7309
7315
28524
8845
7321
28522
8847
7327
7310
7316
8846
7322
8848
28490
8849
8850
8852
28492
8853
28491
8855
7328
8854
8856
28494
8857
28493
8859
7334
8858
8860
28496
8861
28495
8863
7340
8862
8864
28498
8865
28497
8867
7346
8866
8868
28500
8869
28499
8871
8870
8872
28501
8873
28502
8875
7259
8877
7283
8874
7354
7254
8876
7260
8878
28505
8807
28503
8809
28504
6413
8763
6515
8808
36212
7265
7266
8810
28471
8811
8812
36214
8835
36216
36218
36220
36222
36224
36226
36228
36230
8813
8814
28473
8815
28472
8817
36232
7271
7272
8816
8818
28475
8819
28474
8821
36234
7277
7278
8820
8822
28477
8823
28476
8825
7284
8824
8826
28479
8827
28478
8829
36236
7289
7290
8836
8828
8830
28481
8831
28480
8833
36238
7297
7298
8832
8834
28483
8837
28482
8775
36240
7197
7198
8838
36242
7203
7204
36244
36246
8839
8840
28486
8769
28485
7209
28484
8771
7215
7221
7227
8770
7210
8772
28452
8773
8774
8776
28454
8777
28453
8779
7216
8778
8780
28456
8781
28455
8783
7222
8782
8784
28458
8785
28457
8787
7228
8786
8788
28460
8789
28459
8791
36248
7233
7234
36250
36252
36254
36256
8797
8798
8790
8792
28462
8793
28461
8795
36258
7241
7242
8794
8796
28464
8799
28463
8733
8800
36260
36262
8801
8802
28466
7141
7147
28467
8731
7153
28465
8737
7159
7142
7148
8732
7154
8734
28433
8735
8736
8738
28435
8739
28434
8741
7160
8740
8742
28437
8743
28436
8745
36264
7165
7166
8744
8746
28439
8747
28438
8749
36266
7171
7172
8748
8750
28441
8751
28440
8753
36268
7177
7178
36270
36272
36274
36276
8759
8760
8752
8754
28443
8755
28442
8757
36278
7185
7186
8756
8758
28445
8761
28444
8507
6414
8762
8764
28448
8469
28446
8471
28447
9831
6516
8470
8472
28301
6617
28302
8505
6719
6821
6923
6618
8506
8508
28320
8541
28303
8543
28319
9821
9871
6720
8542
8544
28338
8577
28321
8579
28337
9735
9741
9747
9753
6822
8578
8580
28356
8613
28339
8615
28355
8689
6924
8614
8616
28373
7025
28374
8649
28357
8651
7129
8725
7026
8690
8650
8652
28392
8685
28375
8687
28391
9847
7130
8686
8688
28410
8723
28393
9797
28409
9843
8724
8726
28412
9711
9717
28429
9791
9723
28411
9793
9729
28428
9839
9712
9718
9792
9724
9794
28963
9795
9796
9798
28965
9799
28964
9801
9730
9800
9802
28967
9803
28966
9805
9736
9804
9806
28969
9807
28968
9809
9742
9808
9810
28971
9811
28970
9813
9748
9812
9814
28973
9815
28972
9817
9754
9816
9818
28975
9819
28974
9859
9820
9822
28977
9829
28976
9830
9832
28982
9833
25655
9835
25657
9834
9836
28984
9837
9838
9840
28986
9841
28203
9879
28201
9842
9844
28988
9845
9846
9848
28990
9849
36280
9851
9850
9852
28992
9853
28209
9855
28211
9863
9854
9856
28994
9857
9858
9860
28996
9861
9862
9864
28998
9865
28205
9867
9866
9868
29000
9869
28213
10015
9870
9872
29002
9873
28997
9875
9874
9876
29004
9877
27857
9883
9878
9880
29006
9881
9882
9884
29008
9885
29007
9887
9886
9888
29010
9889
27863
29005
9891
9895
9890
9892
29012
9893
9894
9896
29014
9897
29013
9899
9898
9900
29016
9901
29011
9903
27869
9907
9902
9904
29018
9905
9906
9908
29020
9909
29019
9911
9910
9912
29022
9913
29017
9915
27875
9919
9914
9916
29024
9917
9918
9920
29026
9921
29025
9923
9922
9924
29028
9925
29023
9927
27881
9931
9926
9928
29030
9929
9930
9932
29032
9933
29031
9935
9934
9936
29034
9937
29029
9939
27887
9943
9938
9940
29036
9941
9942
9944
29038
9945
29037
9947
9946
9948
29040
9949
29035
9951
27893
9955
9950
9952
29042
9953
28215
10023
28989
10007
9954
9956
29044
9957
28999
9959
9963
28221
29043
10257
9958
9960
29046
9961
29041
9975
9967
27899
9962
9964
29048
10021
36282
9999
10022
10024
29078
10013
10014
10016
29074
10005
10006
10008
29070
9997
9998
10000
29066
9989
9990
36284
36286
36288
36290
9991
9992
29062
9981
9982
36292
36294
36296
36298
9983
9984
29058
9973
9974
9976
29054
9965
9966
9968
29050
10251
29049
10252
36300
36302
36304
36306
36308
36310
10253
10254
29193
10255
10256
10258
29195
10259
29194
10261
10260
10262
29197
10263
29196
10265
10264
10266
29199
10267
29198
10269
10268
10270
29201
10271
29200
10273
10272
10274
29203
10275
29202
10277
10276
10278
29205
10279
29204
10281
10215
10280
10282
29207
10213
29206
10219
10214
10216
29174
10217
10218
10220
29176
10221
29175
10223
10222
10224
29178
10225
29177
10227
10226
10228
29180
10229
29179
10231
10230
10232
29182
10233
29181
10235
10234
10236
29184
10237
29183
10239
10238
10240
29186
10241
29185
10243
10171
10242
10244
29188
10177
29187
10179
10178
10180
29156
10181
10182
36312
10183
10184
29158
10185
29157
10187
10186
10188
29160
10189
29159
10191
10190
10192
29162
10193
29161
10195
10194
36314
10207
10196
29164
10197
29163
10199
10198
10200
29166
10201
29165
10203
10202
10204
29168
10205
29167
10147
10206
10208
29170
10141
29169
10143
10142
10144
29138
10145
10146
10148
29140
10149
29139
10151
10150
10152
29142
10153
29141
10155
10154
10156
29144
10157
29143
10159
10158
10160
29146
10161
29145
10163
10162
10164
29148
10165
29147
10167
10166
10168
29150
10169
29149
10111
10170
10172
29152
10105
29151
10107
10106
10108
29120
10109
10110
10112
29122
10113
29121
10115
10114
10116
29124
10117
29123
10119
10118
10120
29126
10121
29125
10123
10122
10124
29128
10125
29127
10127
10126
10128
29130
10129
29129
10131
10130
10132
29132
10133
29131
10135
10099
10134
10136
29134
10069
29133
10071
10070
10072
29102
10073
10074
36316
10075
10076
29104
10077
29103
10079
10078
10080
29106
10081
29105
10083
10082
10084
29108
10085
29107
10087
10086
10088
29110
10089
29109
10091
10090
36318
36231
10092
29112
10093
29111
10095
36229
10094
10096
29114
10097
29113
10039
36227
10098
10100
29116
10033
29115
10035
36225
10034
10036
29084
10037
10038
36247
10040
29086
10041
29085
10043
10042
36245
10044
29088
10045
29087
10047
10046
36241
10048
29090
10049
29089
10051
10050
10052
29092
10053
29091
10055
10054
36320
36243
10056
29094
10057
29093
10059
36283
10058
36322
36213
10060
29095
29096
10061
10063
36257
36324
36255
10062
10064
29098
9969
29097
9971
36326
36328
36253
9970
9972
29052
9977
29051
9978
36330
36251
36332
36334
36336
36338
36340
36342
36344
36346
9979
9980
29056
9985
29053
9987
29055
9995
9986
36348
36350
36265
9988
29060
9993
29059
10547
29057
10411
9994
36267
9996
29064
10001
29061
10003
29063
10551
10002
36269
10004
29068
10009
29065
10011
29067
10513
36281
10010
36279
10012
29072
10017
29069
10019
29071
10509
36223
10018
10020
29076
10025
29075
10027
29073
10525
36221
10026
10028
29079
29080
10519
29077
10521
36219
10520
10522
29327
10523
10524
36217
10526
29329
10527
29328
10529
10528
36249
10530
29331
10531
29330
10533
10532
36259
10534
29333
10535
29332
10537
10536
36263
10538
29335
10539
29334
10541
10548
10540
10542
29337
10543
29336
10545
10544
10546
29339
10549
29338
10487
10550
36261
10552
29341
29342
10481
29340
10483
36237
36239
36277
10482
10484
29308
10485
10486
36275
10488
29310
10489
29309
10491
10490
36352
36273
10492
29312
10493
29311
10495
10494
36354
36271
10496
29314
10497
29313
10499
10498
36356
36311
10500
29316
10501
29315
10503
10510
10502
36358
36309
10504
29318
10505
29317
10507
36307
10506
10508
29320
10511
29319
10449
36305
10512
10514
29322
29323
10443
29321
10445
36303
10444
10446
29289
10447
10448
36301
10450
29291
10451
29290
10453
10452
36299
10454
29293
10455
29292
10457
10456
36297
10458
29295
10459
29294
10461
10460
10462
29297
10463
29296
10465
10464
10466
29299
10467
29298
10469
10468
10470
29300
10471
29301
10473
10475
36233
10472
10474
36295
10476
29303
29304
10405
29302
10407
36293
36321
36323
10406
10408
29270
10409
10410
36291
10412
29272
10413
29271
10415
10414
10416
29274
10417
29273
10419
10418
10420
29276
10421
29275
10423
10422
10424
29277
29278
10425
36289
36360
36287
36362
36285
36364
36366
36368
36370
10433
10434
10426
36372
36319
36374
10427
10428
29280
10429
29279
10431
36376
36235
10430
10432
29282
10435
29281
10373
10436
36378
36380
10437
10438
29285
10367
29283
10369
29284
10395
10368
10370
29251
10371
10372
10374
29253
10375
29252
10377
10376
10378
29255
10379
29254
10381
10380
10382
29257
10383
29256
10385
10384
10386
29259
10387
29258
10389
10396
10388
10390
29261
10391
29260
10393
10392
10394
29263
10397
29262
10335
10398
36382
36384
10399
10400
29266
10329
29264
10331
29265
10357
10330
10332
29232
10333
10334
10336
29234
10337
29233
10339
10338
10340
29236
10341
29235
10343
10342
10344
29238
10345
29237
10347
10346
10348
29240
10349
29239
10351
10358
10350
10352
29242
10353
29241
10355
10354
10356
29244
10359
29243
10297
10360
36386
36388
10361
10362
29247
10291
29245
10293
29246
10319
10292
10294
29213
10295
10296
10298
29215
10299
29214
10301
10300
10302
29217
10303
29216
10305
10304
10306
29219
10307
29218
10309
10308
10310
29221
10311
29220
10313
10320
10312
10314
29223
10315
29222
10317
10316
10318
29225
10321
29224
10067
10322
36390
36392
10323
10324
29228
10029
29226
10031
29227
9617
9623
9629
9635
10030
10032
29082
10065
29081
9703
10771
10066
10068
29100
10101
29083
10103
29099
10249
10102
10104
29118
10137
29101
10139
29117
10138
10140
29136
10173
29119
10175
29135
10211
10174
10176
29154
10209
29153
29137
10711
10250
10210
10212
29172
10245
29155
10247
29171
10285
10807
10246
10248
29190
10283
29189
10779
29173
10783
10284
10286
29209
10777
29192
9593
9599
9605
9611
29191
9387
29208
9455
9393
9399
9239
10778
10780
29456
10781
10782
10784
29458
10785
29457
10787
10786
10788
29460
10789
29459
10791
10790
10792
29462
10793
29461
10795
10794
10796
29464
10797
29463
10799
10798
10800
29466
10801
29465
10803
10802
10804
29468
10805
29467
9679
9594
10806
9600
10808
29470
9673
29469
9675
9674
9606
9676
28904
9677
9678
9680
28906
9681
28905
9683
9612
9682
9684
28908
9685
28907
9687
9618
9686
9688
28910
9689
28909
9691
9624
9690
9692
28912
9693
28911
9695
9630
9694
9696
28914
9697
28913
9699
9636
9698
9700
28916
9701
28915
10747
9702
9704
28918
10741
28917
10743
10742
10744
29438
10745
10746
10748
29440
10749
29439
10751
10750
10752
29442
10753
29441
10755
10754
10756
29444
10757
29443
10759
10758
10760
29446
10761
29445
10763
10762
10764
29448
10765
29447
10767
10766
10768
29450
10769
29449
9561
36394
9475
9476
10770
36396
9481
9482
10772
29452
9555
29451
9557
9556
36398
9487
9488
9558
28845
9559
9560
9562
28847
9563
28846
9565
36400
9493
9494
9564
9566
28849
9567
28848
9569
36402
9499
9500
9568
9570
28851
9571
28850
9573
36404
9505
9506
9572
9574
28853
9575
28852
9577
36406
9511
9512
9576
9578
28855
9579
28854
9581
36408
9517
9518
9580
9582
28857
9583
28856
9585
9357
9363
10735
9369
9375
9584
9586
28859
10705
28858
10707
10706
10708
29420
10709
10710
10712
29422
10713
29421
10715
10714
10716
29424
10717
29423
10719
10718
10720
29426
10721
29425
10723
10722
10724
29428
10725
29427
10727
10726
10728
29430
10729
29429
10731
10730
10732
29432
10733
29431
9443
9358
10734
9364
10736
29434
9437
29433
9439
9438
9370
9440
28786
9441
9442
9444
28788
9445
28787
9447
9376
9446
9448
28790
9449
28789
9451
9450
9452
28791
9381
28792
9453
9467
9245
10699
9251
9257
9382
9388
9454
9456
28794
9457
28793
9459
9394
9458
9460
28796
9461
28795
9463
9400
9462
9464
28798
9465
28797
10675
9466
9468
28800
10669
28799
10671
10670
10672
29402
10673
10674
10676
29404
10677
29403
10679
10678
10680
29406
10681
29405
10683
10682
10684
29408
10685
29407
10687
10686
10688
29410
10689
29409
10691
10690
10692
29412
10693
29411
10695
10694
10696
29414
10697
29413
9325
9240
10698
9246
10700
29416
9319
29415
9321
9320
9252
9322
28727
9323
9324
9326
28729
9327
28728
9329
9258
36410
9269
9275
9328
9330
28731
9331
28730
9333
9332
9334
28732
9263
28733
9335
9264
9270
9336
36412
9337
9338
28735
9339
28734
9341
9276
9340
9342
28737
9343
28736
9345
36414
9281
9282
9344
9346
28739
9347
28738
10639
9348
36416
36418
9349
9350
28741
10633
28740
10635
10634
10636
29384
10637
10638
10640
29386
10641
29385
10643
10642
10644
29388
10645
29387
10647
10646
10648
29390
10649
29389
10651
10650
10652
29392
10653
29391
10655
10654
10656
29394
10657
29393
10659
10658
10660
29396
10661
29395
9207
36420
9121
9122
10662
36422
9127
9128
36424
36426
10663
10664
29398
9201
29397
9203
9202
36428
9133
9134
9204
28668
9205
9206
9208
28670
9209
28669
9211
36430
9139
9140
9210
9212
28672
9213
28671
9215
36432
9145
9146
9214
9216
28674
9217
28673
9219
36434
9151
9152
9218
9220
28676
9221
28675
9223
36436
9157
9158
9222
9224
28678
9225
28677
9227
36438
9163
9164
9226
9228
28680
9229
28679
10603
9230
36440
36442
9231
9232
28682
10597
28681
10599
10598
10600
29366
10601
10602
10604
29368
10605
29367
10607
10606
10608
29370
10609
29369
10611
10610
10612
29372
10613
29371
10615
36444
9009
9015
10614
10616
29374
10617
29373
10619
10618
10620
29376
10621
29375
10623
36446
9021
9027
10622
10624
29378
10625
29377
9089
36448
9003
9004
10626
9010
36450
36452
10627
10628
29380
9083
29379
9085
36454
9033
9039
9084
9016
9086
28609
9087
9088
9090
28611
9091
28610
9093
9022
9092
36456
9045
7135
9094
28613
9095
28612
9097
9028
9096
9098
28615
9099
28614
9101
9034
9100
36458
9113
9102
28617
9103
28616
9105
9040
9104
9106
28619
9107
28618
9109
9046
9108
9110
28621
9111
28620
10567
9112
9114
28623
10561
28622
10563
10562
10564
29348
10565
10566
10568
29350
10569
29349
10571
10570
10572
29352
10573
29351
10575
10574
10576
29354
10577
29353
10579
10578
36460
10591
10580
29356
10581
29355
10583
10582
10584
29358
10585
29357
10587
10586
10588
29360
10589
29359
8767
7136
10590
10592
29362
8727
29361
8729
8728
8730
28430
7191
7247
28431
8765
7192
7248
8766
8768
28450
8803
28432
8805
28449
8804
8806
28468
7303
7359
28469
8841
28451
8843
7304
7360
8842
8844
28488
8879
28470
8881
28487
11443
8880
8882
28506
7415
7471
28507
8917
28489
8919
7416
7472
8918
8920
28526
8955
28508
8957
28525
8995
8956
8958
28544
7527
28545
8993
28527
10327
7528
8994
8996
28564
10287
28546
10289
28563
10839
10288
10290
29211
10325
29210
10326
10328
29230
10363
29212
10365
29229
10364
10366
29249
10401
29231
10403
29248
10983
10402
10404
29268
10439
29250
10441
29267
10555
10440
10442
29287
10477
29269
10479
29286
10478
10480
29306
10515
29288
10517
29305
10927
10516
10518
29325
10553
29324
10835
29307
11007
10554
10556
29344
10813
29326
10827
29343
11329
10814
36462
36464
36466
36468
10815
10816
29474
10817
28985
10819
28983
10823
28991
10831
10818
10820
29476
10821
10822
10824
29478
10825
10826
10828
29480
10829
10830
10832
29482
10833
28987
10834
10836
29484
10837
29475
10847
28993
10991
10838
10840
29486
10841
29481
10843
10842
10844
29488
10845
28223
10851
10846
10848
29490
10849
10850
10852
29492
10853
29491
10855
10854
10856
29494
10857
29489
10859
28229
10863
10858
10860
29496
10861
10862
10864
29498
10865
29497
10867
10866
10868
29500
10869
29495
10871
28235
10875
10870
10872
29502
10873
10874
10876
29504
10877
29503
10879
10878
10880
29506
10881
29501
10883
28241
10887
10882
10884
29508
10885
10886
10888
29510
10889
29509
10891
10890
10892
29512
10893
29507
10895
28247
10899
10894
10896
29514
10897
10898
10900
29516
10901
29515
10903
10902
10904
29518
10905
29513
10907
28253
10911
10906
10908
29520
10909
10910
10912
29522
10913
29521
10915
10914
10916
29524
10917
29519
10919
28259
10923
10918
10920
29526
10921
28995
10935
29477
10951
29479
10959
10922
10924
29528
10925
29001
10943
29527
10947
29483
10967
29485
10975
10926
10928
29530
10929
28265
10931
29525
10939
10930
10932
29532
10933
28267
11291
10934
10936
29534
10937
10938
10940
29536
10941
10942
10944
29538
10945
10946
10948
29540
10949
29537
10955
10950
10952
29542
10953
10954
10956
29544
10957
29541
10963
10958
10960
29546
10961
10962
10964
29548
10965
29545
10971
10966
10968
29550
10969
10970
10972
29552
10973
29549
10979
10974
10976
29554
10977
10978
10980
29556
10981
29553
10987
10982
10984
29558
10985
10986
10988
29560
10989
29557
11003
10990
10992
29562
10993
29533
10994
36470
36472
36474
36476
10995
10996
29564
10997
29561
10999
10998
11000
29566
11001
11002
11004
29568
11005
11006
11008
29570
11009
29569
11011
11010
11012
29572
11013
29571
11015
11014
11016
29574
11017
29573
11019
11018
11020
29576
11021
29575
11023
11022
11024
29578
11025
29577
11027
11026
11028
29580
11029
29579
11031
11067
36478
36480
36482
36484
11043
11030
11032
29582
11033
29581
11035
11034
11036
29584
11037
29567
11039
11038
11040
29586
11041
11042
11044
29588
11045
29587
11047
11046
11048
29590
11049
29589
11051
11050
11052
29592
11053
29591
11055
11054
11056
29594
11057
29593
11059
11058
11060
29596
11061
29595
11063
11062
11064
29598
11065
29597
11075
11066
11068
29600
11069
29599
11071
11070
11072
29602
11073
29585
11079
11074
11076
29604
11077
11078
11080
29606
11081
29605
11083
11082
11084
29608
11085
29607
11087
11086
11088
29610
11089
29609
11091
11090
36486
36488
11103
11092
29612
11093
29611
11095
11094
11096
29614
11097
29613
11099
11098
11100
29616
11101
29615
11115
11102
11104
29618
11105
29617
11107
11106
11108
29620
11109
29603
11111
11110
11112
29622
11113
11114
11116
29624
11117
29623
11119
11118
11120
29626
11121
29625
11123
11122
11124
29628
11125
29627
11127
11126
11128
29630
11129
29629
11131
11130
11132
29632
11133
29631
11135
11134
11136
29634
11137
29633
11139
11138
11140
29636
11141
29635
11143
36490
11142
11144
29638
11145
29621
11147
11146
11148
29640
11149
11150
36492
11151
11152
29642
11153
29641
11154
36494
36496
36498
11155
11156
29644
11157
29643
11159
11158
11160
29646
11161
29645
11163
11162
11164
29648
11165
29647
11167
11166
11168
29650
11169
29649
11171
11170
36500
36347
11172
29652
11173
29651
11187
36502
36329
11174
36504
36506
36508
36510
36512
11175
11176
29654
11177
29653
11179
36514
36345
11178
11180
29656
11181
29639
11183
36516
36343
11182
11184
29658
11185
11186
36518
36341
11188
29660
11189
29659
11191
11190
36520
36522
36339
11192
29662
11193
29661
11195
11194
36337
11196
29664
11197
29663
11199
36524
11198
36526
36335
11200
29666
11201
29665
11203
36521
11202
11204
29668
11205
29667
11207
36528
11206
36530
36325
11208
29670
11209
29669
11225
36331
11210
36532
36534
36536
36538
11211
11212
29672
11213
29671
11215
36540
36351
36542
11214
11216
29674
11219
29657
11221
36333
36544
11220
11222
29677
11223
29535
11249
36546
11224
36353
11226
29679
11227
29539
29678
11228
36548
36355
36550
36552
11229
11230
29681
11231
29543
29680
9351
4237
11232
36357
36554
36556
11233
11234
29683
11235
29682
11237
29547
9233
11236
36359
11238
29685
11239
29684
11241
29551
36349
11240
11242
29687
11243
29686
11245
29555
36558
36560
36562
36564
11217
11218
11244
11246
29689
11247
29688
11265
29559
11248
11250
29691
11251
29690
11257
29563
11631
11252
36566
36568
11253
11254
29693
11255
29675
11261
29676
11287
11256
11258
29695
11259
11260
11262
29697
11263
11264
11266
29699
11267
29698
11269
11268
11270
29701
11271
29700
11273
11272
11274
29703
11275
29702
11277
11276
11278
29705
11279
29704
11281
11288
11280
11282
29707
11283
29706
11285
11284
11286
29709
11289
29708
11303
11290
11292
29712
11293
29710
11295
29711
11325
11294
11296
29714
11297
29696
11299
11298
11300
29716
11301
11302
11304
29718
11305
29717
11307
11306
11308
29720
11309
29719
11311
11310
11312
29722
11313
29721
11315
11314
11316
29724
11317
29723
11319
11326
11318
11320
29726
11321
29725
11323
11322
11324
29728
11327
29727
11341
11328
11330
29731
11331
29729
11333
29730
11363
11332
11334
29733
11335
29715
11337
11336
11338
29735
11339
11340
11342
29737
11343
29736
11345
11344
11346
29739
11347
29738
11349
11348
11350
29741
11351
29740
11353
11352
36570
11354
29743
11355
29742
11357
36572
11367
11364
11356
11358
29745
11359
29744
11361
11360
11362
29747
11365
29746
11379
11366
11368
29750
11369
29748
11371
29749
11401
11370
11372
29752
11373
29734
11375
11374
11376
29754
11377
11378
11380
29756
11381
29755
11383
11382
36375
11384
29758
11385
29757
11387
11386
11388
29760
11389
29759
11391
11390
11392
29762
11393
29761
11395
11402
11394
11396
29764
11397
29763
11399
11398
36574
36401
11400
29766
11403
29765
11417
36576
36381
11404
36578
36580
11405
11406
29769
11407
29767
11409
29768
11439
36582
36379
11408
11410
29771
11411
29753
11413
36584
36403
11412
11414
29773
11415
11416
36586
36405
11418
29775
11419
29774
11421
11420
36588
36407
11422
29777
11423
29776
11425
11424
36590
36409
11426
29779
11427
29778
11429
11428
36592
36361
11430
29781
11431
29780
11433
11440
11432
11434
29783
11435
29782
11437
11436
36594
36373
11438
29785
11441
29784
11455
36596
36389
11442
11444
29788
11445
29786
11447
29787
36598
36387
11446
11448
29790
11449
29772
11451
36393
11450
11452
29792
11453
36600
11454
36391
11456
29794
11457
29793
11459
36602
36604
11477
11458
36395
11460
29796
11461
29795
11463
11462
36397
11464
29798
11465
29797
11467
11466
36606
11481
36399
11468
29800
11469
29799
11471
11478
11470
11472
29802
11473
29801
11475
11474
11476
29804
11479
29803
11493
11480
36377
11482
29806
29807
11483
29805
11485
36385
36383
11484
11486
29809
11487
29791
11489
36371
11488
11490
29811
11491
29565
4247
11492
11494
29813
11495
29812
11497
29583
11496
11498
29815
11499
29814
11501
29601
4473
36369
11500
11502
29619
29817
11503
29816
11505
36367
36608
11504
36365
11506
29819
11507
29818
11509
29637
9115
11508
36363
11510
29655
11515
29821
11511
29820
11513
11516
36610
36612
8997
8998
11512
11514
29823
11517
29673
11519
29822
11535
11518
11520
29826
11521
29825
11523
29824
11531
11559
29692
4151
11522
11524
29828
11525
29810
11527
11526
11528
29830
11529
11530
11532
29832
11533
11534
11536
29834
11537
29833
11539
11538
11540
29836
11541
29835
11543
11542
11544
29838
11545
29837
11547
11546
11548
29840
11549
29839
11551
9116
11550
11552
29842
11553
29841
11555
11554
11556
29844
11557
29843
11571
11558
11560
29846
11561
29845
11563
11562
11564
29848
11565
29831
11567
11566
11568
29850
11569
11570
11572
29852
11573
29851
11575
11574
11576
29854
11577
29853
11579
11578
11580
29856
11581
29855
11583
11582
11584
29858
11585
29857
11587
9234
36614
11595
11586
11588
29860
11589
29859
11591
11590
11592
29862
11593
29861
11607
11594
11596
29864
11597
29863
11599
11598
11600
29866
11601
29849
11603
11602
11604
29868
11605
11606
11608
29870
11609
29869
11611
11610
11612
29872
11613
29871
11615
11614
11616
29874
11617
29873
11619
11618
11620
29876
11621
29875
11623
9352
11622
11624
29878
11625
29877
11627
11626
11628
29880
11629
29879
11643
11630
11632
29882
11633
29881
11635
11634
11636
29884
11637
29867
11639
11638
11640
29886
11641
11642
11644
29888
11645
29887
11647
11646
36413
11648
29890
11649
29889
11651
11650
36616
36618
36620
36415
11652
29892
11653
29891
11655
11654
36622
36421
11656
29894
11657
29893
11659
36624
9469
9470
36626
11658
11660
29896
11661
29895
11663
11662
36445
36447
11664
29898
11665
29897
11679
11666
36628
36630
11667
11668
29900
11669
29899
11671
11670
36632
36469
11672
29902
11673
29885
11675
36634
36636
36467
36638
36465
36640
36642
36463
11674
11676
29904
11677
11678
36477
11680
29906
11681
29905
11683
11682
36475
11684
29908
11685
29907
11687
11686
36644
36646
36473
11688
29910
11689
29909
11691
11690
36471
36648
11703
11692
29912
11693
29911
11695
36650
9587
9588
11694
11696
29914
11697
29913
11699
11698
36459
36461
11700
29916
11701
29915
11715
11702
11704
29918
11705
29917
11707
36652
11706
36654
36419
11708
29920
11709
29903
11711
36656
36417
36427
36425
11710
11712
29922
11713
11714
36658
36435
11716
29924
11717
29923
11719
11718
36660
36437
11720
29926
11721
29925
11723
11722
36662
36664
36439
11724
29928
11725
29927
11727
11726
36666
36449
36668
11739
11728
29930
11729
29929
11731
36670
9705
9706
11730
11732
29932
11733
29931
11735
11734
36455
36672
36674
36457
11736
29934
11737
29933
11751
11738
11740
29936
11741
29935
11743
11742
36676
36423
11744
29938
11745
29921
11747
36678
36429
11746
11748
29694
29940
11749
36431
36433
11750
11752
29713
29942
11753
29941
11755
36443
11754
11756
29944
11757
29943
11759
29732
11758
11760
29946
11761
29945
11763
29751
4439
36441
11762
11764
29770
29948
11765
29947
11767
36453
36451
36680
9823
9824
11766
11768
29950
11769
29949
11771
29789
4447
36682
11770
11772
29952
11773
29808
11775
29951
4199
11774
11776
29954
11777
29953
29827
4137
11778
36411
36684
36686
36688
11779
36327
36690
36692
36694
36696
36698
36700
36317
11780
29956
4139
29939
4181
36702
36704
36107
36103
36215
4140
36111
36115
36706
36708
36710
36712
36714
4141
4142
26137
4131
4132
36716
36313
36718
36720
4133
4134
26133
4135
36722
4136
4138
26135
4145
24537
4147
4146
36165
4148
26140
4149
4150
4152
26142
4153
24732
24610
4155
24670
4163
4154
36173
4156
26144
4161
4162
36724
4169
4164
26148
4167
4168
36163
4170
26151
4175
26138
4177
4176
4178
26155
4179
4180
36207
4182
26157
4191
26143
4193
4192
4194
26163
4197
26147
26149
4211
4198
36199
4200
26166
4209
4210
4212
26172
4213
26162
26156
4215
26154
4231
26171
4243
4214
36209
4216
26174
4229
4230
4232
26182
4235
4236
4238
26185
4241
4242
4244
26188
4245
4246
4248
26190
4249
4250
36726
4257
36728
36730
4251
4252
26192
4255
26164
4273
4256
4258
26186
26195
4271
36183
4272
36195
4274
26203
4291
4292
36732
36734
36736
36738
4293
4294
26213
4295
4296
36740
4297
4541
4298
26181
26215
4303
26202
4481
26173
4507
4515
36189
36742
4305
36744
4304
4306
26219
4357
26214
4359
36169
4358
4360
26246
4363
4364
36746
4371
36748
4365
4366
26249
4369
4370
4372
26252
4373
26250
4375
4374
36750
4379
4376
26254
4377
4378
4380
26256
4391
26255
4393
36752
36754
36203
4392
4394
26263
4397
26247
4399
4398
4400
26266
4403
4404
36756
36758
4405
4406
26269
4407
26267
4409
4408
4410
26271
4411
4412
36760
36762
4413
4414
26273
4425
26272
4427
36197
4426
4428
26280
4431
26264
4433
4432
4434
26283
4437
4438
4440
26286
4441
26284
4443
4442
4444
26288
4445
4446
4448
26290
4459
26289
4461
36764
36171
4460
4462
26297
4465
26281
4467
4466
4468
26300
4471
4472
4474
26303
4475
26301
4477
4476
4478
26305
4479
4480
4482
26307
4493
26306
4495
36193
4494
4496
26314
4499
26298
4501
4500
4502
26317
4505
4506
4508
26320
4509
26318
4511
4510
4512
26322
4513
4514
4516
26324
4527
26323
4529
36185
4528
4530
26331
4533
26315
4535
4534
4536
26334
4539
4540
4542
26337
4543
26335
4545
4544
4546
26339
4547
4548
36766
4549
4550
26341
4561
26340
4563
36177
4562
4564
26348
4567
26332
4569
4568
4570
26351
4573
26175
4575
4583
4574
4576
26354
4577
26352
4579
26191
4578
4580
26356
4581
26204
26183
5997
26212
4582
4584
26216
26358
4595
4597
26193
4649
26357
26218
6057
36211
4596
4598
26365
4647
26349
4661
36175
4648
4650
26244
26391
4659
26390
5937
36205
4660
4662
26396
26397
4671
26392
4673
26261
36201
4672
4674
26402
26403
4683
26398
4685
26278
36179
4684
4686
26408
26409
4695
26404
4697
26295
36191
4696
4698
26414
26415
4707
26410
4709
26312
6117
36187
4708
4710
26329
26421
4719
26416
4721
26420
36161
4720
4722
26427
4731
26426
4733
26422
6003
26346
6177
36181
4732
36493
4734
26432
26433
4873
26363
4875
26428
5943
36768
36167
36499
4874
36769
36770
36772
36771
36774
36776
36497
4876
26504
5935
36549
36501
36778
5936
5938
27035
5941
36515
5942
36775
5944
27038
5995
36495
5996
36780
5998
27065
6001
36513
6002
6004
27068
6055
27039
6063
36779
36585
6056
36782
6058
27095
6061
36511
6062
6064
27098
6115
27069
6123
36781
36539
6116
36784
6118
27125
6121
36537
6122
36786
6124
27128
6175
27099
6183
36783
36535
6176
6178
27155
6181
36788
6243
36533
36790
36792
6297
6182
6184
27158
6235
27129
6237
6357
36785
36557
6236
6238
27185
6241
36599
6242
6244
27188
6295
27159
6303
36627
6296
6298
27215
6301
6302
6304
27218
6355
27189
6411
6513
36555
6356
36615
6358
26505
27245
6409
36731
36794
36517
36796
6423
36593
6410
6412
27272
6415
27219
6417
36798
36800
6429
36503
6416
6418
27275
6421
36553
6422
6424
27278
6427
6428
36551
6430
27281
6433
27279
6435
6434
36621
6436
27284
6439
27282
6441
6440
36623
6442
27287
6445
27285
6447
6446
36765
6448
27290
6451
27288
6453
36523
6452
36729
6454
27293
6457
27291
6459
6458
6460
27296
6511
27294
6525
6512
6514
27323
6517
27297
6519
36802
6518
36591
6520
27276
27326
6523
6615
36739
36804
36806
6531
36737
36735
6524
6526
27329
6529
6530
36565
6532
27332
6535
27330
6537
6536
36563
6538
27335
6541
27333
6543
6542
36561
6544
27338
6547
27336
6549
6548
36559
6550
27341
6553
27339
6555
36609
6554
36581
6556
27344
6559
27342
6561
6560
36519
6562
27345
27347
6613
36613
6614
6616
27374
6619
27348
6621
36808
6633
36611
6620
6622
27377
6625
27327
6627
36631
6626
6628
27380
6631
6632
36629
6634
27383
6637
27381
6639
6638
36569
6640
27386
6643
27384
6645
6644
36567
6646
27389
6649
27387
6651
6650
36589
6652
27392
6655
27390
6657
36505
6656
36579
6658
27395
6661
27393
6663
36810
6662
36587
6664
27396
27398
6715
6717
36733
6716
6718
27425
6721
27399
6723
36812
36814
6735
36595
6722
6724
27428
6727
27378
6729
36597
6728
6730
27431
6733
6734
36509
6736
27434
6739
27432
6741
6740
36507
6742
27437
6745
27435
6747
6746
36527
6748
27440
6751
27438
6753
6752
36531
6754
27443
6757
27441
6759
36573
6758
36575
6760
27446
6763
27444
6765
6764
36577
6766
27447
27449
6817
6819
7245
36583
6818
6820
27476
6823
27450
6825
6824
6826
27479
6829
27429
6831
6830
6832
27482
6835
6836
36816
6837
6838
27485
6841
27483
6843
6842
6844
27488
6847
27486
6849
6848
6850
27491
6853
27489
6855
6854
6856
27494
6859
27492
6861
6860
6862
27497
6865
27495
6867
6866
6868
27500
6919
27498
6921
7023
6920
6922
27527
6925
27501
6927
6926
6928
27530
6931
27480
6933
6932
6934
27533
6937
6938
36818
6939
6940
27536
6943
27534
6945
6944
6946
27539
6949
27537
6951
6950
6952
27542
6955
27540
6957
6956
6958
27545
6961
27543
6963
6962
6964
27548
6967
27546
6969
6968
6970
27551
7021
27549
7037
7022
7024
27578
7027
27552
7029
7028
7030
27581
7035
27531
7031
7036
7038
27585
7041
27036
7183
7042
36820
7043
7044
27588
7047
27586
7049
27066
7301
7357
7048
7050
27591
7053
27589
7055
27096
7683
7054
7056
27594
7059
27592
7061
27126
7691
7060
7062
27597
7065
27595
7067
27156
7413
7469
7066
36822
7133
7068
27600
7071
27598
7073
27186
7032
7072
7074
27603
7125
27216
7127
27601
7747
7126
7128
27630
7131
27246
7151
27604
7783
7132
7134
27633
7137
27583
7139
27582
7145
7138
7140
27636
7143
7144
7146
27639
7149
7150
7152
27642
7155
27640
7157
7156
7158
27645
7161
27643
7163
7162
7164
27648
7167
27646
7169
7168
36824
7189
7170
27651
7173
27649
7175
7184
7174
7176
27654
7179
27652
7181
7180
7182
27657
7187
27655
7207
7188
7190
27661
7193
27658
7195
27659
7239
7194
7196
27664
7199
27637
7201
7200
7202
27667
7205
7206
7208
27670
7211
27668
7213
7212
7214
27673
7217
27671
7219
7218
7220
27676
7223
27674
7225
7224
7226
27679
7229
27677
7231
7240
7230
7232
27682
7235
27680
7237
7236
7238
27685
7243
27683
7263
7244
7246
27689
7249
27686
7251
27687
7295
7250
7252
27692
7255
27665
7257
7256
7258
27695
7261
7262
7264
27698
7267
27696
7269
7268
7270
27701
7273
27699
7275
7274
7276
27704
7279
27702
7281
7280
7282
27707
7285
27705
7287
7296
7286
7288
27710
7291
27708
7293
7292
7294
27713
7299
27711
7319
7300
7302
27717
7305
27714
7307
27715
7351
7306
7308
27720
7311
27693
7313
7312
7314
27723
7317
7318
7320
27726
7323
27724
7325
7324
7326
27729
7329
27727
7331
7330
7332
27732
7335
27730
7337
7336
7338
27735
7341
27733
7343
7352
7342
7344
27738
7347
27736
7349
7348
7350
27741
7355
27739
7375
7356
7358
27745
7361
27742
7363
27743
7407
7362
7364
27748
7367
27721
7369
7368
7370
27751
7373
7374
7376
27754
7379
27752
7381
7380
7382
27757
7385
27755
7387
7386
7388
27760
7391
27758
7393
7392
7394
27763
7397
27761
7399
7408
7398
7400
27766
7403
27764
7405
7404
7406
27769
7411
27767
7431
7412
7414
27773
7417
27770
7419
27771
7463
7418
7420
27776
7423
27749
7425
7424
7426
27779
7429
7430
7432
27782
7435
27780
7437
7436
7438
27785
7441
27783
7443
7442
7444
27788
7447
27786
7449
7448
7450
27791
7453
27789
7455
7464
7454
7456
27794
7459
27792
7461
7460
7462
27797
7467
27795
7487
7468
7470
27801
7473
27798
7475
27799
7519
7474
7476
27804
7479
27777
7481
7480
7482
27807
7485
27273
7486
7488
27810
7491
27324
7493
27808
7499
7492
7494
27813
7497
27375
7699
27811
7727
7498
7500
27816
7503
27814
7505
27426
7525
7531
7504
7506
27819
7509
27817
7511
27477
7520
7510
7512
27822
7515
27820
7517
27528
7516
7518
27825
7523
27823
7711
27579
7855
7524
7526
27631
27829
7529
7671
27827
7675
27826
7687
36315
7530
7532
27832
7669
27805
7679
7670
7672
27902
7673
27901
26502
8031
7674
7676
27904
7677
7678
7680
27906
7681
7682
7684
27908
7685
7686
7688
27910
7689
27907
7695
7690
7692
27912
7693
7694
7696
27914
7697
27911
7703
7698
7700
27916
7701
7702
7704
27918
7705
27915
7707
7715
7706
7708
27920
7709
7710
7712
27922
7713
27919
7719
7714
7716
27924
7717
7718
7720
27926
7721
27923
7723
7731
7722
7724
27928
7725
7726
7728
27930
7729
27927
7739
7730
7732
27932
7733
27903
7735
7734
7736
27934
7737
27931
7743
7738
7740
27936
7741
7742
7744
27938
7745
7746
7748
27940
7749
27939
7751
7750
7752
27942
7753
27941
7755
7754
7756
27944
7757
27943
7759
7758
7760
27946
7761
27945
7763
7762
7764
27948
7765
27947
7767
7766
7768
27950
7769
27949
7771
7807
7770
7772
27952
7773
27951
7775
7774
7776
27954
7777
27937
7779
7778
7780
27956
7781
7782
7784
27958
7785
27957
7787
7786
7788
27960
7789
27959
7791
7790
7792
27962
7793
27961
7795
7794
7796
27964
7797
27963
7799
7798
7800
27966
7801
27965
7803
7802
7804
27968
7805
27967
7819
7806
7808
27970
7809
27969
7811
7810
7812
27972
7813
27955
7815
7814
7816
27974
7817
7818
7820
27976
7821
27975
7823
7822
7824
27978
7825
27977
7827
7826
7828
27980
7829
27979
7831
7830
7832
27982
7833
27981
7835
7834
7836
27984
7837
27983
7839
7838
7840
27986
7841
27985
7843
7879
7842
7844
27988
7845
27987
7847
7846
7848
27990
7849
27973
7851
7850
7852
27992
7853
7854
7856
27994
7857
27993
7859
7858
7860
27996
7861
27995
7863
7862
7864
27998
7865
27997
7867
7866
7868
28000
7869
27999
7871
7870
7872
28002
7873
28001
7875
7874
7876
28004
7877
28003
7891
7878
7880
28006
7881
28005
7883
7882
7884
28008
7885
27991
7887
7886
7888
28010
7889
7890
7892
28012
7893
28011
7895
7894
7896
28014
7897
28013
7899
7898
7900
28016
7901
28015
7903
7902
7904
28018
7905
28017
7907
7906
7908
28020
7909
28019
7911
7910
7912
28022
7913
28021
7915
7927
7914
7916
28024
7917
28023
7919
7918
7920
28026
7921
28009
7923
7922
7924
28028
7925
7926
7928
28030
7929
28029
7931
7930
7932
28032
7933
28031
7935
7934
7936
28034
7937
28033
7939
7938
7940
28036
7941
28035
7943
7942
7944
28038
7945
28037
7947
7946
7948
28040
7949
28039
7951
7957
7950
7952
28042
7953
28041
7955
7954
7956
28044
7959
28027
7961
7960
7962
28047
7963
27905
7989
7964
36826
7965
7966
28049
7967
28048
7969
27909
8027
7968
7970
28051
7971
28050
7973
27913
8145
8183
7972
7974
28053
7975
28052
7977
27917
8221
8259
7976
7978
28055
7979
28054
7981
27921
7980
36828
7993
7982
28057
7983
27925
7985
28056
9391
7958
7984
7986
28059
7987
27929
28058
7988
7990
28061
7991
28060
7997
27933
8005
7992
7994
28063
7995
28045
8001
28046
7996
7998
28065
7999
8000
8002
28067
8003
8004
8006
28069
8007
28068
8009
8008
8010
28071
8011
28070
8013
8012
8014
28073
8015
28072
8017
8016
8018
28075
8019
28074
8021
8028
8020
8022
28077
8023
28076
8025
8024
8026
28079
8029
28078
8043
8030
8032
28082
8033
28080
8035
28081
8065
8034
8036
28084
8037
28066
8039
8038
8040
28086
8041
8042
8044
28088
8045
28087
8047
8046
8048
28090
8049
28089
8051
8050
8052
28092
8053
28091
8055
8054
36830
8069
8056
28094
8057
28093
8059
8066
8058
8060
28096
8061
28095
8063
8062
8064
28098
8067
28097
8081
8068
8070
28101
8071
28099
8073
28100
8103
8072
8074
28103
8075
28085
8077
8076
8078
28105
8079
8080
8082
28107
8083
28106
8085
8084
8086
28109
8087
28108
8089
8088
8090
28111
8091
28110
8093
8092
36832
8107
8094
28113
8095
28112
8097
8104
8096
8098
28115
8099
28114
8101
8100
8102
28117
8105
28116
8119
8106
8108
28120
8109
28118
8111
28119
8141
8110
8112
28122
8113
28104
8115
8114
8116
28124
8117
8118
8120
28126
8121
28125
8123
8122
8124
28128
8125
28127
8127
8126
8128
28130
8129
28129
8131
8130
8132
28132
8133
28131
8135
8142
8134
8136
28134
8137
28133
8139
8138
8140
28136
8143
28135
8157
8144
8146
28139
8147
28137
8149
28138
8179
8148
8150
28141
8151
28123
8153
8152
8154
28143
8155
8156
8158
28145
8159
28144
8161
8160
8162
28147
8163
28146
8165
8164
8166
28149
8167
28148
8169
8168
8170
28151
8171
28150
8173
8180
8172
8174
28153
8175
28152
8177
8176
8178
28155
8181
28154
8195
8182
8184
28158
8185
28156
8187
28157
8217
8186
8188
28160
8189
28142
8191
8190
8192
28162
8193
8194
8196
28164
8197
28163
8199
8198
8200
28166
8201
28165
8203
8202
8204
28168
8205
28167
8207
8206
8208
28170
8209
28169
8211
8218
8210
8212
28172
8213
28171
8215
8214
8216
28174
8219
28173
8233
8220
8222
28177
8223
28175
8225
28176
9199
9285
8224
8226
28179
8227
28161
8229
8228
8230
28181
8231
27935
8255
8232
8234
28183
8235
28182
8237
27953
8236
8238
28185
8239
28184
8241
27971
8240
8242
28187
8243
28186
8245
27989
8244
8246
28189
8247
28188
8249
28007
9367
8256
8248
8250
28191
8251
28190
8253
28025
8252
8254
28193
8257
28192
9013
28043
9485
8258
8260
28196
8261
28195
8263
28194
9007
9049
28062
9081
9167
8262
8264
28198
8999
28180
9001
9000
9002
28567
9005
9006
9008
28570
9011
9012
9014
28573
9017
28571
9019
9018
9020
28576
9023
28574
9025
9024
9026
28579
9029
28577
9031
9030
9032
28582
9035
28580
9037
9036
9038
28585
9041
28583
9043
9042
9044
28588
9047
28586
9057
9048
9050
28591
9051
28589
9053
9052
9054
28593
9055
9056
9058
28595
9059
28594
9061
9060
9062
28597
9063
28596
9065
9064
9066
28599
9067
28598
9069
9068
9070
28601
9071
28600
9073
9072
9074
28603
9075
28602
9077
9076
9078
28605
9079
28604
9131
9080
9082
28607
9117
28606
9119
9118
9120
28626
9123
28568
9125
9124
9126
28629
9129
9130
9132
28632
9135
28630
9137
9136
9138
28635
9141
28633
9143
9142
9144
28638
9147
28636
9149
9148
9150
28641
9153
28639
9155
9154
9156
28644
9159
28642
9161
9160
9162
28647
9165
28645
9175
9166
9168
28650
9169
28648
9171
9170
9172
28652
9173
9174
9176
28654
9177
28653
9179
9178
9180
28656
9181
28655
9183
9182
9184
28658
9185
28657
9187
9186
9188
28660
9189
28659
9191
9190
9192
28662
9193
28661
9195
9194
9196
28664
9197
28663
9249
9198
9200
28666
9235
28665
9237
9236
9238
28685
9241
28627
9243
9242
9244
28688
9247
9248
9250
28691
9253
28689
9255
9254
9256
28694
9259
28692
9261
9260
9262
28697
9265
28695
9267
9266
36717
9268
28700
9271
28698
9273
9272
9274
28703
9277
28701
9279
9278
9280
28706
9283
28704
9293
9284
9286
28709
9287
28707
9289
9288
9290
28711
9291
9292
9294
28713
9295
28712
9297
9296
9298
28715
9299
28714
9301
9300
9302
28717
9303
28716
9305
36625
9304
9306
28719
9307
28718
9309
9308
9310
28721
9311
28720
9313
9312
9314
28722
28723
9315
9317
36635
9316
9318
28725
9353
28724
9355
9354
36721
9356
28744
9359
28686
9361
36719
36755
36753
9360
9362
28747
9365
9366
36637
9368
28750
9371
28748
9373
9372
9374
28753
9377
28751
9379
9378
9380
28756
9383
28754
9385
9384
9386
28757
28759
9389
9403
9435
36633
36639
36643
9390
9392
28762
9395
28760
9397
9396
9398
28765
9401
28763
9411
9402
9404
28768
9405
28766
9407
9406
9408
28770
9409
9410
9412
28772
9413
28771
9415
9414
9416
28774
9417
28773
9419
9418
9420
28776
9421
28775
9423
36651
9422
9424
28778
9425
28777
9427
9426
9428
28780
9429
28779
9431
9430
9432
28781
28782
9433
9521
9553
36647
9434
9436
28784
9471
28783
9473
9472
36655
9474
28803
9477
28745
9479
36657
36705
36703
9478
9480
28806
9483
9484
36659
9486
28809
9489
28807
9491
9490
36661
9492
28812
9495
28810
9497
9496
36665
9498
28815
9501
28813
9503
9502
36667
9504
28818
9507
28816
9509
9508
9510
28821
9513
28819
9515
9514
9516
28824
9519
28822
9529
9520
9522
28827
9523
28825
9525
9524
9526
28829
9527
9528
9530
28831
9531
28830
9533
9532
9534
28833
9535
28832
9537
9536
9538
28835
9539
28834
9541
36834
36671
9540
9542
28837
9543
28836
9545
9544
9546
28839
9547
28838
9549
9548
9550
28840
28841
9551
9639
36663
9552
9554
28843
9589
28842
9591
9590
36836
36677
9592
28862
9595
28804
9597
36679
36838
36840
9603
36675
36673
9596
9598
28865
9601
9602
36715
9604
28868
9607
28866
9609
9608
36713
9610
28871
9613
28869
9615
9614
36711
9616
28874
9619
28872
9621
9620
36709
9622
28877
9625
28875
9627
9626
9628
28880
9631
28878
9633
9632
9634
28883
9637
28881
9647
9638
9640
28886
9641
28884
9643
9642
9644
28888
9645
9646
9648
28890
9649
28889
9651
9650
9652
28892
9653
28891
9655
9654
9656
28894
9657
28893
9659
36842
36681
9658
9660
28896
9661
28895
9663
9662
9664
28898
9665
28897
9667
9666
9668
28899
28900
9669
9671
10811
36689
9670
9672
28902
9707
28901
9709
9708
36773
9710
28921
9713
28863
9715
9714
9716
27634
28924
9719
36844
36777
36759
36757
9720
36846
9721
9722
28927
9725
28925
9727
27662
36763
9726
9728
27690
28930
9731
28928
9733
36761
9732
36687
9734
28933
9737
28931
9739
27718
9757
9738
36685
9740
28936
9743
28934
9745
27746
9827
9744
9746
28939
9749
28937
9751
27774
9750
9752
28942
9755
28940
9765
27802
9756
9758
28945
9759
28943
9761
27830
9760
9762
28947
9763
28064
9789
9764
9766
28949
9767
28948
9769
28083
9768
9770
28951
9771
28950
9773
28102
9772
9774
28953
9775
28952
9777
28121
9776
9778
28955
9779
28954
9781
28140
9780
9782
28957
9783
28956
9785
28159
12203
9784
9786
28958
28959
9787
28178
36701
36743
9788
9790
28961
9825
28960
10595
28197
12219
9826
9828
28980
10557
28922
10559
36619
10558
36707
10560
29346
10593
10594
10596
29364
10629
29347
10631
36617
10630
10632
29382
10665
29365
10667
36641
10666
10668
29400
10701
29383
10703
36653
36848
10702
10704
29418
10737
29401
10739
36697
10738
10740
29436
10773
29419
10775
36683
10774
36850
10776
29454
10809
29437
11781
36751
10810
11782
10812
29472
11783
29455
11785
36727
36852
11787
11788
11784
11786
29959
11789
36854
11793
11794
11790
36856
11791
11792
29962
11795
11796
36858
11797
11798
29963
11799
29965
11801
11800
36860
11802
36862
11803
11804
29966
11805
29968
11807
11806
11808
36864
11809
11810
29969
11811
29971
11813
11812
11814
36866
11815
11816
29972
11817
29974
11819
11818
11820
36868
11821
11822
29975
11823
29977
11825
11824
11826
36870
11827
11828
29978
29980
11831
36872
11829
11830
11832
36874
36876
11833
11834
29983
11835
29981
11837
11836
11838
29985
11839
11840
36878
36880
36882
11841
12767
11842
29987
11843
29986
11845
11844
11846
29989
11847
29988
11849
11848
11850
29991
11851
29990
11853
11852
11854
29993
11855
29992
11857
11856
11858
29995
11859
29994
11861
11860
11862
29997
11863
29996
11873
11864
36884
36886
11865
11866
29999
11867
29998
11869
36888
36890
36649
11868
36892
36894
36645
11870
30001
11871
11872
11874
30003
11875
30002
11877
36896
36669
11876
11878
30005
11879
30004
11881
36691
36898
11880
11882
30007
11883
30006
11885
36693
11884
11886
30009
11887
30008
11889
36900
36902
36695
11888
11890
30011
11891
30010
11893
36904
36906
36699
36908
11983
11892
11894
30013
11895
30012
11899
36745
11896
11900
36910
36912
11897
11898
30015
11901
30014
11903
11902
36914
11905
11906
11904
30018
11907
29960
11909
36916
11911
11912
11908
11910
30021
11913
11914
36918
11917
11918
36920
11915
11916
30024
11919
30022
11921
11920
11922
30025
11923
30027
11925
11924
11926
36922
11929
11930
36924
11927
11928
30030
11931
30028
11933
11932
11934
30031
11935
30033
11937
11936
11938
36926
11941
11942
36928
11939
11940
30036
11943
30034
11945
11944
11946
30037
11947
30039
11949
11948
36930
11951
11950
11952
30042
11953
30040
11955
11954
11956
30044
11957
11958
36932
11959
11960
30046
11961
30045
11963
11962
11964
30048
11965
30047
11967
11966
11968
30050
11969
30049
11971
11970
11972
30052
11973
30051
11975
11974
11976
30054
11977
30053
11979
11978
11980
30056
11981
30055
11991
11982
11984
30058
11985
30057
11987
11986
11988
30060
11989
11990
11992
30062
11993
30061
11995
11994
11996
30064
11997
30063
11999
11998
12000
30066
12001
30065
12003
12002
12004
30068
12005
30067
12007
12006
12008
30070
12009
30069
12011
12010
12012
30072
12013
30071
12017
36934
12015
12014
12018
12016
30074
12019
30073
12021
12020
36936
12023
12024
12022
30077
12025
30019
12027
36938
12029
12030
12026
12028
30080
12031
12032
36940
12035
12036
36942
12033
12034
30083
12037
30081
12039
12038
12040
30084
12041
30086
12043
12042
12044
36944
12047
12048
36946
12045
12046
30089
12049
30087
12051
12050
12052
30090
12053
30092
12055
12054
12056
36948
12059
12060
36950
12057
12058
30095
12061
30093
12063
12062
12064
30096
12065
30098
12067
12066
36952
12069
12068
12070
30101
12071
30099
12073
12072
36954
12074
30103
12075
12076
36956
36958
36960
36962
36964
36966
12077
12078
30105
12079
30104
12081
12080
12082
30107
12083
30106
12085
12084
12086
30109
12087
30108
12089
12088
12090
30111
12091
30110
12093
12092
12094
30113
12095
30112
12097
12096
12098
30115
12099
30114
12109
36968
12101
12100
12102
30117
12103
30116
12105
12104
12106
30119
12107
28565
12803
12108
12110
30121
12111
30120
12113
28624
12112
12114
30123
12115
30122
12117
28683
12763
12116
12118
30125
12119
30124
12121
28742
12120
12122
30127
12123
30126
12125
28801
12839
12124
12126
30129
12127
30128
12129
28860
12725
12128
12130
30131
12131
30130
28919
36970
12133
12132
36972
12135
12136
12134
30133
12137
30132
12147
28978
36974
12139
36976
36978
12138
12140
30136
12141
30078
12143
36545
36571
12142
12144
29003
29487
30138
12145
36529
36601
12146
12148
29009
29493
30140
12149
30139
12151
36547
36607
12150
12152
29015
29499
30142
12153
30141
12155
36491
36605
12154
12156
29021
29505
30144
12157
30143
12159
36485
36603
12158
12160
29027
29511
30146
12161
30145
12163
36483
36489
12162
12164
29033
29517
30148
12165
30147
12167
36481
36487
12166
12168
29523
30150
12169
29039
12171
30149
12191
36479
36525
12170
36980
12172
29529
30152
12173
29045
12175
30151
12183
36543
36541
36982
12179
12174
36984
12187
12176
30154
12177
29047
12687
36986
12195
12178
12180
30156
12181
12182
12184
30158
12185
12186
12188
30160
12189
12190
12192
30162
12193
30159
12199
12194
36988
12211
12196
30164
12197
12198
12200
30166
12201
30163
12207
12202
12204
30168
12205
12206
12208
30170
12209
30167
12215
12210
12212
30172
12213
36990
12227
12214
12216
30174
12217
30171
12223
12218
12220
30176
12221
36992
36994
12222
12224
30178
12225
30175
12231
12226
12228
30180
12229
12230
12232
30182
12233
30179
12247
12234
36996
12235
12236
30184
12237
30155
12573
12238
36998
37000
12239
12240
30186
12241
30183
12243
12242
12244
30188
12245
12246
12248
30190
12249
12250
37002
12251
12252
30192
12253
30191
12255
12254
12256
30194
12257
30193
12259
12258
12260
30196
12261
30195
12263
12262
37004
37006
12275
12264
30198
12265
30197
12267
12266
12268
30200
12269
30199
12271
12270
12272
30202
12273
30201
12287
12274
12276
30204
12277
30203
12279
12278
12280
30206
12281
30189
12283
12282
12284
30208
12285
12286
12288
30210
12289
30209
12291
12290
12292
30212
12293
30211
12295
12294
12296
30214
12297
30213
12299
12298
37008
12300
30216
12301
30215
12303
12302
12304
30218
12305
30217
12307
12306
12308
30220
12309
30219
12323
12310
37010
12311
12312
30222
12313
30221
12315
12314
12316
30224
12317
30207
12319
12318
12320
30226
12321
12322
12324
30228
12325
30227
12327
12326
12328
30230
12329
30229
12331
12330
12332
30232
12333
30231
12335
12334
37012
12347
12336
30234
12337
30233
12339
12338
12340
30236
12341
30235
12343
12342
12344
30238
12345
30237
12359
12346
12348
30240
12349
30239
12351
12350
12352
30242
12353
30225
12355
12354
12356
30244
12357
12358
12360
30246
12361
30245
12363
12362
12364
30248
12365
30247
12367
12366
12368
30250
12369
30249
12371
12370
37014
37016
12383
12372
30252
12373
30251
12375
12374
12376
30254
12377
30253
12379
12378
12380
30256
12381
30255
12395
12382
12384
30258
12385
30257
12387
12386
12388
30260
12389
30243
12391
12390
12392
30262
12393
12394
12396
30264
12397
30263
12399
12398
12400
30266
12401
30265
12403
12402
12404
30268
12405
30267
12407
37018
12419
12406
12408
30270
12409
30269
12411
12410
12412
30272
12413
30271
12415
12414
12416
30274
12417
30273
12431
12418
12420
30276
12421
30275
12423
12422
12424
30278
12425
30261
12427
12426
12428
30280
12429
12430
12432
30282
12433
30281
12435
12434
12436
30284
12437
30283
12439
12438
12440
30286
12441
30285
12443
12442
12444
30288
12445
30287
12447
12446
12448
30290
12449
30289
12451
12450
12452
30292
12453
30291
12455
12461
12454
12456
30294
12457
30293
12459
12458
12460
30296
12463
30279
12465
12464
12466
30299
12467
30157
12493
12468
37020
12469
12470
30301
12471
30300
12473
30161
12472
12474
30303
12475
30302
12477
30165
12476
12478
30305
12479
30304
12481
30169
12947
12480
12482
30307
12483
30306
12485
30173
12484
37022
12497
12486
30309
12487
30308
12489
30177
12983
12462
12488
12490
30311
12491
30310
12509
30181
13151
12492
12494
30313
12495
30312
12505
30185
12531
12496
12498
30315
12499
30297
12501
30298
12500
12502
30317
12503
12504
12506
30319
12507
12508
12510
30321
12511
30320
12513
12512
12514
30323
12515
30322
12517
12516
12518
30325
12519
30324
12521
12520
37024
12535
12522
30327
12523
30326
12525
12532
12524
12526
30329
12527
30328
12529
12528
12530
30331
12533
30330
12547
12534
12536
30334
12537
30332
12539
30333
12569
12538
12540
30336
12541
30318
12543
12542
12544
30338
12545
12546
12548
30340
12549
30339
12551
12550
12552
30342
12553
30341
12555
12554
12556
30344
12557
30343
12559
12558
12560
30346
12561
30345
12563
12570
12562
12564
30348
12565
30347
12567
12566
12568
30350
12571
30349
12585
12572
12574
30353
12575
30351
12577
30352
12607
12576
12578
30355
12579
30337
12581
12580
12582
30357
12583
12584
12586
30359
12587
30358
12589
12588
12590
30361
12591
30360
12593
12592
12594
30363
12595
30362
12597
12596
37026
12611
12598
30365
12599
30364
12601
12608
12600
12602
30367
12603
30366
12605
12604
12606
30369
12609
30368
12623
12610
12612
30372
12613
30370
12615
30371
12645
12614
12616
30374
12617
30356
12619
12618
12620
30376
12621
12622
12624
30378
12625
30377
12627
12626
12628
30380
12629
30379
12631
12630
12632
30382
12633
30381
12635
12634
12636
30384
12637
30383
12639
12646
12638
12640
30386
12641
30385
12643
12642
12644
30388
12647
30387
12661
12648
37028
37030
12649
12650
30391
12651
30389
12653
30390
12683
12652
12654
30393
12655
30375
12657
12656
12658
30395
12659
12660
12662
30397
12663
30396
12665
12664
12666
30399
12667
30398
12669
12668
12670
30401
12671
30400
12673
12672
12674
30403
12675
30402
12677
12684
12676
12678
30405
12679
30404
12681
12680
12682
30407
12685
30406
12699
12686
12688
30410
12689
30408
12691
30409
12721
12690
12692
30412
12693
30394
12695
12694
12696
30414
12697
12698
12700
30416
12701
30415
12703
12702
12704
30418
12705
30417
12707
12706
12708
30420
12709
30419
12711
12710
12712
30422
12713
30421
12715
12722
12714
12716
30424
12717
30423
12719
12718
12720
30426
12723
30425
12737
12724
12726
30429
12727
30427
12729
30428
12728
12730
30431
12731
30413
12733
12732
12734
30433
12735
30187
12759
12736
12738
30435
12739
30434
12741
30205
12911
12740
12742
30437
12743
30223
12745
30436
12744
12746
30439
12747
30438
12749
30241
12748
12750
30441
12751
30440
12753
30259
12760
12752
12754
30443
12755
30442
12757
30277
13159
12756
12758
30445
12761
30444
12775
30295
12762
12764
30448
12765
30446
12779
30314
12875
30447
12766
12768
30450
12769
30432
12771
12770
12772
30452
12773
12774
12776
30454
12777
12778
12780
30456
12781
30455
12783
12782
12784
30458
12785
30457
12787
12786
12788
30460
12789
30459
12791
12790
12792
30462
12793
30461
12795
12794
12796
30464
12797
30463
12799
12798
12800
30466
12801
30465
12815
12802
12804
30468
12805
30467
12807
12806
12808
30470
12809
30453
12811
12810
12812
30472
12813
12814
12816
30474
12817
30473
12819
12818
12820
30476
12821
30475
12823
12822
12824
30478
12825
30477
12827
12826
12828
30480
12829
30479
12831
12830
12832
30482
12833
30481
12835
12834
12836
30484
12837
30483
12851
12838
12840
30486
12841
30485
12843
12842
12844
30488
12845
30471
12847
12846
12848
30490
12849
12850
12852
30492
12853
30491
12855
12854
12856
30494
12857
30493
12859
36883
12858
12860
30496
12861
30495
12863
12862
12864
30498
12865
30497
12867
12866
12868
30500
12869
30499
12871
12870
12872
30502
12873
30501
12887
12874
12876
30504
12877
30503
12879
12878
37032
36873
12880
30506
12881
30489
12883
37001
36999
37031
12882
12884
30508
12885
12886
37029
12888
30510
12889
30509
12891
12890
36913
12892
30512
12893
30511
12895
36871
12894
36911
12896
30514
12897
30513
12899
12898
36997
12900
30516
12901
30515
12903
12902
12904
30518
12905
30517
12907
12906
12908
30520
12909
30519
12923
12910
12912
30522
12913
30521
12915
12914
37011
12916
30524
12917
30507
12919
36903
36967
36965
12918
12920
30526
12921
12922
36963
12924
30528
12925
30527
12927
12926
36961
12928
30530
12929
30529
12931
37034
36869
12930
36973
12932
30532
12933
30531
12935
12934
36901
12936
30534
12937
30533
12939
12938
12940
30536
12941
30535
12943
12942
12944
30538
12945
30537
12959
12946
12948
30540
12949
30539
12951
12950
36907
12952
30542
12953
30525
12955
36905
37033
36877
12954
12956
30544
12957
12958
36875
12960
30546
12961
30545
12963
12962
36881
12964
30548
12965
30547
12967
37036
36867
12966
36879
12968
30550
12969
30549
12971
12970
36959
12972
30552
12973
30551
12975
12974
12976
30554
12977
30553
12979
12978
12980
30556
12981
30555
12995
12982
12984
30558
12985
30557
12987
12986
36957
12988
30560
12989
30543
12991
12990
12992
30316
30562
12993
36895
36893
12994
12996
30335
30564
12997
30563
12999
36887
36885
12998
13000
30354
30566
13001
30565
13003
36891
37038
36865
13002
36889
13004
30568
13005
30373
30567
13007
13006
36897
13008
30570
13009
30569
13011
30392
13019
13010
13012
30572
13013
30571
13015
30411
13023
13014
13016
30574
13017
30430
30573
13035
37040
36863
13018
13020
30576
13021
30449
30575
13031
13022
13024
30578
13025
30561
13027
37042
36933
36899
36991
13026
37044
36927
13028
30580
13029
13030
13032
30582
13033
13034
37046
36929
13036
30584
13037
30583
13039
13038
37048
36923
13040
30586
13041
30585
13043
13042
37050
36925
13044
30588
13045
30587
13047
13046
37052
36919
13048
30590
13049
30589
13051
13050
37054
36921
13052
30592
13053
30591
13055
13054
37056
36917
13056
30594
13057
30593
13071
13058
37058
13059
37060
36915
37062
37064
13060
30596
13061
30595
13063
36935
36993
13062
13064
30598
13065
30581
13067
13066
37066
36949
13068
30600
13069
13070
37068
36951
13072
30602
13073
30601
13075
13074
37070
36945
13076
30604
13077
30603
13079
13078
37072
36947
13080
30606
13081
30605
13083
13082
37074
36941
13084
30608
13085
30607
13087
13086
37076
36943
13088
30610
13089
30609
13091
13090
37078
36939
13092
30612
13093
30611
13107
13094
37080
13095
37082
36937
13096
30614
13097
30613
13099
36971
36975
13098
13100
30616
13101
30599
13103
13102
13104
30618
13105
29345
13131
13106
13108
30620
13109
30619
13111
29363
13461
13110
13112
30622
13113
30621
13115
29381
13139
13114
13116
30624
13117
30623
13119
29399
13118
13120
30626
13121
30625
13123
29417
13143
13122
13124
30628
13125
30627
13127
29435
13126
13128
30630
13129
30629
13171
29453
13130
13132
30632
13133
29471
13135
30631
13187
13311
13134
13136
30634
13137
30617
13155
13138
37084
13140
30636
13141
30153
13147
29531
13142
13144
30638
13145
13146
13148
30640
13149
13150
13152
30642
13153
13154
13156
30644
13157
30641
13163
13158
13160
30646
13161
13162
13164
30648
13165
30645
13167
13175
13166
13168
30650
13169
13170
13172
30652
13173
30649
13179
13174
13176
30654
13177
13178
13180
30656
13181
30653
13183
13191
13182
13184
30658
13185
13186
13188
30660
13189
30657
13195
13190
13192
30662
13193
13194
13196
30664
13197
30661
13199
13203
13198
13200
30666
13201
30637
13537
13202
13204
30668
13205
30665
13207
13206
13208
30670
13209
13210
37086
13211
13212
30672
13213
13214
37088
13215
13216
30674
13217
30673
13219
13218
13220
30676
13221
30675
13223
13222
13224
30678
13225
30677
13227
13226
13228
30680
13229
30679
13231
13230
13232
30682
13233
30681
13235
13234
13236
30684
13237
30683
13243
13238
37090
37092
37094
37096
13239
13240
30686
13241
30685
13251
13242
13244
30688
13245
30671
13246
37098
13247
13248
30690
13249
13250
13252
30692
13253
30691
13255
13254
13256
30694
13257
30693
13259
13258
13260
30696
13261
30695
13263
13262
13264
30698
13265
30697
13267
13266
13268
30700
13269
30699
13271
13270
13272
30702
13273
30701
13287
13274
37100
37102
13275
13276
30704
13277
30703
13279
13278
13280
30706
13281
30689
13283
13282
13284
30708
13285
13286
13288
30710
13289
30709
13291
13290
13292
30712
13293
30711
13295
13294
13296
30714
13297
30713
13299
13298
13300
30716
13301
30715
13303
13302
13304
30718
13305
30717
13307
13306
13308
30720
13309
30719
13323
13310
13312
30722
13313
30721
13315
13314
13316
30724
13317
30707
13319
13318
13320
30726
13321
13322
13324
30728
13325
30727
13327
13326
13328
30730
13329
30729
13331
13330
13332
30732
13333
30731
13335
13334
37104
13336
30734
13337
30733
13339
13338
13340
30736
13341
30735
13343
13342
13344
30738
13345
30737
13359
13346
37106
37108
37110
13347
13348
30740
13349
30739
13351
13350
13352
30742
13353
30725
13355
13354
13356
30744
13357
13358
13360
30746
13361
30745
13363
13362
13364
30748
13365
30747
13367
13366
13368
30750
13369
30749
13371
13370
13372
30752
13373
30751
13375
13374
13376
30754
13377
30753
13379
13378
13380
30756
13381
30755
13383
13419
13382
13384
30758
13385
30757
13387
13386
13388
30760
13389
30743
13391
13390
13392
30762
13393
13394
37112
37114
37116
37118
37120
13395
13396
30764
13397
30763
13399
13398
13400
30766
13401
30765
13403
13402
13404
30768
13405
30767
13407
13406
13408
30770
13409
30769
13411
13410
13412
30772
13413
30771
13415
13414
13416
30774
13417
30773
13423
13418
13420
30776
13421
30775
13429
13422
13424
30778
13427
30761
13433
13428
13430
30781
13431
30639
13457
13432
13434
30783
13435
30782
13437
30643
13875
13911
13436
13438
30785
13439
30784
13441
30647
13495
13440
13442
30787
13443
30786
13445
30651
13444
13446
30789
13447
30655
13449
30788
14007
13448
13450
30791
13451
30790
13453
30659
37122
37124
37126
37128
13425
13426
13452
13454
30793
13455
30663
13469
30792
13999
13456
13458
30795
13459
30794
13473
30667
13460
13462
30797
13463
30779
13465
30780
13464
13466
30799
13467
13468
13470
30801
13471
13472
13474
30803
13475
30802
13477
13476
13478
30805
13479
30804
13481
13480
13482
30807
13483
30806
13485
13484
37130
13499
13486
30809
13487
30808
13489
13496
13488
13490
30811
13491
30810
13493
13492
13494
30813
13497
30812
13511
13498
13500
30816
13501
30814
13503
30815
13533
13502
13504
30818
13505
30800
13507
13506
13508
30820
13509
13510
13512
30822
13513
30821
13515
13514
13516
30824
13517
30823
13519
13518
13520
30826
13521
30825
13523
13522
13524
30828
13525
30827
13527
13534
13526
13528
30830
13529
30829
13531
13530
13532
30832
13535
30831
13549
13536
13538
30835
13539
30833
13541
30834
13571
13540
13542
30837
13543
30819
13545
13544
13546
30839
13547
13548
13550
30841
13551
30840
13553
13552
13554
30843
13555
30842
13557
13556
13558
30845
13559
30844
13561
13560
13562
30847
13563
30846
13565
13572
13564
13566
30849
13567
30848
13569
13568
13570
30851
13573
30850
13587
13574
37132
37134
13575
13576
30854
13577
30852
13579
30853
13609
13578
13580
30856
13581
30838
13583
13582
13584
30858
13585
13586
13588
30860
13589
30859
13591
13590
13592
30862
13593
30861
13595
13594
13596
30864
13597
30863
13599
13598
13600
30866
13601
30865
13603
13610
13602
13604
30868
13605
30867
13607
13606
13608
30870
13611
30869
13625
13612
37136
37138
13613
13614
30873
13615
30871
13617
30872
13647
13616
13618
30875
13619
30857
13621
13620
13622
30877
13623
13624
13626
30879
13627
30878
13629
13628
13630
30881
13631
30880
13633
13632
13634
30883
13635
30882
13637
13636
13638
30885
13639
30884
13641
13648
13640
13642
30887
13643
30886
13645
13644
13646
30889
13649
30888
13663
13650
37140
37142
13651
13652
30892
13653
30890
13655
30891
13685
13654
13656
30894
13657
30876
13659
13658
13660
30896
13661
13662
13664
30898
13665
30897
13667
13666
13668
30900
13669
30899
13671
13670
13672
30902
13673
30901
13675
13674
37144
13689
13676
30904
13677
30903
13679
13686
13678
13680
30906
13681
30905
13683
13682
13684
30908
13687
30907
13743
13688
13690
30911
13691
30909
13693
30910
13692
13694
30913
13695
30895
13697
13696
13698
30915
13699
30669
13701
13700
13702
30917
13703
30916
13705
30687
13723
13704
13706
30919
13707
30705
13709
30918
13708
13710
30921
13711
30920
13713
30723
13712
37146
13727
13714
30923
13715
30922
13717
30741
13724
13716
37148
13731
13718
30925
13719
30924
13721
30759
13720
13722
30927
13725
30926
13735
30777
13726
13728
30930
13729
30928
13739
30929
13803
13839
30796
14015
13730
13732
30932
13733
30914
14019
13734
13736
30934
13737
13738
13740
30936
13741
13742
13744
30938
13745
30937
13747
13746
13748
30940
13749
30939
13751
13750
13752
30942
13753
30941
13755
13754
13756
30944
13757
30943
13759
13758
13760
30946
13761
30945
13763
13762
13764
30948
13765
30947
13779
13766
37150
37152
13767
13768
30950
13769
30949
13771
13770
13772
30952
13773
30935
13775
13774
13776
30954
13777
13778
13780
30956
13781
30955
13783
13782
13784
30958
13785
30957
13787
13786
13788
30960
13789
30959
13791
13790
13792
30962
13793
30961
13795
13794
13796
30964
13797
30963
13799
13798
13800
30966
13801
30965
13815
13802
13804
30968
13805
30967
13807
13806
13808
30970
13809
30953
13811
13810
13812
30972
13813
13814
13816
30974
13817
30973
13819
13818
13820
30976
13821
30975
13823
13822
13824
30978
13825
30977
13827
13826
13828
30980
13829
30979
13831
13830
13832
30982
13833
30981
13835
13834
13836
30984
13837
30983
13851
13838
13840
30986
13841
30985
13843
13842
13844
30988
13845
30971
13847
13846
13848
30990
13849
13850
13852
30992
13853
30991
13855
13854
13856
30994
13857
30993
13859
13858
13860
30996
13861
30995
13863
13862
13864
30998
13865
30997
13867
13866
13868
31000
13869
30999
13871
13870
13872
31002
13873
31001
13887
13874
13876
31004
13877
31003
13879
13878
13880
31006
13881
30989
13883
13882
13884
31008
13885
13886
13888
31010
13889
31009
13891
13890
13892
31012
13893
31011
13895
13894
13896
31014
13897
31013
13899
13898
13900
31016
13901
31015
13903
13902
13904
31018
13905
31017
13907
13906
13908
31020
13909
31019
13923
13910
13912
31022
13913
31021
13915
13914
13916
31024
13917
31007
13919
13918
13920
31026
13921
13922
13924
31028
13925
31027
13927
13926
13928
31030
13929
31029
13931
13930
13932
31032
13933
31031
13935
13934
13936
31034
13937
31033
13939
13938
13940
31036
13941
31035
13943
13942
13944
31038
13945
31037
13959
13946
37154
13947
13948
31040
13949
31039
13951
13950
13952
31042
13953
31025
13955
13954
13956
31044
13957
30798
13958
13960
31046
13961
31045
13963
30817
13983
13962
13964
31048
13965
31047
13967
30836
13987
13966
13968
31050
13969
31049
13971
30855
13970
13972
31052
13973
31051
13975
30874
13974
13976
31054
13977
31053
13979
30893
13978
13980
31056
13981
31055
30912
14579
13982
13984
31058
13985
31057
13995
30931
13986
13988
31060
13989
31043
13991
13990
37047
13992
31062
13993
13994
13996
31064
13997
37049
13998
14000
31066
14001
31065
14003
14002
14004
31067
31068
14005
37156
37051
37053
14006
14008
31070
14009
31069
14011
14010
14012
31071
31072
14013
37055
37158
37160
37162
37164
37166
37168
37170
37172
37057
14014
14016
31074
14017
31073
14031
37174
37176
37178
37180
37182
37061
14018
14020
31076
14021
31075
14022
37184
37186
14023
14024
31078
14025
31077
14026
37188
37190
37192
37194
37196
37198
37200
37202
14027
14028
31063
31080
14029
37204
37067
37069
14030
14032
31082
14033
37206
37208
37210
37212
37214
37216
37218
37220
37222
37071
14034
37224
37226
37228
37230
37232
37234
37236
37238
14035
14036
31084
14037
31083
14039
14038
14040
31085
31086
14041
37240
37242
37073
37244
37246
37248
37250
37252
37254
37256
37258
37260
37075
14042
37262
37264
37266
37268
37270
37272
37274
37276
14043
14044
31088
14045
31087
14047
37278
37280
37077
14046
14048
31090
14049
31089
14051
14050
37282
37079
14052
31092
14053
31091
14055
14054
37284
37083
14056
31094
14057
31093
14063
14058
37286
37288
14059
14060
31096
14061
31095
14067
14062
14064
31098
14065
31081
14066
14068
31100
14069
29829
14070
37290
37292
37294
37296
37298
37300
37302
37304
14071
14072
31102
14073
31101
14075
29847
14074
14076
31104
14077
31103
14079
29865
14078
14080
31106
14081
31105
14083
29883
14082
14084
31108
14085
31107
14087
29901
14086
14088
31110
14089
31109
14091
29919
14161
14090
14092
31112
14093
29937
31111
14111
14094
37306
37308
14095
14096
31113
31114
14097
29955
37089
37310
37312
37314
37316
37147
37105
14098
37318
14101
14102
37320
37322
14099
14100
31116
14103
31099
14105
37065
37131
37324
37326
37328
37330
14104
37332
37334
37336
37338
37340
37342
37344
14107
14108
14106
31119
14109
37346
37348
37350
37352
37354
36861
37063
37356
14113
14114
14110
37358
37360
36931
37081
14112
31122
14115
37362
37364
14116
37366
37368
37370
37372
37374
37376
14119
14475
14120
37378
14117
14118
31125
14121
31123
14123
36969
37145
14122
14124
31126
14125
31128
14127
14126
37380
37382
37384
37386
37059
37149
14128
37388
37390
14129
14130
31131
14131
31129
14133
14132
14134
31133
14135
14136
37392
14137
14138
31135
14139
31134
14141
14140
14142
31137
14143
31136
14153
14144
37394
37396
14145
14146
31139
14147
31138
14149
14148
14150
31141
14151
14152
14154
31143
14155
31142
14157
14156
14158
31145
14159
31144
14163
14160
14164
14162
31147
14165
31146
14167
14166
37398
14169
14170
14168
31150
14171
31120
14173
37400
14175
14176
14172
14174
31153
14177
14178
37402
14181
14182
37404
37406
14179
14180
31156
14183
31154
14185
14184
14186
31157
31159
14189
37408
14187
14188
37410
14191
14190
14192
31162
14193
31160
14195
14194
14196
31164
14197
14198
37412
14199
14200
31166
14201
31165
14203
14202
14204
31168
14205
31167
14215
37414
14207
14206
14208
31170
14209
31169
14211
14210
14212
31172
14213
14214
14216
31174
14217
31173
14219
14218
14220
31176
14221
31175
14225
37416
14223
14222
14226
14224
31178
14227
31177
14229
14228
37418
14231
14232
14230
31181
14233
31151
14235
37420
14237
14238
14234
14236
31184
14239
14240
37422
14243
14244
37424
14241
14242
31187
14245
31185
14247
14246
14248
31188
14249
31190
14251
14250
37426
14253
14252
14254
31193
14255
31191
14257
14256
14258
31195
14259
14260
37428
14261
14262
31197
14263
31196
14265
14264
14266
31199
14267
31198
14277
37430
14269
14268
14270
31201
14271
31200
14273
14272
14274
31203
14275
14276
14278
31205
14279
31204
14281
14280
14282
31207
14283
31206
14287
37432
14285
14284
14288
14286
31209
14289
31208
14299
37434
14291
14290
14292
31212
14293
31182
14295
29957
14294
14296
31214
14297
14298
14300
31216
14301
31215
14303
14302
14304
31218
14305
31217
14307
14306
14308
31220
14309
31219
14311
14310
14312
31222
14313
31221
14315
14314
14316
31224
14317
31223
14319
14318
14320
31226
14321
31225
14331
37436
14323
14322
14324
31228
14325
31227
14327
14326
14328
31230
14329
14330
37438
14332
31232
14333
14334
37440
14335
14336
31234
14337
31233
14339
14338
14340
31236
14341
31235
14343
14342
14344
31238
14345
31237
14347
14346
14348
31240
14349
31239
14351
14350
14352
31242
14353
31241
14355
14354
14356
31244
14357
31243
14371
37442
14359
14358
14360
31246
14361
31245
14363
14362
14364
31248
14365
31231
14367
14366
14368
31250
14369
14370
14372
31252
14373
31251
14375
14374
14376
31254
14377
31253
14379
14378
14380
31256
14381
31255
14383
14382
14384
31257
31258
14385
37283
37444
37446
37448
37450
37452
37454
37456
37458
14499
14515
37285
14386
37460
14387
14388
31260
14389
31259
14391
14390
14392
31262
14393
31261
14407
37462
14395
14394
14396
31264
14397
31263
14399
14398
14400
31266
14401
31249
14403
14402
14404
31268
14405
30933
14431
30451
14406
14408
31270
14409
31269
14411
30951
30469
14410
14412
31272
14413
31271
30969
30487
14555
14414
37464
37466
37468
37470
37472
37474
14415
14416
31274
14417
31273
14419
30505
14435
30987
14455
14418
14420
31275
31276
14421
30523
31005
14609
37476
37478
37480
37482
14422
37393
37484
37486
37488
37490
14423
14424
30541
31278
14425
31277
14427
31023
14625
37492
37494
37496
37377
14426
14428
31280
14429
30559
31279
14487
31041
14975
37379
14430
14432
31282
14433
30577
31059
31281
14467
37498
37500
37502
37504
37506
37508
37510
37357
14434
14436
31284
14437
31267
14439
37365
37347
14438
37512
37413
14440
31286
14441
14442
37514
37516
37518
37520
37522
37524
14443
14444
31288
14445
37526
37403
14446
37528
37530
37532
37534
14447
14448
31290
14449
31289
14451
37536
37401
14450
14452
31292
14453
31291
37538
37540
37399
37542
14454
14456
31294
14457
31293
14459
37544
37546
37548
37550
37415
37417
37429
14458
14460
31296
14461
31287
14463
37552
37554
37423
14462
14464
31298
14465
37556
37425
14466
14468
31300
14469
31299
14471
37558
37560
37562
37564
37566
37568
37570
37421
37572
37574
14470
14472
31302
14473
31301
14479
37576
37419
37578
14575
14474
14476
31304
14477
31303
14587
15221
37580
37435
37579
14478
14480
31306
14481
31297
14483
14482
14484
31308
14485
14486
14488
31310
14489
31309
14491
14490
14492
31312
14493
31311
14507
14494
37582
14495
14496
31314
14497
31313
14527
14498
14500
31316
14501
31307
14503
30579
14502
14504
31318
14505
14506
14508
31320
14509
31319
14511
14510
14512
31322
14513
31321
14523
14514
14516
31324
14517
31323
14519
14518
14520
31326
14521
14522
14524
31328
14525
14526
14528
31330
14529
31329
14531
14530
14532
31332
14533
31331
14547
14534
37584
14535
14536
31334
14537
31333
14539
14538
14540
31336
14541
31327
14543
14542
14544
31338
14545
14546
14548
31340
14549
31339
14551
14550
14552
31342
14553
31341
14567
14554
14556
31344
14557
31343
14559
14558
14560
31346
14561
31337
14563
14562
14564
31348
14565
14566
14568
31350
14569
31349
14571
14570
14572
31352
14573
31351
14581
14574
14576
31354
14577
31353
14591
14578
14582
14580
31356
14583
31061
31347
14585
14588
14584
37363
14586
31359
14589
37586
14593
14594
14590
37411
14592
31362
14595
14596
37588
14597
37590
14599
14600
14598
31365
14601
31363
14603
37573
14602
37592
14605
14606
14604
31368
14607
31366
14613
14608
14610
31371
14611
31369
14617
30016
14612
14614
31373
14615
14616
14618
31375
14619
31374
14621
14620
14622
31377
14623
31376
14633
14624
14626
31379
14627
31378
14629
30597
14641
14628
14630
31381
14631
14632
14634
31383
14635
31382
14637
14636
14638
31385
14639
31384
14659
14640
37594
37596
37598
37600
37602
37604
37606
14643
14644
14642
31387
14645
31386
14647
31079
14671
14646
37608
14649
14650
14648
31390
14651
31360
14653
37610
14655
14656
14652
14654
31393
14657
14658
37612
14661
14662
14660
31396
14663
31394
14665
14664
37614
14667
14668
14666
31399
14669
31397
14679
14670
14672
31402
14673
31400
14675
30075
14687
14674
14676
31404
14677
14678
14680
31406
14681
31405
14683
14682
14684
31408
14685
31407
14695
14686
14688
31410
14689
31409
14691
30615
14703
14690
14692
31412
14693
14694
14696
31414
14697
31413
14699
14698
14700
31416
14701
31415
14721
14702
37616
14705
14706
14704
31418
14707
31417
14709
31097
14733
14708
37618
14711
14712
14710
31421
14713
31391
14715
37620
14717
14718
14714
14716
31424
14719
14720
37622
14723
14724
14722
31427
14725
31425
14727
14726
37624
14729
14730
14728
31430
14731
31428
14741
14732
14734
31433
14735
31431
14737
30134
14749
14736
14738
31435
14739
14740
14742
31437
14743
31436
14745
14744
14746
31439
14747
31438
14757
14748
14750
31441
14751
31440
14753
30633
14827
14752
14754
31443
14755
31117
14765
14756
14758
31445
14759
31444
14761
31148
14959
14760
37626
14767
14762
31447
14763
31446
14799
31179
14764
14768
14766
31449
14769
31115
14771
31448
14775
31210
14897
14770
14772
31452
14773
31422
14779
14774
14776
31454
14777
14778
14780
31456
14781
31455
14783
14782
14784
31458
14785
31457
14795
37628
14787
14786
14788
31460
14789
31459
14791
31229
15121
14790
14792
31462
14793
14794
14796
31464
14797
14798
14800
31466
14801
31465
14803
14802
14804
31468
14805
31467
14819
37630
14807
14806
14808
31470
14809
31469
14811
31247
14810
14812
31472
14813
31463
14815
14814
14816
31474
14817
14818
14820
31476
14821
31475
14823
14822
14824
31478
14825
31477
14839
14826
14828
31480
14829
31479
14831
31265
14929
14830
14832
31482
14833
31473
14835
14834
14836
31484
14837
31285
14847
31325
14991
14838
14840
31486
14841
31485
14843
31295
14867
31335
15037
14842
14844
31488
14845
31487
14885
31305
31345
14846
14848
31490
14849
31283
14851
31489
14859
31355
31315
14850
14852
31492
14853
31483
14855
14854
14856
31494
14857
14858
14860
31496
14861
31495
14863
14862
14864
31498
14865
31497
14879
14866
37632
14869
14870
14868
31500
14871
31499
14873
37634
14875
14876
14872
14874
31503
14877
37636
14881
14882
14878
14880
31506
14883
14884
37638
14887
14888
14886
31509
14889
31507
14891
14890
37640
14893
14894
14892
31512
14895
31510
14905
14896
14898
31515
14899
31513
14901
14900
14902
31517
14903
14904
14906
31519
14907
31518
14909
14908
14910
31521
14911
31520
14921
37642
14913
14912
14914
31523
14915
31522
14917
14916
14918
31525
14919
14920
14922
31527
14923
31526
14925
14924
14926
31529
14927
31528
14947
14928
37644
14931
14932
14930
31531
14933
31530
14935
14934
37646
14937
14938
14936
31534
14939
31504
14941
37648
14943
14944
14940
14942
31537
14945
14946
37650
14949
14950
14948
31540
14951
31538
14953
14952
37652
14955
14956
14954
31543
14957
31541
14967
14958
14960
31546
14961
31544
14963
14962
14964
31548
14965
14966
14968
31550
14969
31549
14971
14970
14972
31552
14973
31551
14983
14974
14976
31554
14977
31553
14979
14978
14980
31556
14981
14982
14984
31558
14985
31557
14987
14986
14988
31560
14989
31559
15009
14990
37654
14993
14994
14992
31562
14995
31561
14997
14996
37656
14999
15000
14998
31565
15001
31535
15003
37658
15005
15006
15002
15004
31568
15007
15008
37660
15011
15012
15010
31571
15013
31569
15015
15014
15016
31574
15019
31572
15029
37662
15017
15018
37664
15021
15020
15022
31577
15023
31575
15025
15024
15026
31579
15027
15028
15030
31581
15031
31580
15033
15032
15034
31583
15035
31582
15045
15036
15038
31585
15039
31584
15041
15040
15042
31587
15043
31461
31357
15044
15046
31589
15047
31588
15049
31388
15053
31471
15075
15048
15050
31591
15051
31590
15093
31481
15105
31419
15315
15052
37666
15055
15056
15054
31593
15057
31450
15059
31592
15067
31491
15058
15060
31596
15061
31566
15063
15062
15064
31598
15065
15066
15068
31600
15069
31599
15071
15070
15072
31602
15073
31601
15087
15074
37668
15077
15078
15076
31604
15079
31603
15081
15080
37670
15083
15084
15082
31607
15085
37672
15089
15090
15086
15088
31610
15091
15092
37674
15095
15096
15094
31613
15097
31611
15099
15098
37676
15101
15102
15100
31616
15103
31614
15113
15104
15106
31619
15107
31617
15109
15108
15110
31621
15111
15112
15114
31623
15115
31622
15117
15116
15118
31625
15119
31624
15139
15120
37678
15123
15124
15122
31627
15125
31626
15127
15126
37680
15129
15130
15128
31630
15131
31608
15133
37682
15135
15136
15132
15134
31633
15137
15138
37684
15141
15142
15140
31636
15143
31634
15145
15144
37686
15147
15148
15146
31639
15149
31637
15159
15150
37688
15151
15152
31642
15153
31640
15155
15154
15156
31644
15157
15158
15160
31646
15161
31645
15163
15162
15164
31648
15165
31647
15185
37690
15167
15166
37692
15169
15170
15168
31650
15171
31649
15173
15172
37694
15175
15176
15174
31653
15177
31631
15179
37696
15181
15182
15178
15180
31656
15183
15184
37698
15187
15188
15186
31659
15189
31657
15191
15190
37700
15193
15194
15192
31662
15195
31660
15205
37702
15197
15196
15198
31665
15199
31663
15201
15200
15202
31667
15203
31501
15204
15206
31669
15207
31668
15209
31532
15208
15210
31671
15211
31563
15213
31670
15237
15212
37704
15215
15216
15214
31673
15217
31672
15231
31594
15364
37706
15219
15218
37708
15227
15228
15220
31676
15223
31654
15225
15222
15224
15226
31679
15229
15230
37710
15233
15234
15232
31682
15235
15236
37712
15239
15240
15238
31685
15241
31683
15243
15242
37714
15245
15246
15244
31688
15247
31686
15267
37716
15249
15248
37718
15257
15258
15250
31691
15253
31689
15255
37720
15251
15252
15254
15256
31694
15259
31680
15261
15260
37722
15263
15264
15262
31697
15265
15266
37724
15269
15270
15268
31700
15271
31698
15273
15272
37726
15275
15276
15274
31703
15277
31701
15297
37728
15279
15278
37730
15287
15288
15280
31706
15283
31704
15285
37732
15281
15282
15284
15286
31709
15289
31695
15291
15290
37734
15293
15294
15292
31712
15295
15296
37736
15299
15300
15298
31715
15301
31713
15303
15302
37738
15305
15306
15304
31718
15307
31716
15356
15360
37740
15309
15308
15310
31721
15313
31719
15352
37742
15311
15312
37744
36859
15314
15316
31724
15318
31710
15336
15317
31725
37746
15320
36105
36723
15319
15321
31726
15322
36725
15323
26132
36855
37748
37750
15324
15325
24414
31728
15326
24354
15328
24477
15332
37019
15327
15329
31730
15330
36985
15331
37752
37754
36857
15333
31732
15334
36983
37756
15335
15337
31734
15338
26134
15340
36909
15339
37758
36853
15341
26141
31736
15342
26136
15344
26145
36989
15343
15345
31738
15346
15347
37760
15348
36851
37762
36847
37764
15349
31740
15350
15351
36849
37766
36741
15353
31742
15354
15355
15357
31744
15358
15359
37768
36749
15361
31746
15362
26152
26158
15500
15363
36987
37770
37045
15365
31748
15366
31743
15368
15367
37772
36843
36747
36845
37774
36841
15369
31750
15370
26220
15371
37776
15376
37778
15372
15373
31752
15374
15375
15377
31753
31754
15378
37043
37780
37782
36837
36839
37784
36835
15379
37786
15380
15381
31756
15382
31751
15384
26257
15383
37788
36827
15385
31758
15386
15387
37790
15388
37792
37041
37794
15389
31760
15390
31759
15392
36833
36831
15391
15393
31757
31762
15394
26274
36821
37796
36819
15395
37798
15400
37800
15396
15397
31764
15398
15399
15401
31765
31766
15402
37039
37802
36823
36825
37804
36817
15403
37806
15404
15405
31768
15406
31763
15408
26291
15407
37808
36815
15409
31770
15410
15411
37810
15412
37812
37037
37814
15413
31772
15414
31771
15416
36813
36811
15415
15417
31769
31774
15418
26308
36809
37816
36807
15419
37818
15424
37820
15420
15421
31776
15422
15423
15425
31777
31778
15426
37035
37822
36803
36805
37824
36801
15427
37826
15428
15429
31780
15430
31775
15432
26325
15431
37828
36767
15433
31782
15434
15435
37830
15436
37832
37021
37834
15437
31784
15438
31783
15440
36795
36799
15439
15441
31781
31786
15442
26342
36797
37836
36789
15443
37838
15448
37840
15444
15445
31788
15446
31741
15484
26167
15508
15447
15449
31789
31790
15450
31747
15468
26189
15476
37003
36791
36793
37842
15452
15451
15453
26359
31792
15454
31787
15464
37844
37087
37846
37848
15456
36787
36829
37850
15460
37852
37099
15455
37245
37854
37263
37856
37189
15457
31794
15458
26434
37329
15459
15461
31796
15462
15463
15465
31798
15466
15467
15469
31800
15470
37858
37465
37860
15472
37103
37543
37862
37101
37864
37143
15471
15473
31802
15474
31799
15480
37327
37866
37141
37868
15475
37870
15492
37872
15477
31804
15478
37874
37139
15479
15481
31806
15482
31803
15488
37325
37137
15483
15485
31808
15486
37876
37111
15487
15489
31810
15490
31807
15496
37481
37109
15491
15493
31812
15494
37155
15495
15497
31814
15498
31811
15504
37479
37107
15499
15501
31816
15502
37097
15503
15505
31818
15506
31815
15512
37477
15507
15509
31820
15510
15511
15513
31822
15514
31819
15516
15520
37878
15515
15517
31795
31824
15518
37095
37445
37093
37091
37880
37157
15519
15521
31826
15522
31823
15524
15523
15525
31828
15526
15527
37882
15528
15529
31830
15530
15531
37884
37525
37886
37361
37888
37359
37890
15532
15533
31832
15534
31831
15536
15535
37892
37355
15537
31834
15538
31833
15540
15539
37894
37689
15541
31836
15542
31835
15544
37896
15556
15543
37898
37305
15545
31838
15546
31837
15548
37455
15547
37900
37303
15549
31840
15550
31839
15552
15551
37902
37301
15553
31842
15554
31841
15568
37904
37475
15555
15557
31844
15558
31843
15560
37906
37607
15559
15561
31846
15562
31829
15564
37908
37319
15563
15565
31848
15566
15567
37910
37345
15569
31850
15570
31849
15572
15571
37912
37914
37343
15573
31852
15574
31851
15576
15575
37916
37341
15577
31854
15578
31853
15580
37918
15592
15579
37920
37473
15581
31856
15582
31855
15584
37453
15583
37511
15585
31858
15586
31857
15588
15587
37509
15589
31860
15590
31859
15604
37281
15591
15593
31862
15594
31861
15596
37922
37121
15595
15597
31864
15598
31847
15600
37279
15599
15601
31866
15602
15603
37605
15605
31868
15606
31867
15608
15607
37924
37603
15609
31870
15610
31869
15612
15611
37601
15613
31872
15614
31871
15616
15615
37926
37599
15617
31874
15618
31873
15620
37449
15619
37928
37597
15621
31876
15622
31875
15624
15623
37595
15625
31878
15626
31877
15628
15664
37119
15627
15629
31880
15630
31879
15632
37930
37929
15631
15633
31882
15634
31865
15636
37932
37135
15635
15637
31884
15638
15639
37934
37133
37936
15640
15641
31886
15642
31885
15644
15643
37938
37940
37153
15645
31888
15646
31887
15648
15647
37942
37151
15649
31890
15650
31889
15652
15651
37944
37117
15653
31892
15654
31891
15656
37447
15655
37946
37115
15657
31894
15658
31893
15660
15659
37948
37113
15661
31896
15662
31895
15676
37950
37749
15663
15665
31898
15666
31897
15668
37129
15667
15669
31900
15670
31883
15672
37952
37127
15671
15673
31902
15674
15675
37954
37125
15677
31904
15678
31903
15680
15679
37956
37958
37123
15681
31906
15682
31905
15684
15683
37960
37177
15685
31908
15686
31907
15688
15687
37962
37175
15689
31910
15690
31909
15692
37331
15691
37964
37321
15693
31912
15694
31911
15696
15695
37966
37287
15697
31914
15698
31913
15700
37968
37307
15699
15701
31916
15702
31915
15704
37970
37877
15703
15705
31918
15706
31901
15708
37972
37974
37973
15707
15709
31920
15710
15711
37976
37855
37978
15712
15713
31922
15714
31921
15716
15715
37980
37982
37261
15717
31924
15718
31923
15720
15719
37984
37259
15721
31926
15722
31925
15724
15723
37986
37277
37988
15725
31928
15726
31927
15728
37247
15727
37990
37309
15729
31930
15730
31929
15732
37992
15731
37994
37275
15733
31932
15734
31931
15750
37996
37273
15735
37998
38000
15736
15737
31934
15738
31933
15740
38002
37271
15739
15741
31936
15744
31919
15746
37551
15745
15747
31939
15748
31797
15816
15749
37549
15751
31941
15752
31940
15754
31801
15812
38004
15753
38006
38008
37223
15755
31943
15756
31942
15758
31805
15854
38010
15757
37221
15759
31945
15760
31944
15762
31809
15774
15761
38012
37219
15763
31947
15764
31946
15766
31813
15888
37451
15765
37243
38014
15778
15767
31949
15768
31948
15770
31817
38016
38018
15742
15743
15769
15771
31951
15772
31950
15790
31821
15930
15773
15775
31953
15776
31952
15782
31825
38020
37339
15777
37407
15779
31938
31955
15780
31937
15786
37405
38022
37409
15781
15783
31957
15784
37539
15785
15787
31959
15788
38024
15789
37375
15791
31961
15792
31960
15794
15793
37373
15795
31963
15796
31962
15798
15797
37371
15799
31965
15800
31964
15802
15801
37369
15803
31967
15804
31966
15806
15813
15805
37241
15807
31969
15808
31968
15810
15809
37491
15811
31971
15814
31970
15828
37489
15815
15817
31973
31974
15818
31972
15820
37239
15819
15821
31976
15822
31958
15824
37237
15823
15825
31978
15826
15827
37235
15829
31980
15830
31979
15832
38026
15831
37233
15833
31982
15834
31981
15836
15835
37569
15837
31984
15838
31983
15840
15839
38028
37567
15841
31986
15842
31985
15844
38030
38032
15850
15851
15843
15845
31988
15846
31987
15848
15847
15849
31990
15852
31989
15866
37231
15853
15855
31992
31993
15856
31991
15858
37583
37289
37457
15857
15859
31995
15860
31977
15862
37497
15861
15863
31997
15864
15865
37507
15867
31999
15868
31998
15870
15869
37505
15871
32001
15872
32000
15874
15873
37547
15875
32003
15876
32002
15878
15877
37545
15879
32005
15880
32004
15882
15889
15881
15883
32007
15884
32006
15886
15885
15887
32009
15890
32008
15904
38034
37565
15891
38036
38038
15892
15893
32011
32012
15894
32010
15896
37217
37215
37213
15895
15897
32014
15898
31996
15900
37211
15899
15901
32016
15902
15903
37209
15905
32018
15906
32017
15908
15907
37857
15909
32020
15910
32019
15912
15911
37207
15913
32022
15914
32021
15916
15915
37581
15917
32024
15918
32023
15920
38040
38042
38044
15926
15927
15919
15921
32026
15922
32025
15924
15923
15925
32028
15928
32027
15942
15929
15931
32030
32031
15932
32029
15934
37563
37323
37471
37469
15933
15935
32033
15936
32015
15938
37467
15937
15939
32035
15940
15941
37183
15943
32037
15944
32036
15946
15945
37181
15947
32039
15948
32038
15950
15949
37179
15951
32041
15952
32040
15954
15953
15955
32043
15956
32042
15958
15957
15959
32045
15960
32044
15962
15961
15963
32046
15964
32047
15966
15968
37205
15965
37503
15967
15969
32049
32050
15970
32048
15972
37229
37227
38046
38048
37225
15971
15973
32052
15974
32034
15976
37391
15975
15977
32054
15978
15979
37389
38050
38052
15980
15981
32056
15982
32055
15984
15983
37387
15985
32058
15986
32057
15988
15987
15989
32060
15990
32059
15992
15991
15993
32062
15994
32061
15996
15995
15997
32063
32064
15998
37385
15999
38054
16000
16001
32065
16002
32066
16004
16006
37523
16003
37501
16005
16007
32068
32069
16008
32067
16010
37353
37853
38056
37173
16009
16011
32071
16012
32053
16014
38058
37171
16013
16015
32073
16016
31827
16017
38060
37169
38062
38064
38066
38068
16018
16019
32075
16020
32074
16022
31845
16021
38070
37269
16023
32077
16024
32076
16026
31863
16025
38072
37267
16027
32079
16028
32078
16030
31881
16029
16031
32081
16032
32080
16034
31899
16033
16035
32083
16036
32082
16038
31917
16037
38074
37265
16039
31935
16040
32085
16042
32084
16056
16041
38076
37299
16043
38078
38080
38082
38084
36981
37023
38086
38088
16044
16045
32088
16046
31954
32087
32086
16180
16047
38090
38092
16048
16049
32090
16050
32072
16060
38094
37521
16051
38096
37203
38098
38100
38102
38104
16052
16053
32092
16054
38106
37201
38108
37199
16055
16057
32094
16058
16059
37197
16061
32096
16062
32095
16064
16063
37337
16065
32098
16066
32097
16068
16067
37335
16069
32100
16070
32099
16072
16071
37333
16073
32102
16074
32101
16076
16075
16077
32104
16078
32103
16080
16079
38110
38112
36953
37085
16081
32106
16082
32105
16096
16083
38114
38116
16084
16085
32108
16086
32107
16088
16087
37561
16089
32110
16090
32093
16092
37257
38118
37255
38120
37253
16091
16093
32112
16094
16095
38122
37585
16097
32114
16098
32113
16100
16099
38124
37519
16101
32116
16102
32115
16104
16103
38126
37517
16105
32118
16106
32117
16108
16107
38128
37515
16109
32120
16110
32119
16112
16111
16113
32122
16114
32121
16116
16115
37007
38130
38132
36977
16117
32124
16118
32123
16132
16119
38134
38136
16120
16121
32126
16122
32125
16124
16123
38138
37559
16125
32128
16126
32111
16128
38140
37195
38142
37193
38144
37191
16127
16129
32130
16130
16131
38146
37553
16133
32132
16134
32131
16136
16135
38148
37251
16137
32134
16138
32133
16140
16139
38150
37249
16141
32136
16142
32135
16144
16143
38152
37751
16145
32138
16146
32137
16148
16147
16149
32140
16150
32139
16152
16151
38154
38156
38158
38160
37005
37027
16153
32142
16154
32141
16168
16155
38162
38164
16156
16157
32144
16158
32143
16160
16159
38166
37367
16161
32146
16162
32129
16164
38168
37317
38170
37315
38172
37167
16163
16165
32148
16166
16167
16169
32150
16170
32149
16172
16171
16173
32152
16174
32151
16176
16175
16177
32153
32154
16178
16192
37165
37163
37161
16179
37487
16181
32156
16182
32155
16184
16183
16185
32158
16186
32157
16188
16187
16189
32160
16190
32159
16196
16191
16193
32161
32162
16194
36995
37009
16195
37485
16197
32164
16198
32147
16200
37535
37533
37531
16199
16201
32166
16202
16203
37529
38174
38176
38178
38180
16204
16205
32168
16206
32167
16208
16207
37297
16209
32170
16210
32169
16212
16211
16213
32172
16214
32171
16216
16215
16217
32174
16218
32173
16220
16219
16221
32175
32176
16222
16228
37295
38182
37293
16223
37015
37017
38184
38186
38188
38190
16224
16225
32178
16226
32177
16264
16227
16229
32180
16230
32179
16232
16231
37291
16233
32182
16234
32165
16236
37495
37493
37383
16235
16237
32184
16238
16239
38192
37381
38194
38196
16240
16241
32186
16242
32185
16244
16243
38198
37397
16245
32188
16246
32187
16248
16247
37395
16249
32190
16250
32189
16252
16251
16253
32192
16254
32191
16256
37483
16255
16257
32194
16258
32193
16260
16259
16261
32195
32196
16262
16340
36955
37013
16263
16265
32198
16266
32197
16268
16267
37499
16269
32200
16270
32183
16272
16271
16273
31956
32202
16274
37187
38200
16276
37185
38202
37351
16275
38204
37349
16277
32204
16278
32203
16280
31975
16279
37313
16281
32206
16282
32205
16284
31994
16283
37311
16285
32208
16286
32207
16288
32013
16287
37159
16289
32210
16290
32209
16292
32032
16291
16293
32212
16294
32051
32211
16296
16295
36979
37025
16297
32214
16298
32070
16300
32213
16316
16299
16301
32216
16302
32089
16304
32215
16312
16303
16305
32218
16306
32201
16308
37437
37431
16307
16309
32220
16310
16311
38206
37441
16313
32222
16314
16315
16317
32224
16318
32223
16320
16319
16321
32226
16322
32225
16324
16323
16325
32228
16326
32227
16328
16327
16329
32230
16330
32229
16332
16331
16333
32232
16334
32231
16336
16335
16337
32234
16338
32233
16352
16339
16341
32236
16342
32235
16344
37427
37439
16343
16345
32238
16346
32221
16348
16347
16349
32240
16350
16351
16353
32242
16354
32241
16356
16355
16357
32244
16358
32243
16360
16359
38208
37459
16361
32246
16362
32245
16364
16363
38210
37461
16365
32248
16366
32247
16368
16367
16369
32250
16370
32249
16372
16371
16373
32252
16374
32251
16376
16375
16377
32254
16378
32253
16380
16379
37433
37443
38212
37577
16381
32256
16382
32239
16384
16383
38214
37571
16385
32258
16386
28199
38216
37557
16387
38218
16388
16389
32260
16390
32259
16392
28608
16391
16393
32261
32262
16394
28667
16412
37555
38220
37541
16395
38222
16396
16397
32264
16398
32263
16400
28726
16399
16401
32265
32266
16402
28785
16436
37537
38224
37527
16403
38226
16404
16405
32268
16406
32267
16408
28844
16416
16407
16409
32269
32270
16410
28903
16456
37513
16411
38228
37625
16413
32272
16414
32271
16424
28962
37575
37463
16415
16417
32274
16418
32257
16420
16419
38230
37623
37643
16421
32276
16422
16423
38232
37621
16425
32278
16426
38234
37619
16427
38236
16428
16429
32280
16430
32279
16432
16431
16433
32281
32282
16434
37617
16435
16437
32284
16438
32283
16440
16439
37691
37627
38238
37615
16441
32286
16442
32277
16444
16443
38240
37613
16445
32288
16446
38242
37611
16447
38244
16448
16449
32290
16450
32289
16452
16451
16453
32291
32292
16454
37609
16455
16457
32294
16458
32293
16460
16459
38246
16476
16480
37703
37707
38248
37593
16461
32296
16462
32287
16464
16463
38250
37591
16465
32298
16466
16467
38252
16468
16469
32299
32300
16470
37589
38254
37587
16471
38256
16472
16473
32302
16474
32301
16475
16477
32304
16478
32303
16488
37629
37631
16479
16481
32306
16482
32297
16484
29473
16500
16483
16485
32308
16486
16487
16489
32310
16490
16491
38258
16492
16493
32312
16494
32311
16496
16495
16497
32314
16498
32313
16504
16499
16501
32316
16502
32315
16512
30000
16520
16503
16505
32318
16506
32309
16508
16507
16509
32320
16510
16511
16513
32322
16514
32321
16516
16515
16517
32323
32324
16518
37663
16519
38260
37653
16521
30059
32326
16522
32325
16524
37665
16523
16525
32319
32328
16526
37641
38262
37639
16527
38264
16528
16529
32330
16530
30635
16544
16531
38266
16532
16533
32331
32332
16534
31140
37637
16535
38268
16536
16537
32333
32334
16538
31171
16540
37635
16539
16541
32335
32336
16542
30118
16564
31202
16584
37633
16543
16545
32338
16546
32329
16548
16547
38270
37651
38272
37649
16549
32340
16550
16551
38274
16552
16553
32342
16554
16555
38276
16556
16557
32343
32344
16558
37647
16559
38278
16560
16561
32345
32346
16562
37645
16563
16565
32348
16566
32347
16568
16567
38280
37661
16569
32350
16570
32341
16572
16571
38282
37659
16573
32352
16574
38284
37657
16575
38286
16576
16577
32354
16578
32353
16580
16579
16581
32355
32356
16582
37655
16583
38288
37979
16585
32358
16586
32357
16588
38005
38015
16587
16589
32351
32360
16590
37677
38290
37675
16591
38292
16592
16593
32362
16594
31317
16604
16595
38294
16596
16597
32363
32364
16598
31380
37673
16599
38296
16600
16601
32365
32366
16602
31411
37667
16603
16605
32367
32368
16606
31442
16608
37669
16607
37989
38011
38298
37671
16609
32370
16610
32361
16612
16611
38300
37687
38047
38302
16628
38049
38304
37685
16613
32372
16614
16615
38306
16616
16617
32374
16618
16619
38308
16620
16621
32375
32376
16622
37683
16623
38310
16624
16625
32377
32378
16626
37679
16627
16629
32379
32380
16630
37681
37993
38023
38312
37701
16631
38314
16632
16633
32382
16634
32373
16636
16635
38316
37699
16637
32384
16638
38318
37697
16639
38320
16640
16641
32386
16642
32385
16644
16643
16645
32387
32388
16646
37693
16647
38322
16648
38324
37695
16649
32390
16650
32389
16652
38326
16651
38025
38328
16712
38027
16653
32383
32392
16654
37937
38330
37891
16655
38332
16656
16657
32394
16658
31493
16668
16659
38334
16660
16661
32395
32396
16662
31524
37775
16663
38336
16664
16665
32397
32398
16666
31555
37705
16667
16669
32399
32400
16670
31586
16672
37709
37923
37783
16671
38338
37711
37721
16673
32402
16674
32393
16676
38340
37713
16675
16677
32404
16678
16679
38342
16680
16681
32406
16682
16683
38344
16684
16685
32407
32408
16686
37715
16687
38346
16688
16689
32409
32410
16690
37719
38348
16692
16691
38350
37723
38352
37733
16693
32412
16694
32411
16696
16695
16697
32414
16698
32405
16700
16699
38354
37725
16701
32416
16702
38356
37727
16703
38358
16704
16705
32418
16706
32417
16708
16707
38360
16709
32419
32420
16710
37731
16711
38362
37743
16713
32422
16714
32421
16716
16715
16717
32415
32424
16718
37735
38364
37737
16719
38366
16720
16721
32426
16722
31605
16723
38368
16724
16725
32427
32428
16726
31628
37739
16727
38370
16728
16729
32429
32430
16730
31651
37745
38372
16732
16731
16733
32431
32432
16734
31674
16736
37755
38374
37927
38376
16735
16737
32434
16739
32425
16745
16740
26139
38378
37753
37757
37759
37761
16738
32435
16741
16742
32436
16743
16744
16746
32438
16747
31727
16749
16748
26150
16757
37765
16750
31731
32437
31733
32440
16751
31729
16753
37763
37851
16752
16754
32442
16755
16756
38380
37871
38382
37767
37919
38384
37769
16758
32444
16759
16760
38386
38388
16765
38390
16761
16762
32446
16763
16764
38392
38394
16766
32448
16767
38396
37771
16768
37897
38398
16773
38400
16769
16770
32450
16771
31737
31735
16772
16774
32447
32452
16775
37773
38402
38404
38406
37779
37781
37777
16776
38408
37785
38410
16777
16778
32454
16779
26196
16780
38412
16785
38414
16781
16782
32456
16783
16784
16786
32457
32458
16787
37787
38416
37795
37791
16788
38418
16789
16790
32455
32460
16791
26253
37789
38420
37793
16792
38422
16797
38424
16793
16794
32462
16795
16796
16798
32463
32464
16799
37797
38426
37803
37799
16800
38428
16801
16802
32461
32466
16803
26270
37801
38430
37805
16804
38432
16809
38434
16805
16806
32468
16807
16808
16810
32469
32470
16811
37807
38436
37815
37811
16812
38438
16813
16814
32467
32472
16815
26287
37809
38440
37813
16816
38442
16821
38444
16817
16818
32474
16819
16820
16822
32475
32476
16823
37817
38446
37823
37819
16824
38448
16825
16826
32473
32478
16827
26304
37821
38450
37825
16828
38452
16833
38454
16829
16830
32480
16831
16832
16834
32481
32482
16835
37827
38456
37835
37831
16836
38458
16837
16838
32479
32484
16839
26321
37829
38460
37833
16840
38462
16845
38464
16841
16842
32486
16843
16844
16846
32487
32488
16847
37837
38466
37843
37839
16848
38468
16849
16850
32485
32490
16851
26338
16857
37841
16852
38470
16853
16854
31739
32492
16855
32445
16873
37883
16856
16858
32451
32493
32494
16859
31745
16869
37845
38472
38474
38476
16861
37847
37849
37861
38478
38480
16860
16862
32496
16863
26355
16865
32491
16877
37879
37869
38482
16864
16866
26366
32498
16867
38484
38486
37863
37873
38488
37865
37867
38490
37859
38492
16881
16868
37875
16870
32500
16871
38494
16872
37881
16874
32502
16875
37893
16876
37887
16878
32504
16879
38496
38498
37889
16880
16882
32506
16883
32503
16885
16893
37913
38500
16889
37895
16884
16886
32508
16887
38502
38504
37899
16888
16890
32510
16891
32507
16897
37925
16892
16894
32512
16895
38506
38508
16896
16898
32514
16899
32511
16901
16909
16900
37901
16902
32516
16903
38510
38512
38514
37903
38507
38516
16905
37909
38518
37911
16904
16906
32518
16907
32515
16913
38511
16908
16910
32520
16911
16912
16914
32522
16915
32519
16917
16925
38520
38522
16916
16918
32524
16919
38524
38526
38528
37915
38530
37917
38521
38532
37905
38525
38534
37907
16920
38536
16921
16922
32526
16923
32523
16929
17037
37921
16924
16926
32528
16927
32499
38538
37885
16928
16930
32530
16931
32527
16933
16932
16934
32532
16935
16936
38540
16937
16938
32534
16939
16940
38542
37931
37933
38544
38546
37935
38548
38550
16941
16942
32536
16943
32535
16945
16944
38552
38554
37941
16946
32538
16947
32537
16949
38556
16948
38558
37943
16950
32540
16951
32539
16953
38560
16965
16952
37945
16954
32542
16955
32541
16957
37939
16956
37947
16958
32544
16959
32543
16961
16960
37949
16962
32546
16963
32545
16977
37953
16964
16966
32548
16967
32547
16969
38562
37955
16968
16970
32550
16971
32533
16973
38564
37959
16972
16974
32552
16975
16976
37961
16978
32554
16979
32553
16981
38566
16980
38568
37963
16982
32556
16983
32555
16985
16984
37965
16986
32558
16987
32557
16989
16988
37967
38570
17001
16990
32560
16991
32559
16993
37957
16992
37969
16994
32562
16995
32561
16997
38572
16996
38009
16998
32564
16999
32563
17013
38574
38013
17000
17002
32566
17003
32565
17005
38576
37951
17004
17006
32568
17007
32551
17009
38039
17008
17010
32570
17011
38578
17012
38037
17014
32572
17015
32571
17017
17016
38580
38582
38033
17018
32574
17019
32573
17021
38584
17020
38586
38031
17022
32576
17023
32575
17025
17024
38029
17026
32578
17027
32577
17029
38491
17028
38045
17030
32580
17031
32579
17033
17032
38043
17034
32582
17035
32581
17049
38588
38041
17036
17038
32584
17039
32583
17041
37971
17040
17042
32586
17043
32569
17045
38590
38021
17044
17046
32588
17047
17048
37975
17050
32590
17051
32589
17053
17052
37977
17054
32592
17055
32591
17057
17056
37983
17058
32594
17059
32593
17061
17060
37985
17062
32596
17063
32595
17065
37981
17064
37987
17066
32598
17067
32597
17069
17068
37991
17070
32600
17071
32599
17073
17145
37995
17072
17074
32602
17075
32601
17077
38592
38035
17076
17078
32604
17079
32587
17081
38594
38001
17080
17082
32606
17083
17084
38596
37999
38598
17085
17086
32608
17087
32607
17089
17088
38600
38602
38019
17090
32610
17091
32609
17093
17092
38604
38017
17094
32612
17095
32611
17097
17096
38606
37997
38608
17098
32614
17099
32613
17101
38007
17100
38610
38003
17102
32616
17103
32615
17105
17104
38612
38053
17106
32618
17107
32617
17113
38614
38051
17108
38616
38618
17109
17110
32620
17111
32619
17121
38620
38069
17112
17114
32622
17115
32605
17117
38622
38059
17116
17118
32624
17119
17120
38624
38061
17122
32626
17123
32625
17125
17124
38626
38628
38071
17126
32628
17127
32627
17129
17128
38630
38073
17130
32630
17131
32629
17133
17132
38632
38085
17134
32632
17135
32631
17137
38483
17136
38634
38077
17138
32634
17139
32633
17141
17140
38636
38193
17142
32636
17143
32635
17155
38638
38089
17144
17146
32638
17147
32637
17149
38640
38087
17148
17150
32640
17153
32623
17151
38642
38093
17154
17156
32643
17157
32501
17259
17158
38644
38091
38646
38648
38650
17159
17160
32645
17161
32644
17163
32505
17162
38652
38654
38095
17164
32647
17165
32646
17167
32509
17166
38656
38197
17168
32649
17169
32513
17171
32648
17389
17170
38658
38097
17172
32651
17173
32650
17175
32517
38485
17174
38660
38107
17176
32653
17177
32521
17179
32652
17199
17152
17178
38662
38057
17180
32655
17181
32525
17183
32654
17351
38664
38109
17182
17184
32657
17185
32656
17191
32529
17221
38666
38105
17186
38668
38670
17187
17188
32659
17189
32641
17195
32642
17313
38672
38103
17190
17192
32661
17193
38674
38101
17194
17196
32663
17197
17198
38676
38099
17200
32665
17201
32664
17203
17202
38678
38117
17204
32667
17205
32666
17207
17206
38680
38115
17208
32669
17209
32668
17211
17210
38682
38113
17212
32671
17213
32670
17215
17222
17214
38684
38111
17216
32673
17217
32672
17219
17218
38686
38083
17220
32675
17223
32674
17237
38688
38081
17224
38690
38692
17225
17226
32678
17227
32676
17229
32677
17263
38694
38181
17228
17230
32680
17231
32662
17233
38696
38179
17232
17234
32682
17235
17236
38698
38177
17238
32684
17239
32683
17241
17240
38700
38175
17242
32686
17243
32685
17245
17244
38075
17246
32688
17247
32687
17249
17248
38149
17250
32690
17251
32689
17253
17260
17252
17254
32692
17255
32691
17257
17256
17258
32694
17261
32693
17275
17262
17264
32696
32697
17265
32695
17267
38079
38141
38143
38145
17266
17268
32699
17269
32681
17271
38147
17270
17272
32701
17273
17274
38191
17276
32703
17277
32702
17279
17278
38189
17280
32705
17281
32704
17283
17282
38187
17284
32707
17285
32706
17287
17286
17288
32709
17289
32708
17291
17290
17292
32711
17293
32710
17295
17294
17296
32712
17297
32713
17299
17301
38185
17298
38183
17300
17302
32715
32716
17303
32714
17305
38127
38129
38137
17304
17306
32718
17307
32700
17309
38135
17308
17310
32720
17311
17312
38161
17314
32722
17315
32721
17317
17316
38702
38159
17318
32724
17319
32723
17321
17320
38704
38157
17322
32726
17323
32725
17325
17324
17326
32728
17327
32727
17329
17328
17330
32730
17331
32729
17333
17332
17334
32731
17335
32732
17337
17339
38199
17336
38155
17338
17340
32734
32735
17341
32733
17343
38169
38171
38173
17342
17344
32737
17345
32719
17347
38119
17346
17348
32739
17349
17350
38121
17352
32741
17353
32740
17355
17354
38123
17356
32743
17357
32742
17359
17358
38125
17360
32745
17361
32744
17363
17362
17364
32747
17365
32746
17367
17366
17368
32749
17369
32748
17371
17370
17372
32750
17373
32751
17375
17377
38167
17374
38195
17376
17378
32753
32754
17379
32752
17381
38151
38153
38706
38067
17380
17382
32756
17383
32738
17385
38065
17384
17386
32758
17387
17388
38708
38165
17390
32760
17391
32759
17393
17392
38163
17394
32762
17395
32761
17397
17396
38055
17398
32764
17399
32763
17401
17400
17402
32766
17403
32765
17405
17404
17406
32768
17407
32767
17409
17408
38710
38139
17410
32769
17411
32770
17413
17415
17412
38712
38063
38133
38131
17414
17416
32773
17417
32771
17419
32772
17453
17457
17418
17420
32775
17421
32757
17423
17422
17424
32777
17425
32531
17426
38714
38716
38718
38720
17427
17428
32779
17429
32549
32778
17443
17430
38722
38724
38726
38728
17431
17432
32781
17433
32780
17435
32567
17449
17434
17436
32783
17437
32782
17439
32585
17749
17438
17440
32785
17441
32784
32603
17450
17442
17444
32787
17445
32786
17447
32621
17785
17929
17446
17448
32789
17451
32788
17469
32639
17452
17454
32792
17455
32790
17461
32791
17493
17529
32658
17637
17673
17456
17458
32794
17459
32776
17465
17460
17462
32796
17463
17464
17466
32798
17467
17468
17470
32800
17471
32799
17473
17472
17474
32802
17475
32801
17477
17476
17478
32804
17479
32803
17481
17480
17482
32806
17483
32805
17485
17484
17486
32808
17487
32807
17489
17488
17490
32810
17491
32809
17505
17492
17494
32812
17495
32811
17497
17496
17498
32814
17499
32797
17501
17500
17502
32816
17503
17504
17506
32818
17507
32817
17509
17508
17510
32820
17511
32819
17513
17512
17514
32822
17515
32821
17517
17516
17518
32824
17519
32823
17521
17520
17522
32826
17523
32825
17525
17524
17526
32828
17527
32827
17541
17528
17530
32830
17531
32829
17533
17532
17534
32832
17535
32815
17537
17536
17538
32834
17539
17540
17542
32836
17543
32835
17545
17544
17546
32838
17547
32837
17549
17548
17550
32840
17551
32839
17553
17552
17554
32842
17555
32841
17557
17556
17558
32844
17559
32843
17561
17560
17562
32846
17563
32845
17577
17564
38730
38732
17565
17566
32848
17567
32847
17569
17568
17570
32850
17571
32833
17573
17572
17574
32852
17575
17576
17578
32854
17579
32853
17581
17580
17582
32856
17583
32855
17585
17584
17586
32858
17587
32857
17589
17588
17590
32860
17591
32859
17593
17592
17594
32862
17595
32861
17597
17596
17598
32864
17599
32863
17613
17600
38734
38736
17601
17602
32866
17603
32865
17605
17604
17606
32868
17607
32851
17609
17608
17610
32870
17611
17612
17614
32872
17615
32871
17617
17616
17618
32874
17619
32873
17621
17620
17622
32876
17623
32875
17625
17624
17626
32878
17627
32877
17629
17628
17630
32880
17631
32879
17633
17632
17634
32882
17635
32881
17649
17636
17638
32884
17639
32883
17641
17640
17642
32886
17643
32869
17645
17644
17646
32888
17647
17648
17650
32890
17651
32889
17653
17652
17654
32892
17655
32891
17657
38201
17656
17658
32894
17659
32893
17661
17660
17662
32896
17663
32895
17665
17664
17666
32898
17667
32897
17669
17668
17670
32900
17671
32899
17685
17672
17674
32902
17675
32901
17677
17676
38738
38203
17678
32904
17679
32887
17681
17680
17682
32660
32906
17683
38205
17684
17686
32908
17687
32907
17689
32679
17709
17688
17690
32910
17691
32909
17693
32698
17725
17692
17694
32912
17695
32911
17697
32717
17696
17698
32914
17699
32913
17701
32736
17700
17702
32916
17703
32915
17705
32755
17704
17706
32918
17707
32774
32917
17721
17708
17710
32920
17711
32793
17713
32919
17717
17712
17714
32922
17715
32905
17773
38740
38742
38744
38746
38748
38750
38752
38207
17716
17718
32924
17719
17720
17722
32926
17723
17724
17726
32928
17727
32927
17729
17728
17730
32930
17731
32929
17733
17732
17734
32932
17735
32931
17737
17736
17738
32934
17739
32933
17741
17740
17742
32936
17743
32935
17745
17744
17746
32938
17747
32937
17761
17748
17750
32940
17751
32939
17753
17752
17754
32942
17755
32925
17757
17756
17758
32944
17759
17760
17762
32946
17763
32945
17765
17764
17766
32947
32948
17767
38209
17768
38754
38211
38756
38758
38760
38762
38764
17769
17770
32950
17771
32949
17789
17772
17774
32952
17775
32951
17777
17776
17778
32954
17779
32953
17781
17780
38766
38217
17782
32956
17783
32955
17784
17786
32957
32958
17787
38213
17788
38768
38215
17790
32960
17791
32943
17793
17792
38770
38219
17794
32962
17795
27833
17889
38772
38221
17796
38774
17797
17801
17798
32964
17799
32963
17833
28592
17845
17800
38776
38223
17802
32966
17803
32965
17805
28651
17804
38778
38225
17806
32968
17807
32967
17809
28710
17865
17808
38780
38227
17810
32970
17811
32969
17813
28769
17821
17812
17814
32972
17815
32971
17817
28828
17825
17816
38782
38229
17818
32974
17819
32973
28887
17885
17820
17822
32975
32976
17823
28946
17909
38235
17824
38784
38231
17826
32978
17827
32961
17829
17828
38786
38233
17830
32980
17831
17832
38788
38237
17834
32982
17835
17836
38790
17837
17841
17838
32984
17839
32983
17849
17840
38792
38243
17842
32986
17843
32985
17844
17846
32987
32988
17847
38239
17848
38794
38241
17850
32990
17851
32981
17853
17852
38796
38245
17854
32992
17855
38798
38255
17856
38800
17857
17861
17858
32994
17859
32993
17869
17860
38802
38249
17862
32996
17863
32995
17864
17866
32997
32998
17867
38247
17868
38804
38251
17870
33000
17871
32991
17873
17872
38806
38253
17874
33002
17875
38808
38257
17876
38810
17877
17881
17878
33004
17879
33003
17897
17880
17882
33006
17883
33005
17884
17886
33008
17887
33007
17888
17890
33010
17891
33001
17893
28981
17892
38259
17894
33012
17895
17896
17898
33014
17899
17900
38812
17901
17905
17902
33016
17903
33015
17913
17904
38814
38651
17906
33018
17907
33017
17908
17910
33019
33020
17911
29984
38599
17912
38707
38609
38816
38551
17914
33022
17915
33013
17917
17916
38818
38409
17918
33024
17919
38820
38357
17920
38822
17921
17925
17922
33026
17923
33025
17933
17924
38824
38261
17926
33028
17927
33027
17928
17930
33029
33030
17931
30043
38263
17932
38489
38589
38826
38265
17934
33032
17935
33023
17937
17936
38828
38267
17938
33034
17939
30137
38830
38269
17940
38832
17941
17945
17942
33036
17943
31132
33035
17961
17944
38834
38319
17946
33038
17947
31163
17949
33037
17948
17950
33039
33040
17951
31194
30102
17953
38273
17952
38323
38327
38836
38271
17954
33042
17955
33033
17957
17956
38838
38275
38840
38842
38387
38481
17958
33044
17959
17960
38844
38277
17962
33046
17963
38846
38279
17964
38848
17965
17969
17966
33048
17967
33047
17977
17968
38850
38285
17970
33050
17971
33049
17972
38852
38854
17973
17974
33051
33052
17975
17993
38281
17976
38856
38475
38479
38858
38283
17978
33054
17979
33045
17981
17980
38860
38287
17982
33056
17983
38862
38305
17984
38864
17985
17986
33058
17987
33057
17989
17988
17990
33059
33060
17991
38289
17992
38866
38291
17994
33062
17995
33061
17997
17996
38868
38870
38585
38361
38872
38293
17998
33064
17999
33055
18001
18000
38874
38295
18002
33066
18003
31213
38876
38297
18004
38878
18005
18006
33068
18007
33067
18009
31372
18008
18010
33069
33070
18011
31403
18013
38301
18012
38880
38299
18014
33072
18015
31434
18017
33071
18025
18016
38473
38403
38882
38303
18018
33074
18019
33065
18021
18020
38884
38307
38886
38888
38890
38591
38417
18022
33076
18023
18024
38892
38309
18026
33078
18027
38894
38311
18028
38896
18029
18030
33080
18031
33079
18033
18032
18034
33081
33082
18035
38313
38898
38315
18036
38900
18037
18038
33084
18039
33083
18041
18040
38393
38395
38902
38317
18042
33086
18043
33077
18045
18044
38904
38321
18046
33088
18047
38906
38331
18048
38908
18049
18050
33090
18051
33089
18053
18052
18054
33091
33092
18055
38325
18056
38910
18057
38912
38329
18058
33094
18059
33093
18061
38914
38916
18060
38405
38399
38918
38333
18062
33096
18063
33087
18065
18064
38920
38335
18066
33098
18067
31453
18077
38922
38337
18068
38924
18069
18070
33100
18071
33099
18073
31516
18072
18074
33101
33102
18075
31547
38341
18076
38926
38339
38928
18078
31578
33104
18079
33103
18089
38930
38932
18081
38579
38389
18080
38934
38343
38353
18082
33106
18083
33097
18085
18084
18086
33108
18087
18088
38936
38345
18090
33110
18091
38938
38347
18092
38940
18093
18094
33112
18095
33111
18097
18096
18098
33113
33114
18099
38351
38942
18101
18100
38944
38355
38946
38363
18102
33116
18103
33115
18105
18104
18106
33118
18107
33109
18109
18108
38948
38359
18110
33120
18111
38950
38385
18112
38952
18113
18114
33122
18115
33121
18117
18116
18118
33123
33124
18119
38365
38954
18121
18120
38956
38367
38958
38375
18122
33126
18123
33125
18125
18124
18126
33128
18127
33119
18129
18128
38960
38369
18130
33130
18131
31597
38962
38371
18132
38964
18133
18134
33132
18135
33131
18137
31620
18162
18136
18138
33133
33134
18139
31643
38383
38966
18141
18140
38968
38381
38970
38487
18142
33136
18143
33135
18145
31666
18144
18146
33138
18148
33129
18149
26165
38397
38493
38972
18150
38391
18151
33140
18152
18153
26184
18158
38561
38974
38401
18147
33139
18154
18155
33142
18156
18157
26187
38407
18159
33144
18160
32439
32441
18161
26194
38567
38411
18163
33146
18164
33143
18166
38477
38413
18165
18167
33148
18168
31749
38976
38978
38980
38982
38415
38421
18169
26248
18170
38984
18174
18171
33150
18172
18173
26251
18178
18175
33151
33152
18176
38419
38986
18177
38427
38423
38988
38425
18179
33154
18180
33149
18182
31755
18181
26265
38431
18183
33156
18184
18185
26268
38990
18186
38429
38992
18187
33158
18188
33157
18190
38437
38433
18189
18191
33155
33160
18192
31761
38435
38994
38441
18193
26282
18194
18195
33162
18196
18197
26285
38996
18198
38439
18199
33164
18200
33163
18202
38998
18201
38447
38443
39000
38445
18203
33166
18204
33161
18206
31767
18205
26299
38451
18207
33168
18208
18209
26302
39002
18210
38449
39004
18211
33170
18212
33169
18214
38457
38453
18213
18215
33167
33172
18216
31773
38455
39006
38461
18217
26316
18218
18219
33174
18220
18221
26319
39008
18222
38459
18223
33176
18224
33175
18226
39010
18225
38467
38463
39012
38465
18227
33178
18228
33173
18230
31779
18229
26333
38541
18231
33180
18232
18233
26336
39014
18234
38469
39016
18235
33182
18236
33181
18238
38557
38571
18237
18239
33179
33184
18240
31785
18250
38471
39018
38537
18241
26350
18242
18243
33186
18244
33141
18258
32443
39020
18246
18245
26353
38517
39022
39024
18247
33187
33188
18248
32449
18262
33145
18270
38565
38545
38501
39026
18249
18251
33190
18252
31791
18254
33185
18266
18274
38573
38503
39028
18253
39030
38499
18255
31793
33192
18256
38495
38575
39032
39034
38577
38497
38505
18257
18259
33194
18260
38583
18261
38581
18263
33196
18264
38587
18265
39036
18267
33198
18268
38515
18269
18271
33200
18272
33197
18278
38509
39038
38519
18273
39040
18275
33202
18276
39042
18286
38529
18277
18279
33204
18280
33201
18282
18290
38513
39044
38563
18281
18283
33206
18284
39046
38531
18285
18287
33208
18288
33205
18294
38523
18289
18291
33210
18292
39048
18293
18295
33212
18296
33209
18298
18306
18297
39050
38533
18299
33214
18300
39052
39054
18302
38535
39056
38527
39058
38559
39060
39062
38539
18301
18303
33216
18304
33213
18310
38553
39064
38549
18305
38569
18307
33218
18308
39066
38547
18309
18311
33220
18312
33217
18314
18318
38555
39068
39070
39072
18313
18315
33222
18316
33193
39074
38543
18317
18319
33224
18320
33221
18322
18321
18323
33226
18324
18325
39076
39078
39080
39082
18326
18327
33228
18328
18329
39084
38593
39086
38709
39088
38595
39090
18330
18331
33230
18332
33229
18334
39092
18333
39094
39096
38597
18335
33232
18336
33231
18338
18337
39098
38603
18339
33234
18340
33233
18342
39100
18341
38611
18343
33236
18344
33235
18346
38601
18345
38613
18347
33238
18348
33237
18350
18349
38615
18351
33240
18352
33239
18354
18390
38621
18353
18355
33242
18356
33241
18358
39102
38623
18357
18359
33244
18360
33227
18362
39104
38625
18361
18363
33246
18364
18365
39106
18366
38711
18367
33248
18368
33247
18370
18369
39108
39110
38713
18371
33250
18372
33249
18374
39112
18373
39114
38703
18375
33252
18376
33251
18378
18377
39116
38705
18379
33254
18380
33253
18382
38627
39118
18381
39120
38605
18383
33256
18384
33255
18386
18385
38607
18387
33258
18388
33257
18394
39122
38629
18389
18391
33260
18392
33259
18398
38631
18393
18395
33262
18396
33245
18402
38633
18397
18399
33264
18400
18401
38635
18403
33266
18404
33265
18406
18405
39124
38681
18407
33268
18408
33267
18410
18409
39126
38683
18411
33270
18412
33269
18414
39128
18413
39130
38693
39132
39134
18426
18415
33272
18416
33271
18418
39031
18417
39136
38691
18419
33274
18420
33273
18422
18421
38685
18423
33276
18424
33275
18438
38687
18425
18427
33278
18428
33277
18430
39138
38637
18429
18431
33280
18432
33263
18434
38639
18433
18435
33282
18436
39140
18437
38689
18439
33284
18440
33283
18442
18441
39142
38695
18443
33286
18444
33285
18446
18445
38619
18447
33288
18448
33287
18450
18449
38617
18451
33290
18452
33289
18454
39035
18453
38697
18455
33292
18456
33291
18458
18457
39144
38699
18459
33294
18460
33293
18462
18534
39146
38701
18461
18463
33296
18464
33295
18466
39148
38641
18465
18467
33298
18468
33281
18470
39150
38643
18469
18471
33300
18472
18473
39152
18474
38645
18475
33302
18476
33301
18478
18477
39154
39156
38655
18479
33304
18480
33303
18482
18481
39158
38657
18483
33306
18484
33305
18486
18485
39160
38659
39162
18487
33308
18488
33307
18490
38653
39164
18489
39166
38661
18491
33310
18492
33309
18494
18493
39168
38663
18495
33312
18496
33311
18510
39170
38671
18497
39172
39174
18498
18499
33314
18500
33313
18502
38669
18501
18503
33316
18504
33299
18506
38665
18505
18507
33318
18508
18509
39176
38667
18511
33320
18512
33319
18514
18513
39178
39180
38673
18515
33322
18516
33321
18518
18517
39182
38675
18519
33324
18520
33323
18522
18521
39184
38677
18523
33326
18524
33325
18526
39029
18525
39186
38679
18527
33328
18528
33327
18530
18529
39188
38649
18531
33330
18532
33329
18544
39190
38647
18533
18535
33332
18536
33331
18538
18537
18539
33334
18542
33317
18540
18572
18543
18545
33337
18546
33195
18766
18547
39192
18548
18549
33339
18550
33338
18552
33199
18551
18553
33341
18554
33203
18556
33340
18816
18555
18557
33343
18558
33342
18560
33207
18559
18561
33345
18562
33344
18564
33211
18563
18565
33347
18566
33346
18568
33215
18541
18567
18569
33349
18570
33219
18580
33348
18584
18571
18573
33351
18574
33223
18610
33350
18790
18575
39194
39196
18576
18577
33353
18578
33335
18588
33336
18762
18579
18581
33355
18582
18583
18585
33357
18586
18587
18589
33359
18590
33358
18592
18591
18593
33361
18594
33360
18596
18595
18597
33363
18598
33362
18600
18599
18601
33365
18602
33364
18604
18611
18603
18605
33367
18606
33366
18608
18607
18609
33369
18612
33368
18626
18613
39198
39200
18614
18615
33372
18616
33370
18618
33371
18648
18617
18619
33374
18620
33356
18622
18621
18623
33376
18624
18625
18627
33378
18628
33377
18630
18629
18631
33380
18632
33379
18634
18633
18635
33382
18636
33381
18638
18637
18639
33384
18640
33383
18642
18649
18641
18643
33386
18644
33385
18646
18645
18647
33388
18650
33387
18664
18651
39202
39204
18652
18653
33391
18654
33389
18656
33390
18686
18655
18657
33393
18658
33375
18660
39206
38721
18659
18661
33395
18662
18663
39208
38719
18665
33397
18666
33396
18668
18667
39210
38717
18669
33399
18670
33398
18672
18671
39212
38715
18673
33401
18674
33400
18676
18675
39214
38891
18677
33403
18678
33402
18680
18687
18679
39216
38739
18681
33405
18682
33404
18684
18683
39218
38871
18685
33407
18688
33406
18694
39220
38869
18689
39222
39224
18690
18691
33410
18692
33408
18702
33409
18724
39226
38889
18693
18695
33412
18696
33394
18698
39228
38887
18697
18699
33414
18700
18701
39230
38733
18703
33416
18704
33415
18706
18705
39232
38737
18707
33418
18708
33417
18710
18709
39234
38735
18711
33420
18712
33419
18714
18713
39236
38857
18715
33422
18716
33421
18718
18725
18717
39238
38731
18719
33424
18720
33423
18722
18721
38843
18723
33426
18726
33425
18740
38841
18727
39240
39242
18728
18729
33429
18730
33427
18732
33428
38855
18731
18733
33431
18734
33413
18736
38853
18735
18737
33433
18738
18739
38729
18741
33435
18742
33434
18744
18743
38727
18745
33437
18746
33436
18748
18747
38725
18749
33439
18750
33438
18752
18751
38765
18753
33441
18754
33440
18756
18763
18755
18757
33443
18758
33442
18760
18759
18761
33445
18764
33444
18778
38723
18765
18767
33447
33448
18768
33446
18770
38763
38761
38759
18769
18771
33450
18772
33432
18774
38757
18773
18775
33452
18776
18777
18779
33454
18780
33453
18782
18781
18783
33456
18784
33455
18786
18785
18787
33457
33458
18788
18800
38753
39244
38751
38749
18789
38747
18791
33460
18792
33459
18794
18801
18793
18795
33462
18796
33461
18798
18797
18799
33464
18802
33463
18804
38745
18803
18805
33466
33467
18806
33465
18808
18842
38743
38741
18807
18809
33469
18810
33451
18812
18811
18813
33471
18814
33225
18918
18954
18815
18817
33473
18818
33472
18820
33243
18819
18821
33475
18822
33261
18824
33474
18823
18825
33477
18826
33476
18828
33279
18990
19026
18827
18829
33479
18830
33478
18832
33297
18831
18833
33315
18838
33481
18834
33480
18836
18839
18835
18837
33483
18840
33482
18854
33333
19394
18841
18843
33486
18844
33485
18846
33484
18850
18882
33352
19062
19278
18845
18847
33488
18848
33470
18858
18849
18851
33490
18852
18853
18855
33492
18856
18857
18859
33494
18860
33493
18862
18861
18863
33496
18864
33495
18866
18865
18867
33498
18868
33497
18870
18869
18871
33500
18872
33499
18874
18873
18875
33502
18876
33501
18878
18877
18879
33504
18880
33503
18894
18881
18883
33506
18884
33505
18886
18885
18887
33508
18888
33491
18890
18889
18891
33510
18892
18893
18895
33512
18896
33511
18898
18897
18899
33514
18900
33513
18902
18901
18903
33516
18904
33515
18906
18905
18907
33518
18908
33517
18910
18909
18911
33520
18912
33519
18914
18913
18915
33522
18916
33521
18930
18917
18919
33524
18920
33523
18922
18921
18923
33526
18924
33509
18926
18925
18927
33528
18928
18929
18931
33530
18932
33529
18934
18933
18935
33532
18936
33531
18938
18937
18939
33534
18940
33533
18942
18941
18943
33536
18944
33535
18946
18945
18947
33538
18948
33537
18950
18949
18951
33540
18952
33539
18966
18953
18955
33542
18956
33541
18958
18957
18959
33544
18960
33527
18962
18961
18963
33546
18964
18965
18967
33548
18968
33547
18970
18969
18971
33550
18972
33549
18974
18973
18975
33552
18976
33551
18978
18977
18979
33554
18980
33553
18982
18981
18983
33556
18984
33555
18986
18985
18987
33558
18988
33557
19002
18989
18991
33560
18992
33559
18994
18993
18995
33562
18996
33545
18998
18997
18999
33564
19000
19001
19003
33566
19004
33565
19006
19005
19007
33568
19008
33567
19010
19009
19011
33570
19012
33569
19014
19013
19015
33572
19016
33571
19018
19017
19019
33574
19020
33573
19022
19021
19023
33576
19024
33575
19038
19025
19027
33578
19028
33577
19030
19029
19031
33580
19032
33563
19034
19033
19035
33582
19036
19037
19039
33584
19040
33583
19042
19041
19043
33586
19044
33585
19046
19045
19047
33588
19048
33587
19050
19049
19051
33590
19052
33589
19054
19053
19055
33592
19056
33591
19058
19057
19059
33594
19060
33593
19074
19061
19063
33596
19064
33595
19066
19065
19067
33598
19068
33581
19070
19069
19071
33600
19072
33354
19102
19073
19075
33602
19076
33601
19078
33373
19138
19077
19079
33604
19080
33603
19082
33392
19081
19083
33606
19084
33605
19086
33411
19085
19087
33608
19088
33607
19090
33430
19098
19089
19091
33610
19092
33609
19094
33449
19093
19095
33612
19096
33611
19114
33468
19354
19097
19099
33614
19100
33613
19110
33487
19174
19101
19103
33616
19104
33599
19106
19105
19107
33618
19108
19109
19111
33620
19112
19113
19115
33622
19116
33621
19118
19117
19119
33624
19120
33623
19122
19121
19123
33626
19124
33625
19126
19125
19127
33628
19128
33627
19130
19129
19131
33630
19132
33629
19134
19133
19135
33632
19136
33631
19150
19137
19139
33634
19140
33633
19142
19141
19143
33636
19144
33619
19146
19145
19147
33638
19148
19149
19151
33640
19152
33639
19154
38755
19153
19155
33642
19156
33641
19158
19157
19159
33644
19160
33643
19162
19161
19163
33646
19164
33645
19166
39246
39248
38767
19165
19167
33648
19168
33647
19170
19169
39250
38773
19171
33650
19172
33649
19186
19173
39252
38769
19175
33652
19176
33651
19178
19177
39254
38771
19179
33654
19180
33637
19182
19181
39256
38775
19183
33656
19184
32091
19254
19185
39258
38777
19187
33658
19188
33657
19190
32109
19274
19189
39260
38779
19191
33660
19192
33659
19194
32127
19193
39262
38781
19195
33662
19196
33661
19198
32145
19298
19197
19199
33664
19200
33663
19202
32163
19210
19201
39264
38783
19203
33666
19204
33665
19206
32181
19234
19205
19207
33668
19208
33667
19226
32199
19318
19209
39266
38785
19211
33670
19212
32217
19214
33669
19222
19213
39268
38787
19215
33672
19216
33655
19218
19217
39270
38789
19219
33674
19220
19221
39272
38791
19223
33676
19224
19225
39274
38793
19227
33678
19228
33677
19230
19229
39276
38799
19231
33680
19232
33679
19246
19233
39278
38795
19235
33682
19236
33681
19238
19237
39280
38797
19239
33684
19240
33675
19242
19241
39282
38801
19243
33686
19244
19245
39284
38803
19247
33688
19248
33687
19250
19249
39286
38809
19251
33690
19252
33689
19266
19253
39288
38805
19255
33692
19256
33691
19258
19257
39290
38807
19259
33694
19260
33685
19262
19261
39292
38811
19263
33696
19264
19265
19267
33698
19268
33697
19270
19269
39294
39193
19271
33700
19272
33699
19290
19273
39296
39153
19275
33702
19276
33701
19286
19277
39298
39163
39165
39300
39107
19279
33704
19280
32219
33695
19282
19281
39302
38907
39113
39123
19283
33706
19284
19285
39304
38813
19287
33708
19288
19289
39306
38815
19291
33710
19292
33709
19294
19293
39308
38821
19295
33712
19296
33711
19310
19297
39310
38817
19299
33714
19300
32237
33713
19302
19301
38917
38933
39312
38819
19303
33716
19304
33707
19306
19305
39314
38823
19307
33718
19308
19309
39316
38825
19311
33720
19312
33719
19314
19313
39318
38831
19315
33722
19316
33721
19330
19317
39320
38827
19319
33724
19320
32255
33723
19322
19321
38929
38915
39322
38829
19323
33726
19324
33717
19326
19325
39324
38833
19327
33728
19328
32275
19338
19329
39326
38835
19331
33730
19332
33729
19334
32285
19333
39328
38847
19335
33732
19336
32295
33731
19350
19337
39330
38837
19339
33734
19340
32305
32273
19342
33733
19362
19341
38931
38911
39332
38839
19343
33736
19344
33727
19346
19345
39334
38845
39135
39119
19347
33738
19348
19349
39336
38849
19351
33740
19352
19353
39338
38851
19355
33742
19356
33741
19358
19357
39340
38863
19359
33744
19360
33743
19374
19361
39342
38859
19363
33746
19364
33745
19366
19365
39079
39133
39344
38861
19367
33748
19368
33739
19370
19369
39346
38865
19371
33750
19372
19373
39348
38877
19375
33752
19376
33751
19378
19377
39350
38867
19379
33754
19380
33753
19382
19381
39352
38873
19383
33756
19384
33755
19386
19385
39073
39077
39354
38875
19387
33758
19388
33749
19390
19389
39356
38879
19391
33760
19392
32307
19402
19393
39358
38895
19395
33762
19396
33761
19398
32317
19397
39360
38881
19399
33764
19400
32327
19406
33763
19414
19401
39362
38883
19403
33766
19404
32337
33765
19591
19405
39071
39101
39364
38885
19407
33768
19408
33759
19410
19409
39366
38893
39069
39093
19411
33770
19412
19413
39368
38897
19415
33772
19416
39370
38899
19417
39372
19418
19419
33774
19420
33773
19422
19421
19423
33775
33776
19424
38901
19425
39374
19426
39376
38903
19427
33778
19428
33777
19430
39378
39380
19429
38979
38981
39382
38905
19431
33780
19432
33771
19434
19433
39384
38909
19435
33782
19436
39386
38923
19437
39388
19438
19439
33784
19440
33783
19442
19441
19443
33785
33786
19444
38913
19445
39390
19446
39392
38919
19447
33788
19448
33787
19450
39394
39396
19449
39027
38985
39398
38921
19451
33790
19452
33781
19454
19453
39400
38925
19455
33792
19456
32339
39402
38939
19457
39404
19458
19459
33794
19460
33793
19462
32349
19466
19461
19463
33795
33796
19464
32359
38927
19465
39406
38935
19467
32369
33798
19468
33797
19478
39408
39410
39412
19470
39033
38987
19469
39414
38937
38947
19471
33800
19472
33791
19474
19473
19475
33802
19476
19477
39416
38941
19479
33804
19480
39418
38951
19481
39420
19482
19483
33806
19484
33805
19486
19485
19487
33807
33808
19488
38945
39422
19490
19489
39424
38949
39426
38959
19491
33810
19492
33809
19494
19493
19495
33812
19496
33803
19498
19497
39428
38953
19499
33814
19500
39430
38963
19501
39432
19502
19503
33816
19504
33815
19506
19505
19507
33817
33818
19508
38957
39434
19510
19509
39436
38961
39438
38971
19511
33820
19512
33819
19514
19513
19515
33822
19516
33813
19518
19517
39440
38965
19519
33824
19520
32371
19534
39442
38975
19521
39444
19522
19523
33826
19524
33825
19526
32381
19525
19527
33827
33828
19528
32391
38969
39446
19530
19529
39448
38983
39039
19531
33830
19532
32401
33829
19543
19533
19535
33832
19537
33823
19539
19538
26245
38989
38977
39450
39023
19540
33834
19541
32453
33147
19542
26262
38993
38991
38995
19544
33836
19545
32459
33153
33835
19547
19546
26279
38999
38997
39001
19548
33838
19549
32465
33159
33837
19551
19550
26296
39005
39003
39007
19552
33840
19553
32471
33165
33839
19555
19554
26313
39011
39009
39013
19556
33842
19557
32477
33171
33841
19559
19558
26330
39017
39015
39019
19560
32483
33177
33844
19561
33843
19563
39025
39021
19562
26347
39055
19564
33183
33846
19565
32489
19567
33845
19587
39139
39061
19566
26364
39043
19568
33189
33848
19569
32495
19571
33847
19579
39452
39141
39129
19570
39454
39456
19572
32497
33850
19573
39458
39460
19575
39047
39037
39051
39462
39083
39041
39081
19574
19576
33852
19577
39045
19578
39057
19580
33854
19581
39145
19536
33833
19583
19582
19584
33856
19585
19586
19588
33858
19589
33855
19595
39464
19590
19592
33860
19593
19594
19596
33859
33862
19597
19599
39466
39147
39465
39239
39468
19603
39059
39049
19598
19600
33864
19601
19602
19604
33866
19605
33863
19607
19615
19606
19608
33868
19609
39470
39063
39472
39474
39476
19611
39065
19610
39053
39478
39067
39480
39075
19612
33870
19613
33867
19619
39095
19614
19616
33872
19617
39482
39091
19618
19620
33874
19621
33871
19623
19635
39484
19622
19624
33876
19625
39486
39488
39490
39492
39494
19627
19626
39496
39087
39498
39500
19631
39502
39125
39504
39089
39143
39506
39097
19628
33878
19629
33875
19643
19630
19632
33880
19633
33851
39099
19634
39085
19636
33882
19637
33879
19639
39508
39510
39512
39514
19647
19638
39516
39103
19640
33884
19641
39518
39105
19642
19644
33886
19645
19646
39520
39111
19648
33888
19649
33887
19651
39522
19650
39524
39526
39115
19652
33890
19653
33889
19655
19654
39528
39117
19656
33892
19657
33891
19659
39530
19658
39532
39121
19660
33894
19661
33893
19663
39109
19662
39127
19664
33896
19665
33895
19667
19666
39131
19668
33898
19669
33897
19671
19743
39137
19670
19672
33900
19673
33899
19675
39534
19683
39149
19674
19676
33902
19677
33885
19679
39536
39157
19678
19680
33904
19681
39538
19682
39540
39151
19684
33906
19685
33905
19687
19686
39542
39544
39159
19688
33908
19689
33907
19691
39546
19690
39548
39187
19692
33910
19693
33909
19695
19694
39161
39550
19696
33912
19697
33911
19699
39155
39552
19698
39167
19700
33914
19701
33913
19703
19702
39175
19704
33916
19705
33915
19711
39554
39173
19706
39556
19707
19708
33918
19709
33917
19719
39169
19710
19712
33920
19713
33903
19715
39558
39171
19714
19716
33922
19717
19718
39177
19720
33924
19721
33923
19723
19722
39560
39181
19724
33926
19725
33925
19727
19726
39183
19728
33928
19729
33927
19731
19730
39185
19732
33930
19733
33929
19735
39179
19734
39189
19736
33932
19737
33931
19739
39562
19738
39191
19740
33934
19741
33933
19755
39564
39219
19742
19744
33936
19745
33935
19747
39566
39568
39221
19746
19748
33938
19749
33921
19751
39227
19750
19752
33940
19753
19754
39229
19756
33942
19757
33941
19759
19758
39570
39231
19760
33944
19761
33943
19763
19762
39233
19764
33946
19765
33945
19767
19766
39572
39235
39574
39576
19779
19768
33948
19769
33947
19771
39463
39578
19770
39580
39237
19772
33950
19773
33949
19775
19774
39582
39243
19776
33952
19777
33951
19791
39584
39241
19778
19780
33954
19781
33953
19783
39207
19782
19784
33956
19785
33939
19787
39209
19786
19788
33958
19789
19790
39586
39245
19792
33960
19793
33959
19795
19794
39588
39299
39590
19796
33962
19797
33961
19799
19798
39211
19800
33964
19801
33963
19803
19802
39197
39592
39594
19815
19804
33966
19805
33965
19807
39455
19806
39596
39195
19808
33968
19809
33967
19811
19810
39598
39201
19812
33969
33970
19813
39199
19814
19816
33972
19817
33971
19819
19818
19820
33974
19821
33957
19823
19822
19824
33976
19825
19826
39600
19827
19828
33977
33978
19829
39205
19830
39602
19831
19832
33979
33980
19833
39203
19834
39604
19835
19836
33981
33982
19837
39249
19838
39606
19839
19840
33983
33984
19841
39247
19842
39608
19843
19844
33985
33986
19845
39215
19846
39610
19847
19848
33987
33988
19849
19851
39217
39459
39213
39225
39612
39223
19850
19852
33990
19853
33989
19855
19854
19856
33992
19859
33975
19857
19860
39614
19861
19862
33995
19863
33853
19864
39616
19865
19866
33997
19867
33996
19869
33857
20615
19868
19870
33999
19871
33861
33998
19872
39618
39620
39622
39624
19873
19874
34001
19875
33865
34000
19876
39626
39628
39630
39632
19877
19878
34003
19879
34002
19881
33869
19880
19882
34005
19883
33873
19885
34004
19905
19858
19884
19886
34007
19887
33877
19889
34006
19901
19888
19890
34009
19891
34008
19897
33881
19927
19892
39634
39636
19893
19894
34011
19895
33994
33993
19896
19898
34013
19899
19900
19902
34015
19903
19904
19906
34017
19907
34016
19909
19908
19910
34019
19911
34018
19913
19912
19914
34021
19915
34020
19917
19916
19918
34023
19919
34022
19921
19928
19920
19922
34025
19923
34024
19925
19924
19926
34027
19929
34026
19943
19930
39638
39640
19931
19932
34030
19933
34028
19935
34029
19965
19934
19936
34032
19937
34014
19939
19938
19940
34034
19941
19942
19944
34036
19945
34035
19947
19946
19948
34038
19949
34037
19951
19950
19952
34040
19953
34039
19955
19954
19956
34042
19957
34041
19959
19966
19958
19960
34044
19961
34043
19963
19962
19964
34046
19967
34045
19981
19968
39642
39644
19969
19970
34049
19971
34047
19973
34048
20003
19972
19974
34051
19975
34033
19977
19976
19978
34053
19979
19980
19982
34055
19983
34054
19985
19984
19986
34057
19987
34056
19989
19988
19990
34059
19991
34058
19993
19992
19994
34061
19995
34060
19997
20004
19996
19998
34063
19999
34062
20001
20000
20002
34065
20005
34064
20019
20006
39646
39648
20007
20008
34068
20009
34066
20011
34067
20041
20010
20012
34070
20013
34052
20015
20014
20016
34072
20017
20018
20020
34074
20021
34073
20023
20022
20024
34076
20025
34075
20027
20026
20028
34078
20029
34077
20031
20030
20032
34080
20033
34079
20035
20042
20034
20036
34082
20037
34081
20039
20038
20040
34084
20043
34083
20057
20044
39650
39652
20045
20046
34087
20047
34085
20049
34086
20079
20048
20050
34089
20051
34071
20053
20052
20054
34091
20055
20056
20058
34093
20059
34092
20061
20060
20062
34095
20063
34094
20065
20064
20066
34097
20067
34096
20069
20068
20070
34099
20071
34098
20073
20080
20072
20074
34101
20075
34100
20077
20076
20078
34103
20081
34102
20095
20082
39654
39656
20083
20084
34106
20085
34104
20087
34105
20117
20086
20088
34108
20089
34090
20091
20090
20092
34110
20093
20094
20096
34112
20097
34111
20099
20098
20100
34114
20101
34113
20103
20102
20104
34116
20105
34115
20107
20106
39658
20121
20108
34118
20109
34117
20111
20118
20110
20112
34120
20113
34119
20115
20114
20116
34122
20119
34121
20133
20120
20122
34125
20123
34123
20125
34124
20595
20124
20126
34127
20127
34109
20129
20128
20130
34129
20131
33883
20132
20134
34131
20135
34130
20137
33901
20136
20138
34133
20139
34132
20141
33919
20140
20142
34135
20143
33937
20145
34134
20149
20144
20146
33955
20155
34137
20147
34136
20711
20156
20148
20150
34139
20151
34138
20153
33973
20343
20379
20152
20154
34141
20157
34140
20175
33991
20158
39660
39662
20159
20160
34144
20161
34142
20171
34143
20271
20307
34010
20162
39664
39666
20163
20164
34146
20165
34128
20167
20166
20168
34148
20169
20170
20172
34150
20173
20174
20176
34152
20177
34151
20179
20178
20180
34154
20181
34153
20183
20182
20184
34156
20185
34155
20187
20186
20188
34158
20189
34157
20191
20190
20192
34160
20193
34159
20195
20194
20196
34162
20197
34161
20211
20198
39668
39670
20199
20200
34164
20201
34163
20203
20202
20204
34166
20205
34149
20207
20206
20208
34168
20209
20210
20212
34170
20213
34169
20215
20214
20216
34172
20217
34171
20219
20218
20220
34174
20221
34173
20223
20222
20224
34176
20225
34175
20227
20226
20228
34178
20229
34177
20231
20230
20232
34180
20233
34179
20247
20234
39672
39674
20235
20236
34182
20237
34181
20239
20238
20240
34184
20241
34167
20243
20242
20244
34186
20245
20246
20248
34188
20249
34187
20251
20250
20252
34190
20253
34189
20255
20254
20256
34192
20257
34191
20259
20258
20260
34194
20261
34193
20263
20262
20264
34196
20265
34195
20267
20266
20268
34198
20269
34197
20283
20270
20272
34200
20273
34199
20275
20274
20276
34202
20277
34185
20279
20278
20280
34204
20281
20282
20284
34206
20285
34205
20287
20286
20288
34208
20289
34207
20291
20290
20292
34210
20293
34209
20295
20294
20296
34212
20297
34211
20299
20298
20300
34214
20301
34213
20303
20302
20304
34216
20305
34215
20319
20306
20308
34218
20309
34217
20311
20310
20312
34220
20313
34203
20315
20314
20316
34222
20317
20318
20320
34224
20321
34223
20323
20322
20324
34226
20325
34225
20327
20326
20328
34228
20329
34227
20331
20330
20332
34230
20333
34229
20335
20334
20336
34232
20337
34231
20339
20338
20340
34234
20341
34233
20355
20342
20344
34236
20345
34235
20347
20346
20348
34238
20349
34221
20351
20350
20352
34240
20353
20354
20356
34242
20357
34241
20359
20358
20360
34244
20361
34243
20363
20362
20364
34246
20365
34245
20367
20366
20368
34248
20369
34247
20371
20370
20372
34250
20373
34249
20375
20374
20376
34252
20377
34251
20391
20378
20380
34254
20381
34253
20383
20382
20384
34256
20385
34239
20387
20386
20388
34258
20389
34012
20415
20390
20392
34260
20393
34259
20395
34031
20419
20394
20396
34262
20397
34261
20399
34050
20455
20398
20400
34264
20401
34263
20403
34069
20491
20402
20404
34266
20405
34265
20407
34088
20406
20408
34268
20409
34267
20411
34107
20410
20412
34270
20413
34269
20431
34126
20531
20414
20416
34272
20417
34271
20427
34145
20418
20420
34274
20421
34257
20423
20422
20424
34276
20425
20426
20428
34278
20429
20430
20432
34280
20433
34279
20435
20434
20436
34282
20437
34281
20439
20438
20440
34284
20441
34283
20443
20442
20444
34286
20445
34285
20447
20446
20448
34288
20449
34287
20451
20450
20452
34290
20453
34289
20467
20454
20456
34292
20457
34291
20459
20458
20460
34294
20461
34277
20463
20462
20464
34296
20465
20466
20468
34298
20469
34297
20471
20470
20472
34300
20473
34299
20475
20474
20476
34302
20477
34301
20479
39676
39617
20478
20480
34304
20481
34303
20483
39678
39251
20482
20484
34306
20485
34305
20487
39253
20486
20488
34308
20489
34307
20503
39255
39680
20490
20492
34310
20493
34309
20495
39681
39659
39682
39257
20494
20496
34312
20497
34295
20499
20498
39684
39259
20500
34314
20501
32795
20527
20502
39686
39261
20504
34316
20505
34315
20507
32813
20506
39688
39263
20508
34318
20509
34317
20511
32831
20551
20510
39690
39615
20512
34320
20513
34319
20515
32849
20571
20514
39692
39265
20516
34322
20517
34321
20519
32867
20518
39694
39535
20520
34324
20521
34323
20523
32885
20522
39696
39267
20524
34326
20525
34325
20543
32903
20591
20526
39698
39269
20528
34328
20529
32921
34327
20539
20530
39700
39702
39575
39577
39704
39271
20532
34330
20533
34313
20535
20534
39706
39273
39595
39547
20536
34332
20537
20538
39708
39275
20540
34334
20541
20542
39710
39277
20544
34336
20545
34335
20547
20546
39712
39279
20548
34338
20549
34337
20563
20550
39714
39281
20552
34340
20553
34339
20555
20554
39551
39593
39716
39283
20556
34342
20557
34333
20559
20558
39718
39285
20560
34344
20561
20562
39720
39287
20564
34346
20565
34345
20567
20566
39722
39289
20568
34348
20569
34347
20583
20570
39724
39291
20572
34350
20573
34349
20575
20574
39555
39553
39726
39293
20576
34352
20577
34343
20579
20578
39728
39371
20580
34354
20581
20582
39730
39295
20584
34356
20585
34355
20587
20586
39732
39297
20588
34358
20589
34357
20607
20590
39734
39301
20592
34360
20593
34359
20603
20594
39397
39381
39736
39303
20596
34362
20597
32923
34353
20599
20598
39738
39305
39413
39379
20600
34364
20601
20602
39740
39307
20604
34366
20605
20606
39742
39309
20608
34368
20609
34367
20611
20610
39744
39311
20612
34370
20613
34369
20627
20614
39746
39313
20616
34372
20617
32941
34371
20619
20618
39457
39409
39748
39315
20620
34374
20621
34365
20623
20622
39750
39317
20624
34376
20625
20626
39752
39319
20628
34378
20629
34377
20631
20630
39754
39321
20632
34380
20633
34379
20647
20634
39756
39323
39758
39760
20635
20636
34382
20637
32959
34381
20639
20638
39411
39391
39762
39325
20640
34384
20641
34375
20643
20642
39764
39327
20644
34386
20645
32979
20646
39766
39329
20648
34388
20649
34387
20651
32989
20655
20650
39768
39331
20652
34390
20653
32999
20659
34389
20667
20654
39770
39333
20656
34392
20657
32977
33009
34391
20679
20658
39395
39375
39772
39335
20660
34394
20661
34385
20663
20662
39774
39337
39515
39539
20664
34396
20665
20666
39776
39339
20668
34398
20669
20670
39778
39341
39780
39782
39784
20671
20672
34400
20673
34399
20675
20674
39786
39343
20676
34402
20677
34401
20691
20678
39788
39345
20680
34404
20681
34403
20683
20682
39511
39513
39790
39347
20684
34406
20685
34397
20687
20686
39792
39349
20688
34408
20689
20690
39794
39351
20692
34410
20693
34409
20695
20694
39796
39353
20696
34412
20697
34411
20699
20698
39798
39355
20700
34414
20701
34413
20703
20702
39493
39495
39800
39357
20704
34416
20705
34407
20707
20706
39802
39359
20708
34418
20709
33011
20710
39804
39361
20712
34420
20713
34419
20715
33021
20719
20714
39806
39363
20716
34422
20717
33031
34421
20731
20718
39808
39365
20720
34424
20721
33041
20723
34423
20920
20722
39491
39503
39810
39367
20724
34426
20725
34417
20727
20726
39812
39369
39579
39501
20728
34428
20729
20730
39814
39373
20732
34430
20733
39816
39387
20734
39818
20735
20736
34432
20737
34431
20739
20738
20740
34433
34434
20741
39377
20742
39820
20743
39822
39383
20744
34436
20745
34435
20747
39824
39826
20746
39559
39523
39828
39385
20748
34438
20749
34429
20751
20750
39830
39389
20752
34440
20753
39832
39403
20754
39834
20755
20756
34442
20757
34441
20759
20758
20760
34443
34444
20761
39393
20762
39836
20763
39838
39399
20764
34446
20765
34445
20767
39840
39842
20766
39563
39499
39844
39401
20768
34448
20769
34439
20771
20770
39846
39405
20772
34450
20773
33043
39848
39419
20774
39850
20775
20776
34452
20777
34451
20779
33053
20783
20778
20780
34453
34454
20781
33063
39407
20782
39852
39415
20784
33073
34456
20785
34455
20795
39854
39856
20787
39489
39509
20786
39858
39417
39427
20788
34458
20789
34449
20791
20790
20792
34460
20793
20794
39860
39421
20796
34462
20797
39862
39431
20798
39864
20799
20800
34464
20801
34463
20803
20802
20804
34465
34466
20805
39425
39866
20807
20806
39868
39429
39870
39439
20808
34468
20809
34467
20811
20810
20812
34470
20813
34461
20815
20814
39872
39433
20816
34472
20817
39874
39443
20818
39876
20819
20820
34474
20821
34473
20823
20822
20824
34475
34476
20825
39437
39878
20827
20826
39880
39441
39882
39453
20828
34478
20829
34477
20831
20830
20832
34480
20833
34471
20835
20834
39884
39445
20836
34482
20837
33075
39886
39477
20838
39888
20839
20840
34484
20841
34483
20843
33085
20851
20842
20844
34485
34486
20845
33095
39449
39890
20847
20846
39892
39469
20848
33105
34488
20849
34487
20872
39451
39894
39567
39531
20850
20852
34490
20854
34481
20864
20855
26503
20932
39896
20856
20857
33191
34492
20858
33849
21448
39565
39898
39900
20860
20859
27034
39467
39569
20861
34494
20862
27033
20863
27037
39573
20865
34496
20866
20867
27064
39475
39581
20853
34491
20868
20869
34498
20870
27063
20871
27067
39471
20873
34500
20874
34497
20880
39902
39904
20876
20875
27094
39571
39483
20877
34502
20878
27093
20879
27097
39505
20881
34504
20882
34501
20888
39906
39908
20884
20883
27124
39591
39589
20885
34506
20886
27123
20887
27127
39481
20889
34508
20890
34505
20896
39910
39912
20892
20891
27154
39473
39479
20893
34510
20894
27153
20895
27157
39507
20897
34512
20898
34509
20904
39914
39916
20900
20899
27184
39485
39587
20901
34514
20902
27183
20903
27187
39519
20905
34516
20906
34513
20912
39918
39920
20908
20907
27214
39487
39497
20909
34518
20910
27213
20911
27217
39521
39922
39924
20916
39525
20913
34520
20914
34517
20928
20915
27244
20917
34493
27243
34522
20918
39527
39561
20919
27271
39517
20921
34524
20922
34521
20924
27270
20923
27274
39529
20925
34526
20926
20927
27277
39533
39537
20929
34528
20930
20931
27280
39541
20933
34530
20934
34529
20936
20935
27283
20937
34532
20938
34531
20940
39545
20939
27286
39549
20941
34534
20942
34533
20944
20943
27289
20945
34536
20946
34535
20948
39583
20947
27292
39585
20949
34538
20950
34537
20952
20951
27295
20953
34540
20954
34539
20956
20992
39543
20955
27322
39597
20957
34542
20958
34541
20960
27321
20959
27325
39599
20961
34544
20962
34527
20964
20963
27328
39557
39926
20968
39613
20965
34546
20966
20967
27331
39677
20969
34548
20970
34547
20972
20971
27334
20973
34550
20974
34549
20976
39679
20975
27337
39625
20977
34552
20978
34551
20980
20979
27340
20981
34554
20982
34553
20984
39633
20983
27343
39641
39899
39639
20985
34556
20986
34555
20988
20987
27346
20989
34558
20990
34557
21004
20991
27373
21368
20993
34560
20994
34559
20996
27372
20995
27376
39645
20997
34562
20998
34545
21000
20999
27379
39643
39653
21001
34564
21002
21003
27382
39651
21005
34566
21006
34565
21008
21007
27385
21009
34568
21010
34567
21012
39657
21011
27388
39655
21013
34570
21014
34569
21016
21015
27391
21017
34572
21018
34571
21020
39663
21019
27394
39661
39928
21021
34574
21022
34573
21024
21023
27397
21025
34576
21026
34575
21028
21064
39929
21027
27424
39703
21029
34578
21030
34577
21032
27423
21031
27427
39701
21033
34580
21034
34563
21036
21035
27430
39667
39930
39932
39934
21040
21037
34582
21038
21039
27433
39665
21041
34584
21042
34583
21044
21043
27436
39671
21045
34586
21046
34585
21048
21047
27439
39669
21049
34588
21050
34587
21052
21051
27442
39675
21053
34590
21054
34589
21056
21055
27445
39673
39936
21057
34592
21058
34591
21060
21059
27448
39761
39937
39759
21061
34594
21062
34593
21072
21063
27475
21065
34596
21066
34595
21068
27474
21067
27478
39637
21069
34598
21070
34581
21076
21071
27481
39635
21073
34600
21074
21075
27484
39623
21077
34602
21078
34601
21080
21079
27487
39621
21081
34604
21082
34603
21084
21083
27490
39619
21085
34606
21086
34605
21088
21087
27493
39631
21089
34608
21090
34607
21092
21091
27496
39629
21093
34610
21094
34609
21096
21095
27499
39627
39938
21097
34612
21098
34611
21100
21136
39939
21099
27526
39649
21101
34614
21102
34613
21104
27525
21103
27529
39647
21105
34616
21106
34599
21108
21107
27532
39601
39940
39942
39944
39946
21112
21109
34618
21110
21111
27535
39603
21113
34620
21114
34619
21116
21115
27538
39605
21117
34622
21118
34621
21120
21119
27541
39607
21121
34624
21122
34623
21124
21123
27544
39609
21125
34626
21126
34625
21128
21127
27547
39611
21129
34628
21130
34627
21132
21131
27550
39785
39948
21133
34630
21134
34629
21142
39949
21135
27577
39783
21137
34632
21138
34631
21140
27576
21139
27580
39781
21141
34634
21144
34617
21146
21145
27584
39683
21147
34637
21148
34495
21149
27587
39950
21150
21151
34639
21152
34638
21154
34499
21153
27590
21155
34641
21156
34640
21158
34503
21174
21157
27593
21159
34643
21160
34642
21162
34507
21900
21161
27596
21163
34645
21164
34644
21166
34511
21364
21165
27599
21167
34647
21168
34646
21170
34515
21143
21169
27602
21171
34649
21172
34648
21274
34519
21173
27629
21175
34651
21176
34650
21190
34523
27628
21177
27632
21178
21179
34653
21180
34635
21182
34636
21186
21181
27635
21183
34655
21184
21185
27638
21187
34657
21188
21189
27641
21254
21191
34659
21192
34658
21194
39952
39954
21212
21193
27644
21195
34661
21196
34660
21198
21197
27647
21330
21199
34663
21200
34662
21202
21201
27650
39956
21216
21203
34665
21204
34664
21206
21213
21205
27653
21207
34667
21208
34666
21210
21209
27656
21211
34669
21214
34668
21228
21215
27660
21217
34672
21218
34670
21220
34671
21250
21219
27663
21221
34674
21222
34656
21224
21223
27666
21225
34676
21226
21227
27669
21229
34678
21230
34677
21232
21231
27672
21520
21233
34680
21234
34679
21236
21235
27675
21237
34682
21238
34681
21240
21239
27678
21241
34684
21242
34683
21244
21251
21243
27681
21245
34686
21246
34685
21248
21247
27684
21249
34688
21252
34687
21262
21253
27688
21920
21255
34691
21256
34689
21258
34690
21288
21257
27691
21259
34693
21260
34675
21266
21261
27694
21263
34695
21264
21265
27697
21267
34697
21268
34696
21270
21269
27700
21271
34699
21272
34698
21804
21273
27703
21275
34701
21276
34700
21278
21277
27706
39958
21292
21279
34703
21280
34702
21282
21289
21281
27709
21283
34705
21284
34704
21286
21285
27712
21287
34707
21290
34706
21291
27716
21293
34710
21294
34708
21296
34709
21326
21295
27719
21297
34712
21298
34694
21300
21299
27722
21301
34714
21302
21303
27725
21304
21305
34716
21306
34715
21308
21307
27728
21309
34718
21310
34717
21312
21311
27731
21460
21313
34720
21314
34719
21316
21315
27734
21317
34722
21318
34721
21320
21327
21319
27737
21484
21321
34724
21322
34723
21324
21323
27740
21325
34726
21328
34725
21334
21329
27744
21331
34729
21332
34727
21338
34728
21812
21333
27747
21335
34731
21336
34713
21342
21337
27750
21339
34733
21340
21341
27753
21343
34735
21344
34734
21346
21345
27756
21347
34737
21348
34736
21350
21349
27759
21351
34739
21352
34738
21354
21353
27762
21355
34741
21356
34740
21358
21365
21357
27765
21359
34743
21360
34742
21362
21361
27768
21363
34745
21366
34744
21380
21367
27772
21369
34748
21370
34746
21372
34747
21440
21371
27775
21373
34750
21374
34732
21376
21375
27778
21377
34752
21378
21379
27781
21381
34754
21382
34753
21384
21383
27784
21385
34756
21386
34755
21388
21387
27787
21402
21389
34758
21390
34757
21392
21391
27790
21393
34760
21394
34759
21396
21403
21395
27793
21397
34762
21398
34761
21400
21399
27796
21406
21401
34764
21404
34763
21418
21405
27800
21407
34767
21408
34765
21410
34766
21409
27803
21411
34769
21412
34751
21414
21413
27806
21415
34771
21416
34525
21417
27809
21444
21419
34773
21420
34772
21422
34543
21421
27812
21423
34775
21424
34561
21426
34774
21434
21425
27815
21427
34777
21428
34776
21430
34579
21429
27818
21808
21431
34779
21432
34597
34778
21441
21433
27821
21435
34781
21436
34780
21438
34615
21437
27824
21439
34783
21442
34633
21456
34782
21496
21443
27828
21445
34786
21446
34785
21628
21664
34784
34652
21447
27831
21449
34788
21450
34770
21452
21451
21453
34790
21454
39960
21464
21455
28569
21457
34792
21458
21459
28572
21461
34794
21462
34793
21784
21463
28575
21880
21465
34796
21466
34795
21468
21467
28578
21469
34798
21470
34797
21472
21471
28581
21473
34800
21474
34799
21476
21475
28584
21477
34802
21478
34801
21480
21479
28587
21481
34804
21482
34803
21488
21483
28590
21828
21485
34806
21486
34805
21487
21489
34808
21490
34791
21492
21491
28628
21493
34810
21494
21495
28631
21497
34812
21498
34811
21500
21499
28634
21501
34814
21502
34813
21504
21503
28637
21505
34816
21506
34815
21508
21507
28640
21509
34818
21510
34817
21512
21511
28643
21856
21513
34820
21514
34819
21516
21515
28646
21517
34822
21518
34821
21788
21519
28649
21532
21521
34824
21522
34823
21524
21523
21525
34826
21526
34809
21528
21527
28687
21529
34828
21530
21531
28690
21533
34830
21534
34829
21536
21535
28693
21537
34832
21538
34831
21540
21539
28696
21541
34834
21542
34833
21544
21543
28699
21545
34836
21546
34835
21548
21547
28702
21549
34838
21550
34837
21552
21551
28705
21553
34840
21554
34839
21568
21555
28708
21556
21557
34842
21558
34841
21560
21559
21561
34844
21562
34827
21564
21563
28746
21565
34846
21566
21567
28749
21569
34848
21570
34847
21572
21571
28752
21592
21573
34850
21574
34849
21576
21575
28755
21577
34852
21578
34851
21580
21579
28758
21581
34854
21582
34853
21584
21583
28761
21585
34856
21586
34855
21588
21587
28764
21589
34858
21590
34857
21600
21591
28767
21593
34860
21594
34859
21596
21595
21597
34862
21598
34845
21604
21599
28805
21601
34864
21602
21603
28808
21605
34866
21606
34865
21608
21607
28811
21609
34868
21610
34867
21612
21611
28814
21613
34870
21614
34869
21616
21615
28817
21617
34872
21618
34871
21620
21619
28820
21964
21621
34874
21622
34873
21624
21623
28823
21625
34876
21626
34875
21640
21627
28826
21629
34878
21630
34877
21632
21631
21633
34880
21634
34863
21636
21635
28864
21637
34882
21638
21639
28867
21641
34884
21642
34883
21644
21643
28870
21645
34886
21646
34885
21648
21647
28873
21649
34888
21650
34887
21652
21651
28876
21653
34890
21654
34889
21656
21655
28879
21836
21657
34892
21658
34891
21660
21659
28882
21661
34894
21662
34893
21676
21663
28885
21665
34896
21666
34895
21668
21667
21669
34898
21670
34881
21672
21671
28923
21673
34900
21674
34654
21844
21675
28926
21677
34902
21678
34901
21680
34673
21740
21679
28929
21681
34904
21682
34903
21684
34692
21700
21683
28932
21685
34906
21686
34905
21688
34711
21704
21687
28935
21689
34908
21690
34907
21692
34730
21691
28938
21776
21693
34910
21694
34909
21696
34749
21695
28941
21697
34912
21698
34911
21716
34768
21699
28944
21824
21701
34914
21702
34913
21708
34787
21796
21703
21705
34916
21706
34899
21712
21707
21709
34918
21710
21711
21713
34920
21714
21715
21717
34922
21718
34921
21720
21719
21721
34924
21722
34923
21724
21723
21725
34926
21726
34925
21728
21727
21729
34928
21730
34927
21732
21731
21733
34930
21734
34929
21736
21735
21737
34932
21738
34931
21752
21739
21741
34934
21742
34933
21744
21743
21745
34936
21746
34919
21748
21747
21749
34938
21750
21751
21753
34940
21754
34939
21756
21755
21757
34942
21758
34941
21760
21759
21761
34944
21762
34943
21764
21763
21765
34946
21766
34945
21768
21767
21769
34948
21770
34947
21772
21771
21773
34949
34950
21774
39951
39817
21775
21777
34952
21778
34951
21780
39837
39821
21779
21781
34937
34954
21782
39962
39685
39687
21783
21785
34956
21786
33489
21787
21789
33507
34958
21790
34957
21792
39689
21791
21793
34959
34960
21794
33525
39691
21795
21797
33543
34962
21798
34961
21800
39693
21799
21801
34963
34964
21802
33561
39695
21803
21805
33579
34965
34966
21806
39697
39699
21807
21809
34968
21810
34967
33597
21811
21813
34969
33615
34970
21814
21816
39705
39843
39827
39707
21815
21817
34972
21818
34955
21820
39964
39709
39857
39841
21819
39711
21821
34974
21822
21823
21825
34976
21826
39713
21827
21829
34978
21830
34977
21832
39715
21831
21833
34980
21834
34979
21840
21835
39966
39717
21837
34982
21838
34981
21848
21839
39905
39855
39968
39719
21841
34984
21842
34975
21976
21843
39970
39721
21845
34986
21846
21847
39972
39723
21849
34988
21850
34987
21852
21851
39974
39725
21853
34990
21854
34989
21868
21855
39976
39727
21857
34992
21858
34991
21860
21859
39909
39825
39978
39729
21861
34994
21862
34985
21864
21863
39980
39731
21865
34996
21866
21867
39982
39733
21869
34998
21870
34997
21872
21871
39984
39735
21873
35000
21874
34999
21892
21875
39986
21876
39988
39737
21877
35002
21878
35001
21884
39990
21879
39917
39907
39992
39739
21881
35004
21882
33617
34995
21888
21883
39994
39741
39915
39913
21885
35006
21886
21887
39996
39743
21889
35008
21890
21891
39998
39745
21893
35010
21894
35009
21896
21895
40000
39747
21897
35012
21898
35011
21912
21899
40002
39749
21901
35014
21902
33635
35013
21904
21903
39919
39921
40004
39751
21905
35016
21906
35007
21908
21907
40006
39753
21909
35018
21910
21911
40008
39755
21913
35020
21914
35019
21916
21915
40010
39757
21917
35022
21918
35021
21932
21919
40012
39763
21921
35024
21922
33653
35023
21924
21923
39923
39925
40014
39765
21925
35026
21926
35017
21928
21927
40016
39767
21929
35028
21930
33673
21940
21931
40018
39769
21933
35030
21934
35029
21936
33683
21935
40020
39771
21937
35032
21938
33693
35031
21956
21939
40022
39773
21941
35034
21942
33703
33671
21944
35033
21952
21943
39911
39903
40024
39775
21945
35036
21946
35027
21948
21947
40026
39777
39947
39955
21949
35038
21950
21951
40028
39779
21953
35040
21954
21955
40030
39787
21957
35042
21958
35041
21960
21959
40032
39789
21961
35044
21962
35043
21984
21963
40034
39791
21965
35046
21966
35045
21968
21967
39943
39945
40036
39793
21969
35048
21970
35039
21972
21971
40038
39795
21973
35050
21974
21975
40040
39797
21977
35052
21978
35051
21980
21979
40042
39799
21981
35054
21982
35053
22136
21983
40044
39801
21985
35056
21986
35055
21988
21987
39933
39935
40046
39803
21989
35058
21990
35049
21992
21991
40048
39805
21993
35060
21994
33705
22068
21995
40050
21996
21997
35061
35062
21998
33715
22004
39807
40052
39809
21999
40054
22000
22001
35064
22002
35063
33725
22003
22005
35065
35066
22006
22016
33735
39811
40056
40058
22007
40060
22008
39991
39963
40062
39813
22009
35068
22010
35059
22012
40064
22011
40066
39815
39961
39987
22013
35070
22014
22015
40068
39819
22017
35072
22018
22019
40070
22020
22021
35073
35074
22022
39833
40072
39823
22023
40074
22024
22025
35076
22026
35075
40076
22028
22027
22029
35077
35078
22030
22032
39829
40078
40080
22031
39953
39957
40082
39831
22033
35080
22034
35071
22036
22035
40084
39835
22037
35082
22038
22039
40086
22040
22041
35083
35084
22042
40088
22044
39849
22043
22045
35085
35086
22046
39839
40090
22048
22047
22049
35087
35088
22050
40092
22052
39845
40094
22051
39965
39959
40096
39847
22053
35090
22054
35081
22056
22055
40098
39851
22057
35092
22058
33737
40100
39863
22059
40102
22060
22061
35094
22062
35093
22064
33747
22063
22065
35095
35096
22066
33757
22241
39853
22067
40104
39859
40106
22069
35098
22070
35097
22080
33767
22281
40108
40110
22072
39931
39941
22071
40112
39861
39871
22073
35100
22074
35091
22076
22075
22077
35102
22078
22079
40114
39865
22081
35104
22082
40116
39875
22083
40118
22084
22085
35106
22086
35105
22088
22087
22089
35107
35108
22090
39869
40120
22092
22091
40122
39873
40124
39883
22093
35110
22094
35109
22096
22095
22097
35112
22098
35103
22100
22099
40126
39877
22101
35114
22102
22103
40128
22104
22105
35115
35116
22106
39887
40130
39881
22107
40132
22108
22109
35118
22110
35117
22116
40134
22112
22111
22113
35119
35120
22114
39885
40136
39895
22115
22117
35122
22118
35113
22120
22119
40138
39889
22121
35124
22122
33769
22277
22123
40140
22124
22125
35125
35126
22126
33779
39927
40142
39893
22127
40144
22128
22129
35128
22130
33789
22169
35127
40146
22132
22131
40148
39897
22133
35130
22134
33799
22205
35129
22135
22137
35132
22139
35123
22357
22140
28566
22141
22142
35134
22143
22144
28625
22145
22146
35136
22147
35135
22149
22148
28684
22150
35138
22151
35137
22152
28743
22153
22154
35140
22155
35139
22157
22156
28802
22158
35142
22159
35141
22160
28861
22161
22162
35144
22163
35143
22165
22164
28920
22166
35146
22167
35145
22168
28979
22173
22170
35148
22171
35147
22172
22174
35150
22175
22176
29961
22177
22178
35152
22179
22180
29964
22181
22182
35154
22183
35153
22185
22184
29967
22601
22186
35156
22187
35155
22189
22188
29970
22385
22190
35158
22191
35157
22193
22192
29973
22194
35160
22195
35159
22309
22196
29976
22197
22198
35162
22199
35161
22201
22200
29979
22297
22301
22202
35164
22203
35163
22213
22204
29982
22206
35166
22207
35165
22209
22208
22210
35168
22211
35151
22212
30020
22345
22214
35170
22215
22216
30023
22217
22218
35172
22219
35171
22221
22220
30026
22222
35174
22223
35173
22225
22224
30029
22273
22226
35176
22227
35175
22229
22228
30032
22233
22230
35178
22231
35177
22232
30035
22234
35180
22235
35179
22237
22236
30038
22238
35182
22239
35181
22253
22240
30041
22242
35184
22243
35183
22245
22244
22246
35186
22247
35169
22249
22248
30079
22250
35188
22251
34147
34789
22252
30082
22254
35190
22255
35189
22261
34807
34165
22321
22256
30085
22257
22258
35192
22259
35191
22265
34183
34825
22260
30088
22262
35194
22263
34201
35193
34843
22264
30091
22266
35196
22267
35195
22269
34861
34219
22365
22268
30094
22270
35198
22271
34237
34879
35197
22325
22272
30097
22274
35200
22275
35199
22285
34897
22317
34255
22276
30100
22333
22341
22278
35202
22279
35201
22293
34915
34273
22280
22282
35204
22283
35187
22289
22284
22286
35206
22287
22288
22290
35208
22291
22292
22294
35209
35210
22295
40053
22296
22298
35211
35212
22299
39967
39969
22300
22302
35214
22303
35213
22305
40077
40059
22304
22306
35207
35216
22307
39971
39973
22308
22310
35218
22311
22312
22138
35133
22313
22314
35219
35220
22315
39975
22316
22318
35221
35222
22319
39977
22320
22322
35223
35224
22323
39979
40057
40081
39981
22324
22326
35226
22327
35217
22329
39983
22328
22330
35228
22331
39985
22332
22334
35230
22335
35229
22337
22336
22338
35231
35232
22339
39989
39993
22340
22342
35234
22343
35233
22349
40095
40079
22344
39995
22346
34275
35236
22347
35227
22353
39997
40065
40091
22348
39999
22350
35238
22351
22352
22354
35240
22355
40001
22356
22358
35242
22359
35241
22361
40003
22360
22362
35244
22363
35243
22369
22364
40005
22366
34293
35246
22367
35245
22377
40109
40111
40007
22368
22370
35248
22371
35239
22373
40009
22372
22374
35250
22375
40011
22376
22378
35252
22379
35251
22381
40013
22380
22382
35254
22383
35253
22397
22384
40015
22386
34311
35256
22387
35255
22389
40061
40107
40017
22388
22390
35258
22391
35249
22393
40019
22392
22394
35260
22395
34331
22429
40021
22396
22398
35262
22399
35261
22401
34341
22405
40023
22400
22402
35264
22403
35263
22421
34351
22678
40025
22404
22406
35266
22407
34329
22409
35265
22413
34361
22449
40027
22408
22410
35268
22411
35259
22417
40029
22412
40031
22414
35270
22415
22416
22418
35272
22419
40033
22420
22422
35274
22423
35273
22425
22424
40150
40035
22426
35276
22427
35275
22441
22428
40152
40037
22430
35278
22431
35277
22433
22432
40154
40039
22434
35280
22435
35271
22437
22436
40156
40041
22438
35282
22439
22440
40158
40043
22442
35284
22443
35283
22445
22444
40160
40045
22446
35286
22447
35285
22461
22448
40162
40047
22450
35288
22451
35287
22453
22452
40164
40049
22454
35290
22455
35281
22457
22456
40166
40051
22458
35292
22459
34363
22469
22460
40168
40055
22462
35294
22463
35293
22465
34373
22473
22464
40170
40073
22466
35296
22467
35295
22485
34383
22493
22468
40172
40063
22470
35298
22471
35297
22481
34393
22513
22472
40174
40067
22474
35300
22475
35291
22477
22476
40176
40069
22478
35302
22479
22480
40178
40071
22482
35304
22483
22484
40180
40075
22486
35306
22487
35305
22489
22488
40182
40089
22490
35308
22491
35307
22505
22492
40184
40083
22494
35310
22495
35309
22497
22496
40186
40085
22498
35312
22499
35303
22501
22500
40188
40087
22502
35314
22503
22504
40190
40101
22506
35316
22507
35315
22509
22508
40192
40093
22510
35318
22511
35317
22525
22512
40194
40097
22514
35320
22515
35319
22517
22516
40196
40099
22518
35322
22519
35313
22521
22520
40198
40103
22522
35324
22523
34395
22658
22524
40200
40117
22526
35326
22527
35325
22529
34405
22533
22528
40202
40105
22530
35328
22531
35327
22549
34415
22532
40204
40113
22534
35330
22535
35329
22545
34425
40206
22537
22536
40208
40115
40125
22538
35332
22539
35323
22541
22540
22542
35334
22543
22544
40210
40119
22546
35336
22547
22548
40212
40131
22550
35338
22551
35337
22553
22552
40214
40123
22554
35340
22555
35339
22569
40216
22557
22556
40218
40127
40220
40137
22558
35342
22559
35341
22561
22560
22562
35344
22563
35335
22565
22564
40222
40129
22566
35346
22567
22568
40224
40133
22570
35348
22571
35347
22573
22572
40226
40143
22574
35350
22575
35349
22589
40228
22577
22576
40230
40139
40232
40149
22578
35352
22579
35351
22581
22580
22582
35354
22583
35345
22585
22584
40234
40141
22586
35356
22587
34427
22682
22588
40236
40145
22590
35358
22591
35357
22593
34437
22638
22592
22594
35360
22595
34447
22618
35359
22630
40238
22597
22596
22598
35362
22599
35361
22610
34457
22600
22602
35364
22604
35355
22606
22605
29958
22770
22607
35366
22608
22609
30017
22611
35368
22612
35367
22614
22613
30076
22714
22615
35370
22616
35369
22626
22617
30135
22619
35372
22620
35371
22622
22621
22623
35374
22624
22625
31121
22798
22627
35376
22628
22629
31124
22762
22631
35378
22632
35377
22634
22633
31127
22635
35380
22636
35379
22650
22637
31130
22639
35382
22640
35381
22642
22641
22643
35384
22644
35375
22646
22645
31152
22670
22647
35386
22648
22649
31155
22734
22651
35388
22652
35387
22654
22653
31158
22655
35390
22656
35389
22657
31161
22874
22659
35392
22660
35391
22662
22661
22663
35394
22664
35385
22666
22665
31183
22667
35396
22668
22669
31186
22671
35398
22672
35397
22674
22673
31189
22758
22675
35400
22676
35399
22694
22677
31192
22679
35402
22680
35401
22690
22681
22683
35404
22684
35395
22686
34917
22685
22687
35406
22688
22689
22691
35408
22692
22693
22695
35410
22696
35409
22698
22697
22699
35412
22700
35411
22702
22701
22703
35414
22704
35413
22706
34935
22722
22705
22707
35416
22708
35407
22710
22709
22711
35418
22712
22713
22715
35420
22716
35419
22718
22717
22719
35422
22720
35421
22730
22721
22723
35424
22724
35423
22726
34953
22778
22725
22727
35426
22728
35417
22729
22731
35428
22732
34973
22733
22735
35430
22736
35429
22738
34983
22742
22737
22739
35432
22740
35431
34993
22786
22741
22743
35434
22744
35003
22746
35433
22754
34971
22745
22747
35436
22748
35427
22750
22749
22751
35438
22752
22753
22755
35440
22756
22757
22759
35441
35442
22760
40151
22761
22763
35443
35444
22764
40153
22765
40240
22766
22767
35445
35446
22768
40155
40157
22769
22771
35448
22772
35439
22774
40159
22773
22775
35450
22776
40161
22777
22779
35452
22780
35451
22782
40163
22781
22783
35454
22784
35453
22794
40165
22785
22787
35456
22788
35455
22790
22789
22791
35449
35458
22792
40167
40169
22793
22795
35460
22796
35005
22830
40171
22797
22799
35462
22800
35461
22802
35015
22806
40173
22801
22803
35464
22804
35463
22822
35025
22850
22603
35365
40175
22805
22807
35466
22808
35035
22810
35465
22818
40177
22809
22811
35468
22812
35459
22814
40179
22813
40181
22815
35470
22816
22817
22819
35472
22820
40183
22821
22823
35474
22824
35473
22826
22825
40242
40185
22827
35476
22828
35475
22842
22829
40244
40187
22831
35478
22832
35477
22834
22833
40246
40189
22835
35480
22836
35471
22838
22837
40248
40191
22839
35482
22840
22841
40250
40193
22843
35484
22844
35483
22846
22845
40252
40195
22847
35486
22848
35485
22862
22849
40254
40197
22851
35488
22852
35487
22854
22853
40256
40199
22855
35490
22856
35481
22858
22857
40258
40201
22859
35492
22860
35037
23103
22861
40260
40203
22863
35494
22864
35493
22866
35047
22865
40262
40205
22867
35496
22868
35057
22870
35495
22886
22869
40264
40209
22871
35498
22872
35497
22882
35067
22873
40266
40211
40221
22875
35500
22876
35491
22878
22877
22879
35502
22880
22881
40268
40213
22883
35504
22884
22885
40270
40215
22887
35506
22888
35505
22890
22889
40272
40219
22891
35508
22892
35507
22906
40274
22894
22893
40276
40223
40278
40233
22895
35510
22896
35509
22898
22897
22899
35512
22900
35503
22902
22901
40280
40225
22903
35514
22904
22905
40282
40227
22907
35516
22908
35515
22910
22909
40284
40231
22911
35518
22912
35517
22926
40286
22914
22913
40288
40235
40290
40241
22915
35520
22916
35519
22918
22917
22919
35522
22920
35513
22922
22921
40292
40237
22923
35524
22924
35069
22925
22927
35526
22928
35525
22930
35079
22929
22931
35528
22932
35527
22967
35089
22995
40294
22934
22933
40296
22938
22935
35530
22936
35529
22947
35099
22955
22937
22939
35532
22941
35523
22943
22942
31118
22987
22944
35534
22945
22946
31149
23115
22948
35536
22949
35535
22951
22950
31180
22952
35538
22953
35537
22963
22954
31211
23031
22956
35540
22957
35539
22959
35149
22975
22958
22960
35542
22961
22962
31361
22964
35544
22965
22966
31364
22968
35546
22969
35545
22971
22970
31367
22972
35548
22973
35547
22983
22974
31370
22976
35550
22977
35549
22979
35167
22978
22980
35552
22981
35543
22982
31392
22984
35554
22985
22986
31395
22988
35556
22989
35555
22991
22990
31398
22992
35558
22993
35557
23007
22994
31401
22996
35560
22997
35559
22999
35185
23059
22998
23000
35562
23001
35553
23003
23002
31423
23071
23004
35564
23005
35373
23015
35205
23079
23006
31426
23008
35566
23009
35565
23011
35215
23039
35383
23123
23010
31429
23012
35568
23013
35567
35225
35393
23167
23014
31432
23016
35570
23017
35403
23019
35569
23023
35235
23083
35203
23018
23020
35572
23021
35563
23027
23022
23024
35574
23025
23026
23028
35576
23029
23030
23032
35578
23033
35577
23035
23034
23036
35580
23037
35579
23051
23038
23040
35582
23041
35581
23043
23042
23044
35584
23045
35575
23047
23046
23048
35586
23049
23050
23052
35588
23053
35587
23055
23054
23056
35590
23057
35589
23058
23060
35592
23061
35591
23063
23062
23064
35594
23065
35585
23067
23066
23068
35596
23069
35237
23268
23070
23072
35598
23073
35597
23075
35247
23074
23076
35600
23077
35599
23095
35257
23143
23078
23080
35602
23081
35601
23091
35267
23147
23082
23084
35604
23085
35595
23087
23086
23088
35606
23089
23090
23092
35608
23093
40243
23094
23096
35610
23097
35609
23099
23098
23100
35611
35612
23101
40245
40247
23102
23104
35614
23105
35613
23107
40249
23106
23108
35616
23109
35607
23111
40251
23110
22940
35533
23112
35618
23113
40253
23114
23116
35620
23117
35619
23119
40255
23118
23120
35622
23121
35621
23131
40257
23122
23124
35624
23125
35623
23127
40259
23126
23128
35626
23129
35617
23135
40261
23130
23132
35628
23133
35269
40263
23134
23136
35630
23137
35629
23139
35279
23312
40265
23138
23140
35632
23141
35631
23159
35289
40267
23142
23144
35634
23145
35633
23155
35299
23332
40269
23146
40279
23148
35636
23149
35627
23151
40271
23150
23152
35638
23153
23154
23156
35640
23157
40273
23158
23160
35642
23161
35641
23163
40277
23162
23164
35644
23165
35643
23179
40281
23166
40291
23168
35646
23169
35645
23171
23170
23172
35648
23173
35639
23175
23174
40298
40283
23176
35650
23177
23178
40300
40285
23180
35652
23181
35651
23183
23182
40302
40289
23184
35654
23185
35653
23199
40304
23187
23186
40306
40293
40308
40309
23188
35656
23189
35655
23191
23190
23192
35658
23193
35649
23195
23194
23196
35660
23197
35301
23228
23198
23200
35662
23201
35661
23203
35311
23248
23202
23204
35664
23205
35321
35663
40310
23207
23206
40312
23211
23208
35666
23209
35665
23220
35331
23210
23212
35668
23214
35659
23216
23215
31358
23240
23217
35670
23218
23219
31389
23396
23437
23221
35672
23222
35671
23224
23223
31420
23304
23225
35674
23226
35673
23236
23227
31451
23368
23229
35676
23230
35675
23232
23231
23233
35678
23234
23235
31505
23237
35680
23238
23239
31508
23241
35682
23242
35681
23244
23243
31511
23260
23245
35684
23246
35683
23264
23247
31514
23284
23249
35686
23250
35685
23252
23251
23253
35688
23254
35679
23256
23255
31536
23257
35690
23258
23259
31539
23261
35692
23262
35691
23263
31542
23782
23265
35694
23266
35693
23272
23267
31545
23269
35696
23270
35695
23280
23271
23273
35698
23274
35689
23276
23275
31567
23277
35700
23278
35541
35405
23279
31570
23281
35702
23282
35551
23288
35415
35701
23283
31573
23714
23285
35704
23286
35703
23300
35561
35425
23392
23287
31576
23289
35706
23290
35435
23292
35705
23388
35571
23291
23293
35708
23294
35699
23296
23295
23297
35710
23298
23299
23301
35712
23302
23303
23305
35714
23306
35713
23308
23307
23309
35716
23310
35715
23324
23311
23313
35718
23314
35717
23316
23315
23317
35720
23318
35711
23320
23319
23321
35722
23322
23323
23325
35724
23326
35723
23328
23327
23329
35726
23330
35725
23344
23331
23333
35728
23334
35727
23336
23335
23337
35730
23338
35721
23340
23339
23341
35732
23342
35437
23343
23345
35734
23346
35733
23348
35447
23352
23347
23349
35736
23350
35735
23364
35457
23351
23353
35738
23354
35737
23356
23376
35467
23355
23357
35740
23358
35731
23360
23359
23361
35742
23362
23363
23365
35744
23366
23367
23369
35746
23370
35745
23372
23371
23373
35748
23374
35747
23384
23375
23377
35750
23378
35749
23380
23379
23381
35743
35752
23382
40299
40301
23383
23385
35754
23386
23387
23389
35755
35756
23390
40303
23391
23393
35757
35758
23394
40307
23395
40314
23477
40315
23397
35760
23398
35759
23400
23399
23401
35762
23402
35753
23404
23403
23405
35764
23406
35469
23457
23407
23213
35669
23408
23409
35766
23410
35765
23412
35479
23411
23413
35768
23414
35767
23416
23553
35489
23415
23417
35770
23418
35769
23420
35499
23419
23421
35772
23423
35763
23425
23424
31502
23594
23426
35774
23427
23428
31533
23429
23430
35776
23431
35775
23433
23432
31564
23489
23434
35778
23435
35777
23449
23436
31595
23438
35780
23439
35779
23441
23440
23442
35782
23443
23444
31609
23445
23446
35784
23447
23448
31612
23450
35786
23451
35785
23452
31615
23422
35773
23453
23454
35788
23455
35787
23461
23456
31618
23458
35790
23459
35789
23460
23462
35792
23463
35783
23465
23464
31632
23466
35794
23467
23468
31635
23469
23649
23470
35796
23471
35795
23473
23472
31638
23474
35798
23475
35797
23485
23476
31641
23513
23478
35800
23479
35799
23481
23480
23482
35802
23483
35793
23484
31655
23486
35804
23487
35677
23497
35573
23488
31658
23490
35806
23491
35805
23501
23521
35687
35583
23492
31661
23493
23494
35808
23495
35807
23505
35593
35697
23496
31664
23498
35810
23499
35809
23748
35707
35603
23500
23502
35812
23503
35803
23509
23867
23879
23504
23506
35814
23507
23508
23510
35816
23511
23512
23514
35818
23515
35817
23517
23516
23518
35820
23519
35819
23533
23520
23522
35822
23523
35821
23525
23524
23526
35824
23527
35815
23529
23528
23530
35826
23531
23532
23534
35828
23535
35827
23537
23536
23538
35830
23539
35829
23541
23561
23540
23542
35832
23543
35831
23545
23544
23546
35834
23547
35825
23549
23548
23550
35836
23551
35605
23552
23554
35838
23555
35837
23557
35615
23556
23558
35840
23559
35839
35625
23560
23562
35842
23563
35841
23565
35635
23765
23564
23566
35844
23568
35835
23570
23569
31606
23571
35846
23572
23573
31629
23590
23567
35845
23574
23575
35848
23576
35847
23578
23577
31652
23579
35850
23580
35849
23582
23602
23581
31675
23583
35852
23584
35851
23586
23585
31678
23587
35854
23588
23589
31681
23591
35856
23592
23593
31684
23595
35858
23596
35857
23606
23597
31687
23598
23599
35860
23600
35859
23601
31690
23618
23603
35862
23604
35861
23614
23605
31693
23607
35864
23608
35855
23610
23609
31696
23799
23611
35866
23612
23613
31699
23615
35868
23616
35867
23634
23617
31702
23619
35870
23620
35869
23622
23621
31705
23623
35872
23624
35871
23626
23625
31708
23627
35874
23628
35865
23629
31711
23630
23631
35876
23632
35709
23661
23667
35781
23633
31714
23635
35878
23636
35877
23638
35791
35719
23637
31717
23639
35880
23640
35729
23642
35801
35879
23680
23697
23641
31720
23655
23653
23643
35882
23644
35811
35881
35739
23645
31723
23646
23647
35884
23651
35875
23659
23648
35885
37717
37729
37741
23650
23656
23652
23662
23654
35887
23657
23658
23660
35890
23663
35888
23665
23664
23666
35891
35893
23669
23671
37747
23668
23670
23672
35896
23674
35894
23676
23673
35897
38349
38377
38373
23675
23677
35898
23678
23679
23681
35900
23682
35899
23684
23683
23685
35901
35902
23686
23688
38379
23687
23689
35904
23691
35903
23693
23690
35905
38943
38955
38967
23692
23694
35906
23695
23696
23698
35908
23699
35907
23701
23700
23702
35909
35910
23703
23705
38973
23704
23706
35912
23708
35911
23710
23707
35913
39423
39435
39447
23709
23711
35914
23712
23713
23715
35916
23716
35915
23718
23717
23719
35917
35918
23720
23722
39461
23721
23723
35920
23725
35919
23727
23724
35921
39867
40316
23731
39879
39891
23726
23728
35922
23729
23730
23732
35924
23733
35923
23735
23734
23736
35925
35926
23737
23739
39901
23738
23740
35928
23742
35927
23744
23741
35929
40121
40135
40147
23743
23745
35930
23746
23747
23749
35932
23750
35931
23752
23751
23753
35933
35934
23754
23756
40207
23755
23757
35936
23759
35935
23761
23758
35937
40217
40229
40239
23760
23762
35938
23763
23764
23766
35940
23767
35939
23769
23768
23770
35941
35942
23771
23773
40297
23772
23774
35944
23776
35943
23778
23775
35945
40275
40287
40295
23777
23779
35946
23780
23781
23783
35948
23784
35947
23786
23785
23787
35949
35950
23788
23790
40317
23789
23791
35952
23793
35951
23795
23792
35953
40305
40313
40311
23794
23796
35954
23797
23798
23800
35956
23801
35955
23803
23802
23804
35958
23805
35957
23807
23806
23808
35960
23810
35959
23812
23811
23813
35962
23814
23809
35961
23816
23815
23817
35964
23818
35963
23820
23819
23821
35966
23822
35965
23824
23823
23825
35968
23827
35967
23829
23828
23830
35970
23831
23826
35969
23833
23832
23834
35972
23835
35971
23837
23836
23838
35974
23839
35973
23841
23840
23842
35976
23844
35975
23846
23845
35886
23861
23847
35978
23848
23843
35977
23850
23849
35889
23873
23851
35980
23852
35979
23854
23853
35892
23855
35982
23856
35981
23858
23862
23857
35895
23868
23859
35984
23863
35983
23871
23860
35985
23865
23864
23874
23866
35987
23869
31677
23883
23870
23872
35990
23875
35988
23877
31692
23880
23876
23878
35993
23881
35991
23888
31707
23882
23884
35996
23886
35994
23892
31722
23887
23889
35998
23890
32403
24011
23891
23893
36000
23894
35999
23896
32413
23900
23895
23897
36002
23898
36001
23909
32423
23917
23899
23901
36004
23903
36003
23905
32433
23904
23906
36006
23907
33107
23908
23910
36008
23911
36007
23913
33117
23912
23914
36010
23915
36009
23926
33127
23916
23918
36012
23920
36011
23922
33137
23921
23923
36014
23924
33801
23925
23927
36016
23928
36015
23930
33811
23929
23931
36018
23932
36017
23943
33821
23885
35997
23934
23933
23935
36020
23937
36019
23939
33831
23938
23940
36022
23941
34459
23942
23944
36024
23945
36023
23947
34469
23946
23948
36026
23949
34479
23951
36025
23960
23950
23952
36028
23954
36027
23956
34489
23955
23957
36030
23958
35101
23959
23961
36032
23962
36031
23964
35111
23902
36005
23919
36013
23963
23965
36034
23966
36033
23977
35121
23936
36021
23985
23953
36029
23968
23967
23969
36036
23971
36035
23973
35131
23972
23974
36038
23975
35333
23976
23978
36040
23979
36039
23981
35343
23980
23982
36042
23983
36041
23994
35353
23984
23986
36044
23988
36043
23990
35363
23989
23991
36046
23992
35501
23993
23995
36048
23996
36047
23998
35511
23997
23999
36050
24000
35521
36049
23970
36037
23987
36045
24002
24001
24003
36052
24005
36051
24007
35531
24006
24008
36054
24009
35637
24010
24012
36056
24013
36055
24015
35647
24014
24016
36058
24017
36057
24028
35657
24004
36053
24019
24018
24020
36060
24022
36059
24024
35667
24023
24025
36062
24026
35741
24027
24029
36064
24030
36063
24032
35751
24031
24033
36066
24034
36065
24045
35761
24021
36061
24036
24035
24037
36068
24039
36067
24041
35771
24040
24042
36070
24043
35813
24044
24046
36072
24047
36071
24049
35823
24048
24050
36074
24051
35833
36073
24038
36069
24053
24052
24054
36076
24056
36075
24058
35843
24057
35986
24059
36078
24060
35853
24055
36077
24062
24061
35989
24063
36080
24064
36079
24066
35863
24065
35992
24067
36082
24068
35873
24070
36081
24069
35995
24071
35883
36083
36084
24072
36085
